ISO-10303-21;
HEADER;
/* Generated by software containing ST-Developer
 * from STEP Tools, Inc. (www.steptools.com) 
 */
/* OPTION: using custom renumber hook */

FILE_DESCRIPTION(
/* description */ ('STEP AP242 Edition 2',
'CAx-IF Rec.Pracs.---Representation and Presentation of Product Manufa
cturing Information (PMI)---4.0---2014-10-13',
'CAx-IF Rec.Pracs.---3D Tessellated Geometry---0.4---2014-09-14','2;1',
'CAx-IF Rec.Pracs.---User Defined Attributes---1.5---2016-08-15'),
/* implementation_level */ '2;1');

FILE_NAME(
/* name */ 'Part Studio 1',
/* time_stamp */ '2026-09-08T15:48:12Z',
/* author */ (''),
/* organization */ (''),
/* preprocessor_version */ 'ST-DEVELOPER v20',
/* originating_system */ 'ONSHAPE BY PTC INC, 1.220',
/* authorisation */ '  ');

FILE_SCHEMA (('AP242_MANAGED_MODEL_BASED_3D_ENGINEERING_MIM_LF { 1 0 10303 442 3 1 4 }'));
ENDSEC;

DATA;
#10=SHAPE_REPRESENTATION_RELATIONSHIP('','',#3494,#11);
#11=ADVANCED_BREP_SHAPE_REPRESENTATION('',(#3492),#5663);
#12=(
BOUNDED_SURFACE()
B_SPLINE_SURFACE(3,2,((#5516,#5517,#5518),(#5519,#5520,#5521),(#5522,#5523,
#5524),(#5525,#5526,#5527)),.UNSPECIFIED.,.F.,.F.,.F.)
B_SPLINE_SURFACE_WITH_KNOTS((4,4),(3,3),(5.52943107967607E-18,0.0025648752285589),
(0.,1.),.PIECEWISE_BEZIER_KNOTS.)
GEOMETRIC_REPRESENTATION_ITEM()
RATIONAL_B_SPLINE_SURFACE(((1.,0.99144486137381,1.),(1.,0.991444861127475,
1.),(1.,0.987318525753329,1.),(1.,0.983690638348348,1.)))
REPRESENTATION_ITEM('')
SURFACE()
);
#13=(
BOUNDED_SURFACE()
B_SPLINE_SURFACE(3,2,((#5531,#5532,#5533),(#5534,#5535,#5536),(#5537,#5538,
#5539),(#5540,#5541,#5542),(#5543,#5544,#5545)),.UNSPECIFIED.,.F.,.F.,.F.)
B_SPLINE_SURFACE_WITH_KNOTS((4,1,4),(3,3),(-1.04083408558608E-17,0.00104903533900571,
0.00209807067801142),(0.,1.),.UNSPECIFIED.)
GEOMETRIC_REPRESENTATION_ITEM()
RATIONAL_B_SPLINE_SURFACE(((1.,0.99144486137381,1.),(1.,0.991444861072207,
1.),(1.,0.988383081419889,1.),(1.,0.98386090133873,1.),(1.,0.981758357722963,
1.)))
REPRESENTATION_ITEM('')
SURFACE()
);
#14=CONICAL_SURFACE('',#3668,0.002,0.785398163397448);
#15=CONICAL_SURFACE('',#3670,0.004,0.785398163397447);
#16=TOROIDAL_SURFACE('',#3653,0.0035,0.001);
#17=TOROIDAL_SURFACE('',#3654,0.0035,0.001);
#18=PLANE('',#3501);
#19=PLANE('',#3508);
#20=PLANE('',#3515);
#21=PLANE('',#3524);
#22=PLANE('',#3530);
#23=PLANE('',#3537);
#24=PLANE('',#3538);
#25=PLANE('',#3545);
#26=PLANE('',#3546);
#27=PLANE('',#3547);
#28=PLANE('',#3548);
#29=PLANE('',#3550);
#30=PLANE('',#3551);
#31=PLANE('',#3552);
#32=PLANE('',#3553);
#33=PLANE('',#3554);
#34=PLANE('',#3555);
#35=PLANE('',#3556);
#36=PLANE('',#3560);
#37=PLANE('',#3561);
#38=PLANE('',#3562);
#39=PLANE('',#3563);
#40=PLANE('',#3564);
#41=PLANE('',#3566);
#42=PLANE('',#3572);
#43=PLANE('',#3574);
#44=PLANE('',#3582);
#45=PLANE('',#3583);
#46=PLANE('',#3584);
#47=PLANE('',#3585);
#48=PLANE('',#3586);
#49=PLANE('',#3587);
#50=PLANE('',#3588);
#51=PLANE('',#3589);
#52=PLANE('',#3590);
#53=PLANE('',#3591);
#54=PLANE('',#3592);
#55=PLANE('',#3593);
#56=PLANE('',#3594);
#57=PLANE('',#3595);
#58=PLANE('',#3596);
#59=PLANE('',#3597);
#60=PLANE('',#3598);
#61=PLANE('',#3599);
#62=PLANE('',#3600);
#63=PLANE('',#3601);
#64=PLANE('',#3602);
#65=PLANE('',#3603);
#66=PLANE('',#3604);
#67=PLANE('',#3605);
#68=PLANE('',#3606);
#69=PLANE('',#3607);
#70=PLANE('',#3608);
#71=PLANE('',#3609);
#72=PLANE('',#3610);
#73=PLANE('',#3611);
#74=PLANE('',#3612);
#75=PLANE('',#3613);
#76=PLANE('',#3614);
#77=PLANE('',#3615);
#78=PLANE('',#3616);
#79=PLANE('',#3617);
#80=PLANE('',#3618);
#81=PLANE('',#3619);
#82=PLANE('',#3620);
#83=PLANE('',#3621);
#84=PLANE('',#3623);
#85=PLANE('',#3626);
#86=PLANE('',#3627);
#87=PLANE('',#3628);
#88=PLANE('',#3629);
#89=PLANE('',#3630);
#90=PLANE('',#3631);
#91=PLANE('',#3632);
#92=PLANE('',#3633);
#93=PLANE('',#3634);
#94=PLANE('',#3635);
#95=PLANE('',#3636);
#96=PLANE('',#3641);
#97=PLANE('',#3642);
#98=PLANE('',#3643);
#99=PLANE('',#3644);
#100=PLANE('',#3645);
#101=PLANE('',#3646);
#102=PLANE('',#3647);
#103=PLANE('',#3648);
#104=PLANE('',#3649);
#105=PLANE('',#3650);
#106=PLANE('',#3651);
#107=PLANE('',#3652);
#108=PLANE('',#3655);
#109=PLANE('',#3656);
#110=PLANE('',#3657);
#111=PLANE('',#3660);
#112=PLANE('',#3669);
#113=PLANE('',#3674);
#114=PLANE('',#3675);
#115=PLANE('',#3677);
#116=PLANE('',#3679);
#117=PLANE('',#3680);
#118=PLANE('',#3682);
#119=PLANE('',#3683);
#120=PLANE('',#3684);
#121=PLANE('',#3686);
#122=PLANE('',#3687);
#123=PLANE('',#3688);
#124=PLANE('',#3690);
#125=PLANE('',#3691);
#126=PLANE('',#3692);
#127=PLANE('',#3694);
#128=PLANE('',#3696);
#129=PLANE('',#3697);
#130=PLANE('',#3699);
#131=PLANE('',#3700);
#132=PLANE('',#3701);
#133=PLANE('',#3703);
#134=PLANE('',#3704);
#135=PLANE('',#3705);
#136=PLANE('',#3707);
#137=PLANE('',#3708);
#138=PLANE('',#3709);
#139=PLANE('',#3710);
#140=PLANE('',#3711);
#141=PLANE('',#3712);
#142=PLANE('',#3713);
#143=PLANE('',#3714);
#144=PLANE('',#3715);
#145=PLANE('',#3716);
#146=PLANE('',#3717);
#147=PLANE('',#3718);
#148=PLANE('',#3720);
#149=PLANE('',#3723);
#150=PLANE('',#3725);
#151=PLANE('',#3726);
#152=PLANE('',#3727);
#153=PLANE('',#3728);
#154=PLANE('',#3729);
#155=PLANE('',#3730);
#156=PLANE('',#3731);
#157=PLANE('',#3732);
#158=PLANE('',#3733);
#159=B_SPLINE_CURVE_WITH_KNOTS('',3,(#4646,#4647,#4648,#4649),
 .UNSPECIFIED.,.F.,.F.,(4,4),(2.60208521396521E-18,0.00113492402570421),
 .UNSPECIFIED.);
#160=B_SPLINE_CURVE_WITH_KNOTS('',3,(#4673,#4674,#4675,#4676),
 .UNSPECIFIED.,.F.,.F.,(4,4),(0.,0.0011441174440157),.UNSPECIFIED.);
#161=B_SPLINE_CURVE_WITH_KNOTS('',3,(#5385,#5386,#5387,#5388,#5389),
 .UNSPECIFIED.,.F.,.F.,(4,1,4),(0.,0.0010394798210652,0.0020789596421304),
 .UNSPECIFIED.);
#162=B_SPLINE_CURVE_WITH_KNOTS('',3,(#5393,#5394,#5395,#5396,#5397),
 .UNSPECIFIED.,.F.,.F.,(4,1,4),(0.,0.00127456493458617,0.00254912986917233),
 .UNSPECIFIED.);
#163=B_SPLINE_CURVE_WITH_KNOTS('',3,(#5501,#5502,#5503,#5504,#5505),
 .UNSPECIFIED.,.F.,.F.,(4,1,4),(0.,0.000603498704662499,0.001206997409325),
 .UNSPECIFIED.);
#164=B_SPLINE_CURVE_WITH_KNOTS('',3,(#5511,#5512,#5513,#5514,#5515),
 .UNSPECIFIED.,.F.,.F.,(4,1,4),(0.,0.00076019327802693,0.00152038655605386),
 .UNSPECIFIED.);
#165=ELLIPSE('',#3499,0.01,0.005);
#166=ELLIPSE('',#3507,0.006,0.003);
#167=ELLIPSE('',#3558,0.006,0.003);
#168=ELLIPSE('',#3559,0.01,0.005);
#169=ELLIPSE('',#3565,0.004,0.002);
#170=CIRCLE('',#3497,0.005);
#171=CIRCLE('',#3498,0.005);
#172=CIRCLE('',#3500,0.005);
#173=CIRCLE('',#3502,0.002);
#174=CIRCLE('',#3503,0.005);
#175=CIRCLE('',#3505,0.003);
#176=CIRCLE('',#3506,0.003);
#177=CIRCLE('',#3509,0.0029999999999999);
#178=CIRCLE('',#3510,0.0015);
#179=CIRCLE('',#3511,0.0045);
#180=CIRCLE('',#3512,0.0045);
#181=CIRCLE('',#3513,0.003);
#182=CIRCLE('',#3514,0.0015);
#183=CIRCLE('',#3516,0.0029999999999999);
#184=CIRCLE('',#3517,0.0015);
#185=CIRCLE('',#3518,0.0045);
#186=CIRCLE('',#3519,0.0045);
#187=CIRCLE('',#3520,0.003);
#188=CIRCLE('',#3521,0.003);
#189=CIRCLE('',#3522,0.003);
#190=CIRCLE('',#3523,0.0015);
#191=CIRCLE('',#3525,0.001);
#192=CIRCLE('',#3526,0.0025);
#193=CIRCLE('',#3527,0.0025);
#194=CIRCLE('',#3528,0.0025);
#195=CIRCLE('',#3529,0.0025);
#196=CIRCLE('',#3531,0.0025);
#197=CIRCLE('',#3532,0.0025);
#198=CIRCLE('',#3533,0.0035);
#199=CIRCLE('',#3534,0.001);
#200=CIRCLE('',#3535,0.0025);
#201=CIRCLE('',#3536,0.0025);
#202=CIRCLE('',#3539,0.001);
#203=CIRCLE('',#3540,0.0035);
#204=CIRCLE('',#3541,0.0025);
#205=CIRCLE('',#3542,0.0025);
#206=CIRCLE('',#3543,0.0025);
#207=CIRCLE('',#3544,0.0025);
#208=CIRCLE('',#3549,0.002);
#209=CIRCLE('',#3557,0.0025);
#210=CIRCLE('',#3567,0.0025);
#211=CIRCLE('',#3568,0.0025);
#212=CIRCLE('',#3569,0.0025);
#213=CIRCLE('',#3570,0.001);
#214=CIRCLE('',#3571,0.0025);
#215=CIRCLE('',#3573,0.003);
#216=CIRCLE('',#3575,0.003);
#217=CIRCLE('',#3576,0.003);
#218=CIRCLE('',#3578,0.003);
#219=CIRCLE('',#3580,0.003);
#220=CIRCLE('',#3581,0.003);
#221=CIRCLE('',#3622,0.0025);
#222=CIRCLE('',#3638,0.0025);
#223=CIRCLE('',#3640,0.0025);
#224=CIRCLE('',#3658,0.005);
#225=CIRCLE('',#3661,0.005);
#226=CIRCLE('',#3662,0.002);
#227=CIRCLE('',#3665,0.002);
#228=CIRCLE('',#3667,0.003);
#229=CIRCLE('',#3671,0.003);
#230=CIRCLE('',#3673,0.003);
#231=ORIENTED_EDGE('',*,*,#1213,.F.);
#232=ORIENTED_EDGE('',*,*,#1214,.T.);
#233=ORIENTED_EDGE('',*,*,#1215,.T.);
#234=ORIENTED_EDGE('',*,*,#1216,.F.);
#235=ORIENTED_EDGE('',*,*,#1217,.F.);
#236=ORIENTED_EDGE('',*,*,#1218,.F.);
#237=ORIENTED_EDGE('',*,*,#1219,.T.);
#238=ORIENTED_EDGE('',*,*,#1220,.T.);
#239=ORIENTED_EDGE('',*,*,#1221,.F.);
#240=ORIENTED_EDGE('',*,*,#1222,.T.);
#241=ORIENTED_EDGE('',*,*,#1223,.T.);
#242=ORIENTED_EDGE('',*,*,#1224,.F.);
#243=ORIENTED_EDGE('',*,*,#1225,.T.);
#244=ORIENTED_EDGE('',*,*,#1226,.F.);
#245=ORIENTED_EDGE('',*,*,#1227,.T.);
#246=ORIENTED_EDGE('',*,*,#1228,.F.);
#247=ORIENTED_EDGE('',*,*,#1229,.T.);
#248=ORIENTED_EDGE('',*,*,#1230,.T.);
#249=ORIENTED_EDGE('',*,*,#1231,.F.);
#250=ORIENTED_EDGE('',*,*,#1232,.F.);
#251=ORIENTED_EDGE('',*,*,#1233,.T.);
#252=ORIENTED_EDGE('',*,*,#1234,.T.);
#253=ORIENTED_EDGE('',*,*,#1235,.T.);
#254=ORIENTED_EDGE('',*,*,#1236,.F.);
#255=ORIENTED_EDGE('',*,*,#1237,.T.);
#256=ORIENTED_EDGE('',*,*,#1238,.T.);
#257=ORIENTED_EDGE('',*,*,#1239,.T.);
#258=ORIENTED_EDGE('',*,*,#1240,.T.);
#259=ORIENTED_EDGE('',*,*,#1241,.F.);
#260=ORIENTED_EDGE('',*,*,#1242,.F.);
#261=ORIENTED_EDGE('',*,*,#1243,.T.);
#262=ORIENTED_EDGE('',*,*,#1244,.F.);
#263=ORIENTED_EDGE('',*,*,#1245,.F.);
#264=ORIENTED_EDGE('',*,*,#1246,.F.);
#265=ORIENTED_EDGE('',*,*,#1247,.T.);
#266=ORIENTED_EDGE('',*,*,#1248,.T.);
#267=ORIENTED_EDGE('',*,*,#1249,.T.);
#268=ORIENTED_EDGE('',*,*,#1250,.T.);
#269=ORIENTED_EDGE('',*,*,#1251,.T.);
#270=ORIENTED_EDGE('',*,*,#1252,.T.);
#271=ORIENTED_EDGE('',*,*,#1253,.T.);
#272=ORIENTED_EDGE('',*,*,#1254,.T.);
#273=ORIENTED_EDGE('',*,*,#1255,.T.);
#274=ORIENTED_EDGE('',*,*,#1256,.F.);
#275=ORIENTED_EDGE('',*,*,#1257,.T.);
#276=ORIENTED_EDGE('',*,*,#1258,.T.);
#277=ORIENTED_EDGE('',*,*,#1224,.T.);
#278=ORIENTED_EDGE('',*,*,#1259,.F.);
#279=ORIENTED_EDGE('',*,*,#1260,.T.);
#280=ORIENTED_EDGE('',*,*,#1261,.F.);
#281=ORIENTED_EDGE('',*,*,#1262,.F.);
#282=ORIENTED_EDGE('',*,*,#1263,.T.);
#283=ORIENTED_EDGE('',*,*,#1264,.T.);
#284=ORIENTED_EDGE('',*,*,#1265,.F.);
#285=ORIENTED_EDGE('',*,*,#1266,.T.);
#286=ORIENTED_EDGE('',*,*,#1267,.F.);
#287=ORIENTED_EDGE('',*,*,#1268,.T.);
#288=ORIENTED_EDGE('',*,*,#1269,.T.);
#289=ORIENTED_EDGE('',*,*,#1270,.T.);
#290=ORIENTED_EDGE('',*,*,#1271,.T.);
#291=ORIENTED_EDGE('',*,*,#1272,.T.);
#292=ORIENTED_EDGE('',*,*,#1273,.T.);
#293=ORIENTED_EDGE('',*,*,#1274,.F.);
#294=ORIENTED_EDGE('',*,*,#1275,.T.);
#295=ORIENTED_EDGE('',*,*,#1276,.F.);
#296=ORIENTED_EDGE('',*,*,#1277,.T.);
#297=ORIENTED_EDGE('',*,*,#1278,.T.);
#298=ORIENTED_EDGE('',*,*,#1279,.T.);
#299=ORIENTED_EDGE('',*,*,#1280,.T.);
#300=ORIENTED_EDGE('',*,*,#1281,.T.);
#301=ORIENTED_EDGE('',*,*,#1282,.F.);
#302=ORIENTED_EDGE('',*,*,#1283,.F.);
#303=ORIENTED_EDGE('',*,*,#1284,.F.);
#304=ORIENTED_EDGE('',*,*,#1285,.F.);
#305=ORIENTED_EDGE('',*,*,#1286,.F.);
#306=ORIENTED_EDGE('',*,*,#1287,.F.);
#307=ORIENTED_EDGE('',*,*,#1288,.F.);
#308=ORIENTED_EDGE('',*,*,#1289,.T.);
#309=ORIENTED_EDGE('',*,*,#1290,.T.);
#310=ORIENTED_EDGE('',*,*,#1291,.T.);
#311=ORIENTED_EDGE('',*,*,#1292,.T.);
#312=ORIENTED_EDGE('',*,*,#1293,.T.);
#313=ORIENTED_EDGE('',*,*,#1294,.T.);
#314=ORIENTED_EDGE('',*,*,#1295,.T.);
#315=ORIENTED_EDGE('',*,*,#1296,.F.);
#316=ORIENTED_EDGE('',*,*,#1297,.F.);
#317=ORIENTED_EDGE('',*,*,#1298,.F.);
#318=ORIENTED_EDGE('',*,*,#1299,.F.);
#319=ORIENTED_EDGE('',*,*,#1300,.T.);
#320=ORIENTED_EDGE('',*,*,#1301,.F.);
#321=ORIENTED_EDGE('',*,*,#1302,.F.);
#322=ORIENTED_EDGE('',*,*,#1303,.T.);
#323=ORIENTED_EDGE('',*,*,#1304,.F.);
#324=ORIENTED_EDGE('',*,*,#1305,.F.);
#325=ORIENTED_EDGE('',*,*,#1306,.F.);
#326=ORIENTED_EDGE('',*,*,#1307,.T.);
#327=ORIENTED_EDGE('',*,*,#1308,.F.);
#328=ORIENTED_EDGE('',*,*,#1309,.F.);
#329=ORIENTED_EDGE('',*,*,#1310,.F.);
#330=ORIENTED_EDGE('',*,*,#1311,.T.);
#331=ORIENTED_EDGE('',*,*,#1312,.F.);
#332=ORIENTED_EDGE('',*,*,#1313,.T.);
#333=ORIENTED_EDGE('',*,*,#1314,.T.);
#334=ORIENTED_EDGE('',*,*,#1315,.T.);
#335=ORIENTED_EDGE('',*,*,#1316,.T.);
#336=ORIENTED_EDGE('',*,*,#1317,.F.);
#337=ORIENTED_EDGE('',*,*,#1318,.F.);
#338=ORIENTED_EDGE('',*,*,#1319,.T.);
#339=ORIENTED_EDGE('',*,*,#1320,.F.);
#340=ORIENTED_EDGE('',*,*,#1321,.T.);
#341=ORIENTED_EDGE('',*,*,#1322,.F.);
#342=ORIENTED_EDGE('',*,*,#1323,.T.);
#343=ORIENTED_EDGE('',*,*,#1324,.F.);
#344=ORIENTED_EDGE('',*,*,#1325,.T.);
#345=ORIENTED_EDGE('',*,*,#1326,.F.);
#346=ORIENTED_EDGE('',*,*,#1327,.T.);
#347=ORIENTED_EDGE('',*,*,#1328,.F.);
#348=ORIENTED_EDGE('',*,*,#1329,.T.);
#349=ORIENTED_EDGE('',*,*,#1330,.F.);
#350=ORIENTED_EDGE('',*,*,#1331,.T.);
#351=ORIENTED_EDGE('',*,*,#1332,.F.);
#352=ORIENTED_EDGE('',*,*,#1333,.T.);
#353=ORIENTED_EDGE('',*,*,#1334,.F.);
#354=ORIENTED_EDGE('',*,*,#1335,.T.);
#355=ORIENTED_EDGE('',*,*,#1336,.F.);
#356=ORIENTED_EDGE('',*,*,#1337,.T.);
#357=ORIENTED_EDGE('',*,*,#1338,.F.);
#358=ORIENTED_EDGE('',*,*,#1339,.T.);
#359=ORIENTED_EDGE('',*,*,#1340,.F.);
#360=ORIENTED_EDGE('',*,*,#1341,.T.);
#361=ORIENTED_EDGE('',*,*,#1342,.T.);
#362=ORIENTED_EDGE('',*,*,#1343,.T.);
#363=ORIENTED_EDGE('',*,*,#1344,.F.);
#364=ORIENTED_EDGE('',*,*,#1345,.T.);
#365=ORIENTED_EDGE('',*,*,#1346,.T.);
#366=ORIENTED_EDGE('',*,*,#1347,.F.);
#367=ORIENTED_EDGE('',*,*,#1348,.T.);
#368=ORIENTED_EDGE('',*,*,#1349,.T.);
#369=ORIENTED_EDGE('',*,*,#1350,.F.);
#370=ORIENTED_EDGE('',*,*,#1351,.T.);
#371=ORIENTED_EDGE('',*,*,#1352,.T.);
#372=ORIENTED_EDGE('',*,*,#1353,.T.);
#373=ORIENTED_EDGE('',*,*,#1354,.F.);
#374=ORIENTED_EDGE('',*,*,#1355,.T.);
#375=ORIENTED_EDGE('',*,*,#1356,.F.);
#376=ORIENTED_EDGE('',*,*,#1357,.T.);
#377=ORIENTED_EDGE('',*,*,#1358,.F.);
#378=ORIENTED_EDGE('',*,*,#1359,.T.);
#379=ORIENTED_EDGE('',*,*,#1360,.F.);
#380=ORIENTED_EDGE('',*,*,#1361,.T.);
#381=ORIENTED_EDGE('',*,*,#1362,.T.);
#382=ORIENTED_EDGE('',*,*,#1363,.T.);
#383=ORIENTED_EDGE('',*,*,#1364,.T.);
#384=ORIENTED_EDGE('',*,*,#1365,.T.);
#385=ORIENTED_EDGE('',*,*,#1291,.F.);
#386=ORIENTED_EDGE('',*,*,#1366,.F.);
#387=ORIENTED_EDGE('',*,*,#1367,.T.);
#388=ORIENTED_EDGE('',*,*,#1368,.F.);
#389=ORIENTED_EDGE('',*,*,#1369,.F.);
#390=ORIENTED_EDGE('',*,*,#1370,.T.);
#391=ORIENTED_EDGE('',*,*,#1371,.T.);
#392=ORIENTED_EDGE('',*,*,#1372,.T.);
#393=ORIENTED_EDGE('',*,*,#1373,.F.);
#394=ORIENTED_EDGE('',*,*,#1374,.T.);
#395=ORIENTED_EDGE('',*,*,#1375,.T.);
#396=ORIENTED_EDGE('',*,*,#1376,.T.);
#397=ORIENTED_EDGE('',*,*,#1377,.T.);
#398=ORIENTED_EDGE('',*,*,#1378,.T.);
#399=ORIENTED_EDGE('',*,*,#1379,.F.);
#400=ORIENTED_EDGE('',*,*,#1380,.T.);
#401=ORIENTED_EDGE('',*,*,#1381,.F.);
#402=ORIENTED_EDGE('',*,*,#1382,.T.);
#403=ORIENTED_EDGE('',*,*,#1364,.F.);
#404=ORIENTED_EDGE('',*,*,#1383,.T.);
#405=ORIENTED_EDGE('',*,*,#1384,.T.);
#406=ORIENTED_EDGE('',*,*,#1385,.F.);
#407=ORIENTED_EDGE('',*,*,#1367,.F.);
#408=ORIENTED_EDGE('',*,*,#1386,.F.);
#409=ORIENTED_EDGE('',*,*,#1387,.T.);
#410=ORIENTED_EDGE('',*,*,#1388,.F.);
#411=ORIENTED_EDGE('',*,*,#1389,.F.);
#412=ORIENTED_EDGE('',*,*,#1390,.T.);
#413=ORIENTED_EDGE('',*,*,#1391,.F.);
#414=ORIENTED_EDGE('',*,*,#1392,.T.);
#415=ORIENTED_EDGE('',*,*,#1393,.T.);
#416=ORIENTED_EDGE('',*,*,#1318,.T.);
#417=ORIENTED_EDGE('',*,*,#1394,.F.);
#418=ORIENTED_EDGE('',*,*,#1395,.F.);
#419=ORIENTED_EDGE('',*,*,#1396,.F.);
#420=ORIENTED_EDGE('',*,*,#1397,.F.);
#421=ORIENTED_EDGE('',*,*,#1398,.T.);
#422=ORIENTED_EDGE('',*,*,#1399,.T.);
#423=ORIENTED_EDGE('',*,*,#1400,.F.);
#424=ORIENTED_EDGE('',*,*,#1213,.T.);
#425=ORIENTED_EDGE('',*,*,#1401,.T.);
#426=ORIENTED_EDGE('',*,*,#1228,.T.);
#427=ORIENTED_EDGE('',*,*,#1402,.F.);
#428=ORIENTED_EDGE('',*,*,#1403,.F.);
#429=ORIENTED_EDGE('',*,*,#1221,.T.);
#430=ORIENTED_EDGE('',*,*,#1404,.T.);
#431=ORIENTED_EDGE('',*,*,#1405,.F.);
#432=ORIENTED_EDGE('',*,*,#1406,.T.);
#433=ORIENTED_EDGE('',*,*,#1321,.F.);
#434=ORIENTED_EDGE('',*,*,#1407,.F.);
#435=ORIENTED_EDGE('',*,*,#1408,.F.);
#436=ORIENTED_EDGE('',*,*,#1409,.T.);
#437=ORIENTED_EDGE('',*,*,#1225,.F.);
#438=ORIENTED_EDGE('',*,*,#1258,.F.);
#439=ORIENTED_EDGE('',*,*,#1351,.F.);
#440=ORIENTED_EDGE('',*,*,#1410,.T.);
#441=ORIENTED_EDGE('',*,*,#1411,.F.);
#442=ORIENTED_EDGE('',*,*,#1412,.T.);
#443=ORIENTED_EDGE('',*,*,#1413,.T.);
#444=ORIENTED_EDGE('',*,*,#1414,.T.);
#445=ORIENTED_EDGE('',*,*,#1415,.T.);
#446=ORIENTED_EDGE('',*,*,#1416,.F.);
#447=ORIENTED_EDGE('',*,*,#1417,.F.);
#448=ORIENTED_EDGE('',*,*,#1418,.F.);
#449=ORIENTED_EDGE('',*,*,#1217,.T.);
#450=ORIENTED_EDGE('',*,*,#1419,.F.);
#451=ORIENTED_EDGE('',*,*,#1420,.F.);
#452=ORIENTED_EDGE('',*,*,#1421,.F.);
#453=ORIENTED_EDGE('',*,*,#1422,.T.);
#454=ORIENTED_EDGE('',*,*,#1423,.F.);
#455=ORIENTED_EDGE('',*,*,#1424,.T.);
#456=ORIENTED_EDGE('',*,*,#1425,.F.);
#457=ORIENTED_EDGE('',*,*,#1426,.T.);
#458=ORIENTED_EDGE('',*,*,#1427,.F.);
#459=ORIENTED_EDGE('',*,*,#1428,.T.);
#460=ORIENTED_EDGE('',*,*,#1429,.F.);
#461=ORIENTED_EDGE('',*,*,#1414,.F.);
#462=ORIENTED_EDGE('',*,*,#1430,.T.);
#463=ORIENTED_EDGE('',*,*,#1431,.F.);
#464=ORIENTED_EDGE('',*,*,#1427,.T.);
#465=ORIENTED_EDGE('',*,*,#1432,.T.);
#466=ORIENTED_EDGE('',*,*,#1433,.T.);
#467=ORIENTED_EDGE('',*,*,#1386,.T.);
#468=ORIENTED_EDGE('',*,*,#1240,.F.);
#469=ORIENTED_EDGE('',*,*,#1433,.F.);
#470=ORIENTED_EDGE('',*,*,#1434,.T.);
#471=ORIENTED_EDGE('',*,*,#1435,.F.);
#472=ORIENTED_EDGE('',*,*,#1436,.T.);
#473=ORIENTED_EDGE('',*,*,#1437,.F.);
#474=ORIENTED_EDGE('',*,*,#1387,.F.);
#475=ORIENTED_EDGE('',*,*,#1438,.T.);
#476=ORIENTED_EDGE('',*,*,#1439,.T.);
#477=ORIENTED_EDGE('',*,*,#1440,.F.);
#478=ORIENTED_EDGE('',*,*,#1320,.T.);
#479=ORIENTED_EDGE('',*,*,#1441,.T.);
#480=ORIENTED_EDGE('',*,*,#1442,.F.);
#481=ORIENTED_EDGE('',*,*,#1443,.F.);
#482=ORIENTED_EDGE('',*,*,#1444,.T.);
#483=ORIENTED_EDGE('',*,*,#1445,.T.);
#484=ORIENTED_EDGE('',*,*,#1446,.F.);
#485=ORIENTED_EDGE('',*,*,#1447,.T.);
#486=ORIENTED_EDGE('',*,*,#1349,.F.);
#487=ORIENTED_EDGE('',*,*,#1448,.F.);
#488=ORIENTED_EDGE('',*,*,#1449,.F.);
#489=ORIENTED_EDGE('',*,*,#1405,.T.);
#490=ORIENTED_EDGE('',*,*,#1450,.T.);
#491=ORIENTED_EDGE('',*,*,#1451,.F.);
#492=ORIENTED_EDGE('',*,*,#1452,.T.);
#493=ORIENTED_EDGE('',*,*,#1423,.T.);
#494=ORIENTED_EDGE('',*,*,#1453,.T.);
#495=ORIENTED_EDGE('',*,*,#1454,.T.);
#496=ORIENTED_EDGE('',*,*,#1455,.T.);
#497=ORIENTED_EDGE('',*,*,#1413,.F.);
#498=ORIENTED_EDGE('',*,*,#1456,.T.);
#499=ORIENTED_EDGE('',*,*,#1444,.F.);
#500=ORIENTED_EDGE('',*,*,#1457,.T.);
#501=ORIENTED_EDGE('',*,*,#1458,.F.);
#502=ORIENTED_EDGE('',*,*,#1459,.T.);
#503=ORIENTED_EDGE('',*,*,#1460,.T.);
#504=ORIENTED_EDGE('',*,*,#1461,.T.);
#505=ORIENTED_EDGE('',*,*,#1462,.T.);
#506=ORIENTED_EDGE('',*,*,#1463,.T.);
#507=ORIENTED_EDGE('',*,*,#1464,.T.);
#508=ORIENTED_EDGE('',*,*,#1465,.T.);
#509=ORIENTED_EDGE('',*,*,#1458,.T.);
#510=ORIENTED_EDGE('',*,*,#1466,.F.);
#511=ORIENTED_EDGE('',*,*,#1467,.F.);
#512=ORIENTED_EDGE('',*,*,#1464,.F.);
#513=ORIENTED_EDGE('',*,*,#1463,.F.);
#514=ORIENTED_EDGE('',*,*,#1468,.T.);
#515=ORIENTED_EDGE('',*,*,#1469,.T.);
#516=ORIENTED_EDGE('',*,*,#1416,.T.);
#517=ORIENTED_EDGE('',*,*,#1470,.T.);
#518=ORIENTED_EDGE('',*,*,#1471,.T.);
#519=ORIENTED_EDGE('',*,*,#1469,.F.);
#520=ORIENTED_EDGE('',*,*,#1472,.F.);
#521=ORIENTED_EDGE('',*,*,#1473,.T.);
#522=ORIENTED_EDGE('',*,*,#1428,.F.);
#523=ORIENTED_EDGE('',*,*,#1431,.T.);
#524=ORIENTED_EDGE('',*,*,#1474,.F.);
#525=ORIENTED_EDGE('',*,*,#1475,.F.);
#526=ORIENTED_EDGE('',*,*,#1476,.T.);
#527=ORIENTED_EDGE('',*,*,#1477,.T.);
#528=ORIENTED_EDGE('',*,*,#1478,.T.);
#529=ORIENTED_EDGE('',*,*,#1479,.F.);
#530=ORIENTED_EDGE('',*,*,#1480,.T.);
#531=ORIENTED_EDGE('',*,*,#1481,.F.);
#532=ORIENTED_EDGE('',*,*,#1482,.T.);
#533=ORIENTED_EDGE('',*,*,#1483,.T.);
#534=ORIENTED_EDGE('',*,*,#1484,.T.);
#535=ORIENTED_EDGE('',*,*,#1485,.T.);
#536=ORIENTED_EDGE('',*,*,#1486,.T.);
#537=ORIENTED_EDGE('',*,*,#1487,.F.);
#538=ORIENTED_EDGE('',*,*,#1488,.T.);
#539=ORIENTED_EDGE('',*,*,#1489,.T.);
#540=ORIENTED_EDGE('',*,*,#1490,.F.);
#541=ORIENTED_EDGE('',*,*,#1491,.T.);
#542=ORIENTED_EDGE('',*,*,#1492,.F.);
#543=ORIENTED_EDGE('',*,*,#1398,.F.);
#544=ORIENTED_EDGE('',*,*,#1493,.T.);
#545=ORIENTED_EDGE('',*,*,#1494,.T.);
#546=ORIENTED_EDGE('',*,*,#1392,.F.);
#547=ORIENTED_EDGE('',*,*,#1495,.T.);
#548=ORIENTED_EDGE('',*,*,#1496,.T.);
#549=ORIENTED_EDGE('',*,*,#1497,.F.);
#550=ORIENTED_EDGE('',*,*,#1498,.T.);
#551=ORIENTED_EDGE('',*,*,#1499,.T.);
#552=ORIENTED_EDGE('',*,*,#1500,.F.);
#553=ORIENTED_EDGE('',*,*,#1501,.T.);
#554=ORIENTED_EDGE('',*,*,#1502,.F.);
#555=ORIENTED_EDGE('',*,*,#1503,.T.);
#556=ORIENTED_EDGE('',*,*,#1497,.T.);
#557=ORIENTED_EDGE('',*,*,#1504,.T.);
#558=ORIENTED_EDGE('',*,*,#1505,.T.);
#559=ORIENTED_EDGE('',*,*,#1506,.T.);
#560=ORIENTED_EDGE('',*,*,#1500,.T.);
#561=ORIENTED_EDGE('',*,*,#1507,.T.);
#562=ORIENTED_EDGE('',*,*,#1300,.F.);
#563=ORIENTED_EDGE('',*,*,#1508,.F.);
#564=ORIENTED_EDGE('',*,*,#1502,.T.);
#565=ORIENTED_EDGE('',*,*,#1509,.T.);
#566=ORIENTED_EDGE('',*,*,#1510,.T.);
#567=ORIENTED_EDGE('',*,*,#1511,.F.);
#568=ORIENTED_EDGE('',*,*,#1512,.T.);
#569=ORIENTED_EDGE('',*,*,#1513,.T.);
#570=ORIENTED_EDGE('',*,*,#1292,.F.);
#571=ORIENTED_EDGE('',*,*,#1365,.F.);
#572=ORIENTED_EDGE('',*,*,#1514,.F.);
#573=ORIENTED_EDGE('',*,*,#1493,.F.);
#574=ORIENTED_EDGE('',*,*,#1515,.F.);
#575=ORIENTED_EDGE('',*,*,#1388,.T.);
#576=ORIENTED_EDGE('',*,*,#1437,.T.);
#577=ORIENTED_EDGE('',*,*,#1516,.T.);
#578=ORIENTED_EDGE('',*,*,#1425,.T.);
#579=ORIENTED_EDGE('',*,*,#1473,.F.);
#580=ORIENTED_EDGE('',*,*,#1517,.T.);
#581=ORIENTED_EDGE('',*,*,#1461,.F.);
#582=ORIENTED_EDGE('',*,*,#1518,.F.);
#583=ORIENTED_EDGE('',*,*,#1306,.T.);
#584=ORIENTED_EDGE('',*,*,#1519,.F.);
#585=ORIENTED_EDGE('',*,*,#1251,.F.);
#586=ORIENTED_EDGE('',*,*,#1284,.T.);
#587=ORIENTED_EDGE('',*,*,#1520,.T.);
#588=ORIENTED_EDGE('',*,*,#1249,.F.);
#589=ORIENTED_EDGE('',*,*,#1521,.F.);
#590=ORIENTED_EDGE('',*,*,#1522,.F.);
#591=ORIENTED_EDGE('',*,*,#1410,.F.);
#592=ORIENTED_EDGE('',*,*,#1350,.T.);
#593=ORIENTED_EDGE('',*,*,#1447,.F.);
#594=ORIENTED_EDGE('',*,*,#1523,.T.);
#595=ORIENTED_EDGE('',*,*,#1524,.T.);
#596=ORIENTED_EDGE('',*,*,#1525,.F.);
#597=ORIENTED_EDGE('',*,*,#1347,.T.);
#598=ORIENTED_EDGE('',*,*,#1503,.F.);
#599=ORIENTED_EDGE('',*,*,#1390,.F.);
#600=ORIENTED_EDGE('',*,*,#1526,.F.);
#601=ORIENTED_EDGE('',*,*,#1527,.T.);
#602=ORIENTED_EDGE('',*,*,#1528,.F.);
#603=ORIENTED_EDGE('',*,*,#1529,.F.);
#604=ORIENTED_EDGE('',*,*,#1512,.F.);
#605=ORIENTED_EDGE('',*,*,#1530,.F.);
#606=ORIENTED_EDGE('',*,*,#1531,.T.);
#607=ORIENTED_EDGE('',*,*,#1297,.T.);
#608=ORIENTED_EDGE('',*,*,#1532,.F.);
#609=ORIENTED_EDGE('',*,*,#1499,.F.);
#610=ORIENTED_EDGE('',*,*,#1533,.T.);
#611=ORIENTED_EDGE('',*,*,#1534,.F.);
#612=ORIENTED_EDGE('',*,*,#1535,.F.);
#613=ORIENTED_EDGE('',*,*,#1536,.T.);
#614=ORIENTED_EDGE('',*,*,#1537,.T.);
#615=ORIENTED_EDGE('',*,*,#1538,.F.);
#616=ORIENTED_EDGE('',*,*,#1528,.T.);
#617=ORIENTED_EDGE('',*,*,#1539,.T.);
#618=ORIENTED_EDGE('',*,*,#1295,.F.);
#619=ORIENTED_EDGE('',*,*,#1540,.F.);
#620=ORIENTED_EDGE('',*,*,#1541,.T.);
#621=ORIENTED_EDGE('',*,*,#1542,.T.);
#622=ORIENTED_EDGE('',*,*,#1293,.F.);
#623=ORIENTED_EDGE('',*,*,#1543,.F.);
#624=ORIENTED_EDGE('',*,*,#1544,.T.);
#625=ORIENTED_EDGE('',*,*,#1545,.T.);
#626=ORIENTED_EDGE('',*,*,#1546,.T.);
#627=ORIENTED_EDGE('',*,*,#1547,.F.);
#628=ORIENTED_EDGE('',*,*,#1548,.F.);
#629=ORIENTED_EDGE('',*,*,#1246,.T.);
#630=ORIENTED_EDGE('',*,*,#1549,.F.);
#631=ORIENTED_EDGE('',*,*,#1550,.T.);
#632=ORIENTED_EDGE('',*,*,#1551,.F.);
#633=ORIENTED_EDGE('',*,*,#1244,.T.);
#634=ORIENTED_EDGE('',*,*,#1552,.T.);
#635=ORIENTED_EDGE('',*,*,#1553,.T.);
#636=ORIENTED_EDGE('',*,*,#1554,.F.);
#637=ORIENTED_EDGE('',*,*,#1555,.T.);
#638=ORIENTED_EDGE('',*,*,#1556,.F.);
#639=ORIENTED_EDGE('',*,*,#1557,.F.);
#640=ORIENTED_EDGE('',*,*,#1254,.F.);
#641=ORIENTED_EDGE('',*,*,#1558,.T.);
#642=ORIENTED_EDGE('',*,*,#1538,.T.);
#643=ORIENTED_EDGE('',*,*,#1559,.T.);
#644=ORIENTED_EDGE('',*,*,#1543,.T.);
#645=ORIENTED_EDGE('',*,*,#1513,.F.);
#646=ORIENTED_EDGE('',*,*,#1529,.T.);
#647=ORIENTED_EDGE('',*,*,#1560,.F.);
#648=ORIENTED_EDGE('',*,*,#1533,.F.);
#649=ORIENTED_EDGE('',*,*,#1498,.F.);
#650=ORIENTED_EDGE('',*,*,#1508,.T.);
#651=ORIENTED_EDGE('',*,*,#1561,.F.);
#652=ORIENTED_EDGE('',*,*,#1547,.T.);
#653=ORIENTED_EDGE('',*,*,#1562,.T.);
#654=ORIENTED_EDGE('',*,*,#1553,.F.);
#655=ORIENTED_EDGE('',*,*,#1287,.T.);
#656=ORIENTED_EDGE('',*,*,#1552,.F.);
#657=ORIENTED_EDGE('',*,*,#1243,.F.);
#658=ORIENTED_EDGE('',*,*,#1563,.T.);
#659=ORIENTED_EDGE('',*,*,#1288,.T.);
#660=ORIENTED_EDGE('',*,*,#1255,.F.);
#661=ORIENTED_EDGE('',*,*,#1557,.T.);
#662=ORIENTED_EDGE('',*,*,#1304,.T.);
#663=ORIENTED_EDGE('',*,*,#1564,.F.);
#664=ORIENTED_EDGE('',*,*,#1303,.F.);
#665=ORIENTED_EDGE('',*,*,#1565,.F.);
#666=ORIENTED_EDGE('',*,*,#1256,.T.);
#667=ORIENTED_EDGE('',*,*,#1564,.T.);
#668=ORIENTED_EDGE('',*,*,#1302,.T.);
#669=ORIENTED_EDGE('',*,*,#1566,.F.);
#670=ORIENTED_EDGE('',*,*,#1257,.F.);
#671=ORIENTED_EDGE('',*,*,#1565,.T.);
#672=ORIENTED_EDGE('',*,*,#1567,.F.);
#673=ORIENTED_EDGE('',*,*,#1568,.T.);
#674=ORIENTED_EDGE('',*,*,#1342,.F.);
#675=ORIENTED_EDGE('',*,*,#1566,.T.);
#676=ORIENTED_EDGE('',*,*,#1301,.T.);
#677=ORIENTED_EDGE('',*,*,#1507,.F.);
#678=ORIENTED_EDGE('',*,*,#1346,.F.);
#679=ORIENTED_EDGE('',*,*,#1569,.T.);
#680=ORIENTED_EDGE('',*,*,#1527,.F.);
#681=ORIENTED_EDGE('',*,*,#1570,.T.);
#682=ORIENTED_EDGE('',*,*,#1571,.T.);
#683=ORIENTED_EDGE('',*,*,#1408,.T.);
#684=ORIENTED_EDGE('',*,*,#1572,.T.);
#685=ORIENTED_EDGE('',*,*,#1573,.F.);
#686=ORIENTED_EDGE('',*,*,#1495,.F.);
#687=ORIENTED_EDGE('',*,*,#1532,.T.);
#688=ORIENTED_EDGE('',*,*,#1296,.T.);
#689=ORIENTED_EDGE('',*,*,#1539,.F.);
#690=ORIENTED_EDGE('',*,*,#1290,.F.);
#691=ORIENTED_EDGE('',*,*,#1574,.F.);
#692=ORIENTED_EDGE('',*,*,#1241,.T.);
#693=ORIENTED_EDGE('',*,*,#1366,.T.);
#694=ORIENTED_EDGE('',*,*,#1289,.F.);
#695=ORIENTED_EDGE('',*,*,#1563,.F.);
#696=ORIENTED_EDGE('',*,*,#1242,.T.);
#697=ORIENTED_EDGE('',*,*,#1574,.T.);
#698=ORIENTED_EDGE('',*,*,#1286,.T.);
#699=ORIENTED_EDGE('',*,*,#1575,.T.);
#700=ORIENTED_EDGE('',*,*,#1247,.F.);
#701=ORIENTED_EDGE('',*,*,#1548,.T.);
#702=ORIENTED_EDGE('',*,*,#1551,.T.);
#703=ORIENTED_EDGE('',*,*,#1576,.F.);
#704=ORIENTED_EDGE('',*,*,#1544,.F.);
#705=ORIENTED_EDGE('',*,*,#1245,.T.);
#706=ORIENTED_EDGE('',*,*,#1556,.T.);
#707=ORIENTED_EDGE('',*,*,#1577,.T.);
#708=ORIENTED_EDGE('',*,*,#1578,.F.);
#709=ORIENTED_EDGE('',*,*,#1305,.T.);
#710=ORIENTED_EDGE('',*,*,#1579,.F.);
#711=ORIENTED_EDGE('',*,*,#1580,.T.);
#712=ORIENTED_EDGE('',*,*,#1581,.F.);
#713=ORIENTED_EDGE('',*,*,#1252,.F.);
#714=ORIENTED_EDGE('',*,*,#1519,.T.);
#715=ORIENTED_EDGE('',*,*,#1578,.T.);
#716=ORIENTED_EDGE('',*,*,#1581,.T.);
#717=ORIENTED_EDGE('',*,*,#1582,.T.);
#718=ORIENTED_EDGE('',*,*,#1558,.F.);
#719=ORIENTED_EDGE('',*,*,#1253,.F.);
#720=ORIENTED_EDGE('',*,*,#1294,.F.);
#721=ORIENTED_EDGE('',*,*,#1542,.F.);
#722=ORIENTED_EDGE('',*,*,#1583,.T.);
#723=ORIENTED_EDGE('',*,*,#1535,.T.);
#724=ORIENTED_EDGE('',*,*,#1584,.F.);
#725=ORIENTED_EDGE('',*,*,#1585,.T.);
#726=ORIENTED_EDGE('',*,*,#1586,.T.);
#727=ORIENTED_EDGE('',*,*,#1561,.T.);
#728=ORIENTED_EDGE('',*,*,#1299,.T.);
#729=ORIENTED_EDGE('',*,*,#1298,.T.);
#730=ORIENTED_EDGE('',*,*,#1531,.F.);
#731=ORIENTED_EDGE('',*,*,#1587,.F.);
#732=ORIENTED_EDGE('',*,*,#1584,.T.);
#733=ORIENTED_EDGE('',*,*,#1577,.F.);
#734=ORIENTED_EDGE('',*,*,#1555,.F.);
#735=ORIENTED_EDGE('',*,*,#1588,.T.);
#736=ORIENTED_EDGE('',*,*,#1579,.T.);
#737=ORIENTED_EDGE('',*,*,#1562,.F.);
#738=ORIENTED_EDGE('',*,*,#1546,.F.);
#739=ORIENTED_EDGE('',*,*,#1589,.T.);
#740=ORIENTED_EDGE('',*,*,#1549,.T.);
#741=ORIENTED_EDGE('',*,*,#1560,.T.);
#742=ORIENTED_EDGE('',*,*,#1586,.F.);
#743=ORIENTED_EDGE('',*,*,#1590,.F.);
#744=ORIENTED_EDGE('',*,*,#1534,.T.);
#745=ORIENTED_EDGE('',*,*,#1559,.F.);
#746=ORIENTED_EDGE('',*,*,#1537,.F.);
#747=ORIENTED_EDGE('',*,*,#1591,.T.);
#748=ORIENTED_EDGE('',*,*,#1540,.T.);
#749=ORIENTED_EDGE('',*,*,#1554,.T.);
#750=ORIENTED_EDGE('',*,*,#1582,.F.);
#751=ORIENTED_EDGE('',*,*,#1580,.F.);
#752=ORIENTED_EDGE('',*,*,#1588,.F.);
#753=ORIENTED_EDGE('',*,*,#1589,.F.);
#754=ORIENTED_EDGE('',*,*,#1545,.F.);
#755=ORIENTED_EDGE('',*,*,#1576,.T.);
#756=ORIENTED_EDGE('',*,*,#1550,.F.);
#757=ORIENTED_EDGE('',*,*,#1591,.F.);
#758=ORIENTED_EDGE('',*,*,#1536,.F.);
#759=ORIENTED_EDGE('',*,*,#1583,.F.);
#760=ORIENTED_EDGE('',*,*,#1541,.F.);
#761=ORIENTED_EDGE('',*,*,#1530,.T.);
#762=ORIENTED_EDGE('',*,*,#1590,.T.);
#763=ORIENTED_EDGE('',*,*,#1585,.F.);
#764=ORIENTED_EDGE('',*,*,#1587,.T.);
#765=ORIENTED_EDGE('',*,*,#1231,.T.);
#766=ORIENTED_EDGE('',*,*,#1592,.T.);
#767=ORIENTED_EDGE('',*,*,#1593,.T.);
#768=ORIENTED_EDGE('',*,*,#1594,.T.);
#769=ORIENTED_EDGE('',*,*,#1218,.T.);
#770=ORIENTED_EDGE('',*,*,#1418,.T.);
#771=ORIENTED_EDGE('',*,*,#1595,.T.);
#772=ORIENTED_EDGE('',*,*,#1596,.F.);
#773=ORIENTED_EDGE('',*,*,#1597,.T.);
#774=ORIENTED_EDGE('',*,*,#1598,.F.);
#775=ORIENTED_EDGE('',*,*,#1445,.F.);
#776=ORIENTED_EDGE('',*,*,#1456,.F.);
#777=ORIENTED_EDGE('',*,*,#1412,.F.);
#778=ORIENTED_EDGE('',*,*,#1285,.T.);
#779=ORIENTED_EDGE('',*,*,#1521,.T.);
#780=ORIENTED_EDGE('',*,*,#1248,.F.);
#781=ORIENTED_EDGE('',*,*,#1575,.F.);
#782=ORIENTED_EDGE('',*,*,#1283,.T.);
#783=ORIENTED_EDGE('',*,*,#1518,.T.);
#784=ORIENTED_EDGE('',*,*,#1250,.F.);
#785=ORIENTED_EDGE('',*,*,#1520,.F.);
#786=ORIENTED_EDGE('',*,*,#1448,.T.);
#787=ORIENTED_EDGE('',*,*,#1348,.F.);
#788=ORIENTED_EDGE('',*,*,#1599,.F.);
#789=ORIENTED_EDGE('',*,*,#1572,.F.);
#790=ORIENTED_EDGE('',*,*,#1407,.T.);
#791=ORIENTED_EDGE('',*,*,#1515,.T.);
#792=ORIENTED_EDGE('',*,*,#1409,.F.);
#793=ORIENTED_EDGE('',*,*,#1571,.F.);
#794=ORIENTED_EDGE('',*,*,#1600,.T.);
#795=ORIENTED_EDGE('',*,*,#1389,.T.);
#796=ORIENTED_EDGE('',*,*,#1505,.F.);
#797=ORIENTED_EDGE('',*,*,#1601,.T.);
#798=ORIENTED_EDGE('',*,*,#1602,.T.);
#799=ORIENTED_EDGE('',*,*,#1510,.F.);
#800=ORIENTED_EDGE('',*,*,#1603,.T.);
#801=ORIENTED_EDGE('',*,*,#1604,.F.);
#802=ORIENTED_EDGE('',*,*,#1496,.F.);
#803=ORIENTED_EDGE('',*,*,#1573,.T.);
#804=ORIENTED_EDGE('',*,*,#1599,.T.);
#805=ORIENTED_EDGE('',*,*,#1605,.F.);
#806=ORIENTED_EDGE('',*,*,#1601,.F.);
#807=ORIENTED_EDGE('',*,*,#1504,.F.);
#808=ORIENTED_EDGE('',*,*,#1506,.F.);
#809=ORIENTED_EDGE('',*,*,#1602,.F.);
#810=ORIENTED_EDGE('',*,*,#1605,.T.);
#811=ORIENTED_EDGE('',*,*,#1525,.T.);
#812=ORIENTED_EDGE('',*,*,#1606,.F.);
#813=ORIENTED_EDGE('',*,*,#1603,.F.);
#814=ORIENTED_EDGE('',*,*,#1509,.F.);
#815=ORIENTED_EDGE('',*,*,#1501,.F.);
#816=ORIENTED_EDGE('',*,*,#1570,.F.);
#817=ORIENTED_EDGE('',*,*,#1526,.T.);
#818=ORIENTED_EDGE('',*,*,#1511,.T.);
#819=ORIENTED_EDGE('',*,*,#1604,.T.);
#820=ORIENTED_EDGE('',*,*,#1606,.T.);
#821=ORIENTED_EDGE('',*,*,#1600,.F.);
#822=ORIENTED_EDGE('',*,*,#1607,.F.);
#823=ORIENTED_EDGE('',*,*,#1226,.T.);
#824=ORIENTED_EDGE('',*,*,#1596,.T.);
#825=ORIENTED_EDGE('',*,*,#1608,.T.);
#826=ORIENTED_EDGE('',*,*,#1451,.T.);
#827=ORIENTED_EDGE('',*,*,#1609,.T.);
#828=ORIENTED_EDGE('',*,*,#1610,.F.);
#829=ORIENTED_EDGE('',*,*,#1611,.F.);
#830=ORIENTED_EDGE('',*,*,#1612,.F.);
#831=ORIENTED_EDGE('',*,*,#1613,.F.);
#832=ORIENTED_EDGE('',*,*,#1614,.T.);
#833=ORIENTED_EDGE('',*,*,#1455,.F.);
#834=ORIENTED_EDGE('',*,*,#1615,.T.);
#835=ORIENTED_EDGE('',*,*,#1471,.F.);
#836=ORIENTED_EDGE('',*,*,#1616,.T.);
#837=ORIENTED_EDGE('',*,*,#1424,.F.);
#838=ORIENTED_EDGE('',*,*,#1452,.F.);
#839=ORIENTED_EDGE('',*,*,#1608,.F.);
#840=ORIENTED_EDGE('',*,*,#1595,.F.);
#841=ORIENTED_EDGE('',*,*,#1319,.F.);
#842=ORIENTED_EDGE('',*,*,#1393,.F.);
#843=ORIENTED_EDGE('',*,*,#1494,.F.);
#844=ORIENTED_EDGE('',*,*,#1514,.T.);
#845=ORIENTED_EDGE('',*,*,#1460,.F.);
#846=ORIENTED_EDGE('',*,*,#1617,.F.);
#847=ORIENTED_EDGE('',*,*,#1466,.T.);
#848=ORIENTED_EDGE('',*,*,#1615,.F.);
#849=ORIENTED_EDGE('',*,*,#1618,.T.);
#850=ORIENTED_EDGE('',*,*,#1619,.T.);
#851=ORIENTED_EDGE('',*,*,#1620,.T.);
#852=ORIENTED_EDGE('',*,*,#1441,.F.);
#853=ORIENTED_EDGE('',*,*,#1417,.T.);
#854=ORIENTED_EDGE('',*,*,#1474,.T.);
#855=ORIENTED_EDGE('',*,*,#1430,.F.);
#856=ORIENTED_EDGE('',*,*,#1621,.T.);
#857=ORIENTED_EDGE('',*,*,#1449,.T.);
#858=ORIENTED_EDGE('',*,*,#1622,.T.);
#859=ORIENTED_EDGE('',*,*,#1597,.F.);
#860=ORIENTED_EDGE('',*,*,#1472,.T.);
#861=ORIENTED_EDGE('',*,*,#1468,.F.);
#862=ORIENTED_EDGE('',*,*,#1462,.F.);
#863=ORIENTED_EDGE('',*,*,#1517,.F.);
#864=ORIENTED_EDGE('',*,*,#1465,.F.);
#865=ORIENTED_EDGE('',*,*,#1467,.T.);
#866=ORIENTED_EDGE('',*,*,#1617,.T.);
#867=ORIENTED_EDGE('',*,*,#1459,.F.);
#868=ORIENTED_EDGE('',*,*,#1620,.F.);
#869=ORIENTED_EDGE('',*,*,#1623,.T.);
#870=ORIENTED_EDGE('',*,*,#1438,.F.);
#871=ORIENTED_EDGE('',*,*,#1624,.F.);
#872=ORIENTED_EDGE('',*,*,#1625,.F.);
#873=ORIENTED_EDGE('',*,*,#1442,.T.);
#874=ORIENTED_EDGE('',*,*,#1443,.T.);
#875=ORIENTED_EDGE('',*,*,#1625,.T.);
#876=ORIENTED_EDGE('',*,*,#1626,.T.);
#877=ORIENTED_EDGE('',*,*,#1457,.F.);
#878=ORIENTED_EDGE('',*,*,#1618,.F.);
#879=ORIENTED_EDGE('',*,*,#1454,.F.);
#880=ORIENTED_EDGE('',*,*,#1626,.F.);
#881=ORIENTED_EDGE('',*,*,#1624,.T.);
#882=ORIENTED_EDGE('',*,*,#1440,.T.);
#883=ORIENTED_EDGE('',*,*,#1627,.T.);
#884=ORIENTED_EDGE('',*,*,#1627,.F.);
#885=ORIENTED_EDGE('',*,*,#1439,.F.);
#886=ORIENTED_EDGE('',*,*,#1623,.F.);
#887=ORIENTED_EDGE('',*,*,#1619,.F.);
#888=ORIENTED_EDGE('',*,*,#1522,.T.);
#889=ORIENTED_EDGE('',*,*,#1628,.T.);
#890=ORIENTED_EDGE('',*,*,#1411,.T.);
#891=ORIENTED_EDGE('',*,*,#1432,.F.);
#892=ORIENTED_EDGE('',*,*,#1629,.F.);
#893=ORIENTED_EDGE('',*,*,#1434,.F.);
#894=ORIENTED_EDGE('',*,*,#1628,.F.);
#895=ORIENTED_EDGE('',*,*,#1524,.F.);
#896=ORIENTED_EDGE('',*,*,#1630,.T.);
#897=ORIENTED_EDGE('',*,*,#1598,.T.);
#898=ORIENTED_EDGE('',*,*,#1630,.F.);
#899=ORIENTED_EDGE('',*,*,#1523,.F.);
#900=ORIENTED_EDGE('',*,*,#1446,.T.);
#901=ORIENTED_EDGE('',*,*,#1629,.T.);
#902=ORIENTED_EDGE('',*,*,#1426,.F.);
#903=ORIENTED_EDGE('',*,*,#1631,.F.);
#904=ORIENTED_EDGE('',*,*,#1435,.T.);
#905=ORIENTED_EDGE('',*,*,#1436,.F.);
#906=ORIENTED_EDGE('',*,*,#1631,.T.);
#907=ORIENTED_EDGE('',*,*,#1516,.F.);
#908=ORIENTED_EDGE('',*,*,#1352,.F.);
#909=ORIENTED_EDGE('',*,*,#1621,.F.);
#910=ORIENTED_EDGE('',*,*,#1370,.F.);
#911=ORIENTED_EDGE('',*,*,#1622,.F.);
#912=ORIENTED_EDGE('',*,*,#1419,.T.);
#913=ORIENTED_EDGE('',*,*,#1216,.T.);
#914=ORIENTED_EDGE('',*,*,#1632,.T.);
#915=ORIENTED_EDGE('',*,*,#1396,.T.);
#916=ORIENTED_EDGE('',*,*,#1633,.F.);
#917=ORIENTED_EDGE('',*,*,#1420,.T.);
#918=ORIENTED_EDGE('',*,*,#1633,.T.);
#919=ORIENTED_EDGE('',*,*,#1395,.T.);
#920=ORIENTED_EDGE('',*,*,#1634,.F.);
#921=ORIENTED_EDGE('',*,*,#1394,.T.);
#922=ORIENTED_EDGE('',*,*,#1406,.F.);
#923=ORIENTED_EDGE('',*,*,#1635,.T.);
#924=ORIENTED_EDGE('',*,*,#1421,.T.);
#925=ORIENTED_EDGE('',*,*,#1634,.T.);
#926=ORIENTED_EDGE('',*,*,#1635,.F.);
#927=ORIENTED_EDGE('',*,*,#1453,.F.);
#928=ORIENTED_EDGE('',*,*,#1422,.F.);
#929=ORIENTED_EDGE('',*,*,#1239,.F.);
#930=ORIENTED_EDGE('',*,*,#1636,.T.);
#931=ORIENTED_EDGE('',*,*,#1637,.T.);
#932=ORIENTED_EDGE('',*,*,#1429,.T.);
#933=ORIENTED_EDGE('',*,*,#1223,.F.);
#934=ORIENTED_EDGE('',*,*,#1638,.T.);
#935=ORIENTED_EDGE('',*,*,#1636,.F.);
#936=ORIENTED_EDGE('',*,*,#1238,.F.);
#937=ORIENTED_EDGE('',*,*,#1403,.T.);
#938=ORIENTED_EDGE('',*,*,#1639,.T.);
#939=ORIENTED_EDGE('',*,*,#1616,.F.);
#940=ORIENTED_EDGE('',*,*,#1470,.F.);
#941=ORIENTED_EDGE('',*,*,#1415,.F.);
#942=ORIENTED_EDGE('',*,*,#1637,.F.);
#943=ORIENTED_EDGE('',*,*,#1638,.F.);
#944=ORIENTED_EDGE('',*,*,#1222,.F.);
#945=ORIENTED_EDGE('',*,*,#1450,.F.);
#946=ORIENTED_EDGE('',*,*,#1640,.T.);
#947=ORIENTED_EDGE('',*,*,#1609,.F.);
#948=ORIENTED_EDGE('',*,*,#1641,.F.);
#949=ORIENTED_EDGE('',*,*,#1642,.T.);
#950=ORIENTED_EDGE('',*,*,#1229,.F.);
#951=ORIENTED_EDGE('',*,*,#1643,.F.);
#952=ORIENTED_EDGE('',*,*,#1644,.T.);
#953=ORIENTED_EDGE('',*,*,#1641,.T.);
#954=ORIENTED_EDGE('',*,*,#1401,.F.);
#955=ORIENTED_EDGE('',*,*,#1220,.F.);
#956=ORIENTED_EDGE('',*,*,#1645,.T.);
#957=ORIENTED_EDGE('',*,*,#1643,.T.);
#958=ORIENTED_EDGE('',*,*,#1219,.F.);
#959=ORIENTED_EDGE('',*,*,#1594,.F.);
#960=ORIENTED_EDGE('',*,*,#1646,.F.);
#961=ORIENTED_EDGE('',*,*,#1645,.F.);
#962=ORIENTED_EDGE('',*,*,#1646,.T.);
#963=ORIENTED_EDGE('',*,*,#1593,.F.);
#964=ORIENTED_EDGE('',*,*,#1647,.F.);
#965=ORIENTED_EDGE('',*,*,#1644,.F.);
#966=ORIENTED_EDGE('',*,*,#1230,.F.);
#967=ORIENTED_EDGE('',*,*,#1642,.F.);
#968=ORIENTED_EDGE('',*,*,#1647,.T.);
#969=ORIENTED_EDGE('',*,*,#1592,.F.);
#970=ORIENTED_EDGE('',*,*,#1648,.T.);
#971=ORIENTED_EDGE('',*,*,#1491,.F.);
#972=ORIENTED_EDGE('',*,*,#1649,.F.);
#973=ORIENTED_EDGE('',*,*,#1372,.F.);
#974=ORIENTED_EDGE('',*,*,#1373,.T.);
#975=ORIENTED_EDGE('',*,*,#1649,.T.);
#976=ORIENTED_EDGE('',*,*,#1490,.T.);
#977=ORIENTED_EDGE('',*,*,#1650,.F.);
#978=ORIENTED_EDGE('',*,*,#1650,.T.);
#979=ORIENTED_EDGE('',*,*,#1489,.F.);
#980=ORIENTED_EDGE('',*,*,#1651,.F.);
#981=ORIENTED_EDGE('',*,*,#1374,.F.);
#982=ORIENTED_EDGE('',*,*,#1651,.T.);
#983=ORIENTED_EDGE('',*,*,#1488,.F.);
#984=ORIENTED_EDGE('',*,*,#1648,.F.);
#985=ORIENTED_EDGE('',*,*,#1371,.F.);
#986=ORIENTED_EDGE('',*,*,#1369,.T.);
#987=ORIENTED_EDGE('',*,*,#1487,.T.);
#988=ORIENTED_EDGE('',*,*,#1652,.T.);
#989=ORIENTED_EDGE('',*,*,#1486,.F.);
#990=ORIENTED_EDGE('',*,*,#1653,.F.);
#991=ORIENTED_EDGE('',*,*,#1376,.F.);
#992=ORIENTED_EDGE('',*,*,#1653,.T.);
#993=ORIENTED_EDGE('',*,*,#1485,.F.);
#994=ORIENTED_EDGE('',*,*,#1654,.F.);
#995=ORIENTED_EDGE('',*,*,#1377,.F.);
#996=ORIENTED_EDGE('',*,*,#1654,.T.);
#997=ORIENTED_EDGE('',*,*,#1484,.F.);
#998=ORIENTED_EDGE('',*,*,#1655,.F.);
#999=ORIENTED_EDGE('',*,*,#1378,.F.);
#1000=ORIENTED_EDGE('',*,*,#1655,.T.);
#1001=ORIENTED_EDGE('',*,*,#1483,.F.);
#1002=ORIENTED_EDGE('',*,*,#1652,.F.);
#1003=ORIENTED_EDGE('',*,*,#1375,.F.);
#1004=ORIENTED_EDGE('',*,*,#1656,.T.);
#1005=ORIENTED_EDGE('',*,*,#1482,.F.);
#1006=ORIENTED_EDGE('',*,*,#1657,.F.);
#1007=ORIENTED_EDGE('',*,*,#1380,.F.);
#1008=ORIENTED_EDGE('',*,*,#1381,.T.);
#1009=ORIENTED_EDGE('',*,*,#1657,.T.);
#1010=ORIENTED_EDGE('',*,*,#1481,.T.);
#1011=ORIENTED_EDGE('',*,*,#1658,.F.);
#1012=ORIENTED_EDGE('',*,*,#1658,.T.);
#1013=ORIENTED_EDGE('',*,*,#1480,.F.);
#1014=ORIENTED_EDGE('',*,*,#1659,.F.);
#1015=ORIENTED_EDGE('',*,*,#1382,.F.);
#1016=ORIENTED_EDGE('',*,*,#1379,.T.);
#1017=ORIENTED_EDGE('',*,*,#1659,.T.);
#1018=ORIENTED_EDGE('',*,*,#1479,.T.);
#1019=ORIENTED_EDGE('',*,*,#1656,.F.);
#1020=ORIENTED_EDGE('',*,*,#1660,.T.);
#1021=ORIENTED_EDGE('',*,*,#1478,.F.);
#1022=ORIENTED_EDGE('',*,*,#1661,.F.);
#1023=ORIENTED_EDGE('',*,*,#1362,.F.);
#1024=ORIENTED_EDGE('',*,*,#1661,.T.);
#1025=ORIENTED_EDGE('',*,*,#1477,.F.);
#1026=ORIENTED_EDGE('',*,*,#1662,.F.);
#1027=ORIENTED_EDGE('',*,*,#1383,.F.);
#1028=ORIENTED_EDGE('',*,*,#1363,.F.);
#1029=ORIENTED_EDGE('',*,*,#1662,.T.);
#1030=ORIENTED_EDGE('',*,*,#1476,.F.);
#1031=ORIENTED_EDGE('',*,*,#1663,.F.);
#1032=ORIENTED_EDGE('',*,*,#1384,.F.);
#1033=ORIENTED_EDGE('',*,*,#1368,.T.);
#1034=ORIENTED_EDGE('',*,*,#1385,.T.);
#1035=ORIENTED_EDGE('',*,*,#1663,.T.);
#1036=ORIENTED_EDGE('',*,*,#1475,.T.);
#1037=ORIENTED_EDGE('',*,*,#1660,.F.);
#1038=ORIENTED_EDGE('',*,*,#1567,.T.);
#1039=ORIENTED_EDGE('',*,*,#1664,.T.);
#1040=ORIENTED_EDGE('',*,*,#1325,.F.);
#1041=ORIENTED_EDGE('',*,*,#1665,.F.);
#1042=ORIENTED_EDGE('',*,*,#1665,.T.);
#1043=ORIENTED_EDGE('',*,*,#1324,.T.);
#1044=ORIENTED_EDGE('',*,*,#1666,.F.);
#1045=ORIENTED_EDGE('',*,*,#1343,.F.);
#1046=ORIENTED_EDGE('',*,*,#1568,.F.);
#1047=ORIENTED_EDGE('',*,*,#1344,.T.);
#1048=ORIENTED_EDGE('',*,*,#1666,.T.);
#1049=ORIENTED_EDGE('',*,*,#1323,.F.);
#1050=ORIENTED_EDGE('',*,*,#1667,.F.);
#1051=ORIENTED_EDGE('',*,*,#1345,.F.);
#1052=ORIENTED_EDGE('',*,*,#1667,.T.);
#1053=ORIENTED_EDGE('',*,*,#1322,.T.);
#1054=ORIENTED_EDGE('',*,*,#1664,.F.);
#1055=ORIENTED_EDGE('',*,*,#1569,.F.);
#1056=ORIENTED_EDGE('',*,*,#1317,.T.);
#1057=ORIENTED_EDGE('',*,*,#1353,.F.);
#1058=ORIENTED_EDGE('',*,*,#1354,.T.);
#1059=ORIENTED_EDGE('',*,*,#1668,.T.);
#1060=ORIENTED_EDGE('',*,*,#1329,.F.);
#1061=ORIENTED_EDGE('',*,*,#1669,.F.);
#1062=ORIENTED_EDGE('',*,*,#1669,.T.);
#1063=ORIENTED_EDGE('',*,*,#1328,.T.);
#1064=ORIENTED_EDGE('',*,*,#1670,.F.);
#1065=ORIENTED_EDGE('',*,*,#1355,.F.);
#1066=ORIENTED_EDGE('',*,*,#1356,.T.);
#1067=ORIENTED_EDGE('',*,*,#1670,.T.);
#1068=ORIENTED_EDGE('',*,*,#1327,.F.);
#1069=ORIENTED_EDGE('',*,*,#1671,.F.);
#1070=ORIENTED_EDGE('',*,*,#1671,.T.);
#1071=ORIENTED_EDGE('',*,*,#1326,.T.);
#1072=ORIENTED_EDGE('',*,*,#1668,.F.);
#1073=ORIENTED_EDGE('',*,*,#1357,.F.);
#1074=ORIENTED_EDGE('',*,*,#1338,.T.);
#1075=ORIENTED_EDGE('',*,*,#1672,.T.);
#1076=ORIENTED_EDGE('',*,*,#1333,.F.);
#1077=ORIENTED_EDGE('',*,*,#1673,.F.);
#1078=ORIENTED_EDGE('',*,*,#1673,.T.);
#1079=ORIENTED_EDGE('',*,*,#1332,.T.);
#1080=ORIENTED_EDGE('',*,*,#1674,.F.);
#1081=ORIENTED_EDGE('',*,*,#1339,.F.);
#1082=ORIENTED_EDGE('',*,*,#1340,.T.);
#1083=ORIENTED_EDGE('',*,*,#1674,.T.);
#1084=ORIENTED_EDGE('',*,*,#1331,.F.);
#1085=ORIENTED_EDGE('',*,*,#1675,.F.);
#1086=ORIENTED_EDGE('',*,*,#1675,.T.);
#1087=ORIENTED_EDGE('',*,*,#1330,.T.);
#1088=ORIENTED_EDGE('',*,*,#1672,.F.);
#1089=ORIENTED_EDGE('',*,*,#1341,.F.);
#1090=ORIENTED_EDGE('',*,*,#1358,.T.);
#1091=ORIENTED_EDGE('',*,*,#1676,.T.);
#1092=ORIENTED_EDGE('',*,*,#1337,.F.);
#1093=ORIENTED_EDGE('',*,*,#1677,.F.);
#1094=ORIENTED_EDGE('',*,*,#1677,.T.);
#1095=ORIENTED_EDGE('',*,*,#1336,.T.);
#1096=ORIENTED_EDGE('',*,*,#1678,.F.);
#1097=ORIENTED_EDGE('',*,*,#1359,.F.);
#1098=ORIENTED_EDGE('',*,*,#1360,.T.);
#1099=ORIENTED_EDGE('',*,*,#1678,.T.);
#1100=ORIENTED_EDGE('',*,*,#1335,.F.);
#1101=ORIENTED_EDGE('',*,*,#1679,.F.);
#1102=ORIENTED_EDGE('',*,*,#1679,.T.);
#1103=ORIENTED_EDGE('',*,*,#1334,.T.);
#1104=ORIENTED_EDGE('',*,*,#1676,.F.);
#1105=ORIENTED_EDGE('',*,*,#1361,.F.);
#1106=ORIENTED_EDGE('',*,*,#1680,.T.);
#1107=ORIENTED_EDGE('',*,*,#1307,.F.);
#1108=ORIENTED_EDGE('',*,*,#1681,.F.);
#1109=ORIENTED_EDGE('',*,*,#1260,.F.);
#1110=ORIENTED_EDGE('',*,*,#1261,.T.);
#1111=ORIENTED_EDGE('',*,*,#1681,.T.);
#1112=ORIENTED_EDGE('',*,*,#1310,.T.);
#1113=ORIENTED_EDGE('',*,*,#1682,.F.);
#1114=ORIENTED_EDGE('',*,*,#1262,.T.);
#1115=ORIENTED_EDGE('',*,*,#1682,.T.);
#1116=ORIENTED_EDGE('',*,*,#1309,.T.);
#1117=ORIENTED_EDGE('',*,*,#1683,.F.);
#1118=ORIENTED_EDGE('',*,*,#1259,.T.);
#1119=ORIENTED_EDGE('',*,*,#1683,.T.);
#1120=ORIENTED_EDGE('',*,*,#1308,.T.);
#1121=ORIENTED_EDGE('',*,*,#1680,.F.);
#1122=ORIENTED_EDGE('',*,*,#1684,.T.);
#1123=ORIENTED_EDGE('',*,*,#1279,.F.);
#1124=ORIENTED_EDGE('',*,*,#1685,.F.);
#1125=ORIENTED_EDGE('',*,*,#1264,.F.);
#1126=ORIENTED_EDGE('',*,*,#1265,.T.);
#1127=ORIENTED_EDGE('',*,*,#1685,.T.);
#1128=ORIENTED_EDGE('',*,*,#1282,.T.);
#1129=ORIENTED_EDGE('',*,*,#1686,.F.);
#1130=ORIENTED_EDGE('',*,*,#1686,.T.);
#1131=ORIENTED_EDGE('',*,*,#1281,.F.);
#1132=ORIENTED_EDGE('',*,*,#1687,.F.);
#1133=ORIENTED_EDGE('',*,*,#1266,.F.);
#1134=ORIENTED_EDGE('',*,*,#1687,.T.);
#1135=ORIENTED_EDGE('',*,*,#1280,.F.);
#1136=ORIENTED_EDGE('',*,*,#1684,.F.);
#1137=ORIENTED_EDGE('',*,*,#1263,.F.);
#1138=ORIENTED_EDGE('',*,*,#1688,.T.);
#1139=ORIENTED_EDGE('',*,*,#1311,.F.);
#1140=ORIENTED_EDGE('',*,*,#1689,.F.);
#1141=ORIENTED_EDGE('',*,*,#1268,.F.);
#1142=ORIENTED_EDGE('',*,*,#1689,.T.);
#1143=ORIENTED_EDGE('',*,*,#1316,.F.);
#1144=ORIENTED_EDGE('',*,*,#1690,.F.);
#1145=ORIENTED_EDGE('',*,*,#1269,.F.);
#1146=ORIENTED_EDGE('',*,*,#1690,.T.);
#1147=ORIENTED_EDGE('',*,*,#1315,.F.);
#1148=ORIENTED_EDGE('',*,*,#1691,.F.);
#1149=ORIENTED_EDGE('',*,*,#1270,.F.);
#1150=ORIENTED_EDGE('',*,*,#1691,.T.);
#1151=ORIENTED_EDGE('',*,*,#1314,.F.);
#1152=ORIENTED_EDGE('',*,*,#1692,.F.);
#1153=ORIENTED_EDGE('',*,*,#1271,.F.);
#1154=ORIENTED_EDGE('',*,*,#1692,.T.);
#1155=ORIENTED_EDGE('',*,*,#1313,.F.);
#1156=ORIENTED_EDGE('',*,*,#1693,.F.);
#1157=ORIENTED_EDGE('',*,*,#1272,.F.);
#1158=ORIENTED_EDGE('',*,*,#1267,.T.);
#1159=ORIENTED_EDGE('',*,*,#1693,.T.);
#1160=ORIENTED_EDGE('',*,*,#1312,.T.);
#1161=ORIENTED_EDGE('',*,*,#1688,.F.);
#1162=ORIENTED_EDGE('',*,*,#1232,.T.);
#1163=ORIENTED_EDGE('',*,*,#1694,.T.);
#1164=ORIENTED_EDGE('',*,*,#1274,.T.);
#1165=ORIENTED_EDGE('',*,*,#1695,.F.);
#1166=ORIENTED_EDGE('',*,*,#1695,.T.);
#1167=ORIENTED_EDGE('',*,*,#1273,.F.);
#1168=ORIENTED_EDGE('',*,*,#1696,.F.);
#1169=ORIENTED_EDGE('',*,*,#1233,.F.);
#1170=ORIENTED_EDGE('',*,*,#1696,.T.);
#1171=ORIENTED_EDGE('',*,*,#1278,.F.);
#1172=ORIENTED_EDGE('',*,*,#1697,.F.);
#1173=ORIENTED_EDGE('',*,*,#1234,.F.);
#1174=ORIENTED_EDGE('',*,*,#1697,.T.);
#1175=ORIENTED_EDGE('',*,*,#1277,.F.);
#1176=ORIENTED_EDGE('',*,*,#1698,.F.);
#1177=ORIENTED_EDGE('',*,*,#1235,.F.);
#1178=ORIENTED_EDGE('',*,*,#1236,.T.);
#1179=ORIENTED_EDGE('',*,*,#1698,.T.);
#1180=ORIENTED_EDGE('',*,*,#1276,.T.);
#1181=ORIENTED_EDGE('',*,*,#1699,.F.);
#1182=ORIENTED_EDGE('',*,*,#1699,.T.);
#1183=ORIENTED_EDGE('',*,*,#1275,.F.);
#1184=ORIENTED_EDGE('',*,*,#1694,.F.);
#1185=ORIENTED_EDGE('',*,*,#1237,.F.);
#1186=ORIENTED_EDGE('',*,*,#1614,.F.);
#1187=ORIENTED_EDGE('',*,*,#1700,.T.);
#1188=ORIENTED_EDGE('',*,*,#1610,.T.);
#1189=ORIENTED_EDGE('',*,*,#1640,.F.);
#1190=ORIENTED_EDGE('',*,*,#1404,.F.);
#1191=ORIENTED_EDGE('',*,*,#1612,.T.);
#1192=ORIENTED_EDGE('',*,*,#1639,.F.);
#1193=ORIENTED_EDGE('',*,*,#1402,.T.);
#1194=ORIENTED_EDGE('',*,*,#1227,.F.);
#1195=ORIENTED_EDGE('',*,*,#1607,.T.);
#1196=ORIENTED_EDGE('',*,*,#1701,.F.);
#1197=ORIENTED_EDGE('',*,*,#1611,.T.);
#1198=ORIENTED_EDGE('',*,*,#1700,.F.);
#1199=ORIENTED_EDGE('',*,*,#1613,.T.);
#1200=ORIENTED_EDGE('',*,*,#1701,.T.);
#1201=ORIENTED_EDGE('',*,*,#1215,.F.);
#1202=ORIENTED_EDGE('',*,*,#1702,.T.);
#1203=ORIENTED_EDGE('',*,*,#1397,.T.);
#1204=ORIENTED_EDGE('',*,*,#1632,.F.);
#1205=ORIENTED_EDGE('',*,*,#1400,.T.);
#1206=ORIENTED_EDGE('',*,*,#1703,.T.);
#1207=ORIENTED_EDGE('',*,*,#1391,.T.);
#1208=ORIENTED_EDGE('',*,*,#1702,.F.);
#1209=ORIENTED_EDGE('',*,*,#1214,.F.);
#1210=ORIENTED_EDGE('',*,*,#1492,.T.);
#1211=ORIENTED_EDGE('',*,*,#1703,.F.);
#1212=ORIENTED_EDGE('',*,*,#1399,.F.);
#1213=EDGE_CURVE('',#1704,#1705,#2022,.T.);
#1214=EDGE_CURVE('',#1704,#1706,#170,.F.);
#1215=EDGE_CURVE('',#1706,#1707,#2023,.T.);
#1216=EDGE_CURVE('',#1708,#1707,#171,.T.);
#1217=EDGE_CURVE('',#1709,#1708,#2024,.F.);
#1218=EDGE_CURVE('',#1710,#1709,#165,.F.);
#1219=EDGE_CURVE('',#1710,#1711,#159,.T.);
#1220=EDGE_CURVE('',#1711,#1705,#172,.T.);
#1221=EDGE_CURVE('',#1712,#1713,#2025,.T.);
#1222=EDGE_CURVE('',#1712,#1714,#173,.T.);
#1223=EDGE_CURVE('',#1714,#1715,#174,.T.);
#1224=EDGE_CURVE('',#1716,#1715,#2026,.T.);
#1225=EDGE_CURVE('',#1716,#1713,#2027,.T.);
#1226=EDGE_CURVE('',#1717,#1718,#2028,.F.);
#1227=EDGE_CURVE('',#1717,#1719,#175,.F.);
#1228=EDGE_CURVE('',#1720,#1719,#2029,.T.);
#1229=EDGE_CURVE('',#1720,#1721,#176,.T.);
#1230=EDGE_CURVE('',#1721,#1722,#160,.T.);
#1231=EDGE_CURVE('',#1718,#1722,#166,.F.);
#1232=EDGE_CURVE('',#1723,#1724,#177,.T.);
#1233=EDGE_CURVE('',#1723,#1725,#2030,.T.);
#1234=EDGE_CURVE('',#1725,#1726,#178,.T.);
#1235=EDGE_CURVE('',#1726,#1727,#2031,.T.);
#1236=EDGE_CURVE('',#1728,#1727,#2032,.T.);
#1237=EDGE_CURVE('',#1728,#1724,#2033,.T.);
#1238=EDGE_CURVE('',#1715,#1729,#2034,.T.);
#1239=EDGE_CURVE('',#1729,#1730,#2035,.T.);
#1240=EDGE_CURVE('',#1730,#1731,#2036,.T.);
#1241=EDGE_CURVE('',#1732,#1731,#2037,.T.);
#1242=EDGE_CURVE('',#1733,#1732,#2038,.T.);
#1243=EDGE_CURVE('',#1733,#1734,#2039,.T.);
#1244=EDGE_CURVE('',#1735,#1734,#2040,.T.);
#1245=EDGE_CURVE('',#1736,#1735,#2041,.T.);
#1246=EDGE_CURVE('',#1737,#1736,#2042,.T.);
#1247=EDGE_CURVE('',#1737,#1738,#2043,.T.);
#1248=EDGE_CURVE('',#1738,#1739,#179,.T.);
#1249=EDGE_CURVE('',#1739,#1740,#2044,.T.);
#1250=EDGE_CURVE('',#1740,#1741,#180,.T.);
#1251=EDGE_CURVE('',#1741,#1742,#2045,.T.);
#1252=EDGE_CURVE('',#1742,#1743,#2046,.T.);
#1253=EDGE_CURVE('',#1743,#1744,#2047,.T.);
#1254=EDGE_CURVE('',#1744,#1745,#2048,.T.);
#1255=EDGE_CURVE('',#1745,#1746,#2049,.T.);
#1256=EDGE_CURVE('',#1747,#1746,#2050,.T.);
#1257=EDGE_CURVE('',#1747,#1748,#2051,.T.);
#1258=EDGE_CURVE('',#1748,#1716,#2052,.T.);
#1259=EDGE_CURVE('',#1749,#1750,#2053,.T.);
#1260=EDGE_CURVE('',#1749,#1751,#2054,.T.);
#1261=EDGE_CURVE('',#1752,#1751,#2055,.T.);
#1262=EDGE_CURVE('',#1750,#1752,#2056,.T.);
#1263=EDGE_CURVE('',#1753,#1754,#2057,.T.);
#1264=EDGE_CURVE('',#1754,#1755,#2058,.T.);
#1265=EDGE_CURVE('',#1756,#1755,#2059,.T.);
#1266=EDGE_CURVE('',#1756,#1753,#2060,.T.);
#1267=EDGE_CURVE('',#1757,#1758,#181,.T.);
#1268=EDGE_CURVE('',#1757,#1759,#2061,.T.);
#1269=EDGE_CURVE('',#1759,#1760,#2062,.T.);
#1270=EDGE_CURVE('',#1760,#1761,#2063,.T.);
#1271=EDGE_CURVE('',#1761,#1762,#182,.T.);
#1272=EDGE_CURVE('',#1762,#1758,#2064,.T.);
#1273=EDGE_CURVE('',#1763,#1764,#2065,.T.);
#1274=EDGE_CURVE('',#1765,#1764,#183,.T.);
#1275=EDGE_CURVE('',#1765,#1766,#2066,.T.);
#1276=EDGE_CURVE('',#1767,#1766,#2067,.T.);
#1277=EDGE_CURVE('',#1767,#1768,#2068,.T.);
#1278=EDGE_CURVE('',#1768,#1763,#184,.T.);
#1279=EDGE_CURVE('',#1769,#1770,#2069,.T.);
#1280=EDGE_CURVE('',#1770,#1771,#2070,.T.);
#1281=EDGE_CURVE('',#1771,#1772,#2071,.T.);
#1282=EDGE_CURVE('',#1769,#1772,#2072,.T.);
#1283=EDGE_CURVE('',#1773,#1774,#185,.T.);
#1284=EDGE_CURVE('',#1775,#1773,#2073,.T.);
#1285=EDGE_CURVE('',#1776,#1775,#186,.T.);
#1286=EDGE_CURVE('',#1777,#1776,#2074,.T.);
#1287=EDGE_CURVE('',#1778,#1777,#2075,.T.);
#1288=EDGE_CURVE('',#1779,#1778,#2076,.T.);
#1289=EDGE_CURVE('',#1779,#1780,#2077,.T.);
#1290=EDGE_CURVE('',#1780,#1781,#2078,.T.);
#1291=EDGE_CURVE('',#1781,#1782,#2079,.T.);
#1292=EDGE_CURVE('',#1782,#1783,#187,.T.);
#1293=EDGE_CURVE('',#1783,#1784,#2080,.T.);
#1294=EDGE_CURVE('',#1784,#1785,#2081,.T.);
#1295=EDGE_CURVE('',#1785,#1786,#2082,.T.);
#1296=EDGE_CURVE('',#1787,#1786,#2083,.T.);
#1297=EDGE_CURVE('',#1788,#1787,#2084,.T.);
#1298=EDGE_CURVE('',#1789,#1788,#2085,.T.);
#1299=EDGE_CURVE('',#1790,#1789,#2086,.T.);
#1300=EDGE_CURVE('',#1790,#1791,#188,.T.);
#1301=EDGE_CURVE('',#1792,#1791,#2087,.T.);
#1302=EDGE_CURVE('',#1793,#1792,#2088,.T.);
#1303=EDGE_CURVE('',#1793,#1794,#2089,.T.);
#1304=EDGE_CURVE('',#1795,#1794,#2090,.T.);
#1305=EDGE_CURVE('',#1796,#1795,#2091,.T.);
#1306=EDGE_CURVE('',#1774,#1796,#2092,.T.);
#1307=EDGE_CURVE('',#1797,#1798,#2093,.T.);
#1308=EDGE_CURVE('',#1799,#1798,#2094,.T.);
#1309=EDGE_CURVE('',#1800,#1799,#2095,.T.);
#1310=EDGE_CURVE('',#1797,#1800,#2096,.T.);
#1311=EDGE_CURVE('',#1801,#1802,#2097,.T.);
#1312=EDGE_CURVE('',#1803,#1802,#189,.T.);
#1313=EDGE_CURVE('',#1803,#1804,#2098,.T.);
#1314=EDGE_CURVE('',#1804,#1805,#190,.T.);
#1315=EDGE_CURVE('',#1805,#1806,#2099,.T.);
#1316=EDGE_CURVE('',#1806,#1801,#2100,.T.);
#1317=EDGE_CURVE('',#1807,#1807,#191,.T.);
#1318=EDGE_CURVE('',#1808,#1809,#2101,.F.);
#1319=EDGE_CURVE('',#1808,#1810,#2102,.F.);
#1320=EDGE_CURVE('',#1811,#1810,#2103,.F.);
#1321=EDGE_CURVE('',#1811,#1809,#2104,.F.);
#1322=EDGE_CURVE('',#1812,#1813,#2105,.T.);
#1323=EDGE_CURVE('',#1812,#1814,#192,.T.);
#1324=EDGE_CURVE('',#1815,#1814,#2106,.T.);
#1325=EDGE_CURVE('',#1815,#1813,#2107,.T.);
#1326=EDGE_CURVE('',#1816,#1817,#2108,.T.);
#1327=EDGE_CURVE('',#1816,#1818,#193,.T.);
#1328=EDGE_CURVE('',#1819,#1818,#2109,.T.);
#1329=EDGE_CURVE('',#1819,#1817,#2110,.T.);
#1330=EDGE_CURVE('',#1820,#1821,#2111,.T.);
#1331=EDGE_CURVE('',#1820,#1822,#194,.T.);
#1332=EDGE_CURVE('',#1823,#1822,#2112,.T.);
#1333=EDGE_CURVE('',#1823,#1821,#2113,.T.);
#1334=EDGE_CURVE('',#1824,#1825,#2114,.T.);
#1335=EDGE_CURVE('',#1824,#1826,#195,.T.);
#1336=EDGE_CURVE('',#1827,#1826,#2115,.T.);
#1337=EDGE_CURVE('',#1827,#1825,#2116,.T.);
#1338=EDGE_CURVE('',#1828,#1829,#2117,.F.);
#1339=EDGE_CURVE('',#1828,#1830,#2118,.F.);
#1340=EDGE_CURVE('',#1831,#1830,#196,.F.);
#1341=EDGE_CURVE('',#1831,#1829,#2119,.F.);
#1342=EDGE_CURVE('',#1748,#1832,#2120,.T.);
#1343=EDGE_CURVE('',#1832,#1833,#2121,.F.);
#1344=EDGE_CURVE('',#1834,#1833,#197,.F.);
#1345=EDGE_CURVE('',#1834,#1835,#2122,.F.);
#1346=EDGE_CURVE('',#1835,#1836,#2123,.T.);
#1347=EDGE_CURVE('',#1837,#1836,#2124,.F.);
#1348=EDGE_CURVE('',#1837,#1838,#2125,.F.);
#1349=EDGE_CURVE('',#1838,#1839,#2126,.F.);
#1350=EDGE_CURVE('',#1840,#1839,#2127,.F.);
#1351=EDGE_CURVE('',#1840,#1748,#2128,.F.);
#1352=EDGE_CURVE('',#1841,#1841,#198,.F.);
#1353=EDGE_CURVE('',#1842,#1842,#199,.F.);
#1354=EDGE_CURVE('',#1843,#1844,#2129,.F.);
#1355=EDGE_CURVE('',#1843,#1845,#2130,.F.);
#1356=EDGE_CURVE('',#1846,#1845,#200,.F.);
#1357=EDGE_CURVE('',#1846,#1844,#2131,.F.);
#1358=EDGE_CURVE('',#1847,#1848,#2132,.F.);
#1359=EDGE_CURVE('',#1847,#1849,#2133,.F.);
#1360=EDGE_CURVE('',#1850,#1849,#201,.F.);
#1361=EDGE_CURVE('',#1850,#1848,#2134,.F.);
#1362=EDGE_CURVE('',#1851,#1852,#2135,.T.);
#1363=EDGE_CURVE('',#1852,#1853,#2136,.T.);
#1364=EDGE_CURVE('',#1853,#1854,#2137,.T.);
#1365=EDGE_CURVE('',#1854,#1782,#2138,.T.);
#1366=EDGE_CURVE('',#1731,#1781,#2139,.T.);
#1367=EDGE_CURVE('',#1731,#1855,#2140,.T.);
#1368=EDGE_CURVE('',#1851,#1855,#2141,.T.);
#1369=EDGE_CURVE('',#1856,#1856,#202,.T.);
#1370=EDGE_CURVE('',#1857,#1857,#203,.F.);
#1371=EDGE_CURVE('',#1858,#1859,#2142,.T.);
#1372=EDGE_CURVE('',#1859,#1860,#2143,.T.);
#1373=EDGE_CURVE('',#1861,#1860,#2144,.T.);
#1374=EDGE_CURVE('',#1861,#1858,#204,.T.);
#1375=EDGE_CURVE('',#1862,#1863,#2145,.T.);
#1376=EDGE_CURVE('',#1863,#1864,#2146,.T.);
#1377=EDGE_CURVE('',#1864,#1865,#2147,.T.);
#1378=EDGE_CURVE('',#1865,#1862,#205,.T.);
#1379=EDGE_CURVE('',#1866,#1867,#2148,.T.);
#1380=EDGE_CURVE('',#1866,#1868,#2149,.T.);
#1381=EDGE_CURVE('',#1869,#1868,#2150,.T.);
#1382=EDGE_CURVE('',#1869,#1867,#206,.T.);
#1383=EDGE_CURVE('',#1853,#1870,#2151,.T.);
#1384=EDGE_CURVE('',#1870,#1871,#207,.T.);
#1385=EDGE_CURVE('',#1855,#1871,#2152,.T.);
#1386=EDGE_CURVE('',#1872,#1731,#2153,.T.);
#1387=EDGE_CURVE('',#1872,#1873,#2154,.T.);
#1388=EDGE_CURVE('',#1874,#1873,#2155,.T.);
#1389=EDGE_CURVE('',#1875,#1874,#2156,.T.);
#1390=EDGE_CURVE('',#1875,#1854,#2157,.T.);
#1391=EDGE_CURVE('',#1876,#1877,#2158,.T.);
#1392=EDGE_CURVE('',#1876,#1878,#2159,.T.);
#1393=EDGE_CURVE('',#1878,#1808,#2160,.T.);
#1394=EDGE_CURVE('',#1879,#1809,#2161,.T.);
#1395=EDGE_CURVE('',#1880,#1879,#2162,.T.);
#1396=EDGE_CURVE('',#1881,#1880,#2163,.T.);
#1397=EDGE_CURVE('',#1877,#1881,#2164,.T.);
#1398=EDGE_CURVE('',#1882,#1883,#2165,.T.);
#1399=EDGE_CURVE('',#1883,#1884,#2166,.T.);
#1400=EDGE_CURVE('',#1704,#1884,#2167,.T.);
#1401=EDGE_CURVE('',#1705,#1720,#2168,.T.);
#1402=EDGE_CURVE('',#1885,#1719,#2169,.T.);
#1403=EDGE_CURVE('',#1712,#1885,#2170,.T.);
#1404=EDGE_CURVE('',#1713,#1886,#2171,.T.);
#1405=EDGE_CURVE('',#1887,#1886,#2172,.F.);
#1406=EDGE_CURVE('',#1887,#1809,#2173,.T.);
#1407=EDGE_CURVE('',#1888,#1811,#2174,.T.);
#1408=EDGE_CURVE('',#1889,#1888,#2175,.T.);
#1409=EDGE_CURVE('',#1889,#1882,#2176,.T.);
#1410=EDGE_CURVE('',#1840,#1890,#2177,.T.);
#1411=EDGE_CURVE('',#1891,#1890,#2178,.T.);
#1412=EDGE_CURVE('',#1891,#1892,#2179,.T.);
#1413=EDGE_CURVE('',#1892,#1713,#2180,.T.);
#1414=EDGE_CURVE('',#1893,#1894,#2181,.T.);
#1415=EDGE_CURVE('',#1894,#1895,#208,.F.);
#1416=EDGE_CURVE('',#1896,#1895,#2182,.T.);
#1417=EDGE_CURVE('',#1893,#1896,#2183,.T.);
#1418=EDGE_CURVE('',#1709,#1897,#2184,.T.);
#1419=EDGE_CURVE('',#1898,#1708,#2185,.T.);
#1420=EDGE_CURVE('',#1899,#1898,#2186,.T.);
#1421=EDGE_CURVE('',#1900,#1899,#2187,.T.);
#1422=EDGE_CURVE('',#1900,#1901,#2188,.F.);
#1423=EDGE_CURVE('',#1902,#1901,#2189,.F.);
#1424=EDGE_CURVE('',#1902,#1897,#2190,.T.);
#1425=EDGE_CURVE('',#1903,#1904,#2191,.T.);
#1426=EDGE_CURVE('',#1903,#1905,#2192,.T.);
#1427=EDGE_CURVE('',#1906,#1905,#2193,.T.);
#1428=EDGE_CURVE('',#1906,#1904,#2194,.T.);
#1429=EDGE_CURVE('',#1894,#1730,#2195,.T.);
#1430=EDGE_CURVE('',#1893,#1907,#2196,.T.);
#1431=EDGE_CURVE('',#1906,#1907,#2197,.T.);
#1432=EDGE_CURVE('',#1905,#1908,#2198,.T.);
#1433=EDGE_CURVE('',#1908,#1872,#2199,.T.);
#1434=EDGE_CURVE('',#1908,#1909,#2200,.T.);
#1435=EDGE_CURVE('',#1910,#1909,#2201,.T.);
#1436=EDGE_CURVE('',#1910,#1911,#2202,.T.);
#1437=EDGE_CURVE('',#1873,#1911,#2203,.T.);
#1438=EDGE_CURVE('',#1912,#1913,#2204,.F.);
#1439=EDGE_CURVE('',#1913,#1914,#2205,.F.);
#1440=EDGE_CURVE('',#1912,#1914,#2206,.T.);
#1441=EDGE_CURVE('',#1810,#1915,#2207,.T.);
#1442=EDGE_CURVE('',#1916,#1915,#2208,.T.);
#1443=EDGE_CURVE('',#1917,#1916,#2209,.F.);
#1444=EDGE_CURVE('',#1917,#1918,#2210,.F.);
#1445=EDGE_CURVE('',#1918,#1919,#2211,.T.);
#1446=EDGE_CURVE('',#1920,#1919,#2212,.T.);
#1447=EDGE_CURVE('',#1920,#1839,#2213,.T.);
#1448=EDGE_CURVE('',#1811,#1838,#2214,.T.);
#1449=EDGE_CURVE('',#1921,#1921,#209,.F.);
#1450=EDGE_CURVE('',#1886,#1922,#167,.F.);
#1451=EDGE_CURVE('',#1923,#1922,#2215,.F.);
#1452=EDGE_CURVE('',#1923,#1902,#2216,.F.);
#1453=EDGE_CURVE('',#1901,#1887,#168,.F.);
#1454=EDGE_CURVE('',#1924,#1925,#2217,.F.);
#1455=EDGE_CURVE('',#1925,#1713,#2218,.F.);
#1456=EDGE_CURVE('',#1892,#1918,#2219,.F.);
#1457=EDGE_CURVE('',#1917,#1924,#2220,.F.);
#1458=EDGE_CURVE('',#1926,#1927,#2221,.F.);
#1459=EDGE_CURVE('',#1926,#1928,#2222,.T.);
#1460=EDGE_CURVE('',#1928,#1929,#2223,.T.);
#1461=EDGE_CURVE('',#1929,#1930,#2224,.T.);
#1462=EDGE_CURVE('',#1930,#1931,#2225,.T.);
#1463=EDGE_CURVE('',#1931,#1927,#2226,.T.);
#1464=EDGE_CURVE('',#1927,#1932,#2227,.F.);
#1465=EDGE_CURVE('',#1932,#1926,#2228,.F.);
#1466=EDGE_CURVE('',#1933,#1934,#2229,.T.);
#1467=EDGE_CURVE('',#1932,#1933,#2230,.T.);
#1468=EDGE_CURVE('',#1931,#1935,#2231,.T.);
#1469=EDGE_CURVE('',#1935,#1934,#2232,.T.);
#1470=EDGE_CURVE('',#1895,#1936,#169,.F.);
#1471=EDGE_CURVE('',#1936,#1934,#2233,.T.);
#1472=EDGE_CURVE('',#1937,#1935,#2234,.T.);
#1473=EDGE_CURVE('',#1937,#1904,#2235,.T.);
#1474=EDGE_CURVE('',#1896,#1907,#2236,.T.);
#1475=EDGE_CURVE('',#1938,#1939,#2237,.T.);
#1476=EDGE_CURVE('',#1938,#1940,#210,.T.);
#1477=EDGE_CURVE('',#1940,#1941,#2238,.T.);
#1478=EDGE_CURVE('',#1941,#1939,#2239,.T.);
#1479=EDGE_CURVE('',#1942,#1943,#2240,.T.);
#1480=EDGE_CURVE('',#1942,#1944,#211,.T.);
#1481=EDGE_CURVE('',#1945,#1944,#2241,.T.);
#1482=EDGE_CURVE('',#1945,#1943,#2242,.T.);
#1483=EDGE_CURVE('',#1946,#1947,#2243,.T.);
#1484=EDGE_CURVE('',#1947,#1948,#212,.T.);
#1485=EDGE_CURVE('',#1948,#1949,#2244,.T.);
#1486=EDGE_CURVE('',#1949,#1946,#2245,.T.);
#1487=EDGE_CURVE('',#1950,#1950,#213,.T.);
#1488=EDGE_CURVE('',#1951,#1952,#2246,.T.);
#1489=EDGE_CURVE('',#1952,#1953,#214,.T.);
#1490=EDGE_CURVE('',#1954,#1953,#2247,.T.);
#1491=EDGE_CURVE('',#1954,#1951,#2248,.T.);
#1492=EDGE_CURVE('',#1883,#1876,#2249,.T.);
#1493=EDGE_CURVE('',#1882,#1955,#2250,.T.);
#1494=EDGE_CURVE('',#1955,#1878,#2251,.F.);
#1495=EDGE_CURVE('',#1956,#1957,#2252,.T.);
#1496=EDGE_CURVE('',#1957,#1958,#2253,.T.);
#1497=EDGE_CURVE('',#1959,#1958,#215,.T.);
#1498=EDGE_CURVE('',#1959,#1960,#2254,.T.);
#1499=EDGE_CURVE('',#1960,#1956,#2255,.T.);
#1500=EDGE_CURVE('',#1961,#1836,#216,.T.);
#1501=EDGE_CURVE('',#1961,#1962,#2256,.T.);
#1502=EDGE_CURVE('',#1854,#1962,#217,.T.);
#1503=EDGE_CURVE('',#1854,#1836,#2257,.T.);
#1504=EDGE_CURVE('',#1958,#1963,#2258,.T.);
#1505=EDGE_CURVE('',#1963,#1964,#218,.T.);
#1506=EDGE_CURVE('',#1964,#1961,#2259,.F.);
#1507=EDGE_CURVE('',#1836,#1791,#2260,.T.);
#1508=EDGE_CURVE('',#1959,#1790,#2261,.T.);
#1509=EDGE_CURVE('',#1962,#1965,#2262,.T.);
#1510=EDGE_CURVE('',#1965,#1966,#219,.T.);
#1511=EDGE_CURVE('',#1967,#1966,#2263,.T.);
#1512=EDGE_CURVE('',#1967,#1968,#220,.T.);
#1513=EDGE_CURVE('',#1968,#1783,#2264,.T.);
#1514=EDGE_CURVE('',#1955,#1929,#2265,.T.);
#1515=EDGE_CURVE('',#1874,#1882,#2266,.T.);
#1516=EDGE_CURVE('',#1911,#1903,#2267,.T.);
#1517=EDGE_CURVE('',#1937,#1930,#2268,.T.);
#1518=EDGE_CURVE('',#1774,#1741,#2269,.T.);
#1519=EDGE_CURVE('',#1742,#1796,#2270,.T.);
#1520=EDGE_CURVE('',#1773,#1740,#2271,.T.);
#1521=EDGE_CURVE('',#1775,#1739,#2272,.T.);
#1522=EDGE_CURVE('',#1890,#1969,#2273,.T.);
#1523=EDGE_CURVE('',#1920,#1970,#2274,.T.);
#1524=EDGE_CURVE('',#1970,#1969,#2275,.T.);
#1525=EDGE_CURVE('',#1837,#1875,#2276,.T.);
#1526=EDGE_CURVE('',#1971,#1967,#2277,.T.);
#1527=EDGE_CURVE('',#1971,#1972,#2278,.T.);
#1528=EDGE_CURVE('',#1973,#1972,#2279,.T.);
#1529=EDGE_CURVE('',#1968,#1973,#2280,.T.);
#1530=EDGE_CURVE('',#1974,#1975,#2281,.T.);
#1531=EDGE_CURVE('',#1974,#1788,#2282,.T.);
#1532=EDGE_CURVE('',#1956,#1787,#2283,.T.);
#1533=EDGE_CURVE('',#1960,#1976,#2284,.T.);
#1534=EDGE_CURVE('',#1975,#1976,#2285,.T.);
#1535=EDGE_CURVE('',#1977,#1785,#2286,.T.);
#1536=EDGE_CURVE('',#1977,#1978,#2287,.T.);
#1537=EDGE_CURVE('',#1978,#1979,#2288,.T.);
#1538=EDGE_CURVE('',#1973,#1979,#2289,.T.);
#1539=EDGE_CURVE('',#1972,#1786,#2290,.T.);
#1540=EDGE_CURVE('',#1980,#1981,#2291,.T.);
#1541=EDGE_CURVE('',#1980,#1982,#2292,.T.);
#1542=EDGE_CURVE('',#1982,#1784,#2293,.T.);
#1543=EDGE_CURVE('',#1981,#1783,#2294,.T.);
#1544=EDGE_CURVE('',#1736,#1983,#2295,.T.);
#1545=EDGE_CURVE('',#1983,#1984,#2296,.T.);
#1546=EDGE_CURVE('',#1984,#1985,#2297,.T.);
#1547=EDGE_CURVE('',#1777,#1985,#2298,.T.);
#1548=EDGE_CURVE('',#1737,#1777,#2299,.T.);
#1549=EDGE_CURVE('',#1986,#1987,#2300,.T.);
#1550=EDGE_CURVE('',#1986,#1988,#2301,.T.);
#1551=EDGE_CURVE('',#1735,#1988,#2302,.T.);
#1552=EDGE_CURVE('',#1734,#1778,#2303,.T.);
#1553=EDGE_CURVE('',#1778,#1987,#2304,.T.);
#1554=EDGE_CURVE('',#1989,#1990,#2305,.T.);
#1555=EDGE_CURVE('',#1989,#1991,#2306,.T.);
#1556=EDGE_CURVE('',#1795,#1991,#2307,.T.);
#1557=EDGE_CURVE('',#1745,#1795,#2308,.T.);
#1558=EDGE_CURVE('',#1744,#1990,#2309,.T.);
#1559=EDGE_CURVE('',#1979,#1981,#2310,.T.);
#1560=EDGE_CURVE('',#1976,#1992,#2311,.T.);
#1561=EDGE_CURVE('',#1992,#1790,#2312,.T.);
#1562=EDGE_CURVE('',#1985,#1987,#2313,.T.);
#1563=EDGE_CURVE('',#1733,#1779,#2314,.T.);
#1564=EDGE_CURVE('',#1746,#1794,#2315,.T.);
#1565=EDGE_CURVE('',#1747,#1793,#2316,.T.);
#1566=EDGE_CURVE('',#1748,#1792,#2317,.T.);
#1567=EDGE_CURVE('',#1993,#1994,#2318,.T.);
#1568=EDGE_CURVE('',#1993,#1832,#2319,.T.);
#1569=EDGE_CURVE('',#1835,#1994,#2320,.T.);
#1570=EDGE_CURVE('',#1971,#1995,#2321,.T.);
#1571=EDGE_CURVE('',#1995,#1889,#2322,.T.);
#1572=EDGE_CURVE('',#1888,#1996,#2323,.T.);
#1573=EDGE_CURVE('',#1957,#1996,#2324,.T.);
#1574=EDGE_CURVE('',#1732,#1780,#2325,.T.);
#1575=EDGE_CURVE('',#1776,#1738,#2326,.T.);
#1576=EDGE_CURVE('',#1983,#1988,#2327,.T.);
#1577=EDGE_CURVE('',#1991,#1997,#2328,.T.);
#1578=EDGE_CURVE('',#1796,#1997,#2329,.T.);
#1579=EDGE_CURVE('',#1998,#1997,#2330,.T.);
#1580=EDGE_CURVE('',#1998,#1999,#2331,.T.);
#1581=EDGE_CURVE('',#1743,#1999,#2332,.T.);
#1582=EDGE_CURVE('',#1999,#1990,#2333,.T.);
#1583=EDGE_CURVE('',#1982,#1977,#2334,.T.);
#1584=EDGE_CURVE('',#2000,#1789,#2335,.T.);
#1585=EDGE_CURVE('',#2000,#2001,#2336,.T.);
#1586=EDGE_CURVE('',#2001,#1992,#2337,.T.);
#1587=EDGE_CURVE('',#2000,#1974,#2338,.T.);
#1588=EDGE_CURVE('',#1989,#1998,#2339,.T.);
#1589=EDGE_CURVE('',#1984,#1986,#2340,.T.);
#1590=EDGE_CURVE('',#1975,#2001,#2341,.T.);
#1591=EDGE_CURVE('',#1978,#1980,#2342,.T.);
#1592=EDGE_CURVE('',#1722,#2002,#161,.T.);
#1593=EDGE_CURVE('',#2002,#2003,#2343,.T.);
#1594=EDGE_CURVE('',#2003,#1710,#162,.T.);
#1595=EDGE_CURVE('',#1897,#2004,#2344,.F.);
#1596=EDGE_CURVE('',#1718,#2004,#2345,.T.);
#1597=EDGE_CURVE('',#2005,#2005,#221,.T.);
#1598=EDGE_CURVE('',#1919,#1891,#2346,.T.);
#1599=EDGE_CURVE('',#1996,#1837,#2347,.T.);
#1600=EDGE_CURVE('',#1995,#1875,#2348,.T.);
#1601=EDGE_CURVE('',#1963,#2006,#2349,.T.);
#1602=EDGE_CURVE('',#2006,#1964,#2350,.T.);
#1603=EDGE_CURVE('',#1965,#2007,#2351,.T.);
#1604=EDGE_CURVE('',#1966,#2007,#2352,.T.);
#1605=EDGE_CURVE('',#2006,#1837,#2353,.T.);
#1606=EDGE_CURVE('',#2007,#1875,#2354,.T.);
#1607=EDGE_CURVE('',#1717,#2008,#2355,.T.);
#1608=EDGE_CURVE('',#2004,#1923,#2356,.T.);
#1609=EDGE_CURVE('',#1922,#2009,#2357,.F.);
#1610=EDGE_CURVE('',#2010,#2009,#2358,.T.);
#1611=EDGE_CURVE('',#2008,#2010,#2359,.T.);
#1612=EDGE_CURVE('',#2011,#2012,#2360,.T.);
#1613=EDGE_CURVE('',#2013,#2011,#2361,.T.);
#1614=EDGE_CURVE('',#2013,#1713,#2362,.T.);
#1615=EDGE_CURVE('',#1925,#1934,#2363,.T.);
#1616=EDGE_CURVE('',#1936,#2012,#2364,.F.);
#1617=EDGE_CURVE('',#1933,#1928,#2365,.T.);
#1618=EDGE_CURVE('',#1925,#2014,#2366,.F.);
#1619=EDGE_CURVE('',#2014,#2015,#2367,.T.);
#1620=EDGE_CURVE('',#2015,#1915,#2368,.T.);
#1621=EDGE_CURVE('',#2016,#2016,#222,.T.);
#1622=EDGE_CURVE('',#2017,#2017,#223,.T.);
#1623=EDGE_CURVE('',#2015,#1913,#2369,.T.);
#1624=EDGE_CURVE('',#2018,#1912,#2370,.F.);
#1625=EDGE_CURVE('',#1916,#2018,#2371,.F.);
#1626=EDGE_CURVE('',#2018,#1924,#2372,.T.);
#1627=EDGE_CURVE('',#1914,#2014,#2373,.F.);
#1628=EDGE_CURVE('',#1969,#1891,#2374,.T.);
#1629=EDGE_CURVE('',#1909,#1905,#2375,.T.);
#1630=EDGE_CURVE('',#1970,#1919,#2376,.T.);
#1631=EDGE_CURVE('',#1910,#1903,#2377,.T.);
#1632=EDGE_CURVE('',#1707,#1881,#2378,.T.);
#1633=EDGE_CURVE('',#1898,#1880,#2379,.T.);
#1634=EDGE_CURVE('',#1899,#1879,#2380,.T.);
#1635=EDGE_CURVE('',#1887,#1900,#224,.T.);
#1636=EDGE_CURVE('',#1729,#2019,#225,.T.);
#1637=EDGE_CURVE('',#2019,#1894,#226,.T.);
#1638=EDGE_CURVE('',#1714,#2019,#2381,.T.);
#1639=EDGE_CURVE('',#1885,#2012,#227,.F.);
#1640=EDGE_CURVE('',#1886,#2009,#228,.F.);
#1641=EDGE_CURVE('',#2020,#1720,#2382,.T.);
#1642=EDGE_CURVE('',#2020,#1721,#163,.T.);
#1643=EDGE_CURVE('',#2021,#1705,#2383,.T.);
#1644=EDGE_CURVE('',#2021,#2020,#2384,.F.);
#1645=EDGE_CURVE('',#1711,#2021,#164,.T.);
#1646=EDGE_CURVE('',#2021,#2003,#229,.T.);
#1647=EDGE_CURVE('',#2020,#2002,#230,.T.);
#1648=EDGE_CURVE('',#1859,#1951,#2385,.T.);
#1649=EDGE_CURVE('',#1860,#1954,#2386,.T.);
#1650=EDGE_CURVE('',#1861,#1953,#2387,.T.);
#1651=EDGE_CURVE('',#1858,#1952,#2388,.T.);
#1652=EDGE_CURVE('',#1863,#1946,#2389,.T.);
#1653=EDGE_CURVE('',#1864,#1949,#2390,.T.);
#1654=EDGE_CURVE('',#1865,#1948,#2391,.T.);
#1655=EDGE_CURVE('',#1862,#1947,#2392,.T.);
#1656=EDGE_CURVE('',#1866,#1943,#2393,.T.);
#1657=EDGE_CURVE('',#1868,#1945,#2394,.T.);
#1658=EDGE_CURVE('',#1869,#1944,#2395,.T.);
#1659=EDGE_CURVE('',#1867,#1942,#2396,.T.);
#1660=EDGE_CURVE('',#1851,#1939,#2397,.T.);
#1661=EDGE_CURVE('',#1852,#1941,#2398,.T.);
#1662=EDGE_CURVE('',#1870,#1940,#2399,.T.);
#1663=EDGE_CURVE('',#1871,#1938,#2400,.T.);
#1664=EDGE_CURVE('',#1994,#1813,#2401,.T.);
#1665=EDGE_CURVE('',#1993,#1815,#2402,.T.);
#1666=EDGE_CURVE('',#1833,#1814,#2403,.T.);
#1667=EDGE_CURVE('',#1834,#1812,#2404,.T.);
#1668=EDGE_CURVE('',#1844,#1817,#2405,.T.);
#1669=EDGE_CURVE('',#1843,#1819,#2406,.T.);
#1670=EDGE_CURVE('',#1845,#1818,#2407,.T.);
#1671=EDGE_CURVE('',#1846,#1816,#2408,.T.);
#1672=EDGE_CURVE('',#1829,#1821,#2409,.T.);
#1673=EDGE_CURVE('',#1828,#1823,#2410,.T.);
#1674=EDGE_CURVE('',#1830,#1822,#2411,.T.);
#1675=EDGE_CURVE('',#1831,#1820,#2412,.T.);
#1676=EDGE_CURVE('',#1848,#1825,#2413,.T.);
#1677=EDGE_CURVE('',#1847,#1827,#2414,.T.);
#1678=EDGE_CURVE('',#1849,#1826,#2415,.T.);
#1679=EDGE_CURVE('',#1850,#1824,#2416,.T.);
#1680=EDGE_CURVE('',#1749,#1798,#2417,.T.);
#1681=EDGE_CURVE('',#1751,#1797,#2418,.T.);
#1682=EDGE_CURVE('',#1752,#1800,#2419,.T.);
#1683=EDGE_CURVE('',#1750,#1799,#2420,.T.);
#1684=EDGE_CURVE('',#1754,#1770,#2421,.T.);
#1685=EDGE_CURVE('',#1755,#1769,#2422,.T.);
#1686=EDGE_CURVE('',#1756,#1772,#2423,.T.);
#1687=EDGE_CURVE('',#1753,#1771,#2424,.T.);
#1688=EDGE_CURVE('',#1757,#1802,#2425,.T.);
#1689=EDGE_CURVE('',#1759,#1801,#2426,.T.);
#1690=EDGE_CURVE('',#1760,#1806,#2427,.T.);
#1691=EDGE_CURVE('',#1761,#1805,#2428,.T.);
#1692=EDGE_CURVE('',#1762,#1804,#2429,.T.);
#1693=EDGE_CURVE('',#1758,#1803,#2430,.T.);
#1694=EDGE_CURVE('',#1724,#1765,#2431,.T.);
#1695=EDGE_CURVE('',#1723,#1764,#2432,.T.);
#1696=EDGE_CURVE('',#1725,#1763,#2433,.T.);
#1697=EDGE_CURVE('',#1726,#1768,#2434,.T.);
#1698=EDGE_CURVE('',#1727,#1767,#2435,.T.);
#1699=EDGE_CURVE('',#1728,#1766,#2436,.T.);
#1700=EDGE_CURVE('',#2013,#2010,#2437,.T.);
#1701=EDGE_CURVE('',#2011,#2008,#2438,.T.);
#1702=EDGE_CURVE('',#1706,#1877,#2439,.T.);
#1703=EDGE_CURVE('',#1884,#1876,#2440,.T.);
#1704=VERTEX_POINT('',#4634);
#1705=VERTEX_POINT('',#4635);
#1706=VERTEX_POINT('',#4637);
#1707=VERTEX_POINT('',#4639);
#1708=VERTEX_POINT('',#4641);
#1709=VERTEX_POINT('',#4643);
#1710=VERTEX_POINT('',#4645);
#1711=VERTEX_POINT('',#4650);
#1712=VERTEX_POINT('',#4654);
#1713=VERTEX_POINT('',#4655);
#1714=VERTEX_POINT('',#4657);
#1715=VERTEX_POINT('',#4659);
#1716=VERTEX_POINT('',#4661);
#1717=VERTEX_POINT('',#4665);
#1718=VERTEX_POINT('',#4666);
#1719=VERTEX_POINT('',#4668);
#1720=VERTEX_POINT('',#4670);
#1721=VERTEX_POINT('',#4672);
#1722=VERTEX_POINT('',#4677);
#1723=VERTEX_POINT('',#4681);
#1724=VERTEX_POINT('',#4682);
#1725=VERTEX_POINT('',#4684);
#1726=VERTEX_POINT('',#4686);
#1727=VERTEX_POINT('',#4688);
#1728=VERTEX_POINT('',#4690);
#1729=VERTEX_POINT('',#4693);
#1730=VERTEX_POINT('',#4695);
#1731=VERTEX_POINT('',#4697);
#1732=VERTEX_POINT('',#4699);
#1733=VERTEX_POINT('',#4701);
#1734=VERTEX_POINT('',#4703);
#1735=VERTEX_POINT('',#4705);
#1736=VERTEX_POINT('',#4707);
#1737=VERTEX_POINT('',#4709);
#1738=VERTEX_POINT('',#4711);
#1739=VERTEX_POINT('',#4713);
#1740=VERTEX_POINT('',#4715);
#1741=VERTEX_POINT('',#4717);
#1742=VERTEX_POINT('',#4719);
#1743=VERTEX_POINT('',#4721);
#1744=VERTEX_POINT('',#4723);
#1745=VERTEX_POINT('',#4725);
#1746=VERTEX_POINT('',#4727);
#1747=VERTEX_POINT('',#4729);
#1748=VERTEX_POINT('',#4731);
#1749=VERTEX_POINT('',#4734);
#1750=VERTEX_POINT('',#4735);
#1751=VERTEX_POINT('',#4737);
#1752=VERTEX_POINT('',#4739);
#1753=VERTEX_POINT('',#4742);
#1754=VERTEX_POINT('',#4743);
#1755=VERTEX_POINT('',#4745);
#1756=VERTEX_POINT('',#4747);
#1757=VERTEX_POINT('',#4750);
#1758=VERTEX_POINT('',#4751);
#1759=VERTEX_POINT('',#4753);
#1760=VERTEX_POINT('',#4755);
#1761=VERTEX_POINT('',#4757);
#1762=VERTEX_POINT('',#4759);
#1763=VERTEX_POINT('',#4763);
#1764=VERTEX_POINT('',#4764);
#1765=VERTEX_POINT('',#4766);
#1766=VERTEX_POINT('',#4768);
#1767=VERTEX_POINT('',#4770);
#1768=VERTEX_POINT('',#4772);
#1769=VERTEX_POINT('',#4775);
#1770=VERTEX_POINT('',#4776);
#1771=VERTEX_POINT('',#4778);
#1772=VERTEX_POINT('',#4780);
#1773=VERTEX_POINT('',#4783);
#1774=VERTEX_POINT('',#4784);
#1775=VERTEX_POINT('',#4786);
#1776=VERTEX_POINT('',#4788);
#1777=VERTEX_POINT('',#4790);
#1778=VERTEX_POINT('',#4792);
#1779=VERTEX_POINT('',#4794);
#1780=VERTEX_POINT('',#4796);
#1781=VERTEX_POINT('',#4798);
#1782=VERTEX_POINT('',#4800);
#1783=VERTEX_POINT('',#4802);
#1784=VERTEX_POINT('',#4804);
#1785=VERTEX_POINT('',#4806);
#1786=VERTEX_POINT('',#4808);
#1787=VERTEX_POINT('',#4810);
#1788=VERTEX_POINT('',#4812);
#1789=VERTEX_POINT('',#4814);
#1790=VERTEX_POINT('',#4816);
#1791=VERTEX_POINT('',#4818);
#1792=VERTEX_POINT('',#4820);
#1793=VERTEX_POINT('',#4822);
#1794=VERTEX_POINT('',#4824);
#1795=VERTEX_POINT('',#4826);
#1796=VERTEX_POINT('',#4828);
#1797=VERTEX_POINT('',#4831);
#1798=VERTEX_POINT('',#4832);
#1799=VERTEX_POINT('',#4834);
#1800=VERTEX_POINT('',#4836);
#1801=VERTEX_POINT('',#4839);
#1802=VERTEX_POINT('',#4840);
#1803=VERTEX_POINT('',#4842);
#1804=VERTEX_POINT('',#4844);
#1805=VERTEX_POINT('',#4846);
#1806=VERTEX_POINT('',#4848);
#1807=VERTEX_POINT('',#4852);
#1808=VERTEX_POINT('',#4854);
#1809=VERTEX_POINT('',#4855);
#1810=VERTEX_POINT('',#4857);
#1811=VERTEX_POINT('',#4859);
#1812=VERTEX_POINT('',#4862);
#1813=VERTEX_POINT('',#4863);
#1814=VERTEX_POINT('',#4865);
#1815=VERTEX_POINT('',#4867);
#1816=VERTEX_POINT('',#4870);
#1817=VERTEX_POINT('',#4871);
#1818=VERTEX_POINT('',#4873);
#1819=VERTEX_POINT('',#4875);
#1820=VERTEX_POINT('',#4878);
#1821=VERTEX_POINT('',#4879);
#1822=VERTEX_POINT('',#4881);
#1823=VERTEX_POINT('',#4883);
#1824=VERTEX_POINT('',#4886);
#1825=VERTEX_POINT('',#4887);
#1826=VERTEX_POINT('',#4889);
#1827=VERTEX_POINT('',#4891);
#1828=VERTEX_POINT('',#4895);
#1829=VERTEX_POINT('',#4896);
#1830=VERTEX_POINT('',#4898);
#1831=VERTEX_POINT('',#4900);
#1832=VERTEX_POINT('',#4903);
#1833=VERTEX_POINT('',#4905);
#1834=VERTEX_POINT('',#4907);
#1835=VERTEX_POINT('',#4909);
#1836=VERTEX_POINT('',#4911);
#1837=VERTEX_POINT('',#4913);
#1838=VERTEX_POINT('',#4915);
#1839=VERTEX_POINT('',#4917);
#1840=VERTEX_POINT('',#4919);
#1841=VERTEX_POINT('',#4922);
#1842=VERTEX_POINT('',#4924);
#1843=VERTEX_POINT('',#4926);
#1844=VERTEX_POINT('',#4927);
#1845=VERTEX_POINT('',#4929);
#1846=VERTEX_POINT('',#4931);
#1847=VERTEX_POINT('',#4934);
#1848=VERTEX_POINT('',#4935);
#1849=VERTEX_POINT('',#4937);
#1850=VERTEX_POINT('',#4939);
#1851=VERTEX_POINT('',#4943);
#1852=VERTEX_POINT('',#4944);
#1853=VERTEX_POINT('',#4946);
#1854=VERTEX_POINT('',#4948);
#1855=VERTEX_POINT('',#4952);
#1856=VERTEX_POINT('',#4956);
#1857=VERTEX_POINT('',#4958);
#1858=VERTEX_POINT('',#4960);
#1859=VERTEX_POINT('',#4961);
#1860=VERTEX_POINT('',#4963);
#1861=VERTEX_POINT('',#4965);
#1862=VERTEX_POINT('',#4968);
#1863=VERTEX_POINT('',#4969);
#1864=VERTEX_POINT('',#4971);
#1865=VERTEX_POINT('',#4973);
#1866=VERTEX_POINT('',#4976);
#1867=VERTEX_POINT('',#4977);
#1868=VERTEX_POINT('',#4979);
#1869=VERTEX_POINT('',#4981);
#1870=VERTEX_POINT('',#4984);
#1871=VERTEX_POINT('',#4986);
#1872=VERTEX_POINT('',#4989);
#1873=VERTEX_POINT('',#4991);
#1874=VERTEX_POINT('',#4993);
#1875=VERTEX_POINT('',#4995);
#1876=VERTEX_POINT('',#4999);
#1877=VERTEX_POINT('',#5000);
#1878=VERTEX_POINT('',#5002);
#1879=VERTEX_POINT('',#5005);
#1880=VERTEX_POINT('',#5007);
#1881=VERTEX_POINT('',#5009);
#1882=VERTEX_POINT('',#5013);
#1883=VERTEX_POINT('',#5014);
#1884=VERTEX_POINT('',#5016);
#1885=VERTEX_POINT('',#5020);
#1886=VERTEX_POINT('',#5023);
#1887=VERTEX_POINT('',#5025);
#1888=VERTEX_POINT('',#5028);
#1889=VERTEX_POINT('',#5030);
#1890=VERTEX_POINT('',#5034);
#1891=VERTEX_POINT('',#5036);
#1892=VERTEX_POINT('',#5038);
#1893=VERTEX_POINT('',#5042);
#1894=VERTEX_POINT('',#5043);
#1895=VERTEX_POINT('',#5045);
#1896=VERTEX_POINT('',#5047);
#1897=VERTEX_POINT('',#5051);
#1898=VERTEX_POINT('',#5053);
#1899=VERTEX_POINT('',#5055);
#1900=VERTEX_POINT('',#5057);
#1901=VERTEX_POINT('',#5059);
#1902=VERTEX_POINT('',#5061);
#1903=VERTEX_POINT('',#5065);
#1904=VERTEX_POINT('',#5066);
#1905=VERTEX_POINT('',#5068);
#1906=VERTEX_POINT('',#5070);
#1907=VERTEX_POINT('',#5075);
#1908=VERTEX_POINT('',#5078);
#1909=VERTEX_POINT('',#5082);
#1910=VERTEX_POINT('',#5084);
#1911=VERTEX_POINT('',#5086);
#1912=VERTEX_POINT('',#5090);
#1913=VERTEX_POINT('',#5091);
#1914=VERTEX_POINT('',#5093);
#1915=VERTEX_POINT('',#5097);
#1916=VERTEX_POINT('',#5099);
#1917=VERTEX_POINT('',#5101);
#1918=VERTEX_POINT('',#5103);
#1919=VERTEX_POINT('',#5105);
#1920=VERTEX_POINT('',#5107);
#1921=VERTEX_POINT('',#5112);
#1922=VERTEX_POINT('',#5114);
#1923=VERTEX_POINT('',#5116);
#1924=VERTEX_POINT('',#5121);
#1925=VERTEX_POINT('',#5122);
#1926=VERTEX_POINT('',#5128);
#1927=VERTEX_POINT('',#5129);
#1928=VERTEX_POINT('',#5131);
#1929=VERTEX_POINT('',#5133);
#1930=VERTEX_POINT('',#5135);
#1931=VERTEX_POINT('',#5137);
#1932=VERTEX_POINT('',#5141);
#1933=VERTEX_POINT('',#5145);
#1934=VERTEX_POINT('',#5146);
#1935=VERTEX_POINT('',#5149);
#1936=VERTEX_POINT('',#5153);
#1937=VERTEX_POINT('',#5156);
#1938=VERTEX_POINT('',#5161);
#1939=VERTEX_POINT('',#5162);
#1940=VERTEX_POINT('',#5164);
#1941=VERTEX_POINT('',#5166);
#1942=VERTEX_POINT('',#5169);
#1943=VERTEX_POINT('',#5170);
#1944=VERTEX_POINT('',#5172);
#1945=VERTEX_POINT('',#5174);
#1946=VERTEX_POINT('',#5177);
#1947=VERTEX_POINT('',#5178);
#1948=VERTEX_POINT('',#5180);
#1949=VERTEX_POINT('',#5182);
#1950=VERTEX_POINT('',#5185);
#1951=VERTEX_POINT('',#5187);
#1952=VERTEX_POINT('',#5188);
#1953=VERTEX_POINT('',#5190);
#1954=VERTEX_POINT('',#5192);
#1955=VERTEX_POINT('',#5196);
#1956=VERTEX_POINT('',#5200);
#1957=VERTEX_POINT('',#5201);
#1958=VERTEX_POINT('',#5203);
#1959=VERTEX_POINT('',#5205);
#1960=VERTEX_POINT('',#5207);
#1961=VERTEX_POINT('',#5211);
#1962=VERTEX_POINT('',#5213);
#1963=VERTEX_POINT('',#5218);
#1964=VERTEX_POINT('',#5220);
#1965=VERTEX_POINT('',#5226);
#1966=VERTEX_POINT('',#5228);
#1967=VERTEX_POINT('',#5230);
#1968=VERTEX_POINT('',#5232);
#1969=VERTEX_POINT('',#5247);
#1970=VERTEX_POINT('',#5249);
#1971=VERTEX_POINT('',#5255);
#1972=VERTEX_POINT('',#5257);
#1973=VERTEX_POINT('',#5259);
#1974=VERTEX_POINT('',#5263);
#1975=VERTEX_POINT('',#5264);
#1976=VERTEX_POINT('',#5268);
#1977=VERTEX_POINT('',#5272);
#1978=VERTEX_POINT('',#5274);
#1979=VERTEX_POINT('',#5276);
#1980=VERTEX_POINT('',#5281);
#1981=VERTEX_POINT('',#5282);
#1982=VERTEX_POINT('',#5284);
#1983=VERTEX_POINT('',#5289);
#1984=VERTEX_POINT('',#5291);
#1985=VERTEX_POINT('',#5293);
#1986=VERTEX_POINT('',#5298);
#1987=VERTEX_POINT('',#5299);
#1988=VERTEX_POINT('',#5301);
#1989=VERTEX_POINT('',#5307);
#1990=VERTEX_POINT('',#5308);
#1991=VERTEX_POINT('',#5310);
#1992=VERTEX_POINT('',#5318);
#1993=VERTEX_POINT('',#5332);
#1994=VERTEX_POINT('',#5333);
#1995=VERTEX_POINT('',#5338);
#1996=VERTEX_POINT('',#5341);
#1997=VERTEX_POINT('',#5352);
#1998=VERTEX_POINT('',#5356);
#1999=VERTEX_POINT('',#5358);
#2000=VERTEX_POINT('',#5366);
#2001=VERTEX_POINT('',#5368);
#2002=VERTEX_POINT('',#5390);
#2003=VERTEX_POINT('',#5392);
#2004=VERTEX_POINT('',#5399);
#2005=VERTEX_POINT('',#5402);
#2006=VERTEX_POINT('',#5413);
#2007=VERTEX_POINT('',#5417);
#2008=VERTEX_POINT('',#5426);
#2009=VERTEX_POINT('',#5429);
#2010=VERTEX_POINT('',#5431);
#2011=VERTEX_POINT('',#5435);
#2012=VERTEX_POINT('',#5436);
#2013=VERTEX_POINT('',#5438);
#2014=VERTEX_POINT('',#5445);
#2015=VERTEX_POINT('',#5447);
#2016=VERTEX_POINT('',#5452);
#2017=VERTEX_POINT('',#5455);
#2018=VERTEX_POINT('',#5461);
#2019=VERTEX_POINT('',#5490);
#2020=VERTEX_POINT('',#5500);
#2021=VERTEX_POINT('',#5508);
#2022=LINE('',#4633,#2441);
#2023=LINE('',#4638,#2442);
#2024=LINE('',#4642,#2443);
#2025=LINE('',#4653,#2444);
#2026=LINE('',#4660,#2445);
#2027=LINE('',#4662,#2446);
#2028=LINE('',#4664,#2447);
#2029=LINE('',#4669,#2448);
#2030=LINE('',#4683,#2449);
#2031=LINE('',#4687,#2450);
#2032=LINE('',#4689,#2451);
#2033=LINE('',#4691,#2452);
#2034=LINE('',#4692,#2453);
#2035=LINE('',#4694,#2454);
#2036=LINE('',#4696,#2455);
#2037=LINE('',#4698,#2456);
#2038=LINE('',#4700,#2457);
#2039=LINE('',#4702,#2458);
#2040=LINE('',#4704,#2459);
#2041=LINE('',#4706,#2460);
#2042=LINE('',#4708,#2461);
#2043=LINE('',#4710,#2462);
#2044=LINE('',#4714,#2463);
#2045=LINE('',#4718,#2464);
#2046=LINE('',#4720,#2465);
#2047=LINE('',#4722,#2466);
#2048=LINE('',#4724,#2467);
#2049=LINE('',#4726,#2468);
#2050=LINE('',#4728,#2469);
#2051=LINE('',#4730,#2470);
#2052=LINE('',#4732,#2471);
#2053=LINE('',#4733,#2472);
#2054=LINE('',#4736,#2473);
#2055=LINE('',#4738,#2474);
#2056=LINE('',#4740,#2475);
#2057=LINE('',#4741,#2476);
#2058=LINE('',#4744,#2477);
#2059=LINE('',#4746,#2478);
#2060=LINE('',#4748,#2479);
#2061=LINE('',#4752,#2480);
#2062=LINE('',#4754,#2481);
#2063=LINE('',#4756,#2482);
#2064=LINE('',#4760,#2483);
#2065=LINE('',#4762,#2484);
#2066=LINE('',#4767,#2485);
#2067=LINE('',#4769,#2486);
#2068=LINE('',#4771,#2487);
#2069=LINE('',#4774,#2488);
#2070=LINE('',#4777,#2489);
#2071=LINE('',#4779,#2490);
#2072=LINE('',#4781,#2491);
#2073=LINE('',#4785,#2492);
#2074=LINE('',#4789,#2493);
#2075=LINE('',#4791,#2494);
#2076=LINE('',#4793,#2495);
#2077=LINE('',#4795,#2496);
#2078=LINE('',#4797,#2497);
#2079=LINE('',#4799,#2498);
#2080=LINE('',#4803,#2499);
#2081=LINE('',#4805,#2500);
#2082=LINE('',#4807,#2501);
#2083=LINE('',#4809,#2502);
#2084=LINE('',#4811,#2503);
#2085=LINE('',#4813,#2504);
#2086=LINE('',#4815,#2505);
#2087=LINE('',#4819,#2506);
#2088=LINE('',#4821,#2507);
#2089=LINE('',#4823,#2508);
#2090=LINE('',#4825,#2509);
#2091=LINE('',#4827,#2510);
#2092=LINE('',#4829,#2511);
#2093=LINE('',#4830,#2512);
#2094=LINE('',#4833,#2513);
#2095=LINE('',#4835,#2514);
#2096=LINE('',#4837,#2515);
#2097=LINE('',#4838,#2516);
#2098=LINE('',#4843,#2517);
#2099=LINE('',#4847,#2518);
#2100=LINE('',#4849,#2519);
#2101=LINE('',#4853,#2520);
#2102=LINE('',#4856,#2521);
#2103=LINE('',#4858,#2522);
#2104=LINE('',#4860,#2523);
#2105=LINE('',#4861,#2524);
#2106=LINE('',#4866,#2525);
#2107=LINE('',#4868,#2526);
#2108=LINE('',#4869,#2527);
#2109=LINE('',#4874,#2528);
#2110=LINE('',#4876,#2529);
#2111=LINE('',#4877,#2530);
#2112=LINE('',#4882,#2531);
#2113=LINE('',#4884,#2532);
#2114=LINE('',#4885,#2533);
#2115=LINE('',#4890,#2534);
#2116=LINE('',#4892,#2535);
#2117=LINE('',#4894,#2536);
#2118=LINE('',#4897,#2537);
#2119=LINE('',#4901,#2538);
#2120=LINE('',#4902,#2539);
#2121=LINE('',#4904,#2540);
#2122=LINE('',#4908,#2541);
#2123=LINE('',#4910,#2542);
#2124=LINE('',#4912,#2543);
#2125=LINE('',#4914,#2544);
#2126=LINE('',#4916,#2545);
#2127=LINE('',#4918,#2546);
#2128=LINE('',#4920,#2547);
#2129=LINE('',#4925,#2548);
#2130=LINE('',#4928,#2549);
#2131=LINE('',#4932,#2550);
#2132=LINE('',#4933,#2551);
#2133=LINE('',#4936,#2552);
#2134=LINE('',#4940,#2553);
#2135=LINE('',#4942,#2554);
#2136=LINE('',#4945,#2555);
#2137=LINE('',#4947,#2556);
#2138=LINE('',#4949,#2557);
#2139=LINE('',#4950,#2558);
#2140=LINE('',#4951,#2559);
#2141=LINE('',#4953,#2560);
#2142=LINE('',#4959,#2561);
#2143=LINE('',#4962,#2562);
#2144=LINE('',#4964,#2563);
#2145=LINE('',#4967,#2564);
#2146=LINE('',#4970,#2565);
#2147=LINE('',#4972,#2566);
#2148=LINE('',#4975,#2567);
#2149=LINE('',#4978,#2568);
#2150=LINE('',#4980,#2569);
#2151=LINE('',#4983,#2570);
#2152=LINE('',#4987,#2571);
#2153=LINE('',#4988,#2572);
#2154=LINE('',#4990,#2573);
#2155=LINE('',#4992,#2574);
#2156=LINE('',#4994,#2575);
#2157=LINE('',#4996,#2576);
#2158=LINE('',#4998,#2577);
#2159=LINE('',#5001,#2578);
#2160=LINE('',#5003,#2579);
#2161=LINE('',#5004,#2580);
#2162=LINE('',#5006,#2581);
#2163=LINE('',#5008,#2582);
#2164=LINE('',#5010,#2583);
#2165=LINE('',#5012,#2584);
#2166=LINE('',#5015,#2585);
#2167=LINE('',#5017,#2586);
#2168=LINE('',#5018,#2587);
#2169=LINE('',#5019,#2588);
#2170=LINE('',#5021,#2589);
#2171=LINE('',#5022,#2590);
#2172=LINE('',#5024,#2591);
#2173=LINE('',#5026,#2592);
#2174=LINE('',#5027,#2593);
#2175=LINE('',#5029,#2594);
#2176=LINE('',#5031,#2595);
#2177=LINE('',#5033,#2596);
#2178=LINE('',#5035,#2597);
#2179=LINE('',#5037,#2598);
#2180=LINE('',#5039,#2599);
#2181=LINE('',#5041,#2600);
#2182=LINE('',#5046,#2601);
#2183=LINE('',#5048,#2602);
#2184=LINE('',#5050,#2603);
#2185=LINE('',#5052,#2604);
#2186=LINE('',#5054,#2605);
#2187=LINE('',#5056,#2606);
#2188=LINE('',#5058,#2607);
#2189=LINE('',#5060,#2608);
#2190=LINE('',#5062,#2609);
#2191=LINE('',#5064,#2610);
#2192=LINE('',#5067,#2611);
#2193=LINE('',#5069,#2612);
#2194=LINE('',#5071,#2613);
#2195=LINE('',#5073,#2614);
#2196=LINE('',#5074,#2615);
#2197=LINE('',#5076,#2616);
#2198=LINE('',#5077,#2617);
#2199=LINE('',#5079,#2618);
#2200=LINE('',#5081,#2619);
#2201=LINE('',#5083,#2620);
#2202=LINE('',#5085,#2621);
#2203=LINE('',#5087,#2622);
#2204=LINE('',#5089,#2623);
#2205=LINE('',#5092,#2624);
#2206=LINE('',#5094,#2625);
#2207=LINE('',#5096,#2626);
#2208=LINE('',#5098,#2627);
#2209=LINE('',#5100,#2628);
#2210=LINE('',#5102,#2629);
#2211=LINE('',#5104,#2630);
#2212=LINE('',#5106,#2631);
#2213=LINE('',#5108,#2632);
#2214=LINE('',#5109,#2633);
#2215=LINE('',#5115,#2634);
#2216=LINE('',#5117,#2635);
#2217=LINE('',#5120,#2636);
#2218=LINE('',#5123,#2637);
#2219=LINE('',#5124,#2638);
#2220=LINE('',#5125,#2639);
#2221=LINE('',#5127,#2640);
#2222=LINE('',#5130,#2641);
#2223=LINE('',#5132,#2642);
#2224=LINE('',#5134,#2643);
#2225=LINE('',#5136,#2644);
#2226=LINE('',#5138,#2645);
#2227=LINE('',#5140,#2646);
#2228=LINE('',#5142,#2647);
#2229=LINE('',#5144,#2648);
#2230=LINE('',#5147,#2649);
#2231=LINE('',#5148,#2650);
#2232=LINE('',#5150,#2651);
#2233=LINE('',#5154,#2652);
#2234=LINE('',#5155,#2653);
#2235=LINE('',#5157,#2654);
#2236=LINE('',#5158,#2655);
#2237=LINE('',#5160,#2656);
#2238=LINE('',#5165,#2657);
#2239=LINE('',#5167,#2658);
#2240=LINE('',#5168,#2659);
#2241=LINE('',#5173,#2660);
#2242=LINE('',#5175,#2661);
#2243=LINE('',#5176,#2662);
#2244=LINE('',#5181,#2663);
#2245=LINE('',#5183,#2664);
#2246=LINE('',#5186,#2665);
#2247=LINE('',#5191,#2666);
#2248=LINE('',#5193,#2667);
#2249=LINE('',#5194,#2668);
#2250=LINE('',#5195,#2669);
#2251=LINE('',#5197,#2670);
#2252=LINE('',#5199,#2671);
#2253=LINE('',#5202,#2672);
#2254=LINE('',#5206,#2673);
#2255=LINE('',#5208,#2674);
#2256=LINE('',#5212,#2675);
#2257=LINE('',#5215,#2676);
#2258=LINE('',#5217,#2677);
#2259=LINE('',#5221,#2678);
#2260=LINE('',#5222,#2679);
#2261=LINE('',#5223,#2680);
#2262=LINE('',#5225,#2681);
#2263=LINE('',#5229,#2682);
#2264=LINE('',#5233,#2683);
#2265=LINE('',#5235,#2684);
#2266=LINE('',#5236,#2685);
#2267=LINE('',#5237,#2686);
#2268=LINE('',#5238,#2687);
#2269=LINE('',#5240,#2688);
#2270=LINE('',#5241,#2689);
#2271=LINE('',#5243,#2690);
#2272=LINE('',#5244,#2691);
#2273=LINE('',#5246,#2692);
#2274=LINE('',#5248,#2693);
#2275=LINE('',#5250,#2694);
#2276=LINE('',#5252,#2695);
#2277=LINE('',#5254,#2696);
#2278=LINE('',#5256,#2697);
#2279=LINE('',#5258,#2698);
#2280=LINE('',#5260,#2699);
#2281=LINE('',#5262,#2700);
#2282=LINE('',#5265,#2701);
#2283=LINE('',#5266,#2702);
#2284=LINE('',#5267,#2703);
#2285=LINE('',#5269,#2704);
#2286=LINE('',#5271,#2705);
#2287=LINE('',#5273,#2706);
#2288=LINE('',#5275,#2707);
#2289=LINE('',#5277,#2708);
#2290=LINE('',#5278,#2709);
#2291=LINE('',#5280,#2710);
#2292=LINE('',#5283,#2711);
#2293=LINE('',#5285,#2712);
#2294=LINE('',#5286,#2713);
#2295=LINE('',#5288,#2714);
#2296=LINE('',#5290,#2715);
#2297=LINE('',#5292,#2716);
#2298=LINE('',#5294,#2717);
#2299=LINE('',#5295,#2718);
#2300=LINE('',#5297,#2719);
#2301=LINE('',#5300,#2720);
#2302=LINE('',#5302,#2721);
#2303=LINE('',#5303,#2722);
#2304=LINE('',#5304,#2723);
#2305=LINE('',#5306,#2724);
#2306=LINE('',#5309,#2725);
#2307=LINE('',#5311,#2726);
#2308=LINE('',#5312,#2727);
#2309=LINE('',#5313,#2728);
#2310=LINE('',#5315,#2729);
#2311=LINE('',#5317,#2730);
#2312=LINE('',#5319,#2731);
#2313=LINE('',#5321,#2732);
#2314=LINE('',#5323,#2733);
#2315=LINE('',#5325,#2734);
#2316=LINE('',#5327,#2735);
#2317=LINE('',#5329,#2736);
#2318=LINE('',#5331,#2737);
#2319=LINE('',#5334,#2738);
#2320=LINE('',#5335,#2739);
#2321=LINE('',#5337,#2740);
#2322=LINE('',#5339,#2741);
#2323=LINE('',#5340,#2742);
#2324=LINE('',#5342,#2743);
#2325=LINE('',#5344,#2744);
#2326=LINE('',#5347,#2745);
#2327=LINE('',#5349,#2746);
#2328=LINE('',#5351,#2747);
#2329=LINE('',#5353,#2748);
#2330=LINE('',#5355,#2749);
#2331=LINE('',#5357,#2750);
#2332=LINE('',#5359,#2751);
#2333=LINE('',#5361,#2752);
#2334=LINE('',#5363,#2753);
#2335=LINE('',#5365,#2754);
#2336=LINE('',#5367,#2755);
#2337=LINE('',#5369,#2756);
#2338=LINE('',#5371,#2757);
#2339=LINE('',#5373,#2758);
#2340=LINE('',#5375,#2759);
#2341=LINE('',#5377,#2760);
#2342=LINE('',#5379,#2761);
#2343=LINE('',#5391,#2762);
#2344=LINE('',#5398,#2763);
#2345=LINE('',#5400,#2764);
#2346=LINE('',#5404,#2765);
#2347=LINE('',#5408,#2766);
#2348=LINE('',#5410,#2767);
#2349=LINE('',#5412,#2768);
#2350=LINE('',#5414,#2769);
#2351=LINE('',#5416,#2770);
#2352=LINE('',#5418,#2771);
#2353=LINE('',#5420,#2772);
#2354=LINE('',#5422,#2773);
#2355=LINE('',#5425,#2774);
#2356=LINE('',#5427,#2775);
#2357=LINE('',#5428,#2776);
#2358=LINE('',#5430,#2777);
#2359=LINE('',#5432,#2778);
#2360=LINE('',#5434,#2779);
#2361=LINE('',#5437,#2780);
#2362=LINE('',#5439,#2781);
#2363=LINE('',#5440,#2782);
#2364=LINE('',#5441,#2783);
#2365=LINE('',#5443,#2784);
#2366=LINE('',#5444,#2785);
#2367=LINE('',#5446,#2786);
#2368=LINE('',#5448,#2787);
#2369=LINE('',#5459,#2788);
#2370=LINE('',#5460,#2789);
#2371=LINE('',#5462,#2790);
#2372=LINE('',#5464,#2791);
#2373=LINE('',#5466,#2792);
#2374=LINE('',#5469,#2793);
#2375=LINE('',#5471,#2794);
#2376=LINE('',#5473,#2795);
#2377=LINE('',#5476,#2796);
#2378=LINE('',#5481,#2797);
#2379=LINE('',#5482,#2798);
#2380=LINE('',#5484,#2799);
#2381=LINE('',#5493,#2800);
#2382=LINE('',#5499,#2801);
#2383=LINE('',#5507,#2802);
#2384=LINE('',#5509,#2803);
#2385=LINE('',#5547,#2804);
#2386=LINE('',#5548,#2805);
#2387=LINE('',#5550,#2806);
#2388=LINE('',#5552,#2807);
#2389=LINE('',#5556,#2808);
#2390=LINE('',#5557,#2809);
#2391=LINE('',#5559,#2810);
#2392=LINE('',#5561,#2811);
#2393=LINE('',#5564,#2812);
#2394=LINE('',#5565,#2813);
#2395=LINE('',#5567,#2814);
#2396=LINE('',#5569,#2815);
#2397=LINE('',#5572,#2816);
#2398=LINE('',#5573,#2817);
#2399=LINE('',#5575,#2818);
#2400=LINE('',#5577,#2819);
#2401=LINE('',#5580,#2820);
#2402=LINE('',#5581,#2821);
#2403=LINE('',#5583,#2822);
#2404=LINE('',#5585,#2823);
#2405=LINE('',#5589,#2824);
#2406=LINE('',#5590,#2825);
#2407=LINE('',#5592,#2826);
#2408=LINE('',#5594,#2827);
#2409=LINE('',#5597,#2828);
#2410=LINE('',#5598,#2829);
#2411=LINE('',#5600,#2830);
#2412=LINE('',#5602,#2831);
#2413=LINE('',#5605,#2832);
#2414=LINE('',#5606,#2833);
#2415=LINE('',#5608,#2834);
#2416=LINE('',#5610,#2835);
#2417=LINE('',#5613,#2836);
#2418=LINE('',#5614,#2837);
#2419=LINE('',#5616,#2838);
#2420=LINE('',#5618,#2839);
#2421=LINE('',#5621,#2840);
#2422=LINE('',#5622,#2841);
#2423=LINE('',#5624,#2842);
#2424=LINE('',#5626,#2843);
#2425=LINE('',#5629,#2844);
#2426=LINE('',#5630,#2845);
#2427=LINE('',#5632,#2846);
#2428=LINE('',#5634,#2847);
#2429=LINE('',#5636,#2848);
#2430=LINE('',#5638,#2849);
#2431=LINE('',#5641,#2850);
#2432=LINE('',#5642,#2851);
#2433=LINE('',#5644,#2852);
#2434=LINE('',#5646,#2853);
#2435=LINE('',#5648,#2854);
#2436=LINE('',#5650,#2855);
#2437=LINE('',#5653,#2856);
#2438=LINE('',#5655,#2857);
#2439=LINE('',#5658,#2858);
#2440=LINE('',#5660,#2859);
#2441=VECTOR('',#3738,1.);
#2442=VECTOR('',#3741,1.);
#2443=VECTOR('',#3744,1.);
#2444=VECTOR('',#3751,1.);
#2445=VECTOR('',#3756,1.);
#2446=VECTOR('',#3757,1.);
#2447=VECTOR('',#3760,1.);
#2448=VECTOR('',#3763,1.);
#2449=VECTOR('',#3772,1.);
#2450=VECTOR('',#3775,1.);
#2451=VECTOR('',#3776,1.);
#2452=VECTOR('',#3777,1.);
#2453=VECTOR('',#3778,1.);
#2454=VECTOR('',#3779,1.);
#2455=VECTOR('',#3780,1.);
#2456=VECTOR('',#3781,1.);
#2457=VECTOR('',#3782,1.);
#2458=VECTOR('',#3783,1.);
#2459=VECTOR('',#3784,1.);
#2460=VECTOR('',#3785,1.);
#2461=VECTOR('',#3786,1.);
#2462=VECTOR('',#3787,1.);
#2463=VECTOR('',#3790,1.);
#2464=VECTOR('',#3793,1.);
#2465=VECTOR('',#3794,1.);
#2466=VECTOR('',#3795,1.);
#2467=VECTOR('',#3796,1.);
#2468=VECTOR('',#3797,1.);
#2469=VECTOR('',#3798,1.);
#2470=VECTOR('',#3799,1.);
#2471=VECTOR('',#3800,1.);
#2472=VECTOR('',#3801,1.);
#2473=VECTOR('',#3802,1.);
#2474=VECTOR('',#3803,1.);
#2475=VECTOR('',#3804,1.);
#2476=VECTOR('',#3805,1.);
#2477=VECTOR('',#3806,1.);
#2478=VECTOR('',#3807,1.);
#2479=VECTOR('',#3808,1.);
#2480=VECTOR('',#3811,1.);
#2481=VECTOR('',#3812,1.);
#2482=VECTOR('',#3813,1.);
#2483=VECTOR('',#3816,1.);
#2484=VECTOR('',#3819,1.);
#2485=VECTOR('',#3822,1.);
#2486=VECTOR('',#3823,1.);
#2487=VECTOR('',#3824,1.);
#2488=VECTOR('',#3827,1.);
#2489=VECTOR('',#3828,1.);
#2490=VECTOR('',#3829,1.);
#2491=VECTOR('',#3830,1.);
#2492=VECTOR('',#3833,1.);
#2493=VECTOR('',#3836,1.);
#2494=VECTOR('',#3837,1.);
#2495=VECTOR('',#3838,1.);
#2496=VECTOR('',#3839,1.);
#2497=VECTOR('',#3840,1.);
#2498=VECTOR('',#3841,1.);
#2499=VECTOR('',#3844,1.);
#2500=VECTOR('',#3845,1.);
#2501=VECTOR('',#3846,1.);
#2502=VECTOR('',#3847,1.);
#2503=VECTOR('',#3848,1.);
#2504=VECTOR('',#3849,1.);
#2505=VECTOR('',#3850,1.);
#2506=VECTOR('',#3853,1.);
#2507=VECTOR('',#3854,1.);
#2508=VECTOR('',#3855,1.);
#2509=VECTOR('',#3856,1.);
#2510=VECTOR('',#3857,1.);
#2511=VECTOR('',#3858,1.);
#2512=VECTOR('',#3859,1.);
#2513=VECTOR('',#3860,1.);
#2514=VECTOR('',#3861,1.);
#2515=VECTOR('',#3862,1.);
#2516=VECTOR('',#3863,1.);
#2517=VECTOR('',#3866,1.);
#2518=VECTOR('',#3869,1.);
#2519=VECTOR('',#3870,1.);
#2520=VECTOR('',#3875,1.);
#2521=VECTOR('',#3876,1.);
#2522=VECTOR('',#3877,1.);
#2523=VECTOR('',#3878,1.);
#2524=VECTOR('',#3879,1.);
#2525=VECTOR('',#3882,1.);
#2526=VECTOR('',#3883,1.);
#2527=VECTOR('',#3884,1.);
#2528=VECTOR('',#3887,1.);
#2529=VECTOR('',#3888,1.);
#2530=VECTOR('',#3889,1.);
#2531=VECTOR('',#3892,1.);
#2532=VECTOR('',#3893,1.);
#2533=VECTOR('',#3894,1.);
#2534=VECTOR('',#3897,1.);
#2535=VECTOR('',#3898,1.);
#2536=VECTOR('',#3901,1.);
#2537=VECTOR('',#3902,1.);
#2538=VECTOR('',#3905,1.);
#2539=VECTOR('',#3906,1.);
#2540=VECTOR('',#3907,1.);
#2541=VECTOR('',#3910,1.);
#2542=VECTOR('',#3911,1.);
#2543=VECTOR('',#3912,1.);
#2544=VECTOR('',#3913,1.);
#2545=VECTOR('',#3914,1.);
#2546=VECTOR('',#3915,1.);
#2547=VECTOR('',#3916,1.);
#2548=VECTOR('',#3921,1.);
#2549=VECTOR('',#3922,1.);
#2550=VECTOR('',#3925,1.);
#2551=VECTOR('',#3926,1.);
#2552=VECTOR('',#3927,1.);
#2553=VECTOR('',#3930,1.);
#2554=VECTOR('',#3933,1.);
#2555=VECTOR('',#3934,1.);
#2556=VECTOR('',#3935,1.);
#2557=VECTOR('',#3936,1.);
#2558=VECTOR('',#3937,1.);
#2559=VECTOR('',#3938,1.);
#2560=VECTOR('',#3939,1.);
#2561=VECTOR('',#3946,1.);
#2562=VECTOR('',#3947,1.);
#2563=VECTOR('',#3948,1.);
#2564=VECTOR('',#3951,1.);
#2565=VECTOR('',#3952,1.);
#2566=VECTOR('',#3953,1.);
#2567=VECTOR('',#3956,1.);
#2568=VECTOR('',#3957,1.);
#2569=VECTOR('',#3958,1.);
#2570=VECTOR('',#3961,1.);
#2571=VECTOR('',#3964,1.);
#2572=VECTOR('',#3965,1.);
#2573=VECTOR('',#3966,1.);
#2574=VECTOR('',#3967,1.);
#2575=VECTOR('',#3968,1.);
#2576=VECTOR('',#3969,1.);
#2577=VECTOR('',#3972,1.);
#2578=VECTOR('',#3973,1.);
#2579=VECTOR('',#3974,1.);
#2580=VECTOR('',#3975,1.);
#2581=VECTOR('',#3976,1.);
#2582=VECTOR('',#3977,1.);
#2583=VECTOR('',#3978,1.);
#2584=VECTOR('',#3981,1.);
#2585=VECTOR('',#3982,1.);
#2586=VECTOR('',#3983,1.);
#2587=VECTOR('',#3984,1.);
#2588=VECTOR('',#3985,1.);
#2589=VECTOR('',#3986,1.);
#2590=VECTOR('',#3987,1.);
#2591=VECTOR('',#3988,1.);
#2592=VECTOR('',#3989,1.);
#2593=VECTOR('',#3990,1.);
#2594=VECTOR('',#3991,1.);
#2595=VECTOR('',#3992,1.);
#2596=VECTOR('',#3995,1.);
#2597=VECTOR('',#3996,1.);
#2598=VECTOR('',#3997,1.);
#2599=VECTOR('',#3998,1.);
#2600=VECTOR('',#4001,1.);
#2601=VECTOR('',#4004,1.);
#2602=VECTOR('',#4005,1.);
#2603=VECTOR('',#4008,1.);
#2604=VECTOR('',#4009,1.);
#2605=VECTOR('',#4010,1.);
#2606=VECTOR('',#4011,1.);
#2607=VECTOR('',#4012,1.);
#2608=VECTOR('',#4013,1.);
#2609=VECTOR('',#4014,1.);
#2610=VECTOR('',#4017,1.);
#2611=VECTOR('',#4018,1.);
#2612=VECTOR('',#4019,1.);
#2613=VECTOR('',#4020,1.);
#2614=VECTOR('',#4023,1.);
#2615=VECTOR('',#4024,1.);
#2616=VECTOR('',#4025,1.);
#2617=VECTOR('',#4026,1.);
#2618=VECTOR('',#4027,1.);
#2619=VECTOR('',#4030,1.);
#2620=VECTOR('',#4031,1.);
#2621=VECTOR('',#4032,1.);
#2622=VECTOR('',#4033,1.);
#2623=VECTOR('',#4036,1.);
#2624=VECTOR('',#4037,1.);
#2625=VECTOR('',#4038,1.);
#2626=VECTOR('',#4041,1.);
#2627=VECTOR('',#4042,1.);
#2628=VECTOR('',#4043,1.);
#2629=VECTOR('',#4044,1.);
#2630=VECTOR('',#4045,1.);
#2631=VECTOR('',#4046,1.);
#2632=VECTOR('',#4047,1.);
#2633=VECTOR('',#4048,1.);
#2634=VECTOR('',#4055,1.);
#2635=VECTOR('',#4056,1.);
#2636=VECTOR('',#4061,1.);
#2637=VECTOR('',#4062,1.);
#2638=VECTOR('',#4063,1.);
#2639=VECTOR('',#4064,1.);
#2640=VECTOR('',#4067,1.);
#2641=VECTOR('',#4068,1.);
#2642=VECTOR('',#4069,1.);
#2643=VECTOR('',#4070,1.);
#2644=VECTOR('',#4071,1.);
#2645=VECTOR('',#4072,1.);
#2646=VECTOR('',#4075,1.);
#2647=VECTOR('',#4076,1.);
#2648=VECTOR('',#4079,1.);
#2649=VECTOR('',#4080,1.);
#2650=VECTOR('',#4081,1.);
#2651=VECTOR('',#4082,1.);
#2652=VECTOR('',#4087,1.);
#2653=VECTOR('',#4088,1.);
#2654=VECTOR('',#4089,1.);
#2655=VECTOR('',#4090,1.);
#2656=VECTOR('',#4093,1.);
#2657=VECTOR('',#4096,1.);
#2658=VECTOR('',#4097,1.);
#2659=VECTOR('',#4098,1.);
#2660=VECTOR('',#4101,1.);
#2661=VECTOR('',#4102,1.);
#2662=VECTOR('',#4103,1.);
#2663=VECTOR('',#4106,1.);
#2664=VECTOR('',#4107,1.);
#2665=VECTOR('',#4110,1.);
#2666=VECTOR('',#4113,1.);
#2667=VECTOR('',#4114,1.);
#2668=VECTOR('',#4115,1.);
#2669=VECTOR('',#4116,1.);
#2670=VECTOR('',#4117,1.);
#2671=VECTOR('',#4120,1.);
#2672=VECTOR('',#4121,1.);
#2673=VECTOR('',#4124,1.);
#2674=VECTOR('',#4125,1.);
#2675=VECTOR('',#4130,1.);
#2676=VECTOR('',#4133,1.);
#2677=VECTOR('',#4136,1.);
#2678=VECTOR('',#4139,1.);
#2679=VECTOR('',#4140,1.);
#2680=VECTOR('',#4141,1.);
#2681=VECTOR('',#4144,1.);
#2682=VECTOR('',#4147,1.);
#2683=VECTOR('',#4150,1.);
#2684=VECTOR('',#4153,1.);
#2685=VECTOR('',#4154,1.);
#2686=VECTOR('',#4155,1.);
#2687=VECTOR('',#4156,1.);
#2688=VECTOR('',#4159,1.);
#2689=VECTOR('',#4160,1.);
#2690=VECTOR('',#4163,1.);
#2691=VECTOR('',#4164,1.);
#2692=VECTOR('',#4167,1.);
#2693=VECTOR('',#4168,1.);
#2694=VECTOR('',#4169,1.);
#2695=VECTOR('',#4172,1.);
#2696=VECTOR('',#4175,1.);
#2697=VECTOR('',#4176,1.);
#2698=VECTOR('',#4177,1.);
#2699=VECTOR('',#4178,1.);
#2700=VECTOR('',#4181,1.);
#2701=VECTOR('',#4182,1.);
#2702=VECTOR('',#4183,1.);
#2703=VECTOR('',#4184,1.);
#2704=VECTOR('',#4185,1.);
#2705=VECTOR('',#4188,1.);
#2706=VECTOR('',#4189,1.);
#2707=VECTOR('',#4190,1.);
#2708=VECTOR('',#4191,1.);
#2709=VECTOR('',#4192,1.);
#2710=VECTOR('',#4195,1.);
#2711=VECTOR('',#4196,1.);
#2712=VECTOR('',#4197,1.);
#2713=VECTOR('',#4198,1.);
#2714=VECTOR('',#4201,1.);
#2715=VECTOR('',#4202,1.);
#2716=VECTOR('',#4203,1.);
#2717=VECTOR('',#4204,1.);
#2718=VECTOR('',#4205,1.);
#2719=VECTOR('',#4208,1.);
#2720=VECTOR('',#4209,1.);
#2721=VECTOR('',#4210,1.);
#2722=VECTOR('',#4211,1.);
#2723=VECTOR('',#4212,1.);
#2724=VECTOR('',#4215,1.);
#2725=VECTOR('',#4216,1.);
#2726=VECTOR('',#4217,1.);
#2727=VECTOR('',#4218,1.);
#2728=VECTOR('',#4219,1.);
#2729=VECTOR('',#4222,1.);
#2730=VECTOR('',#4225,1.);
#2731=VECTOR('',#4226,1.);
#2732=VECTOR('',#4229,1.);
#2733=VECTOR('',#4232,1.);
#2734=VECTOR('',#4235,1.);
#2735=VECTOR('',#4238,1.);
#2736=VECTOR('',#4241,1.);
#2737=VECTOR('',#4244,1.);
#2738=VECTOR('',#4245,1.);
#2739=VECTOR('',#4246,1.);
#2740=VECTOR('',#4249,1.);
#2741=VECTOR('',#4250,1.);
#2742=VECTOR('',#4251,1.);
#2743=VECTOR('',#4252,1.);
#2744=VECTOR('',#4255,1.);
#2745=VECTOR('',#4260,1.);
#2746=VECTOR('',#4263,1.);
#2747=VECTOR('',#4266,1.);
#2748=VECTOR('',#4267,1.);
#2749=VECTOR('',#4270,1.);
#2750=VECTOR('',#4271,1.);
#2751=VECTOR('',#4272,1.);
#2752=VECTOR('',#4275,1.);
#2753=VECTOR('',#4278,1.);
#2754=VECTOR('',#4281,1.);
#2755=VECTOR('',#4282,1.);
#2756=VECTOR('',#4283,1.);
#2757=VECTOR('',#4286,1.);
#2758=VECTOR('',#4289,1.);
#2759=VECTOR('',#4292,1.);
#2760=VECTOR('',#4295,1.);
#2761=VECTOR('',#4298,1.);
#2762=VECTOR('',#4309,1.);
#2763=VECTOR('',#4310,1.);
#2764=VECTOR('',#4311,1.);
#2765=VECTOR('',#4316,1.);
#2766=VECTOR('',#4323,1.);
#2767=VECTOR('',#4326,1.);
#2768=VECTOR('',#4329,1.);
#2769=VECTOR('',#4330,1.);
#2770=VECTOR('',#4333,1.);
#2771=VECTOR('',#4334,1.);
#2772=VECTOR('',#4337,1.);
#2773=VECTOR('',#4340,1.);
#2774=VECTOR('',#4345,1.);
#2775=VECTOR('',#4346,1.);
#2776=VECTOR('',#4347,1.);
#2777=VECTOR('',#4348,1.);
#2778=VECTOR('',#4349,1.);
#2779=VECTOR('',#4352,1.);
#2780=VECTOR('',#4353,1.);
#2781=VECTOR('',#4354,1.);
#2782=VECTOR('',#4355,1.);
#2783=VECTOR('',#4356,1.);
#2784=VECTOR('',#4359,1.);
#2785=VECTOR('',#4360,1.);
#2786=VECTOR('',#4361,1.);
#2787=VECTOR('',#4362,1.);
#2788=VECTOR('',#4379,1.);
#2789=VECTOR('',#4380,1.);
#2790=VECTOR('',#4381,1.);
#2791=VECTOR('',#4384,1.);
#2792=VECTOR('',#4387,1.);
#2793=VECTOR('',#4392,1.);
#2794=VECTOR('',#4395,1.);
#2795=VECTOR('',#4398,1.);
#2796=VECTOR('',#4403,1.);
#2797=VECTOR('',#4412,1.);
#2798=VECTOR('',#4413,1.);
#2799=VECTOR('',#4416,1.);
#2800=VECTOR('',#4431,1.);
#2801=VECTOR('',#4442,1.);
#2802=VECTOR('',#4445,1.);
#2803=VECTOR('',#4446,1.);
#2804=VECTOR('',#4457,1.);
#2805=VECTOR('',#4458,1.);
#2806=VECTOR('',#4461,1.);
#2807=VECTOR('',#4464,1.);
#2808=VECTOR('',#4471,1.);
#2809=VECTOR('',#4472,1.);
#2810=VECTOR('',#4475,1.);
#2811=VECTOR('',#4478,1.);
#2812=VECTOR('',#4483,1.);
#2813=VECTOR('',#4484,1.);
#2814=VECTOR('',#4487,1.);
#2815=VECTOR('',#4490,1.);
#2816=VECTOR('',#4495,1.);
#2817=VECTOR('',#4496,1.);
#2818=VECTOR('',#4499,1.);
#2819=VECTOR('',#4502,1.);
#2820=VECTOR('',#4507,1.);
#2821=VECTOR('',#4508,1.);
#2822=VECTOR('',#4511,1.);
#2823=VECTOR('',#4514,1.);
#2824=VECTOR('',#4521,1.);
#2825=VECTOR('',#4522,1.);
#2826=VECTOR('',#4525,1.);
#2827=VECTOR('',#4528,1.);
#2828=VECTOR('',#4533,1.);
#2829=VECTOR('',#4534,1.);
#2830=VECTOR('',#4537,1.);
#2831=VECTOR('',#4540,1.);
#2832=VECTOR('',#4545,1.);
#2833=VECTOR('',#4546,1.);
#2834=VECTOR('',#4549,1.);
#2835=VECTOR('',#4552,1.);
#2836=VECTOR('',#4557,1.);
#2837=VECTOR('',#4558,1.);
#2838=VECTOR('',#4561,1.);
#2839=VECTOR('',#4564,1.);
#2840=VECTOR('',#4569,1.);
#2841=VECTOR('',#4570,1.);
#2842=VECTOR('',#4573,1.);
#2843=VECTOR('',#4576,1.);
#2844=VECTOR('',#4581,1.);
#2845=VECTOR('',#4582,1.);
#2846=VECTOR('',#4585,1.);
#2847=VECTOR('',#4588,1.);
#2848=VECTOR('',#4591,1.);
#2849=VECTOR('',#4594,1.);
#2850=VECTOR('',#4599,1.);
#2851=VECTOR('',#4600,1.);
#2852=VECTOR('',#4603,1.);
#2853=VECTOR('',#4606,1.);
#2854=VECTOR('',#4609,1.);
#2855=VECTOR('',#4612,1.);
#2856=VECTOR('',#4617,1.);
#2857=VECTOR('',#4620,1.);
#2858=VECTOR('',#4625,1.);
#2859=VECTOR('',#4628,1.);
#2860=EDGE_LOOP('',(#231,#232,#233,#234,#235,#236,#237,#238));
#2861=EDGE_LOOP('',(#239,#240,#241,#242,#243));
#2862=EDGE_LOOP('',(#244,#245,#246,#247,#248,#249));
#2863=EDGE_LOOP('',(#250,#251,#252,#253,#254,#255));
#2864=EDGE_LOOP('',(#256,#257,#258,#259,#260,#261,#262,#263,#264,#265,#266,
#267,#268,#269,#270,#271,#272,#273,#274,#275,#276,#277));
#2865=EDGE_LOOP('',(#278,#279,#280,#281));
#2866=EDGE_LOOP('',(#282,#283,#284,#285));
#2867=EDGE_LOOP('',(#286,#287,#288,#289,#290,#291));
#2868=EDGE_LOOP('',(#292,#293,#294,#295,#296,#297));
#2869=EDGE_LOOP('',(#298,#299,#300,#301));
#2870=EDGE_LOOP('',(#302,#303,#304,#305,#306,#307,#308,#309,#310,#311,#312,
#313,#314,#315,#316,#317,#318,#319,#320,#321,#322,#323,#324,#325));
#2871=EDGE_LOOP('',(#326,#327,#328,#329));
#2872=EDGE_LOOP('',(#330,#331,#332,#333,#334,#335));
#2873=EDGE_LOOP('',(#336));
#2874=EDGE_LOOP('',(#337,#338,#339,#340));
#2875=EDGE_LOOP('',(#341,#342,#343,#344));
#2876=EDGE_LOOP('',(#345,#346,#347,#348));
#2877=EDGE_LOOP('',(#349,#350,#351,#352));
#2878=EDGE_LOOP('',(#353,#354,#355,#356));
#2879=EDGE_LOOP('',(#357,#358,#359,#360));
#2880=EDGE_LOOP('',(#361,#362,#363,#364,#365,#366,#367,#368,#369,#370));
#2881=EDGE_LOOP('',(#371));
#2882=EDGE_LOOP('',(#372));
#2883=EDGE_LOOP('',(#373,#374,#375,#376));
#2884=EDGE_LOOP('',(#377,#378,#379,#380));
#2885=EDGE_LOOP('',(#381,#382,#383,#384,#385,#386,#387,#388));
#2886=EDGE_LOOP('',(#389));
#2887=EDGE_LOOP('',(#390));
#2888=EDGE_LOOP('',(#391,#392,#393,#394));
#2889=EDGE_LOOP('',(#395,#396,#397,#398));
#2890=EDGE_LOOP('',(#399,#400,#401,#402));
#2891=EDGE_LOOP('',(#403,#404,#405,#406,#407,#408,#409,#410,#411,#412));
#2892=EDGE_LOOP('',(#413,#414,#415,#416,#417,#418,#419,#420));
#2893=EDGE_LOOP('',(#421,#422,#423,#424,#425,#426,#427,#428,#429,#430,#431,
#432,#433,#434,#435,#436));
#2894=EDGE_LOOP('',(#437,#438,#439,#440,#441,#442,#443));
#2895=EDGE_LOOP('',(#444,#445,#446,#447));
#2896=EDGE_LOOP('',(#448,#449,#450,#451,#452,#453,#454,#455));
#2897=EDGE_LOOP('',(#456,#457,#458,#459));
#2898=EDGE_LOOP('',(#460,#461,#462,#463,#464,#465,#466,#467,#468));
#2899=EDGE_LOOP('',(#469,#470,#471,#472,#473,#474));
#2900=EDGE_LOOP('',(#475,#476,#477));
#2901=EDGE_LOOP('',(#478,#479,#480,#481,#482,#483,#484,#485,#486,#487));
#2902=EDGE_LOOP('',(#488));
#2903=EDGE_LOOP('',(#489,#490,#491,#492,#493,#494));
#2904=EDGE_LOOP('',(#495,#496,#497,#498,#499,#500));
#2905=EDGE_LOOP('',(#501,#502,#503,#504,#505,#506));
#2906=EDGE_LOOP('',(#507,#508,#509));
#2907=EDGE_LOOP('',(#510,#511,#512,#513,#514,#515));
#2908=EDGE_LOOP('',(#516,#517,#518,#519,#520,#521,#522,#523,#524));
#2909=EDGE_LOOP('',(#525,#526,#527,#528));
#2910=EDGE_LOOP('',(#529,#530,#531,#532));
#2911=EDGE_LOOP('',(#533,#534,#535,#536));
#2912=EDGE_LOOP('',(#537));
#2913=EDGE_LOOP('',(#538,#539,#540,#541));
#2914=EDGE_LOOP('',(#542,#543,#544,#545,#546));
#2915=EDGE_LOOP('',(#547,#548,#549,#550,#551));
#2916=EDGE_LOOP('',(#552,#553,#554,#555));
#2917=EDGE_LOOP('',(#556,#557,#558,#559,#560,#561,#562,#563));
#2918=EDGE_LOOP('',(#564,#565,#566,#567,#568,#569,#570,#571));
#2919=EDGE_LOOP('',(#572,#573,#574,#575,#576,#577,#578,#579,#580,#581));
#2920=EDGE_LOOP('',(#582,#583,#584,#585));
#2921=EDGE_LOOP('',(#586,#587,#588,#589));
#2922=EDGE_LOOP('',(#590,#591,#592,#593,#594,#595));
#2923=EDGE_LOOP('',(#596,#597,#598,#599));
#2924=EDGE_LOOP('',(#600,#601,#602,#603,#604));
#2925=EDGE_LOOP('',(#605,#606,#607,#608,#609,#610,#611));
#2926=EDGE_LOOP('',(#612,#613,#614,#615,#616,#617,#618));
#2927=EDGE_LOOP('',(#619,#620,#621,#622,#623));
#2928=EDGE_LOOP('',(#624,#625,#626,#627,#628,#629));
#2929=EDGE_LOOP('',(#630,#631,#632,#633,#634,#635));
#2930=EDGE_LOOP('',(#636,#637,#638,#639,#640,#641));
#2931=EDGE_LOOP('',(#642,#643,#644,#645,#646));
#2932=EDGE_LOOP('',(#647,#648,#649,#650,#651));
#2933=EDGE_LOOP('',(#652,#653,#654,#655));
#2934=EDGE_LOOP('',(#656,#657,#658,#659));
#2935=EDGE_LOOP('',(#660,#661,#662,#663));
#2936=EDGE_LOOP('',(#664,#665,#666,#667));
#2937=EDGE_LOOP('',(#668,#669,#670,#671));
#2938=EDGE_LOOP('',(#672,#673,#674,#675,#676,#677,#678,#679));
#2939=EDGE_LOOP('',(#680,#681,#682,#683,#684,#685,#686,#687,#688,#689));
#2940=EDGE_LOOP('',(#690,#691,#692,#693));
#2941=EDGE_LOOP('',(#694,#695,#696,#697));
#2942=EDGE_LOOP('',(#698,#699,#700,#701));
#2943=EDGE_LOOP('',(#702,#703,#704,#705));
#2944=EDGE_LOOP('',(#706,#707,#708,#709));
#2945=EDGE_LOOP('',(#710,#711,#712,#713,#714,#715));
#2946=EDGE_LOOP('',(#716,#717,#718,#719));
#2947=EDGE_LOOP('',(#720,#721,#722,#723));
#2948=EDGE_LOOP('',(#724,#725,#726,#727,#728));
#2949=EDGE_LOOP('',(#729,#730,#731,#732));
#2950=EDGE_LOOP('',(#733,#734,#735,#736));
#2951=EDGE_LOOP('',(#737,#738,#739,#740));
#2952=EDGE_LOOP('',(#741,#742,#743,#744));
#2953=EDGE_LOOP('',(#745,#746,#747,#748));
#2954=EDGE_LOOP('',(#749,#750,#751,#752));
#2955=EDGE_LOOP('',(#753,#754,#755,#756));
#2956=EDGE_LOOP('',(#757,#758,#759,#760));
#2957=EDGE_LOOP('',(#761,#762,#763,#764));
#2958=EDGE_LOOP('',(#765,#766,#767,#768,#769,#770,#771,#772));
#2959=EDGE_LOOP('',(#773));
#2960=EDGE_LOOP('',(#774,#775,#776,#777));
#2961=EDGE_LOOP('',(#778,#779,#780,#781));
#2962=EDGE_LOOP('',(#782,#783,#784,#785));
#2963=EDGE_LOOP('',(#786,#787,#788,#789,#790));
#2964=EDGE_LOOP('',(#791,#792,#793,#794,#795));
#2965=EDGE_LOOP('',(#796,#797,#798));
#2966=EDGE_LOOP('',(#799,#800,#801));
#2967=EDGE_LOOP('',(#802,#803,#804,#805,#806,#807));
#2968=EDGE_LOOP('',(#808,#809,#810,#811,#812,#813,#814,#815));
#2969=EDGE_LOOP('',(#816,#817,#818,#819,#820,#821));
#2970=EDGE_LOOP('',(#822,#823,#824,#825,#826,#827,#828,#829));
#2971=EDGE_LOOP('',(#830,#831,#832,#833,#834,#835,#836));
#2972=EDGE_LOOP('',(#837,#838,#839,#840));
#2973=EDGE_LOOP('',(#841,#842,#843,#844,#845,#846,#847,#848,#849,#850,#851,
#852));
#2974=EDGE_LOOP('',(#853,#854,#855));
#2975=EDGE_LOOP('',(#856));
#2976=EDGE_LOOP('',(#857));
#2977=EDGE_LOOP('',(#858));
#2978=EDGE_LOOP('',(#859));
#2979=EDGE_LOOP('',(#860,#861,#862,#863));
#2980=EDGE_LOOP('',(#864,#865,#866,#867));
#2981=EDGE_LOOP('',(#868,#869,#870,#871,#872,#873));
#2982=EDGE_LOOP('',(#874,#875,#876,#877));
#2983=EDGE_LOOP('',(#878,#879,#880,#881,#882,#883));
#2984=EDGE_LOOP('',(#884,#885,#886,#887));
#2985=EDGE_LOOP('',(#888,#889,#890));
#2986=EDGE_LOOP('',(#891,#892,#893));
#2987=EDGE_LOOP('',(#894,#895,#896,#897));
#2988=EDGE_LOOP('',(#898,#899,#900));
#2989=EDGE_LOOP('',(#901,#902,#903,#904));
#2990=EDGE_LOOP('',(#905,#906,#907));
#2991=EDGE_LOOP('',(#908));
#2992=EDGE_LOOP('',(#909));
#2993=EDGE_LOOP('',(#910));
#2994=EDGE_LOOP('',(#911));
#2995=EDGE_LOOP('',(#912,#913,#914,#915,#916));
#2996=EDGE_LOOP('',(#917,#918,#919,#920));
#2997=EDGE_LOOP('',(#921,#922,#923,#924,#925));
#2998=EDGE_LOOP('',(#926,#927,#928));
#2999=EDGE_LOOP('',(#929,#930,#931,#932));
#3000=EDGE_LOOP('',(#933,#934,#935,#936));
#3001=EDGE_LOOP('',(#937,#938,#939,#940,#941,#942,#943,#944));
#3002=EDGE_LOOP('',(#945,#946,#947));
#3003=EDGE_LOOP('',(#948,#949,#950));
#3004=EDGE_LOOP('',(#951,#952,#953,#954));
#3005=EDGE_LOOP('',(#955,#956,#957));
#3006=EDGE_LOOP('',(#958,#959,#960,#961));
#3007=EDGE_LOOP('',(#962,#963,#964,#965));
#3008=EDGE_LOOP('',(#966,#967,#968,#969));
#3009=EDGE_LOOP('',(#970,#971,#972,#973));
#3010=EDGE_LOOP('',(#974,#975,#976,#977));
#3011=EDGE_LOOP('',(#978,#979,#980,#981));
#3012=EDGE_LOOP('',(#982,#983,#984,#985));
#3013=EDGE_LOOP('',(#986));
#3014=EDGE_LOOP('',(#987));
#3015=EDGE_LOOP('',(#988,#989,#990,#991));
#3016=EDGE_LOOP('',(#992,#993,#994,#995));
#3017=EDGE_LOOP('',(#996,#997,#998,#999));
#3018=EDGE_LOOP('',(#1000,#1001,#1002,#1003));
#3019=EDGE_LOOP('',(#1004,#1005,#1006,#1007));
#3020=EDGE_LOOP('',(#1008,#1009,#1010,#1011));
#3021=EDGE_LOOP('',(#1012,#1013,#1014,#1015));
#3022=EDGE_LOOP('',(#1016,#1017,#1018,#1019));
#3023=EDGE_LOOP('',(#1020,#1021,#1022,#1023));
#3024=EDGE_LOOP('',(#1024,#1025,#1026,#1027,#1028));
#3025=EDGE_LOOP('',(#1029,#1030,#1031,#1032));
#3026=EDGE_LOOP('',(#1033,#1034,#1035,#1036,#1037));
#3027=EDGE_LOOP('',(#1038,#1039,#1040,#1041));
#3028=EDGE_LOOP('',(#1042,#1043,#1044,#1045,#1046));
#3029=EDGE_LOOP('',(#1047,#1048,#1049,#1050));
#3030=EDGE_LOOP('',(#1051,#1052,#1053,#1054,#1055));
#3031=EDGE_LOOP('',(#1056));
#3032=EDGE_LOOP('',(#1057));
#3033=EDGE_LOOP('',(#1058,#1059,#1060,#1061));
#3034=EDGE_LOOP('',(#1062,#1063,#1064,#1065));
#3035=EDGE_LOOP('',(#1066,#1067,#1068,#1069));
#3036=EDGE_LOOP('',(#1070,#1071,#1072,#1073));
#3037=EDGE_LOOP('',(#1074,#1075,#1076,#1077));
#3038=EDGE_LOOP('',(#1078,#1079,#1080,#1081));
#3039=EDGE_LOOP('',(#1082,#1083,#1084,#1085));
#3040=EDGE_LOOP('',(#1086,#1087,#1088,#1089));
#3041=EDGE_LOOP('',(#1090,#1091,#1092,#1093));
#3042=EDGE_LOOP('',(#1094,#1095,#1096,#1097));
#3043=EDGE_LOOP('',(#1098,#1099,#1100,#1101));
#3044=EDGE_LOOP('',(#1102,#1103,#1104,#1105));
#3045=EDGE_LOOP('',(#1106,#1107,#1108,#1109));
#3046=EDGE_LOOP('',(#1110,#1111,#1112,#1113));
#3047=EDGE_LOOP('',(#1114,#1115,#1116,#1117));
#3048=EDGE_LOOP('',(#1118,#1119,#1120,#1121));
#3049=EDGE_LOOP('',(#1122,#1123,#1124,#1125));
#3050=EDGE_LOOP('',(#1126,#1127,#1128,#1129));
#3051=EDGE_LOOP('',(#1130,#1131,#1132,#1133));
#3052=EDGE_LOOP('',(#1134,#1135,#1136,#1137));
#3053=EDGE_LOOP('',(#1138,#1139,#1140,#1141));
#3054=EDGE_LOOP('',(#1142,#1143,#1144,#1145));
#3055=EDGE_LOOP('',(#1146,#1147,#1148,#1149));
#3056=EDGE_LOOP('',(#1150,#1151,#1152,#1153));
#3057=EDGE_LOOP('',(#1154,#1155,#1156,#1157));
#3058=EDGE_LOOP('',(#1158,#1159,#1160,#1161));
#3059=EDGE_LOOP('',(#1162,#1163,#1164,#1165));
#3060=EDGE_LOOP('',(#1166,#1167,#1168,#1169));
#3061=EDGE_LOOP('',(#1170,#1171,#1172,#1173));
#3062=EDGE_LOOP('',(#1174,#1175,#1176,#1177));
#3063=EDGE_LOOP('',(#1178,#1179,#1180,#1181));
#3064=EDGE_LOOP('',(#1182,#1183,#1184,#1185));
#3065=EDGE_LOOP('',(#1186,#1187,#1188,#1189,#1190));
#3066=EDGE_LOOP('',(#1191,#1192,#1193,#1194,#1195,#1196));
#3067=EDGE_LOOP('',(#1197,#1198,#1199,#1200));
#3068=EDGE_LOOP('',(#1201,#1202,#1203,#1204));
#3069=EDGE_LOOP('',(#1205,#1206,#1207,#1208,#1209));
#3070=EDGE_LOOP('',(#1210,#1211,#1212));
#3071=FACE_BOUND('',#2860,.T.);
#3072=FACE_BOUND('',#2861,.T.);
#3073=FACE_BOUND('',#2862,.T.);
#3074=FACE_BOUND('',#2863,.T.);
#3075=FACE_BOUND('',#2864,.T.);
#3076=FACE_BOUND('',#2865,.T.);
#3077=FACE_BOUND('',#2866,.T.);
#3078=FACE_BOUND('',#2867,.T.);
#3079=FACE_BOUND('',#2868,.T.);
#3080=FACE_BOUND('',#2869,.T.);
#3081=FACE_BOUND('',#2870,.T.);
#3082=FACE_BOUND('',#2871,.T.);
#3083=FACE_BOUND('',#2872,.T.);
#3084=FACE_BOUND('',#2873,.T.);
#3085=FACE_BOUND('',#2874,.T.);
#3086=FACE_BOUND('',#2875,.T.);
#3087=FACE_BOUND('',#2876,.T.);
#3088=FACE_BOUND('',#2877,.T.);
#3089=FACE_BOUND('',#2878,.T.);
#3090=FACE_BOUND('',#2879,.T.);
#3091=FACE_BOUND('',#2880,.T.);
#3092=FACE_BOUND('',#2881,.T.);
#3093=FACE_BOUND('',#2882,.T.);
#3094=FACE_BOUND('',#2883,.T.);
#3095=FACE_BOUND('',#2884,.T.);
#3096=FACE_BOUND('',#2885,.T.);
#3097=FACE_BOUND('',#2886,.T.);
#3098=FACE_BOUND('',#2887,.T.);
#3099=FACE_BOUND('',#2888,.T.);
#3100=FACE_BOUND('',#2889,.T.);
#3101=FACE_BOUND('',#2890,.T.);
#3102=FACE_BOUND('',#2891,.T.);
#3103=FACE_BOUND('',#2892,.T.);
#3104=FACE_BOUND('',#2893,.T.);
#3105=FACE_BOUND('',#2894,.T.);
#3106=FACE_BOUND('',#2895,.T.);
#3107=FACE_BOUND('',#2896,.T.);
#3108=FACE_BOUND('',#2897,.T.);
#3109=FACE_BOUND('',#2898,.T.);
#3110=FACE_BOUND('',#2899,.T.);
#3111=FACE_BOUND('',#2900,.T.);
#3112=FACE_BOUND('',#2901,.T.);
#3113=FACE_BOUND('',#2902,.T.);
#3114=FACE_BOUND('',#2903,.T.);
#3115=FACE_BOUND('',#2904,.T.);
#3116=FACE_BOUND('',#2905,.T.);
#3117=FACE_BOUND('',#2906,.T.);
#3118=FACE_BOUND('',#2907,.T.);
#3119=FACE_BOUND('',#2908,.T.);
#3120=FACE_BOUND('',#2909,.T.);
#3121=FACE_BOUND('',#2910,.T.);
#3122=FACE_BOUND('',#2911,.T.);
#3123=FACE_BOUND('',#2912,.T.);
#3124=FACE_BOUND('',#2913,.T.);
#3125=FACE_BOUND('',#2914,.T.);
#3126=FACE_BOUND('',#2915,.T.);
#3127=FACE_BOUND('',#2916,.T.);
#3128=FACE_BOUND('',#2917,.T.);
#3129=FACE_BOUND('',#2918,.T.);
#3130=FACE_BOUND('',#2919,.T.);
#3131=FACE_BOUND('',#2920,.T.);
#3132=FACE_BOUND('',#2921,.T.);
#3133=FACE_BOUND('',#2922,.T.);
#3134=FACE_BOUND('',#2923,.T.);
#3135=FACE_BOUND('',#2924,.T.);
#3136=FACE_BOUND('',#2925,.T.);
#3137=FACE_BOUND('',#2926,.T.);
#3138=FACE_BOUND('',#2927,.T.);
#3139=FACE_BOUND('',#2928,.T.);
#3140=FACE_BOUND('',#2929,.T.);
#3141=FACE_BOUND('',#2930,.T.);
#3142=FACE_BOUND('',#2931,.T.);
#3143=FACE_BOUND('',#2932,.T.);
#3144=FACE_BOUND('',#2933,.T.);
#3145=FACE_BOUND('',#2934,.T.);
#3146=FACE_BOUND('',#2935,.T.);
#3147=FACE_BOUND('',#2936,.T.);
#3148=FACE_BOUND('',#2937,.T.);
#3149=FACE_BOUND('',#2938,.T.);
#3150=FACE_BOUND('',#2939,.T.);
#3151=FACE_BOUND('',#2940,.T.);
#3152=FACE_BOUND('',#2941,.T.);
#3153=FACE_BOUND('',#2942,.T.);
#3154=FACE_BOUND('',#2943,.T.);
#3155=FACE_BOUND('',#2944,.T.);
#3156=FACE_BOUND('',#2945,.T.);
#3157=FACE_BOUND('',#2946,.T.);
#3158=FACE_BOUND('',#2947,.T.);
#3159=FACE_BOUND('',#2948,.T.);
#3160=FACE_BOUND('',#2949,.T.);
#3161=FACE_BOUND('',#2950,.T.);
#3162=FACE_BOUND('',#2951,.T.);
#3163=FACE_BOUND('',#2952,.T.);
#3164=FACE_BOUND('',#2953,.T.);
#3165=FACE_BOUND('',#2954,.T.);
#3166=FACE_BOUND('',#2955,.T.);
#3167=FACE_BOUND('',#2956,.T.);
#3168=FACE_BOUND('',#2957,.T.);
#3169=FACE_BOUND('',#2958,.T.);
#3170=FACE_BOUND('',#2959,.T.);
#3171=FACE_BOUND('',#2960,.T.);
#3172=FACE_BOUND('',#2961,.T.);
#3173=FACE_BOUND('',#2962,.T.);
#3174=FACE_BOUND('',#2963,.T.);
#3175=FACE_BOUND('',#2964,.T.);
#3176=FACE_BOUND('',#2965,.T.);
#3177=FACE_BOUND('',#2966,.T.);
#3178=FACE_BOUND('',#2967,.T.);
#3179=FACE_BOUND('',#2968,.T.);
#3180=FACE_BOUND('',#2969,.T.);
#3181=FACE_BOUND('',#2970,.T.);
#3182=FACE_BOUND('',#2971,.T.);
#3183=FACE_BOUND('',#2972,.T.);
#3184=FACE_BOUND('',#2973,.T.);
#3185=FACE_BOUND('',#2974,.T.);
#3186=FACE_BOUND('',#2975,.T.);
#3187=FACE_BOUND('',#2976,.T.);
#3188=FACE_BOUND('',#2977,.T.);
#3189=FACE_BOUND('',#2978,.T.);
#3190=FACE_BOUND('',#2979,.T.);
#3191=FACE_BOUND('',#2980,.T.);
#3192=FACE_BOUND('',#2981,.T.);
#3193=FACE_BOUND('',#2982,.T.);
#3194=FACE_BOUND('',#2983,.T.);
#3195=FACE_BOUND('',#2984,.T.);
#3196=FACE_BOUND('',#2985,.T.);
#3197=FACE_BOUND('',#2986,.T.);
#3198=FACE_BOUND('',#2987,.T.);
#3199=FACE_BOUND('',#2988,.T.);
#3200=FACE_BOUND('',#2989,.T.);
#3201=FACE_BOUND('',#2990,.T.);
#3202=FACE_BOUND('',#2991,.T.);
#3203=FACE_BOUND('',#2992,.T.);
#3204=FACE_BOUND('',#2993,.T.);
#3205=FACE_BOUND('',#2994,.T.);
#3206=FACE_BOUND('',#2995,.T.);
#3207=FACE_BOUND('',#2996,.T.);
#3208=FACE_BOUND('',#2997,.T.);
#3209=FACE_BOUND('',#2998,.T.);
#3210=FACE_BOUND('',#2999,.T.);
#3211=FACE_BOUND('',#3000,.T.);
#3212=FACE_BOUND('',#3001,.T.);
#3213=FACE_BOUND('',#3002,.T.);
#3214=FACE_BOUND('',#3003,.T.);
#3215=FACE_BOUND('',#3004,.T.);
#3216=FACE_BOUND('',#3005,.T.);
#3217=FACE_BOUND('',#3006,.T.);
#3218=FACE_BOUND('',#3007,.T.);
#3219=FACE_BOUND('',#3008,.T.);
#3220=FACE_BOUND('',#3009,.T.);
#3221=FACE_BOUND('',#3010,.T.);
#3222=FACE_BOUND('',#3011,.T.);
#3223=FACE_BOUND('',#3012,.T.);
#3224=FACE_BOUND('',#3013,.T.);
#3225=FACE_BOUND('',#3014,.T.);
#3226=FACE_BOUND('',#3015,.T.);
#3227=FACE_BOUND('',#3016,.T.);
#3228=FACE_BOUND('',#3017,.T.);
#3229=FACE_BOUND('',#3018,.T.);
#3230=FACE_BOUND('',#3019,.T.);
#3231=FACE_BOUND('',#3020,.T.);
#3232=FACE_BOUND('',#3021,.T.);
#3233=FACE_BOUND('',#3022,.T.);
#3234=FACE_BOUND('',#3023,.T.);
#3235=FACE_BOUND('',#3024,.T.);
#3236=FACE_BOUND('',#3025,.T.);
#3237=FACE_BOUND('',#3026,.T.);
#3238=FACE_BOUND('',#3027,.T.);
#3239=FACE_BOUND('',#3028,.T.);
#3240=FACE_BOUND('',#3029,.T.);
#3241=FACE_BOUND('',#3030,.T.);
#3242=FACE_BOUND('',#3031,.T.);
#3243=FACE_BOUND('',#3032,.T.);
#3244=FACE_BOUND('',#3033,.T.);
#3245=FACE_BOUND('',#3034,.T.);
#3246=FACE_BOUND('',#3035,.T.);
#3247=FACE_BOUND('',#3036,.T.);
#3248=FACE_BOUND('',#3037,.T.);
#3249=FACE_BOUND('',#3038,.T.);
#3250=FACE_BOUND('',#3039,.T.);
#3251=FACE_BOUND('',#3040,.T.);
#3252=FACE_BOUND('',#3041,.T.);
#3253=FACE_BOUND('',#3042,.T.);
#3254=FACE_BOUND('',#3043,.T.);
#3255=FACE_BOUND('',#3044,.T.);
#3256=FACE_BOUND('',#3045,.T.);
#3257=FACE_BOUND('',#3046,.T.);
#3258=FACE_BOUND('',#3047,.T.);
#3259=FACE_BOUND('',#3048,.T.);
#3260=FACE_BOUND('',#3049,.T.);
#3261=FACE_BOUND('',#3050,.T.);
#3262=FACE_BOUND('',#3051,.T.);
#3263=FACE_BOUND('',#3052,.T.);
#3264=FACE_BOUND('',#3053,.T.);
#3265=FACE_BOUND('',#3054,.T.);
#3266=FACE_BOUND('',#3055,.T.);
#3267=FACE_BOUND('',#3056,.T.);
#3268=FACE_BOUND('',#3057,.T.);
#3269=FACE_BOUND('',#3058,.T.);
#3270=FACE_BOUND('',#3059,.T.);
#3271=FACE_BOUND('',#3060,.T.);
#3272=FACE_BOUND('',#3061,.T.);
#3273=FACE_BOUND('',#3062,.T.);
#3274=FACE_BOUND('',#3063,.T.);
#3275=FACE_BOUND('',#3064,.T.);
#3276=FACE_BOUND('',#3065,.T.);
#3277=FACE_BOUND('',#3066,.T.);
#3278=FACE_BOUND('',#3067,.T.);
#3279=FACE_BOUND('',#3068,.T.);
#3280=FACE_BOUND('',#3069,.T.);
#3281=FACE_BOUND('',#3070,.T.);
#3282=CYLINDRICAL_SURFACE('',#3496,0.005);
#3283=CYLINDRICAL_SURFACE('',#3504,0.003);
#3284=CYLINDRICAL_SURFACE('',#3577,0.003);
#3285=CYLINDRICAL_SURFACE('',#3579,0.003);
#3286=CYLINDRICAL_SURFACE('',#3624,0.0045);
#3287=CYLINDRICAL_SURFACE('',#3625,0.0045);
#3288=CYLINDRICAL_SURFACE('',#3637,0.0025);
#3289=CYLINDRICAL_SURFACE('',#3639,0.0025);
#3290=CYLINDRICAL_SURFACE('',#3659,0.005);
#3291=CYLINDRICAL_SURFACE('',#3663,0.005);
#3292=CYLINDRICAL_SURFACE('',#3664,0.002);
#3293=CYLINDRICAL_SURFACE('',#3666,0.003);
#3294=CYLINDRICAL_SURFACE('',#3672,0.003);
#3295=CYLINDRICAL_SURFACE('',#3676,0.0025);
#3296=CYLINDRICAL_SURFACE('',#3678,0.001);
#3297=CYLINDRICAL_SURFACE('',#3681,0.0025);
#3298=CYLINDRICAL_SURFACE('',#3685,0.0025);
#3299=CYLINDRICAL_SURFACE('',#3689,0.0025);
#3300=CYLINDRICAL_SURFACE('',#3693,0.0025);
#3301=CYLINDRICAL_SURFACE('',#3695,0.001);
#3302=CYLINDRICAL_SURFACE('',#3698,0.0025);
#3303=CYLINDRICAL_SURFACE('',#3702,0.0025);
#3304=CYLINDRICAL_SURFACE('',#3706,0.0025);
#3305=CYLINDRICAL_SURFACE('',#3719,0.0015);
#3306=CYLINDRICAL_SURFACE('',#3721,0.003);
#3307=CYLINDRICAL_SURFACE('',#3722,0.0029999999999999);
#3308=CYLINDRICAL_SURFACE('',#3724,0.0015);
#3309=ADVANCED_FACE('',(#3071),#3282,.F.);
#3310=ADVANCED_FACE('',(#3072),#18,.F.);
#3311=ADVANCED_FACE('',(#3073),#3283,.F.);
#3312=ADVANCED_FACE('',(#3074,#3075,#3076,#3077,#3078),#19,.T.);
#3313=ADVANCED_FACE('',(#3079,#3080,#3081,#3082,#3083),#20,.F.);
#3314=ADVANCED_FACE('',(#3084,#3085,#3086,#3087,#3088,#3089),#21,.F.);
#3315=ADVANCED_FACE('',(#3090,#3091,#3092,#3093,#3094,#3095),#22,.T.);
#3316=ADVANCED_FACE('',(#3096),#23,.T.);
#3317=ADVANCED_FACE('',(#3097,#3098,#3099,#3100,#3101,#3102),#24,.T.);
#3318=ADVANCED_FACE('',(#3103),#25,.T.);
#3319=ADVANCED_FACE('',(#3104),#26,.T.);
#3320=ADVANCED_FACE('',(#3105),#27,.T.);
#3321=ADVANCED_FACE('',(#3106),#28,.F.);
#3322=ADVANCED_FACE('',(#3107),#29,.T.);
#3323=ADVANCED_FACE('',(#3108),#30,.T.);
#3324=ADVANCED_FACE('',(#3109),#31,.T.);
#3325=ADVANCED_FACE('',(#3110),#32,.T.);
#3326=ADVANCED_FACE('',(#3111),#33,.F.);
#3327=ADVANCED_FACE('',(#3112),#34,.F.);
#3328=ADVANCED_FACE('',(#3113,#3114),#35,.F.);
#3329=ADVANCED_FACE('',(#3115),#36,.F.);
#3330=ADVANCED_FACE('',(#3116),#37,.T.);
#3331=ADVANCED_FACE('',(#3117),#38,.F.);
#3332=ADVANCED_FACE('',(#3118),#39,.F.);
#3333=ADVANCED_FACE('',(#3119),#40,.F.);
#3334=ADVANCED_FACE('',(#3120,#3121,#3122,#3123,#3124,#3125),#41,.F.);
#3335=ADVANCED_FACE('',(#3126),#42,.T.);
#3336=ADVANCED_FACE('',(#3127),#43,.T.);
#3337=ADVANCED_FACE('',(#3128),#3284,.F.);
#3338=ADVANCED_FACE('',(#3129),#3285,.F.);
#3339=ADVANCED_FACE('',(#3130),#44,.F.);
#3340=ADVANCED_FACE('',(#3131),#45,.F.);
#3341=ADVANCED_FACE('',(#3132),#46,.F.);
#3342=ADVANCED_FACE('',(#3133),#47,.T.);
#3343=ADVANCED_FACE('',(#3134),#48,.T.);
#3344=ADVANCED_FACE('',(#3135),#49,.T.);
#3345=ADVANCED_FACE('',(#3136),#50,.F.);
#3346=ADVANCED_FACE('',(#3137),#51,.T.);
#3347=ADVANCED_FACE('',(#3138),#52,.T.);
#3348=ADVANCED_FACE('',(#3139),#53,.T.);
#3349=ADVANCED_FACE('',(#3140),#54,.T.);
#3350=ADVANCED_FACE('',(#3141),#55,.F.);
#3351=ADVANCED_FACE('',(#3142),#56,.T.);
#3352=ADVANCED_FACE('',(#3143),#57,.F.);
#3353=ADVANCED_FACE('',(#3144),#58,.T.);
#3354=ADVANCED_FACE('',(#3145),#59,.F.);
#3355=ADVANCED_FACE('',(#3146),#60,.F.);
#3356=ADVANCED_FACE('',(#3147),#61,.T.);
#3357=ADVANCED_FACE('',(#3148),#62,.F.);
#3358=ADVANCED_FACE('',(#3149),#63,.F.);
#3359=ADVANCED_FACE('',(#3150),#64,.F.);
#3360=ADVANCED_FACE('',(#3151),#65,.T.);
#3361=ADVANCED_FACE('',(#3152),#66,.T.);
#3362=ADVANCED_FACE('',(#3153),#67,.F.);
#3363=ADVANCED_FACE('',(#3154),#68,.T.);
#3364=ADVANCED_FACE('',(#3155),#69,.F.);
#3365=ADVANCED_FACE('',(#3156),#70,.F.);
#3366=ADVANCED_FACE('',(#3157),#71,.F.);
#3367=ADVANCED_FACE('',(#3158),#72,.T.);
#3368=ADVANCED_FACE('',(#3159),#73,.F.);
#3369=ADVANCED_FACE('',(#3160),#74,.F.);
#3370=ADVANCED_FACE('',(#3161),#75,.T.);
#3371=ADVANCED_FACE('',(#3162),#76,.T.);
#3372=ADVANCED_FACE('',(#3163),#77,.F.);
#3373=ADVANCED_FACE('',(#3164),#78,.T.);
#3374=ADVANCED_FACE('',(#3165),#79,.T.);
#3375=ADVANCED_FACE('',(#3166),#80,.T.);
#3376=ADVANCED_FACE('',(#3167),#81,.T.);
#3377=ADVANCED_FACE('',(#3168),#82,.T.);
#3378=ADVANCED_FACE('',(#3169,#3170),#83,.F.);
#3379=ADVANCED_FACE('',(#3171),#84,.T.);
#3380=ADVANCED_FACE('',(#3172),#3286,.T.);
#3381=ADVANCED_FACE('',(#3173),#3287,.T.);
#3382=ADVANCED_FACE('',(#3174),#85,.F.);
#3383=ADVANCED_FACE('',(#3175),#86,.F.);
#3384=ADVANCED_FACE('',(#3176),#87,.F.);
#3385=ADVANCED_FACE('',(#3177),#88,.F.);
#3386=ADVANCED_FACE('',(#3178),#89,.F.);
#3387=ADVANCED_FACE('',(#3179),#90,.F.);
#3388=ADVANCED_FACE('',(#3180),#91,.T.);
#3389=ADVANCED_FACE('',(#3181),#92,.T.);
#3390=ADVANCED_FACE('',(#3182),#93,.T.);
#3391=ADVANCED_FACE('',(#3183,#3184),#94,.T.);
#3392=ADVANCED_FACE('',(#3185),#95,.T.);
#3393=ADVANCED_FACE('',(#3186,#3187),#3288,.F.);
#3394=ADVANCED_FACE('',(#3188,#3189),#3289,.F.);
#3395=ADVANCED_FACE('',(#3190),#96,.F.);
#3396=ADVANCED_FACE('',(#3191),#97,.F.);
#3397=ADVANCED_FACE('',(#3192),#98,.T.);
#3398=ADVANCED_FACE('',(#3193),#99,.F.);
#3399=ADVANCED_FACE('',(#3194),#100,.F.);
#3400=ADVANCED_FACE('',(#3195),#101,.F.);
#3401=ADVANCED_FACE('',(#3196),#102,.F.);
#3402=ADVANCED_FACE('',(#3197),#103,.T.);
#3403=ADVANCED_FACE('',(#3198),#104,.T.);
#3404=ADVANCED_FACE('',(#3199),#105,.T.);
#3405=ADVANCED_FACE('',(#3200),#106,.F.);
#3406=ADVANCED_FACE('',(#3201),#107,.T.);
#3407=ADVANCED_FACE('',(#3202,#3203),#16,.T.);
#3408=ADVANCED_FACE('',(#3204,#3205),#17,.T.);
#3409=ADVANCED_FACE('',(#3206),#108,.F.);
#3410=ADVANCED_FACE('',(#3207),#109,.F.);
#3411=ADVANCED_FACE('',(#3208),#110,.F.);
#3412=ADVANCED_FACE('',(#3209),#3290,.F.);
#3413=ADVANCED_FACE('',(#3210),#111,.F.);
#3414=ADVANCED_FACE('',(#3211),#3291,.F.);
#3415=ADVANCED_FACE('',(#3212),#3292,.F.);
#3416=ADVANCED_FACE('',(#3213),#3293,.F.);
#3417=ADVANCED_FACE('',(#3214),#14,.F.);
#3418=ADVANCED_FACE('',(#3215),#112,.F.);
#3419=ADVANCED_FACE('',(#3216),#15,.F.);
#3420=ADVANCED_FACE('',(#3217),#12,.T.);
#3421=ADVANCED_FACE('',(#3218),#3294,.T.);
#3422=ADVANCED_FACE('',(#3219),#13,.T.);
#3423=ADVANCED_FACE('',(#3220),#113,.T.);
#3424=ADVANCED_FACE('',(#3221),#114,.F.);
#3425=ADVANCED_FACE('',(#3222),#3295,.T.);
#3426=ADVANCED_FACE('',(#3223),#115,.T.);
#3427=ADVANCED_FACE('',(#3224,#3225),#3296,.F.);
#3428=ADVANCED_FACE('',(#3226),#116,.T.);
#3429=ADVANCED_FACE('',(#3227),#117,.T.);
#3430=ADVANCED_FACE('',(#3228),#3297,.T.);
#3431=ADVANCED_FACE('',(#3229),#118,.T.);
#3432=ADVANCED_FACE('',(#3230),#119,.T.);
#3433=ADVANCED_FACE('',(#3231),#120,.F.);
#3434=ADVANCED_FACE('',(#3232),#3298,.T.);
#3435=ADVANCED_FACE('',(#3233),#121,.F.);
#3436=ADVANCED_FACE('',(#3234),#122,.T.);
#3437=ADVANCED_FACE('',(#3235),#123,.T.);
#3438=ADVANCED_FACE('',(#3236),#3299,.T.);
#3439=ADVANCED_FACE('',(#3237),#124,.F.);
#3440=ADVANCED_FACE('',(#3238),#125,.T.);
#3441=ADVANCED_FACE('',(#3239),#126,.F.);
#3442=ADVANCED_FACE('',(#3240),#3300,.T.);
#3443=ADVANCED_FACE('',(#3241),#127,.F.);
#3444=ADVANCED_FACE('',(#3242,#3243),#3301,.F.);
#3445=ADVANCED_FACE('',(#3244),#128,.T.);
#3446=ADVANCED_FACE('',(#3245),#129,.F.);
#3447=ADVANCED_FACE('',(#3246),#3302,.T.);
#3448=ADVANCED_FACE('',(#3247),#130,.F.);
#3449=ADVANCED_FACE('',(#3248),#131,.T.);
#3450=ADVANCED_FACE('',(#3249),#132,.F.);
#3451=ADVANCED_FACE('',(#3250),#3303,.T.);
#3452=ADVANCED_FACE('',(#3251),#133,.F.);
#3453=ADVANCED_FACE('',(#3252),#134,.T.);
#3454=ADVANCED_FACE('',(#3253),#135,.F.);
#3455=ADVANCED_FACE('',(#3254),#3304,.T.);
#3456=ADVANCED_FACE('',(#3255),#136,.F.);
#3457=ADVANCED_FACE('',(#3256),#137,.T.);
#3458=ADVANCED_FACE('',(#3257),#138,.F.);
#3459=ADVANCED_FACE('',(#3258),#139,.F.);
#3460=ADVANCED_FACE('',(#3259),#140,.F.);
#3461=ADVANCED_FACE('',(#3260),#141,.T.);
#3462=ADVANCED_FACE('',(#3261),#142,.F.);
#3463=ADVANCED_FACE('',(#3262),#143,.T.);
#3464=ADVANCED_FACE('',(#3263),#144,.T.);
#3465=ADVANCED_FACE('',(#3264),#145,.T.);
#3466=ADVANCED_FACE('',(#3265),#146,.T.);
#3467=ADVANCED_FACE('',(#3266),#147,.T.);
#3468=ADVANCED_FACE('',(#3267),#3305,.T.);
#3469=ADVANCED_FACE('',(#3268),#148,.T.);
#3470=ADVANCED_FACE('',(#3269),#3306,.F.);
#3471=ADVANCED_FACE('',(#3270),#3307,.F.);
#3472=ADVANCED_FACE('',(#3271),#149,.T.);
#3473=ADVANCED_FACE('',(#3272),#3308,.T.);
#3474=ADVANCED_FACE('',(#3273),#150,.T.);
#3475=ADVANCED_FACE('',(#3274),#151,.F.);
#3476=ADVANCED_FACE('',(#3275),#152,.T.);
#3477=ADVANCED_FACE('',(#3276),#153,.F.);
#3478=ADVANCED_FACE('',(#3277),#154,.F.);
#3479=ADVANCED_FACE('',(#3278),#155,.F.);
#3480=ADVANCED_FACE('',(#3279),#156,.F.);
#3481=ADVANCED_FACE('',(#3280),#157,.F.);
#3482=ADVANCED_FACE('',(#3281),#158,.F.);
#3483=CLOSED_SHELL('',(#3309,#3310,#3311,#3312,#3313,#3314,#3315,#3316,
#3317,#3318,#3319,#3320,#3321,#3322,#3323,#3324,#3325,#3326,#3327,#3328,
#3329,#3330,#3331,#3332,#3333,#3334,#3335,#3336,#3337,#3338,#3339,#3340,
#3341,#3342,#3343,#3344,#3345,#3346,#3347,#3348,#3349,#3350,#3351,#3352,
#3353,#3354,#3355,#3356,#3357,#3358,#3359,#3360,#3361,#3362,#3363,#3364,
#3365,#3366,#3367,#3368,#3369,#3370,#3371,#3372,#3373,#3374,#3375,#3376,
#3377,#3378,#3379,#3380,#3381,#3382,#3383,#3384,#3385,#3386,#3387,#3388,
#3389,#3390,#3391,#3392,#3393,#3394,#3395,#3396,#3397,#3398,#3399,#3400,
#3401,#3402,#3403,#3404,#3405,#3406,#3407,#3408,#3409,#3410,#3411,#3412,
#3413,#3414,#3415,#3416,#3417,#3418,#3419,#3420,#3421,#3422,#3423,#3424,
#3425,#3426,#3427,#3428,#3429,#3430,#3431,#3432,#3433,#3434,#3435,#3436,
#3437,#3438,#3439,#3440,#3441,#3442,#3443,#3444,#3445,#3446,#3447,#3448,
#3449,#3450,#3451,#3452,#3453,#3454,#3455,#3456,#3457,#3458,#3459,#3460,
#3461,#3462,#3463,#3464,#3465,#3466,#3467,#3468,#3469,#3470,#3471,#3472,
#3473,#3474,#3475,#3476,#3477,#3478,#3479,#3480,#3481,#3482));
#3484=STYLED_ITEM('',(#3485),#3492);
#3485=PRESENTATION_STYLE_ASSIGNMENT((#3486));
#3486=SURFACE_STYLE_USAGE(.BOTH.,#3487);
#3487=SURFACE_SIDE_STYLE('',(#3488));
#3488=SURFACE_STYLE_FILL_AREA(#3489);
#3489=FILL_AREA_STYLE('',(#3490));
#3490=FILL_AREA_STYLE_COLOUR('',#3491);
#3491=COLOUR_RGB('',0.556862745098039,0.274509803921568,0.274509803921568);
#3492=MANIFOLD_SOLID_BREP('Part 1',#3483);
#3493=SHAPE_DEFINITION_REPRESENTATION(#5668,#3494);
#3494=SHAPE_REPRESENTATION('Part 1',(#3495),#5663);
#3495=AXIS2_PLACEMENT_3D('',#4631,#3734,#3735);
#3496=AXIS2_PLACEMENT_3D('',#4632,#3736,#3737);
#3497=AXIS2_PLACEMENT_3D('',#4636,#3739,#3740);
#3498=AXIS2_PLACEMENT_3D('',#4640,#3742,#3743);
#3499=AXIS2_PLACEMENT_3D('',#4644,#3745,#3746);
#3500=AXIS2_PLACEMENT_3D('',#4651,#3747,#3748);
#3501=AXIS2_PLACEMENT_3D('',#4652,#3749,#3750);
#3502=AXIS2_PLACEMENT_3D('',#4656,#3752,#3753);
#3503=AXIS2_PLACEMENT_3D('',#4658,#3754,#3755);
#3504=AXIS2_PLACEMENT_3D('',#4663,#3758,#3759);
#3505=AXIS2_PLACEMENT_3D('',#4667,#3761,#3762);
#3506=AXIS2_PLACEMENT_3D('',#4671,#3764,#3765);
#3507=AXIS2_PLACEMENT_3D('',#4678,#3766,#3767);
#3508=AXIS2_PLACEMENT_3D('',#4679,#3768,#3769);
#3509=AXIS2_PLACEMENT_3D('',#4680,#3770,#3771);
#3510=AXIS2_PLACEMENT_3D('',#4685,#3773,#3774);
#3511=AXIS2_PLACEMENT_3D('',#4712,#3788,#3789);
#3512=AXIS2_PLACEMENT_3D('',#4716,#3791,#3792);
#3513=AXIS2_PLACEMENT_3D('',#4749,#3809,#3810);
#3514=AXIS2_PLACEMENT_3D('',#4758,#3814,#3815);
#3515=AXIS2_PLACEMENT_3D('',#4761,#3817,#3818);
#3516=AXIS2_PLACEMENT_3D('',#4765,#3820,#3821);
#3517=AXIS2_PLACEMENT_3D('',#4773,#3825,#3826);
#3518=AXIS2_PLACEMENT_3D('',#4782,#3831,#3832);
#3519=AXIS2_PLACEMENT_3D('',#4787,#3834,#3835);
#3520=AXIS2_PLACEMENT_3D('',#4801,#3842,#3843);
#3521=AXIS2_PLACEMENT_3D('',#4817,#3851,#3852);
#3522=AXIS2_PLACEMENT_3D('',#4841,#3864,#3865);
#3523=AXIS2_PLACEMENT_3D('',#4845,#3867,#3868);
#3524=AXIS2_PLACEMENT_3D('',#4850,#3871,#3872);
#3525=AXIS2_PLACEMENT_3D('',#4851,#3873,#3874);
#3526=AXIS2_PLACEMENT_3D('',#4864,#3880,#3881);
#3527=AXIS2_PLACEMENT_3D('',#4872,#3885,#3886);
#3528=AXIS2_PLACEMENT_3D('',#4880,#3890,#3891);
#3529=AXIS2_PLACEMENT_3D('',#4888,#3895,#3896);
#3530=AXIS2_PLACEMENT_3D('',#4893,#3899,#3900);
#3531=AXIS2_PLACEMENT_3D('',#4899,#3903,#3904);
#3532=AXIS2_PLACEMENT_3D('',#4906,#3908,#3909);
#3533=AXIS2_PLACEMENT_3D('',#4921,#3917,#3918);
#3534=AXIS2_PLACEMENT_3D('',#4923,#3919,#3920);
#3535=AXIS2_PLACEMENT_3D('',#4930,#3923,#3924);
#3536=AXIS2_PLACEMENT_3D('',#4938,#3928,#3929);
#3537=AXIS2_PLACEMENT_3D('',#4941,#3931,#3932);
#3538=AXIS2_PLACEMENT_3D('',#4954,#3940,#3941);
#3539=AXIS2_PLACEMENT_3D('',#4955,#3942,#3943);
#3540=AXIS2_PLACEMENT_3D('',#4957,#3944,#3945);
#3541=AXIS2_PLACEMENT_3D('',#4966,#3949,#3950);
#3542=AXIS2_PLACEMENT_3D('',#4974,#3954,#3955);
#3543=AXIS2_PLACEMENT_3D('',#4982,#3959,#3960);
#3544=AXIS2_PLACEMENT_3D('',#4985,#3962,#3963);
#3545=AXIS2_PLACEMENT_3D('',#4997,#3970,#3971);
#3546=AXIS2_PLACEMENT_3D('',#5011,#3979,#3980);
#3547=AXIS2_PLACEMENT_3D('',#5032,#3993,#3994);
#3548=AXIS2_PLACEMENT_3D('',#5040,#3999,#4000);
#3549=AXIS2_PLACEMENT_3D('',#5044,#4002,#4003);
#3550=AXIS2_PLACEMENT_3D('',#5049,#4006,#4007);
#3551=AXIS2_PLACEMENT_3D('',#5063,#4015,#4016);
#3552=AXIS2_PLACEMENT_3D('',#5072,#4021,#4022);
#3553=AXIS2_PLACEMENT_3D('',#5080,#4028,#4029);
#3554=AXIS2_PLACEMENT_3D('',#5088,#4034,#4035);
#3555=AXIS2_PLACEMENT_3D('',#5095,#4039,#4040);
#3556=AXIS2_PLACEMENT_3D('',#5110,#4049,#4050);
#3557=AXIS2_PLACEMENT_3D('',#5111,#4051,#4052);
#3558=AXIS2_PLACEMENT_3D('',#5113,#4053,#4054);
#3559=AXIS2_PLACEMENT_3D('',#5118,#4057,#4058);
#3560=AXIS2_PLACEMENT_3D('',#5119,#4059,#4060);
#3561=AXIS2_PLACEMENT_3D('',#5126,#4065,#4066);
#3562=AXIS2_PLACEMENT_3D('',#5139,#4073,#4074);
#3563=AXIS2_PLACEMENT_3D('',#5143,#4077,#4078);
#3564=AXIS2_PLACEMENT_3D('',#5151,#4083,#4084);
#3565=AXIS2_PLACEMENT_3D('',#5152,#4085,#4086);
#3566=AXIS2_PLACEMENT_3D('',#5159,#4091,#4092);
#3567=AXIS2_PLACEMENT_3D('',#5163,#4094,#4095);
#3568=AXIS2_PLACEMENT_3D('',#5171,#4099,#4100);
#3569=AXIS2_PLACEMENT_3D('',#5179,#4104,#4105);
#3570=AXIS2_PLACEMENT_3D('',#5184,#4108,#4109);
#3571=AXIS2_PLACEMENT_3D('',#5189,#4111,#4112);
#3572=AXIS2_PLACEMENT_3D('',#5198,#4118,#4119);
#3573=AXIS2_PLACEMENT_3D('',#5204,#4122,#4123);
#3574=AXIS2_PLACEMENT_3D('',#5209,#4126,#4127);
#3575=AXIS2_PLACEMENT_3D('',#5210,#4128,#4129);
#3576=AXIS2_PLACEMENT_3D('',#5214,#4131,#4132);
#3577=AXIS2_PLACEMENT_3D('',#5216,#4134,#4135);
#3578=AXIS2_PLACEMENT_3D('',#5219,#4137,#4138);
#3579=AXIS2_PLACEMENT_3D('',#5224,#4142,#4143);
#3580=AXIS2_PLACEMENT_3D('',#5227,#4145,#4146);
#3581=AXIS2_PLACEMENT_3D('',#5231,#4148,#4149);
#3582=AXIS2_PLACEMENT_3D('',#5234,#4151,#4152);
#3583=AXIS2_PLACEMENT_3D('',#5239,#4157,#4158);
#3584=AXIS2_PLACEMENT_3D('',#5242,#4161,#4162);
#3585=AXIS2_PLACEMENT_3D('',#5245,#4165,#4166);
#3586=AXIS2_PLACEMENT_3D('',#5251,#4170,#4171);
#3587=AXIS2_PLACEMENT_3D('',#5253,#4173,#4174);
#3588=AXIS2_PLACEMENT_3D('',#5261,#4179,#4180);
#3589=AXIS2_PLACEMENT_3D('',#5270,#4186,#4187);
#3590=AXIS2_PLACEMENT_3D('',#5279,#4193,#4194);
#3591=AXIS2_PLACEMENT_3D('',#5287,#4199,#4200);
#3592=AXIS2_PLACEMENT_3D('',#5296,#4206,#4207);
#3593=AXIS2_PLACEMENT_3D('',#5305,#4213,#4214);
#3594=AXIS2_PLACEMENT_3D('',#5314,#4220,#4221);
#3595=AXIS2_PLACEMENT_3D('',#5316,#4223,#4224);
#3596=AXIS2_PLACEMENT_3D('',#5320,#4227,#4228);
#3597=AXIS2_PLACEMENT_3D('',#5322,#4230,#4231);
#3598=AXIS2_PLACEMENT_3D('',#5324,#4233,#4234);
#3599=AXIS2_PLACEMENT_3D('',#5326,#4236,#4237);
#3600=AXIS2_PLACEMENT_3D('',#5328,#4239,#4240);
#3601=AXIS2_PLACEMENT_3D('',#5330,#4242,#4243);
#3602=AXIS2_PLACEMENT_3D('',#5336,#4247,#4248);
#3603=AXIS2_PLACEMENT_3D('',#5343,#4253,#4254);
#3604=AXIS2_PLACEMENT_3D('',#5345,#4256,#4257);
#3605=AXIS2_PLACEMENT_3D('',#5346,#4258,#4259);
#3606=AXIS2_PLACEMENT_3D('',#5348,#4261,#4262);
#3607=AXIS2_PLACEMENT_3D('',#5350,#4264,#4265);
#3608=AXIS2_PLACEMENT_3D('',#5354,#4268,#4269);
#3609=AXIS2_PLACEMENT_3D('',#5360,#4273,#4274);
#3610=AXIS2_PLACEMENT_3D('',#5362,#4276,#4277);
#3611=AXIS2_PLACEMENT_3D('',#5364,#4279,#4280);
#3612=AXIS2_PLACEMENT_3D('',#5370,#4284,#4285);
#3613=AXIS2_PLACEMENT_3D('',#5372,#4287,#4288);
#3614=AXIS2_PLACEMENT_3D('',#5374,#4290,#4291);
#3615=AXIS2_PLACEMENT_3D('',#5376,#4293,#4294);
#3616=AXIS2_PLACEMENT_3D('',#5378,#4296,#4297);
#3617=AXIS2_PLACEMENT_3D('',#5380,#4299,#4300);
#3618=AXIS2_PLACEMENT_3D('',#5381,#4301,#4302);
#3619=AXIS2_PLACEMENT_3D('',#5382,#4303,#4304);
#3620=AXIS2_PLACEMENT_3D('',#5383,#4305,#4306);
#3621=AXIS2_PLACEMENT_3D('',#5384,#4307,#4308);
#3622=AXIS2_PLACEMENT_3D('',#5401,#4312,#4313);
#3623=AXIS2_PLACEMENT_3D('',#5403,#4314,#4315);
#3624=AXIS2_PLACEMENT_3D('',#5405,#4317,#4318);
#3625=AXIS2_PLACEMENT_3D('',#5406,#4319,#4320);
#3626=AXIS2_PLACEMENT_3D('',#5407,#4321,#4322);
#3627=AXIS2_PLACEMENT_3D('',#5409,#4324,#4325);
#3628=AXIS2_PLACEMENT_3D('',#5411,#4327,#4328);
#3629=AXIS2_PLACEMENT_3D('',#5415,#4331,#4332);
#3630=AXIS2_PLACEMENT_3D('',#5419,#4335,#4336);
#3631=AXIS2_PLACEMENT_3D('',#5421,#4338,#4339);
#3632=AXIS2_PLACEMENT_3D('',#5423,#4341,#4342);
#3633=AXIS2_PLACEMENT_3D('',#5424,#4343,#4344);
#3634=AXIS2_PLACEMENT_3D('',#5433,#4350,#4351);
#3635=AXIS2_PLACEMENT_3D('',#5442,#4357,#4358);
#3636=AXIS2_PLACEMENT_3D('',#5449,#4363,#4364);
#3637=AXIS2_PLACEMENT_3D('',#5450,#4365,#4366);
#3638=AXIS2_PLACEMENT_3D('',#5451,#4367,#4368);
#3639=AXIS2_PLACEMENT_3D('',#5453,#4369,#4370);
#3640=AXIS2_PLACEMENT_3D('',#5454,#4371,#4372);
#3641=AXIS2_PLACEMENT_3D('',#5456,#4373,#4374);
#3642=AXIS2_PLACEMENT_3D('',#5457,#4375,#4376);
#3643=AXIS2_PLACEMENT_3D('',#5458,#4377,#4378);
#3644=AXIS2_PLACEMENT_3D('',#5463,#4382,#4383);
#3645=AXIS2_PLACEMENT_3D('',#5465,#4385,#4386);
#3646=AXIS2_PLACEMENT_3D('',#5467,#4388,#4389);
#3647=AXIS2_PLACEMENT_3D('',#5468,#4390,#4391);
#3648=AXIS2_PLACEMENT_3D('',#5470,#4393,#4394);
#3649=AXIS2_PLACEMENT_3D('',#5472,#4396,#4397);
#3650=AXIS2_PLACEMENT_3D('',#5474,#4399,#4400);
#3651=AXIS2_PLACEMENT_3D('',#5475,#4401,#4402);
#3652=AXIS2_PLACEMENT_3D('',#5477,#4404,#4405);
#3653=AXIS2_PLACEMENT_3D('',#5478,#4406,#4407);
#3654=AXIS2_PLACEMENT_3D('',#5479,#4408,#4409);
#3655=AXIS2_PLACEMENT_3D('',#5480,#4410,#4411);
#3656=AXIS2_PLACEMENT_3D('',#5483,#4414,#4415);
#3657=AXIS2_PLACEMENT_3D('',#5485,#4417,#4418);
#3658=AXIS2_PLACEMENT_3D('',#5486,#4419,#4420);
#3659=AXIS2_PLACEMENT_3D('',#5487,#4421,#4422);
#3660=AXIS2_PLACEMENT_3D('',#5488,#4423,#4424);
#3661=AXIS2_PLACEMENT_3D('',#5489,#4425,#4426);
#3662=AXIS2_PLACEMENT_3D('',#5491,#4427,#4428);
#3663=AXIS2_PLACEMENT_3D('',#5492,#4429,#4430);
#3664=AXIS2_PLACEMENT_3D('',#5494,#4432,#4433);
#3665=AXIS2_PLACEMENT_3D('',#5495,#4434,#4435);
#3666=AXIS2_PLACEMENT_3D('',#5496,#4436,#4437);
#3667=AXIS2_PLACEMENT_3D('',#5497,#4438,#4439);
#3668=AXIS2_PLACEMENT_3D('',#5498,#4440,#4441);
#3669=AXIS2_PLACEMENT_3D('',#5506,#4443,#4444);
#3670=AXIS2_PLACEMENT_3D('',#5510,#4447,#4448);
#3671=AXIS2_PLACEMENT_3D('',#5528,#4449,#4450);
#3672=AXIS2_PLACEMENT_3D('',#5529,#4451,#4452);
#3673=AXIS2_PLACEMENT_3D('',#5530,#4453,#4454);
#3674=AXIS2_PLACEMENT_3D('',#5546,#4455,#4456);
#3675=AXIS2_PLACEMENT_3D('',#5549,#4459,#4460);
#3676=AXIS2_PLACEMENT_3D('',#5551,#4462,#4463);
#3677=AXIS2_PLACEMENT_3D('',#5553,#4465,#4466);
#3678=AXIS2_PLACEMENT_3D('',#5554,#4467,#4468);
#3679=AXIS2_PLACEMENT_3D('',#5555,#4469,#4470);
#3680=AXIS2_PLACEMENT_3D('',#5558,#4473,#4474);
#3681=AXIS2_PLACEMENT_3D('',#5560,#4476,#4477);
#3682=AXIS2_PLACEMENT_3D('',#5562,#4479,#4480);
#3683=AXIS2_PLACEMENT_3D('',#5563,#4481,#4482);
#3684=AXIS2_PLACEMENT_3D('',#5566,#4485,#4486);
#3685=AXIS2_PLACEMENT_3D('',#5568,#4488,#4489);
#3686=AXIS2_PLACEMENT_3D('',#5570,#4491,#4492);
#3687=AXIS2_PLACEMENT_3D('',#5571,#4493,#4494);
#3688=AXIS2_PLACEMENT_3D('',#5574,#4497,#4498);
#3689=AXIS2_PLACEMENT_3D('',#5576,#4500,#4501);
#3690=AXIS2_PLACEMENT_3D('',#5578,#4503,#4504);
#3691=AXIS2_PLACEMENT_3D('',#5579,#4505,#4506);
#3692=AXIS2_PLACEMENT_3D('',#5582,#4509,#4510);
#3693=AXIS2_PLACEMENT_3D('',#5584,#4512,#4513);
#3694=AXIS2_PLACEMENT_3D('',#5586,#4515,#4516);
#3695=AXIS2_PLACEMENT_3D('',#5587,#4517,#4518);
#3696=AXIS2_PLACEMENT_3D('',#5588,#4519,#4520);
#3697=AXIS2_PLACEMENT_3D('',#5591,#4523,#4524);
#3698=AXIS2_PLACEMENT_3D('',#5593,#4526,#4527);
#3699=AXIS2_PLACEMENT_3D('',#5595,#4529,#4530);
#3700=AXIS2_PLACEMENT_3D('',#5596,#4531,#4532);
#3701=AXIS2_PLACEMENT_3D('',#5599,#4535,#4536);
#3702=AXIS2_PLACEMENT_3D('',#5601,#4538,#4539);
#3703=AXIS2_PLACEMENT_3D('',#5603,#4541,#4542);
#3704=AXIS2_PLACEMENT_3D('',#5604,#4543,#4544);
#3705=AXIS2_PLACEMENT_3D('',#5607,#4547,#4548);
#3706=AXIS2_PLACEMENT_3D('',#5609,#4550,#4551);
#3707=AXIS2_PLACEMENT_3D('',#5611,#4553,#4554);
#3708=AXIS2_PLACEMENT_3D('',#5612,#4555,#4556);
#3709=AXIS2_PLACEMENT_3D('',#5615,#4559,#4560);
#3710=AXIS2_PLACEMENT_3D('',#5617,#4562,#4563);
#3711=AXIS2_PLACEMENT_3D('',#5619,#4565,#4566);
#3712=AXIS2_PLACEMENT_3D('',#5620,#4567,#4568);
#3713=AXIS2_PLACEMENT_3D('',#5623,#4571,#4572);
#3714=AXIS2_PLACEMENT_3D('',#5625,#4574,#4575);
#3715=AXIS2_PLACEMENT_3D('',#5627,#4577,#4578);
#3716=AXIS2_PLACEMENT_3D('',#5628,#4579,#4580);
#3717=AXIS2_PLACEMENT_3D('',#5631,#4583,#4584);
#3718=AXIS2_PLACEMENT_3D('',#5633,#4586,#4587);
#3719=AXIS2_PLACEMENT_3D('',#5635,#4589,#4590);
#3720=AXIS2_PLACEMENT_3D('',#5637,#4592,#4593);
#3721=AXIS2_PLACEMENT_3D('',#5639,#4595,#4596);
#3722=AXIS2_PLACEMENT_3D('',#5640,#4597,#4598);
#3723=AXIS2_PLACEMENT_3D('',#5643,#4601,#4602);
#3724=AXIS2_PLACEMENT_3D('',#5645,#4604,#4605);
#3725=AXIS2_PLACEMENT_3D('',#5647,#4607,#4608);
#3726=AXIS2_PLACEMENT_3D('',#5649,#4610,#4611);
#3727=AXIS2_PLACEMENT_3D('',#5651,#4613,#4614);
#3728=AXIS2_PLACEMENT_3D('',#5652,#4615,#4616);
#3729=AXIS2_PLACEMENT_3D('',#5654,#4618,#4619);
#3730=AXIS2_PLACEMENT_3D('',#5656,#4621,#4622);
#3731=AXIS2_PLACEMENT_3D('',#5657,#4623,#4624);
#3732=AXIS2_PLACEMENT_3D('',#5659,#4626,#4627);
#3733=AXIS2_PLACEMENT_3D('',#5661,#4629,#4630);
#3734=DIRECTION('',(0.,0.,1.));
#3735=DIRECTION('',(1.,0.,0.));
#3736=DIRECTION('',(-1.,0.,0.));
#3737=DIRECTION('',(0.,0.,1.));
#3738=DIRECTION('',(1.,0.,0.));
#3739=DIRECTION('',(1.,0.,1.36775347998981E-16));
#3740=DIRECTION('',(1.36775347998981E-16,0.,-1.));
#3741=DIRECTION('',(-1.,0.,0.));
#3742=DIRECTION('',(1.,0.,1.36775347998981E-16));
#3743=DIRECTION('',(1.36775347998981E-16,0.,-1.));
#3744=DIRECTION('',(1.,0.,0.));
#3745=DIRECTION('',(0.5,0.866025403784439,-8.89373738004003E-17));
#3746=DIRECTION('',(-0.866025403784439,0.5,-5.13480167046795E-17));
#3747=DIRECTION('',(1.,0.,0.));
#3748=DIRECTION('',(0.,0.,-1.));
#3749=DIRECTION('',(1.,0.,0.));
#3750=DIRECTION('',(0.,0.,-1.));
#3751=DIRECTION('',(1.36775347998981E-16,0.,-1.));
#3752=DIRECTION('',(1.,0.,0.));
#3753=DIRECTION('',(0.,0.,-1.));
#3754=DIRECTION('',(1.,0.,0.));
#3755=DIRECTION('',(0.,0.,-1.));
#3756=DIRECTION('',(0.,0.,1.));
#3757=DIRECTION('',(0.,-0.5,0.866025403784439));
#3758=DIRECTION('',(1.,0.,2.92384925355637E-16));
#3759=DIRECTION('',(2.92384925355637E-16,0.,-1.));
#3760=DIRECTION('',(-1.,0.,-2.92384925355637E-16));
#3761=DIRECTION('',(1.,0.,1.36775347998981E-16));
#3762=DIRECTION('',(1.36775347998981E-16,0.,-1.));
#3763=DIRECTION('',(-1.,0.,-2.92384925355637E-16));
#3764=DIRECTION('',(1.,0.,0.));
#3765=DIRECTION('',(0.,0.,-1.));
#3766=DIRECTION('',(0.5,0.866025403784439,-8.89373738004003E-17));
#3767=DIRECTION('',(0.866025403784439,-0.5,3.88965047426811E-16));
#3768=DIRECTION('',(0.,-1.,0.));
#3769=DIRECTION('',(1.,0.,0.));
#3770=DIRECTION('',(0.,-1.,0.));
#3771=DIRECTION('',(0.,0.,-1.));
#3772=DIRECTION('',(-0.96499360502859,0.,-0.262273411259939));
#3773=DIRECTION('',(0.,-1.,0.));
#3774=DIRECTION('',(0.,0.,-1.));
#3775=DIRECTION('',(-1.,0.,0.));
#3776=DIRECTION('',(-0.729189869165561,0.,-0.684311431079675));
#3777=DIRECTION('',(1.,0.,-1.73472347597681E-15));
#3778=DIRECTION('',(1.,0.,0.));
#3779=DIRECTION('',(0.,0.,-1.));
#3780=DIRECTION('',(1.,0.,0.));
#3781=DIRECTION('',(0.707106781186548,0.,-0.707106781186547));
#3782=DIRECTION('',(1.,0.,0.));
#3783=DIRECTION('',(0.,0.,1.));
#3784=DIRECTION('',(-1.,0.,0.));
#3785=DIRECTION('',(0.,0.,-1.));
#3786=DIRECTION('',(1.,0.,0.));
#3787=DIRECTION('',(0.,0.,1.));
#3788=DIRECTION('',(0.,-1.,0.));
#3789=DIRECTION('',(0.,0.,-1.));
#3790=DIRECTION('',(-1.,0.,0.));
#3791=DIRECTION('',(0.,-1.,0.));
#3792=DIRECTION('',(0.,0.,-1.));
#3793=DIRECTION('',(0.,0.,-1.));
#3794=DIRECTION('',(-1.,0.,0.));
#3795=DIRECTION('',(2.25288763113871E-16,0.,-1.));
#3796=DIRECTION('',(1.,0.,0.));
#3797=DIRECTION('',(0.,0.,-1.));
#3798=DIRECTION('',(1.,0.,0.));
#3799=DIRECTION('',(-0.707106781186548,0.,-0.707106781186547));
#3800=DIRECTION('',(1.,0.,0.));
#3801=DIRECTION('',(0.,0.,1.));
#3802=DIRECTION('',(-1.,0.,-6.16790569236167E-15));
#3803=DIRECTION('',(4.48645279374001E-15,0.,-1.));
#3804=DIRECTION('',(-1.,0.,6.16790569236199E-15));
#3805=DIRECTION('',(1.,0.,6.16790569236229E-15));
#3806=DIRECTION('',(4.48645279374002E-15,0.,-1.));
#3807=DIRECTION('',(1.,0.,6.16790569236228E-15));
#3808=DIRECTION('',(0.,0.,1.));
#3809=DIRECTION('',(0.,-1.,0.));
#3810=DIRECTION('',(0.,0.,-1.));
#3811=DIRECTION('',(1.,0.,-1.73472347597681E-15));
#3812=DIRECTION('',(0.729189869165561,0.,-0.684311431079675));
#3813=DIRECTION('',(-1.,0.,0.));
#3814=DIRECTION('',(0.,-1.,0.));
#3815=DIRECTION('',(0.,0.,-1.));
#3816=DIRECTION('',(-0.964993605028584,0.,0.262273411259964));
#3817=DIRECTION('',(0.,-1.,0.));
#3818=DIRECTION('',(1.,0.,0.));
#3819=DIRECTION('',(0.96499360502859,0.,0.262273411259939));
#3820=DIRECTION('',(0.,1.,0.));
#3821=DIRECTION('',(0.,0.,1.));
#3822=DIRECTION('',(-1.,0.,1.73472347597681E-15));
#3823=DIRECTION('',(0.729189869165561,0.,0.684311431079675));
#3824=DIRECTION('',(1.,0.,0.));
#3825=DIRECTION('',(0.,1.,0.));
#3826=DIRECTION('',(0.,0.,1.));
#3827=DIRECTION('',(-4.48645279374002E-15,0.,1.));
#3828=DIRECTION('',(-1.,0.,-6.16790569236229E-15));
#3829=DIRECTION('',(0.,0.,-1.));
#3830=DIRECTION('',(-1.,0.,-6.16790569236228E-15));
#3831=DIRECTION('',(0.,-1.,0.));
#3832=DIRECTION('',(0.,0.,-1.));
#3833=DIRECTION('',(-1.,0.,0.));
#3834=DIRECTION('',(0.,-1.,0.));
#3835=DIRECTION('',(0.,0.,-1.));
#3836=DIRECTION('',(0.,0.,1.));
#3837=DIRECTION('',(0.,0.,1.));
#3838=DIRECTION('',(0.,0.,1.));
#3839=DIRECTION('',(1.,0.,0.));
#3840=DIRECTION('',(0.707106781186548,0.,-0.707106781186547));
#3841=DIRECTION('',(-1.778747476008E-16,0.,-1.));
#3842=DIRECTION('',(0.,-1.,0.));
#3843=DIRECTION('',(0.,0.,-1.));
#3844=DIRECTION('',(0.,0.,-1.));
#3845=DIRECTION('',(1.,0.,0.));
#3846=DIRECTION('',(0.,0.,-1.));
#3847=DIRECTION('',(1.,0.,0.));
#3848=DIRECTION('',(0.,0.,-1.));
#3849=DIRECTION('',(-1.,0.,1.73472347597681E-15));
#3850=DIRECTION('',(-2.31296463463574E-15,0.,-1.));
#3851=DIRECTION('',(0.,-1.,0.));
#3852=DIRECTION('',(0.,0.,-1.));
#3853=DIRECTION('',(-1.778747476008E-16,0.,-1.));
#3854=DIRECTION('',(-0.707106781186548,0.,-0.707106781186547));
#3855=DIRECTION('',(1.,0.,0.));
#3856=DIRECTION('',(0.,0.,-1.));
#3857=DIRECTION('',(0.,0.,-1.));
#3858=DIRECTION('',(0.,0.,-1.));
#3859=DIRECTION('',(1.,0.,6.16790569236167E-15));
#3860=DIRECTION('',(0.,0.,-1.));
#3861=DIRECTION('',(1.,0.,-6.16790569236199E-15));
#3862=DIRECTION('',(-4.48645279374001E-15,0.,1.));
#3863=DIRECTION('',(-1.,0.,1.73472347597681E-15));
#3864=DIRECTION('',(0.,1.,0.));
#3865=DIRECTION('',(0.,0.,1.));
#3866=DIRECTION('',(0.964993605028584,0.,-0.262273411259964));
#3867=DIRECTION('',(0.,1.,0.));
#3868=DIRECTION('',(0.,0.,1.));
#3869=DIRECTION('',(1.,0.,0.));
#3870=DIRECTION('',(-0.729189869165561,0.,0.684311431079675));
#3871=DIRECTION('',(-0.5,0.866025403784439,8.89373738004003E-17));
#3872=DIRECTION('',(0.866025403784439,0.5,-1.54044050114038E-16));
#3873=DIRECTION('',(0.5,-0.866025403784439,-8.89373738004003E-17));
#3874=DIRECTION('',(0.866025403784439,0.5,0.));
#3875=DIRECTION('',(-0.866025403784439,-0.5,0.));
#3876=DIRECTION('',(6.73822032283943E-18,-9.88057200921086E-17,1.));
#3877=DIRECTION('',(0.866025403784439,0.5,0.));
#3878=DIRECTION('',(-1.778747476008E-16,0.,-1.));
#3879=DIRECTION('',(0.654888365586395,0.378099974160459,-0.654340613258447));
#3880=DIRECTION('',(0.5,-0.866025403784439,-8.89373738004003E-17));
#3881=DIRECTION('',(0.866025403784439,0.5,0.));
#3882=DIRECTION('',(-0.654888365586394,-0.378099974160458,-0.654340613258448));
#3883=DIRECTION('',(2.23022070848586E-16,2.31457886049018E-16,-1.));
#3884=DIRECTION('',(0.615826917781933,0.355547836755617,0.703095258918453));
#3885=DIRECTION('',(0.5,-0.866025403784439,-8.89373738004003E-17));
#3886=DIRECTION('',(0.866025403784439,0.5,0.));
#3887=DIRECTION('',(0.615826917781933,0.355547836755617,-0.703095258918452));
#3888=DIRECTION('',(0.866025403784439,0.5,2.00911057773621E-16));
#3889=DIRECTION('',(-0.615826917781933,-0.355547836755617,-0.703095258918453));
#3890=DIRECTION('',(0.5,-0.866025403784439,-8.89373738004003E-17));
#3891=DIRECTION('',(0.866025403784439,0.5,0.));
#3892=DIRECTION('',(-0.615826917781933,-0.355547836755617,0.703095258918452));
#3893=DIRECTION('',(-0.866025403784439,-0.5,-2.29612637455567E-16));
#3894=DIRECTION('',(-0.654888365586395,-0.378099974160459,0.654340613258447));
#3895=DIRECTION('',(0.5,-0.866025403784439,-8.89373738004003E-17));
#3896=DIRECTION('',(0.866025403784439,0.5,0.));
#3897=DIRECTION('',(0.654888365586394,0.378099974160459,0.654340613258448));
#3898=DIRECTION('',(-9.41634174890886E-18,-1.08132560852873E-16,1.));
#3899=DIRECTION('',(-0.5,0.866025403784439,8.89373738004003E-17));
#3900=DIRECTION('',(0.866025403784439,0.5,-1.54044050114038E-16));
#3901=DIRECTION('',(0.866025403784439,0.5,2.29612637455567E-16));
#3902=DIRECTION('',(0.615826917781933,0.355547836755617,-0.703095258918452));
#3903=DIRECTION('',(-0.5,0.866025403784439,8.89373738004003E-17));
#3904=DIRECTION('',(-0.866025403784439,-0.5,0.));
#3905=DIRECTION('',(0.615826917781933,0.355547836755617,0.703095258918453));
#3906=DIRECTION('',(-1.778747476008E-16,0.,-1.));
#3907=DIRECTION('',(0.654888365586394,0.378099974160458,0.654340613258448));
#3908=DIRECTION('',(-0.5,0.866025403784439,8.89373738004003E-17));
#3909=DIRECTION('',(-0.866025403784439,-0.5,0.));
#3910=DIRECTION('',(-0.654888365586395,-0.378099974160459,0.654340613258447));
#3911=DIRECTION('',(-1.778747476008E-16,0.,-1.));
#3912=DIRECTION('',(-0.654653670707977,-0.377964473009228,-0.654653670707977));
#3913=DIRECTION('',(-1.778747476008E-16,0.,-1.));
#3914=DIRECTION('',(0.866025403784439,0.5,0.));
#3915=DIRECTION('',(1.778747476008E-16,0.,1.));
#3916=DIRECTION('',(-0.654653670707977,-0.377964473009228,0.654653670707977));
#3917=DIRECTION('',(-0.5,0.866025403784439,8.89373738004003E-17));
#3918=DIRECTION('',(-0.866025403784439,-0.5,0.));
#3919=DIRECTION('',(-0.5,0.866025403784439,8.89373738004003E-17));
#3920=DIRECTION('',(-0.866025403784439,-0.5,0.));
#3921=DIRECTION('',(-0.866025403784439,-0.5,-2.00911057773621E-16));
#3922=DIRECTION('',(-0.615826917781933,-0.355547836755617,0.703095258918453));
#3923=DIRECTION('',(-0.5,0.866025403784439,8.89373738004003E-17));
#3924=DIRECTION('',(-0.866025403784439,-0.5,0.));
#3925=DIRECTION('',(-0.615826917781933,-0.355547836755617,-0.703095258918453));
#3926=DIRECTION('',(9.41634174890886E-18,1.08132560852873E-16,-1.));
#3927=DIRECTION('',(-0.654888365586394,-0.378099974160459,-0.654340613258448));
#3928=DIRECTION('',(-0.5,0.866025403784439,8.89373738004003E-17));
#3929=DIRECTION('',(-0.866025403784439,-0.5,0.));
#3930=DIRECTION('',(0.654888365586395,0.378099974160459,-0.654340613258447));
#3931=DIRECTION('',(1.,0.,-1.778747476008E-16));
#3932=DIRECTION('',(-1.778747476008E-16,0.,-1.));
#3933=DIRECTION('',(-1.778747476008E-16,-9.88004290489721E-16,-1.));
#3934=DIRECTION('',(7.06226973563468E-17,-0.917802990614336,0.397036107198552));
#3935=DIRECTION('',(-1.778747476008E-16,0.,-1.));
#3936=DIRECTION('',(0.,1.,0.));
#3937=DIRECTION('',(0.,1.,0.));
#3938=DIRECTION('',(-1.778747476008E-16,0.,-1.));
#3939=DIRECTION('',(-7.06226973563467E-17,-0.917802990614337,-0.397036107198552));
#3940=DIRECTION('',(0.5,0.866025403784439,-8.89373738004003E-17));
#3941=DIRECTION('',(-0.866025403784439,0.5,1.54044050114038E-16));
#3942=DIRECTION('',(0.5,0.866025403784439,-8.89373738004003E-17));
#3943=DIRECTION('',(-0.866025403784439,0.5,0.));
#3944=DIRECTION('',(0.5,0.866025403784439,-8.89373738004003E-17));
#3945=DIRECTION('',(-0.866025403784439,0.5,0.));
#3946=DIRECTION('',(0.654924973020541,-0.378121109472418,-0.654291759298092));
#3947=DIRECTION('',(-6.32937111451871E-17,1.39238674577043E-16,1.));
#3948=DIRECTION('',(0.654924973020541,-0.378121109472418,0.654291759298092));
#3949=DIRECTION('',(0.5,0.866025403784439,-8.89373738004003E-17));
#3950=DIRECTION('',(-0.866025403784439,0.5,0.));
#3951=DIRECTION('',(-0.615872172977858,0.355573964855166,-0.703042404175387));
#3952=DIRECTION('',(0.866025403784439,-0.5,4.59126562577061E-16));
#3953=DIRECTION('',(-0.615872172977858,0.355573964855167,0.703042404175387));
#3954=DIRECTION('',(0.5,0.866025403784439,-8.89373738004003E-17));
#3955=DIRECTION('',(-0.866025403784439,0.5,0.));
#3956=DIRECTION('',(-0.615872172977858,0.355573964855166,-0.703042404175387));
#3957=DIRECTION('',(-0.866025403784439,0.5,-1.14781640644265E-16));
#3958=DIRECTION('',(-0.615872172977858,0.355573964855167,0.703042404175387));
#3959=DIRECTION('',(0.5,0.866025403784439,-8.89373738004003E-17));
#3960=DIRECTION('',(-0.866025403784439,0.5,0.));
#3961=DIRECTION('',(0.654924973020541,-0.378121109472418,0.654291759298092));
#3962=DIRECTION('',(0.5,0.866025403784439,-8.89373738004003E-17));
#3963=DIRECTION('',(-0.866025403784439,0.5,0.));
#3964=DIRECTION('',(0.654924973020541,-0.378121109472418,-0.654291759298092));
#3965=DIRECTION('',(-0.654653670707977,0.377964473009228,-0.654653670707977));
#3966=DIRECTION('',(-1.778747476008E-16,0.,-1.));
#3967=DIRECTION('',(0.866025403784439,-0.5,0.));
#3968=DIRECTION('',(1.778747476008E-16,0.,1.));
#3969=DIRECTION('',(-0.654653670707977,0.377964473009228,0.654653670707977));
#3970=DIRECTION('',(1.36775347998981E-16,0.,-1.));
#3971=DIRECTION('',(-1.,0.,-1.36775347998981E-16));
#3972=DIRECTION('',(0.,-1.,0.));
#3973=DIRECTION('',(0.866025403784439,-0.5,0.));
#3974=DIRECTION('',(-1.,0.,-1.36775347998981E-16));
#3975=DIRECTION('',(0.,1.,0.));
#3976=DIRECTION('',(-1.,1.46390166749098E-16,-1.36775347998981E-16));
#3977=DIRECTION('',(0.,-1.,0.));
#3978=DIRECTION('',(-1.,2.19585250123647E-16,-1.36775347998981E-16));
#3979=DIRECTION('',(0.,-1.,0.));
#3980=DIRECTION('',(1.,0.,0.));
#3981=DIRECTION('',(1.778747476008E-16,0.,1.));
#3982=DIRECTION('',(1.,0.,1.36775347998981E-16));
#3983=DIRECTION('',(1.36775347998981E-16,0.,-1.));
#3984=DIRECTION('',(1.778747476008E-16,0.,1.));
#3985=DIRECTION('',(1.36775347998981E-16,0.,-1.));
#3986=DIRECTION('',(1.,0.,0.));
#3987=DIRECTION('',(1.36775347998981E-16,0.,-1.));
#3988=DIRECTION('',(-1.778747476008E-16,0.,-1.));
#3989=DIRECTION('',(1.36775347998981E-16,0.,-1.));
#3990=DIRECTION('',(0.,0.,1.));
#3991=DIRECTION('',(-1.,0.,0.));
#3992=DIRECTION('',(0.,0.,1.));
#3993=DIRECTION('',(0.,0.866025403784439,0.5));
#3994=DIRECTION('',(0.,0.5,-0.866025403784439));
#3995=DIRECTION('',(1.,0.,0.));
#3996=DIRECTION('',(0.707106781186549,-0.353553390593274,0.612372435695794));
#3997=DIRECTION('',(0.,0.5,-0.866025403784439));
#3998=DIRECTION('',(0.654653670707977,0.377964473009228,-0.654653670707977));
#3999=DIRECTION('',(1.,0.,-1.778747476008E-16));
#4000=DIRECTION('',(-1.778747476008E-16,0.,-1.));
#4001=DIRECTION('',(0.,0.5,-0.866025403784439));
#4002=DIRECTION('',(1.,0.,-1.778747476008E-16));
#4003=DIRECTION('',(-1.778747476008E-16,0.,-1.));
#4004=DIRECTION('',(0.,-1.02696033409359E-16,-1.));
#4005=DIRECTION('',(0.,-1.,0.));
#4006=DIRECTION('',(0.,0.,1.));
#4007=DIRECTION('',(1.,0.,0.));
#4008=DIRECTION('',(0.866025403784439,-0.5,0.));
#4009=DIRECTION('',(0.,1.,0.));
#4010=DIRECTION('',(1.,-1.46390166749098E-16,0.));
#4011=DIRECTION('',(0.,-1.,0.));
#4012=DIRECTION('',(1.,0.,0.));
#4013=DIRECTION('',(-0.866025403784439,-0.5,0.));
#4014=DIRECTION('',(1.,0.,0.));
#4015=DIRECTION('',(-1.,0.,0.));
#4016=DIRECTION('',(0.,0.,1.));
#4017=DIRECTION('',(0.,1.,0.));
#4018=DIRECTION('',(-1.84047213095113E-16,1.95568031261294E-32,1.));
#4019=DIRECTION('',(0.,-0.5,0.866025403784439));
#4020=DIRECTION('',(-1.778747476008E-16,0.,-1.));
#4021=DIRECTION('',(0.,0.866025403784439,0.5));
#4022=DIRECTION('',(0.,0.5,-0.866025403784439));
#4023=DIRECTION('',(0.,0.5,-0.866025403784439));
#4024=DIRECTION('',(-1.,0.,0.));
#4025=DIRECTION('',(-0.654653670707977,0.377964473009228,-0.654653670707977));
#4026=DIRECTION('',(-0.707106781186549,-0.353553390593274,0.612372435695794));
#4027=DIRECTION('',(1.,0.,0.));
#4028=DIRECTION('',(0.,-1.,0.));
#4029=DIRECTION('',(1.,0.,0.));
#4030=DIRECTION('',(0.654653670707978,0.,-0.755928946018454));
#4031=DIRECTION('',(-1.84047213095113E-16,1.95568031261294E-32,1.));
#4032=DIRECTION('',(1.,0.,1.84047213095113E-16));
#4033=DIRECTION('',(-1.,0.,0.));
#4034=DIRECTION('',(0.965925826289068,-0.258819045102521,-3.20814231579629E-17));
#4035=DIRECTION('',(-0.258819045102521,-0.965925826289068,-9.36950170724087E-17));
#4036=DIRECTION('',(6.73822032283943E-18,-9.88057200921086E-17,1.));
#4037=DIRECTION('',(0.258819045102521,0.965925826289068,0.));
#4038=DIRECTION('',(-0.211324865405187,-0.788675134594813,-0.577350269189626));
#4039=DIRECTION('',(0.,0.,1.));
#4040=DIRECTION('',(1.,0.,0.));
#4041=DIRECTION('',(-1.,0.,0.));
#4042=DIRECTION('',(0.866025403784439,0.5,0.));
#4043=DIRECTION('',(0.965925826289068,-0.258819045102521,0.));
#4044=DIRECTION('',(0.866025403784439,0.5,0.));
#4045=DIRECTION('',(0.,-1.,0.));
#4046=DIRECTION('',(1.06259708024064E-16,1.,0.));
#4047=DIRECTION('',(-1.,0.,0.));
#4048=DIRECTION('',(-0.995773425052156,0.0918438128558346,0.));
#4049=DIRECTION('',(-0.5,0.866025403784439,8.89373738004003E-17));
#4050=DIRECTION('',(0.866025403784439,0.5,-1.54044050114038E-16));
#4051=DIRECTION('',(-0.5,0.866025403784439,8.89373738004003E-17));
#4052=DIRECTION('',(-0.866025403784439,-0.5,0.));
#4053=DIRECTION('',(-0.5,0.866025403784439,8.89373738004003E-17));
#4054=DIRECTION('',(0.866025403784439,0.5,3.88965047426811E-16));
#4055=DIRECTION('',(-0.866025403784439,-0.5,1.54044050114038E-16));
#4056=DIRECTION('',(6.73822032283943E-18,-9.88057200921086E-17,1.));
#4057=DIRECTION('',(-0.5,0.866025403784439,8.89373738004003E-17));
#4058=DIRECTION('',(-0.866025403784439,-0.5,-5.13480167046795E-17));
#4059=DIRECTION('',(-0.5,0.866025403784439,8.89373738004003E-17));
#4060=DIRECTION('',(0.866025403784439,0.5,-1.54044050114038E-16));
#4061=DIRECTION('',(-0.866025403784439,-0.5,0.));
#4062=DIRECTION('',(-0.866025403784439,-0.5,1.54044050114038E-16));
#4063=DIRECTION('',(1.778747476008E-16,0.,1.));
#4064=DIRECTION('',(-6.73822032283941E-18,9.88057200921086E-17,-1.));
#4065=DIRECTION('',(-0.5,-0.866025403784439,8.89373738004003E-17));
#4066=DIRECTION('',(0.866025403784439,-0.5,5.13480167046795E-17));
#4067=DIRECTION('',(-1.778747476008E-16,-1.50961460611056E-32,-1.));
#4068=DIRECTION('',(0.866025403784439,-0.5,0.));
#4069=DIRECTION('',(0.,0.,-1.));
#4070=DIRECTION('',(0.866025403784439,-0.5,0.));
#4071=DIRECTION('',(-1.61694416465057E-16,1.96050348281919E-16,1.));
#4072=DIRECTION('',(-0.866025403784439,0.5,1.22519038313981E-16));
#4073=DIRECTION('',(-0.965925826289068,-0.258819045102521,1.71813812552262E-16));
#4074=DIRECTION('',(0.258819045102521,-0.965925826289068,-4.60373723218911E-17));
#4075=DIRECTION('',(-0.211324865405187,0.788675134594813,0.577350269189626));
#4076=DIRECTION('',(0.258819045102521,-0.965925826289068,0.));
#4077=DIRECTION('',(-0.353553390593274,-0.612372435695795,0.707106781186548));
#4078=DIRECTION('',(-0.353553390593274,-0.612372435695795,-0.707106781186548));
#4079=DIRECTION('',(-0.894427190999916,1.03438923051969E-15,-0.447213595499957));
#4080=DIRECTION('',(0.866025403784439,-0.5,0.));
#4081=DIRECTION('',(-0.788675134594813,-0.211324865405187,-0.577350269189626));
#4082=DIRECTION('',(-0.866025403784439,0.5,1.22519038313981E-16));
#4083=DIRECTION('',(0.5,0.866025403784439,-8.89373738004003E-17));
#4084=DIRECTION('',(-0.866025403784439,0.5,1.54044050114038E-16));
#4085=DIRECTION('',(0.5,0.866025403784439,-8.89373738004003E-17));
#4086=DIRECTION('',(0.866025403784439,-0.5,5.13480167046795E-17));
#4087=DIRECTION('',(0.866025403784439,-0.5,-1.54044050114038E-16));
#4088=DIRECTION('',(-1.61694416465057E-16,1.96050348281919E-16,1.));
#4089=DIRECTION('',(0.866025403784439,-0.5,0.));
#4090=DIRECTION('',(-0.866025403784439,0.5,0.));
#4091=DIRECTION('',(0.5,0.866025403784439,-8.89373738004003E-17));
#4092=DIRECTION('',(-0.866025403784439,0.5,1.54044050114038E-16));
#4093=DIRECTION('',(-0.654924973020541,0.378121109472418,0.654291759298092));
#4094=DIRECTION('',(-0.5,-0.866025403784439,8.89373738004003E-17));
#4095=DIRECTION('',(0.866025403784439,-0.5,0.));
#4096=DIRECTION('',(-0.654924973020541,0.378121109472418,-0.654291759298092));
#4097=DIRECTION('',(-2.49943659705259E-16,2.4700107262243E-16,1.));
#4098=DIRECTION('',(0.615872172977858,-0.355573964855166,0.703042404175387));
#4099=DIRECTION('',(-0.5,-0.866025403784439,8.89373738004003E-17));
#4100=DIRECTION('',(0.866025403784439,-0.5,0.));
#4101=DIRECTION('',(0.615872172977858,-0.355573964855167,-0.703042404175387));
#4102=DIRECTION('',(0.866025403784439,-0.5,1.14781640644265E-16));
#4103=DIRECTION('',(0.615872172977858,-0.355573964855167,0.703042404175387));
#4104=DIRECTION('',(-0.5,-0.866025403784439,8.89373738004003E-17));
#4105=DIRECTION('',(0.866025403784439,-0.5,0.));
#4106=DIRECTION('',(0.615872172977858,-0.355573964855167,-0.703042404175387));
#4107=DIRECTION('',(-0.866025403784439,0.5,-4.59126562577061E-16));
#4108=DIRECTION('',(-0.5,-0.866025403784439,8.89373738004003E-17));
#4109=DIRECTION('',(0.866025403784439,-0.5,0.));
#4110=DIRECTION('',(-0.654924973020541,0.378121109472418,0.654291759298092));
#4111=DIRECTION('',(-0.5,-0.866025403784439,8.89373738004003E-17));
#4112=DIRECTION('',(0.866025403784439,-0.5,0.));
#4113=DIRECTION('',(-0.654924973020541,0.378121109472418,-0.654291759298092));
#4114=DIRECTION('',(6.32937111451871E-17,-1.39238674577043E-16,-1.));
#4115=DIRECTION('',(0.866025403784439,-0.5,0.));
#4116=DIRECTION('',(0.866025403784439,-0.5,0.));
#4117=DIRECTION('',(-1.778747476008E-16,-1.50961460611056E-32,-1.));
#4118=DIRECTION('',(0.,-1.,0.));
#4119=DIRECTION('',(1.,0.,0.));
#4120=DIRECTION('',(1.,0.,0.));
#4121=DIRECTION('',(0.,0.,1.));
#4122=DIRECTION('',(0.,-1.,0.));
#4123=DIRECTION('',(0.,0.,-1.));
#4124=DIRECTION('',(-1.,0.,0.));
#4125=DIRECTION('',(0.,0.,-1.));
#4126=DIRECTION('',(0.,-1.,0.));
#4127=DIRECTION('',(1.,0.,0.));
#4128=DIRECTION('',(0.,-1.,0.));
#4129=DIRECTION('',(0.,0.,-1.));
#4130=DIRECTION('',(1.,0.,0.));
#4131=DIRECTION('',(0.,-1.,0.));
#4132=DIRECTION('',(0.,0.,-1.));
#4133=DIRECTION('',(-1.,0.,0.));
#4134=DIRECTION('',(0.,1.,0.));
#4135=DIRECTION('',(0.,0.,1.));
#4136=DIRECTION('',(0.,1.,0.));
#4137=DIRECTION('',(0.,-1.,0.));
#4138=DIRECTION('',(0.,0.,-1.));
#4139=DIRECTION('',(0.,1.,0.));
#4140=DIRECTION('',(0.,1.,0.));
#4141=DIRECTION('',(0.,1.,0.));
#4142=DIRECTION('',(0.,1.,0.));
#4143=DIRECTION('',(0.,0.,1.));
#4144=DIRECTION('',(0.,1.,0.));
#4145=DIRECTION('',(0.,-1.,0.));
#4146=DIRECTION('',(0.,0.,-1.));
#4147=DIRECTION('',(0.,1.,0.));
#4148=DIRECTION('',(0.,-1.,0.));
#4149=DIRECTION('',(0.,0.,-1.));
#4150=DIRECTION('',(0.,1.,0.));
#4151=DIRECTION('',(0.,0.,1.));
#4152=DIRECTION('',(1.,0.,0.));
#4153=DIRECTION('',(1.,-1.15648231731786E-15,0.));
#4154=DIRECTION('',(-0.995773425052156,-0.0918438128558356,0.));
#4155=DIRECTION('',(0.,1.,0.));
#4156=DIRECTION('',(0.965925826289068,0.258819045102521,0.));
#4157=DIRECTION('',(1.,0.,0.));
#4158=DIRECTION('',(0.,0.,-1.));
#4159=DIRECTION('',(0.,-1.,0.));
#4160=DIRECTION('',(0.,1.,0.));
#4161=DIRECTION('',(0.,0.,-1.));
#4162=DIRECTION('',(-1.,0.,0.));
#4163=DIRECTION('',(0.,-1.,0.));
#4164=DIRECTION('',(0.,-1.,0.));
#4165=DIRECTION('',(0.,-1.,0.));
#4166=DIRECTION('',(1.,0.,0.));
#4167=DIRECTION('',(-0.654653670707978,0.,-0.755928946018454));
#4168=DIRECTION('',(1.,0.,1.84047213095113E-16));
#4169=DIRECTION('',(-1.84047213095113E-16,1.95568031261294E-32,1.));
#4170=DIRECTION('',(0.,0.866025403784439,-0.5));
#4171=DIRECTION('',(0.,0.5,0.866025403784439));
#4172=DIRECTION('',(1.,0.,0.));
#4173=DIRECTION('',(0.,-1.,0.));
#4174=DIRECTION('',(1.,0.,0.));
#4175=DIRECTION('',(0.,0.,1.));
#4176=DIRECTION('',(1.,0.,0.));
#4177=DIRECTION('',(0.,0.,-1.));
#4178=DIRECTION('',(1.,0.,0.));
#4179=DIRECTION('',(1.,0.,0.));
#4180=DIRECTION('',(0.,0.,-1.));
#4181=DIRECTION('',(0.,-0.857492925712544,0.514495755427527));
#4182=DIRECTION('',(0.,-1.,0.));
#4183=DIRECTION('',(0.,1.,0.));
#4184=DIRECTION('',(0.,1.,0.));
#4185=DIRECTION('',(0.,0.,-1.));
#4186=DIRECTION('',(1.,0.,0.));
#4187=DIRECTION('',(0.,0.,-1.));
#4188=DIRECTION('',(0.,-1.,0.));
#4189=DIRECTION('',(0.,-0.857492925712544,0.514495755427527));
#4190=DIRECTION('',(0.,0.,-1.));
#4191=DIRECTION('',(0.,1.,0.));
#4192=DIRECTION('',(0.,1.,0.));
#4193=DIRECTION('',(-1.,0.,0.));
#4194=DIRECTION('',(0.,0.,1.));
#4195=DIRECTION('',(0.,0.,-1.));
#4196=DIRECTION('',(0.,0.857492925712544,-0.514495755427527));
#4197=DIRECTION('',(0.,-1.,0.));
#4198=DIRECTION('',(0.,-1.,0.));
#4199=DIRECTION('',(0.,0.,1.));
#4200=DIRECTION('',(1.,0.,0.));
#4201=DIRECTION('',(0.,1.,0.));
#4202=DIRECTION('',(-0.514495755427526,-0.857492925712544,0.));
#4203=DIRECTION('',(1.,0.,0.));
#4204=DIRECTION('',(0.,1.,0.));
#4205=DIRECTION('',(0.,1.,0.));
#4206=DIRECTION('',(0.,0.,-1.));
#4207=DIRECTION('',(-1.,0.,0.));
#4208=DIRECTION('',(1.,0.,0.));
#4209=DIRECTION('',(0.514495755427526,0.857492925712544,0.));
#4210=DIRECTION('',(0.,1.,0.));
#4211=DIRECTION('',(0.,1.,0.));
#4212=DIRECTION('',(0.,1.,0.));
#4213=DIRECTION('',(0.,0.,1.));
#4214=DIRECTION('',(1.,0.,0.));
#4215=DIRECTION('',(-0.514495755427527,0.857492925712544,0.));
#4216=DIRECTION('',(-1.,0.,0.));
#4217=DIRECTION('',(0.,1.,0.));
#4218=DIRECTION('',(0.,1.,0.));
#4219=DIRECTION('',(0.,1.,0.));
#4220=DIRECTION('',(0.,0.,1.));
#4221=DIRECTION('',(1.,0.,0.));
#4222=DIRECTION('',(-1.,-2.16840434497102E-16,0.));
#4223=DIRECTION('',(0.,0.,-1.));
#4224=DIRECTION('',(-1.,0.,0.));
#4225=DIRECTION('',(1.,2.16840434497101E-16,0.));
#4226=DIRECTION('',(0.,-1.,0.));
#4227=DIRECTION('',(-1.,0.,0.));
#4228=DIRECTION('',(0.,0.,1.));
#4229=DIRECTION('',(0.,-1.12644381556936E-16,-1.));
#4230=DIRECTION('',(-1.,0.,0.));
#4231=DIRECTION('',(0.,0.,1.));
#4232=DIRECTION('',(0.,1.,0.));
#4233=DIRECTION('',(1.,0.,0.));
#4234=DIRECTION('',(0.,0.,-1.));
#4235=DIRECTION('',(0.,1.,0.));
#4236=DIRECTION('',(0.,0.,1.));
#4237=DIRECTION('',(1.,0.,0.));
#4238=DIRECTION('',(0.,1.,0.));
#4239=DIRECTION('',(0.707106781186547,0.,-0.707106781186548));
#4240=DIRECTION('',(-0.707106781186548,0.,-0.707106781186547));
#4241=DIRECTION('',(0.,1.,0.));
#4242=DIRECTION('',(1.,0.,-1.778747476008E-16));
#4243=DIRECTION('',(-1.778747476008E-16,0.,-1.));
#4244=DIRECTION('',(-1.778747476008E-16,9.25831544196072E-16,-1.));
#4245=DIRECTION('',(-7.06304647037359E-17,-0.917784099076191,-0.397079774708943));
#4246=DIRECTION('',(-8.97197044608078E-17,0.917784099076191,-0.397079774708942));
#4247=DIRECTION('',(0.,0.,1.));
#4248=DIRECTION('',(1.,0.,0.));
#4249=DIRECTION('',(0.,-1.,0.));
#4250=DIRECTION('',(-0.995773425052156,-0.0918438128558356,0.));
#4251=DIRECTION('',(-0.995773425052156,0.0918438128558346,0.));
#4252=DIRECTION('',(0.,-1.,0.));
#4253=DIRECTION('',(0.707106781186547,0.,0.707106781186548));
#4254=DIRECTION('',(0.707106781186548,0.,-0.707106781186547));
#4255=DIRECTION('',(0.,1.,0.));
#4256=DIRECTION('',(0.,0.,1.));
#4257=DIRECTION('',(1.,0.,0.));
#4258=DIRECTION('',(-1.,0.,0.));
#4259=DIRECTION('',(0.,0.,1.));
#4260=DIRECTION('',(0.,-1.,0.));
#4261=DIRECTION('',(1.,0.,0.));
#4262=DIRECTION('',(0.,0.,-1.));
#4263=DIRECTION('',(0.,0.,-1.));
#4264=DIRECTION('',(-1.,0.,0.));
#4265=DIRECTION('',(0.,0.,1.));
#4266=DIRECTION('',(0.,-1.12644381556936E-16,1.));
#4267=DIRECTION('',(0.,1.,0.));
#4268=DIRECTION('',(0.,0.,-1.));
#4269=DIRECTION('',(-1.,0.,0.));
#4270=DIRECTION('',(-1.,0.,0.));
#4271=DIRECTION('',(-0.514495755427527,0.857492925712544,0.));
#4272=DIRECTION('',(0.,1.,0.));
#4273=DIRECTION('',(1.,0.,2.25288763113871E-16));
#4274=DIRECTION('',(2.25288763113871E-16,0.,-1.));
#4275=DIRECTION('',(2.25288763113871E-16,0.,-1.));
#4276=DIRECTION('',(0.,0.,-1.));
#4277=DIRECTION('',(-1.,0.,0.));
#4278=DIRECTION('',(1.,0.,0.));
#4279=DIRECTION('',(-1.,0.,2.31296463463574E-15));
#4280=DIRECTION('',(2.31296463463574E-15,0.,1.));
#4281=DIRECTION('',(0.,-1.,0.));
#4282=DIRECTION('',(1.19001048697407E-15,-0.857492925712544,0.514495755427527));
#4283=DIRECTION('',(0.,0.,-1.));
#4284=DIRECTION('',(1.73472347597681E-15,0.,1.));
#4285=DIRECTION('',(1.,0.,-1.73472347597681E-15));
#4286=DIRECTION('',(-1.,0.,1.73472347597681E-15));
#4287=DIRECTION('',(0.,-1.,-1.12644381556936E-16));
#4288=DIRECTION('',(0.,1.12644381556936E-16,-1.));
#4289=DIRECTION('',(0.,-1.12644381556936E-16,1.));
#4290=DIRECTION('',(0.,-1.,1.12644381556936E-16));
#4291=DIRECTION('',(0.,-1.12644381556936E-16,-1.));
#4292=DIRECTION('',(0.,-1.12644381556936E-16,-1.));
#4293=DIRECTION('',(-2.16840434497101E-16,1.,0.));
#4294=DIRECTION('',(-1.,-2.16840434497101E-16,0.));
#4295=DIRECTION('',(1.,2.16840434497101E-16,0.));
#4296=DIRECTION('',(2.16840434497102E-16,-1.,0.));
#4297=DIRECTION('',(1.,2.16840434497102E-16,0.));
#4298=DIRECTION('',(-1.,-2.16840434497102E-16,0.));
#4299=DIRECTION('',(0.857492925712544,0.514495755427527,0.));
#4300=DIRECTION('',(-0.514495755427527,0.857492925712544,0.));
#4301=DIRECTION('',(-0.857492925712544,0.514495755427526,0.));
#4302=DIRECTION('',(-0.514495755427526,-0.857492925712544,0.));
#4303=DIRECTION('',(0.,0.514495755427527,0.857492925712544));
#4304=DIRECTION('',(0.,-0.857492925712544,0.514495755427527));
#4305=DIRECTION('',(1.98335081162345E-15,0.514495755427527,0.857492925712544));
#4306=DIRECTION('',(0.,-0.857492925712544,0.514495755427527));
#4307=DIRECTION('',(0.5,0.866025403784439,-8.89373738004003E-17));
#4308=DIRECTION('',(-0.866025403784439,0.5,1.54044050114038E-16));
#4309=DIRECTION('',(-1.778747476008E-16,1.23259516440783E-32,-1.));
#4310=DIRECTION('',(-1.778747476008E-16,-1.50961460611056E-32,-1.));
#4311=DIRECTION('',(0.866025403784439,-0.5,-1.54044050114038E-16));
#4312=DIRECTION('',(0.5,0.866025403784439,-8.89373738004003E-17));
#4313=DIRECTION('',(-0.866025403784439,0.5,0.));
#4314=DIRECTION('',(1.,0.,0.));
#4315=DIRECTION('',(0.,0.,-1.));
#4316=DIRECTION('',(-1.84047213095113E-16,1.95568031261294E-32,1.));
#4317=DIRECTION('',(0.,-1.,0.));
#4318=DIRECTION('',(0.,0.,-1.));
#4319=DIRECTION('',(0.,-1.,0.));
#4320=DIRECTION('',(0.,0.,-1.));
#4321=DIRECTION('',(0.0918438128558346,0.995773425052156,0.));
#4322=DIRECTION('',(-0.995773425052156,0.0918438128558346,0.));
#4323=DIRECTION('',(0.,0.,1.));
#4324=DIRECTION('',(-0.0918438128558356,0.995773425052156,0.));
#4325=DIRECTION('',(-0.995773425052156,-0.0918438128558356,0.));
#4326=DIRECTION('',(0.,0.,1.));
#4327=DIRECTION('',(0.,-1.,0.));
#4328=DIRECTION('',(0.,0.,-1.));
#4329=DIRECTION('',(0.,0.,1.));
#4330=DIRECTION('',(1.,0.,0.));
#4331=DIRECTION('',(0.,-1.,0.));
#4332=DIRECTION('',(0.,0.,-1.));
#4333=DIRECTION('',(1.,0.,0.));
#4334=DIRECTION('',(0.,0.,1.));
#4335=DIRECTION('',(1.,0.,0.));
#4336=DIRECTION('',(0.,0.,-1.));
#4337=DIRECTION('',(0.,-1.,0.));
#4338=DIRECTION('',(0.,0.,-1.));
#4339=DIRECTION('',(-1.,0.,0.));
#4340=DIRECTION('',(0.,-1.,0.));
#4341=DIRECTION('',(1.,0.,0.));
#4342=DIRECTION('',(0.,0.,-1.));
#4343=DIRECTION('',(2.92384925355637E-16,0.,-1.));
#4344=DIRECTION('',(-1.,0.,-2.92384925355637E-16));
#4345=DIRECTION('',(0.,-1.,0.));
#4346=DIRECTION('',(-1.,0.,-2.92384925355637E-16));
#4347=DIRECTION('',(-1.,0.,-2.92384925355637E-16));
#4348=DIRECTION('',(0.,1.,0.));
#4349=DIRECTION('',(-1.,2.19585250123647E-16,-2.92384925355637E-16));
#4350=DIRECTION('',(0.,0.,1.));
#4351=DIRECTION('',(1.,0.,0.));
#4352=DIRECTION('',(0.,1.,0.));
#4353=DIRECTION('',(1.,-2.19585250123647E-16,0.));
#4354=DIRECTION('',(0.,1.,0.));
#4355=DIRECTION('',(1.,0.,0.));
#4356=DIRECTION('',(1.,0.,0.));
#4357=DIRECTION('',(0.,-1.,0.));
#4358=DIRECTION('',(1.,0.,0.));
#4359=DIRECTION('',(1.,-1.15648231731786E-15,0.));
#4360=DIRECTION('',(0.894427190999916,0.,-0.447213595499958));
#4361=DIRECTION('',(-1.,0.,0.));
#4362=DIRECTION('',(0.,0.,-1.));
#4363=DIRECTION('',(0.,0.,-1.));
#4364=DIRECTION('',(1.,0.,0.));
#4365=DIRECTION('',(-0.5,0.866025403784439,8.89373738004003E-17));
#4366=DIRECTION('',(-0.866025403784439,-0.5,0.));
#4367=DIRECTION('',(-0.5,0.866025403784439,8.89373738004003E-17));
#4368=DIRECTION('',(-0.866025403784439,-0.5,0.));
#4369=DIRECTION('',(0.5,0.866025403784439,-8.89373738004003E-17));
#4370=DIRECTION('',(-0.866025403784439,0.5,0.));
#4371=DIRECTION('',(0.5,0.866025403784439,-8.89373738004003E-17));
#4372=DIRECTION('',(-0.866025403784439,0.5,0.));
#4373=DIRECTION('',(0.258819045102521,-0.965925826289068,2.31219689126368E-16));
#4374=DIRECTION('',(-0.965925826289068,-0.258819045102521,-1.05443248895996E-16));
#4375=DIRECTION('',(0.,0.,-1.));
#4376=DIRECTION('',(1.,0.,0.));
#4377=DIRECTION('',(0.5,-0.866025403784439,-8.89373738004003E-17));
#4378=DIRECTION('',(0.866025403784439,0.5,5.13480167046795E-17));
#4379=DIRECTION('',(0.866025403784439,0.5,0.));
#4380=DIRECTION('',(-0.866025403784439,-0.5,0.));
#4381=DIRECTION('',(-6.73822032283941E-18,9.88057200921086E-17,-1.));
#4382=DIRECTION('',(-0.258819045102521,-0.965925826289068,-9.36950170724087E-17));
#4383=DIRECTION('',(0.965925826289068,-0.258819045102521,-3.20814231579629E-17));
#4384=DIRECTION('',(0.788675134594813,-0.211324865405187,-0.577350269189626));
#4385=DIRECTION('',(0.353553390593274,-0.612372435695795,0.707106781186548));
#4386=DIRECTION('',(0.353553390593274,-0.612372435695795,-0.707106781186548));
#4387=DIRECTION('',(0.866025403784439,0.5,0.));
#4388=DIRECTION('',(0.,0.,-1.));
#4389=DIRECTION('',(1.,0.,0.));
#4390=DIRECTION('',(-0.707106781186546,-0.353553390593275,0.612372435695795));
#4391=DIRECTION('',(0.654653670707978,0.,0.755928946018454));
#4392=DIRECTION('',(-0.447213595499959,0.894427190999915,-9.44415127932505E-17));
#4393=DIRECTION('',(-0.707106781186547,0.353553390593275,-0.612372435695795));
#4394=DIRECTION('',(-0.654653670707978,0.,0.755928946018454));
#4395=DIRECTION('',(0.447213595499959,0.894427190999915,9.44415127932504E-17));
#4396=DIRECTION('',(0.894427190999915,0.447213595499959,1.64616831820024E-16));
#4397=DIRECTION('',(-0.447213595499959,0.894427190999915,0.));
#4398=DIRECTION('',(-0.447213595499959,0.894427190999915,-9.44415127932505E-17));
#4399=DIRECTION('',(1.84047213095113E-16,-1.95568031261294E-32,-1.));
#4400=DIRECTION('',(-1.,0.,-1.84047213095113E-16));
#4401=DIRECTION('',(0.894427190999916,-0.447213595499959,1.64616831820024E-16));
#4402=DIRECTION('',(0.447213595499959,0.894427190999916,0.));
#4403=DIRECTION('',(0.447213595499959,0.894427190999915,9.44415127932504E-17));
#4404=DIRECTION('',(1.84047213095113E-16,-1.95568031261294E-32,-1.));
#4405=DIRECTION('',(-1.,0.,-1.84047213095113E-16));
#4406=DIRECTION('',(-0.5,0.866025403784439,8.89373738004003E-17));
#4407=DIRECTION('',(-0.866025403784439,-0.5,0.));
#4408=DIRECTION('',(0.5,0.866025403784439,-8.89373738004003E-17));
#4409=DIRECTION('',(-0.866025403784439,0.5,0.));
#4410=DIRECTION('',(1.,0.,1.36775347998981E-16));
#4411=DIRECTION('',(1.36775347998981E-16,0.,-1.));
#4412=DIRECTION('',(1.36775347998981E-16,0.,-1.));
#4413=DIRECTION('',(1.36775347998981E-16,0.,-1.));
#4414=DIRECTION('',(-1.46390166749098E-16,-1.,-2.00225660007367E-32));
#4415=DIRECTION('',(1.,-1.46390166749098E-16,0.));
#4416=DIRECTION('',(1.36775347998981E-16,0.,-1.));
#4417=DIRECTION('',(-1.,0.,-1.36775347998981E-16));
#4418=DIRECTION('',(-1.36775347998981E-16,0.,1.));
#4419=DIRECTION('',(-1.,0.,-1.36775347998981E-16));
#4420=DIRECTION('',(-1.36775347998981E-16,0.,1.));
#4421=DIRECTION('',(-1.,0.,0.));
#4422=DIRECTION('',(0.,0.,1.));
#4423=DIRECTION('',(-1.,0.,0.));
#4424=DIRECTION('',(0.,0.,1.));
#4425=DIRECTION('',(-1.,0.,0.));
#4426=DIRECTION('',(0.,0.,1.));
#4427=DIRECTION('',(-1.,0.,0.));
#4428=DIRECTION('',(0.,0.,1.));
#4429=DIRECTION('',(1.,0.,0.));
#4430=DIRECTION('',(0.,0.,-1.));
#4431=DIRECTION('',(1.,0.,0.));
#4432=DIRECTION('',(1.,0.,0.));
#4433=DIRECTION('',(0.,0.,-1.));
#4434=DIRECTION('',(1.,0.,1.36775347998981E-16));
#4435=DIRECTION('',(1.36775347998981E-16,0.,-1.));
#4436=DIRECTION('',(1.,0.,2.92384925355637E-16));
#4437=DIRECTION('',(2.92384925355637E-16,0.,-1.));
#4438=DIRECTION('',(-1.,0.,-1.36775347998981E-16));
#4439=DIRECTION('',(-1.36775347998981E-16,0.,1.));
#4440=DIRECTION('',(-1.,0.,0.));
#4441=DIRECTION('',(0.,0.,1.));
#4442=DIRECTION('',(-0.707106781186548,0.707106781186547,0.));
#4443=DIRECTION('',(0.707106781186547,0.707106781186549,-1.25776440230371E-16));
#4444=DIRECTION('',(-1.778747476008E-16,0.,-1.));
#4445=DIRECTION('',(-0.707106781186548,0.707106781186547,0.));
#4446=DIRECTION('',(-1.778747476008E-16,0.,-1.));
#4447=DIRECTION('',(-1.,0.,0.));
#4448=DIRECTION('',(0.,0.,1.));
#4449=DIRECTION('',(0.,0.,1.));
#4450=DIRECTION('',(1.,0.,0.));
#4451=DIRECTION('',(-1.778747476008E-16,1.03108595093554E-32,-1.));
#4452=DIRECTION('',(-1.,0.,1.778747476008E-16));
#4453=DIRECTION('',(0.,0.,1.));
#4454=DIRECTION('',(1.,0.,0.));
#4455=DIRECTION('',(-0.866025403784439,0.5,-1.24433299040048E-16));
#4456=DIRECTION('',(-0.5,-0.866025403784439,0.));
#4457=DIRECTION('',(-0.5,-0.866025403784439,8.89373738004003E-17));
#4458=DIRECTION('',(-0.5,-0.866025403784439,8.89373738004003E-17));
#4459=DIRECTION('',(-0.566633285038961,0.327145879649046,0.756242218944835));
#4460=DIRECTION('',(0.800278463298135,0.,0.599628535996391));
#4461=DIRECTION('',(-0.5,-0.866025403784439,8.89373738004003E-17));
#4462=DIRECTION('',(-0.5,-0.866025403784439,8.89373738004003E-17));
#4463=DIRECTION('',(0.866025403784439,-0.5,0.));
#4464=DIRECTION('',(-0.5,-0.866025403784439,8.89373738004003E-17));
#4465=DIRECTION('',(0.566633285038961,-0.327145879649046,0.756242218944835));
#4466=DIRECTION('',(0.800278463298135,0.,-0.599628535996391));
#4467=DIRECTION('',(-0.5,-0.866025403784439,8.89373738004003E-17));
#4468=DIRECTION('',(0.866025403784439,-0.5,0.));
#4469=DIRECTION('',(-3.5314657984376E-16,3.06585306345549E-16,1.));
#4470=DIRECTION('',(1.,0.,3.5314657984376E-16));
#4471=DIRECTION('',(-0.5,-0.866025403784439,8.89373738004003E-17));
#4472=DIRECTION('',(-0.5,-0.866025403784439,8.89373738004003E-17));
#4473=DIRECTION('',(-0.608852581953572,0.351521202087693,-0.711147929710333));
#4474=DIRECTION('',(-0.759627411097438,0.,0.650358513674884));
#4475=DIRECTION('',(-0.5,-0.866025403784439,8.89373738004003E-17));
#4476=DIRECTION('',(-0.5,-0.866025403784439,8.89373738004003E-17));
#4477=DIRECTION('',(0.866025403784439,-0.5,0.));
#4478=DIRECTION('',(-0.5,-0.866025403784439,8.89373738004003E-17));
#4479=DIRECTION('',(0.608852581953572,-0.351521202087693,-0.711147929710332));
#4480=DIRECTION('',(-0.759627411097438,0.,-0.650358513674884));
#4481=DIRECTION('',(5.493512978579E-17,-1.34412845379152E-16,-1.));
#4482=DIRECTION('',(0.,1.,-1.34412845379152E-16));
#4483=DIRECTION('',(-0.5,-0.866025403784439,8.89373738004003E-17));
#4484=DIRECTION('',(-0.5,-0.866025403784439,8.89373738004003E-17));
#4485=DIRECTION('',(-0.608852581953572,0.351521202087693,-0.711147929710333));
#4486=DIRECTION('',(-0.759627411097438,0.,0.650358513674884));
#4487=DIRECTION('',(-0.5,-0.866025403784439,8.89373738004003E-17));
#4488=DIRECTION('',(-0.5,-0.866025403784439,8.89373738004003E-17));
#4489=DIRECTION('',(0.866025403784439,-0.5,0.));
#4490=DIRECTION('',(-0.5,-0.866025403784439,8.89373738004003E-17));
#4491=DIRECTION('',(0.608852581953572,-0.351521202087693,-0.711147929710332));
#4492=DIRECTION('',(-0.759627411097438,0.,-0.650358513674884));
#4493=DIRECTION('',(0.866025403784439,-0.5,3.39958095130823E-16));
#4494=DIRECTION('',(0.5,0.866025403784439,0.));
#4495=DIRECTION('',(-0.5,-0.866025403784439,8.89373738004003E-17));
#4496=DIRECTION('',(-0.5,-0.866025403784439,8.89373738004003E-17));
#4497=DIRECTION('',(-0.566633285038961,0.327145879649046,0.756242218944835));
#4498=DIRECTION('',(0.800278463298135,0.,0.599628535996391));
#4499=DIRECTION('',(-0.5,-0.866025403784439,8.89373738004003E-17));
#4500=DIRECTION('',(-0.5,-0.866025403784439,8.89373738004003E-17));
#4501=DIRECTION('',(0.866025403784439,-0.5,0.));
#4502=DIRECTION('',(-0.5,-0.866025403784439,8.89373738004003E-17));
#4503=DIRECTION('',(0.56663328503896,-0.327145879649046,0.756242218944836));
#4504=DIRECTION('',(0.800278463298136,0.,-0.599628535996391));
#4505=DIRECTION('',(-0.866025403784439,-0.5,-3.08871721983997E-16));
#4506=DIRECTION('',(0.5,-0.866025403784439,0.));
#4507=DIRECTION('',(0.5,-0.866025403784439,-8.89373738004003E-17));
#4508=DIRECTION('',(0.5,-0.866025403784439,-8.89373738004003E-17));
#4509=DIRECTION('',(-0.566675593809705,-0.327170306629225,0.756199948320917));
#4510=DIRECTION('',(0.800240892849371,0.,0.599678675134977));
#4511=DIRECTION('',(0.5,-0.866025403784439,-8.89373738004003E-17));
#4512=DIRECTION('',(0.5,-0.866025403784439,-8.89373738004003E-17));
#4513=DIRECTION('',(0.866025403784439,0.5,0.));
#4514=DIRECTION('',(0.5,-0.866025403784439,-8.89373738004003E-17));
#4515=DIRECTION('',(-0.566675593809704,-0.327170306629224,-0.756199948320918));
#4516=DIRECTION('',(-0.800240892849372,0.,0.599678675134976));
#4517=DIRECTION('',(0.5,-0.866025403784439,-8.89373738004003E-17));
#4518=DIRECTION('',(0.866025403784439,0.5,0.));
#4519=DIRECTION('',(1.29525393032958E-16,1.77477553943829E-16,-1.));
#4520=DIRECTION('',(0.,1.,1.77477553943829E-16));
#4521=DIRECTION('',(0.5,-0.866025403784439,-8.89373738004003E-17));
#4522=DIRECTION('',(0.5,-0.866025403784439,-8.89373738004003E-17));
#4523=DIRECTION('',(-0.608898355503777,-0.351547629459226,-0.711095673511233));
#4524=DIRECTION('',(-0.759579644091553,0.,0.650414302027369));
#4525=DIRECTION('',(0.5,-0.866025403784439,-8.89373738004003E-17));
#4526=DIRECTION('',(0.5,-0.866025403784439,-8.89373738004003E-17));
#4527=DIRECTION('',(0.866025403784439,0.5,0.));
#4528=DIRECTION('',(0.5,-0.866025403784439,-8.89373738004003E-17));
#4529=DIRECTION('',(0.608898355503778,0.351547629459226,-0.711095673511233));
#4530=DIRECTION('',(-0.759579644091553,0.,-0.65041430202737));
#4531=DIRECTION('',(-1.54381690166267E-16,-1.91828343784802E-16,1.));
#4532=DIRECTION('',(0.,-1.,-1.91828343784802E-16));
#4533=DIRECTION('',(0.5,-0.866025403784439,-8.89373738004003E-17));
#4534=DIRECTION('',(0.5,-0.866025403784439,-8.89373738004003E-17));
#4535=DIRECTION('',(0.608898355503777,0.351547629459226,0.711095673511234));
#4536=DIRECTION('',(0.759579644091553,0.,-0.650414302027369));
#4537=DIRECTION('',(0.5,-0.866025403784439,-8.89373738004003E-17));
#4538=DIRECTION('',(0.5,-0.866025403784439,-8.89373738004003E-17));
#4539=DIRECTION('',(0.866025403784439,0.5,0.));
#4540=DIRECTION('',(0.5,-0.866025403784439,-8.89373738004003E-17));
#4541=DIRECTION('',(-0.608898355503777,-0.351547629459226,0.711095673511233));
#4542=DIRECTION('',(0.759579644091553,0.,0.65041430202737));
#4543=DIRECTION('',(0.866025403784439,0.5,6.22210715917076E-17));
#4544=DIRECTION('',(-0.5,0.866025403784439,0.));
#4545=DIRECTION('',(0.5,-0.866025403784439,-8.89373738004003E-17));
#4546=DIRECTION('',(0.5,-0.866025403784439,-8.89373738004003E-17));
#4547=DIRECTION('',(0.566675593809705,0.327170306629224,-0.756199948320918));
#4548=DIRECTION('',(-0.800240892849371,0.,-0.599678675134977));
#4549=DIRECTION('',(0.5,-0.866025403784439,-8.89373738004003E-17));
#4550=DIRECTION('',(0.5,-0.866025403784439,-8.89373738004003E-17));
#4551=DIRECTION('',(0.866025403784439,0.5,0.));
#4552=DIRECTION('',(0.5,-0.866025403784439,-8.89373738004003E-17));
#4553=DIRECTION('',(0.566675593809704,0.327170306629224,0.756199948320918));
#4554=DIRECTION('',(0.800240892849372,0.,-0.599678675134976));
#4555=DIRECTION('',(-6.16790569236167E-15,0.,1.));
#4556=DIRECTION('',(1.,0.,6.16790569236167E-15));
#4557=DIRECTION('',(0.,1.,0.));
#4558=DIRECTION('',(0.,1.,0.));
#4559=DIRECTION('',(-1.,0.,-4.48645279374001E-15));
#4560=DIRECTION('',(-4.48645279374001E-15,0.,1.));
#4561=DIRECTION('',(0.,1.,0.));
#4562=DIRECTION('',(6.16790569236199E-15,0.,1.));
#4563=DIRECTION('',(1.,0.,-6.16790569236199E-15));
#4564=DIRECTION('',(0.,1.,0.));
#4565=DIRECTION('',(1.,0.,0.));
#4566=DIRECTION('',(0.,0.,-1.));
#4567=DIRECTION('',(-1.,0.,-4.48645279374002E-15));
#4568=DIRECTION('',(-4.48645279374002E-15,0.,1.));
#4569=DIRECTION('',(0.,1.,0.));
#4570=DIRECTION('',(0.,1.,0.));
#4571=DIRECTION('',(6.16790569236228E-15,0.,-1.));
#4572=DIRECTION('',(-1.,0.,-6.16790569236228E-15));
#4573=DIRECTION('',(0.,1.,0.));
#4574=DIRECTION('',(1.,0.,0.));
#4575=DIRECTION('',(0.,0.,-1.));
#4576=DIRECTION('',(0.,1.,0.));
#4577=DIRECTION('',(6.16790569236229E-15,0.,-1.));
#4578=DIRECTION('',(-1.,0.,-6.16790569236229E-15));
#4579=DIRECTION('',(-1.73472347597681E-15,0.,-1.));
#4580=DIRECTION('',(-1.,0.,1.73472347597681E-15));
#4581=DIRECTION('',(0.,1.,0.));
#4582=DIRECTION('',(0.,1.,0.));
#4583=DIRECTION('',(-0.684311431079675,0.,-0.729189869165561));
#4584=DIRECTION('',(-0.729189869165561,0.,0.684311431079675));
#4585=DIRECTION('',(0.,1.,0.));
#4586=DIRECTION('',(0.,0.,1.));
#4587=DIRECTION('',(1.,0.,0.));
#4588=DIRECTION('',(0.,1.,0.));
#4589=DIRECTION('',(0.,1.,0.));
#4590=DIRECTION('',(0.,0.,1.));
#4591=DIRECTION('',(0.,1.,0.));
#4592=DIRECTION('',(0.262273411259964,0.,0.964993605028584));
#4593=DIRECTION('',(0.964993605028584,0.,-0.262273411259964));
#4594=DIRECTION('',(0.,1.,0.));
#4595=DIRECTION('',(0.,1.,0.));
#4596=DIRECTION('',(0.,0.,1.));
#4597=DIRECTION('',(0.,1.,0.));
#4598=DIRECTION('',(0.,0.,1.));
#4599=DIRECTION('',(0.,1.,0.));
#4600=DIRECTION('',(0.,1.,0.));
#4601=DIRECTION('',(-0.262273411259939,0.,0.96499360502859));
#4602=DIRECTION('',(0.96499360502859,0.,0.262273411259939));
#4603=DIRECTION('',(0.,1.,0.));
#4604=DIRECTION('',(0.,1.,0.));
#4605=DIRECTION('',(0.,0.,1.));
#4606=DIRECTION('',(0.,1.,0.));
#4607=DIRECTION('',(0.,0.,1.));
#4608=DIRECTION('',(1.,0.,0.));
#4609=DIRECTION('',(0.,1.,0.));
#4610=DIRECTION('',(-0.684311431079675,0.,0.729189869165561));
#4611=DIRECTION('',(0.729189869165561,0.,0.684311431079675));
#4612=DIRECTION('',(0.,1.,0.));
#4613=DIRECTION('',(-1.73472347597681E-15,0.,-1.));
#4614=DIRECTION('',(-1.,0.,1.73472347597681E-15));
#4615=DIRECTION('',(-1.,0.,-1.36775347998981E-16));
#4616=DIRECTION('',(-1.36775347998981E-16,0.,1.));
#4617=DIRECTION('',(1.36775347998981E-16,0.,-1.));
#4618=DIRECTION('',(1.,0.,1.36775347998981E-16));
#4619=DIRECTION('',(1.36775347998981E-16,0.,-1.));
#4620=DIRECTION('',(1.36775347998981E-16,0.,-1.));
#4621=DIRECTION('',(-2.19585250123647E-16,-1.,-3.0033849001105E-32));
#4622=DIRECTION('',(1.,-2.19585250123647E-16,0.));
#4623=DIRECTION('',(-2.19585250123647E-16,-1.,-3.0033849001105E-32));
#4624=DIRECTION('',(1.,-2.19585250123647E-16,0.));
#4625=DIRECTION('',(1.36775347998981E-16,0.,-1.));
#4626=DIRECTION('',(1.,0.,1.36775347998981E-16));
#4627=DIRECTION('',(1.36775347998981E-16,0.,-1.));
#4628=DIRECTION('',(0.,-1.,0.));
#4629=DIRECTION('',(1.36775347998981E-16,0.,-1.));
#4630=DIRECTION('',(1.,0.,1.36775347998981E-16));
#4631=CARTESIAN_POINT('',(0.,0.,0.));
#4632=CARTESIAN_POINT('',(-1.04083408558608E-17,-0.0075,0.005));
#4633=CARTESIAN_POINT('',(0.0135,-0.0025,0.005));
#4634=CARTESIAN_POINT('',(0.0121383583173156,-0.0025,0.005));
#4635=CARTESIAN_POINT('',(0.0125,-0.0025,0.005));
#4636=CARTESIAN_POINT('',(0.0121383583173156,-0.0075,0.005));
#4637=CARTESIAN_POINT('',(0.0121383583173156,-0.006,0.000230303992915272));
#4638=CARTESIAN_POINT('',(-1.00789629806754E-17,-0.006,0.000230303992915274));
#4639=CARTESIAN_POINT('',(0.0118339745962156,-0.006,0.000230303992915274));
#4640=CARTESIAN_POINT('',(0.0118339745962156,-0.0075,0.005));
#4641=CARTESIAN_POINT('',(0.0118339745962156,-0.0075,0.));
#4642=CARTESIAN_POINT('',(-0.0118660254037844,-0.0075,0.));
#4643=CARTESIAN_POINT('',(0.0205262794416288,-0.0075,0.));
#4644=CARTESIAN_POINT('',(0.0205262794416288,-0.0075,0.005));
#4645=CARTESIAN_POINT('',(0.0128391742254945,-0.00306184773417587,0.00269721810295457));
#4646=CARTESIAN_POINT('',(0.0128391742254945,-0.00306184773417586,0.00269721810295457));
#4647=CARTESIAN_POINT('',(0.0125989357404903,-0.00292314598018895,0.00296453803651869));
#4648=CARTESIAN_POINT('',(0.0125,-0.00277464821811641,0.00332109203126539));
#4649=CARTESIAN_POINT('',(0.0125,-0.00267411729260445,0.00369200302199869));
#4650=CARTESIAN_POINT('',(0.0125,-0.00267411729260444,0.00369200302199869));
#4651=CARTESIAN_POINT('',(0.0125,-0.0075,0.005));
#4652=CARTESIAN_POINT('',(-0.0118660254037844,-0.00155786663857179,0.0207842025542851));
#4653=CARTESIAN_POINT('',(-0.0118660254037844,-0.0025,0.023));
#4654=CARTESIAN_POINT('',(-0.0118660254037844,-0.0025,0.0218896750426354));
#4655=CARTESIAN_POINT('',(-0.0118660254037844,-0.0025,0.0208760254037844));
#4656=CARTESIAN_POINT('',(-0.0118660254037844,-0.00423986004180251,0.0228760254037844));
#4657=CARTESIAN_POINT('',(-0.0118660254037844,-0.00239976673633752,0.0220924077500892));
#4658=CARTESIAN_POINT('',(-0.0118660254037844,-0.007,0.0240514518843274));
#4659=CARTESIAN_POINT('',(-0.0118660254037844,-0.002,0.0240514518843274));
#4660=CARTESIAN_POINT('',(-0.0118660254037844,-0.002,0.014));
#4661=CARTESIAN_POINT('',(-0.0118660254037844,-0.002,0.02001));
#4662=CARTESIAN_POINT('',(-0.0118660254037844,-0.00222470619948581,0.0203992025542851));
#4663=CARTESIAN_POINT('',(-1.09568624035116E-17,-0.0055,0.0158760254037844));
#4664=CARTESIAN_POINT('',(0.0135,-0.0055,0.0188760254037844));
#4665=CARTESIAN_POINT('',(0.0121383583173156,-0.0055,0.0188760254037844));
#4666=CARTESIAN_POINT('',(0.0170621778264911,-0.0055,0.0188760254037844));
#4667=CARTESIAN_POINT('',(0.0121383583173156,-0.0055,0.0158760254037844));
#4668=CARTESIAN_POINT('',(0.0121383583173156,-0.0025,0.0158760254037844));
#4669=CARTESIAN_POINT('',(-0.0118660254037844,-0.0025,0.0158760254037844));
#4670=CARTESIAN_POINT('',(0.0125,-0.0025,0.0158760254037844));
#4671=CARTESIAN_POINT('',(0.0125,-0.0055,0.0158760254037844));
#4672=CARTESIAN_POINT('',(0.0125,-0.00264526859498827,0.0167982556381835));
#4673=CARTESIAN_POINT('',(0.0125,-0.00264526859498827,0.0167982556381835));
#4674=CARTESIAN_POINT('',(0.0125,-0.00276400247118788,0.0171657921953065));
#4675=CARTESIAN_POINT('',(0.0126597868804147,-0.00295827840220481,0.0174916833631718));
#4676=CARTESIAN_POINT('',(0.0129401926048813,-0.00312017072270793,0.0177026103623734));
#4677=CARTESIAN_POINT('',(0.0129401926048813,-0.00312017072270793,0.0177026103623734));
#4678=CARTESIAN_POINT('',(0.0170621778264911,-0.0055,0.0158760254037844));
#4679=CARTESIAN_POINT('',(-1.04083408558608E-17,-0.002,0.014));
#4680=CARTESIAN_POINT('',(0.00875,-0.002,0.0453615223689151));
#4681=CARTESIAN_POINT('',(0.01175,-0.002,0.045361522368915));
#4682=CARTESIAN_POINT('',(0.00875,-0.002,0.048361522368915));
#4683=CARTESIAN_POINT('',(-0.00712910431111012,-0.002,0.0402304136616605));
#4684=CARTESIAN_POINT('',(0.0095,-0.002,0.04475));
#4685=CARTESIAN_POINT('',(0.008,-0.002,0.04475));
#4686=CARTESIAN_POINT('',(0.008,-0.002,0.04625));
#4687=CARTESIAN_POINT('',(-1.04083408558608E-17,-0.002,0.04625));
#4688=CARTESIAN_POINT('',(0.0025,-0.002,0.04625));
#4689=CARTESIAN_POINT('',(-0.0149218177166781,-0.002,0.0299004187484777));
#4690=CARTESIAN_POINT('',(0.00475,-0.002,0.048361522368915));
#4691=CARTESIAN_POINT('',(4.91993986677982E-17,-0.002,0.048361522368915));
#4692=CARTESIAN_POINT('',(-1.04083408558608E-17,-0.002,0.0240514518843274));
#4693=CARTESIAN_POINT('',(0.0135,-0.002,0.0240514518843274));
#4694=CARTESIAN_POINT('',(0.0135,-0.002,0.014));
#4695=CARTESIAN_POINT('',(0.0135,-0.002,0.02001));
#4696=CARTESIAN_POINT('',(3.46944695195361E-18,-0.002,0.02001));
#4697=CARTESIAN_POINT('',(0.016,-0.002,0.02001));
#4698=CARTESIAN_POINT('',(0.015005,-0.002,0.021005));
#4699=CARTESIAN_POINT('',(0.01401,-0.002,0.022));
#4700=CARTESIAN_POINT('',(0.014005,-0.002,0.022));
#4701=CARTESIAN_POINT('',(0.014,-0.002,0.022));
#4702=CARTESIAN_POINT('',(0.014,-0.002,0.0375));
#4703=CARTESIAN_POINT('',(0.014,-0.002,0.0302));
#4704=CARTESIAN_POINT('',(0.01475,-0.002,0.0302));
#4705=CARTESIAN_POINT('',(0.0155,-0.002,0.0302));
#4706=CARTESIAN_POINT('',(0.0155,-0.002,0.03405));
#4707=CARTESIAN_POINT('',(0.0155,-0.002,0.0379));
#4708=CARTESIAN_POINT('',(0.01475,-0.002,0.0379));
#4709=CARTESIAN_POINT('',(0.014,-0.002,0.0379));
#4710=CARTESIAN_POINT('',(0.014,-0.002,0.0375));
#4711=CARTESIAN_POINT('',(0.014,-0.002,0.0485));
#4712=CARTESIAN_POINT('',(0.0095,-0.002,0.0485));
#4713=CARTESIAN_POINT('',(0.0095,-0.002,0.053));
#4714=CARTESIAN_POINT('',(-5.20417042793042E-18,-0.002,0.053));
#4715=CARTESIAN_POINT('',(-0.0095,-0.002,0.053));
#4716=CARTESIAN_POINT('',(-0.0095,-0.002,0.0485));
#4717=CARTESIAN_POINT('',(-0.014,-0.002,0.0485));
#4718=CARTESIAN_POINT('',(-0.014,-0.002,0.0375));
#4719=CARTESIAN_POINT('',(-0.014,-0.002,0.0379));
#4720=CARTESIAN_POINT('',(-0.01475,-0.002,0.0379));
#4721=CARTESIAN_POINT('',(-0.0155,-0.002,0.0379));
#4722=CARTESIAN_POINT('',(-0.0155,-0.002,0.03405));
#4723=CARTESIAN_POINT('',(-0.0155,-0.002,0.0302));
#4724=CARTESIAN_POINT('',(-0.01475,-0.002,0.0302));
#4725=CARTESIAN_POINT('',(-0.014,-0.002,0.0302));
#4726=CARTESIAN_POINT('',(-0.014,-0.002,0.0375));
#4727=CARTESIAN_POINT('',(-0.014,-0.002,0.022));
#4728=CARTESIAN_POINT('',(-0.014005,-0.002,0.022));
#4729=CARTESIAN_POINT('',(-0.01401,-0.002,0.022));
#4730=CARTESIAN_POINT('',(-0.015005,-0.002,0.021005));
#4731=CARTESIAN_POINT('',(-0.016,-0.002,0.02001));
#4732=CARTESIAN_POINT('',(3.46944695195361E-18,-0.002,0.02001));
#4733=CARTESIAN_POINT('',(0.01175,-0.002,0.014));
#4734=CARTESIAN_POINT('',(0.01175,-0.002,0.0316301791369915));
#4735=CARTESIAN_POINT('',(0.01175,-0.002,0.03975));
#4736=CARTESIAN_POINT('',(-1.19149623112266E-16,-0.002,0.0316301791369915));
#4737=CARTESIAN_POINT('',(0.0095,-0.002,0.0316301791369915));
#4738=CARTESIAN_POINT('',(0.00950000000000013,-0.002,0.014));
#4739=CARTESIAN_POINT('',(0.0095,-0.002,0.03975));
#4740=CARTESIAN_POINT('',(1.48415230722461E-16,-0.002,0.03975));
#4741=CARTESIAN_POINT('',(-1.6923191243419E-16,-0.002,0.03975));
#4742=CARTESIAN_POINT('',(-0.01175,-0.002,0.03975));
#4743=CARTESIAN_POINT('',(-0.0095,-0.002,0.03975));
#4744=CARTESIAN_POINT('',(-0.00949999999999987,-0.002,0.014));
#4745=CARTESIAN_POINT('',(-0.0095,-0.002,0.0316301791369915));
#4746=CARTESIAN_POINT('',(-1.19149623112278E-16,-0.002,0.0316301791369916));
#4747=CARTESIAN_POINT('',(-0.0117499999999998,-0.002,0.0316301791369915));
#4748=CARTESIAN_POINT('',(-0.01175,-0.002,0.014));
#4749=CARTESIAN_POINT('',(-0.00875,-0.002,0.045361522368915));
#4750=CARTESIAN_POINT('',(-0.00875,-0.002,0.048361522368915));
#4751=CARTESIAN_POINT('',(-0.01175,-0.002,0.045361522368915));
#4752=CARTESIAN_POINT('',(4.91993986677982E-17,-0.002,0.048361522368915));
#4753=CARTESIAN_POINT('',(-0.00475,-0.002,0.048361522368915));
#4754=CARTESIAN_POINT('',(0.0149218177166781,-0.002,0.0299004187484777));
#4755=CARTESIAN_POINT('',(-0.0025,-0.002,0.04625));
#4756=CARTESIAN_POINT('',(-1.04083408558608E-17,-0.002,0.04625));
#4757=CARTESIAN_POINT('',(-0.008,-0.002,0.04625));
#4758=CARTESIAN_POINT('',(-0.008,-0.002,0.04475));
#4759=CARTESIAN_POINT('',(-0.0095,-0.002,0.04475));
#4760=CARTESIAN_POINT('',(0.00712910431111066,-0.002,0.0402304136616599));
#4761=CARTESIAN_POINT('',(-1.04083408558608E-17,0.,0.014));
#4762=CARTESIAN_POINT('',(0.010625,0.,0.0450557611844575));
#4763=CARTESIAN_POINT('',(0.0095,0.,0.04475));
#4764=CARTESIAN_POINT('',(0.01175,0.,0.045361522368915));
#4765=CARTESIAN_POINT('',(0.00875,0.,0.0453615223689151));
#4766=CARTESIAN_POINT('',(0.00875,0.,0.048361522368915));
#4767=CARTESIAN_POINT('',(0.00675,0.,0.048361522368915));
#4768=CARTESIAN_POINT('',(0.00475,0.,0.048361522368915));
#4769=CARTESIAN_POINT('',(0.003625,0.,0.0473057611844575));
#4770=CARTESIAN_POINT('',(0.0025,0.,0.04625));
#4771=CARTESIAN_POINT('',(0.00525,0.,0.04625));
#4772=CARTESIAN_POINT('',(0.008,0.,0.04625));
#4773=CARTESIAN_POINT('',(0.008,0.,0.04475));
#4774=CARTESIAN_POINT('',(-0.0095,0.,0.0356900895684958));
#4775=CARTESIAN_POINT('',(-0.0095,0.,0.0316301791369915));
#4776=CARTESIAN_POINT('',(-0.0095,0.,0.03975));
#4777=CARTESIAN_POINT('',(-0.010625,0.,0.03975));
#4778=CARTESIAN_POINT('',(-0.01175,0.,0.03975));
#4779=CARTESIAN_POINT('',(-0.01175,0.,0.0356900895684958));
#4780=CARTESIAN_POINT('',(-0.0117499999999998,0.,0.0316301791369915));
#4781=CARTESIAN_POINT('',(-0.010625,0.,0.0316301791369915));
#4782=CARTESIAN_POINT('',(-0.0095,0.,0.0485));
#4783=CARTESIAN_POINT('',(-0.0095,0.,0.053));
#4784=CARTESIAN_POINT('',(-0.014,0.,0.0485));
#4785=CARTESIAN_POINT('',(-5.20417042793042E-18,0.,0.053));
#4786=CARTESIAN_POINT('',(0.0095,0.,0.053));
#4787=CARTESIAN_POINT('',(0.0095,0.,0.0485));
#4788=CARTESIAN_POINT('',(0.014,0.,0.0485));
#4789=CARTESIAN_POINT('',(0.014,0.,0.0375));
#4790=CARTESIAN_POINT('',(0.014,0.,0.0379));
#4791=CARTESIAN_POINT('',(0.014,0.,0.0375));
#4792=CARTESIAN_POINT('',(0.014,0.,0.0302));
#4793=CARTESIAN_POINT('',(0.014,0.,0.0375));
#4794=CARTESIAN_POINT('',(0.014,0.,0.022));
#4795=CARTESIAN_POINT('',(0.014005,0.,0.022));
#4796=CARTESIAN_POINT('',(0.01401,0.,0.022));
#4797=CARTESIAN_POINT('',(0.015005,0.,0.021005));
#4798=CARTESIAN_POINT('',(0.016,0.,0.02001));
#4799=CARTESIAN_POINT('',(0.016,0.,0.000505));
#4800=CARTESIAN_POINT('',(0.016,0.,-0.019));
#4801=CARTESIAN_POINT('',(0.019,0.,-0.019));
#4802=CARTESIAN_POINT('',(0.019,0.,-0.022));
#4803=CARTESIAN_POINT('',(0.019,0.,-0.02275));
#4804=CARTESIAN_POINT('',(0.019,0.,-0.0235));
#4805=CARTESIAN_POINT('',(0.021,0.,-0.0235));
#4806=CARTESIAN_POINT('',(0.023,0.,-0.0235));
#4807=CARTESIAN_POINT('',(0.023,0.,-0.0235));
#4808=CARTESIAN_POINT('',(0.023,0.,-0.025));
#4809=CARTESIAN_POINT('',(-6.93889390390723E-18,0.,-0.025));
#4810=CARTESIAN_POINT('',(-0.023,0.,-0.025));
#4811=CARTESIAN_POINT('',(-0.023,0.,-0.0235));
#4812=CARTESIAN_POINT('',(-0.023,0.,-0.0235));
#4813=CARTESIAN_POINT('',(-0.021,0.,-0.0235));
#4814=CARTESIAN_POINT('',(-0.019,0.,-0.0235));
#4815=CARTESIAN_POINT('',(-0.019,0.,-0.02275));
#4816=CARTESIAN_POINT('',(-0.019,0.,-0.022));
#4817=CARTESIAN_POINT('',(-0.019,0.,-0.019));
#4818=CARTESIAN_POINT('',(-0.016,0.,-0.019));
#4819=CARTESIAN_POINT('',(-0.016,0.,0.000505));
#4820=CARTESIAN_POINT('',(-0.016,0.,0.02001));
#4821=CARTESIAN_POINT('',(-0.015005,0.,0.021005));
#4822=CARTESIAN_POINT('',(-0.01401,0.,0.022));
#4823=CARTESIAN_POINT('',(-0.014005,0.,0.022));
#4824=CARTESIAN_POINT('',(-0.014,0.,0.022));
#4825=CARTESIAN_POINT('',(-0.014,0.,0.0375));
#4826=CARTESIAN_POINT('',(-0.014,0.,0.0302));
#4827=CARTESIAN_POINT('',(-0.014,0.,0.0375));
#4828=CARTESIAN_POINT('',(-0.014,0.,0.0379));
#4829=CARTESIAN_POINT('',(-0.014,0.,0.0375));
#4830=CARTESIAN_POINT('',(0.010625,0.,0.0316301791369915));
#4831=CARTESIAN_POINT('',(0.0095,0.,0.0316301791369915));
#4832=CARTESIAN_POINT('',(0.0117500000000002,0.,0.0316301791369915));
#4833=CARTESIAN_POINT('',(0.01175,0.,0.0356900895684958));
#4834=CARTESIAN_POINT('',(0.01175,0.,0.03975));
#4835=CARTESIAN_POINT('',(0.010625,0.,0.03975));
#4836=CARTESIAN_POINT('',(0.0095,0.,0.03975));
#4837=CARTESIAN_POINT('',(0.0095,0.,0.0356900895684958));
#4838=CARTESIAN_POINT('',(-0.00675,0.,0.048361522368915));
#4839=CARTESIAN_POINT('',(-0.00475,0.,0.048361522368915));
#4840=CARTESIAN_POINT('',(-0.00875,0.,0.048361522368915));
#4841=CARTESIAN_POINT('',(-0.00875,0.,0.045361522368915));
#4842=CARTESIAN_POINT('',(-0.01175,0.,0.045361522368915));
#4843=CARTESIAN_POINT('',(-0.010625,0.,0.0450557611844575));
#4844=CARTESIAN_POINT('',(-0.0095,0.,0.04475));
#4845=CARTESIAN_POINT('',(-0.008,0.,0.04475));
#4846=CARTESIAN_POINT('',(-0.008,0.,0.04625));
#4847=CARTESIAN_POINT('',(-0.00525,0.,0.04625));
#4848=CARTESIAN_POINT('',(-0.0025,0.,0.04625));
#4849=CARTESIAN_POINT('',(-0.003625,0.,0.0473057611844575));
#4850=CARTESIAN_POINT('',(-0.01475,-0.00416506350946109,0.02001));
#4851=CARTESIAN_POINT('',(-0.0213533337022429,-0.0079775,-0.0104709907907247));
#4852=CARTESIAN_POINT('',(-0.0204873082984585,-0.0074775,-0.0104709907907247));
#4853=CARTESIAN_POINT('',(-0.01475,-0.00416506350946109,-0.002));
#4854=CARTESIAN_POINT('',(-0.0291865334794732,-0.0125,-0.002));
#4855=CARTESIAN_POINT('',(-0.0118660254037844,-0.0025,-0.002));
#4856=CARTESIAN_POINT('',(-0.0291865334794732,-0.0125,0.0113598221519431));
#4857=CARTESIAN_POINT('',(-0.0291865334794732,-0.0125,-0.0189409907907248));
#4858=CARTESIAN_POINT('',(-0.01475,-0.00416506350946109,-0.0189409907907248));
#4859=CARTESIAN_POINT('',(-0.0118660254037844,-0.0025,-0.0189409907907248));
#4860=CARTESIAN_POINT('',(-0.0118660254037844,-0.0025,0.014));
#4861=CARTESIAN_POINT('',(-0.0170468059315181,-0.00549112503229942,-0.0147739165572978));
#4862=CARTESIAN_POINT('',(-0.0197161127882769,-0.00703225006459885,-0.0121068423238709));
#4863=CARTESIAN_POINT('',(-0.0143774990747593,-0.00395,-0.0174409907907247));
#4864=CARTESIAN_POINT('',(-0.0213533337022429,-0.0079775,-0.0104709907907247));
#4865=CARTESIAN_POINT('',(-0.019716112788277,-0.00703225006459885,-0.00883513925757863));
#4866=CARTESIAN_POINT('',(-0.0170468059315181,-0.00549112503229943,-0.00616806502415169));
#4867=CARTESIAN_POINT('',(-0.0143774990747593,-0.00395,-0.00350099079072475));
#4868=CARTESIAN_POINT('',(-0.0143774990747593,-0.00395,-0.0104709907907247));
#4869=CARTESIAN_POINT('',(-0.0173121390922199,-0.00564431520405548,-0.00585712171707668));
#4870=CARTESIAN_POINT('',(-0.0198137664077881,-0.00708863040811096,-0.00871325264342861));
#4871=CARTESIAN_POINT('',(-0.0148105117766515,-0.0042,-0.00300099079072475));
#4872=CARTESIAN_POINT('',(-0.0213533337022429,-0.0079775,-0.0104709907907247));
#4873=CARTESIAN_POINT('',(-0.0228929009966978,-0.00886636959188904,-0.00871325264342862));
#4874=CARTESIAN_POINT('',(-0.0253945283122661,-0.0103106847959445,-0.00585712171707668));
#4875=CARTESIAN_POINT('',(-0.0278961556278344,-0.011755,-0.00300099079072475));
#4876=CARTESIAN_POINT('',(-0.021353333702243,-0.0079775,-0.00300099079072475));
#4877=CARTESIAN_POINT('',(-0.0253945283122661,-0.0103106847959445,-0.0150848598643728));
#4878=CARTESIAN_POINT('',(-0.0228929009966978,-0.00886636959188904,-0.0122287289380209));
#4879=CARTESIAN_POINT('',(-0.0278961556278344,-0.011755,-0.0179409907907247));
#4880=CARTESIAN_POINT('',(-0.0213533337022429,-0.0079775,-0.0104709907907247));
#4881=CARTESIAN_POINT('',(-0.0198137664077881,-0.00708863040811096,-0.0122287289380209));
#4882=CARTESIAN_POINT('',(-0.0173121390922199,-0.00564431520405548,-0.0150848598643728));
#4883=CARTESIAN_POINT('',(-0.0148105117766515,-0.0042,-0.0179409907907247));
#4884=CARTESIAN_POINT('',(-0.0213533337022429,-0.0079775,-0.0179409907907247));
#4885=CARTESIAN_POINT('',(-0.0256598614729678,-0.0104638749677006,-0.00616806502415169));
#4886=CARTESIAN_POINT('',(-0.022990554616209,-0.00892274993540115,-0.00883513925757862));
#4887=CARTESIAN_POINT('',(-0.0283291683297267,-0.012005,-0.00350099079072475));
#4888=CARTESIAN_POINT('',(-0.0213533337022429,-0.0079775,-0.0104709907907247));
#4889=CARTESIAN_POINT('',(-0.022990554616209,-0.00892274993540114,-0.0121068423238709));
#4890=CARTESIAN_POINT('',(-0.0256598614729678,-0.0104638749677006,-0.0147739165572978));
#4891=CARTESIAN_POINT('',(-0.0283291683297267,-0.012005,-0.0174409907907247));
#4892=CARTESIAN_POINT('',(-0.0283291683297266,-0.012005,-0.0104709907907247));
#4893=CARTESIAN_POINT('',(-0.016,-0.002,0.02001));
#4894=CARTESIAN_POINT('',(-0.016,-0.002,-0.0179409907907247));
#4895=CARTESIAN_POINT('',(-0.0160605117766516,-0.0020349364905389,-0.0179409907907247));
#4896=CARTESIAN_POINT('',(-0.0291461556278344,-0.0095899364905389,-0.0179409907907247));
#4897=CARTESIAN_POINT('',(-0.0324621227938208,-0.0115044110264451,0.000784879436467711));
#4898=CARTESIAN_POINT('',(-0.0210637664077881,-0.00492356689864986,-0.0122287289380209));
#4899=CARTESIAN_POINT('',(-0.0226033337022429,-0.0058124364905389,-0.0104709907907247));
#4900=CARTESIAN_POINT('',(-0.0241429009966978,-0.00670130608242794,-0.0122287289380209));
#4901=CARTESIAN_POINT('',(-0.00606650003963526,0.00373510887611172,0.00840926437509396));
#4902=CARTESIAN_POINT('',(-0.016,-0.002,0.000505));
#4903=CARTESIAN_POINT('',(-0.016,-0.002,-0.00387318015408758));
#4904=CARTESIAN_POINT('',(-0.00576557833267973,0.0039088461046275,0.00635268138514364));
#4905=CARTESIAN_POINT('',(-0.020966112788277,-0.00486718655513776,-0.00883513925757863));
#4906=CARTESIAN_POINT('',(-0.0226033337022429,-0.0058124364905389,-0.0104709907907247));
#4907=CARTESIAN_POINT('',(-0.020966112788277,-0.00486718655513775,-0.0121068423238709));
#4908=CARTESIAN_POINT('',(-0.0318890100178519,-0.0111735242109634,-0.00119308106723401));
#4909=CARTESIAN_POINT('',(-0.016,-0.002,-0.0170688014273619));
#4910=CARTESIAN_POINT('',(-0.016,-0.002,0.000505));
#4911=CARTESIAN_POINT('',(-0.016,-0.002,-0.019));
#4912=CARTESIAN_POINT('',(0.000718571428571423,0.0076524717147517,-0.00228142857142857));
#4913=CARTESIAN_POINT('',(-0.0161772868955971,-0.00210235663689673,-0.019177286895597));
#4914=CARTESIAN_POINT('',(-0.016177286895597,-0.00210235663689673,0.02001));
#4915=CARTESIAN_POINT('',(-0.016177286895597,-0.00210235663689673,-0.0189409907907248));
#4916=CARTESIAN_POINT('',(-0.016,-0.002,-0.0189409907907248));
#4917=CARTESIAN_POINT('',(-0.0419807621135331,-0.017,-0.0189409907907248));
#4918=CARTESIAN_POINT('',(-0.0419807621135331,-0.017,0.02001));
#4919=CARTESIAN_POINT('',(-0.0419807621135331,-0.017,0.0459907621135332));
#4920=CARTESIAN_POINT('',(-0.00914285714285714,0.00195897327444315,0.0131528571428571));
#4921=CARTESIAN_POINT('',(-0.0207631397208144,-0.00475,0.0160590092092752));
#4922=CARTESIAN_POINT('',(-0.0237942286340599,-0.0065,0.0160590092092752));
#4923=CARTESIAN_POINT('',(-0.0226033337022429,-0.0058124364905389,-0.0104709907907247));
#4924=CARTESIAN_POINT('',(-0.0234693591060274,-0.0063124364905389,-0.0104709907907247));
#4925=CARTESIAN_POINT('',(-0.016,-0.002,-0.00300099079072475));
#4926=CARTESIAN_POINT('',(-0.0291461556278344,-0.00958993649053891,-0.00300099079072475));
#4927=CARTESIAN_POINT('',(-0.0160605117766516,-0.0020349364905389,-0.00300099079072475));
#4928=CARTESIAN_POINT('',(-0.0324621227938208,-0.0115044110264451,0.000784879436467722));
#4929=CARTESIAN_POINT('',(-0.0241429009966978,-0.00670130608242795,-0.00871325264342862));
#4930=CARTESIAN_POINT('',(-0.0226033337022429,-0.0058124364905389,-0.0104709907907247));
#4931=CARTESIAN_POINT('',(-0.0210637664077881,-0.00492356689864986,-0.00871325264342862));
#4932=CARTESIAN_POINT('',(-0.00606650003963526,0.00373510887611172,0.00840926437509397));
#4933=CARTESIAN_POINT('',(-0.0295791683297266,-0.00983993649053891,0.02001));
#4934=CARTESIAN_POINT('',(-0.0295791683297267,-0.00983993649053891,-0.0174409907907247));
#4935=CARTESIAN_POINT('',(-0.0295791683297266,-0.0098399364905389,-0.00350099079072475));
#4936=CARTESIAN_POINT('',(-0.00576557833267972,0.00390884610462751,0.00635268138514362));
#4937=CARTESIAN_POINT('',(-0.0242405546162089,-0.00675768642594005,-0.0121068423238709));
#4938=CARTESIAN_POINT('',(-0.0226033337022429,-0.0058124364905389,-0.0104709907907247));
#4939=CARTESIAN_POINT('',(-0.0242405546162089,-0.00675768642594005,-0.00883513925757863));
#4940=CARTESIAN_POINT('',(-0.0318890100178519,-0.0111735242109634,-0.001193081067234));
#4941=CARTESIAN_POINT('',(0.016,-0.002,0.000505));
#4942=CARTESIAN_POINT('',(0.016,-0.00111324865405187,0.000505));
#4943=CARTESIAN_POINT('',(0.016,-0.00111324865405187,-0.0035));
#4944=CARTESIAN_POINT('',(0.016,-0.00111324865405189,-0.0174409907907247));
#4945=CARTESIAN_POINT('',(0.016,-0.00839975025591704,-0.0142888935970077));
#4946=CARTESIAN_POINT('',(0.016,-0.002,-0.0170573874400616));
#4947=CARTESIAN_POINT('',(0.016,-0.002,0.000505));
#4948=CARTESIAN_POINT('',(0.016,-0.002,-0.019));
#4949=CARTESIAN_POINT('',(0.016,-0.002,-0.019));
#4950=CARTESIAN_POINT('',(0.016,-0.002,0.02001));
#4951=CARTESIAN_POINT('',(0.016,-0.002,0.000505));
#4952=CARTESIAN_POINT('',(0.016,-0.002,-0.00388360335066315));
#4953=CARTESIAN_POINT('',(0.016,-0.000400788872675825,-0.00319179414206993));
#4954=CARTESIAN_POINT('',(0.016,-0.002,0.02001));
#4955=CARTESIAN_POINT('',(0.0225932667397366,-0.00580662432702594,-0.0104704953953624));
#4956=CARTESIAN_POINT('',(0.0217272413359522,-0.00530662432702594,-0.0104704953953624));
#4957=CARTESIAN_POINT('',(0.0207631397208144,-0.00475,0.0160590092092752));
#4958=CARTESIAN_POINT('',(0.0177320508075689,-0.003,0.0160590092092752));
#4959=CARTESIAN_POINT('',(0.00576130393502239,0.00391131392926559,0.00634519343864871));
#4960=CARTESIAN_POINT('',(0.0242305791722879,-0.00675192710070698,-0.0121062247936076));
#4961=CARTESIAN_POINT('',(0.0295705080756888,-0.00983493649053891,-0.0174409907907247));
#4962=CARTESIAN_POINT('',(0.0295705080756887,-0.0098349364905389,0.02001));
#4963=CARTESIAN_POINT('',(0.0295705080756887,-0.0098349364905389,-0.0035));
#4964=CARTESIAN_POINT('',(0.0318838208013956,-0.0111705282154455,-0.00118892389897928));
#4965=CARTESIAN_POINT('',(0.0242305791722879,-0.00675192710070698,-0.00883476599711715));
#4966=CARTESIAN_POINT('',(0.0225932667397366,-0.00580662432702594,-0.0104704953953624));
#4967=CARTESIAN_POINT('',(0.0324564194009387,-0.0115011181710293,0.000788682830132271));
#4968=CARTESIAN_POINT('',(0.0210535863072919,-0.00491768941488802,-0.0122281014058008));
#4969=CARTESIAN_POINT('',(0.0160490381056766,-0.00202831216351297,-0.0179409907907247));
#4970=CARTESIAN_POINT('',(0.016,-0.002,-0.0179409907907247));
#4971=CARTESIAN_POINT('',(0.0291374953737965,-0.00958493649053891,-0.0179409907907247));
#4972=CARTESIAN_POINT('',(0.00606127033182344,0.00373812824932467,0.0084014312972177));
#4973=CARTESIAN_POINT('',(0.0241329471721813,-0.00669555923916385,-0.0122281014058008));
#4974=CARTESIAN_POINT('',(0.0225932667397366,-0.00580662432702594,-0.0104704953953624));
#4975=CARTESIAN_POINT('',(0.0324564194009387,-0.0115011181710293,0.000788682830132274));
#4976=CARTESIAN_POINT('',(0.0291374953737965,-0.00958493649053891,-0.003));
#4977=CARTESIAN_POINT('',(0.0241329471721813,-0.00669555923916385,-0.00871288938492391));
#4978=CARTESIAN_POINT('',(0.016,-0.002,-0.003));
#4979=CARTESIAN_POINT('',(0.0160490381056766,-0.00202831216351297,-0.003));
#4980=CARTESIAN_POINT('',(0.00606127033182344,0.00373812824932467,0.0084014312972177));
#4981=CARTESIAN_POINT('',(0.0210535863072919,-0.00491768941488802,-0.00871288938492391));
#4982=CARTESIAN_POINT('',(0.0225932667397366,-0.00580662432702594,-0.0104704953953624));
#4983=CARTESIAN_POINT('',(0.0318838208013956,-0.0111705282154455,-0.00118892389897928));
#4984=CARTESIAN_POINT('',(0.0209559543071852,-0.00486132155334489,-0.0121062247936076));
#4985=CARTESIAN_POINT('',(0.0225932667397366,-0.00580662432702594,-0.0104704953953624));
#4986=CARTESIAN_POINT('',(0.0209559543071852,-0.00486132155334489,-0.00883476599711715));
#4987=CARTESIAN_POINT('',(0.00576130393502239,0.00391131392926559,0.00634519343864869));
#4988=CARTESIAN_POINT('',(0.00914285714285715,0.00195897327444315,0.0131528571428571));
#4989=CARTESIAN_POINT('',(0.0419807621135331,-0.017,0.0459907621135332));
#4990=CARTESIAN_POINT('',(0.0419807621135331,-0.017,0.02001));
#4991=CARTESIAN_POINT('',(0.0419807621135331,-0.017,-0.0189409907907248));
#4992=CARTESIAN_POINT('',(0.016,-0.002,-0.0189409907907248));
#4993=CARTESIAN_POINT('',(0.016177286895597,-0.00210235663689673,-0.0189409907907248));
#4994=CARTESIAN_POINT('',(0.016177286895597,-0.00210235663689673,0.02001));
#4995=CARTESIAN_POINT('',(0.016177286895597,-0.00210235663689673,-0.019177286895597));
#4996=CARTESIAN_POINT('',(-0.000718571428571423,0.0076524717147517,-0.00228142857142858));
#4997=CARTESIAN_POINT('',(0.000816987298107781,-0.0125,-0.002));
#4998=CARTESIAN_POINT('',(0.0121383583173156,-0.00425,-0.002));
#4999=CARTESIAN_POINT('',(0.0121383583173156,-0.0026572314809364,-0.002));
#5000=CARTESIAN_POINT('',(0.0121383583173156,-0.006,-0.002));
#5001=CARTESIAN_POINT('',(0.01475,-0.0041650635094611,-0.002));
#5002=CARTESIAN_POINT('',(0.0291865334794732,-0.0125,-0.002));
#5003=CARTESIAN_POINT('',(0.000816987298107781,-0.0125,-0.002));
#5004=CARTESIAN_POINT('',(-0.0118660254037844,-0.00825,-0.002));
#5005=CARTESIAN_POINT('',(-0.0118660254037844,-0.0105,-0.002));
#5006=CARTESIAN_POINT('',(-1.60254037844462E-5,-0.0105,-0.002));
#5007=CARTESIAN_POINT('',(0.0118339745962155,-0.0105,-0.002));
#5008=CARTESIAN_POINT('',(0.0118339745962156,-0.00825,-0.002));
#5009=CARTESIAN_POINT('',(0.0118339745962155,-0.006,-0.002));
#5010=CARTESIAN_POINT('',(-1.60254037844445E-5,-0.006,-0.002));
#5011=CARTESIAN_POINT('',(-1.04083408558608E-17,-0.0025,0.014));
#5012=CARTESIAN_POINT('',(0.0118660254037844,-0.0025,0.014));
#5013=CARTESIAN_POINT('',(0.0118660254037844,-0.0025,-0.0189409907907248));
#5014=CARTESIAN_POINT('',(0.0118660254037844,-0.0025,-0.002));
#5015=CARTESIAN_POINT('',(0.000136166456765568,-0.0025,-0.002));
#5016=CARTESIAN_POINT('',(0.0121383583173156,-0.0025,-0.002));
#5017=CARTESIAN_POINT('',(0.0121383583173156,-0.0025,0.023));
#5018=CARTESIAN_POINT('',(0.0125,-0.0025,0.014));
#5019=CARTESIAN_POINT('',(0.0121383583173156,-0.0025,0.023));
#5020=CARTESIAN_POINT('',(0.0121383583173156,-0.0025,0.0218896750426354));
#5021=CARTESIAN_POINT('',(-1.04083408558608E-17,-0.0025,0.0218896750426354));
#5022=CARTESIAN_POINT('',(-0.0118660254037844,-0.0025,0.023));
#5023=CARTESIAN_POINT('',(-0.0118660254037844,-0.0025,0.0158760254037844));
#5024=CARTESIAN_POINT('',(-0.0118660254037844,-0.0025,0.014));
#5025=CARTESIAN_POINT('',(-0.0118660254037844,-0.0025,0.005));
#5026=CARTESIAN_POINT('',(-0.0118660254037844,-0.0025,0.023));
#5027=CARTESIAN_POINT('',(-0.0118660254037844,-0.0025,-0.0249999907907247));
#5028=CARTESIAN_POINT('',(-0.0118660254037844,-0.0025,-0.0249999907907247));
#5029=CARTESIAN_POINT('',(-1.04083408558608E-17,-0.0025,-0.0249999907907247));
#5030=CARTESIAN_POINT('',(0.0118660254037844,-0.0025,-0.0249999907907247));
#5031=CARTESIAN_POINT('',(0.0118660254037844,-0.0025,-0.0249999907907247));
#5032=CARTESIAN_POINT('',(3.46944695195361E-18,-0.002,0.02001));
#5033=CARTESIAN_POINT('',(3.46944695195361E-18,-0.017,0.0459907621135332));
#5034=CARTESIAN_POINT('',(-0.031250635094611,-0.017,0.0459907621135332));
#5035=CARTESIAN_POINT('',(-0.031950635094611,-0.01665,0.0453845443308841));
#5036=CARTESIAN_POINT('',(-0.0326506350946109,-0.0163,0.044778326548235));
#5037=CARTESIAN_POINT('',(-0.0326506350946109,-0.002,0.02001));
#5038=CARTESIAN_POINT('',(-0.0326506350946109,-0.0145,0.041660635094611));
#5039=CARTESIAN_POINT('',(-0.00628571428571429,0.000721794126179667,0.0152957142857143));
#5040=CARTESIAN_POINT('',(0.0135,-0.002,0.000505));
#5041=CARTESIAN_POINT('',(0.0135,-0.002,0.02001));
#5042=CARTESIAN_POINT('',(0.0135,-0.00318299601854708,0.0220590092092753));
#5043=CARTESIAN_POINT('',(0.0135,-0.00283362398073312,0.0214538790890376));
#5044=CARTESIAN_POINT('',(0.0135,-0.00423986004180251,0.0228760254037844));
#5045=CARTESIAN_POINT('',(0.0135,-0.00344337567297407,0.0210414647887565));
#5046=CARTESIAN_POINT('',(0.0135,-0.00344337567297407,0.02001));
#5047=CARTESIAN_POINT('',(0.0135,-0.00344337567297407,0.0220590092092753));
#5048=CARTESIAN_POINT('',(0.0135,-0.002,0.0220590092092753));
#5049=CARTESIAN_POINT('',(0.00081698729810778,-0.0125,0.));
#5050=CARTESIAN_POINT('',(0.01475,-0.0041650635094611,0.));
#5051=CARTESIAN_POINT('',(0.0291865334794732,-0.0125,0.));
#5052=CARTESIAN_POINT('',(0.0118339745962156,-0.0125,0.));
#5053=CARTESIAN_POINT('',(0.0118339745962155,-0.0105,0.));
#5054=CARTESIAN_POINT('',(0.00081698729810778,-0.0105,0.));
#5055=CARTESIAN_POINT('',(-0.0118660254037844,-0.0105,0.));
#5056=CARTESIAN_POINT('',(-0.0118660254037844,-0.0125,0.));
#5057=CARTESIAN_POINT('',(-0.0118660254037844,-0.0075,0.));
#5058=CARTESIAN_POINT('',(-0.0118660254037844,-0.0075,0.));
#5059=CARTESIAN_POINT('',(-0.0205262794416288,-0.0075,0.));
#5060=CARTESIAN_POINT('',(-0.01475,-0.00416506350946109,0.));
#5061=CARTESIAN_POINT('',(-0.0291865334794732,-0.0125,0.));
#5062=CARTESIAN_POINT('',(0.00081698729810778,-0.0125,0.));
#5063=CARTESIAN_POINT('',(0.0326506350946109,-0.0154,0.0565590092092752));
#5064=CARTESIAN_POINT('',(0.0326506350946109,-0.0154,-0.0189409907907248));
#5065=CARTESIAN_POINT('',(0.0326506350946109,-0.0163,-0.0189428321212449));
#5066=CARTESIAN_POINT('',(0.0326506350946109,-0.0145,-0.0189409907907248));
#5067=CARTESIAN_POINT('',(0.032650635094611,-0.0163,-0.0189446734517651));
#5068=CARTESIAN_POINT('',(0.0326506350946109,-0.0163,0.044778326548235));
#5069=CARTESIAN_POINT('',(0.0326506350946109,-0.002,0.02001));
#5070=CARTESIAN_POINT('',(0.0326506350946109,-0.0145,0.041660635094611));
#5071=CARTESIAN_POINT('',(0.0326506350946109,-0.0145,0.02001));
#5072=CARTESIAN_POINT('',(3.46944695195361E-18,-0.002,0.02001));
#5073=CARTESIAN_POINT('',(0.0135,-0.00222470619948581,0.0203992025542851));
#5074=CARTESIAN_POINT('',(3.46944695195361E-18,-0.00318299601854708,0.0220590092092753));
#5075=CARTESIAN_POINT('',(0.0130490092092752,-0.00318299601854708,0.0220590092092753));
#5076=CARTESIAN_POINT('',(0.00628571428571429,0.000721794126179664,0.0152957142857143));
#5077=CARTESIAN_POINT('',(0.0319506350946109,-0.01665,0.0453845443308841));
#5078=CARTESIAN_POINT('',(0.0312506350946109,-0.017,0.0459907621135332));
#5079=CARTESIAN_POINT('',(3.46944695195361E-18,-0.017,0.0459907621135332));
#5080=CARTESIAN_POINT('',(-1.04083408558608E-17,-0.017,0.014));
#5081=CARTESIAN_POINT('',(0.0336888272979173,-0.017,0.0431753802637032));
#5082=CARTESIAN_POINT('',(0.032300635094611,-0.017,0.044778326548235));
#5083=CARTESIAN_POINT('',(0.032300635094611,-0.017,-0.0189446734517651));
#5084=CARTESIAN_POINT('',(0.032300635094611,-0.017,-0.0189446734517651));
#5085=CARTESIAN_POINT('',(-4.34496552073493E-18,-0.017,-0.0189446734517651));
#5086=CARTESIAN_POINT('',(0.0326506350946109,-0.017,-0.0189428321212449));
#5087=CARTESIAN_POINT('',(-1.04083408558608E-17,-0.017,-0.0189409907907248));
#5088=CARTESIAN_POINT('',(-0.0291865334794732,-0.0125,-0.0189409907907248));
#5089=CARTESIAN_POINT('',(-0.0286374953737965,-0.0104509618943233,0.0113598221519431));
#5090=CARTESIAN_POINT('',(-0.0286374953737965,-0.0104509618943233,0.0223760254037844));
#5091=CARTESIAN_POINT('',(-0.0286374953737965,-0.0104509618943233,0.0210590092092752));
#5092=CARTESIAN_POINT('',(-0.0288521516800967,-0.0112520701356008,0.0210590092092752));
#5093=CARTESIAN_POINT('',(-0.0291195567581824,-0.0122500394732184,0.0210590092092752));
#5094=CARTESIAN_POINT('',(-0.0340445466228355,-0.0306303518748653,0.00760368667228138));
#5095=CARTESIAN_POINT('',(-0.0353,-0.00952437438536435,-0.0189409907907248));
#5096=CARTESIAN_POINT('',(-0.0306865334794732,-0.0125,-0.0189409907907248));
#5097=CARTESIAN_POINT('',(-0.0321865334794732,-0.0125,-0.0189409907907248));
#5098=CARTESIAN_POINT('',(-0.0332331496826552,-0.0131042641466454,-0.0189409907907248));
#5099=CARTESIAN_POINT('',(-0.0327078147715834,-0.0128009618943233,-0.0189409907907248));
#5100=CARTESIAN_POINT('',(-0.0359455033925932,-0.0119334258429803,-0.0189409907907248));
#5101=CARTESIAN_POINT('',(-0.0306587766659067,-0.01335,-0.0189409907907248));
#5102=CARTESIAN_POINT('',(-0.01475,-0.00416506350946109,-0.0189409907907248));
#5103=CARTESIAN_POINT('',(-0.0326506350946109,-0.0145,-0.0189409907907248));
#5104=CARTESIAN_POINT('',(-0.0326506350946109,-0.0154,-0.0189409907907248));
#5105=CARTESIAN_POINT('',(-0.0326506350946109,-0.0163,-0.0189428321212449));
#5106=CARTESIAN_POINT('',(-0.0326506350946109,-0.0413,-0.0189446734517651));
#5107=CARTESIAN_POINT('',(-0.0326506350946109,-0.017,-0.0189428321212449));
#5108=CARTESIAN_POINT('',(-1.04083408558608E-17,-0.017,-0.0189409907907248));
#5109=CARTESIAN_POINT('',(-0.0140216561496907,-0.00230117831844836,-0.0189409907907248));
#5110=CARTESIAN_POINT('',(-0.01475,-0.00416506350946109,0.02001));
#5111=CARTESIAN_POINT('',(-0.0195131397208144,-0.0069150635094611,0.0160590092092752));
#5112=CARTESIAN_POINT('',(-0.0216782032302755,-0.0081650635094611,0.0160590092092752));
#5113=CARTESIAN_POINT('',(-0.0170621778264911,-0.0055,0.0158760254037844));
#5114=CARTESIAN_POINT('',(-0.0170621778264911,-0.0055,0.0188760254037844));
#5115=CARTESIAN_POINT('',(-0.01475,-0.00416506350946109,0.0188760254037844));
#5116=CARTESIAN_POINT('',(-0.0291865334794732,-0.0125,0.0188760254037844));
#5117=CARTESIAN_POINT('',(-0.0291865334794732,-0.0125,0.0113598221519431));
#5118=CARTESIAN_POINT('',(-0.0205262794416288,-0.0075,0.005));
#5119=CARTESIAN_POINT('',(-0.01475,-0.00416506350946109,0.02001));
#5120=CARTESIAN_POINT('',(-0.0222583302491977,-0.0085,0.0208760254037844));
#5121=CARTESIAN_POINT('',(-0.0306587766659067,-0.01335,0.0208760254037844));
#5122=CARTESIAN_POINT('',(-0.0291865334794732,-0.0125,0.0208760254037844));
#5123=CARTESIAN_POINT('',(-0.01475,-0.00416506350946109,0.0208760254037844));
#5124=CARTESIAN_POINT('',(-0.0326506350946109,-0.0145,0.02001));
#5125=CARTESIAN_POINT('',(-0.0306587766659067,-0.01335,0.0113598221519431));
#5126=CARTESIAN_POINT('',(0.0230083302491977,-0.00720096189432334,0.0113598221519431));
#5127=CARTESIAN_POINT('',(0.0286374953737965,-0.0104509618943233,0.0113598221519431));
#5128=CARTESIAN_POINT('',(0.0286374953737965,-0.0104509618943233,0.0210590092092752));
#5129=CARTESIAN_POINT('',(0.0286374953737965,-0.0104509618943233,0.0223760254037844));
#5130=CARTESIAN_POINT('',(-0.0197168503173447,0.0174664326069454,0.0210590092092752));
#5131=CARTESIAN_POINT('',(0.0321865334794732,-0.0125,0.0210590092092752));
#5132=CARTESIAN_POINT('',(0.0321865334794732,-0.0125,0.0210590092092752));
#5133=CARTESIAN_POINT('',(0.0321865334794732,-0.0125,-0.0189409907907248));
#5134=CARTESIAN_POINT('',(-0.0197168503173447,0.0174664326069454,-0.0189409907907248));
#5135=CARTESIAN_POINT('',(0.0327078147715834,-0.0128009618943233,-0.0189409907907248));
#5136=CARTESIAN_POINT('',(0.0327078147715834,-0.0128009618943233,0.0113598221519431));
#5137=CARTESIAN_POINT('',(0.0327078147715834,-0.0128009618943233,0.0223760254037844));
#5138=CARTESIAN_POINT('',(0.0230083302491977,-0.00720096189432334,0.0223760254037844));
#5139=CARTESIAN_POINT('',(0.0291865334794732,-0.0125,-0.0189409907907248));
#5140=CARTESIAN_POINT('',(0.0340445466228355,-0.0306303518748654,0.00760368667228138));
#5141=CARTESIAN_POINT('',(0.0291195567581824,-0.0122500394732184,0.0210590092092752));
#5142=CARTESIAN_POINT('',(0.0241228484336874,0.0063979298643992,0.0210590092092752));
#5143=CARTESIAN_POINT('',(0.02992265507269,-0.012925,0.0208760254037844));
#5144=CARTESIAN_POINT('',(0.0297754307540467,-0.0125,0.0211704740410712));
#5145=CARTESIAN_POINT('',(0.0295525010904548,-0.0125,0.0210590092092752));
#5146=CARTESIAN_POINT('',(0.0291865334794732,-0.0125,0.0208760254037844));
#5147=CARTESIAN_POINT('',(0.0300141469754354,-0.0127665313759638,0.0210590092092752));
#5148=CARTESIAN_POINT('',(0.0125284247910414,-0.0182080131433623,0.00760368667228138));
#5149=CARTESIAN_POINT('',(0.0306587766659067,-0.01335,0.0208760254037844));
#5150=CARTESIAN_POINT('',(0.0222583302491977,-0.0085,0.0208760254037844));
#5151=CARTESIAN_POINT('',(0.01475,-0.00416506350946109,0.02001));
#5152=CARTESIAN_POINT('',(0.0148795513942453,-0.00423986004180251,0.0228760254037844));
#5153=CARTESIAN_POINT('',(0.0148795513942453,-0.00423986004180251,0.0208760254037844));
#5154=CARTESIAN_POINT('',(0.01475,-0.00416506350946109,0.0208760254037844));
#5155=CARTESIAN_POINT('',(0.0306587766659067,-0.01335,0.0113598221519431));
#5156=CARTESIAN_POINT('',(0.0306587766659067,-0.01335,-0.0189409907907248));
#5157=CARTESIAN_POINT('',(0.01475,-0.0041650635094611,-0.0189409907907248));
#5158=CARTESIAN_POINT('',(0.01475,-0.00416506350946109,0.0220590092092753));
#5159=CARTESIAN_POINT('',(0.01475,-0.00416506350946109,0.02001));
#5160=CARTESIAN_POINT('',(0.0170359898554848,-0.00548488036789003,-0.00616738299855857));
#5161=CARTESIAN_POINT('',(0.0197059543071852,-0.00702638506280599,-0.00883476599711715));
#5162=CARTESIAN_POINT('',(0.0143660254037844,-0.00394337567297406,-0.0035));
#5163=CARTESIAN_POINT('',(0.0213432667397366,-0.00797168783648703,-0.0104704953953624));
#5164=CARTESIAN_POINT('',(0.0197059543071852,-0.00702638506280599,-0.0121062247936076));
#5165=CARTESIAN_POINT('',(0.0170359898554848,-0.00548488036789003,-0.0147736077921662));
#5166=CARTESIAN_POINT('',(0.0143660254037844,-0.00394337567297407,-0.0174409907907247));
#5167=CARTESIAN_POINT('',(0.0143660254037844,-0.00394337567297407,-0.0104704953953624));
#5168=CARTESIAN_POINT('',(0.0253852212729889,-0.0103053113743125,-0.00585644469246195));
#5169=CARTESIAN_POINT('',(0.0228829471721812,-0.00886062274862495,-0.00871288938492391));
#5170=CARTESIAN_POINT('',(0.0278874953737965,-0.01175,-0.003));
#5171=CARTESIAN_POINT('',(0.0213432667397366,-0.00797168783648704,-0.0104704953953624));
#5172=CARTESIAN_POINT('',(0.0198035863072919,-0.00708275292434912,-0.00871288938492391));
#5173=CARTESIAN_POINT('',(0.0173013122064843,-0.00563806429866159,-0.00585644469246195));
#5174=CARTESIAN_POINT('',(0.0147990381056767,-0.00419337567297406,-0.003));
#5175=CARTESIAN_POINT('',(0.0213432667397366,-0.00797168783648703,-0.003));
#5176=CARTESIAN_POINT('',(0.0173013122064843,-0.0056380642986616,-0.0150845460982628));
#5177=CARTESIAN_POINT('',(0.0147990381056767,-0.00419337567297407,-0.0179409907907247));
#5178=CARTESIAN_POINT('',(0.0198035863072919,-0.00708275292434912,-0.0122281014058008));
#5179=CARTESIAN_POINT('',(0.0213432667397366,-0.00797168783648704,-0.0104704953953624));
#5180=CARTESIAN_POINT('',(0.0228829471721812,-0.00886062274862495,-0.0122281014058008));
#5181=CARTESIAN_POINT('',(0.0253852212729889,-0.0103053113743125,-0.0150845460982628));
#5182=CARTESIAN_POINT('',(0.0278874953737965,-0.01175,-0.0179409907907247));
#5183=CARTESIAN_POINT('',(0.0213432667397366,-0.00797168783648704,-0.0179409907907247));
#5184=CARTESIAN_POINT('',(0.0213432667397366,-0.00797168783648704,-0.0104704953953624));
#5185=CARTESIAN_POINT('',(0.022209292143521,-0.00847168783648704,-0.0104704953953624));
#5186=CARTESIAN_POINT('',(0.0256505436239883,-0.010458495305084,-0.0147736077921662));
#5187=CARTESIAN_POINT('',(0.0283205080756888,-0.012,-0.0174409907907247));
#5188=CARTESIAN_POINT('',(0.0229805791722879,-0.00891699061016808,-0.0121062247936076));
#5189=CARTESIAN_POINT('',(0.0213432667397366,-0.00797168783648704,-0.0104704953953624));
#5190=CARTESIAN_POINT('',(0.0229805791722879,-0.00891699061016808,-0.00883476599711715));
#5191=CARTESIAN_POINT('',(0.0256505436239883,-0.010458495305084,-0.00616738299855857));
#5192=CARTESIAN_POINT('',(0.0283205080756888,-0.012,-0.0035));
#5193=CARTESIAN_POINT('',(0.0283205080756888,-0.012,-0.0104704953953624));
#5194=CARTESIAN_POINT('',(0.01475,-0.0041650635094611,-0.002));
#5195=CARTESIAN_POINT('',(0.01475,-0.0041650635094611,-0.0189409907907248));
#5196=CARTESIAN_POINT('',(0.0291865334794732,-0.0125,-0.0189409907907248));
#5197=CARTESIAN_POINT('',(0.0291865334794732,-0.0125,0.0113598221519431));
#5198=CARTESIAN_POINT('',(-1.04083408558608E-17,-0.002,0.014));
#5199=CARTESIAN_POINT('',(-6.93889390390723E-18,-0.002,-0.025));
#5200=CARTESIAN_POINT('',(-0.023,-0.002,-0.025));
#5201=CARTESIAN_POINT('',(-0.016177286895597,-0.002,-0.0249999907907247));
#5202=CARTESIAN_POINT('',(-0.016177286895597,-0.002,0.014));
#5203=CARTESIAN_POINT('',(-0.016177286895597,-0.002,-0.0200160170915057));
#5204=CARTESIAN_POINT('',(-0.019,-0.002,-0.019));
#5205=CARTESIAN_POINT('',(-0.019,-0.002,-0.022));
#5206=CARTESIAN_POINT('',(-0.021,-0.002,-0.022));
#5207=CARTESIAN_POINT('',(-0.023,-0.002,-0.022));
#5208=CARTESIAN_POINT('',(-0.023,-0.002,-0.0235));
#5209=CARTESIAN_POINT('',(-1.04083408558608E-17,-0.002,0.014));
#5210=CARTESIAN_POINT('',(-0.019,-0.002,-0.019));
#5211=CARTESIAN_POINT('',(-0.0160052430221052,-0.002,-0.019177286895597));
#5212=CARTESIAN_POINT('',(-1.04083408558608E-17,-0.002,-0.019177286895597));
#5213=CARTESIAN_POINT('',(0.0160052430221052,-0.002,-0.019177286895597));
#5214=CARTESIAN_POINT('',(0.019,-0.002,-0.019));
#5215=CARTESIAN_POINT('',(3.46944695195361E-18,-0.002,-0.019));
#5216=CARTESIAN_POINT('',(-0.019,-0.002,-0.019));
#5217=CARTESIAN_POINT('',(-0.016177286895597,-0.002,-0.0200160170915057));
#5218=CARTESIAN_POINT('',(-0.016177286895597,-0.00160235663689673,-0.0200160170915057));
#5219=CARTESIAN_POINT('',(-0.019,-0.00160235663689673,-0.019));
#5220=CARTESIAN_POINT('',(-0.0160052430221052,-0.00160235663689673,-0.019177286895597));
#5221=CARTESIAN_POINT('',(-0.0160052430221052,-0.002,-0.019177286895597));
#5222=CARTESIAN_POINT('',(-0.016,-0.002,-0.019));
#5223=CARTESIAN_POINT('',(-0.019,-0.002,-0.022));
#5224=CARTESIAN_POINT('',(0.019,-0.002,-0.019));
#5225=CARTESIAN_POINT('',(0.0160052430221052,-0.002,-0.019177286895597));
#5226=CARTESIAN_POINT('',(0.0160052430221052,-0.00160235663689673,-0.019177286895597));
#5227=CARTESIAN_POINT('',(0.019,-0.00160235663689673,-0.019));
#5228=CARTESIAN_POINT('',(0.016177286895597,-0.00160235663689673,-0.0200160170915057));
#5229=CARTESIAN_POINT('',(0.016177286895597,-0.002,-0.0200160170915057));
#5230=CARTESIAN_POINT('',(0.016177286895597,-0.002,-0.0200160170915057));
#5231=CARTESIAN_POINT('',(0.019,-0.002,-0.019));
#5232=CARTESIAN_POINT('',(0.019,-0.002,-0.022));
#5233=CARTESIAN_POINT('',(0.019,-0.002,-0.022));
#5234=CARTESIAN_POINT('',(-0.0353,-0.00952437438536435,-0.0189409907907248));
#5235=CARTESIAN_POINT('',(0.0306865334794732,-0.0125,-0.0189409907907248));
#5236=CARTESIAN_POINT('',(0.0140216561496907,-0.00230117831844836,-0.0189409907907248));
#5237=CARTESIAN_POINT('',(0.0326506350946109,-0.0154,-0.0189409907907248));
#5238=CARTESIAN_POINT('',(-0.0299251933609974,-0.0295834258429803,-0.0189409907907248));
#5239=CARTESIAN_POINT('',(-0.014,-0.002,0.0375));
#5240=CARTESIAN_POINT('',(-0.014,0.023,0.0485));
#5241=CARTESIAN_POINT('',(-0.014,-0.002,0.0379));
#5242=CARTESIAN_POINT('',(-5.20417042793042E-18,-0.002,0.053));
#5243=CARTESIAN_POINT('',(-0.0095,0.023,0.053));
#5244=CARTESIAN_POINT('',(0.0095,0.023,0.053));
#5245=CARTESIAN_POINT('',(-1.04083408558608E-17,-0.017,0.014));
#5246=CARTESIAN_POINT('',(-0.0336888272979173,-0.017,0.0431753802637032));
#5247=CARTESIAN_POINT('',(-0.032300635094611,-0.017,0.044778326548235));
#5248=CARTESIAN_POINT('',(-4.34496552073493E-18,-0.017,-0.0189446734517651));
#5249=CARTESIAN_POINT('',(-0.032300635094611,-0.017,-0.0189446734517651));
#5250=CARTESIAN_POINT('',(-0.032300635094611,-0.017,-0.0189446734517651));
#5251=CARTESIAN_POINT('',(3.46944695195361E-18,-0.002,-0.019));
#5252=CARTESIAN_POINT('',(3.46944695195361E-18,-0.00210235663689673,-0.019177286895597));
#5253=CARTESIAN_POINT('',(-1.04083408558608E-17,-0.002,0.014));
#5254=CARTESIAN_POINT('',(0.016177286895597,-0.002,0.014));
#5255=CARTESIAN_POINT('',(0.016177286895597,-0.002,-0.0249999907907247));
#5256=CARTESIAN_POINT('',(-6.93889390390723E-18,-0.002,-0.025));
#5257=CARTESIAN_POINT('',(0.023,-0.002,-0.025));
#5258=CARTESIAN_POINT('',(0.023,-0.002,-0.0235));
#5259=CARTESIAN_POINT('',(0.023,-0.002,-0.022));
#5260=CARTESIAN_POINT('',(0.021,-0.002,-0.022));
#5261=CARTESIAN_POINT('',(-0.023,-0.002,-0.0235));
#5262=CARTESIAN_POINT('',(-0.023,0.000647058823529417,-0.0190882352941177));
#5263=CARTESIAN_POINT('',(-0.023,0.008,-0.0235));
#5264=CARTESIAN_POINT('',(-0.023,0.003,-0.0205));
#5265=CARTESIAN_POINT('',(-0.023,0.008,-0.0235));
#5266=CARTESIAN_POINT('',(-0.023,-0.002,-0.025));
#5267=CARTESIAN_POINT('',(-0.023,-0.002,-0.022));
#5268=CARTESIAN_POINT('',(-0.023,0.003,-0.022));
#5269=CARTESIAN_POINT('',(-0.023,0.003,-0.0205));
#5270=CARTESIAN_POINT('',(0.023,-0.002,-0.0235));
#5271=CARTESIAN_POINT('',(0.023,0.008,-0.0235));
#5272=CARTESIAN_POINT('',(0.023,0.008,-0.0235));
#5273=CARTESIAN_POINT('',(0.023,0.0055,-0.022));
#5274=CARTESIAN_POINT('',(0.023,0.003,-0.0205));
#5275=CARTESIAN_POINT('',(0.023,0.003,-0.0205));
#5276=CARTESIAN_POINT('',(0.023,0.003,-0.022));
#5277=CARTESIAN_POINT('',(0.023,-0.002,-0.022));
#5278=CARTESIAN_POINT('',(0.023,-0.002,-0.025));
#5279=CARTESIAN_POINT('',(0.019,0.008,-0.02275));
#5280=CARTESIAN_POINT('',(0.019,0.003,-0.0205));
#5281=CARTESIAN_POINT('',(0.019,0.003,-0.0205));
#5282=CARTESIAN_POINT('',(0.019,0.003,-0.022));
#5283=CARTESIAN_POINT('',(0.019,0.00766911764705882,-0.0233014705882353));
#5284=CARTESIAN_POINT('',(0.019,0.008,-0.0235));
#5285=CARTESIAN_POINT('',(0.019,0.008,-0.0235));
#5286=CARTESIAN_POINT('',(0.019,0.008,-0.022));
#5287=CARTESIAN_POINT('',(0.01475,-0.002,0.0379));
#5288=CARTESIAN_POINT('',(0.0155,-0.002,0.0379));
#5289=CARTESIAN_POINT('',(0.0155,0.008,0.0379));
#5290=CARTESIAN_POINT('',(0.014,0.0055,0.0379));
#5291=CARTESIAN_POINT('',(0.0125,0.003,0.0379));
#5292=CARTESIAN_POINT('',(0.0125,0.003,0.0379));
#5293=CARTESIAN_POINT('',(0.014,0.003,0.0379));
#5294=CARTESIAN_POINT('',(0.014,-0.002,0.0379));
#5295=CARTESIAN_POINT('',(0.014,-0.002,0.0379));
#5296=CARTESIAN_POINT('',(0.01475,-0.002,0.0302));
#5297=CARTESIAN_POINT('',(0.0125,0.003,0.0302));
#5298=CARTESIAN_POINT('',(0.0125,0.003,0.0302));
#5299=CARTESIAN_POINT('',(0.014,0.003,0.0302));
#5300=CARTESIAN_POINT('',(0.0108897058823529,0.000316176470588234,0.0302));
#5301=CARTESIAN_POINT('',(0.0155,0.008,0.0302));
#5302=CARTESIAN_POINT('',(0.0155,-0.002,0.0302));
#5303=CARTESIAN_POINT('',(0.014,-0.002,0.0302));
#5304=CARTESIAN_POINT('',(0.014,-0.002,0.0302));
#5305=CARTESIAN_POINT('',(-0.01475,-0.002,0.0302));
#5306=CARTESIAN_POINT('',(-0.0108897058823529,0.00031617647058824,0.0302));
#5307=CARTESIAN_POINT('',(-0.0125,0.003,0.0302));
#5308=CARTESIAN_POINT('',(-0.0155,0.008,0.0302));
#5309=CARTESIAN_POINT('',(-0.0125,0.003,0.0302));
#5310=CARTESIAN_POINT('',(-0.014,0.003,0.0302));
#5311=CARTESIAN_POINT('',(-0.014,-0.002,0.0302));
#5312=CARTESIAN_POINT('',(-0.014,-0.002,0.0302));
#5313=CARTESIAN_POINT('',(-0.0155,-0.002,0.0302));
#5314=CARTESIAN_POINT('',(0.021,-0.002,-0.022));
#5315=CARTESIAN_POINT('',(0.021,0.003,-0.022));
#5316=CARTESIAN_POINT('',(-0.021,-0.002,-0.022));
#5317=CARTESIAN_POINT('',(-0.021,0.003,-0.022));
#5318=CARTESIAN_POINT('',(-0.019,0.003,-0.022));
#5319=CARTESIAN_POINT('',(-0.019,0.008,-0.022));
#5320=CARTESIAN_POINT('',(0.014,-0.002,0.03405));
#5321=CARTESIAN_POINT('',(0.014,0.003,0.03405));
#5322=CARTESIAN_POINT('',(0.014,-0.002,0.0375));
#5323=CARTESIAN_POINT('',(0.014,-0.002,0.022));
#5324=CARTESIAN_POINT('',(-0.014,-0.002,0.0375));
#5325=CARTESIAN_POINT('',(-0.014,-0.002,0.022));
#5326=CARTESIAN_POINT('',(-0.014005,-0.002,0.022));
#5327=CARTESIAN_POINT('',(-0.01401,-0.002,0.022));
#5328=CARTESIAN_POINT('',(-0.015005,-0.002,0.021005));
#5329=CARTESIAN_POINT('',(-0.016,-0.002,0.02001));
#5330=CARTESIAN_POINT('',(-0.016,-0.002,0.000505));
#5331=CARTESIAN_POINT('',(-0.016,-0.00113974596215562,0.000505));
#5332=CARTESIAN_POINT('',(-0.016,-0.00113974596215562,-0.00350099079072475));
#5333=CARTESIAN_POINT('',(-0.016,-0.00113974596215561,-0.0174409907907247));
#5334=CARTESIAN_POINT('',(-0.016,-0.000404444468399624,-0.00318286221148953));
#5335=CARTESIAN_POINT('',(-0.016,-0.00840448202034239,-0.0142978989021113));
#5336=CARTESIAN_POINT('',(-6.93889390390723E-18,-0.002,-0.025));
#5337=CARTESIAN_POINT('',(0.016177286895597,-0.00160235663689672,-0.0249999907907247));
#5338=CARTESIAN_POINT('',(0.016177286895597,-0.00210235663689673,-0.0249999907907247));
#5339=CARTESIAN_POINT('',(0.0140216561496907,-0.00230117831844836,-0.0249999907907247));
#5340=CARTESIAN_POINT('',(-0.0140216561496907,-0.00230117831844836,-0.0249999907907247));
#5341=CARTESIAN_POINT('',(-0.016177286895597,-0.00210235663689673,-0.0249999907907247));
#5342=CARTESIAN_POINT('',(-0.016177286895597,-0.00160235663689673,-0.0249999907907247));
#5343=CARTESIAN_POINT('',(0.015005,-0.002,0.021005));
#5344=CARTESIAN_POINT('',(0.01401,-0.002,0.022));
#5345=CARTESIAN_POINT('',(0.014005,-0.002,0.022));
#5346=CARTESIAN_POINT('',(0.014,-0.002,0.0375));
#5347=CARTESIAN_POINT('',(0.014,0.023,0.0485));
#5348=CARTESIAN_POINT('',(0.0155,-0.002,0.03405));
#5349=CARTESIAN_POINT('',(0.0155,0.008,0.03405));
#5350=CARTESIAN_POINT('',(-0.014,-0.002,0.03405));
#5351=CARTESIAN_POINT('',(-0.014,0.003,0.03405));
#5352=CARTESIAN_POINT('',(-0.014,0.003,0.0379));
#5353=CARTESIAN_POINT('',(-0.014,-0.002,0.0379));
#5354=CARTESIAN_POINT('',(-0.01475,-0.002,0.0379));
#5355=CARTESIAN_POINT('',(-0.0125,0.003,0.0379));
#5356=CARTESIAN_POINT('',(-0.0125,0.003,0.0379));
#5357=CARTESIAN_POINT('',(-0.014,0.0055,0.0379));
#5358=CARTESIAN_POINT('',(-0.0155,0.008,0.0379));
#5359=CARTESIAN_POINT('',(-0.0155,-0.002,0.0379));
#5360=CARTESIAN_POINT('',(-0.0155,-0.002,0.03405));
#5361=CARTESIAN_POINT('',(-0.0155,0.008,0.03405));
#5362=CARTESIAN_POINT('',(0.021,0.008,-0.0235));
#5363=CARTESIAN_POINT('',(0.021,0.008,-0.0235));
#5364=CARTESIAN_POINT('',(-0.019,0.008,-0.02275));
#5365=CARTESIAN_POINT('',(-0.019,0.008,-0.0235));
#5366=CARTESIAN_POINT('',(-0.019,0.008,-0.0235));
#5367=CARTESIAN_POINT('',(-0.019,0.0055,-0.022));
#5368=CARTESIAN_POINT('',(-0.019,0.003,-0.0205));
#5369=CARTESIAN_POINT('',(-0.019,0.003,-0.0205));
#5370=CARTESIAN_POINT('',(-0.021,0.008,-0.0235));
#5371=CARTESIAN_POINT('',(-0.021,0.008,-0.0235));
#5372=CARTESIAN_POINT('',(-0.0125,0.003,0.03405));
#5373=CARTESIAN_POINT('',(-0.0125,0.003,0.03405));
#5374=CARTESIAN_POINT('',(0.0125,0.003,0.03405));
#5375=CARTESIAN_POINT('',(0.0125,0.003,0.03405));
#5376=CARTESIAN_POINT('',(-0.021,0.003,-0.0205));
#5377=CARTESIAN_POINT('',(-0.021,0.003,-0.0205));
#5378=CARTESIAN_POINT('',(0.021,0.003,-0.0205));
#5379=CARTESIAN_POINT('',(0.021,0.003,-0.0205));
#5380=CARTESIAN_POINT('',(-0.014,0.0055,0.0129));
#5381=CARTESIAN_POINT('',(0.014,0.0055,0.0129));
#5382=CARTESIAN_POINT('',(-0.002,0.0055,-0.022));
#5383=CARTESIAN_POINT('',(-0.044,0.0055,-0.022));
#5384=CARTESIAN_POINT('',(0.01475,-0.00416506350946109,0.02001));
#5385=CARTESIAN_POINT('',(0.0129401926048813,-0.00312017072270793,0.0177026103623734));
#5386=CARTESIAN_POINT('',(0.0131370627052564,-0.00323383372815487,0.0174408706687088));
#5387=CARTESIAN_POINT('',(0.0135059706889141,-0.00344682285182588,0.0168925483566511));
#5388=CARTESIAN_POINT('',(0.0137080686259315,-0.00356350415016553,0.0162260557736521));
#5389=CARTESIAN_POINT('',(0.0137080686259315,-0.00356350415016553,0.0158760254037844));
#5390=CARTESIAN_POINT('',(0.0137080686259315,-0.00356350415016553,0.0158760254037844));
#5391=CARTESIAN_POINT('',(0.0137080686259315,-0.00356350415016553,0.02001));
#5392=CARTESIAN_POINT('',(0.0137080686259315,-0.00356350415016553,0.005));
#5393=CARTESIAN_POINT('',(0.0137080686259315,-0.00356350415016553,0.005));
#5394=CARTESIAN_POINT('',(0.0137080686259315,-0.00356350415016553,0.00456778204861568));
#5395=CARTESIAN_POINT('',(0.0134937787441802,-0.00343978382925181,0.00373402049546553));
#5396=CARTESIAN_POINT('',(0.013070063681077,-0.00319515182350946,0.00303221479206533));
#5397=CARTESIAN_POINT('',(0.0128391742254945,-0.00306184773417588,0.00269721810295456));
#5398=CARTESIAN_POINT('',(0.0291865334794732,-0.0125,0.0113598221519431));
#5399=CARTESIAN_POINT('',(0.0291865334794732,-0.0125,0.0188760254037844));
#5400=CARTESIAN_POINT('',(0.01475,-0.00416506350946109,0.0188760254037844));
#5401=CARTESIAN_POINT('',(0.0195131397208144,-0.0069150635094611,0.0160590092092752));
#5402=CARTESIAN_POINT('',(0.0173480762113533,-0.0056650635094611,0.0160590092092752));
#5403=CARTESIAN_POINT('',(-0.0326506350946109,-0.0154,0.0565590092092752));
#5404=CARTESIAN_POINT('',(-0.0326506350946109,-0.0163,-0.0189446734517651));
#5405=CARTESIAN_POINT('',(0.0095,0.023,0.0485));
#5406=CARTESIAN_POINT('',(-0.0095,0.023,0.0485));
#5407=CARTESIAN_POINT('',(-0.0140216561496907,-0.00230117831844836,-0.0249999907907247));
#5408=CARTESIAN_POINT('',(-0.016177286895597,-0.00210235663689673,-0.0249999907907247));
#5409=CARTESIAN_POINT('',(0.0140216561496907,-0.00230117831844836,-0.0249999907907247));
#5410=CARTESIAN_POINT('',(0.016177286895597,-0.00210235663689673,-0.0249999907907247));
#5411=CARTESIAN_POINT('',(-0.0353,-0.00160235663689673,-0.0249999907907247));
#5412=CARTESIAN_POINT('',(-0.016177286895597,-0.00160235663689673,-0.0249999907907247));
#5413=CARTESIAN_POINT('',(-0.0161772868955971,-0.00160235663689673,-0.019177286895597));
#5414=CARTESIAN_POINT('',(3.46944695195361E-18,-0.00160235663689673,-0.019177286895597));
#5415=CARTESIAN_POINT('',(-0.0353,-0.00160235663689673,-0.0249999907907247));
#5416=CARTESIAN_POINT('',(3.46944695195361E-18,-0.00160235663689673,-0.019177286895597));
#5417=CARTESIAN_POINT('',(0.016177286895597,-0.00160235663689673,-0.019177286895597));
#5418=CARTESIAN_POINT('',(0.016177286895597,-0.00160235663689672,-0.0249999907907247));
#5419=CARTESIAN_POINT('',(-0.016177286895597,-0.00160235663689673,-0.0249999907907247));
#5420=CARTESIAN_POINT('',(-0.0161772868955971,-0.00160235663689673,-0.019177286895597));
#5421=CARTESIAN_POINT('',(3.46944695195361E-18,-0.00160235663689673,-0.019177286895597));
#5422=CARTESIAN_POINT('',(0.016177286895597,-0.00160235663689673,-0.019177286895597));
#5423=CARTESIAN_POINT('',(0.016177286895597,-0.00160235663689672,-0.0249999907907247));
#5424=CARTESIAN_POINT('',(-1.7347234759768E-18,-0.0125,0.0188760254037844));
#5425=CARTESIAN_POINT('',(0.0121383583173156,-0.0125,0.0188760254037844));
#5426=CARTESIAN_POINT('',(0.0121383583173156,-0.006,0.0188760254037844));
#5427=CARTESIAN_POINT('',(-1.7347234759768E-18,-0.0125,0.0188760254037844));
#5428=CARTESIAN_POINT('',(0.0135,-0.0055,0.0188760254037844));
#5429=CARTESIAN_POINT('',(-0.0118660254037844,-0.0055,0.0188760254037844));
#5430=CARTESIAN_POINT('',(-0.0118660254037844,-0.0125,0.0188760254037844));
#5431=CARTESIAN_POINT('',(-0.0118660254037844,-0.006,0.0188760254037844));
#5432=CARTESIAN_POINT('',(-3.07419350173105E-19,-0.006,0.0188760254037844));
#5433=CARTESIAN_POINT('',(3.46944695195361E-18,-0.0125,0.0208760254037844));
#5434=CARTESIAN_POINT('',(0.0121383583173156,-0.0125,0.0208760254037844));
#5435=CARTESIAN_POINT('',(0.0121383583173156,-0.006,0.0208760254037844));
#5436=CARTESIAN_POINT('',(0.0121383583173156,-0.00423986004180251,0.0208760254037844));
#5437=CARTESIAN_POINT('',(4.89675107775732E-18,-0.006,0.0208760254037844));
#5438=CARTESIAN_POINT('',(-0.0118660254037844,-0.006,0.0208760254037844));
#5439=CARTESIAN_POINT('',(-0.0118660254037844,-0.0125,0.0208760254037844));
#5440=CARTESIAN_POINT('',(3.46944695195361E-18,-0.0125,0.0208760254037844));
#5441=CARTESIAN_POINT('',(3.46944695195361E-18,-0.00423986004180251,0.0208760254037844));
#5442=CARTESIAN_POINT('',(0.,-0.0125,0.000967517306529841));
#5443=CARTESIAN_POINT('',(0.0306865334794732,-0.0125,0.0210590092092752));
#5444=CARTESIAN_POINT('',(-0.0297754307540467,-0.0125,0.0211704740410712));
#5445=CARTESIAN_POINT('',(-0.0295525010904548,-0.0125,0.0210590092092752));
#5446=CARTESIAN_POINT('',(-0.0306865334794732,-0.0125,0.0210590092092752));
#5447=CARTESIAN_POINT('',(-0.0321865334794732,-0.0125,0.0210590092092752));
#5448=CARTESIAN_POINT('',(-0.0321865334794732,-0.0125,0.0210590092092752));
#5449=CARTESIAN_POINT('',(0.,-0.0075,0.0220590092092753));
#5450=CARTESIAN_POINT('',(-0.00826313972081441,-0.0264006350946109,0.0160590092092752));
#5451=CARTESIAN_POINT('',(-0.0202631397208144,-0.00561602540378444,0.0160590092092752));
#5452=CARTESIAN_POINT('',(-0.0224282032302755,-0.00686602540378444,0.0160590092092752));
#5453=CARTESIAN_POINT('',(0.00826313972081441,-0.0264006350946109,0.0160590092092752));
#5454=CARTESIAN_POINT('',(0.0202631397208144,-0.00561602540378444,0.0160590092092752));
#5455=CARTESIAN_POINT('',(0.0180980762113533,-0.00436602540378444,0.0160590092092752));
#5456=CARTESIAN_POINT('',(0.0306587766659067,-0.01335,-0.0189409907907248));
#5457=CARTESIAN_POINT('',(0.0269233937586588,-0.00955117831844836,0.0210590092092752));
#5458=CARTESIAN_POINT('',(-0.0230083302491977,-0.00720096189432335,0.0113598221519431));
#5459=CARTESIAN_POINT('',(-0.0332331496826552,-0.0131042641466454,0.0210590092092752));
#5460=CARTESIAN_POINT('',(-0.0230083302491977,-0.00720096189432335,0.0223760254037844));
#5461=CARTESIAN_POINT('',(-0.0327078147715834,-0.0128009618943233,0.0223760254037844));
#5462=CARTESIAN_POINT('',(-0.0327078147715834,-0.0128009618943233,0.0113598221519431));
#5463=CARTESIAN_POINT('',(-0.0306587766659067,-0.01335,-0.0189409907907248));
#5464=CARTESIAN_POINT('',(-0.0302717361348345,-0.0134537071977389,0.0205926920704511));
#5465=CARTESIAN_POINT('',(-0.02992265507269,-0.012925,0.0208760254037844));
#5466=CARTESIAN_POINT('',(-0.0300141469754354,-0.0127665313759638,0.0210590092092752));
#5467=CARTESIAN_POINT('',(-0.0269233937586588,-0.00955117831844837,0.0210590092092752));
#5468=CARTESIAN_POINT('',(-0.031950635094611,-0.038300635094611,0.0328845443308841));
#5469=CARTESIAN_POINT('',(-0.0161205080756888,-0.0493602540378444,0.044778326548235));
#5470=CARTESIAN_POINT('',(0.0319506350946109,-0.038300635094611,0.0328845443308841));
#5471=CARTESIAN_POINT('',(0.0161205080756888,-0.0493602540378444,0.044778326548235));
#5472=CARTESIAN_POINT('',(-0.0161205080756887,-0.0493602540378444,-0.0189446734517651));
#5473=CARTESIAN_POINT('',(-0.0161205080756887,-0.0493602540378444,-0.0189446734517651));
#5474=CARTESIAN_POINT('',(6.46293951243544E-18,-0.0413,-0.0189446734517651));
#5475=CARTESIAN_POINT('',(0.0161205080756888,-0.0493602540378444,-0.0189446734517651));
#5476=CARTESIAN_POINT('',(0.0161205080756888,-0.0493602540378444,-0.0189446734517651));
#5477=CARTESIAN_POINT('',(6.46293951243544E-18,-0.0413,-0.0189446734517651));
#5478=CARTESIAN_POINT('',(-0.0202631397208144,-0.00561602540378444,0.0160590092092752));
#5479=CARTESIAN_POINT('',(0.0202631397208144,-0.00561602540378444,0.0160590092092752));
#5480=CARTESIAN_POINT('',(0.0118339745962156,-0.00825,0.003));
#5481=CARTESIAN_POINT('',(0.0118339745962156,-0.006,0.003));
#5482=CARTESIAN_POINT('',(0.0118339745962155,-0.0105,0.003));
#5483=CARTESIAN_POINT('',(-1.60254037844469E-5,-0.0105,0.003));
#5484=CARTESIAN_POINT('',(-0.0118660254037844,-0.0105,0.003));
#5485=CARTESIAN_POINT('',(-0.0118660254037844,-0.00825,0.003));
#5486=CARTESIAN_POINT('',(-0.0118660254037844,-0.0075,0.005));
#5487=CARTESIAN_POINT('',(-1.04083408558608E-17,-0.0075,0.005));
#5488=CARTESIAN_POINT('',(0.0135,-0.00155786663857179,0.0207842025542851));
#5489=CARTESIAN_POINT('',(0.0135,-0.007,0.0240514518843274));
#5490=CARTESIAN_POINT('',(0.0135,-0.00239976673633752,0.0220924077500892));
#5491=CARTESIAN_POINT('',(0.0135,-0.00423986004180251,0.0228760254037844));
#5492=CARTESIAN_POINT('',(-1.04083408558608E-17,-0.007,0.0240514518843274));
#5493=CARTESIAN_POINT('',(-1.04083408558608E-17,-0.00239976673633752,0.0220924077500892));
#5494=CARTESIAN_POINT('',(-1.04083408558608E-17,-0.00423986004180251,0.0228760254037844));
#5495=CARTESIAN_POINT('',(0.0121383583173156,-0.00423986004180251,0.0228760254037844));
#5496=CARTESIAN_POINT('',(-1.09568624035116E-17,-0.0055,0.0158760254037844));
#5497=CARTESIAN_POINT('',(-0.0118660254037844,-0.0055,0.0158760254037844));
#5498=CARTESIAN_POINT('',(0.0135,-0.0055,0.0158760254037844));
#5499=CARTESIAN_POINT('',(0.0135,-0.0035,0.0158760254037844));
#5500=CARTESIAN_POINT('',(0.0130867482823719,-0.00308674828237186,0.0158760254037844));
#5501=CARTESIAN_POINT('',(0.0130867482823719,-0.00308674828237186,0.0158760254037844));
#5502=CARTESIAN_POINT('',(0.0130867482823719,-0.00308674828237186,0.0160817590243985));
#5503=CARTESIAN_POINT('',(0.0128696752722669,-0.00291872462083876,0.0164200946569042));
#5504=CARTESIAN_POINT('',(0.0126275095824789,-0.00273865152714643,0.0166725326310774));
#5505=CARTESIAN_POINT('',(0.0125,-0.00264526859498827,0.0167982556381835));
#5506=CARTESIAN_POINT('',(0.0135,-0.0035,0.000505));
#5507=CARTESIAN_POINT('',(0.0135,-0.0035,0.005));
#5508=CARTESIAN_POINT('',(0.0130867482823719,-0.00308674828237186,0.005));
#5509=CARTESIAN_POINT('',(0.0130867482823719,-0.00308674828237186,0.000505));
#5510=CARTESIAN_POINT('',(0.0135,-0.0075,0.005));
#5511=CARTESIAN_POINT('',(0.0125,-0.00267411729260444,0.00369200302199869));
#5512=CARTESIAN_POINT('',(0.0126450636154948,-0.00277462855370858,0.0038756903887541));
#5513=CARTESIAN_POINT('',(0.0129190935755639,-0.00296674434728715,0.00425583071216778));
#5514=CARTESIAN_POINT('',(0.0130867482823719,-0.00308674828237186,0.00474245411557652));
#5515=CARTESIAN_POINT('',(0.0130867482823719,-0.00308674828237186,0.005));
#5516=CARTESIAN_POINT('',(0.0130867482823719,-0.00308674828237186,0.005));
#5517=CARTESIAN_POINT('',(0.0133660254037844,-0.00336602540378443,0.005));
#5518=CARTESIAN_POINT('',(0.0137080686259315,-0.00356350415016553,0.005));
#5519=CARTESIAN_POINT('',(0.0130867482612959,-0.00308674826129591,0.00441258015993234));
#5520=CARTESIAN_POINT('',(0.0133660253783099,-0.00336602538905939,0.0042738493676502));
#5521=CARTESIAN_POINT('',(0.0137080686013511,-0.00356350413597402,0.00413022469079636));
#5522=CARTESIAN_POINT('',(0.0126732272069461,-0.00279134152763715,0.00386765896016626));
#5523=CARTESIAN_POINT('',(0.0129353966701974,-0.00311740178852665,0.00361547558830877));
#5524=CARTESIAN_POINT('',(0.0132945475536502,-0.00332475764776832,0.00335555714089328));
#5525=CARTESIAN_POINT('',(0.0122095657404191,-0.00247419683101681,0.00334772969475752));
#5526=CARTESIAN_POINT('',(0.0124596875344435,-0.00284275099094369,0.003027547364391));
#5527=CARTESIAN_POINT('',(0.0128308860839787,-0.00305706257344066,0.00268521421122743));
#5528=CARTESIAN_POINT('',(0.0152080686259315,-0.000965427938812213,0.005));
#5529=CARTESIAN_POINT('',(0.0152080686259315,-0.000965427938812215,0.02001));
#5530=CARTESIAN_POINT('',(0.0152080686259315,-0.000965427938812216,0.0158760254037844));
#5531=CARTESIAN_POINT('',(0.0137080686259315,-0.00356350415016554,0.0158760254037844));
#5532=CARTESIAN_POINT('',(0.0133660254037844,-0.00336602540378444,0.0158760254037844));
#5533=CARTESIAN_POINT('',(0.0130867482823719,-0.00308674828237186,0.0158760254037844));
#5534=CARTESIAN_POINT('',(0.0137080686050162,-0.00356350413809007,0.0162317639676646));
#5535=CARTESIAN_POINT('',(0.0133660253817506,-0.00336602539106282,0.0161471126347494));
#5536=CARTESIAN_POINT('',(0.0130867482638045,-0.00308674826380451,0.0160653457193362));
#5537=CARTESIAN_POINT('',(0.0134997174706681,-0.00344321255458823,0.0169077555596853));
#5538=CARTESIAN_POINT('',(0.0131453227503617,-0.00323860266741997,0.0166673562746535));
#5539=CARTESIAN_POINT('',(0.0128783971266399,-0.00292437316752136,0.0164331863242419));
#5540=CARTESIAN_POINT('',(0.0131214046881503,-0.00322479356776372,0.0174637031755979));
#5541=CARTESIAN_POINT('',(0.0127504367337866,-0.00301061511945144,0.0171231020363187));
#5542=CARTESIAN_POINT('',(0.0125000843431798,-0.00264421815567151,0.0168030562881165));
#5543=CARTESIAN_POINT('',(0.0129222630923161,-0.00310981911380198,0.0177263520992663));
#5544=CARTESIAN_POINT('',(0.0125436915699171,-0.00289125074343741,0.0173436392833181));
#5545=CARTESIAN_POINT('',(0.0123009427487565,-0.00250064144797245,0.0169885970073737));
#5546=CARTESIAN_POINT('',(0.0323205080756887,-0.00507179676972449,-0.0104704953953624));
#5547=CARTESIAN_POINT('',(0.0323205080756887,-0.00507179676972449,-0.0174409907907247));
#5548=CARTESIAN_POINT('',(0.0323205080756887,-0.00507179676972449,-0.0035));
#5549=CARTESIAN_POINT('',(0.0296505436239883,-0.00353029207480853,-0.00616738299855857));
#5550=CARTESIAN_POINT('',(0.0269805791722879,-0.00198878737989257,-0.00883476599711715));
#5551=CARTESIAN_POINT('',(0.0253432667397366,-0.00104348460621153,-0.0104704953953624));
#5552=CARTESIAN_POINT('',(0.0269805791722879,-0.00198878737989257,-0.0121062247936076));
#5553=CARTESIAN_POINT('',(0.0296505436239883,-0.00353029207480854,-0.0147736077921662));
#5554=CARTESIAN_POINT('',(0.0253432667397366,-0.00104348460621153,-0.0104704953953624));
#5555=CARTESIAN_POINT('',(0.0253432667397366,-0.00104348460621153,-0.0179409907907247));
#5556=CARTESIAN_POINT('',(0.0187990381056766,0.00273482755730144,-0.0179409907907247));
#5557=CARTESIAN_POINT('',(0.0318874953737966,-0.0048217967697245,-0.0179409907907247));
#5558=CARTESIAN_POINT('',(0.0293852212729889,-0.00337710814403698,-0.0150845460982628));
#5559=CARTESIAN_POINT('',(0.0268829471721812,-0.00193241951834945,-0.0122281014058008));
#5560=CARTESIAN_POINT('',(0.0253432667397366,-0.00104348460621153,-0.0104704953953624));
#5561=CARTESIAN_POINT('',(0.0238035863072919,-0.000154549694073613,-0.0122281014058008));
#5562=CARTESIAN_POINT('',(0.0213013122064843,0.00129013893161391,-0.0150845460982628));
#5563=CARTESIAN_POINT('',(0.0253432667397366,-0.00104348460621152,-0.003));
#5564=CARTESIAN_POINT('',(0.0318874953737966,-0.00482179676972449,-0.003));
#5565=CARTESIAN_POINT('',(0.0187990381056766,0.00273482755730145,-0.003));
#5566=CARTESIAN_POINT('',(0.0213013122064843,0.00129013893161391,-0.00585644469246195));
#5567=CARTESIAN_POINT('',(0.0238035863072919,-0.000154549694073612,-0.00871288938492391));
#5568=CARTESIAN_POINT('',(0.0253432667397366,-0.00104348460621153,-0.0104704953953624));
#5569=CARTESIAN_POINT('',(0.0268829471721812,-0.00193241951834945,-0.00871288938492391));
#5570=CARTESIAN_POINT('',(0.0293852212729889,-0.00337710814403697,-0.00585644469246195));
#5571=CARTESIAN_POINT('',(0.0183660254037844,0.00298482755730144,-0.0104704953953624));
#5572=CARTESIAN_POINT('',(0.0183660254037844,0.00298482755730144,-0.0035));
#5573=CARTESIAN_POINT('',(0.0183660254037844,0.00298482755730144,-0.0174409907907247));
#5574=CARTESIAN_POINT('',(0.0210359898554848,0.00144332286238548,-0.0147736077921662));
#5575=CARTESIAN_POINT('',(0.0237059543071852,-9.81818325304822E-5,-0.0121062247936076));
#5576=CARTESIAN_POINT('',(0.0253432667397366,-0.00104348460621153,-0.0104704953953624));
#5577=CARTESIAN_POINT('',(0.0237059543071852,-9.81818325304839E-5,-0.00883476599711715));
#5578=CARTESIAN_POINT('',(0.0210359898554848,0.00144332286238548,-0.00616738299855857));
#5579=CARTESIAN_POINT('',(-0.0183774990747593,0.00297820323027551,-0.0104709907907247));
#5580=CARTESIAN_POINT('',(-0.0183774990747593,0.00297820323027551,-0.0174409907907247));
#5581=CARTESIAN_POINT('',(-0.0183774990747593,0.00297820323027551,-0.00350099079072475));
#5582=CARTESIAN_POINT('',(-0.0210468059315181,0.00143707819797608,-0.00616806502415169));
#5583=CARTESIAN_POINT('',(-0.023716112788277,-0.000104046834323343,-0.00883513925757863));
#5584=CARTESIAN_POINT('',(-0.025353333702243,-0.00104929676972449,-0.0104709907907247));
#5585=CARTESIAN_POINT('',(-0.023716112788277,-0.00010404683432334,-0.0121068423238709));
#5586=CARTESIAN_POINT('',(-0.0210468059315181,0.00143707819797609,-0.0147739165572978));
#5587=CARTESIAN_POINT('',(-0.025353333702243,-0.00104929676972449,-0.0104709907907247));
#5588=CARTESIAN_POINT('',(-0.025353333702243,-0.00104929676972449,-0.00300099079072475));
#5589=CARTESIAN_POINT('',(-0.0188105117766516,0.00272820323027551,-0.00300099079072475));
#5590=CARTESIAN_POINT('',(-0.0318961556278344,-0.00482679676972449,-0.00300099079072475));
#5591=CARTESIAN_POINT('',(-0.0293945283122661,-0.00338248156566901,-0.00585712171707668));
#5592=CARTESIAN_POINT('',(-0.0268929009966978,-0.00193816636161353,-0.00871325264342862));
#5593=CARTESIAN_POINT('',(-0.025353333702243,-0.00104929676972449,-0.0104709907907247));
#5594=CARTESIAN_POINT('',(-0.0238137664077881,-0.000160427177835449,-0.00871325264342862));
#5595=CARTESIAN_POINT('',(-0.0213121390922199,0.00128388802622003,-0.00585712171707668));
#5596=CARTESIAN_POINT('',(-0.025353333702243,-0.00104929676972449,-0.0179409907907247));
#5597=CARTESIAN_POINT('',(-0.0318961556278344,-0.00482679676972449,-0.0179409907907247));
#5598=CARTESIAN_POINT('',(-0.0188105117766516,0.00272820323027552,-0.0179409907907247));
#5599=CARTESIAN_POINT('',(-0.0213121390922199,0.00128388802622003,-0.0150848598643728));
#5600=CARTESIAN_POINT('',(-0.0238137664077881,-0.000160427177835447,-0.0122287289380209));
#5601=CARTESIAN_POINT('',(-0.025353333702243,-0.00104929676972449,-0.0104709907907247));
#5602=CARTESIAN_POINT('',(-0.0268929009966978,-0.00193816636161353,-0.0122287289380209));
#5603=CARTESIAN_POINT('',(-0.0293945283122661,-0.00338248156566901,-0.0150848598643728));
#5604=CARTESIAN_POINT('',(-0.0323291683297266,-0.00507679676972449,-0.0104709907907247));
#5605=CARTESIAN_POINT('',(-0.0323291683297267,-0.00507679676972449,-0.00350099079072475));
#5606=CARTESIAN_POINT('',(-0.0323291683297267,-0.00507679676972449,-0.0174409907907247));
#5607=CARTESIAN_POINT('',(-0.0296598614729678,-0.00353567173742506,-0.0147739165572978));
#5608=CARTESIAN_POINT('',(-0.026990554616209,-0.00199454670512564,-0.0121068423238709));
#5609=CARTESIAN_POINT('',(-0.025353333702243,-0.00104929676972449,-0.0104709907907247));
#5610=CARTESIAN_POINT('',(-0.026990554616209,-0.00199454670512564,-0.00883513925757863));
#5611=CARTESIAN_POINT('',(-0.0296598614729678,-0.00353567173742506,-0.00616806502415169));
#5612=CARTESIAN_POINT('',(0.010625,-0.025,0.0316301791369915));
#5613=CARTESIAN_POINT('',(0.0117500000000002,-0.025,0.0316301791369915));
#5614=CARTESIAN_POINT('',(0.0095,-0.025,0.0316301791369915));
#5615=CARTESIAN_POINT('',(0.0095,-0.025,0.0356900895684958));
#5616=CARTESIAN_POINT('',(0.0095,-0.025,0.03975));
#5617=CARTESIAN_POINT('',(0.010625,-0.025,0.03975));
#5618=CARTESIAN_POINT('',(0.01175,-0.025,0.03975));
#5619=CARTESIAN_POINT('',(0.01175,-0.025,0.0356900895684958));
#5620=CARTESIAN_POINT('',(-0.0095,-0.025,0.0356900895684958));
#5621=CARTESIAN_POINT('',(-0.0095,-0.025,0.03975));
#5622=CARTESIAN_POINT('',(-0.0095,-0.025,0.0316301791369915));
#5623=CARTESIAN_POINT('',(-0.010625,-0.025,0.0316301791369915));
#5624=CARTESIAN_POINT('',(-0.0117499999999998,-0.025,0.0316301791369915));
#5625=CARTESIAN_POINT('',(-0.01175,-0.025,0.0356900895684958));
#5626=CARTESIAN_POINT('',(-0.01175,-0.025,0.03975));
#5627=CARTESIAN_POINT('',(-0.010625,-0.025,0.03975));
#5628=CARTESIAN_POINT('',(-0.00675,-0.025,0.048361522368915));
#5629=CARTESIAN_POINT('',(-0.00875,-0.025,0.048361522368915));
#5630=CARTESIAN_POINT('',(-0.00475,-0.025,0.048361522368915));
#5631=CARTESIAN_POINT('',(-0.003625,-0.025,0.0473057611844575));
#5632=CARTESIAN_POINT('',(-0.0025,-0.025,0.04625));
#5633=CARTESIAN_POINT('',(-0.00525,-0.025,0.04625));
#5634=CARTESIAN_POINT('',(-0.008,-0.025,0.04625));
#5635=CARTESIAN_POINT('',(-0.008,-0.025,0.04475));
#5636=CARTESIAN_POINT('',(-0.0095,-0.025,0.04475));
#5637=CARTESIAN_POINT('',(-0.010625,-0.025,0.0450557611844575));
#5638=CARTESIAN_POINT('',(-0.01175,-0.025,0.045361522368915));
#5639=CARTESIAN_POINT('',(-0.00875,-0.025,0.045361522368915));
#5640=CARTESIAN_POINT('',(0.00875,-0.025,0.0453615223689151));
#5641=CARTESIAN_POINT('',(0.00875,-0.025,0.048361522368915));
#5642=CARTESIAN_POINT('',(0.01175,-0.025,0.045361522368915));
#5643=CARTESIAN_POINT('',(0.010625,-0.025,0.0450557611844575));
#5644=CARTESIAN_POINT('',(0.0095,-0.025,0.04475));
#5645=CARTESIAN_POINT('',(0.008,-0.025,0.04475));
#5646=CARTESIAN_POINT('',(0.008,-0.025,0.04625));
#5647=CARTESIAN_POINT('',(0.00525,-0.025,0.04625));
#5648=CARTESIAN_POINT('',(0.0025,-0.025,0.04625));
#5649=CARTESIAN_POINT('',(0.003625,-0.025,0.0473057611844575));
#5650=CARTESIAN_POINT('',(0.00475,-0.025,0.048361522368915));
#5651=CARTESIAN_POINT('',(0.00675,-0.025,0.048361522368915));
#5652=CARTESIAN_POINT('',(-0.0118660254037844,-0.00425,0.023));
#5653=CARTESIAN_POINT('',(-0.0118660254037844,-0.006,0.023));
#5654=CARTESIAN_POINT('',(0.0121383583173156,-0.00425,0.023));
#5655=CARTESIAN_POINT('',(0.0121383583173156,-0.006,0.023));
#5656=CARTESIAN_POINT('',(-1.60254037844479E-5,-0.006,0.023));
#5657=CARTESIAN_POINT('',(-1.60254037844479E-5,-0.006,0.023));
#5658=CARTESIAN_POINT('',(0.0121383583173156,-0.006,0.023));
#5659=CARTESIAN_POINT('',(0.0121383583173156,-0.00425,0.023));
#5660=CARTESIAN_POINT('',(0.0121383583173156,-0.00425,-0.002));
#5661=CARTESIAN_POINT('',(2.73550695997962E-19,-0.0075,-0.002));
#5662=MECHANICAL_DESIGN_GEOMETRIC_PRESENTATION_REPRESENTATION('',(#3484),
#5663);
#5663=(
GEOMETRIC_REPRESENTATION_CONTEXT(3)
GLOBAL_UNCERTAINTY_ASSIGNED_CONTEXT((#5664))
GLOBAL_UNIT_ASSIGNED_CONTEXT((#5667,#5666,#5665))
REPRESENTATION_CONTEXT('Part 1','TOP_LEVEL_ASSEMBLY_PART')
);
#5664=UNCERTAINTY_MEASURE_WITH_UNIT(LENGTH_MEASURE(2.3682661040296E-5),
#5667,'DISTANCE_ACCURACY_VALUE','Maximum Tolerance applied to model');
#5665=(
NAMED_UNIT(*)
SI_UNIT($,.STERADIAN.)
SOLID_ANGLE_UNIT()
);
#5666=(
NAMED_UNIT(*)
PLANE_ANGLE_UNIT()
SI_UNIT($,.RADIAN.)
);
#5667=(
LENGTH_UNIT()
NAMED_UNIT(*)
SI_UNIT($,.METRE.)
);
#5668=PRODUCT_DEFINITION_SHAPE('','',#5669);
#5669=PRODUCT_DEFINITION('','',#5671,#5670);
#5670=PRODUCT_DEFINITION_CONTEXT('',#5677,'design');
#5671=PRODUCT_DEFINITION_FORMATION_WITH_SPECIFIED_SOURCE('','',#5673,
 .NOT_KNOWN.);
#5672=PRODUCT_RELATED_PRODUCT_CATEGORY('','',(#5673));
#5673=PRODUCT('Part 1','Part 1','Part 1',(#5675));
#5674=PRODUCT_CATEGORY('','');
#5675=PRODUCT_CONTEXT('',#5677,'mechanical');
#5676=APPLICATION_PROTOCOL_DEFINITION('international standard',
'ap242_managed_model_based_3d_engineering',2020,#5677);
#5677=APPLICATION_CONTEXT('managed model based 3d engineering');
ENDSEC;
END-ISO-10303-21;
