ISO-10303-21;
HEADER;
/* Generated by software containing ST-Developer
 * from STEP Tools, Inc. (www.steptools.com) 
 */
/* OPTION: using custom renumber hook */

FILE_DESCRIPTION(
/* description */ ('STEP AP242 Edition 2',
'CAx-IF Rec.Pracs.---Representation and Presentation of Product Manufa
cturing Information (PMI)---4.0---2014-10-13',
'CAx-IF Rec.Pracs.---3D Tessellated Geometry---0.4---2014-09-14','2;1',
'CAx-IF Rec.Pracs.---User Defined Attributes---1.5---2016-08-15'),
/* implementation_level */ '2;1');

FILE_NAME(
/* name */ 'Part Studio 1',
/* time_stamp */ '2026-09-18T21:16:55Z',
/* author */ (''),
/* organization */ (''),
/* preprocessor_version */ 'ST-DEVELOPER v20',
/* originating_system */ 'ONSHAPE BY PTC INC, 1.221',
/* authorisation */ '  ');

FILE_SCHEMA (('AP242_MANAGED_MODEL_BASED_3D_ENGINEERING_MIM_LF { 1 0 10303 442 3 1 4 }'));
ENDSEC;

DATA;
#10=SHAPE_REPRESENTATION_RELATIONSHIP('','',#4107,#11);
#11=ADVANCED_BREP_SHAPE_REPRESENTATION('',(#4105),#6971);
#12=(
BOUNDED_SURFACE()
B_SPLINE_SURFACE(3,2,((#6586,#6587,#6588),(#6589,#6590,#6591),(#6592,#6593,
#6594),(#6595,#6596,#6597)),.UNSPECIFIED.,.F.,.F.,.F.)
B_SPLINE_SURFACE_WITH_KNOTS((4,4),(3,3),(5.52943107967607E-18,0.0025648752285589),
(0.,1.),.PIECEWISE_BEZIER_KNOTS.)
GEOMETRIC_REPRESENTATION_ITEM()
RATIONAL_B_SPLINE_SURFACE(((1.,0.99144486137381,1.),(1.,0.991444861127475,
1.),(1.,0.987318525753329,1.),(1.,0.983690638348348,1.)))
REPRESENTATION_ITEM('')
SURFACE()
);
#13=(
BOUNDED_SURFACE()
B_SPLINE_SURFACE(3,2,((#6601,#6602,#6603),(#6604,#6605,#6606),(#6607,#6608,
#6609),(#6610,#6611,#6612),(#6613,#6614,#6615)),.UNSPECIFIED.,.F.,.F.,.F.)
B_SPLINE_SURFACE_WITH_KNOTS((4,1,4),(3,3),(-1.04083408558608E-17,0.00104903533900571,
0.00209807067801142),(0.,1.),.UNSPECIFIED.)
GEOMETRIC_REPRESENTATION_ITEM()
RATIONAL_B_SPLINE_SURFACE(((1.,0.99144486137381,1.),(1.,0.991444861072207,
1.),(1.,0.988383081419889,1.),(1.,0.98386090133873,1.),(1.,0.981758357722963,
1.)))
REPRESENTATION_ITEM('')
SURFACE()
);
#14=(
BOUNDED_SURFACE()
B_SPLINE_SURFACE(3,2,((#6806,#6807,#6808),(#6809,#6810,#6811),(#6812,#6813,
#6814),(#6815,#6816,#6817),(#6818,#6819,#6820)),.UNSPECIFIED.,.F.,.F.,.F.)
B_SPLINE_SURFACE_WITH_KNOTS((4,1,4),(3,3),(5.05026228013857,5.40492440585993,
5.75958653158129),(0.,1.),.UNSPECIFIED.)
GEOMETRIC_REPRESENTATION_ITEM()
RATIONAL_B_SPLINE_SURFACE(((1.,0.597046355617669,1.),(1.,0.556599901888521,
1.),(1.,0.47239418956332,1.),(1.,0.389750942761268,1.),(1.,0.353553390593273,
1.)))
REPRESENTATION_ITEM('')
SURFACE()
);
#15=(
BOUNDED_SURFACE()
B_SPLINE_SURFACE(3,2,((#6822,#6823,#6824),(#6825,#6826,#6827),(#6828,#6829,
#6830),(#6831,#6832,#6833),(#6834,#6835,#6836),(#6837,#6838,#6839),(#6840,
#6841,#6842),(#6843,#6844,#6845),(#6846,#6847,#6848)),.UNSPECIFIED.,.F.,
 .F.,.F.)
B_SPLINE_SURFACE_WITH_KNOTS((4,1,1,1,1,1,4),(3,3),(1.90866962654875,2.21690038330901,
2.52513114006927,2.6792465184494,2.83336189682953,2.98747727520966,3.14159265358979),
(0.,1.),.UNSPECIFIED.)
GEOMETRIC_REPRESENTATION_ITEM()
RATIONAL_B_SPLINE_SURFACE(((1.,0.597046355617677,1.),(1.,0.56189500631748,
1.),(1.,0.489122715013561,1.),(1.,0.398415667821172,1.),(1.,0.334039908826293,
1.),(1.,0.293532232178229,1.),(1.,0.265583860021112,1.),(1.,0.258819052455957,
1.),(1.,0.258819045102521,1.)))
REPRESENTATION_ITEM('')
SURFACE()
);
#16=(
BOUNDED_SURFACE()
B_SPLINE_SURFACE(3,2,((#6852,#6853,#6854),(#6855,#6856,#6857),(#6858,#6859,
#6860),(#6861,#6862,#6863),(#6864,#6865,#6866),(#6867,#6868,#6869),(#6870,
#6871,#6872),(#6873,#6874,#6875),(#6876,#6877,#6878),(#6879,#6880,#6881),
(#6882,#6883,#6884)),.UNSPECIFIED.,.F.,.F.,.F.)
B_SPLINE_SURFACE_WITH_KNOTS((4,1,1,1,1,1,1,1,4),(3,3),(5.23598775598296,
5.5632369907319,5.89048622548084,6.21773546022978,6.54498469497872,6.87223392972766,
7.1994831644766,7.52673239922554,7.85398163397448),(0.,1.),
 .UNSPECIFIED.)
GEOMETRIC_REPRESENTATION_ITEM()
RATIONAL_B_SPLINE_SURFACE(((1.,0.935414346693475,1.),(1.,0.91016629133677,
1.),(1.,0.847627845513861,1.),(1.,0.749909483998618,1.),(1.,0.695424937583265,
1.),(1.,0.720095864524044,1.),(1.,0.806630578903053,1.),(1.,0.906818654593675,
1.),(1.,0.981754633797436,1.),(1.,0.999999999228666,1.),(1.,1.,1.)))
REPRESENTATION_ITEM('')
SURFACE()
);
#17=(
BOUNDED_SURFACE()
B_SPLINE_SURFACE(3,2,((#6889,#6890,#6891),(#6892,#6893,#6894),(#6895,#6896,
#6897),(#6898,#6899,#6900),(#6901,#6902,#6903)),.UNSPECIFIED.,.F.,.F.,.F.)
B_SPLINE_SURFACE_WITH_KNOTS((4,1,4),(3,3),(0.523598775598299,0.878260901319659,
1.23292302704102),(0.,1.),.UNSPECIFIED.)
GEOMETRIC_REPRESENTATION_ITEM()
RATIONAL_B_SPLINE_SURFACE(((1.,0.353553390593274,1.),(1.,0.38975094276042,
1.),(1.,0.472394189566026,1.),(1.,0.556599901883959,1.),(1.,0.59704635561767,
1.)))
REPRESENTATION_ITEM('')
SURFACE()
);
#18=(
BOUNDED_SURFACE()
B_SPLINE_SURFACE(3,2,((#6905,#6906,#6907),(#6908,#6909,#6910),(#6911,#6912,
#6913),(#6914,#6915,#6916),(#6917,#6918,#6919),(#6920,#6921,#6922),(#6923,
#6924,#6925),(#6926,#6927,#6928),(#6929,#6930,#6931)),.UNSPECIFIED.,.F.,
 .F.,.F.)
B_SPLINE_SURFACE_WITH_KNOTS((4,1,1,1,1,1,4),(3,3),(3.14159265358979,3.29570803196992,
3.44982341035005,3.60393878873018,3.75805416711031,4.06628492387057,4.37451568063083),
(0.,1.),.UNSPECIFIED.)
GEOMETRIC_REPRESENTATION_ITEM()
RATIONAL_B_SPLINE_SURFACE(((1.,0.258819045102521,1.),(1.,0.258819052455957,
1.),(1.,0.265583860021112,1.),(1.,0.293532232178229,1.),(1.,0.334039908826293,
1.),(1.,0.398415667821171,1.),(1.,0.489122715013563,1.),(1.,0.561895006317477,
1.),(1.,0.597046355617677,1.)))
REPRESENTATION_ITEM('')
SURFACE()
);
#19=(
BOUNDED_SURFACE()
B_SPLINE_SURFACE(3,2,((#6935,#6936,#6937),(#6938,#6939,#6940),(#6941,#6942,
#6943),(#6944,#6945,#6946),(#6947,#6948,#6949),(#6950,#6951,#6952),(#6953,
#6954,#6955),(#6956,#6957,#6958),(#6959,#6960,#6961),(#6962,#6963,#6964),
(#6965,#6966,#6967)),.UNSPECIFIED.,.F.,.F.,.F.)
B_SPLINE_SURFACE_WITH_KNOTS((4,1,1,1,1,1,1,1,4),(3,3),(1.5707963267949,
1.89804556154383,2.22529479629277,2.55254403104171,2.87979326579064,3.20704250053958,
3.53429173528852,3.86154097003746,4.18879020478639),(0.,1.),
 .UNSPECIFIED.)
GEOMETRIC_REPRESENTATION_ITEM()
RATIONAL_B_SPLINE_SURFACE(((1.,1.,1.),(1.,0.99999999922867,1.),(1.,0.981754633797449,
1.),(1.,0.906818654593693,1.),(1.,0.80663057890307,1.),(1.,0.720095864524053,
1.),(1.,0.695424937583259,1.),(1.,0.749909483998628,1.),(1.,0.847627845513852,
1.),(1.,0.910166291336809,1.),(1.,0.935414346693483,1.)))
REPRESENTATION_ITEM('')
SURFACE()
);
#20=CONICAL_SURFACE('',#4333,0.002,0.785398163397448);
#21=CONICAL_SURFACE('',#4335,0.004,0.785398163397447);
#22=TOROIDAL_SURFACE('',#4318,0.0035,0.001);
#23=TOROIDAL_SURFACE('',#4319,0.0035,0.001);
#24=TOROIDAL_SURFACE('',#4407,0.002,0.001);
#25=TOROIDAL_SURFACE('',#4408,0.002,0.001);
#26=TOROIDAL_SURFACE('',#4417,0.002,0.001);
#27=TOROIDAL_SURFACE('',#4418,0.002,0.001);
#28=B_SPLINE_CURVE_WITH_KNOTS('',3,(#5634,#5635,#5636,#5637),
 .UNSPECIFIED.,.F.,.F.,(4,4),(2.60208521396521E-18,0.00113492402570421),
 .UNSPECIFIED.);
#29=B_SPLINE_CURVE_WITH_KNOTS('',3,(#5661,#5662,#5663,#5664),
 .UNSPECIFIED.,.F.,.F.,(4,4),(0.,0.0011441174440157),.UNSPECIFIED.);
#30=B_SPLINE_CURVE_WITH_KNOTS('',3,(#6454,#6455,#6456,#6457,#6458),
 .UNSPECIFIED.,.F.,.F.,(4,1,4),(0.,0.0010394798210652,0.0020789596421304),
 .UNSPECIFIED.);
#31=B_SPLINE_CURVE_WITH_KNOTS('',3,(#6462,#6463,#6464,#6465,#6466),
 .UNSPECIFIED.,.F.,.F.,(4,1,4),(0.,0.00127456493458617,0.00254912986917233),
 .UNSPECIFIED.);
#32=B_SPLINE_CURVE_WITH_KNOTS('',3,(#6559,#6560,#6561,#6562,#6563,#6564,
#6565),.UNSPECIFIED.,.F.,.F.,(4,1,1,1,4),(0.,0.000667373590237399,0.0013347471804748,
0.0020021207707122,0.0026694943609496),.UNSPECIFIED.);
#33=B_SPLINE_CURVE_WITH_KNOTS('',3,(#6571,#6572,#6573,#6574,#6575),
 .UNSPECIFIED.,.F.,.F.,(4,1,4),(0.,0.000603498704662499,0.001206997409325),
 .UNSPECIFIED.);
#34=B_SPLINE_CURVE_WITH_KNOTS('',3,(#6581,#6582,#6583,#6584,#6585),
 .UNSPECIFIED.,.F.,.F.,(4,1,4),(0.,0.00076019327802693,0.00152038655605386),
 .UNSPECIFIED.);
#35=CIRCLE('',#4114,0.005);
#36=CIRCLE('',#4115,0.005);
#37=CIRCLE('',#4117,0.005);
#38=CIRCLE('',#4119,0.002);
#39=CIRCLE('',#4120,0.005);
#40=CIRCLE('',#4122,0.003);
#41=CIRCLE('',#4123,0.003);
#42=CIRCLE('',#4126,0.0029999999999999);
#43=CIRCLE('',#4127,0.0015);
#44=CIRCLE('',#4129,0.0045);
#45=CIRCLE('',#4130,0.0045);
#46=CIRCLE('',#4132,0.003);
#47=CIRCLE('',#4133,0.0015);
#48=CIRCLE('',#4135,0.0029999999999999);
#49=CIRCLE('',#4136,0.0015);
#50=CIRCLE('',#4137,0.0045);
#51=CIRCLE('',#4138,0.0045);
#52=CIRCLE('',#4139,0.003);
#53=CIRCLE('',#4140,0.003);
#54=CIRCLE('',#4141,0.003);
#55=CIRCLE('',#4142,0.0015);
#56=CIRCLE('',#4144,0.002);
#57=CIRCLE('',#4145,0.005);
#58=CIRCLE('',#4146,0.005);
#59=CIRCLE('',#4147,0.005);
#60=CIRCLE('',#4148,0.005);
#61=CIRCLE('',#4149,0.001);
#62=CIRCLE('',#4150,0.001);
#63=CIRCLE('',#4151,0.005);
#64=CIRCLE('',#4152,0.005);
#65=CIRCLE('',#4153,0.001);
#66=CIRCLE('',#4154,0.001);
#67=CIRCLE('',#4155,0.005);
#68=CIRCLE('',#4156,0.005);
#69=CIRCLE('',#4157,0.001);
#70=CIRCLE('',#4158,0.001);
#71=CIRCLE('',#4160,0.002);
#72=CIRCLE('',#4161,0.001);
#73=CIRCLE('',#4162,0.005);
#74=CIRCLE('',#4163,0.005);
#75=CIRCLE('',#4164,0.001);
#76=CIRCLE('',#4165,0.005);
#77=CIRCLE('',#4166,0.005);
#78=CIRCLE('',#4167,0.0035);
#79=CIRCLE('',#4168,0.001);
#80=CIRCLE('',#4169,0.005);
#81=CIRCLE('',#4170,0.005);
#82=CIRCLE('',#4171,0.001);
#83=CIRCLE('',#4172,0.001);
#84=CIRCLE('',#4173,0.005);
#85=CIRCLE('',#4174,0.005);
#86=CIRCLE('',#4175,0.001);
#87=CIRCLE('',#4178,0.002);
#88=CIRCLE('',#4179,0.0035);
#89=CIRCLE('',#4180,0.005);
#90=CIRCLE('',#4181,0.005);
#91=CIRCLE('',#4182,0.001);
#92=CIRCLE('',#4183,0.001);
#93=CIRCLE('',#4184,0.005);
#94=CIRCLE('',#4185,0.005);
#95=CIRCLE('',#4186,0.001);
#96=CIRCLE('',#4187,0.001);
#97=CIRCLE('',#4188,0.001);
#98=CIRCLE('',#4189,0.001);
#99=CIRCLE('',#4190,0.005);
#100=CIRCLE('',#4191,0.005);
#101=CIRCLE('',#4192,0.005);
#102=CIRCLE('',#4193,0.005);
#103=CIRCLE('',#4202,0.00125);
#104=CIRCLE('',#4203,0.0052);
#105=CIRCLE('',#4204,0.0015);
#106=CIRCLE('',#4206,0.0025);
#107=CIRCLE('',#4216,0.002);
#108=CIRCLE('',#4217,0.005);
#109=CIRCLE('',#4218,0.005);
#110=CIRCLE('',#4219,0.005);
#111=CIRCLE('',#4220,0.005);
#112=CIRCLE('',#4221,0.001);
#113=CIRCLE('',#4222,0.001);
#114=CIRCLE('',#4223,0.001);
#115=CIRCLE('',#4224,0.005);
#116=CIRCLE('',#4225,0.005);
#117=CIRCLE('',#4226,0.001);
#118=CIRCLE('',#4227,0.001);
#119=CIRCLE('',#4228,0.005);
#120=CIRCLE('',#4229,0.005);
#121=CIRCLE('',#4230,0.001);
#122=CIRCLE('',#4232,0.003);
#123=CIRCLE('',#4234,0.003);
#124=CIRCLE('',#4235,0.003);
#125=CIRCLE('',#4237,0.003);
#126=CIRCLE('',#4239,0.003);
#127=CIRCLE('',#4240,0.003);
#128=CIRCLE('',#4242,0.00125);
#129=CIRCLE('',#4243,0.0015);
#130=CIRCLE('',#4244,0.0052);
#131=CIRCLE('',#4251,0.001);
#132=CIRCLE('',#4253,0.001);
#133=CIRCLE('',#4255,0.001);
#134=CIRCLE('',#4257,0.001);
#135=CIRCLE('',#4259,0.001);
#136=CIRCLE('',#4261,0.001);
#137=CIRCLE('',#4277,0.001);
#138=CIRCLE('',#4281,0.001);
#139=CIRCLE('',#4292,0.0025);
#140=CIRCLE('',#4308,0.0025);
#141=CIRCLE('',#4310,0.0025);
#142=CIRCLE('',#4323,0.005);
#143=CIRCLE('',#4326,0.005);
#144=CIRCLE('',#4327,0.002);
#145=CIRCLE('',#4330,0.002);
#146=CIRCLE('',#4332,0.003);
#147=CIRCLE('',#4336,0.003);
#148=CIRCLE('',#4338,0.003);
#149=CIRCLE('',#4343,0.001);
#150=CIRCLE('',#4344,0.001);
#151=CIRCLE('',#4358,0.001);
#152=CIRCLE('',#4359,0.001);
#153=CIRCLE('',#4432,0.001);
#154=CIRCLE('',#4434,0.001);
#155=CIRCLE('',#4444,0.00125);
#156=CIRCLE('',#4445,0.00125);
#157=CIRCLE('',#4446,0.00125);
#158=CIRCLE('',#4452,0.00125);
#159=CIRCLE('',#4453,0.00125);
#160=CIRCLE('',#4454,0.00125);
#161=CYLINDRICAL_SURFACE('',#4113,0.005);
#162=CYLINDRICAL_SURFACE('',#4121,0.003);
#163=CYLINDRICAL_SURFACE('',#4236,0.003);
#164=CYLINDRICAL_SURFACE('',#4238,0.003);
#165=CYLINDRICAL_SURFACE('',#4293,0.0045);
#166=CYLINDRICAL_SURFACE('',#4294,0.0045);
#167=CYLINDRICAL_SURFACE('',#4307,0.0025);
#168=CYLINDRICAL_SURFACE('',#4309,0.0025);
#169=CYLINDRICAL_SURFACE('',#4324,0.005);
#170=CYLINDRICAL_SURFACE('',#4328,0.005);
#171=CYLINDRICAL_SURFACE('',#4329,0.002);
#172=CYLINDRICAL_SURFACE('',#4331,0.003);
#173=CYLINDRICAL_SURFACE('',#4337,0.003);
#174=CYLINDRICAL_SURFACE('',#4342,0.001);
#175=CYLINDRICAL_SURFACE('',#4357,0.001);
#176=CYLINDRICAL_SURFACE('',#4380,0.0015);
#177=CYLINDRICAL_SURFACE('',#4382,0.003);
#178=CYLINDRICAL_SURFACE('',#4383,0.0029999999999999);
#179=CYLINDRICAL_SURFACE('',#4385,0.0015);
#180=CYLINDRICAL_SURFACE('',#4395,0.001);
#181=CYLINDRICAL_SURFACE('',#4396,0.001);
#182=CYLINDRICAL_SURFACE('',#4397,0.001);
#183=CYLINDRICAL_SURFACE('',#4398,0.001);
#184=CYLINDRICAL_SURFACE('',#4399,0.005);
#185=CYLINDRICAL_SURFACE('',#4400,0.005);
#186=CYLINDRICAL_SURFACE('',#4401,0.005);
#187=CYLINDRICAL_SURFACE('',#4402,0.005);
#188=CYLINDRICAL_SURFACE('',#4403,0.005);
#189=CYLINDRICAL_SURFACE('',#4404,0.005);
#190=CYLINDRICAL_SURFACE('',#4405,0.005);
#191=CYLINDRICAL_SURFACE('',#4406,0.005);
#192=CYLINDRICAL_SURFACE('',#4409,0.005);
#193=CYLINDRICAL_SURFACE('',#4410,0.005);
#194=CYLINDRICAL_SURFACE('',#4411,0.005);
#195=CYLINDRICAL_SURFACE('',#4412,0.005);
#196=CYLINDRICAL_SURFACE('',#4413,0.005);
#197=CYLINDRICAL_SURFACE('',#4414,0.005);
#198=CYLINDRICAL_SURFACE('',#4415,0.005);
#199=CYLINDRICAL_SURFACE('',#4416,0.005);
#200=CYLINDRICAL_SURFACE('',#4419,0.001);
#201=CYLINDRICAL_SURFACE('',#4420,0.001);
#202=CYLINDRICAL_SURFACE('',#4421,0.001);
#203=CYLINDRICAL_SURFACE('',#4422,0.001);
#204=CYLINDRICAL_SURFACE('',#4423,0.001);
#205=CYLINDRICAL_SURFACE('',#4424,0.001);
#206=CYLINDRICAL_SURFACE('',#4425,0.001);
#207=CYLINDRICAL_SURFACE('',#4426,0.001);
#208=CYLINDRICAL_SURFACE('',#4427,0.001);
#209=CYLINDRICAL_SURFACE('',#4428,0.001);
#210=CYLINDRICAL_SURFACE('',#4429,0.001);
#211=CYLINDRICAL_SURFACE('',#4430,0.001);
#212=CYLINDRICAL_SURFACE('',#4431,0.001);
#213=CYLINDRICAL_SURFACE('',#4433,0.001);
#214=CYLINDRICAL_SURFACE('',#4435,0.0015);
#215=CYLINDRICAL_SURFACE('',#4437,0.0015);
#216=CYLINDRICAL_SURFACE('',#4439,0.0052);
#217=CYLINDRICAL_SURFACE('',#4441,0.0052);
#218=CYLINDRICAL_SURFACE('',#4443,0.00125);
#219=CYLINDRICAL_SURFACE('',#4447,0.00125);
#220=CYLINDRICAL_SURFACE('',#4450,0.00125);
#221=CYLINDRICAL_SURFACE('',#4451,0.00125);
#222=CYLINDRICAL_SURFACE('',#4455,0.00125);
#223=CYLINDRICAL_SURFACE('',#4458,0.00125);
#224=LINE('',#5598,#656);
#225=LINE('',#5600,#657);
#226=LINE('',#5602,#658);
#227=LINE('',#5604,#659);
#228=LINE('',#5606,#660);
#229=LINE('',#5608,#661);
#230=LINE('',#5612,#662);
#231=LINE('',#5615,#663);
#232=LINE('',#5617,#664);
#233=LINE('',#5619,#665);
#234=LINE('',#5621,#666);
#235=LINE('',#5626,#667);
#236=LINE('',#5630,#668);
#237=LINE('',#5641,#669);
#238=LINE('',#5648,#670);
#239=LINE('',#5650,#671);
#240=LINE('',#5652,#672);
#241=LINE('',#5657,#673);
#242=LINE('',#5671,#674);
#243=LINE('',#5675,#675);
#244=LINE('',#5677,#676);
#245=LINE('',#5679,#677);
#246=LINE('',#5680,#678);
#247=LINE('',#5682,#679);
#248=LINE('',#5685,#680);
#249=LINE('',#5687,#681);
#250=LINE('',#5689,#682);
#251=LINE('',#5691,#683);
#252=LINE('',#5693,#684);
#253=LINE('',#5695,#685);
#254=LINE('',#5697,#686);
#255=LINE('',#5699,#687);
#256=LINE('',#5703,#688);
#257=LINE('',#5707,#689);
#258=LINE('',#5709,#690);
#259=LINE('',#5711,#691);
#260=LINE('',#5713,#692);
#261=LINE('',#5715,#693);
#262=LINE('',#5717,#694);
#263=LINE('',#5719,#695);
#264=LINE('',#5721,#696);
#265=LINE('',#5725,#697);
#266=LINE('',#5726,#698);
#267=LINE('',#5729,#699);
#268=LINE('',#5731,#700);
#269=LINE('',#5733,#701);
#270=LINE('',#5734,#702);
#271=LINE('',#5737,#703);
#272=LINE('',#5739,#704);
#273=LINE('',#5741,#705);
#274=LINE('',#5745,#706);
#275=LINE('',#5747,#707);
#276=LINE('',#5749,#708);
#277=LINE('',#5753,#709);
#278=LINE('',#5755,#710);
#279=LINE('',#5760,#711);
#280=LINE('',#5762,#712);
#281=LINE('',#5764,#713);
#282=LINE('',#5767,#714);
#283=LINE('',#5770,#715);
#284=LINE('',#5772,#716);
#285=LINE('',#5774,#717);
#286=LINE('',#5778,#718);
#287=LINE('',#5782,#719);
#288=LINE('',#5784,#720);
#289=LINE('',#5786,#721);
#290=LINE('',#5788,#722);
#291=LINE('',#5790,#723);
#292=LINE('',#5792,#724);
#293=LINE('',#5796,#725);
#294=LINE('',#5798,#726);
#295=LINE('',#5800,#727);
#296=LINE('',#5802,#728);
#297=LINE('',#5804,#729);
#298=LINE('',#5806,#730);
#299=LINE('',#5808,#731);
#300=LINE('',#5812,#732);
#301=LINE('',#5814,#733);
#302=LINE('',#5816,#734);
#303=LINE('',#5818,#735);
#304=LINE('',#5820,#736);
#305=LINE('',#5822,#737);
#306=LINE('',#5823,#738);
#307=LINE('',#5826,#739);
#308=LINE('',#5828,#740);
#309=LINE('',#5830,#741);
#310=LINE('',#5831,#742);
#311=LINE('',#5836,#743);
#312=LINE('',#5840,#744);
#313=LINE('',#5842,#745);
#314=LINE('',#5846,#746);
#315=LINE('',#5849,#747);
#316=LINE('',#5851,#748);
#317=LINE('',#5853,#749);
#318=LINE('',#5859,#750);
#319=LINE('',#5861,#751);
#320=LINE('',#5863,#752);
#321=LINE('',#5869,#753);
#322=LINE('',#5873,#754);
#323=LINE('',#5877,#755);
#324=LINE('',#5878,#756);
#325=LINE('',#5885,#757);
#326=LINE('',#5889,#758);
#327=LINE('',#5892,#759);
#328=LINE('',#5899,#760);
#329=LINE('',#5903,#761);
#330=LINE('',#5909,#762);
#331=LINE('',#5914,#763);
#332=LINE('',#5920,#764);
#333=LINE('',#5923,#765);
#334=LINE('',#5926,#766);
#335=LINE('',#5928,#767);
#336=LINE('',#5929,#768);
#337=LINE('',#5931,#769);
#338=LINE('',#5937,#770);
#339=LINE('',#5939,#771);
#340=LINE('',#5941,#772);
#341=LINE('',#5943,#773);
#342=LINE('',#5946,#774);
#343=LINE('',#5951,#775);
#344=LINE('',#5957,#776);
#345=LINE('',#5960,#777);
#346=LINE('',#5965,#778);
#347=LINE('',#5971,#779);
#348=LINE('',#5975,#780);
#349=LINE('',#5978,#781);
#350=LINE('',#5980,#782);
#351=LINE('',#5982,#783);
#352=LINE('',#5983,#784);
#353=LINE('',#5984,#785);
#354=LINE('',#5986,#786);
#355=LINE('',#5997,#787);
#356=LINE('',#6001,#788);
#357=LINE('',#6005,#789);
#358=LINE('',#6011,#790);
#359=LINE('',#6015,#791);
#360=LINE('',#6019,#792);
#361=LINE('',#6020,#793);
#362=LINE('',#6025,#794);
#363=LINE('',#6029,#795);
#364=LINE('',#6034,#796);
#365=LINE('',#6036,#797);
#366=LINE('',#6038,#798);
#367=LINE('',#6040,#799);
#368=LINE('',#6042,#800);
#369=LINE('',#6043,#801);
#370=LINE('',#6049,#802);
#371=LINE('',#6051,#803);
#372=LINE('',#6054,#804);
#373=LINE('',#6056,#805);
#374=LINE('',#6057,#806);
#375=LINE('',#6059,#807);
#376=LINE('',#6061,#808);
#377=LINE('',#6063,#809);
#378=LINE('',#6065,#810);
#379=LINE('',#6068,#811);
#380=LINE('',#6070,#812);
#381=LINE('',#6071,#813);
#382=LINE('',#6072,#814);
#383=LINE('',#6074,#815);
#384=LINE('',#6075,#816);
#385=LINE('',#6077,#817);
#386=LINE('',#6079,#818);
#387=LINE('',#6080,#819);
#388=LINE('',#6082,#820);
#389=LINE('',#6084,#821);
#390=LINE('',#6086,#822);
#391=LINE('',#6088,#823);
#392=LINE('',#6094,#824);
#393=LINE('',#6096,#825);
#394=LINE('',#6098,#826);
#395=LINE('',#6100,#827);
#396=LINE('',#6102,#828);
#397=LINE('',#6104,#829);
#398=LINE('',#6106,#830);
#399=LINE('',#6108,#831);
#400=LINE('',#6110,#832);
#401=LINE('',#6112,#833);
#402=LINE('',#6115,#834);
#403=LINE('',#6117,#835);
#404=LINE('',#6119,#836);
#405=LINE('',#6123,#837);
#406=LINE('',#6124,#838);
#407=LINE('',#6126,#839);
#408=LINE('',#6128,#840);
#409=LINE('',#6138,#841);
#410=LINE('',#6140,#842);
#411=LINE('',#6143,#843);
#412=LINE('',#6146,#844);
#413=LINE('',#6148,#845);
#414=LINE('',#6150,#846);
#415=LINE('',#6152,#847);
#416=LINE('',#6155,#848);
#417=LINE('',#6157,#849);
#418=LINE('',#6159,#850);
#419=LINE('',#6161,#851);
#420=LINE('',#6163,#852);
#421=LINE('',#6165,#853);
#422=LINE('',#6167,#854);
#423=LINE('',#6169,#855);
#424=LINE('',#6172,#856);
#425=LINE('',#6173,#857);
#426=LINE('',#6177,#858);
#427=LINE('',#6179,#859);
#428=LINE('',#6181,#860);
#429=LINE('',#6183,#861);
#430=LINE('',#6192,#862);
#431=LINE('',#6194,#863);
#432=LINE('',#6196,#864);
#433=LINE('',#6197,#865);
#434=LINE('',#6204,#866);
#435=LINE('',#6208,#867);
#436=LINE('',#6211,#868);
#437=LINE('',#6216,#869);
#438=LINE('',#6222,#870);
#439=LINE('',#6225,#871);
#440=LINE('',#6230,#872);
#441=LINE('',#6236,#873);
#442=LINE('',#6239,#874);
#443=LINE('',#6240,#875);
#444=LINE('',#6242,#876);
#445=LINE('',#6244,#877);
#446=LINE('',#6247,#878);
#447=LINE('',#6251,#879);
#448=LINE('',#6253,#880);
#449=LINE('',#6257,#881);
#450=LINE('',#6260,#882);
#451=LINE('',#6262,#883);
#452=LINE('',#6266,#884);
#453=LINE('',#6267,#885);
#454=LINE('',#6268,#886);
#455=LINE('',#6270,#887);
#456=LINE('',#6274,#888);
#457=LINE('',#6278,#889);
#458=LINE('',#6285,#890);
#459=LINE('',#6286,#891);
#460=LINE('',#6287,#892);
#461=LINE('',#6289,#893);
#462=LINE('',#6290,#894);
#463=LINE('',#6292,#895);
#464=LINE('',#6293,#896);
#465=LINE('',#6295,#897);
#466=LINE('',#6298,#898);
#467=LINE('',#6299,#899);
#468=LINE('',#6301,#900);
#469=LINE('',#6303,#901);
#470=LINE('',#6305,#902);
#471=LINE('',#6307,#903);
#472=LINE('',#6309,#904);
#473=LINE('',#6311,#905);
#474=LINE('',#6316,#906);
#475=LINE('',#6317,#907);
#476=LINE('',#6318,#908);
#477=LINE('',#6320,#909);
#478=LINE('',#6322,#910);
#479=LINE('',#6326,#911);
#480=LINE('',#6328,#912);
#481=LINE('',#6330,#913);
#482=LINE('',#6331,#914);
#483=LINE('',#6333,#915);
#484=LINE('',#6338,#916);
#485=LINE('',#6339,#917);
#486=LINE('',#6341,#918);
#487=LINE('',#6343,#919);
#488=LINE('',#6347,#920);
#489=LINE('',#6349,#921);
#490=LINE('',#6351,#922);
#491=LINE('',#6352,#923);
#492=LINE('',#6354,#924);
#493=LINE('',#6359,#925);
#494=LINE('',#6360,#926);
#495=LINE('',#6361,#927);
#496=LINE('',#6363,#928);
#497=LINE('',#6365,#929);
#498=LINE('',#6369,#930);
#499=LINE('',#6371,#931);
#500=LINE('',#6373,#932);
#501=LINE('',#6374,#933);
#502=LINE('',#6376,#934);
#503=LINE('',#6378,#935);
#504=LINE('',#6380,#936);
#505=LINE('',#6382,#937);
#506=LINE('',#6384,#938);
#507=LINE('',#6386,#939);
#508=LINE('',#6388,#940);
#509=LINE('',#6390,#941);
#510=LINE('',#6392,#942);
#511=LINE('',#6395,#943);
#512=LINE('',#6396,#944);
#513=LINE('',#6398,#945);
#514=LINE('',#6400,#946);
#515=LINE('',#6401,#947);
#516=LINE('',#6403,#948);
#517=LINE('',#6405,#949);
#518=LINE('',#6408,#950);
#519=LINE('',#6410,#951);
#520=LINE('',#6412,#952);
#521=LINE('',#6414,#953);
#522=LINE('',#6416,#954);
#523=LINE('',#6421,#955);
#524=LINE('',#6422,#956);
#525=LINE('',#6424,#957);
#526=LINE('',#6426,#958);
#527=LINE('',#6428,#959);
#528=LINE('',#6432,#960);
#529=LINE('',#6434,#961);
#530=LINE('',#6436,#962);
#531=LINE('',#6438,#963);
#532=LINE('',#6440,#964);
#533=LINE('',#6442,#965);
#534=LINE('',#6444,#966);
#535=LINE('',#6446,#967);
#536=LINE('',#6448,#968);
#537=LINE('',#6450,#969);
#538=LINE('',#6452,#970);
#539=LINE('',#6460,#971);
#540=LINE('',#6467,#972);
#541=LINE('',#6469,#973);
#542=LINE('',#6475,#974);
#543=LINE('',#6477,#975);
#544=LINE('',#6479,#976);
#545=LINE('',#6481,#977);
#546=LINE('',#6483,#978);
#547=LINE('',#6485,#979);
#548=LINE('',#6487,#980);
#549=LINE('',#6489,#981);
#550=LINE('',#6492,#982);
#551=LINE('',#6494,#983);
#552=LINE('',#6495,#984);
#553=LINE('',#6497,#985);
#554=LINE('',#6499,#986);
#555=LINE('',#6501,#987);
#556=LINE('',#6504,#988);
#557=LINE('',#6506,#989);
#558=LINE('',#6508,#990);
#559=LINE('',#6511,#991);
#560=LINE('',#6513,#992);
#561=LINE('',#6514,#993);
#562=LINE('',#6516,#994);
#563=LINE('',#6518,#995);
#564=LINE('',#6526,#996);
#565=LINE('',#6529,#997);
#566=LINE('',#6530,#998);
#567=LINE('',#6532,#999);
#568=LINE('',#6534,#1000);
#569=LINE('',#6536,#1001);
#570=LINE('',#6539,#1002);
#571=LINE('',#6544,#1003);
#572=LINE('',#6545,#1004);
#573=LINE('',#6547,#1005);
#574=LINE('',#6556,#1006);
#575=LINE('',#6569,#1007);
#576=LINE('',#6577,#1008);
#577=LINE('',#6579,#1009);
#578=LINE('',#6617,#1010);
#579=LINE('',#6618,#1011);
#580=LINE('',#6620,#1012);
#581=LINE('',#6621,#1013);
#582=LINE('',#6623,#1014);
#583=LINE('',#6624,#1015);
#584=LINE('',#6631,#1016);
#585=LINE('',#6632,#1017);
#586=LINE('',#6634,#1018);
#587=LINE('',#6635,#1019);
#588=LINE('',#6637,#1020);
#589=LINE('',#6638,#1021);
#590=LINE('',#6640,#1022);
#591=LINE('',#6641,#1023);
#592=LINE('',#6643,#1024);
#593=LINE('',#6644,#1025);
#594=LINE('',#6646,#1026);
#595=LINE('',#6647,#1027);
#596=LINE('',#6649,#1028);
#597=LINE('',#6650,#1029);
#598=LINE('',#6652,#1030);
#599=LINE('',#6654,#1031);
#600=LINE('',#6656,#1032);
#601=LINE('',#6657,#1033);
#602=LINE('',#6659,#1034);
#603=LINE('',#6661,#1035);
#604=LINE('',#6668,#1036);
#605=LINE('',#6669,#1037);
#606=LINE('',#6671,#1038);
#607=LINE('',#6672,#1039);
#608=LINE('',#6674,#1040);
#609=LINE('',#6675,#1041);
#610=LINE('',#6677,#1042);
#611=LINE('',#6678,#1043);
#612=LINE('',#6680,#1044);
#613=LINE('',#6681,#1045);
#614=LINE('',#6683,#1046);
#615=LINE('',#6684,#1047);
#616=LINE('',#6686,#1048);
#617=LINE('',#6687,#1049);
#618=LINE('',#6689,#1050);
#619=LINE('',#6690,#1051);
#620=LINE('',#6692,#1052);
#621=LINE('',#6693,#1053);
#622=LINE('',#6695,#1054);
#623=LINE('',#6696,#1055);
#624=LINE('',#6698,#1056);
#625=LINE('',#6700,#1057);
#626=LINE('',#6703,#1058);
#627=LINE('',#6704,#1059);
#628=LINE('',#6706,#1060);
#629=LINE('',#6708,#1061);
#630=LINE('',#6711,#1062);
#631=LINE('',#6712,#1063);
#632=LINE('',#6714,#1064);
#633=LINE('',#6716,#1065);
#634=LINE('',#6718,#1066);
#635=LINE('',#6720,#1067);
#636=LINE('',#6723,#1068);
#637=LINE('',#6724,#1069);
#638=LINE('',#6726,#1070);
#639=LINE('',#6728,#1071);
#640=LINE('',#6730,#1072);
#641=LINE('',#6732,#1073);
#642=LINE('',#6735,#1074);
#643=LINE('',#6737,#1075);
#644=LINE('',#6740,#1076);
#645=LINE('',#6742,#1077);
#646=LINE('',#6749,#1078);
#647=LINE('',#6751,#1079);
#648=LINE('',#6754,#1080);
#649=LINE('',#6757,#1081);
#650=LINE('',#6763,#1082);
#651=LINE('',#6766,#1083);
#652=LINE('',#6769,#1084);
#653=LINE('',#6772,#1085);
#654=LINE('',#6795,#1086);
#655=LINE('',#6797,#1087);
#656=VECTOR('',#4465,1.);
#657=VECTOR('',#4466,1.);
#658=VECTOR('',#4467,1.);
#659=VECTOR('',#4468,1.);
#660=VECTOR('',#4469,1.);
#661=VECTOR('',#4470,1.);
#662=VECTOR('',#4475,1.);
#663=VECTOR('',#4476,1.);
#664=VECTOR('',#4477,1.);
#665=VECTOR('',#4478,1.);
#666=VECTOR('',#4481,1.);
#667=VECTOR('',#4484,1.);
#668=VECTOR('',#4487,1.);
#669=VECTOR('',#4494,1.);
#670=VECTOR('',#4499,1.);
#671=VECTOR('',#4500,1.);
#672=VECTOR('',#4503,1.);
#673=VECTOR('',#4506,1.);
#674=VECTOR('',#4515,1.);
#675=VECTOR('',#4518,1.);
#676=VECTOR('',#4519,1.);
#677=VECTOR('',#4520,1.);
#678=VECTOR('',#4521,1.);
#679=VECTOR('',#4522,1.);
#680=VECTOR('',#4525,1.);
#681=VECTOR('',#4526,1.);
#682=VECTOR('',#4527,1.);
#683=VECTOR('',#4528,1.);
#684=VECTOR('',#4529,1.);
#685=VECTOR('',#4530,1.);
#686=VECTOR('',#4531,1.);
#687=VECTOR('',#4532,1.);
#688=VECTOR('',#4535,1.);
#689=VECTOR('',#4538,1.);
#690=VECTOR('',#4539,1.);
#691=VECTOR('',#4540,1.);
#692=VECTOR('',#4541,1.);
#693=VECTOR('',#4542,1.);
#694=VECTOR('',#4543,1.);
#695=VECTOR('',#4544,1.);
#696=VECTOR('',#4545,1.);
#697=VECTOR('',#4548,1.);
#698=VECTOR('',#4549,1.);
#699=VECTOR('',#4550,1.);
#700=VECTOR('',#4551,1.);
#701=VECTOR('',#4552,1.);
#702=VECTOR('',#4553,1.);
#703=VECTOR('',#4554,1.);
#704=VECTOR('',#4555,1.);
#705=VECTOR('',#4556,1.);
#706=VECTOR('',#4559,1.);
#707=VECTOR('',#4560,1.);
#708=VECTOR('',#4561,1.);
#709=VECTOR('',#4564,1.);
#710=VECTOR('',#4567,1.);
#711=VECTOR('',#4570,1.);
#712=VECTOR('',#4571,1.);
#713=VECTOR('',#4572,1.);
#714=VECTOR('',#4575,1.);
#715=VECTOR('',#4576,1.);
#716=VECTOR('',#4577,1.);
#717=VECTOR('',#4578,1.);
#718=VECTOR('',#4581,1.);
#719=VECTOR('',#4584,1.);
#720=VECTOR('',#4585,1.);
#721=VECTOR('',#4586,1.);
#722=VECTOR('',#4587,1.);
#723=VECTOR('',#4588,1.);
#724=VECTOR('',#4589,1.);
#725=VECTOR('',#4592,1.);
#726=VECTOR('',#4593,1.);
#727=VECTOR('',#4594,1.);
#728=VECTOR('',#4595,1.);
#729=VECTOR('',#4596,1.);
#730=VECTOR('',#4597,1.);
#731=VECTOR('',#4598,1.);
#732=VECTOR('',#4601,1.);
#733=VECTOR('',#4602,1.);
#734=VECTOR('',#4603,1.);
#735=VECTOR('',#4604,1.);
#736=VECTOR('',#4605,1.);
#737=VECTOR('',#4606,1.);
#738=VECTOR('',#4607,1.);
#739=VECTOR('',#4608,1.);
#740=VECTOR('',#4609,1.);
#741=VECTOR('',#4610,1.);
#742=VECTOR('',#4611,1.);
#743=VECTOR('',#4614,1.);
#744=VECTOR('',#4617,1.);
#745=VECTOR('',#4618,1.);
#746=VECTOR('',#4623,1.);
#747=VECTOR('',#4624,1.);
#748=VECTOR('',#4625,1.);
#749=VECTOR('',#4626,1.);
#750=VECTOR('',#4631,1.);
#751=VECTOR('',#4632,1.);
#752=VECTOR('',#4633,1.);
#753=VECTOR('',#4638,1.);
#754=VECTOR('',#4641,1.);
#755=VECTOR('',#4644,1.);
#756=VECTOR('',#4645,1.);
#757=VECTOR('',#4650,1.);
#758=VECTOR('',#4653,1.);
#759=VECTOR('',#4656,1.);
#760=VECTOR('',#4661,1.);
#761=VECTOR('',#4664,1.);
#762=VECTOR('',#4671,1.);
#763=VECTOR('',#4674,1.);
#764=VECTOR('',#4679,1.);
#765=VECTOR('',#4682,1.);
#766=VECTOR('',#4683,1.);
#767=VECTOR('',#4684,1.);
#768=VECTOR('',#4685,1.);
#769=VECTOR('',#4686,1.);
#770=VECTOR('',#4691,1.);
#771=VECTOR('',#4692,1.);
#772=VECTOR('',#4693,1.);
#773=VECTOR('',#4694,1.);
#774=VECTOR('',#4697,1.);
#775=VECTOR('',#4700,1.);
#776=VECTOR('',#4705,1.);
#777=VECTOR('',#4708,1.);
#778=VECTOR('',#4711,1.);
#779=VECTOR('',#4716,1.);
#780=VECTOR('',#4721,1.);
#781=VECTOR('',#4722,1.);
#782=VECTOR('',#4723,1.);
#783=VECTOR('',#4724,1.);
#784=VECTOR('',#4725,1.);
#785=VECTOR('',#4726,1.);
#786=VECTOR('',#4727,1.);
#787=VECTOR('',#4738,1.);
#788=VECTOR('',#4741,1.);
#789=VECTOR('',#4744,1.);
#790=VECTOR('',#4749,1.);
#791=VECTOR('',#4752,1.);
#792=VECTOR('',#4755,1.);
#793=VECTOR('',#4756,1.);
#794=VECTOR('',#4759,1.);
#795=VECTOR('',#4762,1.);
#796=VECTOR('',#4767,1.);
#797=VECTOR('',#4768,1.);
#798=VECTOR('',#4769,1.);
#799=VECTOR('',#4770,1.);
#800=VECTOR('',#4771,1.);
#801=VECTOR('',#4772,1.);
#802=VECTOR('',#4777,1.);
#803=VECTOR('',#4780,1.);
#804=VECTOR('',#4781,1.);
#805=VECTOR('',#4782,1.);
#806=VECTOR('',#4783,1.);
#807=VECTOR('',#4784,1.);
#808=VECTOR('',#4785,1.);
#809=VECTOR('',#4786,1.);
#810=VECTOR('',#4789,1.);
#811=VECTOR('',#4790,1.);
#812=VECTOR('',#4791,1.);
#813=VECTOR('',#4792,1.);
#814=VECTOR('',#4793,1.);
#815=VECTOR('',#4794,1.);
#816=VECTOR('',#4795,1.);
#817=VECTOR('',#4796,1.);
#818=VECTOR('',#4797,1.);
#819=VECTOR('',#4798,1.);
#820=VECTOR('',#4799,1.);
#821=VECTOR('',#4800,1.);
#822=VECTOR('',#4803,1.);
#823=VECTOR('',#4804,1.);
#824=VECTOR('',#4809,1.);
#825=VECTOR('',#4810,1.);
#826=VECTOR('',#4813,1.);
#827=VECTOR('',#4814,1.);
#828=VECTOR('',#4815,1.);
#829=VECTOR('',#4816,1.);
#830=VECTOR('',#4817,1.);
#831=VECTOR('',#4818,1.);
#832=VECTOR('',#4819,1.);
#833=VECTOR('',#4822,1.);
#834=VECTOR('',#4823,1.);
#835=VECTOR('',#4824,1.);
#836=VECTOR('',#4827,1.);
#837=VECTOR('',#4830,1.);
#838=VECTOR('',#4831,1.);
#839=VECTOR('',#4832,1.);
#840=VECTOR('',#4833,1.);
#841=VECTOR('',#4844,1.);
#842=VECTOR('',#4845,1.);
#843=VECTOR('',#4850,1.);
#844=VECTOR('',#4851,1.);
#845=VECTOR('',#4852,1.);
#846=VECTOR('',#4853,1.);
#847=VECTOR('',#4856,1.);
#848=VECTOR('',#4857,1.);
#849=VECTOR('',#4858,1.);
#850=VECTOR('',#4859,1.);
#851=VECTOR('',#4860,1.);
#852=VECTOR('',#4861,1.);
#853=VECTOR('',#4864,1.);
#854=VECTOR('',#4865,1.);
#855=VECTOR('',#4868,1.);
#856=VECTOR('',#4869,1.);
#857=VECTOR('',#4870,1.);
#858=VECTOR('',#4873,1.);
#859=VECTOR('',#4876,1.);
#860=VECTOR('',#4877,1.);
#861=VECTOR('',#4878,1.);
#862=VECTOR('',#4887,1.);
#863=VECTOR('',#4888,1.);
#864=VECTOR('',#4889,1.);
#865=VECTOR('',#4890,1.);
#866=VECTOR('',#4895,1.);
#867=VECTOR('',#4898,1.);
#868=VECTOR('',#4901,1.);
#869=VECTOR('',#4904,1.);
#870=VECTOR('',#4909,1.);
#871=VECTOR('',#4912,1.);
#872=VECTOR('',#4915,1.);
#873=VECTOR('',#4920,1.);
#874=VECTOR('',#4923,1.);
#875=VECTOR('',#4924,1.);
#876=VECTOR('',#4925,1.);
#877=VECTOR('',#4928,1.);
#878=VECTOR('',#4929,1.);
#879=VECTOR('',#4932,1.);
#880=VECTOR('',#4933,1.);
#881=VECTOR('',#4938,1.);
#882=VECTOR('',#4941,1.);
#883=VECTOR('',#4944,1.);
#884=VECTOR('',#4947,1.);
#885=VECTOR('',#4948,1.);
#886=VECTOR('',#4949,1.);
#887=VECTOR('',#4952,1.);
#888=VECTOR('',#4955,1.);
#889=VECTOR('',#4958,1.);
#890=VECTOR('',#4967,1.);
#891=VECTOR('',#4968,1.);
#892=VECTOR('',#4969,1.);
#893=VECTOR('',#4972,1.);
#894=VECTOR('',#4973,1.);
#895=VECTOR('',#4976,1.);
#896=VECTOR('',#4977,1.);
#897=VECTOR('',#4980,1.);
#898=VECTOR('',#4981,1.);
#899=VECTOR('',#4982,1.);
#900=VECTOR('',#4985,1.);
#901=VECTOR('',#4988,1.);
#902=VECTOR('',#4989,1.);
#903=VECTOR('',#4990,1.);
#904=VECTOR('',#4991,1.);
#905=VECTOR('',#4994,1.);
#906=VECTOR('',#4997,1.);
#907=VECTOR('',#4998,1.);
#908=VECTOR('',#4999,1.);
#909=VECTOR('',#5000,1.);
#910=VECTOR('',#5003,1.);
#911=VECTOR('',#5006,1.);
#912=VECTOR('',#5007,1.);
#913=VECTOR('',#5008,1.);
#914=VECTOR('',#5009,1.);
#915=VECTOR('',#5012,1.);
#916=VECTOR('',#5015,1.);
#917=VECTOR('',#5016,1.);
#918=VECTOR('',#5017,1.);
#919=VECTOR('',#5020,1.);
#920=VECTOR('',#5023,1.);
#921=VECTOR('',#5024,1.);
#922=VECTOR('',#5025,1.);
#923=VECTOR('',#5026,1.);
#924=VECTOR('',#5029,1.);
#925=VECTOR('',#5032,1.);
#926=VECTOR('',#5033,1.);
#927=VECTOR('',#5034,1.);
#928=VECTOR('',#5035,1.);
#929=VECTOR('',#5038,1.);
#930=VECTOR('',#5041,1.);
#931=VECTOR('',#5042,1.);
#932=VECTOR('',#5043,1.);
#933=VECTOR('',#5044,1.);
#934=VECTOR('',#5047,1.);
#935=VECTOR('',#5050,1.);
#936=VECTOR('',#5051,1.);
#937=VECTOR('',#5054,1.);
#938=VECTOR('',#5057,1.);
#939=VECTOR('',#5060,1.);
#940=VECTOR('',#5063,1.);
#941=VECTOR('',#5066,1.);
#942=VECTOR('',#5069,1.);
#943=VECTOR('',#5070,1.);
#944=VECTOR('',#5071,1.);
#945=VECTOR('',#5074,1.);
#946=VECTOR('',#5075,1.);
#947=VECTOR('',#5076,1.);
#948=VECTOR('',#5077,1.);
#949=VECTOR('',#5080,1.);
#950=VECTOR('',#5085,1.);
#951=VECTOR('',#5088,1.);
#952=VECTOR('',#5091,1.);
#953=VECTOR('',#5092,1.);
#954=VECTOR('',#5095,1.);
#955=VECTOR('',#5098,1.);
#956=VECTOR('',#5099,1.);
#957=VECTOR('',#5102,1.);
#958=VECTOR('',#5105,1.);
#959=VECTOR('',#5108,1.);
#960=VECTOR('',#5111,1.);
#961=VECTOR('',#5112,1.);
#962=VECTOR('',#5115,1.);
#963=VECTOR('',#5118,1.);
#964=VECTOR('',#5121,1.);
#965=VECTOR('',#5124,1.);
#966=VECTOR('',#5127,1.);
#967=VECTOR('',#5130,1.);
#968=VECTOR('',#5133,1.);
#969=VECTOR('',#5136,1.);
#970=VECTOR('',#5139,1.);
#971=VECTOR('',#5142,1.);
#972=VECTOR('',#5143,1.);
#973=VECTOR('',#5144,1.);
#974=VECTOR('',#5153,1.);
#975=VECTOR('',#5156,1.);
#976=VECTOR('',#5159,1.);
#977=VECTOR('',#5160,1.);
#978=VECTOR('',#5163,1.);
#979=VECTOR('',#5164,1.);
#980=VECTOR('',#5167,1.);
#981=VECTOR('',#5170,1.);
#982=VECTOR('',#5175,1.);
#983=VECTOR('',#5176,1.);
#984=VECTOR('',#5177,1.);
#985=VECTOR('',#5178,1.);
#986=VECTOR('',#5179,1.);
#987=VECTOR('',#5182,1.);
#988=VECTOR('',#5183,1.);
#989=VECTOR('',#5184,1.);
#990=VECTOR('',#5187,1.);
#991=VECTOR('',#5190,1.);
#992=VECTOR('',#5193,1.);
#993=VECTOR('',#5194,1.);
#994=VECTOR('',#5195,1.);
#995=VECTOR('',#5196,1.);
#996=VECTOR('',#5207,1.);
#997=VECTOR('',#5212,1.);
#998=VECTOR('',#5213,1.);
#999=VECTOR('',#5214,1.);
#1000=VECTOR('',#5217,1.);
#1001=VECTOR('',#5218,1.);
#1002=VECTOR('',#5223,1.);
#1003=VECTOR('',#5232,1.);
#1004=VECTOR('',#5233,1.);
#1005=VECTOR('',#5236,1.);
#1006=VECTOR('',#5251,1.);
#1007=VECTOR('',#5262,1.);
#1008=VECTOR('',#5265,1.);
#1009=VECTOR('',#5266,1.);
#1010=VECTOR('',#5277,1.);
#1011=VECTOR('',#5278,1.);
#1012=VECTOR('',#5281,1.);
#1013=VECTOR('',#5282,1.);
#1014=VECTOR('',#5285,1.);
#1015=VECTOR('',#5286,1.);
#1016=VECTOR('',#5295,1.);
#1017=VECTOR('',#5296,1.);
#1018=VECTOR('',#5299,1.);
#1019=VECTOR('',#5300,1.);
#1020=VECTOR('',#5303,1.);
#1021=VECTOR('',#5304,1.);
#1022=VECTOR('',#5307,1.);
#1023=VECTOR('',#5308,1.);
#1024=VECTOR('',#5311,1.);
#1025=VECTOR('',#5312,1.);
#1026=VECTOR('',#5315,1.);
#1027=VECTOR('',#5316,1.);
#1028=VECTOR('',#5319,1.);
#1029=VECTOR('',#5320,1.);
#1030=VECTOR('',#5323,1.);
#1031=VECTOR('',#5326,1.);
#1032=VECTOR('',#5329,1.);
#1033=VECTOR('',#5330,1.);
#1034=VECTOR('',#5333,1.);
#1035=VECTOR('',#5336,1.);
#1036=VECTOR('',#5345,1.);
#1037=VECTOR('',#5346,1.);
#1038=VECTOR('',#5349,1.);
#1039=VECTOR('',#5350,1.);
#1040=VECTOR('',#5353,1.);
#1041=VECTOR('',#5354,1.);
#1042=VECTOR('',#5357,1.);
#1043=VECTOR('',#5358,1.);
#1044=VECTOR('',#5361,1.);
#1045=VECTOR('',#5362,1.);
#1046=VECTOR('',#5365,1.);
#1047=VECTOR('',#5366,1.);
#1048=VECTOR('',#5369,1.);
#1049=VECTOR('',#5370,1.);
#1050=VECTOR('',#5373,1.);
#1051=VECTOR('',#5374,1.);
#1052=VECTOR('',#5377,1.);
#1053=VECTOR('',#5378,1.);
#1054=VECTOR('',#5381,1.);
#1055=VECTOR('',#5382,1.);
#1056=VECTOR('',#5385,1.);
#1057=VECTOR('',#5388,1.);
#1058=VECTOR('',#5393,1.);
#1059=VECTOR('',#5394,1.);
#1060=VECTOR('',#5397,1.);
#1061=VECTOR('',#5400,1.);
#1062=VECTOR('',#5405,1.);
#1063=VECTOR('',#5406,1.);
#1064=VECTOR('',#5409,1.);
#1065=VECTOR('',#5412,1.);
#1066=VECTOR('',#5415,1.);
#1067=VECTOR('',#5418,1.);
#1068=VECTOR('',#5423,1.);
#1069=VECTOR('',#5424,1.);
#1070=VECTOR('',#5427,1.);
#1071=VECTOR('',#5430,1.);
#1072=VECTOR('',#5433,1.);
#1073=VECTOR('',#5436,1.);
#1074=VECTOR('',#5441,1.);
#1075=VECTOR('',#5444,1.);
#1076=VECTOR('',#5449,1.);
#1077=VECTOR('',#5452,1.);
#1078=VECTOR('',#5465,1.);
#1079=VECTOR('',#5468,1.);
#1080=VECTOR('',#5473,1.);
#1081=VECTOR('',#5478,1.);
#1082=VECTOR('',#5489,1.);
#1083=VECTOR('',#5494,1.);
#1084=VECTOR('',#5499,1.);
#1085=VECTOR('',#5504,1.);
#1086=VECTOR('',#5547,1.);
#1087=VECTOR('',#5550,1.);
#1088=ORIENTED_EDGE('',*,*,#2262,.T.);
#1089=ORIENTED_EDGE('',*,*,#2263,.T.);
#1090=ORIENTED_EDGE('',*,*,#2264,.T.);
#1091=ORIENTED_EDGE('',*,*,#2265,.F.);
#1092=ORIENTED_EDGE('',*,*,#2266,.F.);
#1093=ORIENTED_EDGE('',*,*,#2267,.T.);
#1094=ORIENTED_EDGE('',*,*,#2268,.T.);
#1095=ORIENTED_EDGE('',*,*,#2269,.T.);
#1096=ORIENTED_EDGE('',*,*,#2270,.F.);
#1097=ORIENTED_EDGE('',*,*,#2271,.T.);
#1098=ORIENTED_EDGE('',*,*,#2272,.T.);
#1099=ORIENTED_EDGE('',*,*,#2273,.T.);
#1100=ORIENTED_EDGE('',*,*,#2274,.F.);
#1101=ORIENTED_EDGE('',*,*,#2275,.T.);
#1102=ORIENTED_EDGE('',*,*,#2276,.T.);
#1103=ORIENTED_EDGE('',*,*,#2277,.F.);
#1104=ORIENTED_EDGE('',*,*,#2278,.F.);
#1105=ORIENTED_EDGE('',*,*,#2279,.F.);
#1106=ORIENTED_EDGE('',*,*,#2280,.T.);
#1107=ORIENTED_EDGE('',*,*,#2281,.T.);
#1108=ORIENTED_EDGE('',*,*,#2282,.F.);
#1109=ORIENTED_EDGE('',*,*,#2283,.T.);
#1110=ORIENTED_EDGE('',*,*,#2284,.T.);
#1111=ORIENTED_EDGE('',*,*,#2285,.F.);
#1112=ORIENTED_EDGE('',*,*,#2286,.T.);
#1113=ORIENTED_EDGE('',*,*,#2287,.F.);
#1114=ORIENTED_EDGE('',*,*,#2288,.T.);
#1115=ORIENTED_EDGE('',*,*,#2289,.F.);
#1116=ORIENTED_EDGE('',*,*,#2290,.T.);
#1117=ORIENTED_EDGE('',*,*,#2291,.T.);
#1118=ORIENTED_EDGE('',*,*,#2292,.F.);
#1119=ORIENTED_EDGE('',*,*,#2293,.F.);
#1120=ORIENTED_EDGE('',*,*,#2294,.T.);
#1121=ORIENTED_EDGE('',*,*,#2295,.T.);
#1122=ORIENTED_EDGE('',*,*,#2296,.T.);
#1123=ORIENTED_EDGE('',*,*,#2297,.F.);
#1124=ORIENTED_EDGE('',*,*,#2298,.T.);
#1125=ORIENTED_EDGE('',*,*,#2299,.T.);
#1126=ORIENTED_EDGE('',*,*,#2300,.T.);
#1127=ORIENTED_EDGE('',*,*,#2265,.T.);
#1128=ORIENTED_EDGE('',*,*,#2301,.T.);
#1129=ORIENTED_EDGE('',*,*,#2302,.F.);
#1130=ORIENTED_EDGE('',*,*,#2303,.F.);
#1131=ORIENTED_EDGE('',*,*,#2304,.F.);
#1132=ORIENTED_EDGE('',*,*,#2305,.T.);
#1133=ORIENTED_EDGE('',*,*,#2306,.F.);
#1134=ORIENTED_EDGE('',*,*,#2307,.F.);
#1135=ORIENTED_EDGE('',*,*,#2308,.F.);
#1136=ORIENTED_EDGE('',*,*,#2309,.T.);
#1137=ORIENTED_EDGE('',*,*,#2310,.T.);
#1138=ORIENTED_EDGE('',*,*,#2311,.T.);
#1139=ORIENTED_EDGE('',*,*,#2312,.T.);
#1140=ORIENTED_EDGE('',*,*,#2313,.T.);
#1141=ORIENTED_EDGE('',*,*,#2314,.T.);
#1142=ORIENTED_EDGE('',*,*,#2315,.T.);
#1143=ORIENTED_EDGE('',*,*,#2316,.T.);
#1144=ORIENTED_EDGE('',*,*,#2317,.T.);
#1145=ORIENTED_EDGE('',*,*,#2318,.F.);
#1146=ORIENTED_EDGE('',*,*,#2319,.T.);
#1147=ORIENTED_EDGE('',*,*,#2320,.T.);
#1148=ORIENTED_EDGE('',*,*,#2321,.T.);
#1149=ORIENTED_EDGE('',*,*,#2322,.T.);
#1150=ORIENTED_EDGE('',*,*,#2285,.T.);
#1151=ORIENTED_EDGE('',*,*,#2323,.F.);
#1152=ORIENTED_EDGE('',*,*,#2324,.T.);
#1153=ORIENTED_EDGE('',*,*,#2325,.F.);
#1154=ORIENTED_EDGE('',*,*,#2326,.F.);
#1155=ORIENTED_EDGE('',*,*,#2327,.T.);
#1156=ORIENTED_EDGE('',*,*,#2328,.T.);
#1157=ORIENTED_EDGE('',*,*,#2329,.F.);
#1158=ORIENTED_EDGE('',*,*,#2330,.T.);
#1159=ORIENTED_EDGE('',*,*,#2331,.F.);
#1160=ORIENTED_EDGE('',*,*,#2332,.T.);
#1161=ORIENTED_EDGE('',*,*,#2333,.T.);
#1162=ORIENTED_EDGE('',*,*,#2334,.T.);
#1163=ORIENTED_EDGE('',*,*,#2335,.T.);
#1164=ORIENTED_EDGE('',*,*,#2336,.T.);
#1165=ORIENTED_EDGE('',*,*,#2337,.T.);
#1166=ORIENTED_EDGE('',*,*,#2338,.F.);
#1167=ORIENTED_EDGE('',*,*,#2339,.T.);
#1168=ORIENTED_EDGE('',*,*,#2340,.F.);
#1169=ORIENTED_EDGE('',*,*,#2341,.T.);
#1170=ORIENTED_EDGE('',*,*,#2342,.T.);
#1171=ORIENTED_EDGE('',*,*,#2343,.T.);
#1172=ORIENTED_EDGE('',*,*,#2344,.T.);
#1173=ORIENTED_EDGE('',*,*,#2345,.T.);
#1174=ORIENTED_EDGE('',*,*,#2346,.F.);
#1175=ORIENTED_EDGE('',*,*,#2347,.F.);
#1176=ORIENTED_EDGE('',*,*,#2348,.F.);
#1177=ORIENTED_EDGE('',*,*,#2349,.F.);
#1178=ORIENTED_EDGE('',*,*,#2350,.F.);
#1179=ORIENTED_EDGE('',*,*,#2351,.F.);
#1180=ORIENTED_EDGE('',*,*,#2352,.F.);
#1181=ORIENTED_EDGE('',*,*,#2353,.T.);
#1182=ORIENTED_EDGE('',*,*,#2354,.T.);
#1183=ORIENTED_EDGE('',*,*,#2355,.T.);
#1184=ORIENTED_EDGE('',*,*,#2356,.T.);
#1185=ORIENTED_EDGE('',*,*,#2357,.T.);
#1186=ORIENTED_EDGE('',*,*,#2358,.T.);
#1187=ORIENTED_EDGE('',*,*,#2359,.T.);
#1188=ORIENTED_EDGE('',*,*,#2360,.F.);
#1189=ORIENTED_EDGE('',*,*,#2361,.F.);
#1190=ORIENTED_EDGE('',*,*,#2362,.F.);
#1191=ORIENTED_EDGE('',*,*,#2363,.F.);
#1192=ORIENTED_EDGE('',*,*,#2364,.T.);
#1193=ORIENTED_EDGE('',*,*,#2365,.F.);
#1194=ORIENTED_EDGE('',*,*,#2366,.F.);
#1195=ORIENTED_EDGE('',*,*,#2367,.T.);
#1196=ORIENTED_EDGE('',*,*,#2368,.F.);
#1197=ORIENTED_EDGE('',*,*,#2369,.F.);
#1198=ORIENTED_EDGE('',*,*,#2370,.F.);
#1199=ORIENTED_EDGE('',*,*,#2371,.T.);
#1200=ORIENTED_EDGE('',*,*,#2372,.F.);
#1201=ORIENTED_EDGE('',*,*,#2373,.F.);
#1202=ORIENTED_EDGE('',*,*,#2374,.F.);
#1203=ORIENTED_EDGE('',*,*,#2375,.T.);
#1204=ORIENTED_EDGE('',*,*,#2376,.F.);
#1205=ORIENTED_EDGE('',*,*,#2377,.T.);
#1206=ORIENTED_EDGE('',*,*,#2378,.T.);
#1207=ORIENTED_EDGE('',*,*,#2379,.T.);
#1208=ORIENTED_EDGE('',*,*,#2380,.T.);
#1209=ORIENTED_EDGE('',*,*,#2381,.T.);
#1210=ORIENTED_EDGE('',*,*,#2382,.F.);
#1211=ORIENTED_EDGE('',*,*,#2383,.T.);
#1212=ORIENTED_EDGE('',*,*,#2384,.F.);
#1213=ORIENTED_EDGE('',*,*,#2385,.T.);
#1214=ORIENTED_EDGE('',*,*,#2386,.T.);
#1215=ORIENTED_EDGE('',*,*,#2387,.T.);
#1216=ORIENTED_EDGE('',*,*,#2388,.F.);
#1217=ORIENTED_EDGE('',*,*,#2389,.T.);
#1218=ORIENTED_EDGE('',*,*,#2390,.F.);
#1219=ORIENTED_EDGE('',*,*,#2391,.T.);
#1220=ORIENTED_EDGE('',*,*,#2392,.T.);
#1221=ORIENTED_EDGE('',*,*,#2393,.F.);
#1222=ORIENTED_EDGE('',*,*,#2394,.T.);
#1223=ORIENTED_EDGE('',*,*,#2395,.T.);
#1224=ORIENTED_EDGE('',*,*,#2396,.T.);
#1225=ORIENTED_EDGE('',*,*,#2397,.F.);
#1226=ORIENTED_EDGE('',*,*,#2398,.F.);
#1227=ORIENTED_EDGE('',*,*,#2399,.T.);
#1228=ORIENTED_EDGE('',*,*,#2400,.T.);
#1229=ORIENTED_EDGE('',*,*,#2401,.F.);
#1230=ORIENTED_EDGE('',*,*,#2402,.T.);
#1231=ORIENTED_EDGE('',*,*,#2403,.T.);
#1232=ORIENTED_EDGE('',*,*,#2404,.T.);
#1233=ORIENTED_EDGE('',*,*,#2405,.F.);
#1234=ORIENTED_EDGE('',*,*,#2406,.T.);
#1235=ORIENTED_EDGE('',*,*,#2407,.T.);
#1236=ORIENTED_EDGE('',*,*,#2408,.F.);
#1237=ORIENTED_EDGE('',*,*,#2409,.T.);
#1238=ORIENTED_EDGE('',*,*,#2410,.T.);
#1239=ORIENTED_EDGE('',*,*,#2411,.T.);
#1240=ORIENTED_EDGE('',*,*,#2412,.T.);
#1241=ORIENTED_EDGE('',*,*,#2413,.F.);
#1242=ORIENTED_EDGE('',*,*,#2414,.T.);
#1243=ORIENTED_EDGE('',*,*,#2415,.T.);
#1244=ORIENTED_EDGE('',*,*,#2416,.T.);
#1245=ORIENTED_EDGE('',*,*,#2417,.T.);
#1246=ORIENTED_EDGE('',*,*,#2418,.T.);
#1247=ORIENTED_EDGE('',*,*,#2419,.T.);
#1248=ORIENTED_EDGE('',*,*,#2420,.T.);
#1249=ORIENTED_EDGE('',*,*,#2421,.T.);
#1250=ORIENTED_EDGE('',*,*,#2422,.T.);
#1251=ORIENTED_EDGE('',*,*,#2423,.T.);
#1252=ORIENTED_EDGE('',*,*,#2424,.T.);
#1253=ORIENTED_EDGE('',*,*,#2425,.T.);
#1254=ORIENTED_EDGE('',*,*,#2426,.T.);
#1255=ORIENTED_EDGE('',*,*,#2427,.T.);
#1256=ORIENTED_EDGE('',*,*,#2428,.T.);
#1257=ORIENTED_EDGE('',*,*,#2429,.F.);
#1258=ORIENTED_EDGE('',*,*,#2430,.T.);
#1259=ORIENTED_EDGE('',*,*,#2431,.T.);
#1260=ORIENTED_EDGE('',*,*,#2432,.F.);
#1261=ORIENTED_EDGE('',*,*,#2433,.T.);
#1262=ORIENTED_EDGE('',*,*,#2434,.T.);
#1263=ORIENTED_EDGE('',*,*,#2435,.T.);
#1264=ORIENTED_EDGE('',*,*,#2436,.T.);
#1265=ORIENTED_EDGE('',*,*,#2437,.T.);
#1266=ORIENTED_EDGE('',*,*,#2438,.T.);
#1267=ORIENTED_EDGE('',*,*,#2439,.F.);
#1268=ORIENTED_EDGE('',*,*,#2440,.T.);
#1269=ORIENTED_EDGE('',*,*,#2441,.T.);
#1270=ORIENTED_EDGE('',*,*,#2442,.T.);
#1271=ORIENTED_EDGE('',*,*,#2443,.T.);
#1272=ORIENTED_EDGE('',*,*,#2444,.T.);
#1273=ORIENTED_EDGE('',*,*,#2445,.T.);
#1274=ORIENTED_EDGE('',*,*,#2446,.T.);
#1275=ORIENTED_EDGE('',*,*,#2447,.T.);
#1276=ORIENTED_EDGE('',*,*,#2448,.T.);
#1277=ORIENTED_EDGE('',*,*,#2449,.T.);
#1278=ORIENTED_EDGE('',*,*,#2355,.F.);
#1279=ORIENTED_EDGE('',*,*,#2450,.F.);
#1280=ORIENTED_EDGE('',*,*,#2302,.T.);
#1281=ORIENTED_EDGE('',*,*,#2451,.T.);
#1282=ORIENTED_EDGE('',*,*,#2452,.F.);
#1283=ORIENTED_EDGE('',*,*,#2453,.T.);
#1284=ORIENTED_EDGE('',*,*,#2454,.T.);
#1285=ORIENTED_EDGE('',*,*,#2455,.T.);
#1286=ORIENTED_EDGE('',*,*,#2456,.T.);
#1287=ORIENTED_EDGE('',*,*,#2457,.T.);
#1288=ORIENTED_EDGE('',*,*,#2458,.T.);
#1289=ORIENTED_EDGE('',*,*,#2459,.T.);
#1290=ORIENTED_EDGE('',*,*,#2460,.T.);
#1291=ORIENTED_EDGE('',*,*,#2461,.F.);
#1292=ORIENTED_EDGE('',*,*,#2462,.T.);
#1293=ORIENTED_EDGE('',*,*,#2463,.T.);
#1294=ORIENTED_EDGE('',*,*,#2464,.T.);
#1295=ORIENTED_EDGE('',*,*,#2465,.T.);
#1296=ORIENTED_EDGE('',*,*,#2466,.T.);
#1297=ORIENTED_EDGE('',*,*,#2467,.T.);
#1298=ORIENTED_EDGE('',*,*,#2468,.T.);
#1299=ORIENTED_EDGE('',*,*,#2469,.F.);
#1300=ORIENTED_EDGE('',*,*,#2470,.T.);
#1301=ORIENTED_EDGE('',*,*,#2471,.T.);
#1302=ORIENTED_EDGE('',*,*,#2472,.T.);
#1303=ORIENTED_EDGE('',*,*,#2473,.F.);
#1304=ORIENTED_EDGE('',*,*,#2474,.T.);
#1305=ORIENTED_EDGE('',*,*,#2475,.T.);
#1306=ORIENTED_EDGE('',*,*,#2476,.T.);
#1307=ORIENTED_EDGE('',*,*,#2477,.T.);
#1308=ORIENTED_EDGE('',*,*,#2478,.F.);
#1309=ORIENTED_EDGE('',*,*,#2479,.F.);
#1310=ORIENTED_EDGE('',*,*,#2480,.T.);
#1311=ORIENTED_EDGE('',*,*,#2448,.F.);
#1312=ORIENTED_EDGE('',*,*,#2481,.T.);
#1313=ORIENTED_EDGE('',*,*,#2482,.T.);
#1314=ORIENTED_EDGE('',*,*,#2483,.T.);
#1315=ORIENTED_EDGE('',*,*,#2484,.F.);
#1316=ORIENTED_EDGE('',*,*,#2451,.F.);
#1317=ORIENTED_EDGE('',*,*,#2485,.F.);
#1318=ORIENTED_EDGE('',*,*,#2486,.T.);
#1319=ORIENTED_EDGE('',*,*,#2487,.T.);
#1320=ORIENTED_EDGE('',*,*,#2382,.T.);
#1321=ORIENTED_EDGE('',*,*,#2488,.F.);
#1322=ORIENTED_EDGE('',*,*,#2489,.F.);
#1323=ORIENTED_EDGE('',*,*,#2490,.F.);
#1324=ORIENTED_EDGE('',*,*,#2491,.F.);
#1325=ORIENTED_EDGE('',*,*,#2492,.T.);
#1326=ORIENTED_EDGE('',*,*,#2493,.T.);
#1327=ORIENTED_EDGE('',*,*,#2494,.F.);
#1328=ORIENTED_EDGE('',*,*,#2274,.T.);
#1329=ORIENTED_EDGE('',*,*,#2495,.T.);
#1330=ORIENTED_EDGE('',*,*,#2289,.T.);
#1331=ORIENTED_EDGE('',*,*,#2496,.F.);
#1332=ORIENTED_EDGE('',*,*,#2497,.F.);
#1333=ORIENTED_EDGE('',*,*,#2282,.T.);
#1334=ORIENTED_EDGE('',*,*,#2498,.T.);
#1335=ORIENTED_EDGE('',*,*,#2499,.F.);
#1336=ORIENTED_EDGE('',*,*,#2500,.T.);
#1337=ORIENTED_EDGE('',*,*,#2385,.F.);
#1338=ORIENTED_EDGE('',*,*,#2501,.F.);
#1339=ORIENTED_EDGE('',*,*,#2502,.F.);
#1340=ORIENTED_EDGE('',*,*,#2503,.T.);
#1341=ORIENTED_EDGE('',*,*,#2504,.T.);
#1342=ORIENTED_EDGE('',*,*,#2505,.T.);
#1343=ORIENTED_EDGE('',*,*,#2506,.T.);
#1344=ORIENTED_EDGE('',*,*,#2507,.T.);
#1345=ORIENTED_EDGE('',*,*,#2508,.T.);
#1346=ORIENTED_EDGE('',*,*,#2509,.T.);
#1347=ORIENTED_EDGE('',*,*,#2286,.F.);
#1348=ORIENTED_EDGE('',*,*,#2322,.F.);
#1349=ORIENTED_EDGE('',*,*,#2510,.F.);
#1350=ORIENTED_EDGE('',*,*,#2278,.T.);
#1351=ORIENTED_EDGE('',*,*,#2511,.F.);
#1352=ORIENTED_EDGE('',*,*,#2512,.F.);
#1353=ORIENTED_EDGE('',*,*,#2513,.F.);
#1354=ORIENTED_EDGE('',*,*,#2514,.T.);
#1355=ORIENTED_EDGE('',*,*,#2515,.F.);
#1356=ORIENTED_EDGE('',*,*,#2516,.T.);
#1357=ORIENTED_EDGE('',*,*,#2517,.T.);
#1358=ORIENTED_EDGE('',*,*,#2518,.T.);
#1359=ORIENTED_EDGE('',*,*,#2519,.F.);
#1360=ORIENTED_EDGE('',*,*,#2520,.T.);
#1361=ORIENTED_EDGE('',*,*,#2521,.T.);
#1362=ORIENTED_EDGE('',*,*,#2420,.F.);
#1363=ORIENTED_EDGE('',*,*,#2522,.F.);
#1364=ORIENTED_EDGE('',*,*,#2384,.T.);
#1365=ORIENTED_EDGE('',*,*,#2523,.T.);
#1366=ORIENTED_EDGE('',*,*,#2524,.F.);
#1367=ORIENTED_EDGE('',*,*,#2525,.F.);
#1368=ORIENTED_EDGE('',*,*,#2526,.T.);
#1369=ORIENTED_EDGE('',*,*,#2527,.T.);
#1370=ORIENTED_EDGE('',*,*,#2528,.F.);
#1371=ORIENTED_EDGE('',*,*,#2499,.T.);
#1372=ORIENTED_EDGE('',*,*,#2529,.T.);
#1373=ORIENTED_EDGE('',*,*,#2530,.F.);
#1374=ORIENTED_EDGE('',*,*,#2531,.T.);
#1375=ORIENTED_EDGE('',*,*,#2515,.T.);
#1376=ORIENTED_EDGE('',*,*,#2532,.T.);
#1377=ORIENTED_EDGE('',*,*,#2533,.T.);
#1378=ORIENTED_EDGE('',*,*,#2534,.T.);
#1379=ORIENTED_EDGE('',*,*,#2535,.T.);
#1380=ORIENTED_EDGE('',*,*,#2536,.T.);
#1381=ORIENTED_EDGE('',*,*,#2537,.F.);
#1382=ORIENTED_EDGE('',*,*,#2538,.T.);
#1383=ORIENTED_EDGE('',*,*,#2539,.T.);
#1384=ORIENTED_EDGE('',*,*,#2540,.T.);
#1385=ORIENTED_EDGE('',*,*,#2541,.T.);
#1386=ORIENTED_EDGE('',*,*,#2542,.T.);
#1387=ORIENTED_EDGE('',*,*,#2543,.T.);
#1388=ORIENTED_EDGE('',*,*,#2544,.T.);
#1389=ORIENTED_EDGE('',*,*,#2537,.T.);
#1390=ORIENTED_EDGE('',*,*,#2545,.F.);
#1391=ORIENTED_EDGE('',*,*,#2546,.F.);
#1392=ORIENTED_EDGE('',*,*,#2543,.F.);
#1393=ORIENTED_EDGE('',*,*,#2542,.F.);
#1394=ORIENTED_EDGE('',*,*,#2547,.T.);
#1395=ORIENTED_EDGE('',*,*,#2548,.T.);
#1396=ORIENTED_EDGE('',*,*,#2549,.T.);
#1397=ORIENTED_EDGE('',*,*,#2550,.T.);
#1398=ORIENTED_EDGE('',*,*,#2551,.T.);
#1399=ORIENTED_EDGE('',*,*,#2552,.T.);
#1400=ORIENTED_EDGE('',*,*,#2549,.F.);
#1401=ORIENTED_EDGE('',*,*,#2553,.T.);
#1402=ORIENTED_EDGE('',*,*,#2554,.T.);
#1403=ORIENTED_EDGE('',*,*,#2555,.T.);
#1404=ORIENTED_EDGE('',*,*,#2556,.T.);
#1405=ORIENTED_EDGE('',*,*,#2557,.T.);
#1406=ORIENTED_EDGE('',*,*,#2558,.F.);
#1407=ORIENTED_EDGE('',*,*,#2559,.F.);
#1408=ORIENTED_EDGE('',*,*,#2560,.T.);
#1409=ORIENTED_EDGE('',*,*,#2561,.T.);
#1410=ORIENTED_EDGE('',*,*,#2562,.F.);
#1411=ORIENTED_EDGE('',*,*,#2563,.T.);
#1412=ORIENTED_EDGE('',*,*,#2564,.T.);
#1413=ORIENTED_EDGE('',*,*,#2565,.T.);
#1414=ORIENTED_EDGE('',*,*,#2566,.T.);
#1415=ORIENTED_EDGE('',*,*,#2567,.T.);
#1416=ORIENTED_EDGE('',*,*,#2568,.T.);
#1417=ORIENTED_EDGE('',*,*,#2569,.T.);
#1418=ORIENTED_EDGE('',*,*,#2570,.T.);
#1419=ORIENTED_EDGE('',*,*,#2571,.T.);
#1420=ORIENTED_EDGE('',*,*,#2572,.T.);
#1421=ORIENTED_EDGE('',*,*,#2573,.T.);
#1422=ORIENTED_EDGE('',*,*,#2574,.T.);
#1423=ORIENTED_EDGE('',*,*,#2575,.T.);
#1424=ORIENTED_EDGE('',*,*,#2576,.T.);
#1425=ORIENTED_EDGE('',*,*,#2577,.T.);
#1426=ORIENTED_EDGE('',*,*,#2578,.F.);
#1427=ORIENTED_EDGE('',*,*,#2579,.T.);
#1428=ORIENTED_EDGE('',*,*,#2580,.F.);
#1429=ORIENTED_EDGE('',*,*,#2492,.F.);
#1430=ORIENTED_EDGE('',*,*,#2581,.T.);
#1431=ORIENTED_EDGE('',*,*,#2582,.T.);
#1432=ORIENTED_EDGE('',*,*,#2486,.F.);
#1433=ORIENTED_EDGE('',*,*,#2583,.T.);
#1434=ORIENTED_EDGE('',*,*,#2584,.T.);
#1435=ORIENTED_EDGE('',*,*,#2585,.F.);
#1436=ORIENTED_EDGE('',*,*,#2586,.T.);
#1437=ORIENTED_EDGE('',*,*,#2587,.T.);
#1438=ORIENTED_EDGE('',*,*,#2588,.F.);
#1439=ORIENTED_EDGE('',*,*,#2589,.T.);
#1440=ORIENTED_EDGE('',*,*,#2590,.F.);
#1441=ORIENTED_EDGE('',*,*,#2591,.T.);
#1442=ORIENTED_EDGE('',*,*,#2585,.T.);
#1443=ORIENTED_EDGE('',*,*,#2592,.T.);
#1444=ORIENTED_EDGE('',*,*,#2593,.T.);
#1445=ORIENTED_EDGE('',*,*,#2594,.T.);
#1446=ORIENTED_EDGE('',*,*,#2588,.T.);
#1447=ORIENTED_EDGE('',*,*,#2595,.T.);
#1448=ORIENTED_EDGE('',*,*,#2364,.F.);
#1449=ORIENTED_EDGE('',*,*,#2596,.F.);
#1450=ORIENTED_EDGE('',*,*,#2590,.T.);
#1451=ORIENTED_EDGE('',*,*,#2597,.T.);
#1452=ORIENTED_EDGE('',*,*,#2598,.T.);
#1453=ORIENTED_EDGE('',*,*,#2599,.F.);
#1454=ORIENTED_EDGE('',*,*,#2600,.T.);
#1455=ORIENTED_EDGE('',*,*,#2601,.T.);
#1456=ORIENTED_EDGE('',*,*,#2356,.F.);
#1457=ORIENTED_EDGE('',*,*,#2449,.F.);
#1458=ORIENTED_EDGE('',*,*,#2478,.T.);
#1459=ORIENTED_EDGE('',*,*,#2602,.T.);
#1460=ORIENTED_EDGE('',*,*,#2270,.T.);
#1461=ORIENTED_EDGE('',*,*,#2603,.T.);
#1462=ORIENTED_EDGE('',*,*,#2604,.T.);
#1463=ORIENTED_EDGE('',*,*,#2605,.T.);
#1464=ORIENTED_EDGE('',*,*,#2540,.F.);
#1465=ORIENTED_EDGE('',*,*,#2606,.F.);
#1466=ORIENTED_EDGE('',*,*,#2581,.F.);
#1467=ORIENTED_EDGE('',*,*,#2607,.F.);
#1468=ORIENTED_EDGE('',*,*,#2608,.F.);
#1469=ORIENTED_EDGE('',*,*,#2370,.T.);
#1470=ORIENTED_EDGE('',*,*,#2609,.F.);
#1471=ORIENTED_EDGE('',*,*,#2313,.F.);
#1472=ORIENTED_EDGE('',*,*,#2348,.T.);
#1473=ORIENTED_EDGE('',*,*,#2610,.T.);
#1474=ORIENTED_EDGE('',*,*,#2311,.F.);
#1475=ORIENTED_EDGE('',*,*,#2611,.F.);
#1476=ORIENTED_EDGE('',*,*,#2612,.T.);
#1477=ORIENTED_EDGE('',*,*,#2613,.T.);
#1478=ORIENTED_EDGE('',*,*,#2520,.F.);
#1479=ORIENTED_EDGE('',*,*,#2614,.T.);
#1480=ORIENTED_EDGE('',*,*,#2615,.F.);
#1481=ORIENTED_EDGE('',*,*,#2429,.T.);
#1482=ORIENTED_EDGE('',*,*,#2591,.F.);
#1483=ORIENTED_EDGE('',*,*,#2480,.F.);
#1484=ORIENTED_EDGE('',*,*,#2616,.F.);
#1485=ORIENTED_EDGE('',*,*,#2617,.T.);
#1486=ORIENTED_EDGE('',*,*,#2618,.F.);
#1487=ORIENTED_EDGE('',*,*,#2619,.F.);
#1488=ORIENTED_EDGE('',*,*,#2600,.F.);
#1489=ORIENTED_EDGE('',*,*,#2620,.F.);
#1490=ORIENTED_EDGE('',*,*,#2621,.T.);
#1491=ORIENTED_EDGE('',*,*,#2622,.T.);
#1492=ORIENTED_EDGE('',*,*,#2361,.T.);
#1493=ORIENTED_EDGE('',*,*,#2623,.F.);
#1494=ORIENTED_EDGE('',*,*,#2587,.F.);
#1495=ORIENTED_EDGE('',*,*,#2624,.T.);
#1496=ORIENTED_EDGE('',*,*,#2625,.F.);
#1497=ORIENTED_EDGE('',*,*,#2626,.F.);
#1498=ORIENTED_EDGE('',*,*,#2627,.T.);
#1499=ORIENTED_EDGE('',*,*,#2628,.T.);
#1500=ORIENTED_EDGE('',*,*,#2629,.T.);
#1501=ORIENTED_EDGE('',*,*,#2630,.F.);
#1502=ORIENTED_EDGE('',*,*,#2618,.T.);
#1503=ORIENTED_EDGE('',*,*,#2631,.T.);
#1504=ORIENTED_EDGE('',*,*,#2359,.F.);
#1505=ORIENTED_EDGE('',*,*,#2632,.T.);
#1506=ORIENTED_EDGE('',*,*,#2633,.T.);
#1507=ORIENTED_EDGE('',*,*,#2634,.T.);
#1508=ORIENTED_EDGE('',*,*,#2357,.F.);
#1509=ORIENTED_EDGE('',*,*,#2635,.F.);
#1510=ORIENTED_EDGE('',*,*,#2636,.F.);
#1511=ORIENTED_EDGE('',*,*,#2637,.T.);
#1512=ORIENTED_EDGE('',*,*,#2638,.T.);
#1513=ORIENTED_EDGE('',*,*,#2639,.T.);
#1514=ORIENTED_EDGE('',*,*,#2640,.T.);
#1515=ORIENTED_EDGE('',*,*,#2641,.F.);
#1516=ORIENTED_EDGE('',*,*,#2642,.F.);
#1517=ORIENTED_EDGE('',*,*,#2308,.T.);
#1518=ORIENTED_EDGE('',*,*,#2643,.T.);
#1519=ORIENTED_EDGE('',*,*,#2644,.T.);
#1520=ORIENTED_EDGE('',*,*,#2645,.F.);
#1521=ORIENTED_EDGE('',*,*,#2306,.T.);
#1522=ORIENTED_EDGE('',*,*,#2646,.T.);
#1523=ORIENTED_EDGE('',*,*,#2647,.T.);
#1524=ORIENTED_EDGE('',*,*,#2648,.F.);
#1525=ORIENTED_EDGE('',*,*,#2649,.T.);
#1526=ORIENTED_EDGE('',*,*,#2650,.T.);
#1527=ORIENTED_EDGE('',*,*,#2651,.F.);
#1528=ORIENTED_EDGE('',*,*,#2652,.T.);
#1529=ORIENTED_EDGE('',*,*,#2653,.F.);
#1530=ORIENTED_EDGE('',*,*,#2654,.F.);
#1531=ORIENTED_EDGE('',*,*,#2316,.F.);
#1532=ORIENTED_EDGE('',*,*,#2630,.T.);
#1533=ORIENTED_EDGE('',*,*,#2655,.T.);
#1534=ORIENTED_EDGE('',*,*,#2635,.T.);
#1535=ORIENTED_EDGE('',*,*,#2601,.F.);
#1536=ORIENTED_EDGE('',*,*,#2619,.T.);
#1537=ORIENTED_EDGE('',*,*,#2656,.F.);
#1538=ORIENTED_EDGE('',*,*,#2624,.F.);
#1539=ORIENTED_EDGE('',*,*,#2586,.F.);
#1540=ORIENTED_EDGE('',*,*,#2596,.T.);
#1541=ORIENTED_EDGE('',*,*,#2657,.F.);
#1542=ORIENTED_EDGE('',*,*,#2641,.T.);
#1543=ORIENTED_EDGE('',*,*,#2658,.T.);
#1544=ORIENTED_EDGE('',*,*,#2647,.F.);
#1545=ORIENTED_EDGE('',*,*,#2351,.T.);
#1546=ORIENTED_EDGE('',*,*,#2646,.F.);
#1547=ORIENTED_EDGE('',*,*,#2305,.F.);
#1548=ORIENTED_EDGE('',*,*,#2659,.T.);
#1549=ORIENTED_EDGE('',*,*,#2352,.T.);
#1550=ORIENTED_EDGE('',*,*,#2317,.F.);
#1551=ORIENTED_EDGE('',*,*,#2654,.T.);
#1552=ORIENTED_EDGE('',*,*,#2368,.T.);
#1553=ORIENTED_EDGE('',*,*,#2660,.F.);
#1554=ORIENTED_EDGE('',*,*,#2367,.F.);
#1555=ORIENTED_EDGE('',*,*,#2661,.F.);
#1556=ORIENTED_EDGE('',*,*,#2318,.T.);
#1557=ORIENTED_EDGE('',*,*,#2660,.T.);
#1558=ORIENTED_EDGE('',*,*,#2366,.T.);
#1559=ORIENTED_EDGE('',*,*,#2662,.F.);
#1560=ORIENTED_EDGE('',*,*,#2319,.F.);
#1561=ORIENTED_EDGE('',*,*,#2661,.T.);
#1562=ORIENTED_EDGE('',*,*,#2663,.F.);
#1563=ORIENTED_EDGE('',*,*,#2664,.T.);
#1564=ORIENTED_EDGE('',*,*,#2423,.F.);
#1565=ORIENTED_EDGE('',*,*,#2320,.F.);
#1566=ORIENTED_EDGE('',*,*,#2662,.T.);
#1567=ORIENTED_EDGE('',*,*,#2365,.T.);
#1568=ORIENTED_EDGE('',*,*,#2595,.F.);
#1569=ORIENTED_EDGE('',*,*,#2428,.F.);
#1570=ORIENTED_EDGE('',*,*,#2665,.T.);
#1571=ORIENTED_EDGE('',*,*,#2617,.F.);
#1572=ORIENTED_EDGE('',*,*,#2666,.T.);
#1573=ORIENTED_EDGE('',*,*,#2667,.T.);
#1574=ORIENTED_EDGE('',*,*,#2502,.T.);
#1575=ORIENTED_EDGE('',*,*,#2668,.T.);
#1576=ORIENTED_EDGE('',*,*,#2669,.F.);
#1577=ORIENTED_EDGE('',*,*,#2583,.F.);
#1578=ORIENTED_EDGE('',*,*,#2623,.T.);
#1579=ORIENTED_EDGE('',*,*,#2360,.T.);
#1580=ORIENTED_EDGE('',*,*,#2631,.F.);
#1581=ORIENTED_EDGE('',*,*,#2354,.F.);
#1582=ORIENTED_EDGE('',*,*,#2670,.F.);
#1583=ORIENTED_EDGE('',*,*,#2303,.T.);
#1584=ORIENTED_EDGE('',*,*,#2450,.T.);
#1585=ORIENTED_EDGE('',*,*,#2353,.F.);
#1586=ORIENTED_EDGE('',*,*,#2659,.F.);
#1587=ORIENTED_EDGE('',*,*,#2304,.T.);
#1588=ORIENTED_EDGE('',*,*,#2670,.T.);
#1589=ORIENTED_EDGE('',*,*,#2350,.T.);
#1590=ORIENTED_EDGE('',*,*,#2671,.T.);
#1591=ORIENTED_EDGE('',*,*,#2309,.F.);
#1592=ORIENTED_EDGE('',*,*,#2642,.T.);
#1593=ORIENTED_EDGE('',*,*,#2645,.T.);
#1594=ORIENTED_EDGE('',*,*,#2672,.T.);
#1595=ORIENTED_EDGE('',*,*,#2637,.F.);
#1596=ORIENTED_EDGE('',*,*,#2307,.T.);
#1597=ORIENTED_EDGE('',*,*,#2653,.T.);
#1598=ORIENTED_EDGE('',*,*,#2673,.T.);
#1599=ORIENTED_EDGE('',*,*,#2674,.F.);
#1600=ORIENTED_EDGE('',*,*,#2369,.T.);
#1601=ORIENTED_EDGE('',*,*,#2675,.T.);
#1602=ORIENTED_EDGE('',*,*,#2676,.T.);
#1603=ORIENTED_EDGE('',*,*,#2677,.F.);
#1604=ORIENTED_EDGE('',*,*,#2314,.F.);
#1605=ORIENTED_EDGE('',*,*,#2609,.T.);
#1606=ORIENTED_EDGE('',*,*,#2674,.T.);
#1607=ORIENTED_EDGE('',*,*,#2678,.F.);
#1608=ORIENTED_EDGE('',*,*,#2677,.T.);
#1609=ORIENTED_EDGE('',*,*,#2679,.T.);
#1610=ORIENTED_EDGE('',*,*,#2649,.F.);
#1611=ORIENTED_EDGE('',*,*,#2315,.F.);
#1612=ORIENTED_EDGE('',*,*,#2634,.F.);
#1613=ORIENTED_EDGE('',*,*,#2680,.T.);
#1614=ORIENTED_EDGE('',*,*,#2626,.T.);
#1615=ORIENTED_EDGE('',*,*,#2358,.F.);
#1616=ORIENTED_EDGE('',*,*,#2681,.F.);
#1617=ORIENTED_EDGE('',*,*,#2682,.T.);
#1618=ORIENTED_EDGE('',*,*,#2683,.T.);
#1619=ORIENTED_EDGE('',*,*,#2684,.T.);
#1620=ORIENTED_EDGE('',*,*,#2657,.T.);
#1621=ORIENTED_EDGE('',*,*,#2363,.T.);
#1622=ORIENTED_EDGE('',*,*,#2622,.F.);
#1623=ORIENTED_EDGE('',*,*,#2685,.T.);
#1624=ORIENTED_EDGE('',*,*,#2681,.T.);
#1625=ORIENTED_EDGE('',*,*,#2362,.T.);
#1626=ORIENTED_EDGE('',*,*,#2673,.F.);
#1627=ORIENTED_EDGE('',*,*,#2652,.F.);
#1628=ORIENTED_EDGE('',*,*,#2686,.T.);
#1629=ORIENTED_EDGE('',*,*,#2678,.T.);
#1630=ORIENTED_EDGE('',*,*,#2658,.F.);
#1631=ORIENTED_EDGE('',*,*,#2640,.F.);
#1632=ORIENTED_EDGE('',*,*,#2687,.T.);
#1633=ORIENTED_EDGE('',*,*,#2648,.T.);
#1634=ORIENTED_EDGE('',*,*,#2656,.T.);
#1635=ORIENTED_EDGE('',*,*,#2684,.F.);
#1636=ORIENTED_EDGE('',*,*,#2688,.F.);
#1637=ORIENTED_EDGE('',*,*,#2625,.T.);
#1638=ORIENTED_EDGE('',*,*,#2655,.F.);
#1639=ORIENTED_EDGE('',*,*,#2629,.F.);
#1640=ORIENTED_EDGE('',*,*,#2689,.T.);
#1641=ORIENTED_EDGE('',*,*,#2636,.T.);
#1642=ORIENTED_EDGE('',*,*,#2651,.T.);
#1643=ORIENTED_EDGE('',*,*,#2690,.T.);
#1644=ORIENTED_EDGE('',*,*,#2675,.F.);
#1645=ORIENTED_EDGE('',*,*,#2686,.F.);
#1646=ORIENTED_EDGE('',*,*,#2639,.F.);
#1647=ORIENTED_EDGE('',*,*,#2691,.T.);
#1648=ORIENTED_EDGE('',*,*,#2643,.F.);
#1649=ORIENTED_EDGE('',*,*,#2687,.F.);
#1650=ORIENTED_EDGE('',*,*,#2628,.F.);
#1651=ORIENTED_EDGE('',*,*,#2692,.T.);
#1652=ORIENTED_EDGE('',*,*,#2632,.F.);
#1653=ORIENTED_EDGE('',*,*,#2689,.F.);
#1654=ORIENTED_EDGE('',*,*,#2683,.F.);
#1655=ORIENTED_EDGE('',*,*,#2693,.T.);
#1656=ORIENTED_EDGE('',*,*,#2620,.T.);
#1657=ORIENTED_EDGE('',*,*,#2688,.T.);
#1658=ORIENTED_EDGE('',*,*,#2292,.T.);
#1659=ORIENTED_EDGE('',*,*,#2694,.T.);
#1660=ORIENTED_EDGE('',*,*,#2695,.T.);
#1661=ORIENTED_EDGE('',*,*,#2696,.T.);
#1662=ORIENTED_EDGE('',*,*,#2279,.T.);
#1663=ORIENTED_EDGE('',*,*,#2510,.T.);
#1664=ORIENTED_EDGE('',*,*,#2697,.T.);
#1665=ORIENTED_EDGE('',*,*,#2698,.F.);
#1666=ORIENTED_EDGE('',*,*,#2699,.T.);
#1667=ORIENTED_EDGE('',*,*,#2349,.T.);
#1668=ORIENTED_EDGE('',*,*,#2611,.T.);
#1669=ORIENTED_EDGE('',*,*,#2310,.F.);
#1670=ORIENTED_EDGE('',*,*,#2671,.F.);
#1671=ORIENTED_EDGE('',*,*,#2347,.T.);
#1672=ORIENTED_EDGE('',*,*,#2608,.T.);
#1673=ORIENTED_EDGE('',*,*,#2312,.F.);
#1674=ORIENTED_EDGE('',*,*,#2610,.F.);
#1675=ORIENTED_EDGE('',*,*,#2522,.T.);
#1676=ORIENTED_EDGE('',*,*,#2430,.F.);
#1677=ORIENTED_EDGE('',*,*,#2700,.F.);
#1678=ORIENTED_EDGE('',*,*,#2668,.F.);
#1679=ORIENTED_EDGE('',*,*,#2501,.T.);
#1680=ORIENTED_EDGE('',*,*,#2607,.T.);
#1681=ORIENTED_EDGE('',*,*,#2503,.F.);
#1682=ORIENTED_EDGE('',*,*,#2667,.F.);
#1683=ORIENTED_EDGE('',*,*,#2701,.T.);
#1684=ORIENTED_EDGE('',*,*,#2479,.T.);
#1685=ORIENTED_EDGE('',*,*,#2593,.F.);
#1686=ORIENTED_EDGE('',*,*,#2702,.T.);
#1687=ORIENTED_EDGE('',*,*,#2703,.T.);
#1688=ORIENTED_EDGE('',*,*,#2598,.F.);
#1689=ORIENTED_EDGE('',*,*,#2704,.T.);
#1690=ORIENTED_EDGE('',*,*,#2705,.F.);
#1691=ORIENTED_EDGE('',*,*,#2584,.F.);
#1692=ORIENTED_EDGE('',*,*,#2669,.T.);
#1693=ORIENTED_EDGE('',*,*,#2700,.T.);
#1694=ORIENTED_EDGE('',*,*,#2706,.F.);
#1695=ORIENTED_EDGE('',*,*,#2702,.F.);
#1696=ORIENTED_EDGE('',*,*,#2592,.F.);
#1697=ORIENTED_EDGE('',*,*,#2594,.F.);
#1698=ORIENTED_EDGE('',*,*,#2703,.F.);
#1699=ORIENTED_EDGE('',*,*,#2706,.T.);
#1700=ORIENTED_EDGE('',*,*,#2615,.T.);
#1701=ORIENTED_EDGE('',*,*,#2707,.F.);
#1702=ORIENTED_EDGE('',*,*,#2704,.F.);
#1703=ORIENTED_EDGE('',*,*,#2597,.F.);
#1704=ORIENTED_EDGE('',*,*,#2589,.F.);
#1705=ORIENTED_EDGE('',*,*,#2666,.F.);
#1706=ORIENTED_EDGE('',*,*,#2616,.T.);
#1707=ORIENTED_EDGE('',*,*,#2599,.T.);
#1708=ORIENTED_EDGE('',*,*,#2705,.T.);
#1709=ORIENTED_EDGE('',*,*,#2707,.T.);
#1710=ORIENTED_EDGE('',*,*,#2701,.F.);
#1711=ORIENTED_EDGE('',*,*,#2708,.F.);
#1712=ORIENTED_EDGE('',*,*,#2287,.T.);
#1713=ORIENTED_EDGE('',*,*,#2698,.T.);
#1714=ORIENTED_EDGE('',*,*,#2709,.T.);
#1715=ORIENTED_EDGE('',*,*,#2530,.T.);
#1716=ORIENTED_EDGE('',*,*,#2710,.T.);
#1717=ORIENTED_EDGE('',*,*,#2711,.F.);
#1718=ORIENTED_EDGE('',*,*,#2712,.F.);
#1719=ORIENTED_EDGE('',*,*,#2713,.F.);
#1720=ORIENTED_EDGE('',*,*,#2714,.F.);
#1721=ORIENTED_EDGE('',*,*,#2715,.T.);
#1722=ORIENTED_EDGE('',*,*,#2509,.F.);
#1723=ORIENTED_EDGE('',*,*,#2716,.T.);
#1724=ORIENTED_EDGE('',*,*,#2533,.F.);
#1725=ORIENTED_EDGE('',*,*,#2717,.T.);
#1726=ORIENTED_EDGE('',*,*,#2552,.F.);
#1727=ORIENTED_EDGE('',*,*,#2718,.T.);
#1728=ORIENTED_EDGE('',*,*,#2719,.T.);
#1729=ORIENTED_EDGE('',*,*,#2516,.F.);
#1730=ORIENTED_EDGE('',*,*,#2531,.F.);
#1731=ORIENTED_EDGE('',*,*,#2709,.F.);
#1732=ORIENTED_EDGE('',*,*,#2697,.F.);
#1733=ORIENTED_EDGE('',*,*,#2383,.F.);
#1734=ORIENTED_EDGE('',*,*,#2487,.F.);
#1735=ORIENTED_EDGE('',*,*,#2582,.F.);
#1736=ORIENTED_EDGE('',*,*,#2606,.T.);
#1737=ORIENTED_EDGE('',*,*,#2539,.F.);
#1738=ORIENTED_EDGE('',*,*,#2720,.F.);
#1739=ORIENTED_EDGE('',*,*,#2545,.T.);
#1740=ORIENTED_EDGE('',*,*,#2717,.F.);
#1741=ORIENTED_EDGE('',*,*,#2721,.T.);
#1742=ORIENTED_EDGE('',*,*,#2722,.T.);
#1743=ORIENTED_EDGE('',*,*,#2723,.T.);
#1744=ORIENTED_EDGE('',*,*,#2523,.F.);
#1745=ORIENTED_EDGE('',*,*,#2724,.T.);
#1746=ORIENTED_EDGE('',*,*,#2528,.T.);
#1747=ORIENTED_EDGE('',*,*,#2725,.T.);
#1748=ORIENTED_EDGE('',*,*,#2699,.F.);
#1749=ORIENTED_EDGE('',*,*,#2605,.F.);
#1750=ORIENTED_EDGE('',*,*,#2726,.T.);
#1751=ORIENTED_EDGE('',*,*,#2547,.F.);
#1752=ORIENTED_EDGE('',*,*,#2541,.F.);
#1753=ORIENTED_EDGE('',*,*,#2544,.F.);
#1754=ORIENTED_EDGE('',*,*,#2546,.T.);
#1755=ORIENTED_EDGE('',*,*,#2720,.T.);
#1756=ORIENTED_EDGE('',*,*,#2538,.F.);
#1757=ORIENTED_EDGE('',*,*,#2723,.F.);
#1758=ORIENTED_EDGE('',*,*,#2727,.T.);
#1759=ORIENTED_EDGE('',*,*,#2517,.F.);
#1760=ORIENTED_EDGE('',*,*,#2728,.F.);
#1761=ORIENTED_EDGE('',*,*,#2729,.F.);
#1762=ORIENTED_EDGE('',*,*,#2524,.T.);
#1763=ORIENTED_EDGE('',*,*,#2525,.T.);
#1764=ORIENTED_EDGE('',*,*,#2729,.T.);
#1765=ORIENTED_EDGE('',*,*,#2730,.T.);
#1766=ORIENTED_EDGE('',*,*,#2731,.T.);
#1767=ORIENTED_EDGE('',*,*,#2721,.F.);
#1768=ORIENTED_EDGE('',*,*,#2536,.F.);
#1769=ORIENTED_EDGE('',*,*,#2732,.T.);
#1770=ORIENTED_EDGE('',*,*,#2730,.F.);
#1771=ORIENTED_EDGE('',*,*,#2728,.T.);
#1772=ORIENTED_EDGE('',*,*,#2519,.T.);
#1773=ORIENTED_EDGE('',*,*,#2733,.T.);
#1774=ORIENTED_EDGE('',*,*,#2733,.F.);
#1775=ORIENTED_EDGE('',*,*,#2518,.F.);
#1776=ORIENTED_EDGE('',*,*,#2727,.F.);
#1777=ORIENTED_EDGE('',*,*,#2722,.F.);
#1778=ORIENTED_EDGE('',*,*,#2431,.F.);
#1779=ORIENTED_EDGE('',*,*,#2724,.F.);
#1780=ORIENTED_EDGE('',*,*,#2454,.F.);
#1781=ORIENTED_EDGE('',*,*,#2725,.F.);
#1782=ORIENTED_EDGE('',*,*,#2511,.T.);
#1783=ORIENTED_EDGE('',*,*,#2277,.T.);
#1784=ORIENTED_EDGE('',*,*,#2734,.T.);
#1785=ORIENTED_EDGE('',*,*,#2490,.T.);
#1786=ORIENTED_EDGE('',*,*,#2735,.F.);
#1787=ORIENTED_EDGE('',*,*,#2512,.T.);
#1788=ORIENTED_EDGE('',*,*,#2735,.T.);
#1789=ORIENTED_EDGE('',*,*,#2489,.T.);
#1790=ORIENTED_EDGE('',*,*,#2736,.F.);
#1791=ORIENTED_EDGE('',*,*,#2488,.T.);
#1792=ORIENTED_EDGE('',*,*,#2500,.F.);
#1793=ORIENTED_EDGE('',*,*,#2737,.T.);
#1794=ORIENTED_EDGE('',*,*,#2513,.T.);
#1795=ORIENTED_EDGE('',*,*,#2736,.T.);
#1796=ORIENTED_EDGE('',*,*,#2737,.F.);
#1797=ORIENTED_EDGE('',*,*,#2532,.F.);
#1798=ORIENTED_EDGE('',*,*,#2514,.F.);
#1799=ORIENTED_EDGE('',*,*,#2300,.F.);
#1800=ORIENTED_EDGE('',*,*,#2738,.T.);
#1801=ORIENTED_EDGE('',*,*,#2739,.T.);
#1802=ORIENTED_EDGE('',*,*,#2266,.T.);
#1803=ORIENTED_EDGE('',*,*,#2284,.F.);
#1804=ORIENTED_EDGE('',*,*,#2740,.T.);
#1805=ORIENTED_EDGE('',*,*,#2738,.F.);
#1806=ORIENTED_EDGE('',*,*,#2299,.F.);
#1807=ORIENTED_EDGE('',*,*,#2497,.T.);
#1808=ORIENTED_EDGE('',*,*,#2741,.T.);
#1809=ORIENTED_EDGE('',*,*,#2719,.F.);
#1810=ORIENTED_EDGE('',*,*,#2742,.T.);
#1811=ORIENTED_EDGE('',*,*,#2267,.F.);
#1812=ORIENTED_EDGE('',*,*,#2739,.F.);
#1813=ORIENTED_EDGE('',*,*,#2740,.F.);
#1814=ORIENTED_EDGE('',*,*,#2283,.F.);
#1815=ORIENTED_EDGE('',*,*,#2529,.F.);
#1816=ORIENTED_EDGE('',*,*,#2743,.T.);
#1817=ORIENTED_EDGE('',*,*,#2710,.F.);
#1818=ORIENTED_EDGE('',*,*,#2744,.F.);
#1819=ORIENTED_EDGE('',*,*,#2745,.T.);
#1820=ORIENTED_EDGE('',*,*,#2290,.F.);
#1821=ORIENTED_EDGE('',*,*,#2746,.F.);
#1822=ORIENTED_EDGE('',*,*,#2747,.T.);
#1823=ORIENTED_EDGE('',*,*,#2744,.T.);
#1824=ORIENTED_EDGE('',*,*,#2495,.F.);
#1825=ORIENTED_EDGE('',*,*,#2281,.F.);
#1826=ORIENTED_EDGE('',*,*,#2748,.T.);
#1827=ORIENTED_EDGE('',*,*,#2746,.T.);
#1828=ORIENTED_EDGE('',*,*,#2280,.F.);
#1829=ORIENTED_EDGE('',*,*,#2696,.F.);
#1830=ORIENTED_EDGE('',*,*,#2749,.F.);
#1831=ORIENTED_EDGE('',*,*,#2748,.F.);
#1832=ORIENTED_EDGE('',*,*,#2749,.T.);
#1833=ORIENTED_EDGE('',*,*,#2695,.F.);
#1834=ORIENTED_EDGE('',*,*,#2750,.F.);
#1835=ORIENTED_EDGE('',*,*,#2747,.F.);
#1836=ORIENTED_EDGE('',*,*,#2291,.F.);
#1837=ORIENTED_EDGE('',*,*,#2745,.F.);
#1838=ORIENTED_EDGE('',*,*,#2750,.T.);
#1839=ORIENTED_EDGE('',*,*,#2694,.F.);
#1840=ORIENTED_EDGE('',*,*,#2459,.F.);
#1841=ORIENTED_EDGE('',*,*,#2751,.T.);
#1842=ORIENTED_EDGE('',*,*,#2573,.F.);
#1843=ORIENTED_EDGE('',*,*,#2752,.T.);
#1844=ORIENTED_EDGE('',*,*,#2461,.T.);
#1845=ORIENTED_EDGE('',*,*,#2753,.T.);
#1846=ORIENTED_EDGE('',*,*,#2578,.T.);
#1847=ORIENTED_EDGE('',*,*,#2754,.T.);
#1848=ORIENTED_EDGE('',*,*,#2575,.F.);
#1849=ORIENTED_EDGE('',*,*,#2755,.T.);
#1850=ORIENTED_EDGE('',*,*,#2457,.F.);
#1851=ORIENTED_EDGE('',*,*,#2756,.T.);
#1852=ORIENTED_EDGE('',*,*,#2757,.T.);
#1853=ORIENTED_EDGE('',*,*,#2758,.T.);
#1854=ORIENTED_EDGE('',*,*,#2466,.F.);
#1855=ORIENTED_EDGE('',*,*,#2759,.T.);
#1856=ORIENTED_EDGE('',*,*,#2566,.F.);
#1857=ORIENTED_EDGE('',*,*,#2760,.T.);
#1858=ORIENTED_EDGE('',*,*,#2468,.F.);
#1859=ORIENTED_EDGE('',*,*,#2761,.T.);
#1860=ORIENTED_EDGE('',*,*,#2571,.F.);
#1861=ORIENTED_EDGE('',*,*,#2762,.T.);
#1862=ORIENTED_EDGE('',*,*,#2568,.F.);
#1863=ORIENTED_EDGE('',*,*,#2763,.T.);
#1864=ORIENTED_EDGE('',*,*,#2464,.F.);
#1865=ORIENTED_EDGE('',*,*,#2764,.T.);
#1866=ORIENTED_EDGE('',*,*,#2471,.F.);
#1867=ORIENTED_EDGE('',*,*,#2765,.T.);
#1868=ORIENTED_EDGE('',*,*,#2564,.F.);
#1869=ORIENTED_EDGE('',*,*,#2766,.T.);
#1870=ORIENTED_EDGE('',*,*,#2473,.T.);
#1871=ORIENTED_EDGE('',*,*,#2767,.T.);
#1872=ORIENTED_EDGE('',*,*,#2562,.T.);
#1873=ORIENTED_EDGE('',*,*,#2768,.T.);
#1874=ORIENTED_EDGE('',*,*,#2559,.T.);
#1875=ORIENTED_EDGE('',*,*,#2769,.T.);
#1876=ORIENTED_EDGE('',*,*,#2469,.T.);
#1877=ORIENTED_EDGE('',*,*,#2770,.T.);
#1878=ORIENTED_EDGE('',*,*,#2771,.T.);
#1879=ORIENTED_EDGE('',*,*,#2557,.F.);
#1880=ORIENTED_EDGE('',*,*,#2772,.F.);
#1881=ORIENTED_EDGE('',*,*,#2446,.F.);
#1882=ORIENTED_EDGE('',*,*,#2556,.F.);
#1883=ORIENTED_EDGE('',*,*,#2773,.T.);
#1884=ORIENTED_EDGE('',*,*,#2481,.F.);
#1885=ORIENTED_EDGE('',*,*,#2447,.F.);
#1886=ORIENTED_EDGE('',*,*,#2772,.T.);
#1887=ORIENTED_EDGE('',*,*,#2484,.T.);
#1888=ORIENTED_EDGE('',*,*,#2774,.T.);
#1889=ORIENTED_EDGE('',*,*,#2558,.T.);
#1890=ORIENTED_EDGE('',*,*,#2771,.F.);
#1891=ORIENTED_EDGE('',*,*,#2452,.T.);
#1892=ORIENTED_EDGE('',*,*,#2663,.T.);
#1893=ORIENTED_EDGE('',*,*,#2775,.T.);
#1894=ORIENTED_EDGE('',*,*,#2389,.F.);
#1895=ORIENTED_EDGE('',*,*,#2776,.F.);
#1896=ORIENTED_EDGE('',*,*,#2388,.T.);
#1897=ORIENTED_EDGE('',*,*,#2777,.T.);
#1898=ORIENTED_EDGE('',*,*,#2424,.F.);
#1899=ORIENTED_EDGE('',*,*,#2664,.F.);
#1900=ORIENTED_EDGE('',*,*,#2776,.T.);
#1901=ORIENTED_EDGE('',*,*,#2427,.F.);
#1902=ORIENTED_EDGE('',*,*,#2778,.T.);
#1903=ORIENTED_EDGE('',*,*,#2390,.T.);
#1904=ORIENTED_EDGE('',*,*,#2775,.F.);
#1905=ORIENTED_EDGE('',*,*,#2665,.F.);
#1906=ORIENTED_EDGE('',*,*,#2779,.T.);
#1907=ORIENTED_EDGE('',*,*,#2780,.T.);
#1908=ORIENTED_EDGE('',*,*,#2432,.T.);
#1909=ORIENTED_EDGE('',*,*,#2781,.T.);
#1910=ORIENTED_EDGE('',*,*,#2395,.F.);
#1911=ORIENTED_EDGE('',*,*,#2782,.T.);
#1912=ORIENTED_EDGE('',*,*,#2434,.F.);
#1913=ORIENTED_EDGE('',*,*,#2783,.T.);
#1914=ORIENTED_EDGE('',*,*,#2393,.T.);
#1915=ORIENTED_EDGE('',*,*,#2784,.T.);
#1916=ORIENTED_EDGE('',*,*,#2397,.T.);
#1917=ORIENTED_EDGE('',*,*,#2785,.T.);
#1918=ORIENTED_EDGE('',*,*,#2437,.F.);
#1919=ORIENTED_EDGE('',*,*,#2786,.T.);
#1920=ORIENTED_EDGE('',*,*,#2403,.F.);
#1921=ORIENTED_EDGE('',*,*,#2787,.T.);
#1922=ORIENTED_EDGE('',*,*,#2413,.T.);
#1923=ORIENTED_EDGE('',*,*,#2788,.T.);
#1924=ORIENTED_EDGE('',*,*,#2415,.F.);
#1925=ORIENTED_EDGE('',*,*,#2789,.T.);
#1926=ORIENTED_EDGE('',*,*,#2401,.T.);
#1927=ORIENTED_EDGE('',*,*,#2790,.T.);
#1928=ORIENTED_EDGE('',*,*,#2398,.T.);
#1929=ORIENTED_EDGE('',*,*,#2791,.T.);
#1930=ORIENTED_EDGE('',*,*,#2418,.F.);
#1931=ORIENTED_EDGE('',*,*,#2792,.T.);
#1932=ORIENTED_EDGE('',*,*,#2439,.T.);
#1933=ORIENTED_EDGE('',*,*,#2793,.T.);
#1934=ORIENTED_EDGE('',*,*,#2410,.F.);
#1935=ORIENTED_EDGE('',*,*,#2794,.T.);
#1936=ORIENTED_EDGE('',*,*,#2441,.F.);
#1937=ORIENTED_EDGE('',*,*,#2795,.T.);
#1938=ORIENTED_EDGE('',*,*,#2408,.T.);
#1939=ORIENTED_EDGE('',*,*,#2796,.T.);
#1940=ORIENTED_EDGE('',*,*,#2405,.T.);
#1941=ORIENTED_EDGE('',*,*,#2797,.T.);
#1942=ORIENTED_EDGE('',*,*,#2444,.F.);
#1943=ORIENTED_EDGE('',*,*,#2798,.T.);
#1944=ORIENTED_EDGE('',*,*,#2799,.T.);
#1945=ORIENTED_EDGE('',*,*,#2371,.F.);
#1946=ORIENTED_EDGE('',*,*,#2800,.F.);
#1947=ORIENTED_EDGE('',*,*,#2324,.F.);
#1948=ORIENTED_EDGE('',*,*,#2325,.T.);
#1949=ORIENTED_EDGE('',*,*,#2800,.T.);
#1950=ORIENTED_EDGE('',*,*,#2374,.T.);
#1951=ORIENTED_EDGE('',*,*,#2801,.F.);
#1952=ORIENTED_EDGE('',*,*,#2326,.T.);
#1953=ORIENTED_EDGE('',*,*,#2801,.T.);
#1954=ORIENTED_EDGE('',*,*,#2373,.T.);
#1955=ORIENTED_EDGE('',*,*,#2802,.F.);
#1956=ORIENTED_EDGE('',*,*,#2323,.T.);
#1957=ORIENTED_EDGE('',*,*,#2802,.T.);
#1958=ORIENTED_EDGE('',*,*,#2372,.T.);
#1959=ORIENTED_EDGE('',*,*,#2799,.F.);
#1960=ORIENTED_EDGE('',*,*,#2803,.T.);
#1961=ORIENTED_EDGE('',*,*,#2343,.F.);
#1962=ORIENTED_EDGE('',*,*,#2804,.F.);
#1963=ORIENTED_EDGE('',*,*,#2328,.F.);
#1964=ORIENTED_EDGE('',*,*,#2329,.T.);
#1965=ORIENTED_EDGE('',*,*,#2804,.T.);
#1966=ORIENTED_EDGE('',*,*,#2346,.T.);
#1967=ORIENTED_EDGE('',*,*,#2805,.F.);
#1968=ORIENTED_EDGE('',*,*,#2805,.T.);
#1969=ORIENTED_EDGE('',*,*,#2345,.F.);
#1970=ORIENTED_EDGE('',*,*,#2806,.F.);
#1971=ORIENTED_EDGE('',*,*,#2330,.F.);
#1972=ORIENTED_EDGE('',*,*,#2806,.T.);
#1973=ORIENTED_EDGE('',*,*,#2344,.F.);
#1974=ORIENTED_EDGE('',*,*,#2803,.F.);
#1975=ORIENTED_EDGE('',*,*,#2327,.F.);
#1976=ORIENTED_EDGE('',*,*,#2807,.T.);
#1977=ORIENTED_EDGE('',*,*,#2375,.F.);
#1978=ORIENTED_EDGE('',*,*,#2808,.F.);
#1979=ORIENTED_EDGE('',*,*,#2332,.F.);
#1980=ORIENTED_EDGE('',*,*,#2808,.T.);
#1981=ORIENTED_EDGE('',*,*,#2380,.F.);
#1982=ORIENTED_EDGE('',*,*,#2809,.F.);
#1983=ORIENTED_EDGE('',*,*,#2333,.F.);
#1984=ORIENTED_EDGE('',*,*,#2809,.T.);
#1985=ORIENTED_EDGE('',*,*,#2379,.F.);
#1986=ORIENTED_EDGE('',*,*,#2810,.F.);
#1987=ORIENTED_EDGE('',*,*,#2334,.F.);
#1988=ORIENTED_EDGE('',*,*,#2810,.T.);
#1989=ORIENTED_EDGE('',*,*,#2378,.F.);
#1990=ORIENTED_EDGE('',*,*,#2811,.F.);
#1991=ORIENTED_EDGE('',*,*,#2335,.F.);
#1992=ORIENTED_EDGE('',*,*,#2811,.T.);
#1993=ORIENTED_EDGE('',*,*,#2377,.F.);
#1994=ORIENTED_EDGE('',*,*,#2812,.F.);
#1995=ORIENTED_EDGE('',*,*,#2336,.F.);
#1996=ORIENTED_EDGE('',*,*,#2331,.T.);
#1997=ORIENTED_EDGE('',*,*,#2812,.T.);
#1998=ORIENTED_EDGE('',*,*,#2376,.T.);
#1999=ORIENTED_EDGE('',*,*,#2807,.F.);
#2000=ORIENTED_EDGE('',*,*,#2293,.T.);
#2001=ORIENTED_EDGE('',*,*,#2813,.T.);
#2002=ORIENTED_EDGE('',*,*,#2338,.T.);
#2003=ORIENTED_EDGE('',*,*,#2814,.F.);
#2004=ORIENTED_EDGE('',*,*,#2814,.T.);
#2005=ORIENTED_EDGE('',*,*,#2337,.F.);
#2006=ORIENTED_EDGE('',*,*,#2815,.F.);
#2007=ORIENTED_EDGE('',*,*,#2294,.F.);
#2008=ORIENTED_EDGE('',*,*,#2815,.T.);
#2009=ORIENTED_EDGE('',*,*,#2342,.F.);
#2010=ORIENTED_EDGE('',*,*,#2816,.F.);
#2011=ORIENTED_EDGE('',*,*,#2295,.F.);
#2012=ORIENTED_EDGE('',*,*,#2816,.T.);
#2013=ORIENTED_EDGE('',*,*,#2341,.F.);
#2014=ORIENTED_EDGE('',*,*,#2817,.F.);
#2015=ORIENTED_EDGE('',*,*,#2296,.F.);
#2016=ORIENTED_EDGE('',*,*,#2297,.T.);
#2017=ORIENTED_EDGE('',*,*,#2817,.T.);
#2018=ORIENTED_EDGE('',*,*,#2340,.T.);
#2019=ORIENTED_EDGE('',*,*,#2818,.F.);
#2020=ORIENTED_EDGE('',*,*,#2818,.T.);
#2021=ORIENTED_EDGE('',*,*,#2339,.F.);
#2022=ORIENTED_EDGE('',*,*,#2813,.F.);
#2023=ORIENTED_EDGE('',*,*,#2298,.F.);
#2024=ORIENTED_EDGE('',*,*,#2715,.F.);
#2025=ORIENTED_EDGE('',*,*,#2819,.T.);
#2026=ORIENTED_EDGE('',*,*,#2711,.T.);
#2027=ORIENTED_EDGE('',*,*,#2743,.F.);
#2028=ORIENTED_EDGE('',*,*,#2498,.F.);
#2029=ORIENTED_EDGE('',*,*,#2713,.T.);
#2030=ORIENTED_EDGE('',*,*,#2741,.F.);
#2031=ORIENTED_EDGE('',*,*,#2496,.T.);
#2032=ORIENTED_EDGE('',*,*,#2288,.F.);
#2033=ORIENTED_EDGE('',*,*,#2708,.T.);
#2034=ORIENTED_EDGE('',*,*,#2820,.F.);
#2035=ORIENTED_EDGE('',*,*,#2712,.T.);
#2036=ORIENTED_EDGE('',*,*,#2819,.F.);
#2037=ORIENTED_EDGE('',*,*,#2714,.T.);
#2038=ORIENTED_EDGE('',*,*,#2820,.T.);
#2039=ORIENTED_EDGE('',*,*,#2276,.F.);
#2040=ORIENTED_EDGE('',*,*,#2821,.T.);
#2041=ORIENTED_EDGE('',*,*,#2491,.T.);
#2042=ORIENTED_EDGE('',*,*,#2734,.F.);
#2043=ORIENTED_EDGE('',*,*,#2494,.T.);
#2044=ORIENTED_EDGE('',*,*,#2822,.T.);
#2045=ORIENTED_EDGE('',*,*,#2485,.T.);
#2046=ORIENTED_EDGE('',*,*,#2821,.F.);
#2047=ORIENTED_EDGE('',*,*,#2275,.F.);
#2048=ORIENTED_EDGE('',*,*,#2580,.T.);
#2049=ORIENTED_EDGE('',*,*,#2822,.F.);
#2050=ORIENTED_EDGE('',*,*,#2493,.F.);
#2051=ORIENTED_EDGE('',*,*,#2633,.F.);
#2052=ORIENTED_EDGE('',*,*,#2692,.F.);
#2053=ORIENTED_EDGE('',*,*,#2627,.F.);
#2054=ORIENTED_EDGE('',*,*,#2680,.F.);
#2055=ORIENTED_EDGE('',*,*,#2682,.F.);
#2056=ORIENTED_EDGE('',*,*,#2685,.F.);
#2057=ORIENTED_EDGE('',*,*,#2621,.F.);
#2058=ORIENTED_EDGE('',*,*,#2693,.F.);
#2059=ORIENTED_EDGE('',*,*,#2638,.F.);
#2060=ORIENTED_EDGE('',*,*,#2672,.F.);
#2061=ORIENTED_EDGE('',*,*,#2644,.F.);
#2062=ORIENTED_EDGE('',*,*,#2691,.F.);
#2063=ORIENTED_EDGE('',*,*,#2676,.F.);
#2064=ORIENTED_EDGE('',*,*,#2690,.F.);
#2065=ORIENTED_EDGE('',*,*,#2650,.F.);
#2066=ORIENTED_EDGE('',*,*,#2679,.F.);
#2067=ORIENTED_EDGE('',*,*,#2417,.F.);
#2068=ORIENTED_EDGE('',*,*,#2823,.T.);
#2069=ORIENTED_EDGE('',*,*,#2399,.F.);
#2070=ORIENTED_EDGE('',*,*,#2792,.F.);
#2071=ORIENTED_EDGE('',*,*,#2407,.F.);
#2072=ORIENTED_EDGE('',*,*,#2824,.T.);
#2073=ORIENTED_EDGE('',*,*,#2442,.F.);
#2074=ORIENTED_EDGE('',*,*,#2796,.F.);
#2075=ORIENTED_EDGE('',*,*,#2416,.F.);
#2076=ORIENTED_EDGE('',*,*,#2790,.F.);
#2077=ORIENTED_EDGE('',*,*,#2400,.F.);
#2078=ORIENTED_EDGE('',*,*,#2823,.F.);
#2079=ORIENTED_EDGE('',*,*,#2825,.F.);
#2080=ORIENTED_EDGE('',*,*,#2425,.F.);
#2081=ORIENTED_EDGE('',*,*,#2777,.F.);
#2082=ORIENTED_EDGE('',*,*,#2387,.F.);
#2083=ORIENTED_EDGE('',*,*,#2426,.F.);
#2084=ORIENTED_EDGE('',*,*,#2825,.T.);
#2085=ORIENTED_EDGE('',*,*,#2386,.F.);
#2086=ORIENTED_EDGE('',*,*,#2778,.F.);
#2087=ORIENTED_EDGE('',*,*,#2826,.F.);
#2088=ORIENTED_EDGE('',*,*,#2435,.F.);
#2089=ORIENTED_EDGE('',*,*,#2784,.F.);
#2090=ORIENTED_EDGE('',*,*,#2392,.F.);
#2091=ORIENTED_EDGE('',*,*,#2436,.F.);
#2092=ORIENTED_EDGE('',*,*,#2826,.T.);
#2093=ORIENTED_EDGE('',*,*,#2391,.F.);
#2094=ORIENTED_EDGE('',*,*,#2786,.F.);
#2095=ORIENTED_EDGE('',*,*,#2443,.F.);
#2096=ORIENTED_EDGE('',*,*,#2824,.F.);
#2097=ORIENTED_EDGE('',*,*,#2406,.F.);
#2098=ORIENTED_EDGE('',*,*,#2798,.F.);
#2099=ORIENTED_EDGE('',*,*,#2779,.F.);
#2100=ORIENTED_EDGE('',*,*,#2412,.F.);
#2101=ORIENTED_EDGE('',*,*,#2381,.F.);
#2102=ORIENTED_EDGE('',*,*,#2780,.F.);
#2103=ORIENTED_EDGE('',*,*,#2827,.F.);
#2104=ORIENTED_EDGE('',*,*,#2482,.F.);
#2105=ORIENTED_EDGE('',*,*,#2773,.F.);
#2106=ORIENTED_EDGE('',*,*,#2555,.F.);
#2107=ORIENTED_EDGE('',*,*,#2483,.F.);
#2108=ORIENTED_EDGE('',*,*,#2827,.T.);
#2109=ORIENTED_EDGE('',*,*,#2554,.F.);
#2110=ORIENTED_EDGE('',*,*,#2774,.F.);
#2111=ORIENTED_EDGE('',*,*,#2770,.F.);
#2112=ORIENTED_EDGE('',*,*,#2475,.F.);
#2113=ORIENTED_EDGE('',*,*,#2828,.F.);
#2114=ORIENTED_EDGE('',*,*,#2560,.F.);
#2115=ORIENTED_EDGE('',*,*,#2474,.F.);
#2116=ORIENTED_EDGE('',*,*,#2768,.F.);
#2117=ORIENTED_EDGE('',*,*,#2561,.F.);
#2118=ORIENTED_EDGE('',*,*,#2828,.T.);
#2119=ORIENTED_EDGE('',*,*,#2756,.F.);
#2120=ORIENTED_EDGE('',*,*,#2456,.F.);
#2121=ORIENTED_EDGE('',*,*,#2829,.F.);
#2122=ORIENTED_EDGE('',*,*,#2576,.F.);
#2123=ORIENTED_EDGE('',*,*,#2455,.F.);
#2124=ORIENTED_EDGE('',*,*,#2754,.F.);
#2125=ORIENTED_EDGE('',*,*,#2577,.F.);
#2126=ORIENTED_EDGE('',*,*,#2829,.T.);
#2127=ORIENTED_EDGE('',*,*,#2764,.F.);
#2128=ORIENTED_EDGE('',*,*,#2463,.F.);
#2129=ORIENTED_EDGE('',*,*,#2830,.F.);
#2130=ORIENTED_EDGE('',*,*,#2569,.F.);
#2131=ORIENTED_EDGE('',*,*,#2462,.F.);
#2132=ORIENTED_EDGE('',*,*,#2762,.F.);
#2133=ORIENTED_EDGE('',*,*,#2570,.F.);
#2134=ORIENTED_EDGE('',*,*,#2830,.T.);
#2135=ORIENTED_EDGE('',*,*,#2453,.F.);
#2136=ORIENTED_EDGE('',*,*,#2757,.F.);
#2137=ORIENTED_EDGE('',*,*,#2553,.F.);
#2138=ORIENTED_EDGE('',*,*,#2758,.F.);
#2139=ORIENTED_EDGE('',*,*,#2465,.F.);
#2140=ORIENTED_EDGE('',*,*,#2763,.F.);
#2141=ORIENTED_EDGE('',*,*,#2567,.F.);
#2142=ORIENTED_EDGE('',*,*,#2759,.F.);
#2143=ORIENTED_EDGE('',*,*,#2467,.F.);
#2144=ORIENTED_EDGE('',*,*,#2760,.F.);
#2145=ORIENTED_EDGE('',*,*,#2572,.F.);
#2146=ORIENTED_EDGE('',*,*,#2761,.F.);
#2147=ORIENTED_EDGE('',*,*,#2458,.F.);
#2148=ORIENTED_EDGE('',*,*,#2755,.F.);
#2149=ORIENTED_EDGE('',*,*,#2574,.F.);
#2150=ORIENTED_EDGE('',*,*,#2751,.F.);
#2151=ORIENTED_EDGE('',*,*,#2460,.F.);
#2152=ORIENTED_EDGE('',*,*,#2752,.F.);
#2153=ORIENTED_EDGE('',*,*,#2579,.F.);
#2154=ORIENTED_EDGE('',*,*,#2753,.F.);
#2155=ORIENTED_EDGE('',*,*,#2470,.F.);
#2156=ORIENTED_EDGE('',*,*,#2769,.F.);
#2157=ORIENTED_EDGE('',*,*,#2565,.F.);
#2158=ORIENTED_EDGE('',*,*,#2765,.F.);
#2159=ORIENTED_EDGE('',*,*,#2472,.F.);
#2160=ORIENTED_EDGE('',*,*,#2766,.F.);
#2161=ORIENTED_EDGE('',*,*,#2563,.F.);
#2162=ORIENTED_EDGE('',*,*,#2767,.F.);
#2163=ORIENTED_EDGE('',*,*,#2414,.F.);
#2164=ORIENTED_EDGE('',*,*,#2787,.F.);
#2165=ORIENTED_EDGE('',*,*,#2402,.F.);
#2166=ORIENTED_EDGE('',*,*,#2789,.F.);
#2167=ORIENTED_EDGE('',*,*,#2438,.F.);
#2168=ORIENTED_EDGE('',*,*,#2785,.F.);
#2169=ORIENTED_EDGE('',*,*,#2396,.F.);
#2170=ORIENTED_EDGE('',*,*,#2781,.F.);
#2171=ORIENTED_EDGE('',*,*,#2433,.F.);
#2172=ORIENTED_EDGE('',*,*,#2782,.F.);
#2173=ORIENTED_EDGE('',*,*,#2394,.F.);
#2174=ORIENTED_EDGE('',*,*,#2783,.F.);
#2175=ORIENTED_EDGE('',*,*,#2445,.F.);
#2176=ORIENTED_EDGE('',*,*,#2797,.F.);
#2177=ORIENTED_EDGE('',*,*,#2411,.F.);
#2178=ORIENTED_EDGE('',*,*,#2793,.F.);
#2179=ORIENTED_EDGE('',*,*,#2440,.F.);
#2180=ORIENTED_EDGE('',*,*,#2794,.F.);
#2181=ORIENTED_EDGE('',*,*,#2409,.F.);
#2182=ORIENTED_EDGE('',*,*,#2795,.F.);
#2183=ORIENTED_EDGE('',*,*,#2419,.F.);
#2184=ORIENTED_EDGE('',*,*,#2791,.F.);
#2185=ORIENTED_EDGE('',*,*,#2404,.F.);
#2186=ORIENTED_EDGE('',*,*,#2788,.F.);
#2187=ORIENTED_EDGE('',*,*,#2264,.F.);
#2188=ORIENTED_EDGE('',*,*,#2831,.T.);
#2189=ORIENTED_EDGE('',*,*,#2476,.F.);
#2190=ORIENTED_EDGE('',*,*,#2301,.F.);
#2191=ORIENTED_EDGE('',*,*,#2422,.F.);
#2192=ORIENTED_EDGE('',*,*,#2832,.T.);
#2193=ORIENTED_EDGE('',*,*,#2504,.F.);
#2194=ORIENTED_EDGE('',*,*,#2321,.F.);
#2195=ORIENTED_EDGE('',*,*,#2273,.F.);
#2196=ORIENTED_EDGE('',*,*,#2833,.T.);
#2197=ORIENTED_EDGE('',*,*,#2834,.T.);
#2198=ORIENTED_EDGE('',*,*,#2603,.F.);
#2199=ORIENTED_EDGE('',*,*,#2835,.T.);
#2200=ORIENTED_EDGE('',*,*,#2836,.T.);
#2201=ORIENTED_EDGE('',*,*,#2614,.F.);
#2202=ORIENTED_EDGE('',*,*,#2527,.F.);
#2203=ORIENTED_EDGE('',*,*,#2535,.F.);
#2204=ORIENTED_EDGE('',*,*,#2837,.T.);
#2205=ORIENTED_EDGE('',*,*,#2835,.F.);
#2206=ORIENTED_EDGE('',*,*,#2526,.F.);
#2207=ORIENTED_EDGE('',*,*,#2731,.F.);
#2208=ORIENTED_EDGE('',*,*,#2732,.F.);
#2209=ORIENTED_EDGE('',*,*,#2834,.F.);
#2210=ORIENTED_EDGE('',*,*,#2838,.T.);
#2211=ORIENTED_EDGE('',*,*,#2550,.F.);
#2212=ORIENTED_EDGE('',*,*,#2548,.F.);
#2213=ORIENTED_EDGE('',*,*,#2726,.F.);
#2214=ORIENTED_EDGE('',*,*,#2604,.F.);
#2215=ORIENTED_EDGE('',*,*,#2718,.F.);
#2216=ORIENTED_EDGE('',*,*,#2551,.F.);
#2217=ORIENTED_EDGE('',*,*,#2839,.F.);
#2218=ORIENTED_EDGE('',*,*,#2268,.F.);
#2219=ORIENTED_EDGE('',*,*,#2742,.F.);
#2220=ORIENTED_EDGE('',*,*,#2839,.T.);
#2221=ORIENTED_EDGE('',*,*,#2838,.F.);
#2222=ORIENTED_EDGE('',*,*,#2840,.F.);
#2223=ORIENTED_EDGE('',*,*,#2269,.F.);
#2224=ORIENTED_EDGE('',*,*,#2840,.T.);
#2225=ORIENTED_EDGE('',*,*,#2833,.F.);
#2226=ORIENTED_EDGE('',*,*,#2841,.F.);
#2227=ORIENTED_EDGE('',*,*,#2262,.F.);
#2228=ORIENTED_EDGE('',*,*,#2841,.T.);
#2229=ORIENTED_EDGE('',*,*,#2272,.F.);
#2230=ORIENTED_EDGE('',*,*,#2842,.F.);
#2231=ORIENTED_EDGE('',*,*,#2263,.F.);
#2232=ORIENTED_EDGE('',*,*,#2831,.F.);
#2233=ORIENTED_EDGE('',*,*,#2842,.T.);
#2234=ORIENTED_EDGE('',*,*,#2843,.F.);
#2235=ORIENTED_EDGE('',*,*,#2843,.T.);
#2236=ORIENTED_EDGE('',*,*,#2271,.F.);
#2237=ORIENTED_EDGE('',*,*,#2602,.F.);
#2238=ORIENTED_EDGE('',*,*,#2477,.F.);
#2239=ORIENTED_EDGE('',*,*,#2716,.F.);
#2240=ORIENTED_EDGE('',*,*,#2508,.F.);
#2241=ORIENTED_EDGE('',*,*,#2844,.F.);
#2242=ORIENTED_EDGE('',*,*,#2534,.F.);
#2243=ORIENTED_EDGE('',*,*,#2844,.T.);
#2244=ORIENTED_EDGE('',*,*,#2507,.F.);
#2245=ORIENTED_EDGE('',*,*,#2845,.F.);
#2246=ORIENTED_EDGE('',*,*,#2837,.F.);
#2247=ORIENTED_EDGE('',*,*,#2845,.T.);
#2248=ORIENTED_EDGE('',*,*,#2506,.F.);
#2249=ORIENTED_EDGE('',*,*,#2846,.F.);
#2250=ORIENTED_EDGE('',*,*,#2836,.F.);
#2251=ORIENTED_EDGE('',*,*,#2846,.T.);
#2252=ORIENTED_EDGE('',*,*,#2505,.F.);
#2253=ORIENTED_EDGE('',*,*,#2847,.F.);
#2254=ORIENTED_EDGE('',*,*,#2612,.F.);
#2255=ORIENTED_EDGE('',*,*,#2847,.T.);
#2256=ORIENTED_EDGE('',*,*,#2832,.F.);
#2257=ORIENTED_EDGE('',*,*,#2848,.F.);
#2258=ORIENTED_EDGE('',*,*,#2848,.T.);
#2259=ORIENTED_EDGE('',*,*,#2421,.F.);
#2260=ORIENTED_EDGE('',*,*,#2521,.F.);
#2261=ORIENTED_EDGE('',*,*,#2613,.F.);
#2262=EDGE_CURVE('',#2849,#2850,#3231,.T.);
#2263=EDGE_CURVE('',#2850,#2851,#224,.T.);
#2264=EDGE_CURVE('',#2851,#2852,#225,.T.);
#2265=EDGE_CURVE('',#2853,#2852,#226,.T.);
#2266=EDGE_CURVE('',#2854,#2853,#227,.T.);
#2267=EDGE_CURVE('',#2854,#2855,#228,.T.);
#2268=EDGE_CURVE('',#2855,#2856,#229,.F.);
#2269=EDGE_CURVE('',#2856,#2849,#3232,.F.);
#2270=EDGE_CURVE('',#2857,#2858,#230,.T.);
#2271=EDGE_CURVE('',#2857,#2859,#231,.F.);
#2272=EDGE_CURVE('',#2859,#2860,#232,.F.);
#2273=EDGE_CURVE('',#2860,#2858,#233,.T.);
#2274=EDGE_CURVE('',#2861,#2862,#234,.T.);
#2275=EDGE_CURVE('',#2861,#2863,#35,.F.);
#2276=EDGE_CURVE('',#2863,#2864,#235,.T.);
#2277=EDGE_CURVE('',#2865,#2864,#36,.T.);
#2278=EDGE_CURVE('',#2866,#2865,#236,.F.);
#2279=EDGE_CURVE('',#2867,#2866,#3233,.F.);
#2280=EDGE_CURVE('',#2867,#2868,#28,.T.);
#2281=EDGE_CURVE('',#2868,#2862,#37,.T.);
#2282=EDGE_CURVE('',#2869,#2870,#237,.T.);
#2283=EDGE_CURVE('',#2869,#2871,#38,.T.);
#2284=EDGE_CURVE('',#2871,#2872,#39,.T.);
#2285=EDGE_CURVE('',#2873,#2872,#238,.T.);
#2286=EDGE_CURVE('',#2873,#2870,#239,.T.);
#2287=EDGE_CURVE('',#2874,#2875,#240,.F.);
#2288=EDGE_CURVE('',#2874,#2876,#40,.F.);
#2289=EDGE_CURVE('',#2877,#2876,#241,.T.);
#2290=EDGE_CURVE('',#2877,#2878,#41,.T.);
#2291=EDGE_CURVE('',#2878,#2879,#29,.T.);
#2292=EDGE_CURVE('',#2875,#2879,#3234,.F.);
#2293=EDGE_CURVE('',#2880,#2881,#42,.T.);
#2294=EDGE_CURVE('',#2880,#2882,#242,.T.);
#2295=EDGE_CURVE('',#2882,#2883,#43,.T.);
#2296=EDGE_CURVE('',#2883,#2884,#243,.T.);
#2297=EDGE_CURVE('',#2885,#2884,#244,.T.);
#2298=EDGE_CURVE('',#2885,#2881,#245,.T.);
#2299=EDGE_CURVE('',#2872,#2886,#246,.T.);
#2300=EDGE_CURVE('',#2886,#2853,#247,.T.);
#2301=EDGE_CURVE('',#2852,#2887,#3235,.F.);
#2302=EDGE_CURVE('',#2888,#2887,#248,.T.);
#2303=EDGE_CURVE('',#2889,#2888,#249,.T.);
#2304=EDGE_CURVE('',#2890,#2889,#250,.T.);
#2305=EDGE_CURVE('',#2890,#2891,#251,.T.);
#2306=EDGE_CURVE('',#2892,#2891,#252,.T.);
#2307=EDGE_CURVE('',#2893,#2892,#253,.T.);
#2308=EDGE_CURVE('',#2894,#2893,#254,.T.);
#2309=EDGE_CURVE('',#2894,#2895,#255,.T.);
#2310=EDGE_CURVE('',#2895,#2896,#44,.T.);
#2311=EDGE_CURVE('',#2896,#2897,#256,.T.);
#2312=EDGE_CURVE('',#2897,#2898,#45,.T.);
#2313=EDGE_CURVE('',#2898,#2899,#257,.T.);
#2314=EDGE_CURVE('',#2899,#2900,#258,.T.);
#2315=EDGE_CURVE('',#2900,#2901,#259,.T.);
#2316=EDGE_CURVE('',#2901,#2902,#260,.T.);
#2317=EDGE_CURVE('',#2902,#2903,#261,.T.);
#2318=EDGE_CURVE('',#2904,#2903,#262,.T.);
#2319=EDGE_CURVE('',#2904,#2905,#263,.T.);
#2320=EDGE_CURVE('',#2905,#2906,#264,.T.);
#2321=EDGE_CURVE('',#2906,#2907,#3236,.F.);
#2322=EDGE_CURVE('',#2907,#2873,#265,.T.);
#2323=EDGE_CURVE('',#2908,#2909,#266,.T.);
#2324=EDGE_CURVE('',#2908,#2910,#267,.T.);
#2325=EDGE_CURVE('',#2911,#2910,#268,.T.);
#2326=EDGE_CURVE('',#2909,#2911,#269,.T.);
#2327=EDGE_CURVE('',#2912,#2913,#270,.T.);
#2328=EDGE_CURVE('',#2913,#2914,#271,.T.);
#2329=EDGE_CURVE('',#2915,#2914,#272,.T.);
#2330=EDGE_CURVE('',#2915,#2912,#273,.T.);
#2331=EDGE_CURVE('',#2916,#2917,#46,.T.);
#2332=EDGE_CURVE('',#2916,#2918,#274,.T.);
#2333=EDGE_CURVE('',#2918,#2919,#275,.T.);
#2334=EDGE_CURVE('',#2919,#2920,#276,.T.);
#2335=EDGE_CURVE('',#2920,#2921,#47,.T.);
#2336=EDGE_CURVE('',#2921,#2917,#277,.T.);
#2337=EDGE_CURVE('',#2922,#2923,#278,.T.);
#2338=EDGE_CURVE('',#2924,#2923,#48,.T.);
#2339=EDGE_CURVE('',#2924,#2925,#279,.T.);
#2340=EDGE_CURVE('',#2926,#2925,#280,.T.);
#2341=EDGE_CURVE('',#2926,#2927,#281,.T.);
#2342=EDGE_CURVE('',#2927,#2922,#49,.T.);
#2343=EDGE_CURVE('',#2928,#2929,#282,.T.);
#2344=EDGE_CURVE('',#2929,#2930,#283,.T.);
#2345=EDGE_CURVE('',#2930,#2931,#284,.T.);
#2346=EDGE_CURVE('',#2928,#2931,#285,.T.);
#2347=EDGE_CURVE('',#2932,#2933,#50,.T.);
#2348=EDGE_CURVE('',#2934,#2932,#286,.T.);
#2349=EDGE_CURVE('',#2935,#2934,#51,.T.);
#2350=EDGE_CURVE('',#2936,#2935,#287,.T.);
#2351=EDGE_CURVE('',#2937,#2936,#288,.T.);
#2352=EDGE_CURVE('',#2938,#2937,#289,.T.);
#2353=EDGE_CURVE('',#2938,#2939,#290,.T.);
#2354=EDGE_CURVE('',#2939,#2940,#291,.T.);
#2355=EDGE_CURVE('',#2940,#2941,#292,.T.);
#2356=EDGE_CURVE('',#2941,#2942,#52,.T.);
#2357=EDGE_CURVE('',#2942,#2943,#293,.T.);
#2358=EDGE_CURVE('',#2943,#2944,#294,.T.);
#2359=EDGE_CURVE('',#2944,#2945,#295,.T.);
#2360=EDGE_CURVE('',#2946,#2945,#296,.T.);
#2361=EDGE_CURVE('',#2947,#2946,#297,.T.);
#2362=EDGE_CURVE('',#2948,#2947,#298,.T.);
#2363=EDGE_CURVE('',#2949,#2948,#299,.T.);
#2364=EDGE_CURVE('',#2949,#2950,#53,.T.);
#2365=EDGE_CURVE('',#2951,#2950,#300,.T.);
#2366=EDGE_CURVE('',#2952,#2951,#301,.T.);
#2367=EDGE_CURVE('',#2952,#2953,#302,.T.);
#2368=EDGE_CURVE('',#2954,#2953,#303,.T.);
#2369=EDGE_CURVE('',#2955,#2954,#304,.T.);
#2370=EDGE_CURVE('',#2933,#2955,#305,.T.);
#2371=EDGE_CURVE('',#2956,#2957,#306,.T.);
#2372=EDGE_CURVE('',#2958,#2957,#307,.T.);
#2373=EDGE_CURVE('',#2959,#2958,#308,.T.);
#2374=EDGE_CURVE('',#2956,#2959,#309,.T.);
#2375=EDGE_CURVE('',#2960,#2961,#310,.T.);
#2376=EDGE_CURVE('',#2962,#2961,#54,.T.);
#2377=EDGE_CURVE('',#2962,#2963,#311,.T.);
#2378=EDGE_CURVE('',#2963,#2964,#55,.T.);
#2379=EDGE_CURVE('',#2964,#2965,#312,.T.);
#2380=EDGE_CURVE('',#2965,#2960,#313,.T.);
#2381=EDGE_CURVE('',#2966,#2966,#56,.T.);
#2382=EDGE_CURVE('',#2967,#2968,#314,.F.);
#2383=EDGE_CURVE('',#2967,#2969,#315,.F.);
#2384=EDGE_CURVE('',#2970,#2969,#316,.F.);
#2385=EDGE_CURVE('',#2970,#2968,#317,.F.);
#2386=EDGE_CURVE('',#2971,#2972,#57,.T.);
#2387=EDGE_CURVE('',#2972,#2973,#58,.T.);
#2388=EDGE_CURVE('',#2974,#2973,#318,.T.);
#2389=EDGE_CURVE('',#2974,#2975,#319,.T.);
#2390=EDGE_CURVE('',#2971,#2975,#320,.T.);
#2391=EDGE_CURVE('',#2976,#2977,#59,.T.);
#2392=EDGE_CURVE('',#2977,#2978,#60,.T.);
#2393=EDGE_CURVE('',#2979,#2978,#321,.T.);
#2394=EDGE_CURVE('',#2979,#2980,#61,.T.);
#2395=EDGE_CURVE('',#2980,#2981,#322,.T.);
#2396=EDGE_CURVE('',#2981,#2982,#62,.T.);
#2397=EDGE_CURVE('',#2976,#2982,#323,.T.);
#2398=EDGE_CURVE('',#2983,#2984,#324,.T.);
#2399=EDGE_CURVE('',#2983,#2985,#63,.T.);
#2400=EDGE_CURVE('',#2985,#2986,#64,.T.);
#2401=EDGE_CURVE('',#2987,#2986,#325,.T.);
#2402=EDGE_CURVE('',#2987,#2988,#65,.T.);
#2403=EDGE_CURVE('',#2988,#2989,#326,.T.);
#2404=EDGE_CURVE('',#2989,#2984,#66,.T.);
#2405=EDGE_CURVE('',#2990,#2991,#327,.T.);
#2406=EDGE_CURVE('',#2990,#2992,#67,.T.);
#2407=EDGE_CURVE('',#2992,#2993,#68,.T.);
#2408=EDGE_CURVE('',#2994,#2993,#328,.T.);
#2409=EDGE_CURVE('',#2994,#2995,#69,.T.);
#2410=EDGE_CURVE('',#2995,#2996,#329,.T.);
#2411=EDGE_CURVE('',#2996,#2991,#70,.T.);
#2412=EDGE_CURVE('',#2997,#2997,#71,.F.);
#2413=EDGE_CURVE('',#2998,#2999,#330,.F.);
#2414=EDGE_CURVE('',#2998,#3000,#72,.F.);
#2415=EDGE_CURVE('',#3000,#3001,#331,.F.);
#2416=EDGE_CURVE('',#3001,#3002,#73,.F.);
#2417=EDGE_CURVE('',#3002,#3003,#74,.F.);
#2418=EDGE_CURVE('',#3003,#3004,#332,.F.);
#2419=EDGE_CURVE('',#3004,#2999,#75,.F.);
#2420=EDGE_CURVE('',#3005,#3006,#333,.F.);
#2421=EDGE_CURVE('',#3006,#3007,#334,.F.);
#2422=EDGE_CURVE('',#3007,#2906,#335,.T.);
#2423=EDGE_CURVE('',#2906,#3008,#336,.T.);
#2424=EDGE_CURVE('',#3008,#3009,#337,.F.);
#2425=EDGE_CURVE('',#3009,#3010,#76,.F.);
#2426=EDGE_CURVE('',#3010,#3011,#77,.F.);
#2427=EDGE_CURVE('',#3011,#3012,#338,.F.);
#2428=EDGE_CURVE('',#3012,#3013,#339,.T.);
#2429=EDGE_CURVE('',#3014,#3013,#340,.F.);
#2430=EDGE_CURVE('',#3014,#3005,#341,.F.);
#2431=EDGE_CURVE('',#3015,#3015,#78,.F.);
#2432=EDGE_CURVE('',#3016,#3017,#342,.F.);
#2433=EDGE_CURVE('',#3016,#3018,#79,.F.);
#2434=EDGE_CURVE('',#3018,#3019,#343,.F.);
#2435=EDGE_CURVE('',#3019,#3020,#80,.F.);
#2436=EDGE_CURVE('',#3020,#3021,#81,.F.);
#2437=EDGE_CURVE('',#3021,#3022,#344,.F.);
#2438=EDGE_CURVE('',#3022,#3017,#82,.F.);
#2439=EDGE_CURVE('',#3023,#3024,#345,.F.);
#2440=EDGE_CURVE('',#3023,#3025,#83,.F.);
#2441=EDGE_CURVE('',#3025,#3026,#346,.F.);
#2442=EDGE_CURVE('',#3026,#3027,#84,.F.);
#2443=EDGE_CURVE('',#3027,#3028,#85,.F.);
#2444=EDGE_CURVE('',#3028,#3029,#347,.F.);
#2445=EDGE_CURVE('',#3029,#3024,#86,.F.);
#2446=EDGE_CURVE('',#3030,#3031,#348,.T.);
#2447=EDGE_CURVE('',#3031,#3032,#349,.T.);
#2448=EDGE_CURVE('',#3032,#3033,#350,.T.);
#2449=EDGE_CURVE('',#3033,#2941,#351,.T.);
#2450=EDGE_CURVE('',#2888,#2940,#352,.T.);
#2451=EDGE_CURVE('',#2887,#3034,#353,.T.);
#2452=EDGE_CURVE('',#3030,#3034,#354,.T.);
#2453=EDGE_CURVE('',#3035,#3035,#87,.F.);
#2454=EDGE_CURVE('',#3036,#3036,#88,.F.);
#2455=EDGE_CURVE('',#3037,#3038,#89,.F.);
#2456=EDGE_CURVE('',#3038,#3039,#90,.F.);
#2457=EDGE_CURVE('',#3039,#3040,#355,.T.);
#2458=EDGE_CURVE('',#3040,#3041,#91,.F.);
#2459=EDGE_CURVE('',#3041,#3042,#356,.T.);
#2460=EDGE_CURVE('',#3042,#3043,#92,.F.);
#2461=EDGE_CURVE('',#3037,#3043,#357,.T.);
#2462=EDGE_CURVE('',#3044,#3045,#93,.F.);
#2463=EDGE_CURVE('',#3045,#3046,#94,.F.);
#2464=EDGE_CURVE('',#3046,#3047,#358,.T.);
#2465=EDGE_CURVE('',#3047,#3048,#95,.F.);
#2466=EDGE_CURVE('',#3048,#3049,#359,.T.);
#2467=EDGE_CURVE('',#3049,#3050,#96,.F.);
#2468=EDGE_CURVE('',#3050,#3044,#360,.T.);
#2469=EDGE_CURVE('',#3051,#3052,#361,.T.);
#2470=EDGE_CURVE('',#3051,#3053,#97,.F.);
#2471=EDGE_CURVE('',#3053,#3054,#362,.T.);
#2472=EDGE_CURVE('',#3054,#3055,#98,.F.);
#2473=EDGE_CURVE('',#3056,#3055,#363,.T.);
#2474=EDGE_CURVE('',#3056,#3057,#99,.F.);
#2475=EDGE_CURVE('',#3057,#3052,#100,.F.);
#2476=EDGE_CURVE('',#2887,#3058,#364,.F.);
#2477=EDGE_CURVE('',#3058,#3059,#365,.T.);
#2478=EDGE_CURVE('',#3060,#3059,#366,.T.);
#2479=EDGE_CURVE('',#3061,#3060,#367,.T.);
#2480=EDGE_CURVE('',#3061,#3033,#368,.T.);
#2481=EDGE_CURVE('',#3032,#3062,#369,.T.);
#2482=EDGE_CURVE('',#3062,#3063,#101,.F.);
#2483=EDGE_CURVE('',#3063,#3064,#102,.F.);
#2484=EDGE_CURVE('',#3034,#3064,#370,.T.);
#2485=EDGE_CURVE('',#3065,#3066,#371,.T.);
#2486=EDGE_CURVE('',#3065,#3067,#372,.T.);
#2487=EDGE_CURVE('',#3067,#2967,#373,.T.);
#2488=EDGE_CURVE('',#3068,#2968,#374,.T.);
#2489=EDGE_CURVE('',#3069,#3068,#375,.T.);
#2490=EDGE_CURVE('',#3070,#3069,#376,.T.);
#2491=EDGE_CURVE('',#3066,#3070,#377,.T.);
#2492=EDGE_CURVE('',#3071,#3072,#378,.T.);
#2493=EDGE_CURVE('',#3072,#3073,#379,.T.);
#2494=EDGE_CURVE('',#2861,#3073,#380,.T.);
#2495=EDGE_CURVE('',#2862,#2877,#381,.T.);
#2496=EDGE_CURVE('',#3074,#2876,#382,.T.);
#2497=EDGE_CURVE('',#2869,#3074,#383,.T.);
#2498=EDGE_CURVE('',#2870,#3075,#384,.T.);
#2499=EDGE_CURVE('',#3076,#3075,#385,.F.);
#2500=EDGE_CURVE('',#3076,#2968,#386,.T.);
#2501=EDGE_CURVE('',#3077,#2970,#387,.T.);
#2502=EDGE_CURVE('',#3078,#3077,#388,.T.);
#2503=EDGE_CURVE('',#3078,#3071,#389,.T.);
#2504=EDGE_CURVE('',#2907,#3079,#390,.T.);
#2505=EDGE_CURVE('',#3079,#3080,#391,.T.);
#2506=EDGE_CURVE('',#3080,#3081,#3237,.T.);
#2507=EDGE_CURVE('',#3081,#3082,#3238,.F.);
#2508=EDGE_CURVE('',#3082,#3083,#392,.F.);
#2509=EDGE_CURVE('',#3083,#2870,#393,.T.);
#2510=EDGE_CURVE('',#2866,#3084,#394,.T.);
#2511=EDGE_CURVE('',#3085,#2865,#395,.T.);
#2512=EDGE_CURVE('',#3086,#3085,#396,.T.);
#2513=EDGE_CURVE('',#3087,#3086,#397,.T.);
#2514=EDGE_CURVE('',#3087,#3088,#398,.F.);
#2515=EDGE_CURVE('',#3089,#3088,#399,.F.);
#2516=EDGE_CURVE('',#3089,#3084,#400,.T.);
#2517=EDGE_CURVE('',#3090,#3091,#401,.F.);
#2518=EDGE_CURVE('',#3091,#3092,#402,.F.);
#2519=EDGE_CURVE('',#3090,#3092,#403,.T.);
#2520=EDGE_CURVE('',#3093,#3094,#404,.T.);
#2521=EDGE_CURVE('',#3094,#3006,#103,.F.);
#2522=EDGE_CURVE('',#2970,#3005,#405,.T.);
#2523=EDGE_CURVE('',#2969,#3095,#406,.T.);
#2524=EDGE_CURVE('',#3096,#3095,#407,.T.);
#2525=EDGE_CURVE('',#3097,#3096,#408,.F.);
#2526=EDGE_CURVE('',#3097,#3098,#104,.T.);
#2527=EDGE_CURVE('',#3098,#3093,#105,.F.);
#2528=EDGE_CURVE('',#3099,#3099,#106,.F.);
#2529=EDGE_CURVE('',#3075,#3100,#3239,.F.);
#2530=EDGE_CURVE('',#3101,#3100,#409,.F.);
#2531=EDGE_CURVE('',#3101,#3089,#410,.F.);
#2532=EDGE_CURVE('',#3088,#3076,#3240,.F.);
#2533=EDGE_CURVE('',#3102,#3103,#411,.F.);
#2534=EDGE_CURVE('',#3103,#3104,#412,.F.);
#2535=EDGE_CURVE('',#3104,#3105,#413,.T.);
#2536=EDGE_CURVE('',#3105,#3102,#414,.F.);
#2537=EDGE_CURVE('',#3106,#3107,#415,.F.);
#2538=EDGE_CURVE('',#3106,#3108,#416,.T.);
#2539=EDGE_CURVE('',#3108,#3109,#417,.T.);
#2540=EDGE_CURVE('',#3109,#3110,#418,.T.);
#2541=EDGE_CURVE('',#3110,#3111,#419,.T.);
#2542=EDGE_CURVE('',#3111,#3107,#420,.T.);
#2543=EDGE_CURVE('',#3107,#3112,#421,.F.);
#2544=EDGE_CURVE('',#3112,#3106,#422,.F.);
#2545=EDGE_CURVE('',#3113,#3114,#423,.T.);
#2546=EDGE_CURVE('',#3112,#3113,#424,.T.);
#2547=EDGE_CURVE('',#3111,#3115,#425,.T.);
#2548=EDGE_CURVE('',#3115,#3116,#3241,.T.);
#2549=EDGE_CURVE('',#3116,#3114,#426,.T.);
#2550=EDGE_CURVE('',#3116,#3117,#427,.F.);
#2551=EDGE_CURVE('',#3117,#3118,#428,.T.);
#2552=EDGE_CURVE('',#3118,#3114,#429,.T.);
#2553=EDGE_CURVE('',#3119,#3119,#107,.T.);
#2554=EDGE_CURVE('',#3120,#3121,#108,.T.);
#2555=EDGE_CURVE('',#3121,#3122,#109,.T.);
#2556=EDGE_CURVE('',#3122,#3123,#430,.T.);
#2557=EDGE_CURVE('',#3123,#3124,#431,.T.);
#2558=EDGE_CURVE('',#3120,#3124,#432,.T.);
#2559=EDGE_CURVE('',#3125,#3126,#433,.T.);
#2560=EDGE_CURVE('',#3125,#3127,#110,.T.);
#2561=EDGE_CURVE('',#3127,#3128,#111,.T.);
#2562=EDGE_CURVE('',#3129,#3128,#434,.T.);
#2563=EDGE_CURVE('',#3129,#3130,#112,.T.);
#2564=EDGE_CURVE('',#3130,#3131,#435,.T.);
#2565=EDGE_CURVE('',#3131,#3126,#113,.T.);
#2566=EDGE_CURVE('',#3132,#3133,#436,.T.);
#2567=EDGE_CURVE('',#3133,#3134,#114,.T.);
#2568=EDGE_CURVE('',#3134,#3135,#437,.T.);
#2569=EDGE_CURVE('',#3135,#3136,#115,.T.);
#2570=EDGE_CURVE('',#3136,#3137,#116,.T.);
#2571=EDGE_CURVE('',#3137,#3138,#438,.T.);
#2572=EDGE_CURVE('',#3138,#3132,#117,.T.);
#2573=EDGE_CURVE('',#3139,#3140,#439,.T.);
#2574=EDGE_CURVE('',#3140,#3141,#118,.T.);
#2575=EDGE_CURVE('',#3141,#3142,#440,.T.);
#2576=EDGE_CURVE('',#3142,#3143,#119,.T.);
#2577=EDGE_CURVE('',#3143,#3144,#120,.T.);
#2578=EDGE_CURVE('',#3145,#3144,#441,.T.);
#2579=EDGE_CURVE('',#3145,#3139,#121,.T.);
#2580=EDGE_CURVE('',#3072,#3065,#442,.T.);
#2581=EDGE_CURVE('',#3071,#3146,#443,.T.);
#2582=EDGE_CURVE('',#3146,#3067,#444,.F.);
#2583=EDGE_CURVE('',#3147,#3148,#445,.T.);
#2584=EDGE_CURVE('',#3148,#3149,#446,.T.);
#2585=EDGE_CURVE('',#3150,#3149,#122,.T.);
#2586=EDGE_CURVE('',#3150,#3151,#447,.T.);
#2587=EDGE_CURVE('',#3151,#3147,#448,.T.);
#2588=EDGE_CURVE('',#3152,#3013,#123,.T.);
#2589=EDGE_CURVE('',#3152,#3153,#449,.T.);
#2590=EDGE_CURVE('',#3033,#3153,#124,.T.);
#2591=EDGE_CURVE('',#3033,#3013,#450,.T.);
#2592=EDGE_CURVE('',#3149,#3154,#451,.T.);
#2593=EDGE_CURVE('',#3154,#3155,#125,.T.);
#2594=EDGE_CURVE('',#3155,#3152,#452,.F.);
#2595=EDGE_CURVE('',#3013,#2950,#453,.T.);
#2596=EDGE_CURVE('',#3150,#2949,#454,.T.);
#2597=EDGE_CURVE('',#3153,#3156,#455,.T.);
#2598=EDGE_CURVE('',#3156,#3157,#126,.T.);
#2599=EDGE_CURVE('',#3158,#3157,#456,.T.);
#2600=EDGE_CURVE('',#3158,#3159,#127,.T.);
#2601=EDGE_CURVE('',#3159,#2942,#457,.T.);
#2602=EDGE_CURVE('',#3059,#2857,#128,.F.);
#2603=EDGE_CURVE('',#2858,#3160,#129,.F.);
#2604=EDGE_CURVE('',#3160,#3161,#130,.T.);
#2605=EDGE_CURVE('',#3161,#3110,#458,.T.);
#2606=EDGE_CURVE('',#3146,#3109,#459,.T.);
#2607=EDGE_CURVE('',#3060,#3071,#460,.T.);
#2608=EDGE_CURVE('',#2933,#2898,#461,.T.);
#2609=EDGE_CURVE('',#2899,#2955,#462,.T.);
#2610=EDGE_CURVE('',#2932,#2897,#463,.T.);
#2611=EDGE_CURVE('',#2934,#2896,#464,.T.);
#2612=EDGE_CURVE('',#3162,#3163,#465,.F.);
#2613=EDGE_CURVE('',#3163,#3094,#466,.F.);
#2614=EDGE_CURVE('',#3093,#3162,#467,.F.);
#2615=EDGE_CURVE('',#3014,#3061,#468,.T.);
#2616=EDGE_CURVE('',#3164,#3158,#469,.T.);
#2617=EDGE_CURVE('',#3164,#3165,#470,.T.);
#2618=EDGE_CURVE('',#3166,#3165,#471,.T.);
#2619=EDGE_CURVE('',#3159,#3166,#472,.T.);
#2620=EDGE_CURVE('',#3167,#3168,#473,.T.);
#2621=EDGE_CURVE('',#3167,#3169,#131,.F.);
#2622=EDGE_CURVE('',#3169,#2947,#474,.T.);
#2623=EDGE_CURVE('',#3147,#2946,#475,.T.);
#2624=EDGE_CURVE('',#3151,#3170,#476,.T.);
#2625=EDGE_CURVE('',#3168,#3170,#477,.T.);
#2626=EDGE_CURVE('',#3171,#2944,#478,.T.);
#2627=EDGE_CURVE('',#3171,#3172,#132,.T.);
#2628=EDGE_CURVE('',#3172,#3173,#479,.T.);
#2629=EDGE_CURVE('',#3173,#3174,#480,.T.);
#2630=EDGE_CURVE('',#3166,#3174,#481,.T.);
#2631=EDGE_CURVE('',#3165,#2945,#482,.T.);
#2632=EDGE_CURVE('',#3175,#3176,#483,.T.);
#2633=EDGE_CURVE('',#3176,#3177,#133,.T.);
#2634=EDGE_CURVE('',#3177,#2943,#484,.T.);
#2635=EDGE_CURVE('',#3178,#2942,#485,.T.);
#2636=EDGE_CURVE('',#3175,#3178,#486,.T.);
#2637=EDGE_CURVE('',#2893,#3179,#487,.T.);
#2638=EDGE_CURVE('',#3179,#3180,#134,.T.);
#2639=EDGE_CURVE('',#3180,#3181,#488,.T.);
#2640=EDGE_CURVE('',#3181,#3182,#489,.T.);
#2641=EDGE_CURVE('',#2936,#3182,#490,.T.);
#2642=EDGE_CURVE('',#2894,#2936,#491,.T.);
#2643=EDGE_CURVE('',#3183,#3184,#492,.T.);
#2644=EDGE_CURVE('',#3184,#3185,#135,.T.);
#2645=EDGE_CURVE('',#2892,#3185,#493,.T.);
#2646=EDGE_CURVE('',#2891,#2937,#494,.T.);
#2647=EDGE_CURVE('',#2937,#3186,#495,.T.);
#2648=EDGE_CURVE('',#3183,#3186,#496,.T.);
#2649=EDGE_CURVE('',#2901,#3187,#497,.T.);
#2650=EDGE_CURVE('',#3187,#3188,#136,.F.);
#2651=EDGE_CURVE('',#3189,#3188,#498,.T.);
#2652=EDGE_CURVE('',#3189,#3190,#499,.T.);
#2653=EDGE_CURVE('',#2954,#3190,#500,.T.);
#2654=EDGE_CURVE('',#2902,#2954,#501,.T.);
#2655=EDGE_CURVE('',#3174,#3178,#502,.T.);
#2656=EDGE_CURVE('',#3170,#3191,#503,.T.);
#2657=EDGE_CURVE('',#3191,#2949,#504,.T.);
#2658=EDGE_CURVE('',#3182,#3186,#505,.T.);
#2659=EDGE_CURVE('',#2890,#2938,#506,.T.);
#2660=EDGE_CURVE('',#2903,#2953,#507,.T.);
#2661=EDGE_CURVE('',#2904,#2952,#508,.T.);
#2662=EDGE_CURVE('',#2905,#2951,#509,.T.);
#2663=EDGE_CURVE('',#3192,#3193,#510,.T.);
#2664=EDGE_CURVE('',#3192,#3008,#511,.T.);
#2665=EDGE_CURVE('',#3012,#3193,#512,.T.);
#2666=EDGE_CURVE('',#3164,#3194,#513,.T.);
#2667=EDGE_CURVE('',#3194,#3078,#514,.T.);
#2668=EDGE_CURVE('',#3077,#3195,#515,.T.);
#2669=EDGE_CURVE('',#3148,#3195,#516,.T.);
#2670=EDGE_CURVE('',#2889,#2939,#517,.T.);
#2671=EDGE_CURVE('',#2935,#2895,#518,.T.);
#2672=EDGE_CURVE('',#3185,#3179,#519,.F.);
#2673=EDGE_CURVE('',#3190,#3196,#520,.T.);
#2674=EDGE_CURVE('',#2955,#3196,#521,.T.);
#2675=EDGE_CURVE('',#3197,#3198,#522,.T.);
#2676=EDGE_CURVE('',#3198,#3199,#137,.F.);
#2677=EDGE_CURVE('',#2900,#3199,#523,.T.);
#2678=EDGE_CURVE('',#3197,#3196,#524,.T.);
#2679=EDGE_CURVE('',#3199,#3187,#525,.T.);
#2680=EDGE_CURVE('',#3177,#3171,#526,.T.);
#2681=EDGE_CURVE('',#3200,#2948,#527,.T.);
#2682=EDGE_CURVE('',#3200,#3201,#138,.F.);
#2683=EDGE_CURVE('',#3201,#3202,#528,.T.);
#2684=EDGE_CURVE('',#3202,#3191,#529,.T.);
#2685=EDGE_CURVE('',#3169,#3200,#530,.F.);
#2686=EDGE_CURVE('',#3189,#3197,#531,.T.);
#2687=EDGE_CURVE('',#3181,#3183,#532,.T.);
#2688=EDGE_CURVE('',#3168,#3202,#533,.T.);
#2689=EDGE_CURVE('',#3173,#3175,#534,.T.);
#2690=EDGE_CURVE('',#3188,#3198,#535,.F.);
#2691=EDGE_CURVE('',#3180,#3184,#536,.T.);
#2692=EDGE_CURVE('',#3172,#3176,#537,.F.);
#2693=EDGE_CURVE('',#3201,#3167,#538,.T.);
#2694=EDGE_CURVE('',#2879,#3203,#30,.T.);
#2695=EDGE_CURVE('',#3203,#3204,#539,.T.);
#2696=EDGE_CURVE('',#3204,#2867,#31,.T.);
#2697=EDGE_CURVE('',#3084,#3205,#540,.F.);
#2698=EDGE_CURVE('',#2875,#3205,#541,.T.);
#2699=EDGE_CURVE('',#3206,#3206,#139,.T.);
#2700=EDGE_CURVE('',#3195,#3014,#542,.T.);
#2701=EDGE_CURVE('',#3194,#3061,#543,.T.);
#2702=EDGE_CURVE('',#3154,#3207,#544,.T.);
#2703=EDGE_CURVE('',#3207,#3155,#545,.T.);
#2704=EDGE_CURVE('',#3156,#3208,#546,.T.);
#2705=EDGE_CURVE('',#3157,#3208,#547,.T.);
#2706=EDGE_CURVE('',#3207,#3014,#548,.T.);
#2707=EDGE_CURVE('',#3208,#3061,#549,.T.);
#2708=EDGE_CURVE('',#2874,#3209,#550,.T.);
#2709=EDGE_CURVE('',#3205,#3101,#551,.T.);
#2710=EDGE_CURVE('',#3100,#3210,#552,.F.);
#2711=EDGE_CURVE('',#3211,#3210,#553,.T.);
#2712=EDGE_CURVE('',#3209,#3211,#554,.T.);
#2713=EDGE_CURVE('',#3212,#3213,#555,.T.);
#2714=EDGE_CURVE('',#3214,#3212,#556,.T.);
#2715=EDGE_CURVE('',#3214,#2870,#557,.T.);
#2716=EDGE_CURVE('',#3083,#3103,#3242,.F.);
#2717=EDGE_CURVE('',#3102,#3114,#558,.T.);
#2718=EDGE_CURVE('',#3118,#3215,#3243,.F.);
#2719=EDGE_CURVE('',#3215,#3213,#559,.F.);
#2720=EDGE_CURVE('',#3113,#3108,#560,.T.);
#2721=EDGE_CURVE('',#3102,#3216,#561,.F.);
#2722=EDGE_CURVE('',#3216,#3217,#562,.T.);
#2723=EDGE_CURVE('',#3217,#3095,#563,.T.);
#2724=EDGE_CURVE('',#3218,#3218,#140,.T.);
#2725=EDGE_CURVE('',#3219,#3219,#141,.T.);
#2726=EDGE_CURVE('',#3161,#3115,#564,.F.);
#2727=EDGE_CURVE('',#3217,#3091,#565,.T.);
#2728=EDGE_CURVE('',#3220,#3090,#566,.F.);
#2729=EDGE_CURVE('',#3096,#3220,#567,.F.);
#2730=EDGE_CURVE('',#3220,#3221,#568,.T.);
#2731=EDGE_CURVE('',#3221,#3097,#569,.T.);
#2732=EDGE_CURVE('',#3105,#3221,#3244,.T.);
#2733=EDGE_CURVE('',#3092,#3216,#570,.F.);
#2734=EDGE_CURVE('',#2864,#3070,#571,.T.);
#2735=EDGE_CURVE('',#3085,#3069,#572,.T.);
#2736=EDGE_CURVE('',#3086,#3068,#573,.T.);
#2737=EDGE_CURVE('',#3076,#3087,#142,.T.);
#2738=EDGE_CURVE('',#2886,#3222,#143,.T.);
#2739=EDGE_CURVE('',#3222,#2854,#144,.T.);
#2740=EDGE_CURVE('',#2871,#3222,#574,.T.);
#2741=EDGE_CURVE('',#3074,#3213,#145,.F.);
#2742=EDGE_CURVE('',#3215,#2855,#32,.T.);
#2743=EDGE_CURVE('',#3075,#3210,#146,.F.);
#2744=EDGE_CURVE('',#3223,#2877,#575,.T.);
#2745=EDGE_CURVE('',#3223,#2878,#33,.T.);
#2746=EDGE_CURVE('',#3224,#2862,#576,.T.);
#2747=EDGE_CURVE('',#3224,#3223,#577,.F.);
#2748=EDGE_CURVE('',#2868,#3224,#34,.T.);
#2749=EDGE_CURVE('',#3224,#3204,#147,.T.);
#2750=EDGE_CURVE('',#3223,#3203,#148,.T.);
#2751=EDGE_CURVE('',#3041,#3140,#578,.T.);
#2752=EDGE_CURVE('',#3139,#3042,#579,.F.);
#2753=EDGE_CURVE('',#3043,#3145,#580,.T.);
#2754=EDGE_CURVE('',#3144,#3037,#581,.F.);
#2755=EDGE_CURVE('',#3141,#3040,#582,.F.);
#2756=EDGE_CURVE('',#3039,#3142,#583,.F.);
#2757=EDGE_CURVE('',#3225,#3225,#149,.T.);
#2758=EDGE_CURVE('',#3226,#3226,#150,.F.);
#2759=EDGE_CURVE('',#3048,#3133,#584,.T.);
#2760=EDGE_CURVE('',#3132,#3049,#585,.F.);
#2761=EDGE_CURVE('',#3050,#3138,#586,.T.);
#2762=EDGE_CURVE('',#3137,#3044,#587,.T.);
#2763=EDGE_CURVE('',#3134,#3047,#588,.F.);
#2764=EDGE_CURVE('',#3046,#3135,#589,.F.);
#2765=EDGE_CURVE('',#3053,#3131,#590,.T.);
#2766=EDGE_CURVE('',#3130,#3054,#591,.F.);
#2767=EDGE_CURVE('',#3055,#3129,#592,.T.);
#2768=EDGE_CURVE('',#3128,#3056,#593,.F.);
#2769=EDGE_CURVE('',#3126,#3051,#594,.F.);
#2770=EDGE_CURVE('',#3052,#3125,#595,.T.);
#2771=EDGE_CURVE('',#3030,#3124,#596,.T.);
#2772=EDGE_CURVE('',#3031,#3123,#597,.T.);
#2773=EDGE_CURVE('',#3122,#3062,#598,.T.);
#2774=EDGE_CURVE('',#3064,#3120,#599,.T.);
#2775=EDGE_CURVE('',#3193,#2975,#600,.T.);
#2776=EDGE_CURVE('',#3192,#2974,#601,.T.);
#2777=EDGE_CURVE('',#2973,#3009,#602,.F.);
#2778=EDGE_CURVE('',#3011,#2971,#603,.T.);
#2779=EDGE_CURVE('',#3227,#3227,#151,.T.);
#2780=EDGE_CURVE('',#3228,#3228,#152,.F.);
#2781=EDGE_CURVE('',#3017,#2981,#604,.T.);
#2782=EDGE_CURVE('',#2980,#3016,#605,.F.);
#2783=EDGE_CURVE('',#3018,#2979,#606,.T.);
#2784=EDGE_CURVE('',#2978,#3019,#607,.F.);
#2785=EDGE_CURVE('',#2982,#3022,#608,.F.);
#2786=EDGE_CURVE('',#3021,#2976,#609,.T.);
#2787=EDGE_CURVE('',#2988,#2998,#610,.F.);
#2788=EDGE_CURVE('',#2999,#2989,#611,.T.);
#2789=EDGE_CURVE('',#3000,#2987,#612,.T.);
#2790=EDGE_CURVE('',#2986,#3001,#613,.F.);
#2791=EDGE_CURVE('',#2984,#3004,#614,.F.);
#2792=EDGE_CURVE('',#3003,#2983,#615,.T.);
#2793=EDGE_CURVE('',#3024,#2996,#616,.T.);
#2794=EDGE_CURVE('',#2995,#3023,#617,.F.);
#2795=EDGE_CURVE('',#3025,#2994,#618,.T.);
#2796=EDGE_CURVE('',#2993,#3026,#619,.F.);
#2797=EDGE_CURVE('',#2991,#3029,#620,.F.);
#2798=EDGE_CURVE('',#3028,#2990,#621,.T.);
#2799=EDGE_CURVE('',#2908,#2957,#622,.T.);
#2800=EDGE_CURVE('',#2910,#2956,#623,.T.);
#2801=EDGE_CURVE('',#2911,#2959,#624,.T.);
#2802=EDGE_CURVE('',#2909,#2958,#625,.T.);
#2803=EDGE_CURVE('',#2913,#2929,#626,.T.);
#2804=EDGE_CURVE('',#2914,#2928,#627,.T.);
#2805=EDGE_CURVE('',#2915,#2931,#628,.T.);
#2806=EDGE_CURVE('',#2912,#2930,#629,.T.);
#2807=EDGE_CURVE('',#2916,#2961,#630,.T.);
#2808=EDGE_CURVE('',#2918,#2960,#631,.T.);
#2809=EDGE_CURVE('',#2919,#2965,#632,.T.);
#2810=EDGE_CURVE('',#2920,#2964,#633,.T.);
#2811=EDGE_CURVE('',#2921,#2963,#634,.T.);
#2812=EDGE_CURVE('',#2917,#2962,#635,.T.);
#2813=EDGE_CURVE('',#2881,#2924,#636,.T.);
#2814=EDGE_CURVE('',#2880,#2923,#637,.T.);
#2815=EDGE_CURVE('',#2882,#2922,#638,.T.);
#2816=EDGE_CURVE('',#2883,#2927,#639,.T.);
#2817=EDGE_CURVE('',#2884,#2926,#640,.T.);
#2818=EDGE_CURVE('',#2885,#2925,#641,.T.);
#2819=EDGE_CURVE('',#3214,#3211,#642,.T.);
#2820=EDGE_CURVE('',#3212,#3209,#643,.T.);
#2821=EDGE_CURVE('',#2863,#3066,#644,.T.);
#2822=EDGE_CURVE('',#3073,#3065,#645,.T.);
#2823=EDGE_CURVE('',#3002,#2985,#646,.T.);
#2824=EDGE_CURVE('',#2992,#3027,#647,.F.);
#2825=EDGE_CURVE('',#3010,#2972,#648,.T.);
#2826=EDGE_CURVE('',#3020,#2977,#649,.T.);
#2827=EDGE_CURVE('',#3063,#3121,#650,.T.);
#2828=EDGE_CURVE('',#3127,#3057,#651,.F.);
#2829=EDGE_CURVE('',#3143,#3038,#652,.F.);
#2830=EDGE_CURVE('',#3136,#3045,#653,.F.);
#2831=EDGE_CURVE('',#2851,#3058,#153,.T.);
#2832=EDGE_CURVE('',#3007,#3079,#154,.T.);
#2833=EDGE_CURVE('',#2860,#3229,#3245,.T.);
#2834=EDGE_CURVE('',#3229,#3160,#654,.T.);
#2835=EDGE_CURVE('',#3098,#3230,#655,.F.);
#2836=EDGE_CURVE('',#3230,#3162,#3246,.T.);
#2837=EDGE_CURVE('',#3104,#3230,#3247,.F.);
#2838=EDGE_CURVE('',#3229,#3117,#3248,.F.);
#2839=EDGE_CURVE('',#2856,#3117,#155,.T.);
#2840=EDGE_CURVE('',#2849,#3229,#156,.T.);
#2841=EDGE_CURVE('',#2850,#2860,#157,.T.);
#2842=EDGE_CURVE('',#2851,#2859,#3249,.F.);
#2843=EDGE_CURVE('',#3058,#2859,#3250,.F.);
#2844=EDGE_CURVE('',#3104,#3082,#158,.T.);
#2845=EDGE_CURVE('',#3230,#3081,#159,.T.);
#2846=EDGE_CURVE('',#3162,#3080,#160,.T.);
#2847=EDGE_CURVE('',#3163,#3079,#3251,.F.);
#2848=EDGE_CURVE('',#3163,#3007,#3252,.F.);
#2849=VERTEX_POINT('',#5596);
#2850=VERTEX_POINT('',#5597);
#2851=VERTEX_POINT('',#5599);
#2852=VERTEX_POINT('',#5601);
#2853=VERTEX_POINT('',#5603);
#2854=VERTEX_POINT('',#5605);
#2855=VERTEX_POINT('',#5607);
#2856=VERTEX_POINT('',#5609);
#2857=VERTEX_POINT('',#5613);
#2858=VERTEX_POINT('',#5614);
#2859=VERTEX_POINT('',#5616);
#2860=VERTEX_POINT('',#5618);
#2861=VERTEX_POINT('',#5622);
#2862=VERTEX_POINT('',#5623);
#2863=VERTEX_POINT('',#5625);
#2864=VERTEX_POINT('',#5627);
#2865=VERTEX_POINT('',#5629);
#2866=VERTEX_POINT('',#5631);
#2867=VERTEX_POINT('',#5633);
#2868=VERTEX_POINT('',#5638);
#2869=VERTEX_POINT('',#5642);
#2870=VERTEX_POINT('',#5643);
#2871=VERTEX_POINT('',#5645);
#2872=VERTEX_POINT('',#5647);
#2873=VERTEX_POINT('',#5649);
#2874=VERTEX_POINT('',#5653);
#2875=VERTEX_POINT('',#5654);
#2876=VERTEX_POINT('',#5656);
#2877=VERTEX_POINT('',#5658);
#2878=VERTEX_POINT('',#5660);
#2879=VERTEX_POINT('',#5665);
#2880=VERTEX_POINT('',#5669);
#2881=VERTEX_POINT('',#5670);
#2882=VERTEX_POINT('',#5672);
#2883=VERTEX_POINT('',#5674);
#2884=VERTEX_POINT('',#5676);
#2885=VERTEX_POINT('',#5678);
#2886=VERTEX_POINT('',#5681);
#2887=VERTEX_POINT('',#5684);
#2888=VERTEX_POINT('',#5686);
#2889=VERTEX_POINT('',#5688);
#2890=VERTEX_POINT('',#5690);
#2891=VERTEX_POINT('',#5692);
#2892=VERTEX_POINT('',#5694);
#2893=VERTEX_POINT('',#5696);
#2894=VERTEX_POINT('',#5698);
#2895=VERTEX_POINT('',#5700);
#2896=VERTEX_POINT('',#5702);
#2897=VERTEX_POINT('',#5704);
#2898=VERTEX_POINT('',#5706);
#2899=VERTEX_POINT('',#5708);
#2900=VERTEX_POINT('',#5710);
#2901=VERTEX_POINT('',#5712);
#2902=VERTEX_POINT('',#5714);
#2903=VERTEX_POINT('',#5716);
#2904=VERTEX_POINT('',#5718);
#2905=VERTEX_POINT('',#5720);
#2906=VERTEX_POINT('',#5722);
#2907=VERTEX_POINT('',#5724);
#2908=VERTEX_POINT('',#5727);
#2909=VERTEX_POINT('',#5728);
#2910=VERTEX_POINT('',#5730);
#2911=VERTEX_POINT('',#5732);
#2912=VERTEX_POINT('',#5735);
#2913=VERTEX_POINT('',#5736);
#2914=VERTEX_POINT('',#5738);
#2915=VERTEX_POINT('',#5740);
#2916=VERTEX_POINT('',#5743);
#2917=VERTEX_POINT('',#5744);
#2918=VERTEX_POINT('',#5746);
#2919=VERTEX_POINT('',#5748);
#2920=VERTEX_POINT('',#5750);
#2921=VERTEX_POINT('',#5752);
#2922=VERTEX_POINT('',#5756);
#2923=VERTEX_POINT('',#5757);
#2924=VERTEX_POINT('',#5759);
#2925=VERTEX_POINT('',#5761);
#2926=VERTEX_POINT('',#5763);
#2927=VERTEX_POINT('',#5765);
#2928=VERTEX_POINT('',#5768);
#2929=VERTEX_POINT('',#5769);
#2930=VERTEX_POINT('',#5771);
#2931=VERTEX_POINT('',#5773);
#2932=VERTEX_POINT('',#5776);
#2933=VERTEX_POINT('',#5777);
#2934=VERTEX_POINT('',#5779);
#2935=VERTEX_POINT('',#5781);
#2936=VERTEX_POINT('',#5783);
#2937=VERTEX_POINT('',#5785);
#2938=VERTEX_POINT('',#5787);
#2939=VERTEX_POINT('',#5789);
#2940=VERTEX_POINT('',#5791);
#2941=VERTEX_POINT('',#5793);
#2942=VERTEX_POINT('',#5795);
#2943=VERTEX_POINT('',#5797);
#2944=VERTEX_POINT('',#5799);
#2945=VERTEX_POINT('',#5801);
#2946=VERTEX_POINT('',#5803);
#2947=VERTEX_POINT('',#5805);
#2948=VERTEX_POINT('',#5807);
#2949=VERTEX_POINT('',#5809);
#2950=VERTEX_POINT('',#5811);
#2951=VERTEX_POINT('',#5813);
#2952=VERTEX_POINT('',#5815);
#2953=VERTEX_POINT('',#5817);
#2954=VERTEX_POINT('',#5819);
#2955=VERTEX_POINT('',#5821);
#2956=VERTEX_POINT('',#5824);
#2957=VERTEX_POINT('',#5825);
#2958=VERTEX_POINT('',#5827);
#2959=VERTEX_POINT('',#5829);
#2960=VERTEX_POINT('',#5832);
#2961=VERTEX_POINT('',#5833);
#2962=VERTEX_POINT('',#5835);
#2963=VERTEX_POINT('',#5837);
#2964=VERTEX_POINT('',#5839);
#2965=VERTEX_POINT('',#5841);
#2966=VERTEX_POINT('',#5845);
#2967=VERTEX_POINT('',#5847);
#2968=VERTEX_POINT('',#5848);
#2969=VERTEX_POINT('',#5850);
#2970=VERTEX_POINT('',#5852);
#2971=VERTEX_POINT('',#5855);
#2972=VERTEX_POINT('',#5856);
#2973=VERTEX_POINT('',#5858);
#2974=VERTEX_POINT('',#5860);
#2975=VERTEX_POINT('',#5862);
#2976=VERTEX_POINT('',#5865);
#2977=VERTEX_POINT('',#5866);
#2978=VERTEX_POINT('',#5868);
#2979=VERTEX_POINT('',#5870);
#2980=VERTEX_POINT('',#5872);
#2981=VERTEX_POINT('',#5874);
#2982=VERTEX_POINT('',#5876);
#2983=VERTEX_POINT('',#5879);
#2984=VERTEX_POINT('',#5880);
#2985=VERTEX_POINT('',#5882);
#2986=VERTEX_POINT('',#5884);
#2987=VERTEX_POINT('',#5886);
#2988=VERTEX_POINT('',#5888);
#2989=VERTEX_POINT('',#5890);
#2990=VERTEX_POINT('',#5893);
#2991=VERTEX_POINT('',#5894);
#2992=VERTEX_POINT('',#5896);
#2993=VERTEX_POINT('',#5898);
#2994=VERTEX_POINT('',#5900);
#2995=VERTEX_POINT('',#5902);
#2996=VERTEX_POINT('',#5904);
#2997=VERTEX_POINT('',#5908);
#2998=VERTEX_POINT('',#5910);
#2999=VERTEX_POINT('',#5911);
#3000=VERTEX_POINT('',#5913);
#3001=VERTEX_POINT('',#5915);
#3002=VERTEX_POINT('',#5917);
#3003=VERTEX_POINT('',#5919);
#3004=VERTEX_POINT('',#5921);
#3005=VERTEX_POINT('',#5924);
#3006=VERTEX_POINT('',#5925);
#3007=VERTEX_POINT('',#5927);
#3008=VERTEX_POINT('',#5930);
#3009=VERTEX_POINT('',#5932);
#3010=VERTEX_POINT('',#5934);
#3011=VERTEX_POINT('',#5936);
#3012=VERTEX_POINT('',#5938);
#3013=VERTEX_POINT('',#5940);
#3014=VERTEX_POINT('',#5942);
#3015=VERTEX_POINT('',#5945);
#3016=VERTEX_POINT('',#5947);
#3017=VERTEX_POINT('',#5948);
#3018=VERTEX_POINT('',#5950);
#3019=VERTEX_POINT('',#5952);
#3020=VERTEX_POINT('',#5954);
#3021=VERTEX_POINT('',#5956);
#3022=VERTEX_POINT('',#5958);
#3023=VERTEX_POINT('',#5961);
#3024=VERTEX_POINT('',#5962);
#3025=VERTEX_POINT('',#5964);
#3026=VERTEX_POINT('',#5966);
#3027=VERTEX_POINT('',#5968);
#3028=VERTEX_POINT('',#5970);
#3029=VERTEX_POINT('',#5972);
#3030=VERTEX_POINT('',#5976);
#3031=VERTEX_POINT('',#5977);
#3032=VERTEX_POINT('',#5979);
#3033=VERTEX_POINT('',#5981);
#3034=VERTEX_POINT('',#5985);
#3035=VERTEX_POINT('',#5989);
#3036=VERTEX_POINT('',#5991);
#3037=VERTEX_POINT('',#5993);
#3038=VERTEX_POINT('',#5994);
#3039=VERTEX_POINT('',#5996);
#3040=VERTEX_POINT('',#5998);
#3041=VERTEX_POINT('',#6000);
#3042=VERTEX_POINT('',#6002);
#3043=VERTEX_POINT('',#6004);
#3044=VERTEX_POINT('',#6007);
#3045=VERTEX_POINT('',#6008);
#3046=VERTEX_POINT('',#6010);
#3047=VERTEX_POINT('',#6012);
#3048=VERTEX_POINT('',#6014);
#3049=VERTEX_POINT('',#6016);
#3050=VERTEX_POINT('',#6018);
#3051=VERTEX_POINT('',#6021);
#3052=VERTEX_POINT('',#6022);
#3053=VERTEX_POINT('',#6024);
#3054=VERTEX_POINT('',#6026);
#3055=VERTEX_POINT('',#6028);
#3056=VERTEX_POINT('',#6030);
#3057=VERTEX_POINT('',#6032);
#3058=VERTEX_POINT('',#6035);
#3059=VERTEX_POINT('',#6037);
#3060=VERTEX_POINT('',#6039);
#3061=VERTEX_POINT('',#6041);
#3062=VERTEX_POINT('',#6044);
#3063=VERTEX_POINT('',#6046);
#3064=VERTEX_POINT('',#6048);
#3065=VERTEX_POINT('',#6052);
#3066=VERTEX_POINT('',#6053);
#3067=VERTEX_POINT('',#6055);
#3068=VERTEX_POINT('',#6058);
#3069=VERTEX_POINT('',#6060);
#3070=VERTEX_POINT('',#6062);
#3071=VERTEX_POINT('',#6066);
#3072=VERTEX_POINT('',#6067);
#3073=VERTEX_POINT('',#6069);
#3074=VERTEX_POINT('',#6073);
#3075=VERTEX_POINT('',#6076);
#3076=VERTEX_POINT('',#6078);
#3077=VERTEX_POINT('',#6081);
#3078=VERTEX_POINT('',#6083);
#3079=VERTEX_POINT('',#6087);
#3080=VERTEX_POINT('',#6089);
#3081=VERTEX_POINT('',#6091);
#3082=VERTEX_POINT('',#6093);
#3083=VERTEX_POINT('',#6095);
#3084=VERTEX_POINT('',#6099);
#3085=VERTEX_POINT('',#6101);
#3086=VERTEX_POINT('',#6103);
#3087=VERTEX_POINT('',#6105);
#3088=VERTEX_POINT('',#6107);
#3089=VERTEX_POINT('',#6109);
#3090=VERTEX_POINT('',#6113);
#3091=VERTEX_POINT('',#6114);
#3092=VERTEX_POINT('',#6116);
#3093=VERTEX_POINT('',#6120);
#3094=VERTEX_POINT('',#6121);
#3095=VERTEX_POINT('',#6125);
#3096=VERTEX_POINT('',#6127);
#3097=VERTEX_POINT('',#6129);
#3098=VERTEX_POINT('',#6131);
#3099=VERTEX_POINT('',#6135);
#3100=VERTEX_POINT('',#6137);
#3101=VERTEX_POINT('',#6139);
#3102=VERTEX_POINT('',#6144);
#3103=VERTEX_POINT('',#6145);
#3104=VERTEX_POINT('',#6147);
#3105=VERTEX_POINT('',#6149);
#3106=VERTEX_POINT('',#6153);
#3107=VERTEX_POINT('',#6154);
#3108=VERTEX_POINT('',#6156);
#3109=VERTEX_POINT('',#6158);
#3110=VERTEX_POINT('',#6160);
#3111=VERTEX_POINT('',#6162);
#3112=VERTEX_POINT('',#6166);
#3113=VERTEX_POINT('',#6170);
#3114=VERTEX_POINT('',#6171);
#3115=VERTEX_POINT('',#6174);
#3116=VERTEX_POINT('',#6176);
#3117=VERTEX_POINT('',#6180);
#3118=VERTEX_POINT('',#6182);
#3119=VERTEX_POINT('',#6186);
#3120=VERTEX_POINT('',#6188);
#3121=VERTEX_POINT('',#6189);
#3122=VERTEX_POINT('',#6191);
#3123=VERTEX_POINT('',#6193);
#3124=VERTEX_POINT('',#6195);
#3125=VERTEX_POINT('',#6198);
#3126=VERTEX_POINT('',#6199);
#3127=VERTEX_POINT('',#6201);
#3128=VERTEX_POINT('',#6203);
#3129=VERTEX_POINT('',#6205);
#3130=VERTEX_POINT('',#6207);
#3131=VERTEX_POINT('',#6209);
#3132=VERTEX_POINT('',#6212);
#3133=VERTEX_POINT('',#6213);
#3134=VERTEX_POINT('',#6215);
#3135=VERTEX_POINT('',#6217);
#3136=VERTEX_POINT('',#6219);
#3137=VERTEX_POINT('',#6221);
#3138=VERTEX_POINT('',#6223);
#3139=VERTEX_POINT('',#6226);
#3140=VERTEX_POINT('',#6227);
#3141=VERTEX_POINT('',#6229);
#3142=VERTEX_POINT('',#6231);
#3143=VERTEX_POINT('',#6233);
#3144=VERTEX_POINT('',#6235);
#3145=VERTEX_POINT('',#6237);
#3146=VERTEX_POINT('',#6241);
#3147=VERTEX_POINT('',#6245);
#3148=VERTEX_POINT('',#6246);
#3149=VERTEX_POINT('',#6248);
#3150=VERTEX_POINT('',#6250);
#3151=VERTEX_POINT('',#6252);
#3152=VERTEX_POINT('',#6256);
#3153=VERTEX_POINT('',#6258);
#3154=VERTEX_POINT('',#6263);
#3155=VERTEX_POINT('',#6265);
#3156=VERTEX_POINT('',#6271);
#3157=VERTEX_POINT('',#6273);
#3158=VERTEX_POINT('',#6275);
#3159=VERTEX_POINT('',#6277);
#3160=VERTEX_POINT('',#6282);
#3161=VERTEX_POINT('',#6284);
#3162=VERTEX_POINT('',#6296);
#3163=VERTEX_POINT('',#6297);
#3164=VERTEX_POINT('',#6304);
#3165=VERTEX_POINT('',#6306);
#3166=VERTEX_POINT('',#6308);
#3167=VERTEX_POINT('',#6312);
#3168=VERTEX_POINT('',#6313);
#3169=VERTEX_POINT('',#6315);
#3170=VERTEX_POINT('',#6319);
#3171=VERTEX_POINT('',#6323);
#3172=VERTEX_POINT('',#6325);
#3173=VERTEX_POINT('',#6327);
#3174=VERTEX_POINT('',#6329);
#3175=VERTEX_POINT('',#6334);
#3176=VERTEX_POINT('',#6335);
#3177=VERTEX_POINT('',#6337);
#3178=VERTEX_POINT('',#6340);
#3179=VERTEX_POINT('',#6344);
#3180=VERTEX_POINT('',#6346);
#3181=VERTEX_POINT('',#6348);
#3182=VERTEX_POINT('',#6350);
#3183=VERTEX_POINT('',#6355);
#3184=VERTEX_POINT('',#6356);
#3185=VERTEX_POINT('',#6358);
#3186=VERTEX_POINT('',#6362);
#3187=VERTEX_POINT('',#6366);
#3188=VERTEX_POINT('',#6368);
#3189=VERTEX_POINT('',#6370);
#3190=VERTEX_POINT('',#6372);
#3191=VERTEX_POINT('',#6379);
#3192=VERTEX_POINT('',#6393);
#3193=VERTEX_POINT('',#6394);
#3194=VERTEX_POINT('',#6399);
#3195=VERTEX_POINT('',#6402);
#3196=VERTEX_POINT('',#6413);
#3197=VERTEX_POINT('',#6417);
#3198=VERTEX_POINT('',#6418);
#3199=VERTEX_POINT('',#6420);
#3200=VERTEX_POINT('',#6429);
#3201=VERTEX_POINT('',#6431);
#3202=VERTEX_POINT('',#6433);
#3203=VERTEX_POINT('',#6459);
#3204=VERTEX_POINT('',#6461);
#3205=VERTEX_POINT('',#6468);
#3206=VERTEX_POINT('',#6471);
#3207=VERTEX_POINT('',#6480);
#3208=VERTEX_POINT('',#6484);
#3209=VERTEX_POINT('',#6493);
#3210=VERTEX_POINT('',#6496);
#3211=VERTEX_POINT('',#6498);
#3212=VERTEX_POINT('',#6502);
#3213=VERTEX_POINT('',#6503);
#3214=VERTEX_POINT('',#6505);
#3215=VERTEX_POINT('',#6510);
#3216=VERTEX_POINT('',#6515);
#3217=VERTEX_POINT('',#6517);
#3218=VERTEX_POINT('',#6521);
#3219=VERTEX_POINT('',#6524);
#3220=VERTEX_POINT('',#6531);
#3221=VERTEX_POINT('',#6535);
#3222=VERTEX_POINT('',#6553);
#3223=VERTEX_POINT('',#6570);
#3224=VERTEX_POINT('',#6578);
#3225=VERTEX_POINT('',#6627);
#3226=VERTEX_POINT('',#6629);
#3227=VERTEX_POINT('',#6664);
#3228=VERTEX_POINT('',#6666);
#3229=VERTEX_POINT('',#6794);
#3230=VERTEX_POINT('',#6798);
#3231=ELLIPSE('',#4110,0.0005,0.00025);
#3232=ELLIPSE('',#4111,0.0129,0.00645);
#3233=ELLIPSE('',#4116,0.01,0.005);
#3234=ELLIPSE('',#4124,0.006,0.003);
#3235=ELLIPSE('',#4128,0.00264575131106459,0.001);
#3236=ELLIPSE('',#4131,0.00264575131106459,0.001);
#3237=ELLIPSE('',#4197,0.0005,0.00025);
#3238=ELLIPSE('',#4198,0.0129,0.00645);
#3239=ELLIPSE('',#4207,0.006,0.003);
#3240=ELLIPSE('',#4208,0.01,0.005);
#3241=ELLIPSE('',#4213,0.00735391052434009,0.0052);
#3242=ELLIPSE('',#4304,0.00190940653956494,0.00125);
#3243=ELLIPSE('',#4305,0.00190940653956494,0.00125);
#3244=ELLIPSE('',#4316,0.0073539105243401,0.0052);
#3245=ELLIPSE('',#4436,0.0015612494995996,0.0015);
#3246=ELLIPSE('',#4438,0.0015612494995996,0.0015);
#3247=ELLIPSE('',#4440,0.0123226417622197,0.0052);
#3248=ELLIPSE('',#4442,0.0123226417622197,0.0052);
#3249=ELLIPSE('',#4448,0.0012747548783982,0.00125);
#3250=ELLIPSE('',#4449,0.0012747548783982,0.00125);
#3251=ELLIPSE('',#4456,0.0012747548783982,0.00125);
#3252=ELLIPSE('',#4457,0.0012747548783982,0.00125);
#3253=EDGE_LOOP('',(#1088,#1089,#1090,#1091,#1092,#1093,#1094,#1095));
#3254=EDGE_LOOP('',(#1096,#1097,#1098,#1099));
#3255=EDGE_LOOP('',(#1100,#1101,#1102,#1103,#1104,#1105,#1106,#1107));
#3256=EDGE_LOOP('',(#1108,#1109,#1110,#1111,#1112));
#3257=EDGE_LOOP('',(#1113,#1114,#1115,#1116,#1117,#1118));
#3258=EDGE_LOOP('',(#1119,#1120,#1121,#1122,#1123,#1124));
#3259=EDGE_LOOP('',(#1125,#1126,#1127,#1128,#1129,#1130,#1131,#1132,#1133,
#1134,#1135,#1136,#1137,#1138,#1139,#1140,#1141,#1142,#1143,#1144,#1145,
#1146,#1147,#1148,#1149,#1150));
#3260=EDGE_LOOP('',(#1151,#1152,#1153,#1154));
#3261=EDGE_LOOP('',(#1155,#1156,#1157,#1158));
#3262=EDGE_LOOP('',(#1159,#1160,#1161,#1162,#1163,#1164));
#3263=EDGE_LOOP('',(#1165,#1166,#1167,#1168,#1169,#1170));
#3264=EDGE_LOOP('',(#1171,#1172,#1173,#1174));
#3265=EDGE_LOOP('',(#1175,#1176,#1177,#1178,#1179,#1180,#1181,#1182,#1183,
#1184,#1185,#1186,#1187,#1188,#1189,#1190,#1191,#1192,#1193,#1194,#1195,
#1196,#1197,#1198));
#3266=EDGE_LOOP('',(#1199,#1200,#1201,#1202));
#3267=EDGE_LOOP('',(#1203,#1204,#1205,#1206,#1207,#1208));
#3268=EDGE_LOOP('',(#1209));
#3269=EDGE_LOOP('',(#1210,#1211,#1212,#1213));
#3270=EDGE_LOOP('',(#1214,#1215,#1216,#1217,#1218));
#3271=EDGE_LOOP('',(#1219,#1220,#1221,#1222,#1223,#1224,#1225));
#3272=EDGE_LOOP('',(#1226,#1227,#1228,#1229,#1230,#1231,#1232));
#3273=EDGE_LOOP('',(#1233,#1234,#1235,#1236,#1237,#1238,#1239));
#3274=EDGE_LOOP('',(#1240));
#3275=EDGE_LOOP('',(#1241,#1242,#1243,#1244,#1245,#1246,#1247));
#3276=EDGE_LOOP('',(#1248,#1249,#1250,#1251,#1252,#1253,#1254,#1255,#1256,
#1257,#1258));
#3277=EDGE_LOOP('',(#1259));
#3278=EDGE_LOOP('',(#1260,#1261,#1262,#1263,#1264,#1265,#1266));
#3279=EDGE_LOOP('',(#1267,#1268,#1269,#1270,#1271,#1272,#1273));
#3280=EDGE_LOOP('',(#1274,#1275,#1276,#1277,#1278,#1279,#1280,#1281,#1282));
#3281=EDGE_LOOP('',(#1283));
#3282=EDGE_LOOP('',(#1284));
#3283=EDGE_LOOP('',(#1285,#1286,#1287,#1288,#1289,#1290,#1291));
#3284=EDGE_LOOP('',(#1292,#1293,#1294,#1295,#1296,#1297,#1298));
#3285=EDGE_LOOP('',(#1299,#1300,#1301,#1302,#1303,#1304,#1305));
#3286=EDGE_LOOP('',(#1306,#1307,#1308,#1309,#1310,#1311,#1312,#1313,#1314,
#1315,#1316));
#3287=EDGE_LOOP('',(#1317,#1318,#1319,#1320,#1321,#1322,#1323,#1324));
#3288=EDGE_LOOP('',(#1325,#1326,#1327,#1328,#1329,#1330,#1331,#1332,#1333,
#1334,#1335,#1336,#1337,#1338,#1339,#1340));
#3289=EDGE_LOOP('',(#1341,#1342,#1343,#1344,#1345,#1346,#1347,#1348));
#3290=EDGE_LOOP('',(#1349,#1350,#1351,#1352,#1353,#1354,#1355,#1356));
#3291=EDGE_LOOP('',(#1357,#1358,#1359));
#3292=EDGE_LOOP('',(#1360,#1361,#1362,#1363,#1364,#1365,#1366,#1367,#1368,
#1369));
#3293=EDGE_LOOP('',(#1370));
#3294=EDGE_LOOP('',(#1371,#1372,#1373,#1374,#1375,#1376));
#3295=EDGE_LOOP('',(#1377,#1378,#1379,#1380));
#3296=EDGE_LOOP('',(#1381,#1382,#1383,#1384,#1385,#1386));
#3297=EDGE_LOOP('',(#1387,#1388,#1389));
#3298=EDGE_LOOP('',(#1390,#1391,#1392,#1393,#1394,#1395,#1396));
#3299=EDGE_LOOP('',(#1397,#1398,#1399,#1400));
#3300=EDGE_LOOP('',(#1401));
#3301=EDGE_LOOP('',(#1402,#1403,#1404,#1405,#1406));
#3302=EDGE_LOOP('',(#1407,#1408,#1409,#1410,#1411,#1412,#1413));
#3303=EDGE_LOOP('',(#1414,#1415,#1416,#1417,#1418,#1419,#1420));
#3304=EDGE_LOOP('',(#1421,#1422,#1423,#1424,#1425,#1426,#1427));
#3305=EDGE_LOOP('',(#1428,#1429,#1430,#1431,#1432));
#3306=EDGE_LOOP('',(#1433,#1434,#1435,#1436,#1437));
#3307=EDGE_LOOP('',(#1438,#1439,#1440,#1441));
#3308=EDGE_LOOP('',(#1442,#1443,#1444,#1445,#1446,#1447,#1448,#1449));
#3309=EDGE_LOOP('',(#1450,#1451,#1452,#1453,#1454,#1455,#1456,#1457));
#3310=EDGE_LOOP('',(#1458,#1459,#1460,#1461,#1462,#1463,#1464,#1465,#1466,
#1467));
#3311=EDGE_LOOP('',(#1468,#1469,#1470,#1471));
#3312=EDGE_LOOP('',(#1472,#1473,#1474,#1475));
#3313=EDGE_LOOP('',(#1476,#1477,#1478,#1479));
#3314=EDGE_LOOP('',(#1480,#1481,#1482,#1483));
#3315=EDGE_LOOP('',(#1484,#1485,#1486,#1487,#1488));
#3316=EDGE_LOOP('',(#1489,#1490,#1491,#1492,#1493,#1494,#1495,#1496));
#3317=EDGE_LOOP('',(#1497,#1498,#1499,#1500,#1501,#1502,#1503,#1504));
#3318=EDGE_LOOP('',(#1505,#1506,#1507,#1508,#1509,#1510));
#3319=EDGE_LOOP('',(#1511,#1512,#1513,#1514,#1515,#1516,#1517));
#3320=EDGE_LOOP('',(#1518,#1519,#1520,#1521,#1522,#1523,#1524));
#3321=EDGE_LOOP('',(#1525,#1526,#1527,#1528,#1529,#1530,#1531));
#3322=EDGE_LOOP('',(#1532,#1533,#1534,#1535,#1536));
#3323=EDGE_LOOP('',(#1537,#1538,#1539,#1540,#1541));
#3324=EDGE_LOOP('',(#1542,#1543,#1544,#1545));
#3325=EDGE_LOOP('',(#1546,#1547,#1548,#1549));
#3326=EDGE_LOOP('',(#1550,#1551,#1552,#1553));
#3327=EDGE_LOOP('',(#1554,#1555,#1556,#1557));
#3328=EDGE_LOOP('',(#1558,#1559,#1560,#1561));
#3329=EDGE_LOOP('',(#1562,#1563,#1564,#1565,#1566,#1567,#1568,#1569,#1570));
#3330=EDGE_LOOP('',(#1571,#1572,#1573,#1574,#1575,#1576,#1577,#1578,#1579,
#1580));
#3331=EDGE_LOOP('',(#1581,#1582,#1583,#1584));
#3332=EDGE_LOOP('',(#1585,#1586,#1587,#1588));
#3333=EDGE_LOOP('',(#1589,#1590,#1591,#1592));
#3334=EDGE_LOOP('',(#1593,#1594,#1595,#1596));
#3335=EDGE_LOOP('',(#1597,#1598,#1599,#1600));
#3336=EDGE_LOOP('',(#1601,#1602,#1603,#1604,#1605,#1606,#1607));
#3337=EDGE_LOOP('',(#1608,#1609,#1610,#1611));
#3338=EDGE_LOOP('',(#1612,#1613,#1614,#1615));
#3339=EDGE_LOOP('',(#1616,#1617,#1618,#1619,#1620,#1621));
#3340=EDGE_LOOP('',(#1622,#1623,#1624,#1625));
#3341=EDGE_LOOP('',(#1626,#1627,#1628,#1629));
#3342=EDGE_LOOP('',(#1630,#1631,#1632,#1633));
#3343=EDGE_LOOP('',(#1634,#1635,#1636,#1637));
#3344=EDGE_LOOP('',(#1638,#1639,#1640,#1641));
#3345=EDGE_LOOP('',(#1642,#1643,#1644,#1645));
#3346=EDGE_LOOP('',(#1646,#1647,#1648,#1649));
#3347=EDGE_LOOP('',(#1650,#1651,#1652,#1653));
#3348=EDGE_LOOP('',(#1654,#1655,#1656,#1657));
#3349=EDGE_LOOP('',(#1658,#1659,#1660,#1661,#1662,#1663,#1664,#1665));
#3350=EDGE_LOOP('',(#1666));
#3351=EDGE_LOOP('',(#1667,#1668,#1669,#1670));
#3352=EDGE_LOOP('',(#1671,#1672,#1673,#1674));
#3353=EDGE_LOOP('',(#1675,#1676,#1677,#1678,#1679));
#3354=EDGE_LOOP('',(#1680,#1681,#1682,#1683,#1684));
#3355=EDGE_LOOP('',(#1685,#1686,#1687));
#3356=EDGE_LOOP('',(#1688,#1689,#1690));
#3357=EDGE_LOOP('',(#1691,#1692,#1693,#1694,#1695,#1696));
#3358=EDGE_LOOP('',(#1697,#1698,#1699,#1700,#1701,#1702,#1703,#1704));
#3359=EDGE_LOOP('',(#1705,#1706,#1707,#1708,#1709,#1710));
#3360=EDGE_LOOP('',(#1711,#1712,#1713,#1714,#1715,#1716,#1717,#1718));
#3361=EDGE_LOOP('',(#1719,#1720,#1721,#1722,#1723,#1724,#1725,#1726,#1727,
#1728));
#3362=EDGE_LOOP('',(#1729,#1730,#1731,#1732));
#3363=EDGE_LOOP('',(#1733,#1734,#1735,#1736,#1737,#1738,#1739,#1740,#1741,
#1742,#1743,#1744));
#3364=EDGE_LOOP('',(#1745));
#3365=EDGE_LOOP('',(#1746));
#3366=EDGE_LOOP('',(#1747));
#3367=EDGE_LOOP('',(#1748));
#3368=EDGE_LOOP('',(#1749,#1750,#1751,#1752));
#3369=EDGE_LOOP('',(#1753,#1754,#1755,#1756));
#3370=EDGE_LOOP('',(#1757,#1758,#1759,#1760,#1761,#1762));
#3371=EDGE_LOOP('',(#1763,#1764,#1765,#1766));
#3372=EDGE_LOOP('',(#1767,#1768,#1769,#1770,#1771,#1772,#1773));
#3373=EDGE_LOOP('',(#1774,#1775,#1776,#1777));
#3374=EDGE_LOOP('',(#1778));
#3375=EDGE_LOOP('',(#1779));
#3376=EDGE_LOOP('',(#1780));
#3377=EDGE_LOOP('',(#1781));
#3378=EDGE_LOOP('',(#1782,#1783,#1784,#1785,#1786));
#3379=EDGE_LOOP('',(#1787,#1788,#1789,#1790));
#3380=EDGE_LOOP('',(#1791,#1792,#1793,#1794,#1795));
#3381=EDGE_LOOP('',(#1796,#1797,#1798));
#3382=EDGE_LOOP('',(#1799,#1800,#1801,#1802));
#3383=EDGE_LOOP('',(#1803,#1804,#1805,#1806));
#3384=EDGE_LOOP('',(#1807,#1808,#1809,#1810,#1811,#1812,#1813,#1814));
#3385=EDGE_LOOP('',(#1815,#1816,#1817));
#3386=EDGE_LOOP('',(#1818,#1819,#1820));
#3387=EDGE_LOOP('',(#1821,#1822,#1823,#1824));
#3388=EDGE_LOOP('',(#1825,#1826,#1827));
#3389=EDGE_LOOP('',(#1828,#1829,#1830,#1831));
#3390=EDGE_LOOP('',(#1832,#1833,#1834,#1835));
#3391=EDGE_LOOP('',(#1836,#1837,#1838,#1839));
#3392=EDGE_LOOP('',(#1840,#1841,#1842,#1843));
#3393=EDGE_LOOP('',(#1844,#1845,#1846,#1847));
#3394=EDGE_LOOP('',(#1848,#1849,#1850,#1851));
#3395=EDGE_LOOP('',(#1852));
#3396=EDGE_LOOP('',(#1853));
#3397=EDGE_LOOP('',(#1854,#1855,#1856,#1857));
#3398=EDGE_LOOP('',(#1858,#1859,#1860,#1861));
#3399=EDGE_LOOP('',(#1862,#1863,#1864,#1865));
#3400=EDGE_LOOP('',(#1866,#1867,#1868,#1869));
#3401=EDGE_LOOP('',(#1870,#1871,#1872,#1873));
#3402=EDGE_LOOP('',(#1874,#1875,#1876,#1877));
#3403=EDGE_LOOP('',(#1878,#1879,#1880,#1881));
#3404=EDGE_LOOP('',(#1882,#1883,#1884,#1885,#1886));
#3405=EDGE_LOOP('',(#1887,#1888,#1889,#1890,#1891));
#3406=EDGE_LOOP('',(#1892,#1893,#1894,#1895));
#3407=EDGE_LOOP('',(#1896,#1897,#1898,#1899,#1900));
#3408=EDGE_LOOP('',(#1901,#1902,#1903,#1904,#1905));
#3409=EDGE_LOOP('',(#1906));
#3410=EDGE_LOOP('',(#1907));
#3411=EDGE_LOOP('',(#1908,#1909,#1910,#1911));
#3412=EDGE_LOOP('',(#1912,#1913,#1914,#1915));
#3413=EDGE_LOOP('',(#1916,#1917,#1918,#1919));
#3414=EDGE_LOOP('',(#1920,#1921,#1922,#1923));
#3415=EDGE_LOOP('',(#1924,#1925,#1926,#1927));
#3416=EDGE_LOOP('',(#1928,#1929,#1930,#1931));
#3417=EDGE_LOOP('',(#1932,#1933,#1934,#1935));
#3418=EDGE_LOOP('',(#1936,#1937,#1938,#1939));
#3419=EDGE_LOOP('',(#1940,#1941,#1942,#1943));
#3420=EDGE_LOOP('',(#1944,#1945,#1946,#1947));
#3421=EDGE_LOOP('',(#1948,#1949,#1950,#1951));
#3422=EDGE_LOOP('',(#1952,#1953,#1954,#1955));
#3423=EDGE_LOOP('',(#1956,#1957,#1958,#1959));
#3424=EDGE_LOOP('',(#1960,#1961,#1962,#1963));
#3425=EDGE_LOOP('',(#1964,#1965,#1966,#1967));
#3426=EDGE_LOOP('',(#1968,#1969,#1970,#1971));
#3427=EDGE_LOOP('',(#1972,#1973,#1974,#1975));
#3428=EDGE_LOOP('',(#1976,#1977,#1978,#1979));
#3429=EDGE_LOOP('',(#1980,#1981,#1982,#1983));
#3430=EDGE_LOOP('',(#1984,#1985,#1986,#1987));
#3431=EDGE_LOOP('',(#1988,#1989,#1990,#1991));
#3432=EDGE_LOOP('',(#1992,#1993,#1994,#1995));
#3433=EDGE_LOOP('',(#1996,#1997,#1998,#1999));
#3434=EDGE_LOOP('',(#2000,#2001,#2002,#2003));
#3435=EDGE_LOOP('',(#2004,#2005,#2006,#2007));
#3436=EDGE_LOOP('',(#2008,#2009,#2010,#2011));
#3437=EDGE_LOOP('',(#2012,#2013,#2014,#2015));
#3438=EDGE_LOOP('',(#2016,#2017,#2018,#2019));
#3439=EDGE_LOOP('',(#2020,#2021,#2022,#2023));
#3440=EDGE_LOOP('',(#2024,#2025,#2026,#2027,#2028));
#3441=EDGE_LOOP('',(#2029,#2030,#2031,#2032,#2033,#2034));
#3442=EDGE_LOOP('',(#2035,#2036,#2037,#2038));
#3443=EDGE_LOOP('',(#2039,#2040,#2041,#2042));
#3444=EDGE_LOOP('',(#2043,#2044,#2045,#2046,#2047));
#3445=EDGE_LOOP('',(#2048,#2049,#2050));
#3446=EDGE_LOOP('',(#2051,#2052,#2053,#2054));
#3447=EDGE_LOOP('',(#2055,#2056,#2057,#2058));
#3448=EDGE_LOOP('',(#2059,#2060,#2061,#2062));
#3449=EDGE_LOOP('',(#2063,#2064,#2065,#2066));
#3450=EDGE_LOOP('',(#2067,#2068,#2069,#2070));
#3451=EDGE_LOOP('',(#2071,#2072,#2073,#2074));
#3452=EDGE_LOOP('',(#2075,#2076,#2077,#2078));
#3453=EDGE_LOOP('',(#2079,#2080,#2081,#2082));
#3454=EDGE_LOOP('',(#2083,#2084,#2085,#2086));
#3455=EDGE_LOOP('',(#2087,#2088,#2089,#2090));
#3456=EDGE_LOOP('',(#2091,#2092,#2093,#2094));
#3457=EDGE_LOOP('',(#2095,#2096,#2097,#2098));
#3458=EDGE_LOOP('',(#2099));
#3459=EDGE_LOOP('',(#2100));
#3460=EDGE_LOOP('',(#2101));
#3461=EDGE_LOOP('',(#2102));
#3462=EDGE_LOOP('',(#2103,#2104,#2105,#2106));
#3463=EDGE_LOOP('',(#2107,#2108,#2109,#2110));
#3464=EDGE_LOOP('',(#2111,#2112,#2113,#2114));
#3465=EDGE_LOOP('',(#2115,#2116,#2117,#2118));
#3466=EDGE_LOOP('',(#2119,#2120,#2121,#2122));
#3467=EDGE_LOOP('',(#2123,#2124,#2125,#2126));
#3468=EDGE_LOOP('',(#2127,#2128,#2129,#2130));
#3469=EDGE_LOOP('',(#2131,#2132,#2133,#2134));
#3470=EDGE_LOOP('',(#2135));
#3471=EDGE_LOOP('',(#2136));
#3472=EDGE_LOOP('',(#2137));
#3473=EDGE_LOOP('',(#2138));
#3474=EDGE_LOOP('',(#2139,#2140,#2141,#2142));
#3475=EDGE_LOOP('',(#2143,#2144,#2145,#2146));
#3476=EDGE_LOOP('',(#2147,#2148,#2149,#2150));
#3477=EDGE_LOOP('',(#2151,#2152,#2153,#2154));
#3478=EDGE_LOOP('',(#2155,#2156,#2157,#2158));
#3479=EDGE_LOOP('',(#2159,#2160,#2161,#2162));
#3480=EDGE_LOOP('',(#2163,#2164,#2165,#2166));
#3481=EDGE_LOOP('',(#2167,#2168,#2169,#2170));
#3482=EDGE_LOOP('',(#2171,#2172,#2173,#2174));
#3483=EDGE_LOOP('',(#2175,#2176,#2177,#2178));
#3484=EDGE_LOOP('',(#2179,#2180,#2181,#2182));
#3485=EDGE_LOOP('',(#2183,#2184,#2185,#2186));
#3486=EDGE_LOOP('',(#2187,#2188,#2189,#2190));
#3487=EDGE_LOOP('',(#2191,#2192,#2193,#2194));
#3488=EDGE_LOOP('',(#2195,#2196,#2197,#2198));
#3489=EDGE_LOOP('',(#2199,#2200,#2201,#2202));
#3490=EDGE_LOOP('',(#2203,#2204,#2205,#2206,#2207,#2208));
#3491=EDGE_LOOP('',(#2209,#2210,#2211,#2212,#2213,#2214));
#3492=EDGE_LOOP('',(#2215,#2216,#2217,#2218,#2219));
#3493=EDGE_LOOP('',(#2220,#2221,#2222,#2223));
#3494=EDGE_LOOP('',(#2224,#2225,#2226,#2227));
#3495=EDGE_LOOP('',(#2228,#2229,#2230,#2231));
#3496=EDGE_LOOP('',(#2232,#2233,#2234));
#3497=EDGE_LOOP('',(#2235,#2236,#2237,#2238));
#3498=EDGE_LOOP('',(#2239,#2240,#2241,#2242));
#3499=EDGE_LOOP('',(#2243,#2244,#2245,#2246));
#3500=EDGE_LOOP('',(#2247,#2248,#2249,#2250));
#3501=EDGE_LOOP('',(#2251,#2252,#2253,#2254));
#3502=EDGE_LOOP('',(#2255,#2256,#2257));
#3503=EDGE_LOOP('',(#2258,#2259,#2260,#2261));
#3504=FACE_BOUND('',#3253,.T.);
#3505=FACE_BOUND('',#3254,.T.);
#3506=FACE_BOUND('',#3255,.T.);
#3507=FACE_BOUND('',#3256,.T.);
#3508=FACE_BOUND('',#3257,.T.);
#3509=FACE_BOUND('',#3258,.T.);
#3510=FACE_BOUND('',#3259,.T.);
#3511=FACE_BOUND('',#3260,.T.);
#3512=FACE_BOUND('',#3261,.T.);
#3513=FACE_BOUND('',#3262,.T.);
#3514=FACE_BOUND('',#3263,.T.);
#3515=FACE_BOUND('',#3264,.T.);
#3516=FACE_BOUND('',#3265,.T.);
#3517=FACE_BOUND('',#3266,.T.);
#3518=FACE_BOUND('',#3267,.T.);
#3519=FACE_BOUND('',#3268,.T.);
#3520=FACE_BOUND('',#3269,.T.);
#3521=FACE_BOUND('',#3270,.T.);
#3522=FACE_BOUND('',#3271,.T.);
#3523=FACE_BOUND('',#3272,.T.);
#3524=FACE_BOUND('',#3273,.T.);
#3525=FACE_BOUND('',#3274,.T.);
#3526=FACE_BOUND('',#3275,.T.);
#3527=FACE_BOUND('',#3276,.T.);
#3528=FACE_BOUND('',#3277,.T.);
#3529=FACE_BOUND('',#3278,.T.);
#3530=FACE_BOUND('',#3279,.T.);
#3531=FACE_BOUND('',#3280,.T.);
#3532=FACE_BOUND('',#3281,.T.);
#3533=FACE_BOUND('',#3282,.T.);
#3534=FACE_BOUND('',#3283,.T.);
#3535=FACE_BOUND('',#3284,.T.);
#3536=FACE_BOUND('',#3285,.T.);
#3537=FACE_BOUND('',#3286,.T.);
#3538=FACE_BOUND('',#3287,.T.);
#3539=FACE_BOUND('',#3288,.T.);
#3540=FACE_BOUND('',#3289,.T.);
#3541=FACE_BOUND('',#3290,.T.);
#3542=FACE_BOUND('',#3291,.T.);
#3543=FACE_BOUND('',#3292,.T.);
#3544=FACE_BOUND('',#3293,.T.);
#3545=FACE_BOUND('',#3294,.T.);
#3546=FACE_BOUND('',#3295,.T.);
#3547=FACE_BOUND('',#3296,.T.);
#3548=FACE_BOUND('',#3297,.T.);
#3549=FACE_BOUND('',#3298,.T.);
#3550=FACE_BOUND('',#3299,.T.);
#3551=FACE_BOUND('',#3300,.T.);
#3552=FACE_BOUND('',#3301,.T.);
#3553=FACE_BOUND('',#3302,.T.);
#3554=FACE_BOUND('',#3303,.T.);
#3555=FACE_BOUND('',#3304,.T.);
#3556=FACE_BOUND('',#3305,.T.);
#3557=FACE_BOUND('',#3306,.T.);
#3558=FACE_BOUND('',#3307,.T.);
#3559=FACE_BOUND('',#3308,.T.);
#3560=FACE_BOUND('',#3309,.T.);
#3561=FACE_BOUND('',#3310,.T.);
#3562=FACE_BOUND('',#3311,.T.);
#3563=FACE_BOUND('',#3312,.T.);
#3564=FACE_BOUND('',#3313,.T.);
#3565=FACE_BOUND('',#3314,.T.);
#3566=FACE_BOUND('',#3315,.T.);
#3567=FACE_BOUND('',#3316,.T.);
#3568=FACE_BOUND('',#3317,.T.);
#3569=FACE_BOUND('',#3318,.T.);
#3570=FACE_BOUND('',#3319,.T.);
#3571=FACE_BOUND('',#3320,.T.);
#3572=FACE_BOUND('',#3321,.T.);
#3573=FACE_BOUND('',#3322,.T.);
#3574=FACE_BOUND('',#3323,.T.);
#3575=FACE_BOUND('',#3324,.T.);
#3576=FACE_BOUND('',#3325,.T.);
#3577=FACE_BOUND('',#3326,.T.);
#3578=FACE_BOUND('',#3327,.T.);
#3579=FACE_BOUND('',#3328,.T.);
#3580=FACE_BOUND('',#3329,.T.);
#3581=FACE_BOUND('',#3330,.T.);
#3582=FACE_BOUND('',#3331,.T.);
#3583=FACE_BOUND('',#3332,.T.);
#3584=FACE_BOUND('',#3333,.T.);
#3585=FACE_BOUND('',#3334,.T.);
#3586=FACE_BOUND('',#3335,.T.);
#3587=FACE_BOUND('',#3336,.T.);
#3588=FACE_BOUND('',#3337,.T.);
#3589=FACE_BOUND('',#3338,.T.);
#3590=FACE_BOUND('',#3339,.T.);
#3591=FACE_BOUND('',#3340,.T.);
#3592=FACE_BOUND('',#3341,.T.);
#3593=FACE_BOUND('',#3342,.T.);
#3594=FACE_BOUND('',#3343,.T.);
#3595=FACE_BOUND('',#3344,.T.);
#3596=FACE_BOUND('',#3345,.T.);
#3597=FACE_BOUND('',#3346,.T.);
#3598=FACE_BOUND('',#3347,.T.);
#3599=FACE_BOUND('',#3348,.T.);
#3600=FACE_BOUND('',#3349,.T.);
#3601=FACE_BOUND('',#3350,.T.);
#3602=FACE_BOUND('',#3351,.T.);
#3603=FACE_BOUND('',#3352,.T.);
#3604=FACE_BOUND('',#3353,.T.);
#3605=FACE_BOUND('',#3354,.T.);
#3606=FACE_BOUND('',#3355,.T.);
#3607=FACE_BOUND('',#3356,.T.);
#3608=FACE_BOUND('',#3357,.T.);
#3609=FACE_BOUND('',#3358,.T.);
#3610=FACE_BOUND('',#3359,.T.);
#3611=FACE_BOUND('',#3360,.T.);
#3612=FACE_BOUND('',#3361,.T.);
#3613=FACE_BOUND('',#3362,.T.);
#3614=FACE_BOUND('',#3363,.T.);
#3615=FACE_BOUND('',#3364,.T.);
#3616=FACE_BOUND('',#3365,.T.);
#3617=FACE_BOUND('',#3366,.T.);
#3618=FACE_BOUND('',#3367,.T.);
#3619=FACE_BOUND('',#3368,.T.);
#3620=FACE_BOUND('',#3369,.T.);
#3621=FACE_BOUND('',#3370,.T.);
#3622=FACE_BOUND('',#3371,.T.);
#3623=FACE_BOUND('',#3372,.T.);
#3624=FACE_BOUND('',#3373,.T.);
#3625=FACE_BOUND('',#3374,.T.);
#3626=FACE_BOUND('',#3375,.T.);
#3627=FACE_BOUND('',#3376,.T.);
#3628=FACE_BOUND('',#3377,.T.);
#3629=FACE_BOUND('',#3378,.T.);
#3630=FACE_BOUND('',#3379,.T.);
#3631=FACE_BOUND('',#3380,.T.);
#3632=FACE_BOUND('',#3381,.T.);
#3633=FACE_BOUND('',#3382,.T.);
#3634=FACE_BOUND('',#3383,.T.);
#3635=FACE_BOUND('',#3384,.T.);
#3636=FACE_BOUND('',#3385,.T.);
#3637=FACE_BOUND('',#3386,.T.);
#3638=FACE_BOUND('',#3387,.T.);
#3639=FACE_BOUND('',#3388,.T.);
#3640=FACE_BOUND('',#3389,.T.);
#3641=FACE_BOUND('',#3390,.T.);
#3642=FACE_BOUND('',#3391,.T.);
#3643=FACE_BOUND('',#3392,.T.);
#3644=FACE_BOUND('',#3393,.T.);
#3645=FACE_BOUND('',#3394,.T.);
#3646=FACE_BOUND('',#3395,.T.);
#3647=FACE_BOUND('',#3396,.T.);
#3648=FACE_BOUND('',#3397,.T.);
#3649=FACE_BOUND('',#3398,.T.);
#3650=FACE_BOUND('',#3399,.T.);
#3651=FACE_BOUND('',#3400,.T.);
#3652=FACE_BOUND('',#3401,.T.);
#3653=FACE_BOUND('',#3402,.T.);
#3654=FACE_BOUND('',#3403,.T.);
#3655=FACE_BOUND('',#3404,.T.);
#3656=FACE_BOUND('',#3405,.T.);
#3657=FACE_BOUND('',#3406,.T.);
#3658=FACE_BOUND('',#3407,.T.);
#3659=FACE_BOUND('',#3408,.T.);
#3660=FACE_BOUND('',#3409,.T.);
#3661=FACE_BOUND('',#3410,.T.);
#3662=FACE_BOUND('',#3411,.T.);
#3663=FACE_BOUND('',#3412,.T.);
#3664=FACE_BOUND('',#3413,.T.);
#3665=FACE_BOUND('',#3414,.T.);
#3666=FACE_BOUND('',#3415,.T.);
#3667=FACE_BOUND('',#3416,.T.);
#3668=FACE_BOUND('',#3417,.T.);
#3669=FACE_BOUND('',#3418,.T.);
#3670=FACE_BOUND('',#3419,.T.);
#3671=FACE_BOUND('',#3420,.T.);
#3672=FACE_BOUND('',#3421,.T.);
#3673=FACE_BOUND('',#3422,.T.);
#3674=FACE_BOUND('',#3423,.T.);
#3675=FACE_BOUND('',#3424,.T.);
#3676=FACE_BOUND('',#3425,.T.);
#3677=FACE_BOUND('',#3426,.T.);
#3678=FACE_BOUND('',#3427,.T.);
#3679=FACE_BOUND('',#3428,.T.);
#3680=FACE_BOUND('',#3429,.T.);
#3681=FACE_BOUND('',#3430,.T.);
#3682=FACE_BOUND('',#3431,.T.);
#3683=FACE_BOUND('',#3432,.T.);
#3684=FACE_BOUND('',#3433,.T.);
#3685=FACE_BOUND('',#3434,.T.);
#3686=FACE_BOUND('',#3435,.T.);
#3687=FACE_BOUND('',#3436,.T.);
#3688=FACE_BOUND('',#3437,.T.);
#3689=FACE_BOUND('',#3438,.T.);
#3690=FACE_BOUND('',#3439,.T.);
#3691=FACE_BOUND('',#3440,.T.);
#3692=FACE_BOUND('',#3441,.T.);
#3693=FACE_BOUND('',#3442,.T.);
#3694=FACE_BOUND('',#3443,.T.);
#3695=FACE_BOUND('',#3444,.T.);
#3696=FACE_BOUND('',#3445,.T.);
#3697=FACE_BOUND('',#3446,.T.);
#3698=FACE_BOUND('',#3447,.T.);
#3699=FACE_BOUND('',#3448,.T.);
#3700=FACE_BOUND('',#3449,.T.);
#3701=FACE_BOUND('',#3450,.T.);
#3702=FACE_BOUND('',#3451,.T.);
#3703=FACE_BOUND('',#3452,.T.);
#3704=FACE_BOUND('',#3453,.T.);
#3705=FACE_BOUND('',#3454,.T.);
#3706=FACE_BOUND('',#3455,.T.);
#3707=FACE_BOUND('',#3456,.T.);
#3708=FACE_BOUND('',#3457,.T.);
#3709=FACE_BOUND('',#3458,.T.);
#3710=FACE_BOUND('',#3459,.T.);
#3711=FACE_BOUND('',#3460,.T.);
#3712=FACE_BOUND('',#3461,.T.);
#3713=FACE_BOUND('',#3462,.T.);
#3714=FACE_BOUND('',#3463,.T.);
#3715=FACE_BOUND('',#3464,.T.);
#3716=FACE_BOUND('',#3465,.T.);
#3717=FACE_BOUND('',#3466,.T.);
#3718=FACE_BOUND('',#3467,.T.);
#3719=FACE_BOUND('',#3468,.T.);
#3720=FACE_BOUND('',#3469,.T.);
#3721=FACE_BOUND('',#3470,.T.);
#3722=FACE_BOUND('',#3471,.T.);
#3723=FACE_BOUND('',#3472,.T.);
#3724=FACE_BOUND('',#3473,.T.);
#3725=FACE_BOUND('',#3474,.T.);
#3726=FACE_BOUND('',#3475,.T.);
#3727=FACE_BOUND('',#3476,.T.);
#3728=FACE_BOUND('',#3477,.T.);
#3729=FACE_BOUND('',#3478,.T.);
#3730=FACE_BOUND('',#3479,.T.);
#3731=FACE_BOUND('',#3480,.T.);
#3732=FACE_BOUND('',#3481,.T.);
#3733=FACE_BOUND('',#3482,.T.);
#3734=FACE_BOUND('',#3483,.T.);
#3735=FACE_BOUND('',#3484,.T.);
#3736=FACE_BOUND('',#3485,.T.);
#3737=FACE_BOUND('',#3486,.T.);
#3738=FACE_BOUND('',#3487,.T.);
#3739=FACE_BOUND('',#3488,.T.);
#3740=FACE_BOUND('',#3489,.T.);
#3741=FACE_BOUND('',#3490,.T.);
#3742=FACE_BOUND('',#3491,.T.);
#3743=FACE_BOUND('',#3492,.T.);
#3744=FACE_BOUND('',#3493,.T.);
#3745=FACE_BOUND('',#3494,.T.);
#3746=FACE_BOUND('',#3495,.T.);
#3747=FACE_BOUND('',#3496,.T.);
#3748=FACE_BOUND('',#3497,.T.);
#3749=FACE_BOUND('',#3498,.T.);
#3750=FACE_BOUND('',#3499,.T.);
#3751=FACE_BOUND('',#3500,.T.);
#3752=FACE_BOUND('',#3501,.T.);
#3753=FACE_BOUND('',#3502,.T.);
#3754=FACE_BOUND('',#3503,.T.);
#3755=PLANE('',#4109);
#3756=PLANE('',#4112);
#3757=PLANE('',#4118);
#3758=PLANE('',#4125);
#3759=PLANE('',#4134);
#3760=PLANE('',#4143);
#3761=PLANE('',#4159);
#3762=PLANE('',#4176);
#3763=PLANE('',#4177);
#3764=PLANE('',#4194);
#3765=PLANE('',#4195);
#3766=PLANE('',#4196);
#3767=PLANE('',#4199);
#3768=PLANE('',#4200);
#3769=PLANE('',#4201);
#3770=PLANE('',#4205);
#3771=PLANE('',#4209);
#3772=PLANE('',#4210);
#3773=PLANE('',#4211);
#3774=PLANE('',#4212);
#3775=PLANE('',#4214);
#3776=PLANE('',#4215);
#3777=PLANE('',#4231);
#3778=PLANE('',#4233);
#3779=PLANE('',#4241);
#3780=PLANE('',#4245);
#3781=PLANE('',#4246);
#3782=PLANE('',#4247);
#3783=PLANE('',#4248);
#3784=PLANE('',#4249);
#3785=PLANE('',#4250);
#3786=PLANE('',#4252);
#3787=PLANE('',#4254);
#3788=PLANE('',#4256);
#3789=PLANE('',#4258);
#3790=PLANE('',#4260);
#3791=PLANE('',#4262);
#3792=PLANE('',#4263);
#3793=PLANE('',#4264);
#3794=PLANE('',#4265);
#3795=PLANE('',#4266);
#3796=PLANE('',#4267);
#3797=PLANE('',#4268);
#3798=PLANE('',#4269);
#3799=PLANE('',#4270);
#3800=PLANE('',#4271);
#3801=PLANE('',#4272);
#3802=PLANE('',#4273);
#3803=PLANE('',#4274);
#3804=PLANE('',#4275);
#3805=PLANE('',#4276);
#3806=PLANE('',#4278);
#3807=PLANE('',#4279);
#3808=PLANE('',#4280);
#3809=PLANE('',#4282);
#3810=PLANE('',#4283);
#3811=PLANE('',#4284);
#3812=PLANE('',#4285);
#3813=PLANE('',#4286);
#3814=PLANE('',#4287);
#3815=PLANE('',#4288);
#3816=PLANE('',#4289);
#3817=PLANE('',#4290);
#3818=PLANE('',#4291);
#3819=PLANE('',#4295);
#3820=PLANE('',#4296);
#3821=PLANE('',#4297);
#3822=PLANE('',#4298);
#3823=PLANE('',#4299);
#3824=PLANE('',#4300);
#3825=PLANE('',#4301);
#3826=PLANE('',#4302);
#3827=PLANE('',#4303);
#3828=PLANE('',#4306);
#3829=PLANE('',#4311);
#3830=PLANE('',#4312);
#3831=PLANE('',#4313);
#3832=PLANE('',#4314);
#3833=PLANE('',#4315);
#3834=PLANE('',#4317);
#3835=PLANE('',#4320);
#3836=PLANE('',#4321);
#3837=PLANE('',#4322);
#3838=PLANE('',#4325);
#3839=PLANE('',#4334);
#3840=PLANE('',#4339);
#3841=PLANE('',#4340);
#3842=PLANE('',#4341);
#3843=PLANE('',#4345);
#3844=PLANE('',#4346);
#3845=PLANE('',#4347);
#3846=PLANE('',#4348);
#3847=PLANE('',#4349);
#3848=PLANE('',#4350);
#3849=PLANE('',#4351);
#3850=PLANE('',#4352);
#3851=PLANE('',#4353);
#3852=PLANE('',#4354);
#3853=PLANE('',#4355);
#3854=PLANE('',#4356);
#3855=PLANE('',#4360);
#3856=PLANE('',#4361);
#3857=PLANE('',#4362);
#3858=PLANE('',#4363);
#3859=PLANE('',#4364);
#3860=PLANE('',#4365);
#3861=PLANE('',#4366);
#3862=PLANE('',#4367);
#3863=PLANE('',#4368);
#3864=PLANE('',#4369);
#3865=PLANE('',#4370);
#3866=PLANE('',#4371);
#3867=PLANE('',#4372);
#3868=PLANE('',#4373);
#3869=PLANE('',#4374);
#3870=PLANE('',#4375);
#3871=PLANE('',#4376);
#3872=PLANE('',#4377);
#3873=PLANE('',#4378);
#3874=PLANE('',#4379);
#3875=PLANE('',#4381);
#3876=PLANE('',#4384);
#3877=PLANE('',#4386);
#3878=PLANE('',#4387);
#3879=PLANE('',#4388);
#3880=PLANE('',#4389);
#3881=PLANE('',#4390);
#3882=PLANE('',#4391);
#3883=PLANE('',#4392);
#3884=PLANE('',#4393);
#3885=PLANE('',#4394);
#3886=ADVANCED_FACE('',(#3504),#3755,.T.);
#3887=ADVANCED_FACE('',(#3505),#3756,.T.);
#3888=ADVANCED_FACE('',(#3506),#161,.F.);
#3889=ADVANCED_FACE('',(#3507),#3757,.F.);
#3890=ADVANCED_FACE('',(#3508),#162,.F.);
#3891=ADVANCED_FACE('',(#3509,#3510,#3511,#3512,#3513),#3758,.T.);
#3892=ADVANCED_FACE('',(#3514,#3515,#3516,#3517,#3518),#3759,.F.);
#3893=ADVANCED_FACE('',(#3519,#3520,#3521,#3522,#3523,#3524),#3760,.F.);
#3894=ADVANCED_FACE('',(#3525,#3526,#3527,#3528,#3529,#3530),#3761,.T.);
#3895=ADVANCED_FACE('',(#3531),#3762,.T.);
#3896=ADVANCED_FACE('',(#3532,#3533,#3534,#3535,#3536,#3537),#3763,.T.);
#3897=ADVANCED_FACE('',(#3538),#3764,.T.);
#3898=ADVANCED_FACE('',(#3539),#3765,.T.);
#3899=ADVANCED_FACE('',(#3540),#3766,.T.);
#3900=ADVANCED_FACE('',(#3541),#3767,.T.);
#3901=ADVANCED_FACE('',(#3542),#3768,.F.);
#3902=ADVANCED_FACE('',(#3543),#3769,.F.);
#3903=ADVANCED_FACE('',(#3544,#3545),#3770,.F.);
#3904=ADVANCED_FACE('',(#3546),#3771,.F.);
#3905=ADVANCED_FACE('',(#3547),#3772,.T.);
#3906=ADVANCED_FACE('',(#3548),#3773,.F.);
#3907=ADVANCED_FACE('',(#3549),#3774,.F.);
#3908=ADVANCED_FACE('',(#3550),#3775,.F.);
#3909=ADVANCED_FACE('',(#3551,#3552,#3553,#3554,#3555,#3556),#3776,.F.);
#3910=ADVANCED_FACE('',(#3557),#3777,.T.);
#3911=ADVANCED_FACE('',(#3558),#3778,.T.);
#3912=ADVANCED_FACE('',(#3559),#163,.F.);
#3913=ADVANCED_FACE('',(#3560),#164,.F.);
#3914=ADVANCED_FACE('',(#3561),#3779,.F.);
#3915=ADVANCED_FACE('',(#3562),#3780,.F.);
#3916=ADVANCED_FACE('',(#3563),#3781,.F.);
#3917=ADVANCED_FACE('',(#3564),#3782,.T.);
#3918=ADVANCED_FACE('',(#3565),#3783,.T.);
#3919=ADVANCED_FACE('',(#3566),#3784,.T.);
#3920=ADVANCED_FACE('',(#3567),#3785,.F.);
#3921=ADVANCED_FACE('',(#3568),#3786,.T.);
#3922=ADVANCED_FACE('',(#3569),#3787,.T.);
#3923=ADVANCED_FACE('',(#3570),#3788,.T.);
#3924=ADVANCED_FACE('',(#3571),#3789,.T.);
#3925=ADVANCED_FACE('',(#3572),#3790,.F.);
#3926=ADVANCED_FACE('',(#3573),#3791,.T.);
#3927=ADVANCED_FACE('',(#3574),#3792,.F.);
#3928=ADVANCED_FACE('',(#3575),#3793,.T.);
#3929=ADVANCED_FACE('',(#3576),#3794,.F.);
#3930=ADVANCED_FACE('',(#3577),#3795,.F.);
#3931=ADVANCED_FACE('',(#3578),#3796,.T.);
#3932=ADVANCED_FACE('',(#3579),#3797,.F.);
#3933=ADVANCED_FACE('',(#3580),#3798,.F.);
#3934=ADVANCED_FACE('',(#3581),#3799,.F.);
#3935=ADVANCED_FACE('',(#3582),#3800,.T.);
#3936=ADVANCED_FACE('',(#3583),#3801,.T.);
#3937=ADVANCED_FACE('',(#3584),#3802,.F.);
#3938=ADVANCED_FACE('',(#3585),#3803,.T.);
#3939=ADVANCED_FACE('',(#3586),#3804,.F.);
#3940=ADVANCED_FACE('',(#3587),#3805,.F.);
#3941=ADVANCED_FACE('',(#3588),#3806,.F.);
#3942=ADVANCED_FACE('',(#3589),#3807,.T.);
#3943=ADVANCED_FACE('',(#3590),#3808,.F.);
#3944=ADVANCED_FACE('',(#3591),#3809,.F.);
#3945=ADVANCED_FACE('',(#3592),#3810,.T.);
#3946=ADVANCED_FACE('',(#3593),#3811,.T.);
#3947=ADVANCED_FACE('',(#3594),#3812,.F.);
#3948=ADVANCED_FACE('',(#3595),#3813,.T.);
#3949=ADVANCED_FACE('',(#3596),#3814,.T.);
#3950=ADVANCED_FACE('',(#3597),#3815,.T.);
#3951=ADVANCED_FACE('',(#3598),#3816,.T.);
#3952=ADVANCED_FACE('',(#3599),#3817,.T.);
#3953=ADVANCED_FACE('',(#3600,#3601),#3818,.F.);
#3954=ADVANCED_FACE('',(#3602),#165,.T.);
#3955=ADVANCED_FACE('',(#3603),#166,.T.);
#3956=ADVANCED_FACE('',(#3604),#3819,.F.);
#3957=ADVANCED_FACE('',(#3605),#3820,.F.);
#3958=ADVANCED_FACE('',(#3606),#3821,.F.);
#3959=ADVANCED_FACE('',(#3607),#3822,.F.);
#3960=ADVANCED_FACE('',(#3608),#3823,.F.);
#3961=ADVANCED_FACE('',(#3609),#3824,.F.);
#3962=ADVANCED_FACE('',(#3610),#3825,.T.);
#3963=ADVANCED_FACE('',(#3611),#3826,.T.);
#3964=ADVANCED_FACE('',(#3612),#3827,.T.);
#3965=ADVANCED_FACE('',(#3613,#3614),#3828,.T.);
#3966=ADVANCED_FACE('',(#3615,#3616),#167,.F.);
#3967=ADVANCED_FACE('',(#3617,#3618),#168,.F.);
#3968=ADVANCED_FACE('',(#3619),#3829,.F.);
#3969=ADVANCED_FACE('',(#3620),#3830,.F.);
#3970=ADVANCED_FACE('',(#3621),#3831,.T.);
#3971=ADVANCED_FACE('',(#3622),#3832,.F.);
#3972=ADVANCED_FACE('',(#3623),#3833,.F.);
#3973=ADVANCED_FACE('',(#3624),#3834,.F.);
#3974=ADVANCED_FACE('',(#3625,#3626),#22,.T.);
#3975=ADVANCED_FACE('',(#3627,#3628),#23,.T.);
#3976=ADVANCED_FACE('',(#3629),#3835,.F.);
#3977=ADVANCED_FACE('',(#3630),#3836,.F.);
#3978=ADVANCED_FACE('',(#3631),#3837,.F.);
#3979=ADVANCED_FACE('',(#3632),#169,.F.);
#3980=ADVANCED_FACE('',(#3633),#3838,.F.);
#3981=ADVANCED_FACE('',(#3634),#170,.F.);
#3982=ADVANCED_FACE('',(#3635),#171,.F.);
#3983=ADVANCED_FACE('',(#3636),#172,.F.);
#3984=ADVANCED_FACE('',(#3637),#20,.F.);
#3985=ADVANCED_FACE('',(#3638),#3839,.F.);
#3986=ADVANCED_FACE('',(#3639),#21,.F.);
#3987=ADVANCED_FACE('',(#3640),#12,.T.);
#3988=ADVANCED_FACE('',(#3641),#173,.T.);
#3989=ADVANCED_FACE('',(#3642),#13,.T.);
#3990=ADVANCED_FACE('',(#3643),#3840,.T.);
#3991=ADVANCED_FACE('',(#3644),#3841,.F.);
#3992=ADVANCED_FACE('',(#3645),#3842,.T.);
#3993=ADVANCED_FACE('',(#3646,#3647),#174,.F.);
#3994=ADVANCED_FACE('',(#3648),#3843,.T.);
#3995=ADVANCED_FACE('',(#3649),#3844,.T.);
#3996=ADVANCED_FACE('',(#3650),#3845,.T.);
#3997=ADVANCED_FACE('',(#3651),#3846,.T.);
#3998=ADVANCED_FACE('',(#3652),#3847,.F.);
#3999=ADVANCED_FACE('',(#3653),#3848,.F.);
#4000=ADVANCED_FACE('',(#3654),#3849,.T.);
#4001=ADVANCED_FACE('',(#3655),#3850,.T.);
#4002=ADVANCED_FACE('',(#3656),#3851,.F.);
#4003=ADVANCED_FACE('',(#3657),#3852,.T.);
#4004=ADVANCED_FACE('',(#3658),#3853,.F.);
#4005=ADVANCED_FACE('',(#3659),#3854,.F.);
#4006=ADVANCED_FACE('',(#3660,#3661),#175,.F.);
#4007=ADVANCED_FACE('',(#3662),#3855,.T.);
#4008=ADVANCED_FACE('',(#3663),#3856,.F.);
#4009=ADVANCED_FACE('',(#3664),#3857,.F.);
#4010=ADVANCED_FACE('',(#3665),#3858,.T.);
#4011=ADVANCED_FACE('',(#3666),#3859,.F.);
#4012=ADVANCED_FACE('',(#3667),#3860,.F.);
#4013=ADVANCED_FACE('',(#3668),#3861,.T.);
#4014=ADVANCED_FACE('',(#3669),#3862,.F.);
#4015=ADVANCED_FACE('',(#3670),#3863,.F.);
#4016=ADVANCED_FACE('',(#3671),#3864,.T.);
#4017=ADVANCED_FACE('',(#3672),#3865,.F.);
#4018=ADVANCED_FACE('',(#3673),#3866,.F.);
#4019=ADVANCED_FACE('',(#3674),#3867,.F.);
#4020=ADVANCED_FACE('',(#3675),#3868,.T.);
#4021=ADVANCED_FACE('',(#3676),#3869,.F.);
#4022=ADVANCED_FACE('',(#3677),#3870,.T.);
#4023=ADVANCED_FACE('',(#3678),#3871,.T.);
#4024=ADVANCED_FACE('',(#3679),#3872,.T.);
#4025=ADVANCED_FACE('',(#3680),#3873,.T.);
#4026=ADVANCED_FACE('',(#3681),#3874,.T.);
#4027=ADVANCED_FACE('',(#3682),#176,.T.);
#4028=ADVANCED_FACE('',(#3683),#3875,.T.);
#4029=ADVANCED_FACE('',(#3684),#177,.F.);
#4030=ADVANCED_FACE('',(#3685),#178,.F.);
#4031=ADVANCED_FACE('',(#3686),#3876,.T.);
#4032=ADVANCED_FACE('',(#3687),#179,.T.);
#4033=ADVANCED_FACE('',(#3688),#3877,.T.);
#4034=ADVANCED_FACE('',(#3689),#3878,.F.);
#4035=ADVANCED_FACE('',(#3690),#3879,.T.);
#4036=ADVANCED_FACE('',(#3691),#3880,.F.);
#4037=ADVANCED_FACE('',(#3692),#3881,.F.);
#4038=ADVANCED_FACE('',(#3693),#3882,.F.);
#4039=ADVANCED_FACE('',(#3694),#3883,.F.);
#4040=ADVANCED_FACE('',(#3695),#3884,.F.);
#4041=ADVANCED_FACE('',(#3696),#3885,.F.);
#4042=ADVANCED_FACE('',(#3697),#180,.T.);
#4043=ADVANCED_FACE('',(#3698),#181,.T.);
#4044=ADVANCED_FACE('',(#3699),#182,.T.);
#4045=ADVANCED_FACE('',(#3700),#183,.T.);
#4046=ADVANCED_FACE('',(#3701),#184,.F.);
#4047=ADVANCED_FACE('',(#3702),#185,.F.);
#4048=ADVANCED_FACE('',(#3703),#186,.F.);
#4049=ADVANCED_FACE('',(#3704),#187,.F.);
#4050=ADVANCED_FACE('',(#3705),#188,.F.);
#4051=ADVANCED_FACE('',(#3706),#189,.F.);
#4052=ADVANCED_FACE('',(#3707),#190,.F.);
#4053=ADVANCED_FACE('',(#3708),#191,.F.);
#4054=ADVANCED_FACE('',(#3709,#3710),#24,.T.);
#4055=ADVANCED_FACE('',(#3711,#3712),#25,.T.);
#4056=ADVANCED_FACE('',(#3713),#192,.F.);
#4057=ADVANCED_FACE('',(#3714),#193,.F.);
#4058=ADVANCED_FACE('',(#3715),#194,.F.);
#4059=ADVANCED_FACE('',(#3716),#195,.F.);
#4060=ADVANCED_FACE('',(#3717),#196,.F.);
#4061=ADVANCED_FACE('',(#3718),#197,.F.);
#4062=ADVANCED_FACE('',(#3719),#198,.F.);
#4063=ADVANCED_FACE('',(#3720),#199,.F.);
#4064=ADVANCED_FACE('',(#3721,#3722),#26,.T.);
#4065=ADVANCED_FACE('',(#3723,#3724),#27,.T.);
#4066=ADVANCED_FACE('',(#3725),#200,.F.);
#4067=ADVANCED_FACE('',(#3726),#201,.F.);
#4068=ADVANCED_FACE('',(#3727),#202,.F.);
#4069=ADVANCED_FACE('',(#3728),#203,.F.);
#4070=ADVANCED_FACE('',(#3729),#204,.F.);
#4071=ADVANCED_FACE('',(#3730),#205,.F.);
#4072=ADVANCED_FACE('',(#3731),#206,.F.);
#4073=ADVANCED_FACE('',(#3732),#207,.F.);
#4074=ADVANCED_FACE('',(#3733),#208,.F.);
#4075=ADVANCED_FACE('',(#3734),#209,.F.);
#4076=ADVANCED_FACE('',(#3735),#210,.F.);
#4077=ADVANCED_FACE('',(#3736),#211,.F.);
#4078=ADVANCED_FACE('',(#3737),#212,.T.);
#4079=ADVANCED_FACE('',(#3738),#213,.T.);
#4080=ADVANCED_FACE('',(#3739),#214,.T.);
#4081=ADVANCED_FACE('',(#3740),#215,.T.);
#4082=ADVANCED_FACE('',(#3741),#216,.F.);
#4083=ADVANCED_FACE('',(#3742),#217,.F.);
#4084=ADVANCED_FACE('',(#3743),#218,.T.);
#4085=ADVANCED_FACE('',(#3744),#14,.T.);
#4086=ADVANCED_FACE('',(#3745),#15,.T.);
#4087=ADVANCED_FACE('',(#3746),#219,.T.);
#4088=ADVANCED_FACE('',(#3747),#16,.T.);
#4089=ADVANCED_FACE('',(#3748),#220,.T.);
#4090=ADVANCED_FACE('',(#3749),#221,.T.);
#4091=ADVANCED_FACE('',(#3750),#17,.T.);
#4092=ADVANCED_FACE('',(#3751),#18,.T.);
#4093=ADVANCED_FACE('',(#3752),#222,.T.);
#4094=ADVANCED_FACE('',(#3753),#19,.T.);
#4095=ADVANCED_FACE('',(#3754),#223,.T.);
#4096=CLOSED_SHELL('',(#3886,#3887,#3888,#3889,#3890,#3891,#3892,#3893,
#3894,#3895,#3896,#3897,#3898,#3899,#3900,#3901,#3902,#3903,#3904,#3905,
#3906,#3907,#3908,#3909,#3910,#3911,#3912,#3913,#3914,#3915,#3916,#3917,
#3918,#3919,#3920,#3921,#3922,#3923,#3924,#3925,#3926,#3927,#3928,#3929,
#3930,#3931,#3932,#3933,#3934,#3935,#3936,#3937,#3938,#3939,#3940,#3941,
#3942,#3943,#3944,#3945,#3946,#3947,#3948,#3949,#3950,#3951,#3952,#3953,
#3954,#3955,#3956,#3957,#3958,#3959,#3960,#3961,#3962,#3963,#3964,#3965,
#3966,#3967,#3968,#3969,#3970,#3971,#3972,#3973,#3974,#3975,#3976,#3977,
#3978,#3979,#3980,#3981,#3982,#3983,#3984,#3985,#3986,#3987,#3988,#3989,
#3990,#3991,#3992,#3993,#3994,#3995,#3996,#3997,#3998,#3999,#4000,#4001,
#4002,#4003,#4004,#4005,#4006,#4007,#4008,#4009,#4010,#4011,#4012,#4013,
#4014,#4015,#4016,#4017,#4018,#4019,#4020,#4021,#4022,#4023,#4024,#4025,
#4026,#4027,#4028,#4029,#4030,#4031,#4032,#4033,#4034,#4035,#4036,#4037,
#4038,#4039,#4040,#4041,#4042,#4043,#4044,#4045,#4046,#4047,#4048,#4049,
#4050,#4051,#4052,#4053,#4054,#4055,#4056,#4057,#4058,#4059,#4060,#4061,
#4062,#4063,#4064,#4065,#4066,#4067,#4068,#4069,#4070,#4071,#4072,#4073,
#4074,#4075,#4076,#4077,#4078,#4079,#4080,#4081,#4082,#4083,#4084,#4085,
#4086,#4087,#4088,#4089,#4090,#4091,#4092,#4093,#4094,#4095));
#4097=STYLED_ITEM('',(#4098),#4105);
#4098=PRESENTATION_STYLE_ASSIGNMENT((#4099));
#4099=SURFACE_STYLE_USAGE(.BOTH.,#4100);
#4100=SURFACE_SIDE_STYLE('',(#4101));
#4101=SURFACE_STYLE_FILL_AREA(#4102);
#4102=FILL_AREA_STYLE('',(#4103));
#4103=FILL_AREA_STYLE_COLOUR('',#4104);
#4104=COLOUR_RGB('',0.556862745098039,0.274509803921568,0.274509803921568);
#4105=MANIFOLD_SOLID_BREP('Part 1',#4096);
#4106=SHAPE_DEFINITION_REPRESENTATION(#6976,#4107);
#4107=SHAPE_REPRESENTATION('Part 1',(#4108),#6971);
#4108=AXIS2_PLACEMENT_3D('',#5593,#4459,#4460);
#4109=AXIS2_PLACEMENT_3D('',#5594,#4461,#4462);
#4110=AXIS2_PLACEMENT_3D('',#5595,#4463,#4464);
#4111=AXIS2_PLACEMENT_3D('',#5610,#4471,#4472);
#4112=AXIS2_PLACEMENT_3D('',#5611,#4473,#4474);
#4113=AXIS2_PLACEMENT_3D('',#5620,#4479,#4480);
#4114=AXIS2_PLACEMENT_3D('',#5624,#4482,#4483);
#4115=AXIS2_PLACEMENT_3D('',#5628,#4485,#4486);
#4116=AXIS2_PLACEMENT_3D('',#5632,#4488,#4489);
#4117=AXIS2_PLACEMENT_3D('',#5639,#4490,#4491);
#4118=AXIS2_PLACEMENT_3D('',#5640,#4492,#4493);
#4119=AXIS2_PLACEMENT_3D('',#5644,#4495,#4496);
#4120=AXIS2_PLACEMENT_3D('',#5646,#4497,#4498);
#4121=AXIS2_PLACEMENT_3D('',#5651,#4501,#4502);
#4122=AXIS2_PLACEMENT_3D('',#5655,#4504,#4505);
#4123=AXIS2_PLACEMENT_3D('',#5659,#4507,#4508);
#4124=AXIS2_PLACEMENT_3D('',#5666,#4509,#4510);
#4125=AXIS2_PLACEMENT_3D('',#5667,#4511,#4512);
#4126=AXIS2_PLACEMENT_3D('',#5668,#4513,#4514);
#4127=AXIS2_PLACEMENT_3D('',#5673,#4516,#4517);
#4128=AXIS2_PLACEMENT_3D('',#5683,#4523,#4524);
#4129=AXIS2_PLACEMENT_3D('',#5701,#4533,#4534);
#4130=AXIS2_PLACEMENT_3D('',#5705,#4536,#4537);
#4131=AXIS2_PLACEMENT_3D('',#5723,#4546,#4547);
#4132=AXIS2_PLACEMENT_3D('',#5742,#4557,#4558);
#4133=AXIS2_PLACEMENT_3D('',#5751,#4562,#4563);
#4134=AXIS2_PLACEMENT_3D('',#5754,#4565,#4566);
#4135=AXIS2_PLACEMENT_3D('',#5758,#4568,#4569);
#4136=AXIS2_PLACEMENT_3D('',#5766,#4573,#4574);
#4137=AXIS2_PLACEMENT_3D('',#5775,#4579,#4580);
#4138=AXIS2_PLACEMENT_3D('',#5780,#4582,#4583);
#4139=AXIS2_PLACEMENT_3D('',#5794,#4590,#4591);
#4140=AXIS2_PLACEMENT_3D('',#5810,#4599,#4600);
#4141=AXIS2_PLACEMENT_3D('',#5834,#4612,#4613);
#4142=AXIS2_PLACEMENT_3D('',#5838,#4615,#4616);
#4143=AXIS2_PLACEMENT_3D('',#5843,#4619,#4620);
#4144=AXIS2_PLACEMENT_3D('',#5844,#4621,#4622);
#4145=AXIS2_PLACEMENT_3D('',#5854,#4627,#4628);
#4146=AXIS2_PLACEMENT_3D('',#5857,#4629,#4630);
#4147=AXIS2_PLACEMENT_3D('',#5864,#4634,#4635);
#4148=AXIS2_PLACEMENT_3D('',#5867,#4636,#4637);
#4149=AXIS2_PLACEMENT_3D('',#5871,#4639,#4640);
#4150=AXIS2_PLACEMENT_3D('',#5875,#4642,#4643);
#4151=AXIS2_PLACEMENT_3D('',#5881,#4646,#4647);
#4152=AXIS2_PLACEMENT_3D('',#5883,#4648,#4649);
#4153=AXIS2_PLACEMENT_3D('',#5887,#4651,#4652);
#4154=AXIS2_PLACEMENT_3D('',#5891,#4654,#4655);
#4155=AXIS2_PLACEMENT_3D('',#5895,#4657,#4658);
#4156=AXIS2_PLACEMENT_3D('',#5897,#4659,#4660);
#4157=AXIS2_PLACEMENT_3D('',#5901,#4662,#4663);
#4158=AXIS2_PLACEMENT_3D('',#5905,#4665,#4666);
#4159=AXIS2_PLACEMENT_3D('',#5906,#4667,#4668);
#4160=AXIS2_PLACEMENT_3D('',#5907,#4669,#4670);
#4161=AXIS2_PLACEMENT_3D('',#5912,#4672,#4673);
#4162=AXIS2_PLACEMENT_3D('',#5916,#4675,#4676);
#4163=AXIS2_PLACEMENT_3D('',#5918,#4677,#4678);
#4164=AXIS2_PLACEMENT_3D('',#5922,#4680,#4681);
#4165=AXIS2_PLACEMENT_3D('',#5933,#4687,#4688);
#4166=AXIS2_PLACEMENT_3D('',#5935,#4689,#4690);
#4167=AXIS2_PLACEMENT_3D('',#5944,#4695,#4696);
#4168=AXIS2_PLACEMENT_3D('',#5949,#4698,#4699);
#4169=AXIS2_PLACEMENT_3D('',#5953,#4701,#4702);
#4170=AXIS2_PLACEMENT_3D('',#5955,#4703,#4704);
#4171=AXIS2_PLACEMENT_3D('',#5959,#4706,#4707);
#4172=AXIS2_PLACEMENT_3D('',#5963,#4709,#4710);
#4173=AXIS2_PLACEMENT_3D('',#5967,#4712,#4713);
#4174=AXIS2_PLACEMENT_3D('',#5969,#4714,#4715);
#4175=AXIS2_PLACEMENT_3D('',#5973,#4717,#4718);
#4176=AXIS2_PLACEMENT_3D('',#5974,#4719,#4720);
#4177=AXIS2_PLACEMENT_3D('',#5987,#4728,#4729);
#4178=AXIS2_PLACEMENT_3D('',#5988,#4730,#4731);
#4179=AXIS2_PLACEMENT_3D('',#5990,#4732,#4733);
#4180=AXIS2_PLACEMENT_3D('',#5992,#4734,#4735);
#4181=AXIS2_PLACEMENT_3D('',#5995,#4736,#4737);
#4182=AXIS2_PLACEMENT_3D('',#5999,#4739,#4740);
#4183=AXIS2_PLACEMENT_3D('',#6003,#4742,#4743);
#4184=AXIS2_PLACEMENT_3D('',#6006,#4745,#4746);
#4185=AXIS2_PLACEMENT_3D('',#6009,#4747,#4748);
#4186=AXIS2_PLACEMENT_3D('',#6013,#4750,#4751);
#4187=AXIS2_PLACEMENT_3D('',#6017,#4753,#4754);
#4188=AXIS2_PLACEMENT_3D('',#6023,#4757,#4758);
#4189=AXIS2_PLACEMENT_3D('',#6027,#4760,#4761);
#4190=AXIS2_PLACEMENT_3D('',#6031,#4763,#4764);
#4191=AXIS2_PLACEMENT_3D('',#6033,#4765,#4766);
#4192=AXIS2_PLACEMENT_3D('',#6045,#4773,#4774);
#4193=AXIS2_PLACEMENT_3D('',#6047,#4775,#4776);
#4194=AXIS2_PLACEMENT_3D('',#6050,#4778,#4779);
#4195=AXIS2_PLACEMENT_3D('',#6064,#4787,#4788);
#4196=AXIS2_PLACEMENT_3D('',#6085,#4801,#4802);
#4197=AXIS2_PLACEMENT_3D('',#6090,#4805,#4806);
#4198=AXIS2_PLACEMENT_3D('',#6092,#4807,#4808);
#4199=AXIS2_PLACEMENT_3D('',#6097,#4811,#4812);
#4200=AXIS2_PLACEMENT_3D('',#6111,#4820,#4821);
#4201=AXIS2_PLACEMENT_3D('',#6118,#4825,#4826);
#4202=AXIS2_PLACEMENT_3D('',#6122,#4828,#4829);
#4203=AXIS2_PLACEMENT_3D('',#6130,#4834,#4835);
#4204=AXIS2_PLACEMENT_3D('',#6132,#4836,#4837);
#4205=AXIS2_PLACEMENT_3D('',#6133,#4838,#4839);
#4206=AXIS2_PLACEMENT_3D('',#6134,#4840,#4841);
#4207=AXIS2_PLACEMENT_3D('',#6136,#4842,#4843);
#4208=AXIS2_PLACEMENT_3D('',#6141,#4846,#4847);
#4209=AXIS2_PLACEMENT_3D('',#6142,#4848,#4849);
#4210=AXIS2_PLACEMENT_3D('',#6151,#4854,#4855);
#4211=AXIS2_PLACEMENT_3D('',#6164,#4862,#4863);
#4212=AXIS2_PLACEMENT_3D('',#6168,#4866,#4867);
#4213=AXIS2_PLACEMENT_3D('',#6175,#4871,#4872);
#4214=AXIS2_PLACEMENT_3D('',#6178,#4874,#4875);
#4215=AXIS2_PLACEMENT_3D('',#6184,#4879,#4880);
#4216=AXIS2_PLACEMENT_3D('',#6185,#4881,#4882);
#4217=AXIS2_PLACEMENT_3D('',#6187,#4883,#4884);
#4218=AXIS2_PLACEMENT_3D('',#6190,#4885,#4886);
#4219=AXIS2_PLACEMENT_3D('',#6200,#4891,#4892);
#4220=AXIS2_PLACEMENT_3D('',#6202,#4893,#4894);
#4221=AXIS2_PLACEMENT_3D('',#6206,#4896,#4897);
#4222=AXIS2_PLACEMENT_3D('',#6210,#4899,#4900);
#4223=AXIS2_PLACEMENT_3D('',#6214,#4902,#4903);
#4224=AXIS2_PLACEMENT_3D('',#6218,#4905,#4906);
#4225=AXIS2_PLACEMENT_3D('',#6220,#4907,#4908);
#4226=AXIS2_PLACEMENT_3D('',#6224,#4910,#4911);
#4227=AXIS2_PLACEMENT_3D('',#6228,#4913,#4914);
#4228=AXIS2_PLACEMENT_3D('',#6232,#4916,#4917);
#4229=AXIS2_PLACEMENT_3D('',#6234,#4918,#4919);
#4230=AXIS2_PLACEMENT_3D('',#6238,#4921,#4922);
#4231=AXIS2_PLACEMENT_3D('',#6243,#4926,#4927);
#4232=AXIS2_PLACEMENT_3D('',#6249,#4930,#4931);
#4233=AXIS2_PLACEMENT_3D('',#6254,#4934,#4935);
#4234=AXIS2_PLACEMENT_3D('',#6255,#4936,#4937);
#4235=AXIS2_PLACEMENT_3D('',#6259,#4939,#4940);
#4236=AXIS2_PLACEMENT_3D('',#6261,#4942,#4943);
#4237=AXIS2_PLACEMENT_3D('',#6264,#4945,#4946);
#4238=AXIS2_PLACEMENT_3D('',#6269,#4950,#4951);
#4239=AXIS2_PLACEMENT_3D('',#6272,#4953,#4954);
#4240=AXIS2_PLACEMENT_3D('',#6276,#4956,#4957);
#4241=AXIS2_PLACEMENT_3D('',#6279,#4959,#4960);
#4242=AXIS2_PLACEMENT_3D('',#6280,#4961,#4962);
#4243=AXIS2_PLACEMENT_3D('',#6281,#4963,#4964);
#4244=AXIS2_PLACEMENT_3D('',#6283,#4965,#4966);
#4245=AXIS2_PLACEMENT_3D('',#6288,#4970,#4971);
#4246=AXIS2_PLACEMENT_3D('',#6291,#4974,#4975);
#4247=AXIS2_PLACEMENT_3D('',#6294,#4978,#4979);
#4248=AXIS2_PLACEMENT_3D('',#6300,#4983,#4984);
#4249=AXIS2_PLACEMENT_3D('',#6302,#4986,#4987);
#4250=AXIS2_PLACEMENT_3D('',#6310,#4992,#4993);
#4251=AXIS2_PLACEMENT_3D('',#6314,#4995,#4996);
#4252=AXIS2_PLACEMENT_3D('',#6321,#5001,#5002);
#4253=AXIS2_PLACEMENT_3D('',#6324,#5004,#5005);
#4254=AXIS2_PLACEMENT_3D('',#6332,#5010,#5011);
#4255=AXIS2_PLACEMENT_3D('',#6336,#5013,#5014);
#4256=AXIS2_PLACEMENT_3D('',#6342,#5018,#5019);
#4257=AXIS2_PLACEMENT_3D('',#6345,#5021,#5022);
#4258=AXIS2_PLACEMENT_3D('',#6353,#5027,#5028);
#4259=AXIS2_PLACEMENT_3D('',#6357,#5030,#5031);
#4260=AXIS2_PLACEMENT_3D('',#6364,#5036,#5037);
#4261=AXIS2_PLACEMENT_3D('',#6367,#5039,#5040);
#4262=AXIS2_PLACEMENT_3D('',#6375,#5045,#5046);
#4263=AXIS2_PLACEMENT_3D('',#6377,#5048,#5049);
#4264=AXIS2_PLACEMENT_3D('',#6381,#5052,#5053);
#4265=AXIS2_PLACEMENT_3D('',#6383,#5055,#5056);
#4266=AXIS2_PLACEMENT_3D('',#6385,#5058,#5059);
#4267=AXIS2_PLACEMENT_3D('',#6387,#5061,#5062);
#4268=AXIS2_PLACEMENT_3D('',#6389,#5064,#5065);
#4269=AXIS2_PLACEMENT_3D('',#6391,#5067,#5068);
#4270=AXIS2_PLACEMENT_3D('',#6397,#5072,#5073);
#4271=AXIS2_PLACEMENT_3D('',#6404,#5078,#5079);
#4272=AXIS2_PLACEMENT_3D('',#6406,#5081,#5082);
#4273=AXIS2_PLACEMENT_3D('',#6407,#5083,#5084);
#4274=AXIS2_PLACEMENT_3D('',#6409,#5086,#5087);
#4275=AXIS2_PLACEMENT_3D('',#6411,#5089,#5090);
#4276=AXIS2_PLACEMENT_3D('',#6415,#5093,#5094);
#4277=AXIS2_PLACEMENT_3D('',#6419,#5096,#5097);
#4278=AXIS2_PLACEMENT_3D('',#6423,#5100,#5101);
#4279=AXIS2_PLACEMENT_3D('',#6425,#5103,#5104);
#4280=AXIS2_PLACEMENT_3D('',#6427,#5106,#5107);
#4281=AXIS2_PLACEMENT_3D('',#6430,#5109,#5110);
#4282=AXIS2_PLACEMENT_3D('',#6435,#5113,#5114);
#4283=AXIS2_PLACEMENT_3D('',#6437,#5116,#5117);
#4284=AXIS2_PLACEMENT_3D('',#6439,#5119,#5120);
#4285=AXIS2_PLACEMENT_3D('',#6441,#5122,#5123);
#4286=AXIS2_PLACEMENT_3D('',#6443,#5125,#5126);
#4287=AXIS2_PLACEMENT_3D('',#6445,#5128,#5129);
#4288=AXIS2_PLACEMENT_3D('',#6447,#5131,#5132);
#4289=AXIS2_PLACEMENT_3D('',#6449,#5134,#5135);
#4290=AXIS2_PLACEMENT_3D('',#6451,#5137,#5138);
#4291=AXIS2_PLACEMENT_3D('',#6453,#5140,#5141);
#4292=AXIS2_PLACEMENT_3D('',#6470,#5145,#5146);
#4293=AXIS2_PLACEMENT_3D('',#6472,#5147,#5148);
#4294=AXIS2_PLACEMENT_3D('',#6473,#5149,#5150);
#4295=AXIS2_PLACEMENT_3D('',#6474,#5151,#5152);
#4296=AXIS2_PLACEMENT_3D('',#6476,#5154,#5155);
#4297=AXIS2_PLACEMENT_3D('',#6478,#5157,#5158);
#4298=AXIS2_PLACEMENT_3D('',#6482,#5161,#5162);
#4299=AXIS2_PLACEMENT_3D('',#6486,#5165,#5166);
#4300=AXIS2_PLACEMENT_3D('',#6488,#5168,#5169);
#4301=AXIS2_PLACEMENT_3D('',#6490,#5171,#5172);
#4302=AXIS2_PLACEMENT_3D('',#6491,#5173,#5174);
#4303=AXIS2_PLACEMENT_3D('',#6500,#5180,#5181);
#4304=AXIS2_PLACEMENT_3D('',#6507,#5185,#5186);
#4305=AXIS2_PLACEMENT_3D('',#6509,#5188,#5189);
#4306=AXIS2_PLACEMENT_3D('',#6512,#5191,#5192);
#4307=AXIS2_PLACEMENT_3D('',#6519,#5197,#5198);
#4308=AXIS2_PLACEMENT_3D('',#6520,#5199,#5200);
#4309=AXIS2_PLACEMENT_3D('',#6522,#5201,#5202);
#4310=AXIS2_PLACEMENT_3D('',#6523,#5203,#5204);
#4311=AXIS2_PLACEMENT_3D('',#6525,#5205,#5206);
#4312=AXIS2_PLACEMENT_3D('',#6527,#5208,#5209);
#4313=AXIS2_PLACEMENT_3D('',#6528,#5210,#5211);
#4314=AXIS2_PLACEMENT_3D('',#6533,#5215,#5216);
#4315=AXIS2_PLACEMENT_3D('',#6537,#5219,#5220);
#4316=AXIS2_PLACEMENT_3D('',#6538,#5221,#5222);
#4317=AXIS2_PLACEMENT_3D('',#6540,#5224,#5225);
#4318=AXIS2_PLACEMENT_3D('',#6541,#5226,#5227);
#4319=AXIS2_PLACEMENT_3D('',#6542,#5228,#5229);
#4320=AXIS2_PLACEMENT_3D('',#6543,#5230,#5231);
#4321=AXIS2_PLACEMENT_3D('',#6546,#5234,#5235);
#4322=AXIS2_PLACEMENT_3D('',#6548,#5237,#5238);
#4323=AXIS2_PLACEMENT_3D('',#6549,#5239,#5240);
#4324=AXIS2_PLACEMENT_3D('',#6550,#5241,#5242);
#4325=AXIS2_PLACEMENT_3D('',#6551,#5243,#5244);
#4326=AXIS2_PLACEMENT_3D('',#6552,#5245,#5246);
#4327=AXIS2_PLACEMENT_3D('',#6554,#5247,#5248);
#4328=AXIS2_PLACEMENT_3D('',#6555,#5249,#5250);
#4329=AXIS2_PLACEMENT_3D('',#6557,#5252,#5253);
#4330=AXIS2_PLACEMENT_3D('',#6558,#5254,#5255);
#4331=AXIS2_PLACEMENT_3D('',#6566,#5256,#5257);
#4332=AXIS2_PLACEMENT_3D('',#6567,#5258,#5259);
#4333=AXIS2_PLACEMENT_3D('',#6568,#5260,#5261);
#4334=AXIS2_PLACEMENT_3D('',#6576,#5263,#5264);
#4335=AXIS2_PLACEMENT_3D('',#6580,#5267,#5268);
#4336=AXIS2_PLACEMENT_3D('',#6598,#5269,#5270);
#4337=AXIS2_PLACEMENT_3D('',#6599,#5271,#5272);
#4338=AXIS2_PLACEMENT_3D('',#6600,#5273,#5274);
#4339=AXIS2_PLACEMENT_3D('',#6616,#5275,#5276);
#4340=AXIS2_PLACEMENT_3D('',#6619,#5279,#5280);
#4341=AXIS2_PLACEMENT_3D('',#6622,#5283,#5284);
#4342=AXIS2_PLACEMENT_3D('',#6625,#5287,#5288);
#4343=AXIS2_PLACEMENT_3D('',#6626,#5289,#5290);
#4344=AXIS2_PLACEMENT_3D('',#6628,#5291,#5292);
#4345=AXIS2_PLACEMENT_3D('',#6630,#5293,#5294);
#4346=AXIS2_PLACEMENT_3D('',#6633,#5297,#5298);
#4347=AXIS2_PLACEMENT_3D('',#6636,#5301,#5302);
#4348=AXIS2_PLACEMENT_3D('',#6639,#5305,#5306);
#4349=AXIS2_PLACEMENT_3D('',#6642,#5309,#5310);
#4350=AXIS2_PLACEMENT_3D('',#6645,#5313,#5314);
#4351=AXIS2_PLACEMENT_3D('',#6648,#5317,#5318);
#4352=AXIS2_PLACEMENT_3D('',#6651,#5321,#5322);
#4353=AXIS2_PLACEMENT_3D('',#6653,#5324,#5325);
#4354=AXIS2_PLACEMENT_3D('',#6655,#5327,#5328);
#4355=AXIS2_PLACEMENT_3D('',#6658,#5331,#5332);
#4356=AXIS2_PLACEMENT_3D('',#6660,#5334,#5335);
#4357=AXIS2_PLACEMENT_3D('',#6662,#5337,#5338);
#4358=AXIS2_PLACEMENT_3D('',#6663,#5339,#5340);
#4359=AXIS2_PLACEMENT_3D('',#6665,#5341,#5342);
#4360=AXIS2_PLACEMENT_3D('',#6667,#5343,#5344);
#4361=AXIS2_PLACEMENT_3D('',#6670,#5347,#5348);
#4362=AXIS2_PLACEMENT_3D('',#6673,#5351,#5352);
#4363=AXIS2_PLACEMENT_3D('',#6676,#5355,#5356);
#4364=AXIS2_PLACEMENT_3D('',#6679,#5359,#5360);
#4365=AXIS2_PLACEMENT_3D('',#6682,#5363,#5364);
#4366=AXIS2_PLACEMENT_3D('',#6685,#5367,#5368);
#4367=AXIS2_PLACEMENT_3D('',#6688,#5371,#5372);
#4368=AXIS2_PLACEMENT_3D('',#6691,#5375,#5376);
#4369=AXIS2_PLACEMENT_3D('',#6694,#5379,#5380);
#4370=AXIS2_PLACEMENT_3D('',#6697,#5383,#5384);
#4371=AXIS2_PLACEMENT_3D('',#6699,#5386,#5387);
#4372=AXIS2_PLACEMENT_3D('',#6701,#5389,#5390);
#4373=AXIS2_PLACEMENT_3D('',#6702,#5391,#5392);
#4374=AXIS2_PLACEMENT_3D('',#6705,#5395,#5396);
#4375=AXIS2_PLACEMENT_3D('',#6707,#5398,#5399);
#4376=AXIS2_PLACEMENT_3D('',#6709,#5401,#5402);
#4377=AXIS2_PLACEMENT_3D('',#6710,#5403,#5404);
#4378=AXIS2_PLACEMENT_3D('',#6713,#5407,#5408);
#4379=AXIS2_PLACEMENT_3D('',#6715,#5410,#5411);
#4380=AXIS2_PLACEMENT_3D('',#6717,#5413,#5414);
#4381=AXIS2_PLACEMENT_3D('',#6719,#5416,#5417);
#4382=AXIS2_PLACEMENT_3D('',#6721,#5419,#5420);
#4383=AXIS2_PLACEMENT_3D('',#6722,#5421,#5422);
#4384=AXIS2_PLACEMENT_3D('',#6725,#5425,#5426);
#4385=AXIS2_PLACEMENT_3D('',#6727,#5428,#5429);
#4386=AXIS2_PLACEMENT_3D('',#6729,#5431,#5432);
#4387=AXIS2_PLACEMENT_3D('',#6731,#5434,#5435);
#4388=AXIS2_PLACEMENT_3D('',#6733,#5437,#5438);
#4389=AXIS2_PLACEMENT_3D('',#6734,#5439,#5440);
#4390=AXIS2_PLACEMENT_3D('',#6736,#5442,#5443);
#4391=AXIS2_PLACEMENT_3D('',#6738,#5445,#5446);
#4392=AXIS2_PLACEMENT_3D('',#6739,#5447,#5448);
#4393=AXIS2_PLACEMENT_3D('',#6741,#5450,#5451);
#4394=AXIS2_PLACEMENT_3D('',#6743,#5453,#5454);
#4395=AXIS2_PLACEMENT_3D('',#6744,#5455,#5456);
#4396=AXIS2_PLACEMENT_3D('',#6745,#5457,#5458);
#4397=AXIS2_PLACEMENT_3D('',#6746,#5459,#5460);
#4398=AXIS2_PLACEMENT_3D('',#6747,#5461,#5462);
#4399=AXIS2_PLACEMENT_3D('',#6748,#5463,#5464);
#4400=AXIS2_PLACEMENT_3D('',#6750,#5466,#5467);
#4401=AXIS2_PLACEMENT_3D('',#6752,#5469,#5470);
#4402=AXIS2_PLACEMENT_3D('',#6753,#5471,#5472);
#4403=AXIS2_PLACEMENT_3D('',#6755,#5474,#5475);
#4404=AXIS2_PLACEMENT_3D('',#6756,#5476,#5477);
#4405=AXIS2_PLACEMENT_3D('',#6758,#5479,#5480);
#4406=AXIS2_PLACEMENT_3D('',#6759,#5481,#5482);
#4407=AXIS2_PLACEMENT_3D('',#6760,#5483,#5484);
#4408=AXIS2_PLACEMENT_3D('',#6761,#5485,#5486);
#4409=AXIS2_PLACEMENT_3D('',#6762,#5487,#5488);
#4410=AXIS2_PLACEMENT_3D('',#6764,#5490,#5491);
#4411=AXIS2_PLACEMENT_3D('',#6765,#5492,#5493);
#4412=AXIS2_PLACEMENT_3D('',#6767,#5495,#5496);
#4413=AXIS2_PLACEMENT_3D('',#6768,#5497,#5498);
#4414=AXIS2_PLACEMENT_3D('',#6770,#5500,#5501);
#4415=AXIS2_PLACEMENT_3D('',#6771,#5502,#5503);
#4416=AXIS2_PLACEMENT_3D('',#6773,#5505,#5506);
#4417=AXIS2_PLACEMENT_3D('',#6774,#5507,#5508);
#4418=AXIS2_PLACEMENT_3D('',#6775,#5509,#5510);
#4419=AXIS2_PLACEMENT_3D('',#6776,#5511,#5512);
#4420=AXIS2_PLACEMENT_3D('',#6777,#5513,#5514);
#4421=AXIS2_PLACEMENT_3D('',#6778,#5515,#5516);
#4422=AXIS2_PLACEMENT_3D('',#6779,#5517,#5518);
#4423=AXIS2_PLACEMENT_3D('',#6780,#5519,#5520);
#4424=AXIS2_PLACEMENT_3D('',#6781,#5521,#5522);
#4425=AXIS2_PLACEMENT_3D('',#6782,#5523,#5524);
#4426=AXIS2_PLACEMENT_3D('',#6783,#5525,#5526);
#4427=AXIS2_PLACEMENT_3D('',#6784,#5527,#5528);
#4428=AXIS2_PLACEMENT_3D('',#6785,#5529,#5530);
#4429=AXIS2_PLACEMENT_3D('',#6786,#5531,#5532);
#4430=AXIS2_PLACEMENT_3D('',#6787,#5533,#5534);
#4431=AXIS2_PLACEMENT_3D('',#6788,#5535,#5536);
#4432=AXIS2_PLACEMENT_3D('',#6789,#5537,#5538);
#4433=AXIS2_PLACEMENT_3D('',#6790,#5539,#5540);
#4434=AXIS2_PLACEMENT_3D('',#6791,#5541,#5542);
#4435=AXIS2_PLACEMENT_3D('',#6792,#5543,#5544);
#4436=AXIS2_PLACEMENT_3D('',#6793,#5545,#5546);
#4437=AXIS2_PLACEMENT_3D('',#6796,#5548,#5549);
#4438=AXIS2_PLACEMENT_3D('',#6799,#5551,#5552);
#4439=AXIS2_PLACEMENT_3D('',#6800,#5553,#5554);
#4440=AXIS2_PLACEMENT_3D('',#6801,#5555,#5556);
#4441=AXIS2_PLACEMENT_3D('',#6802,#5557,#5558);
#4442=AXIS2_PLACEMENT_3D('',#6803,#5559,#5560);
#4443=AXIS2_PLACEMENT_3D('',#6804,#5561,#5562);
#4444=AXIS2_PLACEMENT_3D('',#6805,#5563,#5564);
#4445=AXIS2_PLACEMENT_3D('',#6821,#5565,#5566);
#4446=AXIS2_PLACEMENT_3D('',#6849,#5567,#5568);
#4447=AXIS2_PLACEMENT_3D('',#6850,#5569,#5570);
#4448=AXIS2_PLACEMENT_3D('',#6851,#5571,#5572);
#4449=AXIS2_PLACEMENT_3D('',#6885,#5573,#5574);
#4450=AXIS2_PLACEMENT_3D('',#6886,#5575,#5576);
#4451=AXIS2_PLACEMENT_3D('',#6887,#5577,#5578);
#4452=AXIS2_PLACEMENT_3D('',#6888,#5579,#5580);
#4453=AXIS2_PLACEMENT_3D('',#6904,#5581,#5582);
#4454=AXIS2_PLACEMENT_3D('',#6932,#5583,#5584);
#4455=AXIS2_PLACEMENT_3D('',#6933,#5585,#5586);
#4456=AXIS2_PLACEMENT_3D('',#6934,#5587,#5588);
#4457=AXIS2_PLACEMENT_3D('',#6968,#5589,#5590);
#4458=AXIS2_PLACEMENT_3D('',#6969,#5591,#5592);
#4459=DIRECTION('',(0.,0.,1.));
#4460=DIRECTION('',(1.,0.,0.));
#4461=DIRECTION('',(0.,0.866025403784439,0.5));
#4462=DIRECTION('',(0.,0.5,-0.866025403784439));
#4463=DIRECTION('',(0.,0.866025403784439,0.5));
#4464=DIRECTION('',(0.,0.5,-0.866025403784439));
#4465=DIRECTION('',(1.,0.,0.));
#4466=DIRECTION('',(-0.654653670707977,0.377964473009228,-0.654653670707977));
#4467=DIRECTION('',(1.,0.,0.));
#4468=DIRECTION('',(0.,0.5,-0.866025403784439));
#4469=DIRECTION('',(1.,0.,0.));
#4470=DIRECTION('',(-0.654653670707977,0.377964473009228,-0.654653670707977));
#4471=DIRECTION('',(0.,0.866025403784439,0.5));
#4472=DIRECTION('',(0.,0.5,-0.866025403784439));
#4473=DIRECTION('',(0.,-1.,0.));
#4474=DIRECTION('',(1.,0.,0.));
#4475=DIRECTION('',(-1.,0.,0.));
#4476=DIRECTION('',(-1.778747476008E-16,0.,-1.));
#4477=DIRECTION('',(1.,0.,0.));
#4478=DIRECTION('',(0.,0.,-1.));
#4479=DIRECTION('',(-1.,0.,0.));
#4480=DIRECTION('',(0.,0.,1.));
#4481=DIRECTION('',(1.,0.,0.));
#4482=DIRECTION('',(1.,0.,1.36775347998981E-16));
#4483=DIRECTION('',(1.36775347998981E-16,0.,-1.));
#4484=DIRECTION('',(-1.,0.,0.));
#4485=DIRECTION('',(1.,0.,1.36775347998981E-16));
#4486=DIRECTION('',(1.36775347998981E-16,0.,-1.));
#4487=DIRECTION('',(1.,0.,0.));
#4488=DIRECTION('',(0.5,0.866025403784439,-8.89373738004003E-17));
#4489=DIRECTION('',(-0.866025403784439,0.5,-5.13480167046795E-17));
#4490=DIRECTION('',(1.,0.,0.));
#4491=DIRECTION('',(0.,0.,-1.));
#4492=DIRECTION('',(1.,0.,0.));
#4493=DIRECTION('',(0.,0.,-1.));
#4494=DIRECTION('',(1.36775347998981E-16,0.,-1.));
#4495=DIRECTION('',(1.,0.,0.));
#4496=DIRECTION('',(0.,0.,-1.));
#4497=DIRECTION('',(1.,0.,0.));
#4498=DIRECTION('',(0.,0.,-1.));
#4499=DIRECTION('',(0.,0.,1.));
#4500=DIRECTION('',(0.,-0.5,0.866025403784439));
#4501=DIRECTION('',(1.,0.,2.92384925355637E-16));
#4502=DIRECTION('',(2.92384925355637E-16,0.,-1.));
#4503=DIRECTION('',(-1.,0.,-2.92384925355637E-16));
#4504=DIRECTION('',(1.,0.,1.36775347998981E-16));
#4505=DIRECTION('',(1.36775347998981E-16,0.,-1.));
#4506=DIRECTION('',(-1.,0.,-2.92384925355637E-16));
#4507=DIRECTION('',(1.,0.,0.));
#4508=DIRECTION('',(0.,0.,-1.));
#4509=DIRECTION('',(0.5,0.866025403784439,-8.89373738004003E-17));
#4510=DIRECTION('',(0.866025403784439,-0.5,3.88965047426811E-16));
#4511=DIRECTION('',(0.,-1.,0.));
#4512=DIRECTION('',(1.,0.,0.));
#4513=DIRECTION('',(0.,-1.,0.));
#4514=DIRECTION('',(0.,0.,-1.));
#4515=DIRECTION('',(-0.96499360502859,0.,-0.262273411259939));
#4516=DIRECTION('',(0.,-1.,0.));
#4517=DIRECTION('',(0.,0.,-1.));
#4518=DIRECTION('',(-1.,0.,0.));
#4519=DIRECTION('',(-0.729189869165561,0.,-0.684311431079675));
#4520=DIRECTION('',(1.,0.,-1.73472347597681E-15));
#4521=DIRECTION('',(1.,0.,0.));
#4522=DIRECTION('',(0.,0.,-1.));
#4523=DIRECTION('',(0.,-1.,0.));
#4524=DIRECTION('',(-0.707106781186548,0.,-0.707106781186548));
#4525=DIRECTION('',(-1.778747476008E-16,0.,-1.));
#4526=DIRECTION('',(0.707106781186548,0.,-0.707106781186547));
#4527=DIRECTION('',(1.,0.,0.));
#4528=DIRECTION('',(0.,0.,1.));
#4529=DIRECTION('',(-1.,0.,0.));
#4530=DIRECTION('',(0.,0.,-1.));
#4531=DIRECTION('',(1.,0.,0.));
#4532=DIRECTION('',(0.,0.,1.));
#4533=DIRECTION('',(0.,-1.,0.));
#4534=DIRECTION('',(0.,0.,-1.));
#4535=DIRECTION('',(-1.,0.,0.));
#4536=DIRECTION('',(0.,-1.,0.));
#4537=DIRECTION('',(0.,0.,-1.));
#4538=DIRECTION('',(0.,0.,-1.));
#4539=DIRECTION('',(-1.,0.,0.));
#4540=DIRECTION('',(2.25288763113871E-16,0.,-1.));
#4541=DIRECTION('',(1.,0.,0.));
#4542=DIRECTION('',(0.,0.,-1.));
#4543=DIRECTION('',(1.,0.,0.));
#4544=DIRECTION('',(-0.707106781186548,0.,-0.707106781186547));
#4545=DIRECTION('',(-1.778747476008E-16,0.,-1.));
#4546=DIRECTION('',(0.,-1.,0.));
#4547=DIRECTION('',(0.707106781186548,0.,-0.707106781186548));
#4548=DIRECTION('',(1.,0.,0.));
#4549=DIRECTION('',(0.,0.,1.));
#4550=DIRECTION('',(-1.,0.,-6.16790569236167E-15));
#4551=DIRECTION('',(4.48645279374001E-15,0.,-1.));
#4552=DIRECTION('',(-1.,0.,6.16790569236199E-15));
#4553=DIRECTION('',(1.,0.,6.16790569236229E-15));
#4554=DIRECTION('',(4.48645279374002E-15,0.,-1.));
#4555=DIRECTION('',(1.,0.,6.16790569236228E-15));
#4556=DIRECTION('',(0.,0.,1.));
#4557=DIRECTION('',(0.,-1.,0.));
#4558=DIRECTION('',(0.,0.,-1.));
#4559=DIRECTION('',(1.,0.,-1.73472347597681E-15));
#4560=DIRECTION('',(0.729189869165561,0.,-0.684311431079675));
#4561=DIRECTION('',(-1.,0.,0.));
#4562=DIRECTION('',(0.,-1.,0.));
#4563=DIRECTION('',(0.,0.,-1.));
#4564=DIRECTION('',(-0.964993605028584,0.,0.262273411259964));
#4565=DIRECTION('',(0.,-1.,0.));
#4566=DIRECTION('',(1.,0.,0.));
#4567=DIRECTION('',(0.96499360502859,0.,0.262273411259939));
#4568=DIRECTION('',(0.,1.,0.));
#4569=DIRECTION('',(0.,0.,1.));
#4570=DIRECTION('',(-1.,0.,1.73472347597681E-15));
#4571=DIRECTION('',(0.729189869165561,0.,0.684311431079675));
#4572=DIRECTION('',(1.,0.,0.));
#4573=DIRECTION('',(0.,1.,0.));
#4574=DIRECTION('',(0.,0.,1.));
#4575=DIRECTION('',(-4.48645279374002E-15,0.,1.));
#4576=DIRECTION('',(-1.,0.,-6.16790569236229E-15));
#4577=DIRECTION('',(0.,0.,-1.));
#4578=DIRECTION('',(-1.,0.,-6.16790569236228E-15));
#4579=DIRECTION('',(0.,-1.,0.));
#4580=DIRECTION('',(0.,0.,-1.));
#4581=DIRECTION('',(-1.,0.,0.));
#4582=DIRECTION('',(0.,-1.,0.));
#4583=DIRECTION('',(0.,0.,-1.));
#4584=DIRECTION('',(0.,0.,1.));
#4585=DIRECTION('',(0.,0.,1.));
#4586=DIRECTION('',(0.,0.,1.));
#4587=DIRECTION('',(1.,0.,0.));
#4588=DIRECTION('',(0.707106781186548,0.,-0.707106781186547));
#4589=DIRECTION('',(-1.778747476008E-16,0.,-1.));
#4590=DIRECTION('',(0.,-1.,0.));
#4591=DIRECTION('',(0.,0.,-1.));
#4592=DIRECTION('',(0.,0.,-1.));
#4593=DIRECTION('',(1.,0.,0.));
#4594=DIRECTION('',(0.,0.,-1.));
#4595=DIRECTION('',(1.,0.,0.));
#4596=DIRECTION('',(0.,0.,-1.));
#4597=DIRECTION('',(-1.,0.,1.73472347597681E-15));
#4598=DIRECTION('',(-2.31296463463574E-15,0.,-1.));
#4599=DIRECTION('',(0.,-1.,0.));
#4600=DIRECTION('',(0.,0.,-1.));
#4601=DIRECTION('',(-1.778747476008E-16,0.,-1.));
#4602=DIRECTION('',(-0.707106781186548,0.,-0.707106781186547));
#4603=DIRECTION('',(1.,0.,0.));
#4604=DIRECTION('',(0.,0.,-1.));
#4605=DIRECTION('',(0.,0.,-1.));
#4606=DIRECTION('',(0.,0.,-1.));
#4607=DIRECTION('',(1.,0.,6.16790569236167E-15));
#4608=DIRECTION('',(0.,0.,-1.));
#4609=DIRECTION('',(1.,0.,-6.16790569236199E-15));
#4610=DIRECTION('',(-4.48645279374001E-15,0.,1.));
#4611=DIRECTION('',(-1.,0.,1.73472347597681E-15));
#4612=DIRECTION('',(0.,1.,0.));
#4613=DIRECTION('',(0.,0.,1.));
#4614=DIRECTION('',(0.964993605028584,0.,-0.262273411259964));
#4615=DIRECTION('',(0.,1.,0.));
#4616=DIRECTION('',(0.,0.,1.));
#4617=DIRECTION('',(1.,0.,0.));
#4618=DIRECTION('',(-0.729189869165561,0.,0.684311431079675));
#4619=DIRECTION('',(-0.5,0.866025403784439,8.89373738004003E-17));
#4620=DIRECTION('',(0.866025403784439,0.5,-1.54044050114038E-16));
#4621=DIRECTION('',(-0.5,0.866025403784439,8.89373738004003E-17));
#4622=DIRECTION('',(-0.866025403784439,-0.5,0.));
#4623=DIRECTION('',(-0.866025403784439,-0.5,0.));
#4624=DIRECTION('',(6.73822032283943E-18,-9.88057200921086E-17,1.));
#4625=DIRECTION('',(0.866025403784439,0.5,0.));
#4626=DIRECTION('',(-1.778747476008E-16,0.,-1.));
#4627=DIRECTION('',(-0.5,0.866025403784439,8.89373738004003E-17));
#4628=DIRECTION('',(-0.866025403784439,-0.5,0.));
#4629=DIRECTION('',(-0.5,0.866025403784439,8.89373738004003E-17));
#4630=DIRECTION('',(-0.866025403784439,-0.5,0.));
#4631=DIRECTION('',(-0.695763205143559,-0.401699073781871,-0.59544220247741));
#4632=DIRECTION('',(1.58862850456205E-16,1.9441554288448E-16,-1.));
#4633=DIRECTION('',(0.69576320514356,0.401699073781871,-0.595442202477409));
#4634=DIRECTION('',(-0.5,0.866025403784439,8.89373738004003E-17));
#4635=DIRECTION('',(-0.866025403784439,-0.5,0.));
#4636=DIRECTION('',(-0.5,0.866025403784439,8.89373738004003E-17));
#4637=DIRECTION('',(-0.866025403784439,-0.5,0.));
#4638=DIRECTION('',(0.571206530825084,0.329786244334735,-0.751640959627908));
#4639=DIRECTION('',(-0.5,0.866025403784439,8.89373738004003E-17));
#4640=DIRECTION('',(-0.866025403784439,-0.5,0.));
#4641=DIRECTION('',(0.866025403784439,0.5,2.31561104726118E-16));
#4642=DIRECTION('',(-0.5,0.866025403784439,8.89373738004003E-17));
#4643=DIRECTION('',(-0.866025403784439,-0.5,0.));
#4644=DIRECTION('',(0.571206530825084,0.329786244334735,0.751640959627908));
#4645=DIRECTION('',(-0.571206530825084,-0.329786244334735,-0.751640959627909));
#4646=DIRECTION('',(-0.5,0.866025403784439,8.89373738004003E-17));
#4647=DIRECTION('',(-0.866025403784439,-0.5,0.));
#4648=DIRECTION('',(-0.5,0.866025403784439,8.89373738004003E-17));
#4649=DIRECTION('',(-0.866025403784439,-0.5,0.));
#4650=DIRECTION('',(-0.571206530825085,-0.329786244334735,0.751640959627908));
#4651=DIRECTION('',(-0.5,0.866025403784439,8.89373738004003E-17));
#4652=DIRECTION('',(-0.866025403784439,-0.5,0.));
#4653=DIRECTION('',(-0.866025403784439,-0.5,-2.64641262544136E-16));
#4654=DIRECTION('',(-0.5,0.866025403784439,8.89373738004003E-17));
#4655=DIRECTION('',(-0.866025403784439,-0.5,0.));
#4656=DIRECTION('',(-0.69576320514356,-0.401699073781871,0.595442202477409));
#4657=DIRECTION('',(-0.5,0.866025403784439,8.89373738004003E-17));
#4658=DIRECTION('',(-0.866025403784439,-0.5,0.));
#4659=DIRECTION('',(-0.5,0.866025403784439,8.89373738004003E-17));
#4660=DIRECTION('',(-0.866025403784439,-0.5,0.));
#4661=DIRECTION('',(0.695763205143559,0.401699073781871,0.59544220247741));
#4662=DIRECTION('',(-0.5,0.866025403784439,8.89373738004003E-17));
#4663=DIRECTION('',(-0.866025403784439,-0.5,0.));
#4664=DIRECTION('',(-1.84423096968333E-17,-1.13343705877304E-16,1.));
#4665=DIRECTION('',(-0.5,0.866025403784439,8.89373738004003E-17));
#4666=DIRECTION('',(-0.866025403784439,-0.5,0.));
#4667=DIRECTION('',(-0.5,0.866025403784439,8.89373738004003E-17));
#4668=DIRECTION('',(0.866025403784439,0.5,-1.54044050114038E-16));
#4669=DIRECTION('',(-0.5,0.866025403784439,8.89373738004003E-17));
#4670=DIRECTION('',(-0.866025403784439,-0.5,0.));
#4671=DIRECTION('',(0.866025403784439,0.5,2.64641262544136E-16));
#4672=DIRECTION('',(-0.5,0.866025403784439,8.89373738004003E-17));
#4673=DIRECTION('',(-0.866025403784439,-0.5,0.));
#4674=DIRECTION('',(0.571206530825085,0.329786244334735,-0.751640959627908));
#4675=DIRECTION('',(-0.5,0.866025403784439,8.89373738004003E-17));
#4676=DIRECTION('',(-0.866025403784439,-0.5,0.));
#4677=DIRECTION('',(-0.5,0.866025403784439,8.89373738004003E-17));
#4678=DIRECTION('',(-0.866025403784439,-0.5,0.));
#4679=DIRECTION('',(0.571206530825084,0.329786244334735,0.751640959627909));
#4680=DIRECTION('',(-0.5,0.866025403784439,8.89373738004003E-17));
#4681=DIRECTION('',(-0.866025403784439,-0.5,0.));
#4682=DIRECTION('',(0.866025403784439,0.5,0.));
#4683=DIRECTION('',(-1.778747476008E-16,1.65136439448792E-33,-1.));
#4684=DIRECTION('',(0.654653670707977,0.377964473009228,-0.654653670707977));
#4685=DIRECTION('',(-1.778747476008E-16,0.,-1.));
#4686=DIRECTION('',(0.695763205143559,0.401699073781871,0.59544220247741));
#4687=DIRECTION('',(-0.5,0.866025403784439,8.89373738004003E-17));
#4688=DIRECTION('',(-0.866025403784439,-0.5,0.));
#4689=DIRECTION('',(-0.5,0.866025403784439,8.89373738004003E-17));
#4690=DIRECTION('',(-0.866025403784439,-0.5,0.));
#4691=DIRECTION('',(-0.69576320514356,-0.401699073781871,0.595442202477409));
#4692=DIRECTION('',(-1.778747476008E-16,0.,-1.));
#4693=DIRECTION('',(-0.654653670707977,-0.377964473009228,-0.654653670707977));
#4694=DIRECTION('',(-1.778747476008E-16,0.,-1.));
#4695=DIRECTION('',(-0.5,0.866025403784439,8.89373738004003E-17));
#4696=DIRECTION('',(-0.866025403784439,-0.5,0.));
#4697=DIRECTION('',(-0.866025403784439,-0.5,-2.31561104726118E-16));
#4698=DIRECTION('',(-0.5,0.866025403784439,8.89373738004003E-17));
#4699=DIRECTION('',(-0.866025403784439,-0.5,0.));
#4700=DIRECTION('',(-0.571206530825084,-0.329786244334735,0.751640959627908));
#4701=DIRECTION('',(-0.5,0.866025403784439,8.89373738004003E-17));
#4702=DIRECTION('',(-0.866025403784439,-0.5,0.));
#4703=DIRECTION('',(-0.5,0.866025403784439,8.89373738004003E-17));
#4704=DIRECTION('',(-0.866025403784439,-0.5,0.));
#4705=DIRECTION('',(-0.571206530825084,-0.329786244334735,-0.751640959627908));
#4706=DIRECTION('',(-0.5,0.866025403784439,8.89373738004003E-17));
#4707=DIRECTION('',(-0.866025403784439,-0.5,0.));
#4708=DIRECTION('',(1.84423096968333E-17,1.13343705877304E-16,-1.));
#4709=DIRECTION('',(-0.5,0.866025403784439,8.89373738004003E-17));
#4710=DIRECTION('',(-0.866025403784439,-0.5,0.));
#4711=DIRECTION('',(-0.695763205143559,-0.401699073781871,-0.59544220247741));
#4712=DIRECTION('',(-0.5,0.866025403784439,8.89373738004003E-17));
#4713=DIRECTION('',(-0.866025403784439,-0.5,0.));
#4714=DIRECTION('',(-0.5,0.866025403784439,8.89373738004003E-17));
#4715=DIRECTION('',(-0.866025403784439,-0.5,0.));
#4716=DIRECTION('',(0.69576320514356,0.401699073781871,-0.595442202477409));
#4717=DIRECTION('',(-0.5,0.866025403784439,8.89373738004003E-17));
#4718=DIRECTION('',(-0.866025403784439,-0.5,0.));
#4719=DIRECTION('',(1.,0.,-1.778747476008E-16));
#4720=DIRECTION('',(-1.778747476008E-16,0.,-1.));
#4721=DIRECTION('',(-1.778747476008E-16,-1.02924631564206E-15,-1.));
#4722=DIRECTION('',(7.85056246723843E-17,-0.937698988221279,0.34744871202638));
#4723=DIRECTION('',(-1.778747476008E-16,0.,-1.));
#4724=DIRECTION('',(0.,1.,0.));
#4725=DIRECTION('',(0.,1.,0.));
#4726=DIRECTION('',(-1.778747476008E-16,0.,-1.));
#4727=DIRECTION('',(-7.85056246723844E-17,-0.937698988221279,-0.34744871202638));
#4728=DIRECTION('',(0.5,0.866025403784439,-8.89373738004003E-17));
#4729=DIRECTION('',(-0.866025403784439,0.5,1.54044050114038E-16));
#4730=DIRECTION('',(0.5,0.866025403784439,-8.89373738004003E-17));
#4731=DIRECTION('',(-0.866025403784439,0.5,0.));
#4732=DIRECTION('',(0.5,0.866025403784439,-8.89373738004003E-17));
#4733=DIRECTION('',(-0.866025403784439,0.5,0.));
#4734=DIRECTION('',(0.5,0.866025403784439,-8.89373738004003E-17));
#4735=DIRECTION('',(-0.866025403784439,0.5,0.));
#4736=DIRECTION('',(0.5,0.866025403784439,-8.89373738004003E-17));
#4737=DIRECTION('',(-0.866025403784439,0.5,0.));
#4738=DIRECTION('',(0.695792474236037,-0.401715972300291,-0.595396599247364));
#4739=DIRECTION('',(0.5,0.866025403784439,-8.89373738004003E-17));
#4740=DIRECTION('',(-0.866025403784439,0.5,0.));
#4741=DIRECTION('',(-1.84370897253079E-17,1.13340692125339E-16,1.));
#4742=DIRECTION('',(0.5,0.866025403784439,-8.89373738004003E-17));
#4743=DIRECTION('',(-0.866025403784439,0.5,0.));
#4744=DIRECTION('',(0.695792474236036,-0.401715972300291,0.595396599247364));
#4745=DIRECTION('',(0.5,0.866025403784439,-8.89373738004003E-17));
#4746=DIRECTION('',(-0.866025403784439,0.5,0.));
#4747=DIRECTION('',(0.5,0.866025403784439,-8.89373738004003E-17));
#4748=DIRECTION('',(-0.866025403784439,0.5,0.));
#4749=DIRECTION('',(-0.571265086188362,0.329820051289485,-0.75158162236021));
#4750=DIRECTION('',(0.5,0.866025403784439,-8.89373738004003E-17));
#4751=DIRECTION('',(-0.866025403784439,0.5,0.));
#4752=DIRECTION('',(0.866025403784439,-0.5,-1.84889274661175E-32));
#4753=DIRECTION('',(0.5,0.866025403784439,-8.89373738004003E-17));
#4754=DIRECTION('',(-0.866025403784439,0.5,0.));
#4755=DIRECTION('',(-0.571265086188361,0.329820051289485,0.75158162236021));
#4756=DIRECTION('',(-0.571265086188361,0.329820051289485,-0.75158162236021));
#4757=DIRECTION('',(0.5,0.866025403784439,-8.89373738004003E-17));
#4758=DIRECTION('',(-0.866025403784439,0.5,0.));
#4759=DIRECTION('',(-0.866025403784439,0.5,-1.32287850382582E-16));
#4760=DIRECTION('',(0.5,0.866025403784439,-8.89373738004003E-17));
#4761=DIRECTION('',(-0.866025403784439,0.5,0.));
#4762=DIRECTION('',(-0.571265086188362,0.329820051289485,0.75158162236021));
#4763=DIRECTION('',(0.5,0.866025403784439,-8.89373738004003E-17));
#4764=DIRECTION('',(-0.866025403784439,0.5,0.));
#4765=DIRECTION('',(0.5,0.866025403784439,-8.89373738004003E-17));
#4766=DIRECTION('',(-0.866025403784439,0.5,0.));
#4767=DIRECTION('',(-0.654653670707977,0.377964473009228,-0.654653670707977));
#4768=DIRECTION('',(-1.778747476008E-16,-1.65136439448792E-33,-1.));
#4769=DIRECTION('',(0.866025403784439,-0.5,0.));
#4770=DIRECTION('',(1.778747476008E-16,0.,1.));
#4771=DIRECTION('',(-0.654653670707977,0.377964473009228,0.654653670707977));
#4772=DIRECTION('',(0.695792474236037,-0.401715972300291,0.595396599247364));
#4773=DIRECTION('',(0.5,0.866025403784439,-8.89373738004003E-17));
#4774=DIRECTION('',(-0.866025403784439,0.5,0.));
#4775=DIRECTION('',(0.5,0.866025403784439,-8.89373738004003E-17));
#4776=DIRECTION('',(-0.866025403784439,0.5,0.));
#4777=DIRECTION('',(0.695792474236036,-0.401715972300291,-0.595396599247364));
#4778=DIRECTION('',(1.36775347998981E-16,0.,-1.));
#4779=DIRECTION('',(-1.,0.,-1.36775347998981E-16));
#4780=DIRECTION('',(0.,-1.,0.));
#4781=DIRECTION('',(0.866025403784439,-0.5,0.));
#4782=DIRECTION('',(-1.,0.,-1.36775347998981E-16));
#4783=DIRECTION('',(0.,1.,0.));
#4784=DIRECTION('',(-1.,1.46390166749098E-16,-1.36775347998981E-16));
#4785=DIRECTION('',(0.,-1.,0.));
#4786=DIRECTION('',(-1.,2.19585250123647E-16,-1.36775347998981E-16));
#4787=DIRECTION('',(0.,-1.,0.));
#4788=DIRECTION('',(1.,0.,0.));
#4789=DIRECTION('',(1.778747476008E-16,0.,1.));
#4790=DIRECTION('',(1.,0.,1.36775347998981E-16));
#4791=DIRECTION('',(1.36775347998981E-16,0.,-1.));
#4792=DIRECTION('',(1.778747476008E-16,0.,1.));
#4793=DIRECTION('',(1.36775347998981E-16,0.,-1.));
#4794=DIRECTION('',(1.,0.,0.));
#4795=DIRECTION('',(1.36775347998981E-16,0.,-1.));
#4796=DIRECTION('',(-1.778747476008E-16,0.,-1.));
#4797=DIRECTION('',(1.36775347998981E-16,0.,-1.));
#4798=DIRECTION('',(0.,0.,1.));
#4799=DIRECTION('',(-1.,0.,0.));
#4800=DIRECTION('',(0.,0.,1.));
#4801=DIRECTION('',(0.,0.866025403784439,0.5));
#4802=DIRECTION('',(0.,0.5,-0.866025403784439));
#4803=DIRECTION('',(-0.654653670707977,-0.377964473009228,0.654653670707977));
#4804=DIRECTION('',(1.,0.,0.));
#4805=DIRECTION('',(0.,0.866025403784439,0.5));
#4806=DIRECTION('',(0.,0.5,-0.866025403784439));
#4807=DIRECTION('',(0.,0.866025403784439,0.5));
#4808=DIRECTION('',(0.,0.5,-0.866025403784439));
#4809=DIRECTION('',(-0.654653670707977,-0.377964473009228,0.654653670707977));
#4810=DIRECTION('',(1.,0.,0.));
#4811=DIRECTION('',(0.,0.,1.));
#4812=DIRECTION('',(1.,0.,0.));
#4813=DIRECTION('',(0.866025403784439,-0.5,0.));
#4814=DIRECTION('',(0.,1.,0.));
#4815=DIRECTION('',(1.,-1.46390166749098E-16,0.));
#4816=DIRECTION('',(0.,-1.,0.));
#4817=DIRECTION('',(1.,0.,0.));
#4818=DIRECTION('',(-0.866025403784439,-0.5,0.));
#4819=DIRECTION('',(1.,0.,0.));
#4820=DIRECTION('',(0.965925826289068,-0.258819045102521,-3.20814231579629E-17));
#4821=DIRECTION('',(-0.258819045102521,-0.965925826289068,-9.36950170724087E-17));
#4822=DIRECTION('',(6.73822032283943E-18,-9.88057200921086E-17,1.));
#4823=DIRECTION('',(0.258819045102521,0.965925826289068,0.));
#4824=DIRECTION('',(-0.211324865405187,-0.788675134594813,-0.577350269189626));
#4825=DIRECTION('',(0.,0.,1.));
#4826=DIRECTION('',(1.,0.,0.));
#4827=DIRECTION('',(-1.,0.,0.));
#4828=DIRECTION('',(0.,0.,1.));
#4829=DIRECTION('',(1.,0.,0.));
#4830=DIRECTION('',(-0.995773425052156,0.0918438128558346,0.));
#4831=DIRECTION('',(-1.,0.,0.));
#4832=DIRECTION('',(0.866025403784439,0.5,0.));
#4833=DIRECTION('',(0.965925826289068,-0.258819045102521,0.));
#4834=DIRECTION('',(0.,0.,1.));
#4835=DIRECTION('',(1.,0.,0.));
#4836=DIRECTION('',(0.,0.,1.));
#4837=DIRECTION('',(1.,0.,0.));
#4838=DIRECTION('',(-0.5,0.866025403784439,8.89373738004003E-17));
#4839=DIRECTION('',(0.866025403784439,0.5,-1.54044050114038E-16));
#4840=DIRECTION('',(-0.5,0.866025403784439,8.89373738004003E-17));
#4841=DIRECTION('',(-0.866025403784439,-0.5,0.));
#4842=DIRECTION('',(-0.5,0.866025403784439,8.89373738004003E-17));
#4843=DIRECTION('',(0.866025403784439,0.5,3.88965047426811E-16));
#4844=DIRECTION('',(-0.866025403784439,-0.5,1.54044050114038E-16));
#4845=DIRECTION('',(6.73822032283943E-18,-9.88057200921086E-17,1.));
#4846=DIRECTION('',(-0.5,0.866025403784439,8.89373738004003E-17));
#4847=DIRECTION('',(-0.866025403784439,-0.5,-5.13480167046795E-17));
#4848=DIRECTION('',(-0.5,0.866025403784439,8.89373738004003E-17));
#4849=DIRECTION('',(0.866025403784439,0.5,-1.54044050114038E-16));
#4850=DIRECTION('',(-0.866025403784439,-0.5,1.54044050114038E-16));
#4851=DIRECTION('',(0.654653670707977,0.377964473009228,-0.654653670707977));
#4852=DIRECTION('',(-4.44686869002001E-17,7.70220250570192E-17,-1.));
#4853=DIRECTION('',(-0.866025403784439,-0.5,0.));
#4854=DIRECTION('',(-0.5,-0.866025403784439,8.89373738004003E-17));
#4855=DIRECTION('',(0.866025403784439,-0.5,5.13480167046795E-17));
#4856=DIRECTION('',(-1.778747476008E-16,-1.50961460611056E-32,-1.));
#4857=DIRECTION('',(0.866025403784439,-0.5,0.));
#4858=DIRECTION('',(0.,0.,-1.));
#4859=DIRECTION('',(0.866025403784439,-0.5,0.));
#4860=DIRECTION('',(-1.61694416465057E-16,1.96050348281919E-16,1.));
#4861=DIRECTION('',(-0.866025403784439,0.5,1.22519038313981E-16));
#4862=DIRECTION('',(-0.965925826289068,-0.258819045102521,1.71813812552262E-16));
#4863=DIRECTION('',(0.258819045102521,-0.965925826289068,-4.60373723218911E-17));
#4864=DIRECTION('',(-0.211324865405187,0.788675134594813,0.577350269189626));
#4865=DIRECTION('',(0.258819045102521,-0.965925826289068,0.));
#4866=DIRECTION('',(-0.353553390593274,-0.612372435695795,0.707106781186548));
#4867=DIRECTION('',(-0.353553390593274,-0.612372435695795,-0.707106781186548));
#4868=DIRECTION('',(-0.894427190999916,1.03438923051969E-15,-0.447213595499957));
#4869=DIRECTION('',(0.866025403784439,-0.5,0.));
#4870=DIRECTION('',(-0.788675134594813,-0.211324865405187,-0.577350269189626));
#4871=DIRECTION('',(-0.353553390593274,-0.612372435695795,0.707106781186548));
#4872=DIRECTION('',(-0.353553390593274,-0.612372435695795,-0.707106781186548));
#4873=DIRECTION('',(-0.866025403784439,0.5,1.22519038313981E-16));
#4874=DIRECTION('',(0.5,0.866025403784439,-8.89373738004003E-17));
#4875=DIRECTION('',(-0.866025403784439,0.5,1.54044050114038E-16));
#4876=DIRECTION('',(-4.44686869002001E-17,-7.70220250570192E-17,-1.));
#4877=DIRECTION('',(-0.654653670707977,0.377964473009228,-0.654653670707977));
#4878=DIRECTION('',(0.866025403784439,-0.5,-1.54044050114038E-16));
#4879=DIRECTION('',(0.5,0.866025403784439,-8.89373738004003E-17));
#4880=DIRECTION('',(-0.866025403784439,0.5,1.54044050114038E-16));
#4881=DIRECTION('',(0.5,0.866025403784439,-8.89373738004003E-17));
#4882=DIRECTION('',(-0.866025403784439,0.5,0.));
#4883=DIRECTION('',(0.5,0.866025403784439,-8.89373738004003E-17));
#4884=DIRECTION('',(-0.866025403784439,0.5,0.));
#4885=DIRECTION('',(0.5,0.866025403784439,-8.89373738004003E-17));
#4886=DIRECTION('',(-0.866025403784439,0.5,0.));
#4887=DIRECTION('',(-0.695792474236037,0.401715972300291,-0.595396599247364));
#4888=DIRECTION('',(-2.67801980447979E-16,2.57311578910515E-16,1.));
#4889=DIRECTION('',(-0.695792474236036,0.401715972300291,0.595396599247364));
#4890=DIRECTION('',(0.571265086188361,-0.329820051289485,0.75158162236021));
#4891=DIRECTION('',(0.5,0.866025403784439,-8.89373738004003E-17));
#4892=DIRECTION('',(-0.866025403784439,0.5,0.));
#4893=DIRECTION('',(0.5,0.866025403784439,-8.89373738004003E-17));
#4894=DIRECTION('',(-0.866025403784439,0.5,0.));
#4895=DIRECTION('',(0.571265086188362,-0.329820051289485,-0.75158162236021));
#4896=DIRECTION('',(0.5,0.866025403784439,-8.89373738004003E-17));
#4897=DIRECTION('',(-0.866025403784439,0.5,0.));
#4898=DIRECTION('',(0.866025403784439,-0.5,1.32287850382582E-16));
#4899=DIRECTION('',(0.5,0.866025403784439,-8.89373738004003E-17));
#4900=DIRECTION('',(-0.866025403784439,0.5,0.));
#4901=DIRECTION('',(-0.866025403784439,0.5,4.93701600714493E-33));
#4902=DIRECTION('',(0.5,0.866025403784439,-8.89373738004003E-17));
#4903=DIRECTION('',(-0.866025403784439,0.5,0.));
#4904=DIRECTION('',(0.571265086188362,-0.329820051289485,0.75158162236021));
#4905=DIRECTION('',(0.5,0.866025403784439,-8.89373738004003E-17));
#4906=DIRECTION('',(-0.866025403784439,0.5,0.));
#4907=DIRECTION('',(0.5,0.866025403784439,-8.89373738004003E-17));
#4908=DIRECTION('',(-0.866025403784439,0.5,0.));
#4909=DIRECTION('',(0.571265086188361,-0.329820051289485,-0.75158162236021));
#4910=DIRECTION('',(0.5,0.866025403784439,-8.89373738004003E-17));
#4911=DIRECTION('',(-0.866025403784439,0.5,0.));
#4912=DIRECTION('',(1.84370897253079E-17,-1.13340692125339E-16,-1.));
#4913=DIRECTION('',(0.5,0.866025403784439,-8.89373738004003E-17));
#4914=DIRECTION('',(-0.866025403784439,0.5,0.));
#4915=DIRECTION('',(-0.695792474236036,0.401715972300291,0.595396599247364));
#4916=DIRECTION('',(0.5,0.866025403784439,-8.89373738004003E-17));
#4917=DIRECTION('',(-0.866025403784439,0.5,0.));
#4918=DIRECTION('',(0.5,0.866025403784439,-8.89373738004003E-17));
#4919=DIRECTION('',(-0.866025403784439,0.5,0.));
#4920=DIRECTION('',(-0.695792474236037,0.401715972300291,-0.595396599247364));
#4921=DIRECTION('',(0.5,0.866025403784439,-8.89373738004003E-17));
#4922=DIRECTION('',(-0.866025403784439,0.5,0.));
#4923=DIRECTION('',(0.866025403784439,-0.5,0.));
#4924=DIRECTION('',(0.866025403784439,-0.5,0.));
#4925=DIRECTION('',(-1.778747476008E-16,-1.50961460611056E-32,-1.));
#4926=DIRECTION('',(0.,-1.,0.));
#4927=DIRECTION('',(1.,0.,0.));
#4928=DIRECTION('',(1.,0.,0.));
#4929=DIRECTION('',(0.,0.,1.));
#4930=DIRECTION('',(0.,-1.,0.));
#4931=DIRECTION('',(0.,0.,-1.));
#4932=DIRECTION('',(-1.,0.,0.));
#4933=DIRECTION('',(0.,0.,-1.));
#4934=DIRECTION('',(0.,-1.,0.));
#4935=DIRECTION('',(1.,0.,0.));
#4936=DIRECTION('',(0.,-1.,0.));
#4937=DIRECTION('',(0.,0.,-1.));
#4938=DIRECTION('',(1.,0.,0.));
#4939=DIRECTION('',(0.,-1.,0.));
#4940=DIRECTION('',(0.,0.,-1.));
#4941=DIRECTION('',(-1.,0.,0.));
#4942=DIRECTION('',(0.,1.,0.));
#4943=DIRECTION('',(0.,0.,1.));
#4944=DIRECTION('',(0.,1.,0.));
#4945=DIRECTION('',(0.,-1.,0.));
#4946=DIRECTION('',(0.,0.,-1.));
#4947=DIRECTION('',(0.,1.,0.));
#4948=DIRECTION('',(0.,1.,0.));
#4949=DIRECTION('',(0.,1.,0.));
#4950=DIRECTION('',(0.,1.,0.));
#4951=DIRECTION('',(0.,0.,1.));
#4952=DIRECTION('',(0.,1.,0.));
#4953=DIRECTION('',(0.,-1.,0.));
#4954=DIRECTION('',(0.,0.,-1.));
#4955=DIRECTION('',(0.,1.,0.));
#4956=DIRECTION('',(0.,-1.,0.));
#4957=DIRECTION('',(0.,0.,-1.));
#4958=DIRECTION('',(0.,1.,0.));
#4959=DIRECTION('',(0.,0.,1.));
#4960=DIRECTION('',(1.,0.,0.));
#4961=DIRECTION('',(0.,0.,1.));
#4962=DIRECTION('',(1.,0.,0.));
#4963=DIRECTION('',(0.,0.,1.));
#4964=DIRECTION('',(1.,0.,0.));
#4965=DIRECTION('',(0.,0.,1.));
#4966=DIRECTION('',(1.,0.,0.));
#4967=DIRECTION('',(0.965925826289068,0.258819045102521,0.));
#4968=DIRECTION('',(1.,-1.15648231731786E-15,0.));
#4969=DIRECTION('',(-0.995773425052156,-0.0918438128558356,0.));
#4970=DIRECTION('',(1.,0.,0.));
#4971=DIRECTION('',(0.,0.,-1.));
#4972=DIRECTION('',(0.,-1.,0.));
#4973=DIRECTION('',(0.,1.,0.));
#4974=DIRECTION('',(0.,0.,-1.));
#4975=DIRECTION('',(-1.,0.,0.));
#4976=DIRECTION('',(0.,-1.,0.));
#4977=DIRECTION('',(0.,-1.,0.));
#4978=DIRECTION('',(0.,-1.,0.));
#4979=DIRECTION('',(1.,0.,0.));
#4980=DIRECTION('',(1.,0.,0.));
#4981=DIRECTION('',(1.778747476008E-16,0.,1.));
#4982=DIRECTION('',(0.,0.,-1.));
#4983=DIRECTION('',(0.,0.866025403784439,-0.5));
#4984=DIRECTION('',(0.,0.5,0.866025403784439));
#4985=DIRECTION('',(1.,0.,0.));
#4986=DIRECTION('',(0.,-1.,0.));
#4987=DIRECTION('',(1.,0.,0.));
#4988=DIRECTION('',(0.,0.,1.));
#4989=DIRECTION('',(1.,0.,0.));
#4990=DIRECTION('',(0.,0.,-1.));
#4991=DIRECTION('',(1.,0.,0.));
#4992=DIRECTION('',(1.,0.,0.));
#4993=DIRECTION('',(0.,0.,-1.));
#4994=DIRECTION('',(0.,-0.857492925712544,0.514495755427527));
#4995=DIRECTION('',(1.,0.,0.));
#4996=DIRECTION('',(0.,0.,-1.));
#4997=DIRECTION('',(0.,-1.,0.));
#4998=DIRECTION('',(0.,1.,0.));
#4999=DIRECTION('',(0.,1.,0.));
#5000=DIRECTION('',(0.,0.,-1.));
#5001=DIRECTION('',(1.,0.,0.));
#5002=DIRECTION('',(0.,0.,-1.));
#5003=DIRECTION('',(0.,-1.,0.));
#5004=DIRECTION('',(1.,0.,0.));
#5005=DIRECTION('',(0.,0.,-1.));
#5006=DIRECTION('',(0.,-0.857492925712544,0.514495755427527));
#5007=DIRECTION('',(0.,0.,-1.));
#5008=DIRECTION('',(0.,1.,0.));
#5009=DIRECTION('',(0.,1.,0.));
#5010=DIRECTION('',(-1.,0.,0.));
#5011=DIRECTION('',(0.,0.,1.));
#5012=DIRECTION('',(0.,0.857492925712544,-0.514495755427527));
#5013=DIRECTION('',(-1.,0.,0.));
#5014=DIRECTION('',(0.,0.,1.));
#5015=DIRECTION('',(0.,-1.,0.));
#5016=DIRECTION('',(0.,-1.,0.));
#5017=DIRECTION('',(0.,0.,-1.));
#5018=DIRECTION('',(0.,0.,1.));
#5019=DIRECTION('',(1.,0.,0.));
#5020=DIRECTION('',(0.,1.,0.));
#5021=DIRECTION('',(0.,0.,1.));
#5022=DIRECTION('',(1.,0.,0.));
#5023=DIRECTION('',(-0.514495755427526,-0.857492925712544,0.));
#5024=DIRECTION('',(1.,0.,0.));
#5025=DIRECTION('',(0.,1.,0.));
#5026=DIRECTION('',(0.,1.,0.));
#5027=DIRECTION('',(0.,0.,-1.));
#5028=DIRECTION('',(-1.,0.,0.));
#5029=DIRECTION('',(0.514495755427526,0.857492925712544,0.));
#5030=DIRECTION('',(0.,0.,-1.));
#5031=DIRECTION('',(-1.,0.,0.));
#5032=DIRECTION('',(0.,1.,0.));
#5033=DIRECTION('',(0.,1.,0.));
#5034=DIRECTION('',(0.,1.,0.));
#5035=DIRECTION('',(1.,0.,0.));
#5036=DIRECTION('',(0.,0.,1.));
#5037=DIRECTION('',(1.,0.,0.));
#5038=DIRECTION('',(0.,1.,0.));
#5039=DIRECTION('',(0.,0.,1.));
#5040=DIRECTION('',(1.,0.,0.));
#5041=DIRECTION('',(-0.514495755427527,0.857492925712544,0.));
#5042=DIRECTION('',(-1.,0.,0.));
#5043=DIRECTION('',(0.,1.,0.));
#5044=DIRECTION('',(0.,1.,0.));
#5045=DIRECTION('',(0.,0.,1.));
#5046=DIRECTION('',(1.,0.,0.));
#5047=DIRECTION('',(-1.,-2.16840434497102E-16,0.));
#5048=DIRECTION('',(0.,0.,-1.));
#5049=DIRECTION('',(-1.,0.,0.));
#5050=DIRECTION('',(1.,2.16840434497101E-16,0.));
#5051=DIRECTION('',(0.,-1.,0.));
#5052=DIRECTION('',(-1.,0.,0.));
#5053=DIRECTION('',(0.,0.,1.));
#5054=DIRECTION('',(0.,-1.12644381556936E-16,-1.));
#5055=DIRECTION('',(-1.,0.,0.));
#5056=DIRECTION('',(0.,0.,1.));
#5057=DIRECTION('',(0.,1.,0.));
#5058=DIRECTION('',(1.,0.,0.));
#5059=DIRECTION('',(0.,0.,-1.));
#5060=DIRECTION('',(0.,1.,0.));
#5061=DIRECTION('',(0.,0.,1.));
#5062=DIRECTION('',(1.,0.,0.));
#5063=DIRECTION('',(0.,1.,0.));
#5064=DIRECTION('',(0.707106781186547,0.,-0.707106781186548));
#5065=DIRECTION('',(-0.707106781186548,0.,-0.707106781186547));
#5066=DIRECTION('',(0.,1.,0.));
#5067=DIRECTION('',(1.,0.,-1.778747476008E-16));
#5068=DIRECTION('',(-1.778747476008E-16,0.,-1.));
#5069=DIRECTION('',(-1.778747476008E-16,7.7766217153792E-16,-1.));
#5070=DIRECTION('',(-7.85138156700814E-17,-0.937685555012593,-0.347484963589397));
#5071=DIRECTION('',(-6.18088001935372E-17,0.937685555012594,-0.347484963589396));
#5072=DIRECTION('',(0.,0.,1.));
#5073=DIRECTION('',(1.,0.,0.));
#5074=DIRECTION('',(0.,-1.,0.));
#5075=DIRECTION('',(-0.995773425052156,-0.0918438128558356,0.));
#5076=DIRECTION('',(-0.995773425052156,0.0918438128558346,0.));
#5077=DIRECTION('',(0.,-1.,0.));
#5078=DIRECTION('',(0.707106781186547,0.,0.707106781186548));
#5079=DIRECTION('',(0.707106781186548,0.,-0.707106781186547));
#5080=DIRECTION('',(0.,1.,0.));
#5081=DIRECTION('',(0.,0.,1.));
#5082=DIRECTION('',(1.,0.,0.));
#5083=DIRECTION('',(-1.,0.,0.));
#5084=DIRECTION('',(0.,0.,1.));
#5085=DIRECTION('',(0.,-1.,0.));
#5086=DIRECTION('',(1.,0.,0.));
#5087=DIRECTION('',(0.,0.,-1.));
#5088=DIRECTION('',(0.,0.,-1.));
#5089=DIRECTION('',(-1.,0.,0.));
#5090=DIRECTION('',(0.,0.,1.));
#5091=DIRECTION('',(0.,-1.12644381556936E-16,1.));
#5092=DIRECTION('',(0.,1.,0.));
#5093=DIRECTION('',(0.,0.,-1.));
#5094=DIRECTION('',(-1.,0.,0.));
#5095=DIRECTION('',(-0.514495755427527,0.857492925712544,0.));
#5096=DIRECTION('',(0.,0.,-1.));
#5097=DIRECTION('',(-1.,0.,0.));
#5098=DIRECTION('',(0.,1.,0.));
#5099=DIRECTION('',(-1.,0.,0.));
#5100=DIRECTION('',(1.,0.,2.25288763113871E-16));
#5101=DIRECTION('',(2.25288763113871E-16,0.,-1.));
#5102=DIRECTION('',(2.25288763113871E-16,-3.75481271856452E-16,-1.));
#5103=DIRECTION('',(0.,0.,-1.));
#5104=DIRECTION('',(-1.,0.,0.));
#5105=DIRECTION('',(1.,0.,0.));
#5106=DIRECTION('',(-1.,0.,2.31296463463574E-15));
#5107=DIRECTION('',(2.31296463463574E-15,0.,1.));
#5108=DIRECTION('',(0.,-1.,0.));
#5109=DIRECTION('',(-1.,0.,2.31296463463574E-15));
#5110=DIRECTION('',(2.31296463463574E-15,0.,1.));
#5111=DIRECTION('',(1.19001048697407E-15,-0.857492925712544,0.514495755427527));
#5112=DIRECTION('',(0.,0.,-1.));
#5113=DIRECTION('',(1.73472347597681E-15,0.,1.));
#5114=DIRECTION('',(1.,0.,-1.73472347597681E-15));
#5115=DIRECTION('',(-1.,9.63735264431555E-16,1.73472347597681E-15));
#5116=DIRECTION('',(0.,-1.,-1.12644381556936E-16));
#5117=DIRECTION('',(0.,1.12644381556936E-16,-1.));
#5118=DIRECTION('',(0.,-1.12644381556936E-16,1.));
#5119=DIRECTION('',(0.,-1.,1.12644381556936E-16));
#5120=DIRECTION('',(0.,-1.12644381556936E-16,-1.));
#5121=DIRECTION('',(0.,-1.12644381556936E-16,-1.));
#5122=DIRECTION('',(-2.16840434497101E-16,1.,0.));
#5123=DIRECTION('',(-1.,-2.16840434497101E-16,0.));
#5124=DIRECTION('',(1.,2.16840434497101E-16,0.));
#5125=DIRECTION('',(2.16840434497102E-16,-1.,0.));
#5126=DIRECTION('',(1.,2.16840434497102E-16,0.));
#5127=DIRECTION('',(-1.,-2.16840434497102E-16,0.));
#5128=DIRECTION('',(0.857492925712544,0.514495755427527,0.));
#5129=DIRECTION('',(-0.514495755427527,0.857492925712544,0.));
#5130=DIRECTION('',(2.25288763113871E-16,-3.75481271856452E-16,-1.));
#5131=DIRECTION('',(-0.857492925712544,0.514495755427526,0.));
#5132=DIRECTION('',(-0.514495755427526,-0.857492925712544,0.));
#5133=DIRECTION('',(0.,0.,-1.));
#5134=DIRECTION('',(0.,0.514495755427527,0.857492925712544));
#5135=DIRECTION('',(0.,-0.857492925712544,0.514495755427527));
#5136=DIRECTION('',(1.,0.,0.));
#5137=DIRECTION('',(1.98335081162345E-15,0.514495755427527,0.857492925712544));
#5138=DIRECTION('',(0.,-0.857492925712544,0.514495755427527));
#5139=DIRECTION('',(-1.,9.63735264431555E-16,1.73472347597681E-15));
#5140=DIRECTION('',(0.5,0.866025403784439,-8.89373738004003E-17));
#5141=DIRECTION('',(-0.866025403784439,0.5,1.54044050114038E-16));
#5142=DIRECTION('',(-1.778747476008E-16,1.23259516440783E-32,-1.));
#5143=DIRECTION('',(-1.778747476008E-16,-1.50961460611056E-32,-1.));
#5144=DIRECTION('',(0.866025403784439,-0.5,-1.54044050114038E-16));
#5145=DIRECTION('',(0.5,0.866025403784439,-8.89373738004003E-17));
#5146=DIRECTION('',(-0.866025403784439,0.5,0.));
#5147=DIRECTION('',(0.,-1.,0.));
#5148=DIRECTION('',(0.,0.,-1.));
#5149=DIRECTION('',(0.,-1.,0.));
#5150=DIRECTION('',(0.,0.,-1.));
#5151=DIRECTION('',(0.0918438128558346,0.995773425052156,0.));
#5152=DIRECTION('',(-0.995773425052156,0.0918438128558346,0.));
#5153=DIRECTION('',(0.,0.,1.));
#5154=DIRECTION('',(-0.0918438128558356,0.995773425052156,0.));
#5155=DIRECTION('',(-0.995773425052156,-0.0918438128558356,0.));
#5156=DIRECTION('',(0.,0.,1.));
#5157=DIRECTION('',(0.,-1.,0.));
#5158=DIRECTION('',(0.,0.,-1.));
#5159=DIRECTION('',(0.,0.,1.));
#5160=DIRECTION('',(1.,0.,0.));
#5161=DIRECTION('',(0.,-1.,0.));
#5162=DIRECTION('',(0.,0.,-1.));
#5163=DIRECTION('',(1.,0.,0.));
#5164=DIRECTION('',(0.,0.,1.));
#5165=DIRECTION('',(1.,0.,0.));
#5166=DIRECTION('',(0.,0.,-1.));
#5167=DIRECTION('',(0.,-1.,0.));
#5168=DIRECTION('',(0.,0.,-1.));
#5169=DIRECTION('',(-1.,0.,0.));
#5170=DIRECTION('',(0.,-1.,0.));
#5171=DIRECTION('',(1.,0.,0.));
#5172=DIRECTION('',(0.,0.,-1.));
#5173=DIRECTION('',(2.92384925355637E-16,0.,-1.));
#5174=DIRECTION('',(-1.,0.,-2.92384925355637E-16));
#5175=DIRECTION('',(0.,-1.,0.));
#5176=DIRECTION('',(-1.,0.,-2.92384925355637E-16));
#5177=DIRECTION('',(-1.,0.,-2.92384925355637E-16));
#5178=DIRECTION('',(0.,1.,0.));
#5179=DIRECTION('',(-1.,2.19585250123647E-16,-2.92384925355637E-16));
#5180=DIRECTION('',(0.,0.,1.));
#5181=DIRECTION('',(1.,0.,0.));
#5182=DIRECTION('',(0.,1.,0.));
#5183=DIRECTION('',(1.,-2.19585250123647E-16,0.));
#5184=DIRECTION('',(0.,1.,0.));
#5185=DIRECTION('',(0.,0.,1.));
#5186=DIRECTION('',(-0.866025403784439,-0.5,0.));
#5187=DIRECTION('',(1.,0.,0.));
#5188=DIRECTION('',(0.,0.,1.));
#5189=DIRECTION('',(0.866025403784439,-0.5,0.));
#5190=DIRECTION('',(1.,0.,0.));
#5191=DIRECTION('',(0.,-1.,0.));
#5192=DIRECTION('',(1.,0.,0.));
#5193=DIRECTION('',(1.,-1.15648231731786E-15,0.));
#5194=DIRECTION('',(0.894427190999916,0.,-0.447213595499958));
#5195=DIRECTION('',(-1.,0.,0.));
#5196=DIRECTION('',(0.,0.,-1.));
#5197=DIRECTION('',(-0.5,0.866025403784439,8.89373738004003E-17));
#5198=DIRECTION('',(-0.866025403784439,-0.5,0.));
#5199=DIRECTION('',(-0.5,0.866025403784439,8.89373738004003E-17));
#5200=DIRECTION('',(-0.866025403784439,-0.5,0.));
#5201=DIRECTION('',(0.5,0.866025403784439,-8.89373738004003E-17));
#5202=DIRECTION('',(-0.866025403784439,0.5,0.));
#5203=DIRECTION('',(0.5,0.866025403784439,-8.89373738004003E-17));
#5204=DIRECTION('',(-0.866025403784439,0.5,0.));
#5205=DIRECTION('',(0.258819045102521,-0.965925826289068,2.31219689126368E-16));
#5206=DIRECTION('',(-0.965925826289068,-0.258819045102521,-1.05443248895996E-16));
#5207=DIRECTION('',(0.,0.,-1.));
#5208=DIRECTION('',(0.,0.,-1.));
#5209=DIRECTION('',(1.,0.,0.));
#5210=DIRECTION('',(0.5,-0.866025403784439,-8.89373738004003E-17));
#5211=DIRECTION('',(0.866025403784439,0.5,5.13480167046795E-17));
#5212=DIRECTION('',(0.866025403784439,0.5,0.));
#5213=DIRECTION('',(-0.866025403784439,-0.5,0.));
#5214=DIRECTION('',(-6.73822032283941E-18,9.88057200921086E-17,-1.));
#5215=DIRECTION('',(-0.258819045102521,-0.965925826289068,-9.36950170724087E-17));
#5216=DIRECTION('',(0.965925826289068,-0.258819045102521,-3.20814231579629E-17));
#5217=DIRECTION('',(0.788675134594813,-0.211324865405187,-0.577350269189626));
#5218=DIRECTION('',(0.,0.,-1.));
#5219=DIRECTION('',(0.353553390593274,-0.612372435695795,0.707106781186548));
#5220=DIRECTION('',(0.353553390593274,-0.612372435695795,-0.707106781186548));
#5221=DIRECTION('',(0.353553390593274,-0.612372435695795,0.707106781186548));
#5222=DIRECTION('',(0.353553390593274,-0.612372435695795,-0.707106781186548));
#5223=DIRECTION('',(0.866025403784439,0.5,0.));
#5224=DIRECTION('',(0.,0.,-1.));
#5225=DIRECTION('',(1.,0.,0.));
#5226=DIRECTION('',(-0.5,0.866025403784439,8.89373738004003E-17));
#5227=DIRECTION('',(-0.866025403784439,-0.5,0.));
#5228=DIRECTION('',(0.5,0.866025403784439,-8.89373738004003E-17));
#5229=DIRECTION('',(-0.866025403784439,0.5,0.));
#5230=DIRECTION('',(1.,0.,1.36775347998981E-16));
#5231=DIRECTION('',(1.36775347998981E-16,0.,-1.));
#5232=DIRECTION('',(1.36775347998981E-16,0.,-1.));
#5233=DIRECTION('',(1.36775347998981E-16,0.,-1.));
#5234=DIRECTION('',(-1.46390166749098E-16,-1.,-2.00225660007367E-32));
#5235=DIRECTION('',(1.,-1.46390166749098E-16,0.));
#5236=DIRECTION('',(1.36775347998981E-16,0.,-1.));
#5237=DIRECTION('',(-1.,0.,-1.36775347998981E-16));
#5238=DIRECTION('',(-1.36775347998981E-16,0.,1.));
#5239=DIRECTION('',(-1.,0.,-1.36775347998981E-16));
#5240=DIRECTION('',(-1.36775347998981E-16,0.,1.));
#5241=DIRECTION('',(-1.,0.,0.));
#5242=DIRECTION('',(0.,0.,1.));
#5243=DIRECTION('',(-1.,0.,0.));
#5244=DIRECTION('',(0.,0.,1.));
#5245=DIRECTION('',(-1.,0.,0.));
#5246=DIRECTION('',(0.,0.,1.));
#5247=DIRECTION('',(-1.,0.,0.));
#5248=DIRECTION('',(0.,0.,1.));
#5249=DIRECTION('',(1.,0.,0.));
#5250=DIRECTION('',(0.,0.,-1.));
#5251=DIRECTION('',(1.,0.,0.));
#5252=DIRECTION('',(1.,0.,0.));
#5253=DIRECTION('',(0.,0.,-1.));
#5254=DIRECTION('',(1.,0.,1.36775347998981E-16));
#5255=DIRECTION('',(1.36775347998981E-16,0.,-1.));
#5256=DIRECTION('',(1.,0.,2.92384925355637E-16));
#5257=DIRECTION('',(2.92384925355637E-16,0.,-1.));
#5258=DIRECTION('',(-1.,0.,-1.36775347998981E-16));
#5259=DIRECTION('',(-1.36775347998981E-16,0.,1.));
#5260=DIRECTION('',(-1.,0.,0.));
#5261=DIRECTION('',(0.,0.,1.));
#5262=DIRECTION('',(-0.707106781186548,0.707106781186547,0.));
#5263=DIRECTION('',(0.707106781186547,0.707106781186549,-1.25776440230371E-16));
#5264=DIRECTION('',(-1.778747476008E-16,0.,-1.));
#5265=DIRECTION('',(-0.707106781186548,0.707106781186547,0.));
#5266=DIRECTION('',(-1.778747476008E-16,0.,-1.));
#5267=DIRECTION('',(-1.,0.,0.));
#5268=DIRECTION('',(0.,0.,1.));
#5269=DIRECTION('',(0.,0.,1.));
#5270=DIRECTION('',(1.,0.,0.));
#5271=DIRECTION('',(-1.778747476008E-16,1.03108595093554E-32,-1.));
#5272=DIRECTION('',(-1.,0.,1.778747476008E-16));
#5273=DIRECTION('',(0.,0.,1.));
#5274=DIRECTION('',(1.,0.,0.));
#5275=DIRECTION('',(-0.866025403784439,0.5,-7.2637334136639E-17));
#5276=DIRECTION('',(-0.5,-0.866025403784439,0.));
#5277=DIRECTION('',(-0.5,-0.866025403784439,-2.44931046598873E-17));
#5278=DIRECTION('',(-0.5,-0.866025403784439,1.6000851178229E-16));
#5279=DIRECTION('',(-0.51562858027508,0.297698299623682,0.803431944600583));
#5280=DIRECTION('',(0.841589614734843,0.,0.540117506076648));
#5281=DIRECTION('',(-0.5,-0.866025403784439,1.16034387718317E-16));
#5282=DIRECTION('',(-0.5,-0.866025403784439,1.55436816471744E-16));
#5283=DIRECTION('',(0.51562858027508,-0.297698299623682,0.803431944600583));
#5284=DIRECTION('',(0.841589614734843,0.,-0.540117506076648));
#5285=DIRECTION('',(-0.5,-0.866025403784439,-4.45994321807465E-17));
#5286=DIRECTION('',(0.5,0.866025403784439,1.17165374054148E-17));
#5287=DIRECTION('',(-0.5,-0.866025403784439,8.89373738004003E-17));
#5288=DIRECTION('',(0.866025403784439,-0.5,0.));
#5289=DIRECTION('',(0.5,0.866025403784439,-8.89373738004003E-17));
#5290=DIRECTION('',(-0.866025403784439,0.5,0.));
#5291=DIRECTION('',(0.5,0.866025403784439,-8.89373738004003E-17));
#5292=DIRECTION('',(-0.866025403784439,0.5,0.));
#5293=DIRECTION('',(4.44686869002001E-17,7.70220250570192E-17,1.));
#5294=DIRECTION('',(0.,-1.,7.70220250570192E-17));
#5295=DIRECTION('',(-0.5,-0.866025403784439,8.89373738004003E-17));
#5296=DIRECTION('',(-0.5,-0.866025403784439,8.89373738004003E-17));
#5297=DIRECTION('',(-0.650888777981464,0.375790811180105,-0.65964010257897));
#5298=DIRECTION('',(-0.711812761011325,0.,0.702369271296399));
#5299=DIRECTION('',(-0.5,-0.866025403784439,1.1726823342871E-16));
#5300=DIRECTION('',(0.5,0.866025403784439,-7.38287745110598E-17));
#5301=DIRECTION('',(0.650888777981464,-0.375790811180105,-0.659640102578971));
#5302=DIRECTION('',(-0.711812761011326,0.,-0.702369271296398));
#5303=DIRECTION('',(-0.5,-0.866025403784439,8.06508519362467E-17));
#5304=DIRECTION('',(0.5,0.866025403784439,6.22806589905448E-18));
#5305=DIRECTION('',(7.00959521431508E-17,-1.4316595024831E-16,-1.));
#5306=DIRECTION('',(0.,1.,-1.4316595024831E-16));
#5307=DIRECTION('',(-0.5,-0.866025403784439,8.89373738004003E-17));
#5308=DIRECTION('',(-0.5,-0.866025403784439,8.89373738004003E-17));
#5309=DIRECTION('',(-0.650888777981464,0.375790811180105,-0.659640102578971));
#5310=DIRECTION('',(-0.711812761011325,0.,0.702369271296399));
#5311=DIRECTION('',(-0.5,-0.866025403784439,1.2666377240318E-16));
#5312=DIRECTION('',(-0.5,-0.866025403784439,1.2666377240318E-16));
#5313=DIRECTION('',(0.650888777981464,-0.375790811180105,-0.65964010257897));
#5314=DIRECTION('',(-0.711812761011325,0.,-0.702369271296399));
#5315=DIRECTION('',(-0.5,-0.866025403784439,5.53653159518455E-17));
#5316=DIRECTION('',(-0.5,-0.866025403784439,5.53653159518455E-17));
#5317=DIRECTION('',(0.866025403784439,-0.5,3.6057910770699E-16));
#5318=DIRECTION('',(0.5,0.866025403784439,0.));
#5319=DIRECTION('',(-0.5,-0.866025403784439,8.89373738004003E-17));
#5320=DIRECTION('',(-0.5,-0.866025403784439,8.89373738004003E-17));
#5321=DIRECTION('',(-0.51562858027508,0.297698299623682,0.803431944600583));
#5322=DIRECTION('',(0.841589614734843,0.,0.540117506076648));
#5323=DIRECTION('',(0.5,0.866025403784439,-1.08252698631583E-16));
#5324=DIRECTION('',(0.51562858027508,-0.297698299623682,0.803431944600583));
#5325=DIRECTION('',(0.841589614734843,0.,-0.540117506076649));
#5326=DIRECTION('',(-0.5,-0.866025403784439,-3.3051150663397E-17));
#5327=DIRECTION('',(-0.866025403784439,-0.5,-2.34787035654922E-16));
#5328=DIRECTION('',(0.5,-0.866025403784439,0.));
#5329=DIRECTION('',(0.5,-0.866025403784439,-8.89373738004003E-17));
#5330=DIRECTION('',(0.5,-0.866025403784439,-8.89373738004003E-17));
#5331=DIRECTION('',(-0.515668073830795,-0.297721101238705,0.803398147563741));
#5332=DIRECTION('',(0.841560480839383,0.,0.540162898660569));
#5333=DIRECTION('',(0.5,-0.866025403784439,-1.13947943615543E-16));
#5334=DIRECTION('',(-0.515668073830794,-0.297721101238704,-0.803398147563742));
#5335=DIRECTION('',(-0.841560480839383,0.,0.540162898660567));
#5336=DIRECTION('',(0.5,-0.866025403784439,-3.94053987914946E-17));
#5337=DIRECTION('',(0.5,-0.866025403784439,-8.89373738004003E-17));
#5338=DIRECTION('',(0.866025403784439,0.5,0.));
#5339=DIRECTION('',(-0.5,0.866025403784439,8.89373738004003E-17));
#5340=DIRECTION('',(-0.866025403784439,-0.5,0.));
#5341=DIRECTION('',(-0.5,0.866025403784439,8.89373738004003E-17));
#5342=DIRECTION('',(-0.866025403784439,-0.5,0.));
#5343=DIRECTION('',(1.56069112321007E-16,1.92802577420078E-16,-1.));
#5344=DIRECTION('',(0.,1.,1.92802577420078E-16));
#5345=DIRECTION('',(0.5,-0.866025403784439,-8.89373738004003E-17));
#5346=DIRECTION('',(0.5,-0.866025403784439,-8.89373738004003E-17));
#5347=DIRECTION('',(-0.650940165562682,-0.375820479813954,-0.65957248866947));
#5348=DIRECTION('',(-0.711749040107635,0.,0.702433843081226));
#5349=DIRECTION('',(0.5,-0.866025403784439,-1.26664175387481E-16));
#5350=DIRECTION('',(0.5,-0.866025403784439,-7.12962084452787E-17));
#5351=DIRECTION('',(0.650940165562682,0.375820479813954,-0.659572488669469));
#5352=DIRECTION('',(-0.711749040107635,0.,-0.702433843081226));
#5353=DIRECTION('',(0.5,-0.866025403784439,-1.364351196069E-17));
#5354=DIRECTION('',(0.5,-0.866025403784439,1.21527015177464E-17));
#5355=DIRECTION('',(-1.84717369352608E-16,-2.09342656329087E-16,1.));
#5356=DIRECTION('',(0.,-1.,-2.09342656329087E-16));
#5357=DIRECTION('',(0.5,-0.866025403784439,-8.89373738004003E-17));
#5358=DIRECTION('',(0.5,-0.866025403784439,-8.89373738004003E-17));
#5359=DIRECTION('',(0.650940165562682,0.375820479813954,0.65957248866947));
#5360=DIRECTION('',(0.711749040107636,0.,-0.702433843081226));
#5361=DIRECTION('',(0.5,-0.866025403784439,-7.81179644256237E-17));
#5362=DIRECTION('',(0.5,-0.866025403784439,-7.12962084452788E-17));
#5363=DIRECTION('',(-0.650940165562682,-0.375820479813954,0.659572488669469));
#5364=DIRECTION('',(0.711749040107634,0.,0.702433843081226));
#5365=DIRECTION('',(0.5,-0.866025403784439,-7.81179644256237E-17));
#5366=DIRECTION('',(0.5,-0.866025403784439,-7.81179644256237E-17));
#5367=DIRECTION('',(0.866025403784439,0.5,7.26433616405698E-17));
#5368=DIRECTION('',(-0.5,0.866025403784439,0.));
#5369=DIRECTION('',(0.5,-0.866025403784439,0.));
#5370=DIRECTION('',(0.5,-0.866025403784439,-1.07764614176824E-16));
#5371=DIRECTION('',(0.515668073830795,0.297721101238705,-0.803398147563741));
#5372=DIRECTION('',(-0.841560480839382,0.,-0.540162898660569));
#5373=DIRECTION('',(0.5,-0.866025403784439,-4.14888626728515E-17));
#5374=DIRECTION('',(0.5,-0.866025403784439,-1.22383124137198E-16));
#5375=DIRECTION('',(0.515668073830794,0.297721101238705,0.803398147563742));
#5376=DIRECTION('',(0.841560480839383,0.,-0.540162898660568));
#5377=DIRECTION('',(0.5,-0.866025403784439,-3.30536821511967E-17));
#5378=DIRECTION('',(0.5,-0.866025403784439,6.35171664029789E-18));
#5379=DIRECTION('',(-6.16790569236167E-15,0.,1.));
#5380=DIRECTION('',(1.,0.,6.16790569236167E-15));
#5381=DIRECTION('',(0.,1.,0.));
#5382=DIRECTION('',(0.,1.,0.));
#5383=DIRECTION('',(-1.,0.,-4.48645279374001E-15));
#5384=DIRECTION('',(-4.48645279374001E-15,0.,1.));
#5385=DIRECTION('',(0.,1.,0.));
#5386=DIRECTION('',(6.16790569236199E-15,0.,1.));
#5387=DIRECTION('',(1.,0.,-6.16790569236199E-15));
#5388=DIRECTION('',(0.,1.,0.));
#5389=DIRECTION('',(1.,0.,0.));
#5390=DIRECTION('',(0.,0.,-1.));
#5391=DIRECTION('',(-1.,0.,-4.48645279374002E-15));
#5392=DIRECTION('',(-4.48645279374002E-15,0.,1.));
#5393=DIRECTION('',(0.,1.,0.));
#5394=DIRECTION('',(0.,1.,0.));
#5395=DIRECTION('',(6.16790569236228E-15,0.,-1.));
#5396=DIRECTION('',(-1.,0.,-6.16790569236228E-15));
#5397=DIRECTION('',(0.,1.,0.));
#5398=DIRECTION('',(1.,0.,0.));
#5399=DIRECTION('',(0.,0.,-1.));
#5400=DIRECTION('',(0.,1.,0.));
#5401=DIRECTION('',(6.16790569236229E-15,0.,-1.));
#5402=DIRECTION('',(-1.,0.,-6.16790569236229E-15));
#5403=DIRECTION('',(-1.73472347597681E-15,0.,-1.));
#5404=DIRECTION('',(-1.,0.,1.73472347597681E-15));
#5405=DIRECTION('',(0.,1.,0.));
#5406=DIRECTION('',(0.,1.,0.));
#5407=DIRECTION('',(-0.684311431079675,0.,-0.729189869165561));
#5408=DIRECTION('',(-0.729189869165561,0.,0.684311431079675));
#5409=DIRECTION('',(0.,1.,0.));
#5410=DIRECTION('',(0.,0.,1.));
#5411=DIRECTION('',(1.,0.,0.));
#5412=DIRECTION('',(0.,1.,0.));
#5413=DIRECTION('',(0.,1.,0.));
#5414=DIRECTION('',(0.,0.,1.));
#5415=DIRECTION('',(0.,1.,0.));
#5416=DIRECTION('',(0.262273411259964,0.,0.964993605028584));
#5417=DIRECTION('',(0.964993605028584,0.,-0.262273411259964));
#5418=DIRECTION('',(0.,1.,0.));
#5419=DIRECTION('',(0.,1.,0.));
#5420=DIRECTION('',(0.,0.,1.));
#5421=DIRECTION('',(0.,1.,0.));
#5422=DIRECTION('',(0.,0.,1.));
#5423=DIRECTION('',(0.,1.,0.));
#5424=DIRECTION('',(0.,1.,0.));
#5425=DIRECTION('',(-0.262273411259939,0.,0.96499360502859));
#5426=DIRECTION('',(0.96499360502859,0.,0.262273411259939));
#5427=DIRECTION('',(0.,1.,0.));
#5428=DIRECTION('',(0.,1.,0.));
#5429=DIRECTION('',(0.,0.,1.));
#5430=DIRECTION('',(0.,1.,0.));
#5431=DIRECTION('',(0.,0.,1.));
#5432=DIRECTION('',(1.,0.,0.));
#5433=DIRECTION('',(0.,1.,0.));
#5434=DIRECTION('',(-0.684311431079675,0.,0.729189869165561));
#5435=DIRECTION('',(0.729189869165561,0.,0.684311431079675));
#5436=DIRECTION('',(0.,1.,0.));
#5437=DIRECTION('',(-1.73472347597681E-15,0.,-1.));
#5438=DIRECTION('',(-1.,0.,1.73472347597681E-15));
#5439=DIRECTION('',(-1.,0.,-1.36775347998981E-16));
#5440=DIRECTION('',(-1.36775347998981E-16,0.,1.));
#5441=DIRECTION('',(1.36775347998981E-16,0.,-1.));
#5442=DIRECTION('',(1.,0.,1.36775347998981E-16));
#5443=DIRECTION('',(1.36775347998981E-16,0.,-1.));
#5444=DIRECTION('',(1.36775347998981E-16,0.,-1.));
#5445=DIRECTION('',(-2.19585250123647E-16,-1.,-3.0033849001105E-32));
#5446=DIRECTION('',(1.,-2.19585250123647E-16,0.));
#5447=DIRECTION('',(-2.19585250123647E-16,-1.,-3.0033849001105E-32));
#5448=DIRECTION('',(1.,-2.19585250123647E-16,0.));
#5449=DIRECTION('',(1.36775347998981E-16,0.,-1.));
#5450=DIRECTION('',(1.,0.,1.36775347998981E-16));
#5451=DIRECTION('',(1.36775347998981E-16,0.,-1.));
#5452=DIRECTION('',(0.,-1.,0.));
#5453=DIRECTION('',(1.36775347998981E-16,0.,-1.));
#5454=DIRECTION('',(1.,0.,1.36775347998981E-16));
#5455=DIRECTION('',(1.,0.,0.));
#5456=DIRECTION('',(0.,0.,-1.));
#5457=DIRECTION('',(1.,-9.63735264431555E-16,-1.73472347597681E-15));
#5458=DIRECTION('',(-1.73472347597681E-15,0.,-1.));
#5459=DIRECTION('',(0.,0.,-1.));
#5460=DIRECTION('',(-1.,0.,0.));
#5461=DIRECTION('',(-2.25288763113871E-16,3.75481271856452E-16,1.));
#5462=DIRECTION('',(0.,-1.,3.75481271856452E-16));
#5463=DIRECTION('',(0.5,-0.866025403784439,-8.89373738004003E-17));
#5464=DIRECTION('',(0.866025403784439,0.5,0.));
#5465=DIRECTION('',(0.5,-0.866025403784439,-8.89373738004003E-17));
#5466=DIRECTION('',(0.5,-0.866025403784439,-8.89373738004003E-17));
#5467=DIRECTION('',(0.866025403784439,0.5,0.));
#5468=DIRECTION('',(0.5,-0.866025403784439,-8.89373738004003E-17));
#5469=DIRECTION('',(0.5,-0.866025403784439,-8.89373738004003E-17));
#5470=DIRECTION('',(0.866025403784439,0.5,0.));
#5471=DIRECTION('',(0.5,-0.866025403784439,-8.89373738004003E-17));
#5472=DIRECTION('',(0.866025403784439,0.5,0.));
#5473=DIRECTION('',(0.5,-0.866025403784439,-8.89373738004003E-17));
#5474=DIRECTION('',(0.5,-0.866025403784439,-8.89373738004003E-17));
#5475=DIRECTION('',(0.866025403784439,0.5,0.));
#5476=DIRECTION('',(0.5,-0.866025403784439,-8.89373738004003E-17));
#5477=DIRECTION('',(0.866025403784439,0.5,0.));
#5478=DIRECTION('',(0.5,-0.866025403784439,-8.89373738004003E-17));
#5479=DIRECTION('',(0.5,-0.866025403784439,-8.89373738004003E-17));
#5480=DIRECTION('',(0.866025403784439,0.5,0.));
#5481=DIRECTION('',(0.5,-0.866025403784439,-8.89373738004003E-17));
#5482=DIRECTION('',(0.866025403784439,0.5,0.));
#5483=DIRECTION('',(-0.5,0.866025403784439,8.89373738004003E-17));
#5484=DIRECTION('',(-0.866025403784439,-0.5,0.));
#5485=DIRECTION('',(-0.5,0.866025403784439,8.89373738004003E-17));
#5486=DIRECTION('',(-0.866025403784439,-0.5,0.));
#5487=DIRECTION('',(-0.5,-0.866025403784439,8.89373738004003E-17));
#5488=DIRECTION('',(0.866025403784439,-0.5,0.));
#5489=DIRECTION('',(-0.5,-0.866025403784439,8.89373738004003E-17));
#5490=DIRECTION('',(-0.5,-0.866025403784439,8.89373738004003E-17));
#5491=DIRECTION('',(0.866025403784439,-0.5,0.));
#5492=DIRECTION('',(-0.5,-0.866025403784439,8.89373738004003E-17));
#5493=DIRECTION('',(0.866025403784439,-0.5,0.));
#5494=DIRECTION('',(-0.5,-0.866025403784439,8.89373738004003E-17));
#5495=DIRECTION('',(-0.5,-0.866025403784439,8.89373738004003E-17));
#5496=DIRECTION('',(0.866025403784439,-0.5,0.));
#5497=DIRECTION('',(-0.5,-0.866025403784439,8.89373738004003E-17));
#5498=DIRECTION('',(0.866025403784439,-0.5,0.));
#5499=DIRECTION('',(-0.5,-0.866025403784439,8.89373738004003E-17));
#5500=DIRECTION('',(-0.5,-0.866025403784439,8.89373738004003E-17));
#5501=DIRECTION('',(0.866025403784439,-0.5,0.));
#5502=DIRECTION('',(-0.5,-0.866025403784439,8.89373738004003E-17));
#5503=DIRECTION('',(0.866025403784439,-0.5,0.));
#5504=DIRECTION('',(-0.5,-0.866025403784439,8.89373738004003E-17));
#5505=DIRECTION('',(-0.5,-0.866025403784439,8.89373738004003E-17));
#5506=DIRECTION('',(0.866025403784439,-0.5,0.));
#5507=DIRECTION('',(0.5,0.866025403784439,-8.89373738004003E-17));
#5508=DIRECTION('',(-0.866025403784439,0.5,0.));
#5509=DIRECTION('',(0.5,0.866025403784439,-8.89373738004003E-17));
#5510=DIRECTION('',(-0.866025403784439,0.5,0.));
#5511=DIRECTION('',(0.5,0.866025403784439,-7.45987093624024E-17));
#5512=DIRECTION('',(-0.866025403784439,0.5,0.));
#5513=DIRECTION('',(0.5,0.866025403784439,-8.89373738004003E-17));
#5514=DIRECTION('',(-0.866025403784439,0.5,0.));
#5515=DIRECTION('',(0.5,0.866025403784439,2.44931046598873E-17));
#5516=DIRECTION('',(-0.866025403784439,0.5,0.));
#5517=DIRECTION('',(-0.5,-0.866025403784439,1.6000851178229E-16));
#5518=DIRECTION('',(0.866025403784439,-0.5,0.));
#5519=DIRECTION('',(-0.5,-0.866025403784439,1.23319141585683E-16));
#5520=DIRECTION('',(0.866025403784439,-0.5,0.));
#5521=DIRECTION('',(-0.5,-0.866025403784439,8.89373738004003E-17));
#5522=DIRECTION('',(0.866025403784439,-0.5,0.));
#5523=DIRECTION('',(0.5,-0.866025403784438,-8.89373738004003E-17));
#5524=DIRECTION('',(0.866025403784439,0.5,0.));
#5525=DIRECTION('',(0.5,-0.866025403784439,-7.46022224815853E-17));
#5526=DIRECTION('',(0.866025403784439,0.5,0.));
#5527=DIRECTION('',(0.5,-0.866025403784439,-8.89373738004003E-17));
#5528=DIRECTION('',(0.866025403784439,0.5,0.));
#5529=DIRECTION('',(0.5,-0.866025403784439,1.77960888873856E-33));
#5530=DIRECTION('',(0.866025403784439,0.5,0.));
#5531=DIRECTION('',(0.5,-0.866025403784439,-1.07764614176824E-16));
#5532=DIRECTION('',(0.866025403784439,0.5,0.));
#5533=DIRECTION('',(0.5,-0.866025403784439,-7.46022224815853E-17));
#5534=DIRECTION('',(0.866025403784439,0.5,0.));
#5535=DIRECTION('',(-0.654653670707977,0.377964473009228,-0.654653670707977));
#5536=DIRECTION('',(-0.707106781186547,0.,0.707106781186548));
#5537=DIRECTION('',(-0.65465367070797,0.37796447300923,-0.654653670707982));
#5538=DIRECTION('',(-0.707106781186554,0.,0.707106781186541));
#5539=DIRECTION('',(0.654653670707977,0.377964473009228,-0.654653670707977));
#5540=DIRECTION('',(-0.707106781186548,0.,-0.707106781186548));
#5541=DIRECTION('',(0.654653670707986,0.377964473009233,-0.654653670707965));
#5542=DIRECTION('',(-0.707106781186536,0.,-0.707106781186559));
#5543=DIRECTION('',(0.,0.,-1.));
#5544=DIRECTION('',(-1.,0.,0.));
#5545=DIRECTION('',(0.,-0.277350098112616,-0.960768922830522));
#5546=DIRECTION('',(0.,0.960768922830522,-0.277350098112616));
#5547=DIRECTION('',(0.,0.,-1.));
#5548=DIRECTION('',(0.,0.,-1.));
#5549=DIRECTION('',(-1.,0.,0.));
#5550=DIRECTION('',(0.,0.,-1.));
#5551=DIRECTION('',(0.,-0.277350098112616,-0.960768922830522));
#5552=DIRECTION('',(0.,0.960768922830522,-0.277350098112616));
#5553=DIRECTION('',(0.,0.,-1.));
#5554=DIRECTION('',(-1.,0.,0.));
#5555=DIRECTION('',(0.,-0.906601678795125,-0.421987435838866));
#5556=DIRECTION('',(0.,0.421987435838866,-0.906601678795125));
#5557=DIRECTION('',(0.,0.,-1.));
#5558=DIRECTION('',(-1.,0.,0.));
#5559=DIRECTION('',(0.,-0.906601678795125,-0.421987435838866));
#5560=DIRECTION('',(0.,0.421987435838866,-0.906601678795125));
#5561=DIRECTION('',(0.654653670707977,-0.377964473009228,0.654653670707977));
#5562=DIRECTION('',(0.707106781186547,0.,-0.707106781186548));
#5563=DIRECTION('',(0.654653670707978,-0.377964473009228,0.654653670707977));
#5564=DIRECTION('',(0.707106781186547,0.,-0.707106781186548));
#5565=DIRECTION('',(0.173023380895563,-0.492458858602287,0.852963763736538));
#5566=DIRECTION('',(0.,-0.866025403784438,-0.5));
#5567=DIRECTION('',(1.,0.,0.));
#5568=DIRECTION('',(0.,0.,-1.));
#5569=DIRECTION('',(1.,0.,0.));
#5570=DIRECTION('',(0.,0.,-1.));
#5571=DIRECTION('',(-0.98058067569092,0.,0.196116135138184));
#5572=DIRECTION('',(0.196116135138184,0.,0.98058067569092));
#5573=DIRECTION('',(-0.196116135138184,0.,0.98058067569092));
#5574=DIRECTION('',(0.98058067569092,0.,0.196116135138184));
#5575=DIRECTION('',(-1.778747476008E-16,0.,-1.));
#5576=DIRECTION('',(-1.,0.,1.778747476008E-16));
#5577=DIRECTION('',(-0.654653670707977,-0.377964473009228,0.654653670707977));
#5578=DIRECTION('',(0.707106781186548,0.,0.707106781186548));
#5579=DIRECTION('',(-0.654653670707976,-0.377964473009227,0.654653670707979));
#5580=DIRECTION('',(0.70710678118655,0.,0.707106781186546));
#5581=DIRECTION('',(-0.173023380895566,-0.492458858602288,0.852963763736538));
#5582=DIRECTION('',(0.,-0.866025403784438,-0.5));
#5583=DIRECTION('',(-1.,0.,0.));
#5584=DIRECTION('',(0.,0.,1.));
#5585=DIRECTION('',(1.,0.,0.));
#5586=DIRECTION('',(0.,0.,-1.));
#5587=DIRECTION('',(0.98058067569092,0.,0.196116135138184));
#5588=DIRECTION('',(0.196116135138184,0.,-0.98058067569092));
#5589=DIRECTION('',(0.196116135138184,0.,0.98058067569092));
#5590=DIRECTION('',(0.98058067569092,0.,-0.196116135138184));
#5591=DIRECTION('',(-1.778747476008E-16,0.,-1.));
#5592=DIRECTION('',(-1.,0.,1.778747476008E-16));
#5593=CARTESIAN_POINT('',(0.,0.,0.));
#5594=CARTESIAN_POINT('',(3.46944695195361E-18,-0.002,0.02001));
#5595=CARTESIAN_POINT('',(0.0341506350946109,-0.0144174682452694,0.0415176859021798));
#5596=CARTESIAN_POINT('',(0.0339147696545848,-0.0145003385909986,0.0416612215514235));
#5597=CARTESIAN_POINT('',(0.0341506350946109,-0.0146674682452694,0.0419506986040721));
#5598=CARTESIAN_POINT('',(3.46944695195361E-18,-0.0146674682452694,0.0419506986040721));
#5599=CARTESIAN_POINT('',(0.0374406986040721,-0.0146674682452694,0.0419506986040721));
#5600=CARTESIAN_POINT('',(0.00885714285714286,0.0018352553596168,0.0133671428571429));
#5601=CARTESIAN_POINT('',(0.0155,-0.002,0.02001));
#5602=CARTESIAN_POINT('',(3.46944695195361E-18,-0.002,0.02001));
#5603=CARTESIAN_POINT('',(0.0135,-0.002,0.02001));
#5604=CARTESIAN_POINT('',(0.0135,-0.00222470619948581,0.0203992025542851));
#5605=CARTESIAN_POINT('',(0.0135,-0.00283362398073312,0.0214538790890376));
#5606=CARTESIAN_POINT('',(0.0135,-0.00283362398073312,0.0214538790890376));
#5607=CARTESIAN_POINT('',(0.0168188790890376,-0.00283362398073312,0.0214538790890376));
#5608=CARTESIAN_POINT('',(0.0329294413019099,-0.0121350614111312,0.0375644413019099));
#5609=CARTESIAN_POINT('',(0.0310544413019099,-0.0110525296564006,0.0356894413019099));
#5610=CARTESIAN_POINT('',(0.0278294413019099,-0.0166383935108102,0.0453644413019099));
#5611=CARTESIAN_POINT('',(-1.04083408558608E-17,-0.017,0.014));
#5612=CARTESIAN_POINT('',(-1.04083408558608E-17,-0.017,-0.0189409907907248));
#5613=CARTESIAN_POINT('',(0.0373156986040721,-0.017,-0.0189409907907248));
#5614=CARTESIAN_POINT('',(0.0341506350946109,-0.017,-0.0189409907907248));
#5615=CARTESIAN_POINT('',(0.0373156986040721,-0.017,0.014));
#5616=CARTESIAN_POINT('',(0.0373156986040721,-0.017,0.0413256986040721));
#5617=CARTESIAN_POINT('',(-1.04083408558608E-17,-0.017,0.0413256986040721));
#5618=CARTESIAN_POINT('',(0.0341506350946109,-0.017,0.0413256986040721));
#5619=CARTESIAN_POINT('',(0.0341506350946109,-0.017,0.014));
#5620=CARTESIAN_POINT('',(-1.04083408558608E-17,-0.0075,0.005));
#5621=CARTESIAN_POINT('',(0.0135,-0.0025,0.005));
#5622=CARTESIAN_POINT('',(0.0121383583173156,-0.0025,0.005));
#5623=CARTESIAN_POINT('',(0.0125,-0.0025,0.005));
#5624=CARTESIAN_POINT('',(0.0121383583173156,-0.0075,0.005));
#5625=CARTESIAN_POINT('',(0.0121383583173156,-0.006,0.000230303992915272));
#5626=CARTESIAN_POINT('',(-1.00789629806754E-17,-0.006,0.000230303992915274));
#5627=CARTESIAN_POINT('',(0.0118339745962156,-0.006,0.000230303992915274));
#5628=CARTESIAN_POINT('',(0.0118339745962156,-0.0075,0.005));
#5629=CARTESIAN_POINT('',(0.0118339745962156,-0.0075,0.));
#5630=CARTESIAN_POINT('',(-0.0118660254037844,-0.0075,0.));
#5631=CARTESIAN_POINT('',(0.0205262794416288,-0.0075,0.));
#5632=CARTESIAN_POINT('',(0.0205262794416288,-0.0075,0.005));
#5633=CARTESIAN_POINT('',(0.0128391742254945,-0.00306184773417587,0.00269721810295457));
#5634=CARTESIAN_POINT('',(0.0128391742254945,-0.00306184773417586,0.00269721810295457));
#5635=CARTESIAN_POINT('',(0.0125989357404903,-0.00292314598018895,0.00296453803651869));
#5636=CARTESIAN_POINT('',(0.0125,-0.00277464821811641,0.00332109203126539));
#5637=CARTESIAN_POINT('',(0.0125,-0.00267411729260445,0.00369200302199869));
#5638=CARTESIAN_POINT('',(0.0125,-0.00267411729260444,0.00369200302199869));
#5639=CARTESIAN_POINT('',(0.0125,-0.0075,0.005));
#5640=CARTESIAN_POINT('',(-0.0118660254037844,-0.00155786663857179,0.0207842025542851));
#5641=CARTESIAN_POINT('',(-0.0118660254037844,-0.0025,0.023));
#5642=CARTESIAN_POINT('',(-0.0118660254037844,-0.0025,0.0218896750426354));
#5643=CARTESIAN_POINT('',(-0.0118660254037844,-0.0025,0.0208760254037844));
#5644=CARTESIAN_POINT('',(-0.0118660254037844,-0.00423986004180251,0.0228760254037844));
#5645=CARTESIAN_POINT('',(-0.0118660254037844,-0.00239976673633752,0.0220924077500892));
#5646=CARTESIAN_POINT('',(-0.0118660254037844,-0.007,0.0240514518843274));
#5647=CARTESIAN_POINT('',(-0.0118660254037844,-0.002,0.0240514518843274));
#5648=CARTESIAN_POINT('',(-0.0118660254037844,-0.002,0.014));
#5649=CARTESIAN_POINT('',(-0.0118660254037844,-0.002,0.02001));
#5650=CARTESIAN_POINT('',(-0.0118660254037844,-0.00222470619948581,0.0203992025542851));
#5651=CARTESIAN_POINT('',(-1.09568624035116E-17,-0.0055,0.0158760254037844));
#5652=CARTESIAN_POINT('',(0.0135,-0.0055,0.0188760254037844));
#5653=CARTESIAN_POINT('',(0.0121383583173156,-0.0055,0.0188760254037844));
#5654=CARTESIAN_POINT('',(0.0170621778264911,-0.0055,0.0188760254037844));
#5655=CARTESIAN_POINT('',(0.0121383583173156,-0.0055,0.0158760254037844));
#5656=CARTESIAN_POINT('',(0.0121383583173156,-0.0025,0.0158760254037844));
#5657=CARTESIAN_POINT('',(-0.0118660254037844,-0.0025,0.0158760254037844));
#5658=CARTESIAN_POINT('',(0.0125,-0.0025,0.0158760254037844));
#5659=CARTESIAN_POINT('',(0.0125,-0.0055,0.0158760254037844));
#5660=CARTESIAN_POINT('',(0.0125,-0.00264526859498827,0.0167982556381835));
#5661=CARTESIAN_POINT('',(0.0125,-0.00264526859498827,0.0167982556381835));
#5662=CARTESIAN_POINT('',(0.0125,-0.00276400247118788,0.0171657921953065));
#5663=CARTESIAN_POINT('',(0.0126597868804147,-0.00295827840220481,0.0174916833631718));
#5664=CARTESIAN_POINT('',(0.0129401926048813,-0.00312017072270793,0.0177026103623734));
#5665=CARTESIAN_POINT('',(0.0129401926048813,-0.00312017072270793,0.0177026103623734));
#5666=CARTESIAN_POINT('',(0.0170621778264911,-0.0055,0.0158760254037844));
#5667=CARTESIAN_POINT('',(-1.04083408558608E-17,-0.002,0.014));
#5668=CARTESIAN_POINT('',(0.00875,-0.002,0.0453615223689151));
#5669=CARTESIAN_POINT('',(0.01175,-0.002,0.045361522368915));
#5670=CARTESIAN_POINT('',(0.00875,-0.002,0.048361522368915));
#5671=CARTESIAN_POINT('',(-0.00712910431111012,-0.002,0.0402304136616605));
#5672=CARTESIAN_POINT('',(0.0095,-0.002,0.04475));
#5673=CARTESIAN_POINT('',(0.008,-0.002,0.04475));
#5674=CARTESIAN_POINT('',(0.008,-0.002,0.04625));
#5675=CARTESIAN_POINT('',(-1.04083408558608E-17,-0.002,0.04625));
#5676=CARTESIAN_POINT('',(0.0025,-0.002,0.04625));
#5677=CARTESIAN_POINT('',(-0.0149218177166781,-0.002,0.0299004187484777));
#5678=CARTESIAN_POINT('',(0.00475,-0.002,0.048361522368915));
#5679=CARTESIAN_POINT('',(4.91993986677982E-17,-0.002,0.048361522368915));
#5680=CARTESIAN_POINT('',(-1.04083408558608E-17,-0.002,0.0240514518843274));
#5681=CARTESIAN_POINT('',(0.0135,-0.002,0.0240514518843274));
#5682=CARTESIAN_POINT('',(0.0135,-0.002,0.014));
#5683=CARTESIAN_POINT('',(0.014,-0.002,0.01801));
#5684=CARTESIAN_POINT('',(0.016,-0.002,0.01951));
#5685=CARTESIAN_POINT('',(0.016,-0.002,0.000505));
#5686=CARTESIAN_POINT('',(0.016,-0.002,0.02001));
#5687=CARTESIAN_POINT('',(0.015005,-0.002,0.021005));
#5688=CARTESIAN_POINT('',(0.01401,-0.002,0.022));
#5689=CARTESIAN_POINT('',(0.014005,-0.002,0.022));
#5690=CARTESIAN_POINT('',(0.014,-0.002,0.022));
#5691=CARTESIAN_POINT('',(0.014,-0.002,0.0375));
#5692=CARTESIAN_POINT('',(0.014,-0.002,0.0302));
#5693=CARTESIAN_POINT('',(0.01475,-0.002,0.0302));
#5694=CARTESIAN_POINT('',(0.0155,-0.002,0.0302));
#5695=CARTESIAN_POINT('',(0.0155,-0.002,0.03405));
#5696=CARTESIAN_POINT('',(0.0155,-0.002,0.0379));
#5697=CARTESIAN_POINT('',(0.01475,-0.002,0.0379));
#5698=CARTESIAN_POINT('',(0.014,-0.002,0.0379));
#5699=CARTESIAN_POINT('',(0.014,-0.002,0.0375));
#5700=CARTESIAN_POINT('',(0.014,-0.002,0.0485));
#5701=CARTESIAN_POINT('',(0.0095,-0.002,0.0485));
#5702=CARTESIAN_POINT('',(0.0095,-0.002,0.053));
#5703=CARTESIAN_POINT('',(-5.20417042793042E-18,-0.002,0.053));
#5704=CARTESIAN_POINT('',(-0.0095,-0.002,0.053));
#5705=CARTESIAN_POINT('',(-0.0095,-0.002,0.0485));
#5706=CARTESIAN_POINT('',(-0.014,-0.002,0.0485));
#5707=CARTESIAN_POINT('',(-0.014,-0.002,0.0375));
#5708=CARTESIAN_POINT('',(-0.014,-0.002,0.0379));
#5709=CARTESIAN_POINT('',(-0.01475,-0.002,0.0379));
#5710=CARTESIAN_POINT('',(-0.0155,-0.002,0.0379));
#5711=CARTESIAN_POINT('',(-0.0155,-0.002,0.03405));
#5712=CARTESIAN_POINT('',(-0.0155,-0.002,0.0302));
#5713=CARTESIAN_POINT('',(-0.01475,-0.002,0.0302));
#5714=CARTESIAN_POINT('',(-0.014,-0.002,0.0302));
#5715=CARTESIAN_POINT('',(-0.014,-0.002,0.0375));
#5716=CARTESIAN_POINT('',(-0.014,-0.002,0.022));
#5717=CARTESIAN_POINT('',(-0.014005,-0.002,0.022));
#5718=CARTESIAN_POINT('',(-0.01401,-0.002,0.022));
#5719=CARTESIAN_POINT('',(-0.015005,-0.002,0.021005));
#5720=CARTESIAN_POINT('',(-0.016,-0.002,0.02001));
#5721=CARTESIAN_POINT('',(-0.016,-0.002,0.000505));
#5722=CARTESIAN_POINT('',(-0.016,-0.002,0.0195100036470944));
#5723=CARTESIAN_POINT('',(-0.014,-0.002,0.01801));
#5724=CARTESIAN_POINT('',(-0.0155,-0.002,0.02001));
#5725=CARTESIAN_POINT('',(3.46944695195361E-18,-0.002,0.02001));
#5726=CARTESIAN_POINT('',(0.01175,-0.002,0.014));
#5727=CARTESIAN_POINT('',(0.01175,-0.002,0.0316301791369915));
#5728=CARTESIAN_POINT('',(0.01175,-0.002,0.03975));
#5729=CARTESIAN_POINT('',(-1.19149623112266E-16,-0.002,0.0316301791369915));
#5730=CARTESIAN_POINT('',(0.0095,-0.002,0.0316301791369915));
#5731=CARTESIAN_POINT('',(0.00950000000000013,-0.002,0.014));
#5732=CARTESIAN_POINT('',(0.0095,-0.002,0.03975));
#5733=CARTESIAN_POINT('',(1.48415230722461E-16,-0.002,0.03975));
#5734=CARTESIAN_POINT('',(-1.6923191243419E-16,-0.002,0.03975));
#5735=CARTESIAN_POINT('',(-0.01175,-0.002,0.03975));
#5736=CARTESIAN_POINT('',(-0.0095,-0.002,0.03975));
#5737=CARTESIAN_POINT('',(-0.00949999999999987,-0.002,0.014));
#5738=CARTESIAN_POINT('',(-0.0095,-0.002,0.0316301791369915));
#5739=CARTESIAN_POINT('',(-1.19149623112278E-16,-0.002,0.0316301791369916));
#5740=CARTESIAN_POINT('',(-0.0117499999999998,-0.002,0.0316301791369915));
#5741=CARTESIAN_POINT('',(-0.01175,-0.002,0.014));
#5742=CARTESIAN_POINT('',(-0.00875,-0.002,0.045361522368915));
#5743=CARTESIAN_POINT('',(-0.00875,-0.002,0.048361522368915));
#5744=CARTESIAN_POINT('',(-0.01175,-0.002,0.045361522368915));
#5745=CARTESIAN_POINT('',(4.91993986677982E-17,-0.002,0.048361522368915));
#5746=CARTESIAN_POINT('',(-0.00475,-0.002,0.048361522368915));
#5747=CARTESIAN_POINT('',(0.0149218177166781,-0.002,0.0299004187484777));
#5748=CARTESIAN_POINT('',(-0.0025,-0.002,0.04625));
#5749=CARTESIAN_POINT('',(-1.04083408558608E-17,-0.002,0.04625));
#5750=CARTESIAN_POINT('',(-0.008,-0.002,0.04625));
#5751=CARTESIAN_POINT('',(-0.008,-0.002,0.04475));
#5752=CARTESIAN_POINT('',(-0.0095,-0.002,0.04475));
#5753=CARTESIAN_POINT('',(0.00712910431111066,-0.002,0.0402304136616599));
#5754=CARTESIAN_POINT('',(-1.04083408558608E-17,0.,0.014));
#5755=CARTESIAN_POINT('',(0.010625,0.,0.0450557611844575));
#5756=CARTESIAN_POINT('',(0.0095,0.,0.04475));
#5757=CARTESIAN_POINT('',(0.01175,0.,0.045361522368915));
#5758=CARTESIAN_POINT('',(0.00875,0.,0.0453615223689151));
#5759=CARTESIAN_POINT('',(0.00875,0.,0.048361522368915));
#5760=CARTESIAN_POINT('',(0.00675,0.,0.048361522368915));
#5761=CARTESIAN_POINT('',(0.00475,0.,0.048361522368915));
#5762=CARTESIAN_POINT('',(0.003625,0.,0.0473057611844575));
#5763=CARTESIAN_POINT('',(0.0025,0.,0.04625));
#5764=CARTESIAN_POINT('',(0.00525,0.,0.04625));
#5765=CARTESIAN_POINT('',(0.008,0.,0.04625));
#5766=CARTESIAN_POINT('',(0.008,0.,0.04475));
#5767=CARTESIAN_POINT('',(-0.0095,0.,0.0356900895684958));
#5768=CARTESIAN_POINT('',(-0.0095,0.,0.0316301791369915));
#5769=CARTESIAN_POINT('',(-0.0095,0.,0.03975));
#5770=CARTESIAN_POINT('',(-0.010625,0.,0.03975));
#5771=CARTESIAN_POINT('',(-0.01175,0.,0.03975));
#5772=CARTESIAN_POINT('',(-0.01175,0.,0.0356900895684958));
#5773=CARTESIAN_POINT('',(-0.0117499999999998,0.,0.0316301791369915));
#5774=CARTESIAN_POINT('',(-0.010625,0.,0.0316301791369915));
#5775=CARTESIAN_POINT('',(-0.0095,0.,0.0485));
#5776=CARTESIAN_POINT('',(-0.0095,0.,0.053));
#5777=CARTESIAN_POINT('',(-0.014,0.,0.0485));
#5778=CARTESIAN_POINT('',(-5.20417042793042E-18,0.,0.053));
#5779=CARTESIAN_POINT('',(0.0095,0.,0.053));
#5780=CARTESIAN_POINT('',(0.0095,0.,0.0485));
#5781=CARTESIAN_POINT('',(0.014,0.,0.0485));
#5782=CARTESIAN_POINT('',(0.014,0.,0.0375));
#5783=CARTESIAN_POINT('',(0.014,0.,0.0379));
#5784=CARTESIAN_POINT('',(0.014,0.,0.0375));
#5785=CARTESIAN_POINT('',(0.014,0.,0.0302));
#5786=CARTESIAN_POINT('',(0.014,0.,0.0375));
#5787=CARTESIAN_POINT('',(0.014,0.,0.022));
#5788=CARTESIAN_POINT('',(0.014005,0.,0.022));
#5789=CARTESIAN_POINT('',(0.01401,0.,0.022));
#5790=CARTESIAN_POINT('',(0.015005,0.,0.021005));
#5791=CARTESIAN_POINT('',(0.016,0.,0.02001));
#5792=CARTESIAN_POINT('',(0.016,0.,0.000505));
#5793=CARTESIAN_POINT('',(0.016,0.,-0.019));
#5794=CARTESIAN_POINT('',(0.019,0.,-0.019));
#5795=CARTESIAN_POINT('',(0.019,0.,-0.022));
#5796=CARTESIAN_POINT('',(0.019,0.,-0.02275));
#5797=CARTESIAN_POINT('',(0.019,0.,-0.0235));
#5798=CARTESIAN_POINT('',(0.021,0.,-0.0235));
#5799=CARTESIAN_POINT('',(0.023,0.,-0.0235));
#5800=CARTESIAN_POINT('',(0.023,0.,-0.0235));
#5801=CARTESIAN_POINT('',(0.023,0.,-0.025));
#5802=CARTESIAN_POINT('',(-6.93889390390723E-18,0.,-0.025));
#5803=CARTESIAN_POINT('',(-0.023,0.,-0.025));
#5804=CARTESIAN_POINT('',(-0.023,0.,-0.0235));
#5805=CARTESIAN_POINT('',(-0.023,0.,-0.0235));
#5806=CARTESIAN_POINT('',(-0.021,0.,-0.0235));
#5807=CARTESIAN_POINT('',(-0.019,0.,-0.0235));
#5808=CARTESIAN_POINT('',(-0.019,0.,-0.02275));
#5809=CARTESIAN_POINT('',(-0.019,0.,-0.022));
#5810=CARTESIAN_POINT('',(-0.019,0.,-0.019));
#5811=CARTESIAN_POINT('',(-0.016,0.,-0.019));
#5812=CARTESIAN_POINT('',(-0.016,0.,0.000505));
#5813=CARTESIAN_POINT('',(-0.016,0.,0.02001));
#5814=CARTESIAN_POINT('',(-0.015005,0.,0.021005));
#5815=CARTESIAN_POINT('',(-0.01401,0.,0.022));
#5816=CARTESIAN_POINT('',(-0.014005,0.,0.022));
#5817=CARTESIAN_POINT('',(-0.014,0.,0.022));
#5818=CARTESIAN_POINT('',(-0.014,0.,0.0375));
#5819=CARTESIAN_POINT('',(-0.014,0.,0.0302));
#5820=CARTESIAN_POINT('',(-0.014,0.,0.0375));
#5821=CARTESIAN_POINT('',(-0.014,0.,0.0379));
#5822=CARTESIAN_POINT('',(-0.014,0.,0.0375));
#5823=CARTESIAN_POINT('',(0.010625,0.,0.0316301791369915));
#5824=CARTESIAN_POINT('',(0.0095,0.,0.0316301791369915));
#5825=CARTESIAN_POINT('',(0.0117500000000002,0.,0.0316301791369915));
#5826=CARTESIAN_POINT('',(0.01175,0.,0.0356900895684958));
#5827=CARTESIAN_POINT('',(0.01175,0.,0.03975));
#5828=CARTESIAN_POINT('',(0.010625,0.,0.03975));
#5829=CARTESIAN_POINT('',(0.0095,0.,0.03975));
#5830=CARTESIAN_POINT('',(0.0095,0.,0.0356900895684958));
#5831=CARTESIAN_POINT('',(-0.00675,0.,0.048361522368915));
#5832=CARTESIAN_POINT('',(-0.00475,0.,0.048361522368915));
#5833=CARTESIAN_POINT('',(-0.00875,0.,0.048361522368915));
#5834=CARTESIAN_POINT('',(-0.00875,0.,0.045361522368915));
#5835=CARTESIAN_POINT('',(-0.01175,0.,0.045361522368915));
#5836=CARTESIAN_POINT('',(-0.010625,0.,0.0450557611844575));
#5837=CARTESIAN_POINT('',(-0.0095,0.,0.04475));
#5838=CARTESIAN_POINT('',(-0.008,0.,0.04475));
#5839=CARTESIAN_POINT('',(-0.008,0.,0.04625));
#5840=CARTESIAN_POINT('',(-0.00525,0.,0.04625));
#5841=CARTESIAN_POINT('',(-0.0025,0.,0.04625));
#5842=CARTESIAN_POINT('',(-0.003625,0.,0.0473057611844575));
#5843=CARTESIAN_POINT('',(-0.01475,-0.00416506350946109,0.02001));
#5844=CARTESIAN_POINT('',(-0.0213533337022429,-0.0079775,-0.0104709907907247));
#5845=CARTESIAN_POINT('',(-0.0230853845098118,-0.0089775,-0.0104709907907247));
#5846=CARTESIAN_POINT('',(-0.01475,-0.00416506350946109,-0.002));
#5847=CARTESIAN_POINT('',(-0.0291865334794732,-0.0125,-0.002));
#5848=CARTESIAN_POINT('',(-0.0118660254037844,-0.0025,-0.002));
#5849=CARTESIAN_POINT('',(-0.0291865334794732,-0.0125,0.0113598221519431));
#5850=CARTESIAN_POINT('',(-0.0291865334794732,-0.0125,-0.0189409907907248));
#5851=CARTESIAN_POINT('',(-0.01475,-0.00416506350946109,-0.0189409907907248));
#5852=CARTESIAN_POINT('',(-0.0118660254037844,-0.0025,-0.0189409907907248));
#5853=CARTESIAN_POINT('',(-0.0118660254037844,-0.0025,0.014));
#5854=CARTESIAN_POINT('',(-0.0148855587757287,-0.00424332840511906,-0.00978262315643524));
#5855=CARTESIAN_POINT('',(-0.0174638991448826,-0.00573193391131258,-0.0137996138942539));
#5856=CARTESIAN_POINT('',(-0.0191744528639579,-0.00671952256148396,-0.0104709907907247));
#5857=CARTESIAN_POINT('',(-0.0148855587757287,-0.00424332840511906,-0.0111593584250142));
#5858=CARTESIAN_POINT('',(-0.0174638991448826,-0.00573193391131258,-0.00714236768719553));
#5859=CARTESIAN_POINT('',(-0.0169957123820717,-0.00546162615777266,-0.00674168803762798));
#5860=CARTESIAN_POINT('',(-0.0143774990747593,-0.00395,-0.00450099079072474));
#5861=CARTESIAN_POINT('',(-0.0143774990747593,-0.00395,-0.0104709907907247));
#5862=CARTESIAN_POINT('',(-0.0143774990747593,-0.00395,-0.0164409907907247));
#5863=CARTESIAN_POINT('',(-0.0169957123820717,-0.00546162615777266,-0.0142002935438215));
#5864=CARTESIAN_POINT('',(-0.0214148929497646,-0.00801304124812772,-0.00297132764637445));
#5865=CARTESIAN_POINT('',(-0.0181601921219512,-0.00613393884905795,-0.0062691900897218));
#5866=CARTESIAN_POINT('',(-0.021353333702243,-0.0079775,-0.0079708223487145));
#5867=CARTESIAN_POINT('',(-0.0212917744547213,-0.00794195875187228,-0.00297132764637446));
#5868=CARTESIAN_POINT('',(-0.0245464752825348,-0.00982106115094205,-0.00626919008972181));
#5869=CARTESIAN_POINT('',(-0.0249057401266779,-0.0100284828054184,-0.00579643959118986));
#5870=CARTESIAN_POINT('',(-0.0257689447713906,-0.0105268542394091,-0.00466056327939422));
#5871=CARTESIAN_POINT('',(-0.0251180046058279,-0.0101510337595951,-0.00400099079072475));
#5872=CARTESIAN_POINT('',(-0.0251180046058279,-0.0101510337595951,-0.00300099079072475));
#5873=CARTESIAN_POINT('',(-0.021353333702243,-0.0079775,-0.00300099079072475));
#5874=CARTESIAN_POINT('',(-0.017588662798658,-0.00580396624040488,-0.00300099079072475));
#5875=CARTESIAN_POINT('',(-0.017588662798658,-0.00580396624040488,-0.00400099079072475));
#5876=CARTESIAN_POINT('',(-0.0169377226330953,-0.00542814576059092,-0.00466056327939422));
#5877=CARTESIAN_POINT('',(-0.0178009272778081,-0.00592651719458158,-0.00579643959118986));
#5878=CARTESIAN_POINT('',(-0.0249057401266778,-0.0100284828054184,-0.0151455419902597));
#5879=CARTESIAN_POINT('',(-0.0245464752825348,-0.00982106115094205,-0.0146727914917277));
#5880=CARTESIAN_POINT('',(-0.0257689447713906,-0.0105268542394091,-0.0162814183020553));
#5881=CARTESIAN_POINT('',(-0.0212917744547213,-0.00794195875187228,-0.0179706539350751));
#5882=CARTESIAN_POINT('',(-0.0213533337022429,-0.0079775,-0.012971159232735));
#5883=CARTESIAN_POINT('',(-0.0214148929497645,-0.00801304124812771,-0.0179706539350751));
#5884=CARTESIAN_POINT('',(-0.0181601921219512,-0.00613393884905794,-0.0146727914917277));
#5885=CARTESIAN_POINT('',(-0.0178009272778081,-0.00592651719458158,-0.0151455419902597));
#5886=CARTESIAN_POINT('',(-0.0169377226330953,-0.00542814576059091,-0.0162814183020553));
#5887=CARTESIAN_POINT('',(-0.017588662798658,-0.00580396624040487,-0.0169409907907247));
#5888=CARTESIAN_POINT('',(-0.017588662798658,-0.00580396624040487,-0.0179409907907247));
#5889=CARTESIAN_POINT('',(-0.0213533337022429,-0.0079775,-0.0179409907907247));
#5890=CARTESIAN_POINT('',(-0.0251180046058279,-0.0101510337595951,-0.0179409907907247));
#5891=CARTESIAN_POINT('',(-0.0251180046058279,-0.0101510337595951,-0.0169409907907247));
#5892=CARTESIAN_POINT('',(-0.0257109550224143,-0.0104933738422273,-0.00674168803762798));
#5893=CARTESIAN_POINT('',(-0.0252427682596033,-0.0102230660886874,-0.00714236768719554));
#5894=CARTESIAN_POINT('',(-0.0269474748521114,-0.0112072788987613,-0.00568346005811024));
#5895=CARTESIAN_POINT('',(-0.0278211086287573,-0.0117116715948809,-0.0111593584250142));
#5896=CARTESIAN_POINT('',(-0.0235322145405281,-0.00923547743851604,-0.0104709907907247));
#5897=CARTESIAN_POINT('',(-0.0278211086287573,-0.0117116715948809,-0.00978262315643525));
#5898=CARTESIAN_POINT('',(-0.0252427682596033,-0.0102230660886874,-0.013799613894254));
#5899=CARTESIAN_POINT('',(-0.0257109550224143,-0.0104933738422273,-0.0142002935438215));
#5900=CARTESIAN_POINT('',(-0.0269474748521114,-0.0112072788987613,-0.0152585215233393));
#5901=CARTESIAN_POINT('',(-0.0274631429259422,-0.011505,-0.0144551233757755));
#5902=CARTESIAN_POINT('',(-0.0283291683297266,-0.012005,-0.0144551233757755));
#5903=CARTESIAN_POINT('',(-0.0283291683297266,-0.012005,-0.0104709907907247));
#5904=CARTESIAN_POINT('',(-0.0283291683297266,-0.012005,-0.00648685820567398));
#5905=CARTESIAN_POINT('',(-0.0274631429259422,-0.011505,-0.00648685820567398));
#5906=CARTESIAN_POINT('',(-0.016,-0.002,0.02001));
#5907=CARTESIAN_POINT('',(-0.0226033337022429,-0.0058124364905389,-0.0104709907907247));
#5908=CARTESIAN_POINT('',(-0.0243353845098118,-0.0068124364905389,-0.0104709907907247));
#5909=CARTESIAN_POINT('',(-0.016,-0.002,-0.0179409907907247));
#5910=CARTESIAN_POINT('',(-0.018838662798658,-0.00363890273094377,-0.0179409907907247));
#5911=CARTESIAN_POINT('',(-0.0263680046058279,-0.00798597025013402,-0.0179409907907247));
#5912=CARTESIAN_POINT('',(-0.018838662798658,-0.00363890273094377,-0.0169409907907247));
#5913=CARTESIAN_POINT('',(-0.0181877226330953,-0.00326308225112982,-0.0162814183020553));
#5914=CARTESIAN_POINT('',(-0.0328174231001862,-0.0117095437539683,0.00296955574102744));
#5915=CARTESIAN_POINT('',(-0.0194101921219512,-0.00396887533959684,-0.0146727914917277));
#5916=CARTESIAN_POINT('',(-0.0226648929497646,-0.00584797773866661,-0.0179706539350751));
#5917=CARTESIAN_POINT('',(-0.0226033337022429,-0.0058124364905389,-0.012971159232735));
#5918=CARTESIAN_POINT('',(-0.0225417744547213,-0.00577689524241118,-0.0179706539350751));
#5919=CARTESIAN_POINT('',(-0.0257964752825347,-0.00765599764148096,-0.0146727914917277));
#5920=CARTESIAN_POINT('',(-0.00664387028911594,0.00340176400715197,0.0105297956982915));
#5921=CARTESIAN_POINT('',(-0.0270189447713906,-0.00836179072994798,-0.0162814183020553));
#5922=CARTESIAN_POINT('',(-0.0263680046058279,-0.00798597025013402,-0.0169409907907247));
#5923=CARTESIAN_POINT('',(-0.016,-0.002,-0.0189409907907248));
#5924=CARTESIAN_POINT('',(-0.016177286895597,-0.00210235663689673,-0.0189409907907248));
#5925=CARTESIAN_POINT('',(-0.0379406986040721,-0.0146674682452694,-0.0189409907907248));
#5926=CARTESIAN_POINT('',(-0.0379406986040721,-0.0146674682452694,0.0454907621135332));
#5927=CARTESIAN_POINT('',(-0.0379406986040721,-0.0146674682452694,0.0414506986040721));
#5928=CARTESIAN_POINT('',(-0.0162142857142857,-0.00212371791482635,0.0197242857142857));
#5929=CARTESIAN_POINT('',(-0.016,-0.002,0.000505));
#5930=CARTESIAN_POINT('',(-0.016,-0.002,-0.00481978139320338));
#5931=CARTESIAN_POINT('',(-0.00571334993586573,0.0039390001835874,0.00398365277092246));
#5932=CARTESIAN_POINT('',(-0.0187138991448827,-0.00356687040185149,-0.00714236768719554));
#5933=CARTESIAN_POINT('',(-0.0161355587757286,-0.00207826489565796,-0.0111593584250142));
#5934=CARTESIAN_POINT('',(-0.0204244528639579,-0.00455445905202286,-0.0104709907907247));
#5935=CARTESIAN_POINT('',(-0.0161355587757286,-0.00207826489565796,-0.00978262315643524));
#5936=CARTESIAN_POINT('',(-0.0187138991448827,-0.00356687040185149,-0.0137996138942539));
#5937=CARTESIAN_POINT('',(-0.0309690926995223,-0.0106424096995936,-0.00331147743056172));
#5938=CARTESIAN_POINT('',(-0.016,-0.002,-0.0161222001882461));
#5939=CARTESIAN_POINT('',(-0.016,-0.002,0.000505));
#5940=CARTESIAN_POINT('',(-0.016,-0.002,-0.019));
#5941=CARTESIAN_POINT('',(0.000718571428571423,0.0076524717147517,-0.00228142857142857));
#5942=CARTESIAN_POINT('',(-0.0161772868955971,-0.00210235663689673,-0.019177286895597));
#5943=CARTESIAN_POINT('',(-0.016177286895597,-0.00210235663689673,0.02001));
#5944=CARTESIAN_POINT('',(-0.0207631397208144,-0.00475,0.0160590092092752));
#5945=CARTESIAN_POINT('',(-0.0237942286340599,-0.0065,0.0160590092092752));
#5946=CARTESIAN_POINT('',(-0.016,-0.002,-0.00300099079072475));
#5947=CARTESIAN_POINT('',(-0.0263680046058279,-0.00798597025013403,-0.00300099079072475));
#5948=CARTESIAN_POINT('',(-0.018838662798658,-0.00363890273094378,-0.00300099079072475));
#5949=CARTESIAN_POINT('',(-0.0263680046058279,-0.00798597025013403,-0.00400099079072475));
#5950=CARTESIAN_POINT('',(-0.0270189447713906,-0.00836179072994799,-0.00466056327939422));
#5951=CARTESIAN_POINT('',(-0.0328174231001862,-0.0117095437539683,0.00296955574102746));
#5952=CARTESIAN_POINT('',(-0.0257964752825347,-0.00765599764148096,-0.0062691900897218));
#5953=CARTESIAN_POINT('',(-0.0225417744547213,-0.00577689524241119,-0.00297132764637446));
#5954=CARTESIAN_POINT('',(-0.022603333702243,-0.00581243649053894,-0.0079708223487145));
#5955=CARTESIAN_POINT('',(-0.0226648929497646,-0.00584797773866663,-0.00297132764637445));
#5956=CARTESIAN_POINT('',(-0.0194101921219512,-0.00396887533959686,-0.00626919008972181));
#5957=CARTESIAN_POINT('',(-0.00664387028911594,0.00340176400715197,0.0105297956982915));
#5958=CARTESIAN_POINT('',(-0.0181877226330954,-0.00326308225112983,-0.00466056327939422));
#5959=CARTESIAN_POINT('',(-0.018838662798658,-0.00363890273094378,-0.00400099079072474));
#5960=CARTESIAN_POINT('',(-0.0295791683297266,-0.00983993649053891,0.02001));
#5961=CARTESIAN_POINT('',(-0.0295791683297266,-0.0098399364905389,-0.0144551233757755));
#5962=CARTESIAN_POINT('',(-0.0295791683297266,-0.0098399364905389,-0.00648685820567398));
#5963=CARTESIAN_POINT('',(-0.0287131429259422,-0.0093399364905389,-0.0144551233757755));
#5964=CARTESIAN_POINT('',(-0.0281974748521114,-0.0090422153893002,-0.0152585215233393));
#5965=CARTESIAN_POINT('',(-0.00571334993586573,0.0039390001835874,0.00398365277092245));
#5966=CARTESIAN_POINT('',(-0.0264927682596033,-0.00805800257922632,-0.013799613894254));
#5967=CARTESIAN_POINT('',(-0.0290711086287572,-0.00954660808541984,-0.00978262315643525));
#5968=CARTESIAN_POINT('',(-0.0247822145405281,-0.00707041392905495,-0.0104709907907247));
#5969=CARTESIAN_POINT('',(-0.0290711086287572,-0.00954660808541984,-0.0111593584250142));
#5970=CARTESIAN_POINT('',(-0.0264927682596033,-0.00805800257922632,-0.00714236768719554));
#5971=CARTESIAN_POINT('',(-0.0309690926995223,-0.0106424096995936,-0.00331147743056171));
#5972=CARTESIAN_POINT('',(-0.0281974748521114,-0.0090422153893002,-0.00568346005811024));
#5973=CARTESIAN_POINT('',(-0.0287131429259422,-0.0093399364905389,-0.00648685820567398));
#5974=CARTESIAN_POINT('',(0.016,-0.002,0.000505));
#5975=CARTESIAN_POINT('',(0.016,-0.00111324865405187,0.000505));
#5976=CARTESIAN_POINT('',(0.016,-0.00111324865405188,-0.0045));
#5977=CARTESIAN_POINT('',(0.016,-0.00111324865405187,-0.0164409907907247));
#5978=CARTESIAN_POINT('',(0.016,-0.00741399371125401,-0.0141063548548536));
#5979=CARTESIAN_POINT('',(0.016,-0.002,-0.0161124198773426));
#5980=CARTESIAN_POINT('',(0.016,-0.002,0.000505));
#5981=CARTESIAN_POINT('',(0.016,-0.002,-0.019));
#5982=CARTESIAN_POINT('',(0.016,-0.002,-0.019));
#5983=CARTESIAN_POINT('',(0.016,-0.002,0.02001));
#5984=CARTESIAN_POINT('',(0.016,-0.002,0.000505));
#5985=CARTESIAN_POINT('',(0.016,-0.002,-0.00482857091338209));
#5986=CARTESIAN_POINT('',(0.016,-0.0002623102986674,-0.00418469899263406));
#5987=CARTESIAN_POINT('',(0.016,-0.002,0.02001));
#5988=CARTESIAN_POINT('',(0.0225932667397366,-0.00580662432702594,-0.0104704953953624));
#5989=CARTESIAN_POINT('',(0.0208612159321677,-0.00480662432702594,-0.0104704953953624));
#5990=CARTESIAN_POINT('',(0.0207631397208144,-0.00475,0.0160590092092752));
#5991=CARTESIAN_POINT('',(0.0177320508075689,-0.003,0.0160590092092752));
#5992=CARTESIAN_POINT('',(0.0290610078176734,-0.00954077637942153,-0.011159286944642));
#5993=CARTESIAN_POINT('',(0.026482864916298,-0.00805228488130312,-0.00714212722163911));
#5994=CARTESIAN_POINT('',(0.0247721647742372,-0.00706461169378161,-0.0104704953953624));
#5995=CARTESIAN_POINT('',(0.0290610078176734,-0.00954077637942153,-0.00978170384608273));
#5996=CARTESIAN_POINT('',(0.026482864916298,-0.00805228488130312,-0.0137988635690856));
#5997=CARTESIAN_POINT('',(0.00571006380336686,0.00394089743307022,0.00397663070176125));
#5998=CARTESIAN_POINT('',(0.0281888540916292,-0.00903723819091523,-0.0152586956180889));
#5999=CARTESIAN_POINT('',(0.0287044826719044,-0.00933493649053891,-0.0144552636734883));
#6000=CARTESIAN_POINT('',(0.0295705080756887,-0.0098349364905389,-0.0144552636734883));
#6001=CARTESIAN_POINT('',(0.0295705080756887,-0.0098349364905389,0.02001));
#6002=CARTESIAN_POINT('',(0.0295705080756887,-0.0098349364905389,-0.00648572711723641));
#6003=CARTESIAN_POINT('',(0.0287044826719044,-0.00933493649053891,-0.0064857271172364));
#6004=CARTESIAN_POINT('',(0.0281888540916292,-0.00903723819091522,-0.00568229517263582));
#6005=CARTESIAN_POINT('',(0.0309645242112376,-0.0106397720816527,-0.00330712641033799));
#6006=CARTESIAN_POINT('',(0.0225322917645529,-0.00577142040868981,-0.0179701649038497));
#6007=CARTESIAN_POINT('',(0.0257867356544602,-0.00765037446459033,-0.0146719643909549));
#6008=CARTESIAN_POINT('',(0.0225932667397366,-0.00580662432702594,-0.0129706606547731));
#6009=CARTESIAN_POINT('',(0.0226542417149203,-0.00584182824536207,-0.0179701649038497));
#6010=CARTESIAN_POINT('',(0.019399797825013,-0.00396287418946155,-0.0146719643909549));
#6011=CARTESIAN_POINT('',(0.0328112431522514,-0.0117059757593646,0.00297272645562965));
#6012=CARTESIAN_POINT('',(0.0181765292212811,-0.00325661973180572,-0.0162813506881458));
#6013=CARTESIAN_POINT('',(0.0188274179992626,-0.00363241054298582,-0.0169409907907247));
#6014=CARTESIAN_POINT('',(0.0188274179992626,-0.00363241054298582,-0.0179409907907247));
#6015=CARTESIAN_POINT('',(0.016,-0.002,-0.0179409907907247));
#6016=CARTESIAN_POINT('',(0.0263591154802107,-0.00798083811106605,-0.0179409907907247));
#6017=CARTESIAN_POINT('',(0.0263591154802107,-0.00798083811106605,-0.0169409907907247));
#6018=CARTESIAN_POINT('',(0.0270100042581921,-0.00835662892224616,-0.0162813506881458));
#6019=CARTESIAN_POINT('',(0.00663749909075921,0.00340544242023829,0.010521618468335));
#6020=CARTESIAN_POINT('',(0.0328112431522514,-0.0117059757593646,0.00297272645562968));
#6021=CARTESIAN_POINT('',(0.0270100042581921,-0.00835662892224615,-0.00465964010257896));
#6022=CARTESIAN_POINT('',(0.0257867356544602,-0.00765037446459032,-0.00626902639976986));
#6023=CARTESIAN_POINT('',(0.0263591154802107,-0.00798083811106605,-0.004));
#6024=CARTESIAN_POINT('',(0.0263591154802107,-0.00798083811106605,-0.003));
#6025=CARTESIAN_POINT('',(0.016,-0.002,-0.003));
#6026=CARTESIAN_POINT('',(0.0188274179992626,-0.00363241054298582,-0.003));
#6027=CARTESIAN_POINT('',(0.0188274179992626,-0.00363241054298582,-0.004));
#6028=CARTESIAN_POINT('',(0.0181765292212811,-0.00325661973180572,-0.00465964010257897));
#6029=CARTESIAN_POINT('',(0.0066374990907592,0.0034054424202383,0.010521618468335));
#6030=CARTESIAN_POINT('',(0.0193997978250129,-0.00396287418946155,-0.00626902639976987));
#6031=CARTESIAN_POINT('',(0.0226542417149203,-0.00584182824536207,-0.00297082588687501));
#6032=CARTESIAN_POINT('',(0.0225932667397366,-0.00580662432702592,-0.00797033013595163));
#6033=CARTESIAN_POINT('',(0.0225322917645529,-0.0057714204086898,-0.00297082588687501));
#6034=CARTESIAN_POINT('',(0.0162142857142857,-0.00212371791482635,0.0197242857142857));
#6035=CARTESIAN_POINT('',(0.0379406986040721,-0.0146674682452694,0.0414506986040721));
#6036=CARTESIAN_POINT('',(0.0379406986040721,-0.0146674682452694,0.02001));
#6037=CARTESIAN_POINT('',(0.0379406986040721,-0.0146674682452694,-0.0189409907907248));
#6038=CARTESIAN_POINT('',(0.016,-0.002,-0.0189409907907248));
#6039=CARTESIAN_POINT('',(0.016177286895597,-0.00210235663689673,-0.0189409907907248));
#6040=CARTESIAN_POINT('',(0.016177286895597,-0.00210235663689673,0.02001));
#6041=CARTESIAN_POINT('',(0.016177286895597,-0.00210235663689673,-0.019177286895597));
#6042=CARTESIAN_POINT('',(-0.000718571428571423,0.0076524717147517,-0.00228142857142858));
#6043=CARTESIAN_POINT('',(0.0309645242112376,-0.0106397720816527,-0.003307126410338));
#6044=CARTESIAN_POINT('',(0.0187036685631753,-0.00356096377274876,-0.0137988635690856));
#6045=CARTESIAN_POINT('',(0.0161255256617998,-0.00207247227463034,-0.00978170384608272));
#6046=CARTESIAN_POINT('',(0.020414368705236,-0.00454863696027026,-0.0104704953953624));
#6047=CARTESIAN_POINT('',(0.0161255256617998,-0.00207247227463034,-0.011159286944642));
#6048=CARTESIAN_POINT('',(0.0187036685631753,-0.00356096377274876,-0.00714212722163912));
#6049=CARTESIAN_POINT('',(0.00571006380336685,0.00394089743307022,0.00397663070176126));
#6050=CARTESIAN_POINT('',(0.000816987298107781,-0.0125,-0.002));
#6051=CARTESIAN_POINT('',(0.0121383583173156,-0.00425,-0.002));
#6052=CARTESIAN_POINT('',(0.0121383583173156,-0.0026572314809364,-0.002));
#6053=CARTESIAN_POINT('',(0.0121383583173156,-0.006,-0.002));
#6054=CARTESIAN_POINT('',(0.01475,-0.0041650635094611,-0.002));
#6055=CARTESIAN_POINT('',(0.0291865334794732,-0.0125,-0.002));
#6056=CARTESIAN_POINT('',(0.000816987298107781,-0.0125,-0.002));
#6057=CARTESIAN_POINT('',(-0.0118660254037844,-0.00825,-0.002));
#6058=CARTESIAN_POINT('',(-0.0118660254037844,-0.0105,-0.002));
#6059=CARTESIAN_POINT('',(-1.60254037844462E-5,-0.0105,-0.002));
#6060=CARTESIAN_POINT('',(0.0118339745962155,-0.0105,-0.002));
#6061=CARTESIAN_POINT('',(0.0118339745962156,-0.00825,-0.002));
#6062=CARTESIAN_POINT('',(0.0118339745962155,-0.006,-0.002));
#6063=CARTESIAN_POINT('',(-1.60254037844445E-5,-0.006,-0.002));
#6064=CARTESIAN_POINT('',(-1.04083408558608E-17,-0.0025,0.014));
#6065=CARTESIAN_POINT('',(0.0118660254037844,-0.0025,0.014));
#6066=CARTESIAN_POINT('',(0.0118660254037844,-0.0025,-0.0189409907907248));
#6067=CARTESIAN_POINT('',(0.0118660254037844,-0.0025,-0.002));
#6068=CARTESIAN_POINT('',(0.000136166456765568,-0.0025,-0.002));
#6069=CARTESIAN_POINT('',(0.0121383583173156,-0.0025,-0.002));
#6070=CARTESIAN_POINT('',(0.0121383583173156,-0.0025,0.023));
#6071=CARTESIAN_POINT('',(0.0125,-0.0025,0.014));
#6072=CARTESIAN_POINT('',(0.0121383583173156,-0.0025,0.023));
#6073=CARTESIAN_POINT('',(0.0121383583173156,-0.0025,0.0218896750426354));
#6074=CARTESIAN_POINT('',(-1.04083408558608E-17,-0.0025,0.0218896750426354));
#6075=CARTESIAN_POINT('',(-0.0118660254037844,-0.0025,0.023));
#6076=CARTESIAN_POINT('',(-0.0118660254037844,-0.0025,0.0158760254037844));
#6077=CARTESIAN_POINT('',(-0.0118660254037844,-0.0025,0.014));
#6078=CARTESIAN_POINT('',(-0.0118660254037844,-0.0025,0.005));
#6079=CARTESIAN_POINT('',(-0.0118660254037844,-0.0025,0.023));
#6080=CARTESIAN_POINT('',(-0.0118660254037844,-0.0025,-0.0249999907907247));
#6081=CARTESIAN_POINT('',(-0.0118660254037844,-0.0025,-0.0249999907907247));
#6082=CARTESIAN_POINT('',(-1.04083408558608E-17,-0.0025,-0.0249999907907247));
#6083=CARTESIAN_POINT('',(0.0118660254037844,-0.0025,-0.0249999907907247));
#6084=CARTESIAN_POINT('',(0.0118660254037844,-0.0025,-0.0249999907907247));
#6085=CARTESIAN_POINT('',(3.46944695195361E-18,-0.002,0.02001));
#6086=CARTESIAN_POINT('',(-0.0416950478278189,-0.0171237179148264,0.0462050478278189));
#6087=CARTESIAN_POINT('',(-0.0374406986040721,-0.0146674682452694,0.0419506986040721));
#6088=CARTESIAN_POINT('',(3.46944695195361E-18,-0.0146674682452694,0.0419506986040721));
#6089=CARTESIAN_POINT('',(-0.0341506350946109,-0.0146674682452694,0.0419506986040721));
#6090=CARTESIAN_POINT('',(-0.0341506350946109,-0.0144174682452694,0.0415176859021798));
#6091=CARTESIAN_POINT('',(-0.0339147696545848,-0.0145003385909986,0.0416612215514235));
#6092=CARTESIAN_POINT('',(-0.0278294413019099,-0.0166383935108102,0.0453644413019099));
#6093=CARTESIAN_POINT('',(-0.0310544413019099,-0.0110525296564006,0.0356894413019099));
#6094=CARTESIAN_POINT('',(-0.00878571428571429,0.00180432588091022,0.0134207142857143));
#6095=CARTESIAN_POINT('',(-0.0162410254037844,-0.0025,0.0208760254037844));
#6096=CARTESIAN_POINT('',(3.46944695195361E-18,-0.0025,0.0208760254037844));
#6097=CARTESIAN_POINT('',(0.00081698729810778,-0.0125,0.));
#6098=CARTESIAN_POINT('',(0.01475,-0.0041650635094611,0.));
#6099=CARTESIAN_POINT('',(0.0291865334794732,-0.0125,0.));
#6100=CARTESIAN_POINT('',(0.0118339745962156,-0.0125,0.));
#6101=CARTESIAN_POINT('',(0.0118339745962155,-0.0105,0.));
#6102=CARTESIAN_POINT('',(0.00081698729810778,-0.0105,0.));
#6103=CARTESIAN_POINT('',(-0.0118660254037844,-0.0105,0.));
#6104=CARTESIAN_POINT('',(-0.0118660254037844,-0.0125,0.));
#6105=CARTESIAN_POINT('',(-0.0118660254037844,-0.0075,0.));
#6106=CARTESIAN_POINT('',(-0.0118660254037844,-0.0075,0.));
#6107=CARTESIAN_POINT('',(-0.0205262794416288,-0.0075,0.));
#6108=CARTESIAN_POINT('',(-0.01475,-0.00416506350946109,0.));
#6109=CARTESIAN_POINT('',(-0.0291865334794732,-0.0125,0.));
#6110=CARTESIAN_POINT('',(0.00081698729810778,-0.0125,0.));
#6111=CARTESIAN_POINT('',(-0.0291865334794732,-0.0125,-0.0189409907907248));
#6112=CARTESIAN_POINT('',(-0.0286374953737965,-0.0104509618943233,0.0113598221519431));
#6113=CARTESIAN_POINT('',(-0.0286374953737965,-0.0104509618943233,0.0223760254037844));
#6114=CARTESIAN_POINT('',(-0.0286374953737965,-0.0104509618943233,0.0210590092092752));
#6115=CARTESIAN_POINT('',(-0.0288521516800967,-0.0112520701356008,0.0210590092092752));
#6116=CARTESIAN_POINT('',(-0.0291195567581824,-0.0122500394732184,0.0210590092092752));
#6117=CARTESIAN_POINT('',(-0.0340445466228355,-0.0306303518748653,0.00760368667228138));
#6118=CARTESIAN_POINT('',(-0.0353,-0.00952437438536435,-0.0189409907907248));
#6119=CARTESIAN_POINT('',(-1.04083408558608E-17,-0.017,-0.0189409907907248));
#6120=CARTESIAN_POINT('',(-0.0341506350946109,-0.017,-0.0189409907907248));
#6121=CARTESIAN_POINT('',(-0.0373156986040721,-0.017,-0.0189409907907248));
#6122=CARTESIAN_POINT('',(-0.0373156986040721,-0.01575,-0.0189409907907248));
#6123=CARTESIAN_POINT('',(-0.0140216561496907,-0.00230117831844836,-0.0189409907907248));
#6124=CARTESIAN_POINT('',(-0.0306865334794732,-0.0125,-0.0189409907907248));
#6125=CARTESIAN_POINT('',(-0.0321865334794732,-0.0125,-0.0189409907907248));
#6126=CARTESIAN_POINT('',(-0.0332331496826552,-0.0131042641466454,-0.0189409907907248));
#6127=CARTESIAN_POINT('',(-0.0327078147715834,-0.0128009618943233,-0.0189409907907248));
#6128=CARTESIAN_POINT('',(-0.0359455033925932,-0.0119334258429803,-0.0189409907907248));
#6129=CARTESIAN_POINT('',(-0.0306500017085226,-0.0133523512427447,-0.0189409907907248));
#6130=CARTESIAN_POINT('',(-0.0278294413019099,-0.0177209252655408,-0.0189409907907248));
#6131=CARTESIAN_POINT('',(-0.032735442454454,-0.0159972220743748,-0.0189409907907248));
#6132=CARTESIAN_POINT('',(-0.0341506350946109,-0.0155,-0.0189409907907248));
#6133=CARTESIAN_POINT('',(-0.01475,-0.00416506350946109,0.02001));
#6134=CARTESIAN_POINT('',(-0.0195131397208144,-0.0069150635094611,0.0160590092092752));
#6135=CARTESIAN_POINT('',(-0.0216782032302755,-0.0081650635094611,0.0160590092092752));
#6136=CARTESIAN_POINT('',(-0.0170621778264911,-0.0055,0.0158760254037844));
#6137=CARTESIAN_POINT('',(-0.0170621778264911,-0.0055,0.0188760254037844));
#6138=CARTESIAN_POINT('',(-0.01475,-0.00416506350946109,0.0188760254037844));
#6139=CARTESIAN_POINT('',(-0.0291865334794732,-0.0125,0.0188760254037844));
#6140=CARTESIAN_POINT('',(-0.0291865334794732,-0.0125,0.0113598221519431));
#6141=CARTESIAN_POINT('',(-0.0205262794416288,-0.0075,0.005));
#6142=CARTESIAN_POINT('',(-0.01475,-0.00416506350946109,0.02001));
#6143=CARTESIAN_POINT('',(-0.01475,-0.00416506350946109,0.0208760254037844));
#6144=CARTESIAN_POINT('',(-0.0291865334794732,-0.0125,0.0208760254037844));
#6145=CARTESIAN_POINT('',(-0.0162410254037844,-0.00502590742770461,0.0208760254037844));
#6146=CARTESIAN_POINT('',(-0.0150178571428572,-0.00431971090299403,0.0196528571428571));
#6147=CARTESIAN_POINT('',(-0.0304294413019099,-0.0132175931658617,0.0350644413019099));
#6148=CARTESIAN_POINT('',(-0.0304294413019099,-0.0132175931658617,-0.0189409907907248));
#6149=CARTESIAN_POINT('',(-0.0304294413019099,-0.0132175931658617,0.0208760254037844));
#6150=CARTESIAN_POINT('',(-0.0222583302491977,-0.0085,0.0208760254037844));
#6151=CARTESIAN_POINT('',(0.0230083302491977,-0.00720096189432334,0.0113598221519431));
#6152=CARTESIAN_POINT('',(0.0286374953737965,-0.0104509618943233,0.0113598221519431));
#6153=CARTESIAN_POINT('',(0.0286374953737965,-0.0104509618943233,0.0210590092092752));
#6154=CARTESIAN_POINT('',(0.0286374953737965,-0.0104509618943233,0.0223760254037844));
#6155=CARTESIAN_POINT('',(-0.0197168503173447,0.0174664326069454,0.0210590092092752));
#6156=CARTESIAN_POINT('',(0.0321865334794732,-0.0125,0.0210590092092752));
#6157=CARTESIAN_POINT('',(0.0321865334794732,-0.0125,0.0210590092092752));
#6158=CARTESIAN_POINT('',(0.0321865334794732,-0.0125,-0.0189409907907248));
#6159=CARTESIAN_POINT('',(-0.0197168503173447,0.0174664326069454,-0.0189409907907248));
#6160=CARTESIAN_POINT('',(0.0327078147715834,-0.0128009618943233,-0.0189409907907248));
#6161=CARTESIAN_POINT('',(0.0327078147715834,-0.0128009618943233,0.0113598221519431));
#6162=CARTESIAN_POINT('',(0.0327078147715834,-0.0128009618943233,0.0223760254037844));
#6163=CARTESIAN_POINT('',(0.0230083302491977,-0.00720096189432334,0.0223760254037844));
#6164=CARTESIAN_POINT('',(0.0291865334794732,-0.0125,-0.0189409907907248));
#6165=CARTESIAN_POINT('',(0.0340445466228355,-0.0306303518748654,0.00760368667228138));
#6166=CARTESIAN_POINT('',(0.0291195567581824,-0.0122500394732184,0.0210590092092752));
#6167=CARTESIAN_POINT('',(0.0241228484336874,0.0063979298643992,0.0210590092092752));
#6168=CARTESIAN_POINT('',(0.02992265507269,-0.012925,0.0208760254037844));
#6169=CARTESIAN_POINT('',(0.0297754307540467,-0.0125,0.0211704740410712));
#6170=CARTESIAN_POINT('',(0.0295525010904548,-0.0125,0.0210590092092752));
#6171=CARTESIAN_POINT('',(0.0291865334794732,-0.0125,0.0208760254037844));
#6172=CARTESIAN_POINT('',(0.0300141469754354,-0.0127665313759638,0.0210590092092752));
#6173=CARTESIAN_POINT('',(0.0125284247910414,-0.0182080131433623,0.00760368667228138));
#6174=CARTESIAN_POINT('',(0.0306500017085226,-0.0133523512427447,0.020869601689145));
#6175=CARTESIAN_POINT('',(0.0278294413019099,-0.0177209252655408,0.0156760254037845));
#6176=CARTESIAN_POINT('',(0.0304294413019099,-0.0132175931658617,0.0208760254037844));
#6177=CARTESIAN_POINT('',(0.0222583302491977,-0.0085,0.0208760254037844));
#6178=CARTESIAN_POINT('',(0.01475,-0.00416506350946109,0.02001));
#6179=CARTESIAN_POINT('',(0.0304294413019099,-0.0132175931658617,0.02001));
#6180=CARTESIAN_POINT('',(0.0304294413019099,-0.0132175931658617,0.0350644413019099));
#6181=CARTESIAN_POINT('',(0.015375,-0.00452590742770461,0.02001));
#6182=CARTESIAN_POINT('',(0.0162410254037844,-0.00502590742770461,0.0208760254037844));
#6183=CARTESIAN_POINT('',(0.01475,-0.00416506350946109,0.0208760254037844));
#6184=CARTESIAN_POINT('',(0.01475,-0.00416506350946109,0.02001));
#6185=CARTESIAN_POINT('',(0.0213432667397366,-0.00797168783648704,-0.0104704953953624));
#6186=CARTESIAN_POINT('',(0.0196112159321677,-0.00697168783648704,-0.0104704953953624));
#6187=CARTESIAN_POINT('',(0.0148755256617998,-0.00423753578409144,-0.011159286944642));
#6188=CARTESIAN_POINT('',(0.0174536685631753,-0.00572602728220985,-0.00714212722163911));
#6189=CARTESIAN_POINT('',(0.019164368705236,-0.00671370046973136,-0.0104704953953624));
#6190=CARTESIAN_POINT('',(0.0148755256617998,-0.00423753578409144,-0.00978170384608272));
#6191=CARTESIAN_POINT('',(0.0174536685631753,-0.00572602728220985,-0.0137988635690856));
#6192=CARTESIAN_POINT('',(0.0169849054789655,-0.00545538678935519,-0.0141999888421028));
#6193=CARTESIAN_POINT('',(0.0143660254037844,-0.00394337567297406,-0.0164409907907247));
#6194=CARTESIAN_POINT('',(0.0143660254037844,-0.00394337567297407,-0.0104704953953624));
#6195=CARTESIAN_POINT('',(0.0143660254037844,-0.00394337567297406,-0.0045));
#6196=CARTESIAN_POINT('',(0.0169849054789655,-0.00545538678935519,-0.00674100194862198));
#6197=CARTESIAN_POINT('',(0.0248964497126098,-0.0100231189823554,-0.00579577066973092));
#6198=CARTESIAN_POINT('',(0.0245367356544603,-0.00981543797405142,-0.00626902639976986));
#6199=CARTESIAN_POINT('',(0.0257600042581921,-0.0105216924317072,-0.00465964010257896));
#6200=CARTESIAN_POINT('',(0.0212822917645529,-0.0079364839181509,-0.00297082588687501));
#6201=CARTESIAN_POINT('',(0.0213432667397366,-0.00797168783648702,-0.00797033013595163));
#6202=CARTESIAN_POINT('',(0.0214042417149203,-0.00800689175482316,-0.00297082588687501));
#6203=CARTESIAN_POINT('',(0.0181497978250129,-0.00612793769892264,-0.00626902639976986));
#6204=CARTESIAN_POINT('',(0.0177900837668634,-0.00592025669061869,-0.00579577066973092));
#6205=CARTESIAN_POINT('',(0.0169265292212811,-0.00542168324126681,-0.00465964010257896));
#6206=CARTESIAN_POINT('',(0.0175774179992625,-0.00579747405244692,-0.004));
#6207=CARTESIAN_POINT('',(0.0175774179992625,-0.00579747405244692,-0.003));
#6208=CARTESIAN_POINT('',(0.0213432667397366,-0.00797168783648703,-0.003));
#6209=CARTESIAN_POINT('',(0.0251091154802107,-0.0101459016205271,-0.003));
#6210=CARTESIAN_POINT('',(0.0251091154802107,-0.0101459016205271,-0.004));
#6211=CARTESIAN_POINT('',(0.0213432667397366,-0.00797168783648703,-0.0179409907907247));
#6212=CARTESIAN_POINT('',(0.0251091154802107,-0.0101459016205271,-0.0179409907907247));
#6213=CARTESIAN_POINT('',(0.0175774179992625,-0.00579747405244692,-0.0179409907907247));
#6214=CARTESIAN_POINT('',(0.0175774179992625,-0.00579747405244692,-0.0169409907907247));
#6215=CARTESIAN_POINT('',(0.0169265292212811,-0.00542168324126681,-0.0162813506881458));
#6216=CARTESIAN_POINT('',(0.0177900837668634,-0.00592025669061869,-0.0151452201209939));
#6217=CARTESIAN_POINT('',(0.0181497978250129,-0.00612793769892264,-0.0146719643909549));
#6218=CARTESIAN_POINT('',(0.0214042417149203,-0.00800689175482317,-0.0179701649038497));
#6219=CARTESIAN_POINT('',(0.0213432667397366,-0.00797168783648703,-0.0129706606547731));
#6220=CARTESIAN_POINT('',(0.0212822917645529,-0.0079364839181509,-0.0179701649038497));
#6221=CARTESIAN_POINT('',(0.0245367356544603,-0.00981543797405143,-0.0146719643909549));
#6222=CARTESIAN_POINT('',(0.0248964497126098,-0.0100231189823554,-0.0151452201209939));
#6223=CARTESIAN_POINT('',(0.0257600042581921,-0.0105216924317072,-0.0162813506881458));
#6224=CARTESIAN_POINT('',(0.0251091154802107,-0.0101459016205271,-0.0169409907907247));
#6225=CARTESIAN_POINT('',(0.0283205080756888,-0.012,-0.0104704953953624));
#6226=CARTESIAN_POINT('',(0.0283205080756888,-0.012,-0.0064857271172364));
#6227=CARTESIAN_POINT('',(0.0283205080756888,-0.012,-0.0144552636734883));
#6228=CARTESIAN_POINT('',(0.0274544826719044,-0.0115,-0.0144552636734883));
#6229=CARTESIAN_POINT('',(0.0269388540916293,-0.0112023017003763,-0.0152586956180889));
#6230=CARTESIAN_POINT('',(0.0257016280005078,-0.0104879888836189,-0.0141999888421028));
#6231=CARTESIAN_POINT('',(0.025232864916298,-0.0102173483907642,-0.0137988635690856));
#6232=CARTESIAN_POINT('',(0.0278110078176734,-0.0117058398888826,-0.00978170384608273));
#6233=CARTESIAN_POINT('',(0.0235221647742372,-0.00922967520324271,-0.0104704953953624));
#6234=CARTESIAN_POINT('',(0.0278110078176734,-0.0117058398888826,-0.011159286944642));
#6235=CARTESIAN_POINT('',(0.025232864916298,-0.0102173483907642,-0.00714212722163911));
#6236=CARTESIAN_POINT('',(0.0257016280005078,-0.0104879888836189,-0.00674100194862198));
#6237=CARTESIAN_POINT('',(0.0269388540916293,-0.0112023017003763,-0.00568229517263582));
#6238=CARTESIAN_POINT('',(0.0274544826719044,-0.0115,-0.0064857271172364));
#6239=CARTESIAN_POINT('',(0.01475,-0.0041650635094611,-0.002));
#6240=CARTESIAN_POINT('',(0.01475,-0.0041650635094611,-0.0189409907907248));
#6241=CARTESIAN_POINT('',(0.0291865334794732,-0.0125,-0.0189409907907248));
#6242=CARTESIAN_POINT('',(0.0291865334794732,-0.0125,0.0113598221519431));
#6243=CARTESIAN_POINT('',(-1.04083408558608E-17,-0.002,0.014));
#6244=CARTESIAN_POINT('',(-6.93889390390723E-18,-0.002,-0.025));
#6245=CARTESIAN_POINT('',(-0.023,-0.002,-0.025));
#6246=CARTESIAN_POINT('',(-0.016177286895597,-0.002,-0.0249999907907247));
#6247=CARTESIAN_POINT('',(-0.016177286895597,-0.002,0.014));
#6248=CARTESIAN_POINT('',(-0.016177286895597,-0.002,-0.0200160170915057));
#6249=CARTESIAN_POINT('',(-0.019,-0.002,-0.019));
#6250=CARTESIAN_POINT('',(-0.019,-0.002,-0.022));
#6251=CARTESIAN_POINT('',(-0.021,-0.002,-0.022));
#6252=CARTESIAN_POINT('',(-0.023,-0.002,-0.022));
#6253=CARTESIAN_POINT('',(-0.023,-0.002,-0.0235));
#6254=CARTESIAN_POINT('',(-1.04083408558608E-17,-0.002,0.014));
#6255=CARTESIAN_POINT('',(-0.019,-0.002,-0.019));
#6256=CARTESIAN_POINT('',(-0.0160052430221052,-0.002,-0.019177286895597));
#6257=CARTESIAN_POINT('',(-1.04083408558608E-17,-0.002,-0.019177286895597));
#6258=CARTESIAN_POINT('',(0.0160052430221052,-0.002,-0.019177286895597));
#6259=CARTESIAN_POINT('',(0.019,-0.002,-0.019));
#6260=CARTESIAN_POINT('',(3.46944695195361E-18,-0.002,-0.019));
#6261=CARTESIAN_POINT('',(-0.019,-0.002,-0.019));
#6262=CARTESIAN_POINT('',(-0.016177286895597,-0.002,-0.0200160170915057));
#6263=CARTESIAN_POINT('',(-0.016177286895597,-0.00160235663689673,-0.0200160170915057));
#6264=CARTESIAN_POINT('',(-0.019,-0.00160235663689673,-0.019));
#6265=CARTESIAN_POINT('',(-0.0160052430221052,-0.00160235663689673,-0.019177286895597));
#6266=CARTESIAN_POINT('',(-0.0160052430221052,-0.002,-0.019177286895597));
#6267=CARTESIAN_POINT('',(-0.016,-0.002,-0.019));
#6268=CARTESIAN_POINT('',(-0.019,-0.002,-0.022));
#6269=CARTESIAN_POINT('',(0.019,-0.002,-0.019));
#6270=CARTESIAN_POINT('',(0.0160052430221052,-0.002,-0.019177286895597));
#6271=CARTESIAN_POINT('',(0.0160052430221052,-0.00160235663689673,-0.019177286895597));
#6272=CARTESIAN_POINT('',(0.019,-0.00160235663689673,-0.019));
#6273=CARTESIAN_POINT('',(0.016177286895597,-0.00160235663689673,-0.0200160170915057));
#6274=CARTESIAN_POINT('',(0.016177286895597,-0.002,-0.0200160170915057));
#6275=CARTESIAN_POINT('',(0.016177286895597,-0.002,-0.0200160170915057));
#6276=CARTESIAN_POINT('',(0.019,-0.002,-0.019));
#6277=CARTESIAN_POINT('',(0.019,-0.002,-0.022));
#6278=CARTESIAN_POINT('',(0.019,-0.002,-0.022));
#6279=CARTESIAN_POINT('',(-0.0353,-0.00952437438536435,-0.0189409907907248));
#6280=CARTESIAN_POINT('',(0.0373156986040721,-0.01575,-0.0189409907907248));
#6281=CARTESIAN_POINT('',(0.0341506350946109,-0.0155,-0.0189409907907248));
#6282=CARTESIAN_POINT('',(0.032735442454454,-0.0159972220743748,-0.0189409907907248));
#6283=CARTESIAN_POINT('',(0.0278294413019099,-0.0177209252655408,-0.0189409907907248));
#6284=CARTESIAN_POINT('',(0.0306500017085226,-0.0133523512427447,-0.0189409907907248));
#6285=CARTESIAN_POINT('',(-0.0299251933609974,-0.0295834258429803,-0.0189409907907248));
#6286=CARTESIAN_POINT('',(0.0306865334794732,-0.0125,-0.0189409907907248));
#6287=CARTESIAN_POINT('',(0.0140216561496907,-0.00230117831844836,-0.0189409907907248));
#6288=CARTESIAN_POINT('',(-0.014,-0.002,0.0375));
#6289=CARTESIAN_POINT('',(-0.014,0.023,0.0485));
#6290=CARTESIAN_POINT('',(-0.014,-0.002,0.0379));
#6291=CARTESIAN_POINT('',(-5.20417042793042E-18,-0.002,0.053));
#6292=CARTESIAN_POINT('',(-0.0095,0.023,0.053));
#6293=CARTESIAN_POINT('',(0.0095,0.023,0.053));
#6294=CARTESIAN_POINT('',(-1.04083408558608E-17,-0.017,0.014));
#6295=CARTESIAN_POINT('',(-1.04083408558608E-17,-0.017,0.0413256986040721));
#6296=CARTESIAN_POINT('',(-0.0341506350946109,-0.017,0.0413256986040721));
#6297=CARTESIAN_POINT('',(-0.0373156986040721,-0.017,0.0413256986040721));
#6298=CARTESIAN_POINT('',(-0.0373156986040721,-0.017,-0.0189409907907248));
#6299=CARTESIAN_POINT('',(-0.0341506350946109,-0.017,0.014));
#6300=CARTESIAN_POINT('',(3.46944695195361E-18,-0.002,-0.019));
#6301=CARTESIAN_POINT('',(3.46944695195361E-18,-0.00210235663689673,-0.019177286895597));
#6302=CARTESIAN_POINT('',(-1.04083408558608E-17,-0.002,0.014));
#6303=CARTESIAN_POINT('',(0.016177286895597,-0.002,0.014));
#6304=CARTESIAN_POINT('',(0.016177286895597,-0.002,-0.0249999907907247));
#6305=CARTESIAN_POINT('',(-6.93889390390723E-18,-0.002,-0.025));
#6306=CARTESIAN_POINT('',(0.023,-0.002,-0.025));
#6307=CARTESIAN_POINT('',(0.023,-0.002,-0.0235));
#6308=CARTESIAN_POINT('',(0.023,-0.002,-0.022));
#6309=CARTESIAN_POINT('',(0.021,-0.002,-0.022));
#6310=CARTESIAN_POINT('',(-0.023,-0.002,-0.0235));
#6311=CARTESIAN_POINT('',(-0.023,0.000647058823529417,-0.0190882352941177));
#6312=CARTESIAN_POINT('',(-0.023,0.00490417845714577,-0.0216425070742874));
#6313=CARTESIAN_POINT('',(-0.023,0.003,-0.0205));
#6314=CARTESIAN_POINT('',(-0.023,0.00438968270171824,-0.0225));
#6315=CARTESIAN_POINT('',(-0.023,0.00438968270171824,-0.0235));
#6316=CARTESIAN_POINT('',(-0.023,0.008,-0.0235));
#6317=CARTESIAN_POINT('',(-0.023,-0.002,-0.025));
#6318=CARTESIAN_POINT('',(-0.023,-0.002,-0.022));
#6319=CARTESIAN_POINT('',(-0.023,0.003,-0.022));
#6320=CARTESIAN_POINT('',(-0.023,0.003,-0.0205));
#6321=CARTESIAN_POINT('',(0.023,-0.002,-0.0235));
#6322=CARTESIAN_POINT('',(0.023,0.008,-0.0235));
#6323=CARTESIAN_POINT('',(0.023,0.00438968270171823,-0.0235));
#6324=CARTESIAN_POINT('',(0.023,0.00438968270171823,-0.0225));
#6325=CARTESIAN_POINT('',(0.023,0.00490417845714576,-0.0216425070742874));
#6326=CARTESIAN_POINT('',(0.023,0.0055,-0.022));
#6327=CARTESIAN_POINT('',(0.023,0.003,-0.0205));
#6328=CARTESIAN_POINT('',(0.023,0.003,-0.0205));
#6329=CARTESIAN_POINT('',(0.023,0.003,-0.022));
#6330=CARTESIAN_POINT('',(0.023,-0.002,-0.022));
#6331=CARTESIAN_POINT('',(0.023,-0.002,-0.025));
#6332=CARTESIAN_POINT('',(0.019,0.008,-0.02275));
#6333=CARTESIAN_POINT('',(0.019,0.00766911764705882,-0.0233014705882353));
#6334=CARTESIAN_POINT('',(0.019,0.003,-0.0205));
#6335=CARTESIAN_POINT('',(0.019,0.00490417845714576,-0.0216425070742874));
#6336=CARTESIAN_POINT('',(0.019,0.00438968270171823,-0.0225));
#6337=CARTESIAN_POINT('',(0.019,0.00438968270171823,-0.0235));
#6338=CARTESIAN_POINT('',(0.019,0.008,-0.0235));
#6339=CARTESIAN_POINT('',(0.019,0.008,-0.022));
#6340=CARTESIAN_POINT('',(0.019,0.003,-0.022));
#6341=CARTESIAN_POINT('',(0.019,0.003,-0.0205));
#6342=CARTESIAN_POINT('',(0.01475,-0.002,0.0379));
#6343=CARTESIAN_POINT('',(0.0155,-0.002,0.0379));
#6344=CARTESIAN_POINT('',(0.0155,0.00438968270171823,0.0379));
#6345=CARTESIAN_POINT('',(0.0145,0.00438968270171823,0.0379));
#6346=CARTESIAN_POINT('',(0.0136425070742875,0.00490417845714576,0.0379));
#6347=CARTESIAN_POINT('',(0.014,0.0055,0.0379));
#6348=CARTESIAN_POINT('',(0.0125,0.003,0.0379));
#6349=CARTESIAN_POINT('',(0.0125,0.003,0.0379));
#6350=CARTESIAN_POINT('',(0.014,0.003,0.0379));
#6351=CARTESIAN_POINT('',(0.014,-0.002,0.0379));
#6352=CARTESIAN_POINT('',(0.014,-0.002,0.0379));
#6353=CARTESIAN_POINT('',(0.01475,-0.002,0.0302));
#6354=CARTESIAN_POINT('',(0.0108897058823529,0.000316176470588234,0.0302));
#6355=CARTESIAN_POINT('',(0.0125,0.003,0.0302));
#6356=CARTESIAN_POINT('',(0.0136425070742875,0.00490417845714576,0.0302));
#6357=CARTESIAN_POINT('',(0.0145,0.00438968270171823,0.0302));
#6358=CARTESIAN_POINT('',(0.0155,0.00438968270171823,0.0302));
#6359=CARTESIAN_POINT('',(0.0155,-0.002,0.0302));
#6360=CARTESIAN_POINT('',(0.014,-0.002,0.0302));
#6361=CARTESIAN_POINT('',(0.014,-0.002,0.0302));
#6362=CARTESIAN_POINT('',(0.014,0.003,0.0302));
#6363=CARTESIAN_POINT('',(0.0125,0.003,0.0302));
#6364=CARTESIAN_POINT('',(-0.01475,-0.002,0.0302));
#6365=CARTESIAN_POINT('',(-0.0155,-0.002,0.0302));
#6366=CARTESIAN_POINT('',(-0.0155,0.00438968270171823,0.0302));
#6367=CARTESIAN_POINT('',(-0.0145,0.00438968270171823,0.0302));
#6368=CARTESIAN_POINT('',(-0.0136425070742875,0.00490417845714576,0.0302));
#6369=CARTESIAN_POINT('',(-0.0108897058823529,0.00031617647058824,0.0302));
#6370=CARTESIAN_POINT('',(-0.0125,0.003,0.0302));
#6371=CARTESIAN_POINT('',(-0.0125,0.003,0.0302));
#6372=CARTESIAN_POINT('',(-0.014,0.003,0.0302));
#6373=CARTESIAN_POINT('',(-0.014,-0.002,0.0302));
#6374=CARTESIAN_POINT('',(-0.014,-0.002,0.0302));
#6375=CARTESIAN_POINT('',(0.021,-0.002,-0.022));
#6376=CARTESIAN_POINT('',(0.021,0.003,-0.022));
#6377=CARTESIAN_POINT('',(-0.021,-0.002,-0.022));
#6378=CARTESIAN_POINT('',(-0.021,0.003,-0.022));
#6379=CARTESIAN_POINT('',(-0.019,0.003,-0.022));
#6380=CARTESIAN_POINT('',(-0.019,0.008,-0.022));
#6381=CARTESIAN_POINT('',(0.014,-0.002,0.03405));
#6382=CARTESIAN_POINT('',(0.014,0.003,0.03405));
#6383=CARTESIAN_POINT('',(0.014,-0.002,0.0375));
#6384=CARTESIAN_POINT('',(0.014,-0.002,0.022));
#6385=CARTESIAN_POINT('',(-0.014,-0.002,0.0375));
#6386=CARTESIAN_POINT('',(-0.014,-0.002,0.022));
#6387=CARTESIAN_POINT('',(-0.014005,-0.002,0.022));
#6388=CARTESIAN_POINT('',(-0.01401,-0.002,0.022));
#6389=CARTESIAN_POINT('',(-0.015005,-0.002,0.021005));
#6390=CARTESIAN_POINT('',(-0.016,-0.002,0.02001));
#6391=CARTESIAN_POINT('',(-0.016,-0.002,0.000505));
#6392=CARTESIAN_POINT('',(-0.016,-0.00113974596215562,0.000505));
#6393=CARTESIAN_POINT('',(-0.016,-0.00113974596215562,-0.00450099079072474));
#6394=CARTESIAN_POINT('',(-0.016,-0.00113974596215561,-0.0164409907907247));
#6395=CARTESIAN_POINT('',(-0.016,-0.000265017794243701,-0.00417683640447805));
#6396=CARTESIAN_POINT('',(-0.016,-0.00741766775533293,-0.0141145356010743));
#6397=CARTESIAN_POINT('',(-6.93889390390723E-18,-0.002,-0.025));
#6398=CARTESIAN_POINT('',(0.016177286895597,-0.00160235663689672,-0.0249999907907247));
#6399=CARTESIAN_POINT('',(0.016177286895597,-0.00210235663689673,-0.0249999907907247));
#6400=CARTESIAN_POINT('',(0.0140216561496907,-0.00230117831844836,-0.0249999907907247));
#6401=CARTESIAN_POINT('',(-0.0140216561496907,-0.00230117831844836,-0.0249999907907247));
#6402=CARTESIAN_POINT('',(-0.016177286895597,-0.00210235663689673,-0.0249999907907247));
#6403=CARTESIAN_POINT('',(-0.016177286895597,-0.00160235663689673,-0.0249999907907247));
#6404=CARTESIAN_POINT('',(0.015005,-0.002,0.021005));
#6405=CARTESIAN_POINT('',(0.01401,-0.002,0.022));
#6406=CARTESIAN_POINT('',(0.014005,-0.002,0.022));
#6407=CARTESIAN_POINT('',(0.014,-0.002,0.0375));
#6408=CARTESIAN_POINT('',(0.014,0.023,0.0485));
#6409=CARTESIAN_POINT('',(0.0155,-0.002,0.03405));
#6410=CARTESIAN_POINT('',(0.0155,0.00438968270171823,0.03405));
#6411=CARTESIAN_POINT('',(-0.014,-0.002,0.03405));
#6412=CARTESIAN_POINT('',(-0.014,0.003,0.03405));
#6413=CARTESIAN_POINT('',(-0.014,0.003,0.0379));
#6414=CARTESIAN_POINT('',(-0.014,-0.002,0.0379));
#6415=CARTESIAN_POINT('',(-0.01475,-0.002,0.0379));
#6416=CARTESIAN_POINT('',(-0.014,0.0055,0.0379));
#6417=CARTESIAN_POINT('',(-0.0125,0.003,0.0379));
#6418=CARTESIAN_POINT('',(-0.0136425070742875,0.00490417845714576,0.0379));
#6419=CARTESIAN_POINT('',(-0.0145,0.00438968270171823,0.0379));
#6420=CARTESIAN_POINT('',(-0.0155,0.00438968270171823,0.0379));
#6421=CARTESIAN_POINT('',(-0.0155,-0.002,0.0379));
#6422=CARTESIAN_POINT('',(-0.0125,0.003,0.0379));
#6423=CARTESIAN_POINT('',(-0.0155,-0.002,0.03405));
#6424=CARTESIAN_POINT('',(-0.0155,0.00438968270171823,0.0302));
#6425=CARTESIAN_POINT('',(0.021,0.008,-0.0235));
#6426=CARTESIAN_POINT('',(0.021,0.00438968270171823,-0.0235));
#6427=CARTESIAN_POINT('',(-0.019,0.008,-0.02275));
#6428=CARTESIAN_POINT('',(-0.019,0.008,-0.0235));
#6429=CARTESIAN_POINT('',(-0.019,0.00438968270171824,-0.0235));
#6430=CARTESIAN_POINT('',(-0.019,0.00438968270171824,-0.0225));
#6431=CARTESIAN_POINT('',(-0.019,0.00490417845714577,-0.0216425070742874));
#6432=CARTESIAN_POINT('',(-0.019,0.0055,-0.022));
#6433=CARTESIAN_POINT('',(-0.019,0.003,-0.0205));
#6434=CARTESIAN_POINT('',(-0.019,0.003,-0.0205));
#6435=CARTESIAN_POINT('',(-0.021,0.008,-0.0235));
#6436=CARTESIAN_POINT('',(-0.019,0.00438968270171824,-0.0235));
#6437=CARTESIAN_POINT('',(-0.0125,0.003,0.03405));
#6438=CARTESIAN_POINT('',(-0.0125,0.003,0.03405));
#6439=CARTESIAN_POINT('',(0.0125,0.003,0.03405));
#6440=CARTESIAN_POINT('',(0.0125,0.003,0.03405));
#6441=CARTESIAN_POINT('',(-0.021,0.003,-0.0205));
#6442=CARTESIAN_POINT('',(-0.021,0.003,-0.0205));
#6443=CARTESIAN_POINT('',(0.021,0.003,-0.0205));
#6444=CARTESIAN_POINT('',(0.021,0.003,-0.0205));
#6445=CARTESIAN_POINT('',(-0.014,0.0055,0.0129));
#6446=CARTESIAN_POINT('',(-0.0136425070742875,0.00490417845714576,0.0379));
#6447=CARTESIAN_POINT('',(0.014,0.0055,0.0129));
#6448=CARTESIAN_POINT('',(0.0136425070742875,0.00490417845714576,0.0129));
#6449=CARTESIAN_POINT('',(-0.002,0.0055,-0.022));
#6450=CARTESIAN_POINT('',(-0.002,0.00490417845714576,-0.0216425070742874));
#6451=CARTESIAN_POINT('',(-0.044,0.0055,-0.022));
#6452=CARTESIAN_POINT('',(-0.023,0.00490417845714577,-0.0216425070742874));
#6453=CARTESIAN_POINT('',(0.01475,-0.00416506350946109,0.02001));
#6454=CARTESIAN_POINT('',(0.0129401926048813,-0.00312017072270793,0.0177026103623734));
#6455=CARTESIAN_POINT('',(0.0131370627052564,-0.00323383372815487,0.0174408706687088));
#6456=CARTESIAN_POINT('',(0.0135059706889141,-0.00344682285182588,0.0168925483566511));
#6457=CARTESIAN_POINT('',(0.0137080686259315,-0.00356350415016553,0.0162260557736521));
#6458=CARTESIAN_POINT('',(0.0137080686259315,-0.00356350415016553,0.0158760254037844));
#6459=CARTESIAN_POINT('',(0.0137080686259315,-0.00356350415016553,0.0158760254037844));
#6460=CARTESIAN_POINT('',(0.0137080686259315,-0.00356350415016553,0.02001));
#6461=CARTESIAN_POINT('',(0.0137080686259315,-0.00356350415016553,0.005));
#6462=CARTESIAN_POINT('',(0.0137080686259315,-0.00356350415016553,0.005));
#6463=CARTESIAN_POINT('',(0.0137080686259315,-0.00356350415016553,0.00456778204861568));
#6464=CARTESIAN_POINT('',(0.0134937787441802,-0.00343978382925181,0.00373402049546553));
#6465=CARTESIAN_POINT('',(0.013070063681077,-0.00319515182350946,0.00303221479206533));
#6466=CARTESIAN_POINT('',(0.0128391742254945,-0.00306184773417588,0.00269721810295456));
#6467=CARTESIAN_POINT('',(0.0291865334794732,-0.0125,0.0113598221519431));
#6468=CARTESIAN_POINT('',(0.0291865334794732,-0.0125,0.0188760254037844));
#6469=CARTESIAN_POINT('',(0.01475,-0.00416506350946109,0.0188760254037844));
#6470=CARTESIAN_POINT('',(0.0195131397208144,-0.0069150635094611,0.0160590092092752));
#6471=CARTESIAN_POINT('',(0.0173480762113533,-0.0056650635094611,0.0160590092092752));
#6472=CARTESIAN_POINT('',(0.0095,0.023,0.0485));
#6473=CARTESIAN_POINT('',(-0.0095,0.023,0.0485));
#6474=CARTESIAN_POINT('',(-0.0140216561496907,-0.00230117831844836,-0.0249999907907247));
#6475=CARTESIAN_POINT('',(-0.016177286895597,-0.00210235663689673,-0.0249999907907247));
#6476=CARTESIAN_POINT('',(0.0140216561496907,-0.00230117831844836,-0.0249999907907247));
#6477=CARTESIAN_POINT('',(0.016177286895597,-0.00210235663689673,-0.0249999907907247));
#6478=CARTESIAN_POINT('',(-0.0353,-0.00160235663689673,-0.0249999907907247));
#6479=CARTESIAN_POINT('',(-0.016177286895597,-0.00160235663689673,-0.0249999907907247));
#6480=CARTESIAN_POINT('',(-0.0161772868955971,-0.00160235663689673,-0.019177286895597));
#6481=CARTESIAN_POINT('',(3.46944695195361E-18,-0.00160235663689673,-0.019177286895597));
#6482=CARTESIAN_POINT('',(-0.0353,-0.00160235663689673,-0.0249999907907247));
#6483=CARTESIAN_POINT('',(3.46944695195361E-18,-0.00160235663689673,-0.019177286895597));
#6484=CARTESIAN_POINT('',(0.016177286895597,-0.00160235663689673,-0.019177286895597));
#6485=CARTESIAN_POINT('',(0.016177286895597,-0.00160235663689672,-0.0249999907907247));
#6486=CARTESIAN_POINT('',(-0.016177286895597,-0.00160235663689673,-0.0249999907907247));
#6487=CARTESIAN_POINT('',(-0.0161772868955971,-0.00160235663689673,-0.019177286895597));
#6488=CARTESIAN_POINT('',(3.46944695195361E-18,-0.00160235663689673,-0.019177286895597));
#6489=CARTESIAN_POINT('',(0.016177286895597,-0.00160235663689673,-0.019177286895597));
#6490=CARTESIAN_POINT('',(0.016177286895597,-0.00160235663689672,-0.0249999907907247));
#6491=CARTESIAN_POINT('',(-1.7347234759768E-18,-0.0125,0.0188760254037844));
#6492=CARTESIAN_POINT('',(0.0121383583173156,-0.0125,0.0188760254037844));
#6493=CARTESIAN_POINT('',(0.0121383583173156,-0.006,0.0188760254037844));
#6494=CARTESIAN_POINT('',(-1.7347234759768E-18,-0.0125,0.0188760254037844));
#6495=CARTESIAN_POINT('',(0.0135,-0.0055,0.0188760254037844));
#6496=CARTESIAN_POINT('',(-0.0118660254037844,-0.0055,0.0188760254037844));
#6497=CARTESIAN_POINT('',(-0.0118660254037844,-0.0125,0.0188760254037844));
#6498=CARTESIAN_POINT('',(-0.0118660254037844,-0.006,0.0188760254037844));
#6499=CARTESIAN_POINT('',(-3.07419350173105E-19,-0.006,0.0188760254037844));
#6500=CARTESIAN_POINT('',(3.46944695195361E-18,-0.0125,0.0208760254037844));
#6501=CARTESIAN_POINT('',(0.0121383583173156,-0.0125,0.0208760254037844));
#6502=CARTESIAN_POINT('',(0.0121383583173156,-0.006,0.0208760254037844));
#6503=CARTESIAN_POINT('',(0.0121383583173156,-0.00423986004180251,0.0208760254037844));
#6504=CARTESIAN_POINT('',(4.89675107775732E-18,-0.006,0.0208760254037844));
#6505=CARTESIAN_POINT('',(-0.0118660254037844,-0.006,0.0208760254037844));
#6506=CARTESIAN_POINT('',(-0.0118660254037844,-0.0125,0.0208760254037844));
#6507=CARTESIAN_POINT('',(-0.0168660254037845,-0.00394337567297406,0.0208760254037844));
#6508=CARTESIAN_POINT('',(3.46944695195361E-18,-0.0125,0.0208760254037844));
#6509=CARTESIAN_POINT('',(0.0168660254037845,-0.00394337567297406,0.0208760254037844));
#6510=CARTESIAN_POINT('',(0.0153760737040974,-0.00423986004180251,0.0208760254037844));
#6511=CARTESIAN_POINT('',(3.46944695195361E-18,-0.00423986004180251,0.0208760254037844));
#6512=CARTESIAN_POINT('',(0.,-0.0125,0.000967517306529841));
#6513=CARTESIAN_POINT('',(0.0306865334794732,-0.0125,0.0210590092092752));
#6514=CARTESIAN_POINT('',(-0.0297754307540467,-0.0125,0.0211704740410712));
#6515=CARTESIAN_POINT('',(-0.0295525010904548,-0.0125,0.0210590092092752));
#6516=CARTESIAN_POINT('',(-0.0306865334794732,-0.0125,0.0210590092092752));
#6517=CARTESIAN_POINT('',(-0.0321865334794732,-0.0125,0.0210590092092752));
#6518=CARTESIAN_POINT('',(-0.0321865334794732,-0.0125,0.0210590092092752));
#6519=CARTESIAN_POINT('',(-0.00826313972081441,-0.0264006350946109,0.0160590092092752));
#6520=CARTESIAN_POINT('',(-0.0202631397208144,-0.00561602540378444,0.0160590092092752));
#6521=CARTESIAN_POINT('',(-0.0224282032302755,-0.00686602540378444,0.0160590092092752));
#6522=CARTESIAN_POINT('',(0.00826313972081441,-0.0264006350946109,0.0160590092092752));
#6523=CARTESIAN_POINT('',(0.0202631397208144,-0.00561602540378444,0.0160590092092752));
#6524=CARTESIAN_POINT('',(0.0180980762113533,-0.00436602540378444,0.0160590092092752));
#6525=CARTESIAN_POINT('',(0.0306587766659067,-0.01335,-0.0189409907907248));
#6526=CARTESIAN_POINT('',(0.0306500017085226,-0.0133523512427447,-0.0189409907907248));
#6527=CARTESIAN_POINT('',(0.0269233937586588,-0.00955117831844836,0.0210590092092752));
#6528=CARTESIAN_POINT('',(-0.0230083302491977,-0.00720096189432335,0.0113598221519431));
#6529=CARTESIAN_POINT('',(-0.0332331496826552,-0.0131042641466454,0.0210590092092752));
#6530=CARTESIAN_POINT('',(-0.0230083302491977,-0.00720096189432335,0.0223760254037844));
#6531=CARTESIAN_POINT('',(-0.0327078147715834,-0.0128009618943233,0.0223760254037844));
#6532=CARTESIAN_POINT('',(-0.0327078147715834,-0.0128009618943233,0.0113598221519431));
#6533=CARTESIAN_POINT('',(-0.0306587766659067,-0.01335,-0.0189409907907248));
#6534=CARTESIAN_POINT('',(-0.0302717361348345,-0.0134537071977389,0.0205926920704511));
#6535=CARTESIAN_POINT('',(-0.0306500017085226,-0.0133523512427447,0.020869601689145));
#6536=CARTESIAN_POINT('',(-0.0306500017085226,-0.0133523512427447,0.020869601689145));
#6537=CARTESIAN_POINT('',(-0.02992265507269,-0.012925,0.0208760254037844));
#6538=CARTESIAN_POINT('',(-0.0278294413019099,-0.0177209252655408,0.0156760254037845));
#6539=CARTESIAN_POINT('',(-0.0300141469754354,-0.0127665313759638,0.0210590092092752));
#6540=CARTESIAN_POINT('',(-0.0269233937586588,-0.00955117831844837,0.0210590092092752));
#6541=CARTESIAN_POINT('',(-0.0202631397208144,-0.00561602540378444,0.0160590092092752));
#6542=CARTESIAN_POINT('',(0.0202631397208144,-0.00561602540378444,0.0160590092092752));
#6543=CARTESIAN_POINT('',(0.0118339745962156,-0.00825,0.003));
#6544=CARTESIAN_POINT('',(0.0118339745962156,-0.006,0.003));
#6545=CARTESIAN_POINT('',(0.0118339745962155,-0.0105,0.003));
#6546=CARTESIAN_POINT('',(-1.60254037844469E-5,-0.0105,0.003));
#6547=CARTESIAN_POINT('',(-0.0118660254037844,-0.0105,0.003));
#6548=CARTESIAN_POINT('',(-0.0118660254037844,-0.00825,0.003));
#6549=CARTESIAN_POINT('',(-0.0118660254037844,-0.0075,0.005));
#6550=CARTESIAN_POINT('',(-1.04083408558608E-17,-0.0075,0.005));
#6551=CARTESIAN_POINT('',(0.0135,-0.00155786663857179,0.0207842025542851));
#6552=CARTESIAN_POINT('',(0.0135,-0.007,0.0240514518843274));
#6553=CARTESIAN_POINT('',(0.0135,-0.00239976673633752,0.0220924077500892));
#6554=CARTESIAN_POINT('',(0.0135,-0.00423986004180251,0.0228760254037844));
#6555=CARTESIAN_POINT('',(-1.04083408558608E-17,-0.007,0.0240514518843274));
#6556=CARTESIAN_POINT('',(-1.04083408558608E-17,-0.00239976673633752,0.0220924077500892));
#6557=CARTESIAN_POINT('',(-1.04083408558608E-17,-0.00423986004180251,0.0228760254037844));
#6558=CARTESIAN_POINT('',(0.0121383583173156,-0.00423986004180251,0.0228760254037844));
#6559=CARTESIAN_POINT('',(0.0153760737040974,-0.00423986004180251,0.0208760254037844));
#6560=CARTESIAN_POINT('',(0.015250924385506,-0.00405403170252157,0.0208760254037844));
#6561=CARTESIAN_POINT('',(0.0150869751816117,-0.00358922012792593,0.0209443341386029));
#6562=CARTESIAN_POINT('',(0.0155453908456797,-0.0030869203471788,0.0212244999438153));
#6563=CARTESIAN_POINT('',(0.0161574265796451,-0.00288391492755423,0.0214039471181886));
#6564=CARTESIAN_POINT('',(0.0165956069200324,-0.00283362398073279,0.0214538790890373));
#6565=CARTESIAN_POINT('',(0.0168188790890376,-0.00283362398073281,0.0214538790890373));
#6566=CARTESIAN_POINT('',(-1.09568624035116E-17,-0.0055,0.0158760254037844));
#6567=CARTESIAN_POINT('',(-0.0118660254037844,-0.0055,0.0158760254037844));
#6568=CARTESIAN_POINT('',(0.0135,-0.0055,0.0158760254037844));
#6569=CARTESIAN_POINT('',(0.0135,-0.0035,0.0158760254037844));
#6570=CARTESIAN_POINT('',(0.0130867482823719,-0.00308674828237186,0.0158760254037844));
#6571=CARTESIAN_POINT('',(0.0130867482823719,-0.00308674828237186,0.0158760254037844));
#6572=CARTESIAN_POINT('',(0.0130867482823719,-0.00308674828237186,0.0160817590243985));
#6573=CARTESIAN_POINT('',(0.0128696752722669,-0.00291872462083876,0.0164200946569042));
#6574=CARTESIAN_POINT('',(0.0126275095824789,-0.00273865152714643,0.0166725326310774));
#6575=CARTESIAN_POINT('',(0.0125,-0.00264526859498827,0.0167982556381835));
#6576=CARTESIAN_POINT('',(0.0135,-0.0035,0.000505));
#6577=CARTESIAN_POINT('',(0.0135,-0.0035,0.005));
#6578=CARTESIAN_POINT('',(0.0130867482823719,-0.00308674828237186,0.005));
#6579=CARTESIAN_POINT('',(0.0130867482823719,-0.00308674828237186,0.000505));
#6580=CARTESIAN_POINT('',(0.0135,-0.0075,0.005));
#6581=CARTESIAN_POINT('',(0.0125,-0.00267411729260444,0.00369200302199869));
#6582=CARTESIAN_POINT('',(0.0126450636154948,-0.00277462855370858,0.0038756903887541));
#6583=CARTESIAN_POINT('',(0.0129190935755639,-0.00296674434728715,0.00425583071216778));
#6584=CARTESIAN_POINT('',(0.0130867482823719,-0.00308674828237186,0.00474245411557652));
#6585=CARTESIAN_POINT('',(0.0130867482823719,-0.00308674828237186,0.005));
#6586=CARTESIAN_POINT('',(0.0130867482823719,-0.00308674828237186,0.005));
#6587=CARTESIAN_POINT('',(0.0133660254037844,-0.00336602540378443,0.005));
#6588=CARTESIAN_POINT('',(0.0137080686259315,-0.00356350415016553,0.005));
#6589=CARTESIAN_POINT('',(0.0130867482612959,-0.00308674826129591,0.00441258015993234));
#6590=CARTESIAN_POINT('',(0.0133660253783099,-0.00336602538905939,0.0042738493676502));
#6591=CARTESIAN_POINT('',(0.0137080686013511,-0.00356350413597402,0.00413022469079636));
#6592=CARTESIAN_POINT('',(0.0126732272069461,-0.00279134152763715,0.00386765896016626));
#6593=CARTESIAN_POINT('',(0.0129353966701974,-0.00311740178852665,0.00361547558830877));
#6594=CARTESIAN_POINT('',(0.0132945475536502,-0.00332475764776832,0.00335555714089328));
#6595=CARTESIAN_POINT('',(0.0122095657404191,-0.00247419683101681,0.00334772969475752));
#6596=CARTESIAN_POINT('',(0.0124596875344435,-0.00284275099094369,0.003027547364391));
#6597=CARTESIAN_POINT('',(0.0128308860839787,-0.00305706257344066,0.00268521421122743));
#6598=CARTESIAN_POINT('',(0.0152080686259315,-0.000965427938812213,0.005));
#6599=CARTESIAN_POINT('',(0.0152080686259315,-0.000965427938812215,0.02001));
#6600=CARTESIAN_POINT('',(0.0152080686259315,-0.000965427938812216,0.0158760254037844));
#6601=CARTESIAN_POINT('',(0.0137080686259315,-0.00356350415016554,0.0158760254037844));
#6602=CARTESIAN_POINT('',(0.0133660254037844,-0.00336602540378444,0.0158760254037844));
#6603=CARTESIAN_POINT('',(0.0130867482823719,-0.00308674828237186,0.0158760254037844));
#6604=CARTESIAN_POINT('',(0.0137080686050162,-0.00356350413809007,0.0162317639676646));
#6605=CARTESIAN_POINT('',(0.0133660253817506,-0.00336602539106282,0.0161471126347494));
#6606=CARTESIAN_POINT('',(0.0130867482638045,-0.00308674826380451,0.0160653457193362));
#6607=CARTESIAN_POINT('',(0.0134997174706681,-0.00344321255458823,0.0169077555596853));
#6608=CARTESIAN_POINT('',(0.0131453227503617,-0.00323860266741997,0.0166673562746535));
#6609=CARTESIAN_POINT('',(0.0128783971266399,-0.00292437316752136,0.0164331863242419));
#6610=CARTESIAN_POINT('',(0.0131214046881503,-0.00322479356776372,0.0174637031755979));
#6611=CARTESIAN_POINT('',(0.0127504367337866,-0.00301061511945144,0.0171231020363187));
#6612=CARTESIAN_POINT('',(0.0125000843431798,-0.00264421815567151,0.0168030562881165));
#6613=CARTESIAN_POINT('',(0.0129222630923161,-0.00310981911380198,0.0177263520992663));
#6614=CARTESIAN_POINT('',(0.0125436915699171,-0.00289125074343741,0.0173436392833181));
#6615=CARTESIAN_POINT('',(0.0123009427487565,-0.00250064144797245,0.0169885970073737));
#6616=CARTESIAN_POINT('',(0.0323205080756887,-0.00507179676972449,-0.0104704953953624));
#6617=CARTESIAN_POINT('',(0.0283205080756888,-0.012,-0.0144552636734883));
#6618=CARTESIAN_POINT('',(0.0323205080756887,-0.00507179676972449,-0.00648572711723641));
#6619=CARTESIAN_POINT('',(0.0297016280005078,-0.00355978565334338,-0.00674100194862198));
#6620=CARTESIAN_POINT('',(0.0309388540916292,-0.00427409847010082,-0.00568229517263582));
#6621=CARTESIAN_POINT('',(0.029232864916298,-0.00328914516048871,-0.00714212722163911));
#6622=CARTESIAN_POINT('',(0.0297016280005078,-0.00355978565334338,-0.0141999888421028));
#6623=CARTESIAN_POINT('',(0.0281888540916292,-0.00903723819091522,-0.0152586956180889));
#6624=CARTESIAN_POINT('',(0.025232864916298,-0.0102173483907642,-0.0137988635690856));
#6625=CARTESIAN_POINT('',(0.0253432667397366,-0.00104348460621153,-0.0104704953953624));
#6626=CARTESIAN_POINT('',(0.0220932667397366,-0.00667264973081038,-0.0104704953953624));
#6627=CARTESIAN_POINT('',(0.0212272413359522,-0.00617264973081038,-0.0104704953953624));
#6628=CARTESIAN_POINT('',(0.0218432667397366,-0.0071056624327026,-0.0104704953953624));
#6629=CARTESIAN_POINT('',(0.0209772413359522,-0.0066056624327026,-0.0104704953953624));
#6630=CARTESIAN_POINT('',(0.0253432667397366,-0.00104348460621153,-0.0179409907907247));
#6631=CARTESIAN_POINT('',(0.0175774179992625,-0.00579747405244692,-0.0179409907907247));
#6632=CARTESIAN_POINT('',(0.0263591154802107,-0.00798083811106605,-0.0179409907907247));
#6633=CARTESIAN_POINT('',(0.0288964497126098,-0.00309491575207987,-0.0151452201209939));
#6634=CARTESIAN_POINT('',(0.0257600042581921,-0.0105216924317072,-0.0162813506881458));
#6635=CARTESIAN_POINT('',(0.0257867356544602,-0.00765037446459033,-0.0146719643909549));
#6636=CARTESIAN_POINT('',(0.0217900837668634,0.00100794653965681,-0.0151452201209939));
#6637=CARTESIAN_POINT('',(0.0181765292212811,-0.00325661973180572,-0.0162813506881458));
#6638=CARTESIAN_POINT('',(0.0181497978250129,-0.00612793769892264,-0.0146719643909549));
#6639=CARTESIAN_POINT('',(0.0253432667397366,-0.00104348460621152,-0.003));
#6640=CARTESIAN_POINT('',(0.0291091154802107,-0.00321769839025163,-0.003));
#6641=CARTESIAN_POINT('',(0.0215774179992625,0.00113072917782859,-0.003));
#6642=CARTESIAN_POINT('',(0.0217900837668634,0.00100794653965681,-0.00579577066973093));
#6643=CARTESIAN_POINT('',(0.0209265292212811,0.0015065199890087,-0.00465964010257897));
#6644=CARTESIAN_POINT('',(0.0221497978250129,0.000800265531352866,-0.00626902639976987));
#6645=CARTESIAN_POINT('',(0.0288964497126098,-0.00309491575207987,-0.00579577066973092));
#6646=CARTESIAN_POINT('',(0.0297600042581921,-0.00359348920143175,-0.00465964010257896));
#6647=CARTESIAN_POINT('',(0.0285367356544603,-0.00288723474377592,-0.00626902639976986));
#6648=CARTESIAN_POINT('',(0.0183660254037844,0.00298482755730144,-0.0104704953953624));
#6649=CARTESIAN_POINT('',(0.0183660254037844,0.00298482755730144,-0.0045));
#6650=CARTESIAN_POINT('',(0.0183660254037844,0.00298482755730145,-0.0164409907907247));
#6651=CARTESIAN_POINT('',(0.0209849054789655,0.00147281644092032,-0.0141999888421028));
#6652=CARTESIAN_POINT('',(0.0187036685631753,-0.00356096377274876,-0.0137988635690856));
#6653=CARTESIAN_POINT('',(0.0209849054789655,0.00147281644092032,-0.00674100194862198));
#6654=CARTESIAN_POINT('',(0.0214536685631753,0.00120217594806566,-0.00714212722163911));
#6655=CARTESIAN_POINT('',(-0.0183774990747593,0.00297820323027551,-0.0104709907907247));
#6656=CARTESIAN_POINT('',(-0.0183774990747593,0.00297820323027551,-0.0164409907907247));
#6657=CARTESIAN_POINT('',(-0.0183774990747593,0.00297820323027551,-0.00450099079072474));
#6658=CARTESIAN_POINT('',(-0.0209957123820717,0.00146657707250285,-0.00674168803762798));
#6659=CARTESIAN_POINT('',(-0.0214638991448826,0.00119626931896292,-0.00714236768719553));
#6660=CARTESIAN_POINT('',(-0.0209957123820717,0.00146657707250285,-0.0142002935438215));
#6661=CARTESIAN_POINT('',(-0.0214638991448826,0.00119626931896293,-0.0137996138942539));
#6662=CARTESIAN_POINT('',(-0.025353333702243,-0.00104929676972449,-0.0104709907907247));
#6663=CARTESIAN_POINT('',(-0.022103333702243,-0.00667846189432334,-0.0104709907907247));
#6664=CARTESIAN_POINT('',(-0.0229693591060274,-0.00717846189432334,-0.0104709907907247));
#6665=CARTESIAN_POINT('',(-0.021853333702243,-0.00711147459621556,-0.0104709907907247));
#6666=CARTESIAN_POINT('',(-0.0227193591060274,-0.00761147459621556,-0.0104709907907247));
#6667=CARTESIAN_POINT('',(-0.025353333702243,-0.00104929676972449,-0.00300099079072475));
#6668=CARTESIAN_POINT('',(-0.021588662798658,0.00112423698987063,-0.00300099079072475));
#6669=CARTESIAN_POINT('',(-0.0291180046058279,-0.00322283052931961,-0.00300099079072475));
#6670=CARTESIAN_POINT('',(-0.0289057401266779,-0.00310027957514291,-0.00579643959118986));
#6671=CARTESIAN_POINT('',(-0.0297689447713906,-0.00359865100913357,-0.00466056327939422));
#6672=CARTESIAN_POINT('',(-0.0285464752825348,-0.00289285792066655,-0.00626919008972181));
#6673=CARTESIAN_POINT('',(-0.0218009272778081,0.00100168603569393,-0.00579643959118986));
#6674=CARTESIAN_POINT('',(-0.0209377226330953,0.00150005746968459,-0.00466056327939422));
#6675=CARTESIAN_POINT('',(-0.0221601921219512,0.00079426438121756,-0.0062691900897218));
#6676=CARTESIAN_POINT('',(-0.025353333702243,-0.00104929676972449,-0.0179409907907247));
#6677=CARTESIAN_POINT('',(-0.021588662798658,0.00112423698987064,-0.0179409907907247));
#6678=CARTESIAN_POINT('',(-0.0291180046058279,-0.00322283052931961,-0.0179409907907247));
#6679=CARTESIAN_POINT('',(-0.0218009272778081,0.00100168603569393,-0.0151455419902597));
#6680=CARTESIAN_POINT('',(-0.0209377226330953,0.00150005746968459,-0.0162814183020553));
#6681=CARTESIAN_POINT('',(-0.0221601921219511,0.00079426438121757,-0.0146727914917277));
#6682=CARTESIAN_POINT('',(-0.0289057401266778,-0.00310027957514291,-0.0151455419902597));
#6683=CARTESIAN_POINT('',(-0.0297689447713906,-0.00359865100913357,-0.0162814183020553));
#6684=CARTESIAN_POINT('',(-0.0285464752825348,-0.00289285792066655,-0.0146727914917277));
#6685=CARTESIAN_POINT('',(-0.0323291683297266,-0.00507679676972449,-0.0104709907907247));
#6686=CARTESIAN_POINT('',(-0.0323291683297266,-0.00507679676972449,-0.00648685820567398));
#6687=CARTESIAN_POINT('',(-0.0323291683297266,-0.00507679676972449,-0.0144551233757755));
#6688=CARTESIAN_POINT('',(-0.0297109550224143,-0.00356517061195183,-0.0142002935438215));
#6689=CARTESIAN_POINT('',(-0.0309474748521114,-0.00427907566848579,-0.0152585215233393));
#6690=CARTESIAN_POINT('',(-0.0292427682596033,-0.0032948628584119,-0.013799613894254));
#6691=CARTESIAN_POINT('',(-0.0297109550224143,-0.00356517061195183,-0.00674168803762798));
#6692=CARTESIAN_POINT('',(-0.0309474748521114,-0.00427907566848579,-0.00568346005811024));
#6693=CARTESIAN_POINT('',(-0.0292427682596033,-0.00329486285841191,-0.00714236768719554));
#6694=CARTESIAN_POINT('',(0.010625,-0.025,0.0316301791369915));
#6695=CARTESIAN_POINT('',(0.0117500000000002,-0.025,0.0316301791369915));
#6696=CARTESIAN_POINT('',(0.0095,-0.025,0.0316301791369915));
#6697=CARTESIAN_POINT('',(0.0095,-0.025,0.0356900895684958));
#6698=CARTESIAN_POINT('',(0.0095,-0.025,0.03975));
#6699=CARTESIAN_POINT('',(0.010625,-0.025,0.03975));
#6700=CARTESIAN_POINT('',(0.01175,-0.025,0.03975));
#6701=CARTESIAN_POINT('',(0.01175,-0.025,0.0356900895684958));
#6702=CARTESIAN_POINT('',(-0.0095,-0.025,0.0356900895684958));
#6703=CARTESIAN_POINT('',(-0.0095,-0.025,0.03975));
#6704=CARTESIAN_POINT('',(-0.0095,-0.025,0.0316301791369915));
#6705=CARTESIAN_POINT('',(-0.010625,-0.025,0.0316301791369915));
#6706=CARTESIAN_POINT('',(-0.0117499999999998,-0.025,0.0316301791369915));
#6707=CARTESIAN_POINT('',(-0.01175,-0.025,0.0356900895684958));
#6708=CARTESIAN_POINT('',(-0.01175,-0.025,0.03975));
#6709=CARTESIAN_POINT('',(-0.010625,-0.025,0.03975));
#6710=CARTESIAN_POINT('',(-0.00675,-0.025,0.048361522368915));
#6711=CARTESIAN_POINT('',(-0.00875,-0.025,0.048361522368915));
#6712=CARTESIAN_POINT('',(-0.00475,-0.025,0.048361522368915));
#6713=CARTESIAN_POINT('',(-0.003625,-0.025,0.0473057611844575));
#6714=CARTESIAN_POINT('',(-0.0025,-0.025,0.04625));
#6715=CARTESIAN_POINT('',(-0.00525,-0.025,0.04625));
#6716=CARTESIAN_POINT('',(-0.008,-0.025,0.04625));
#6717=CARTESIAN_POINT('',(-0.008,-0.025,0.04475));
#6718=CARTESIAN_POINT('',(-0.0095,-0.025,0.04475));
#6719=CARTESIAN_POINT('',(-0.010625,-0.025,0.0450557611844575));
#6720=CARTESIAN_POINT('',(-0.01175,-0.025,0.045361522368915));
#6721=CARTESIAN_POINT('',(-0.00875,-0.025,0.045361522368915));
#6722=CARTESIAN_POINT('',(0.00875,-0.025,0.0453615223689151));
#6723=CARTESIAN_POINT('',(0.00875,-0.025,0.048361522368915));
#6724=CARTESIAN_POINT('',(0.01175,-0.025,0.045361522368915));
#6725=CARTESIAN_POINT('',(0.010625,-0.025,0.0450557611844575));
#6726=CARTESIAN_POINT('',(0.0095,-0.025,0.04475));
#6727=CARTESIAN_POINT('',(0.008,-0.025,0.04475));
#6728=CARTESIAN_POINT('',(0.008,-0.025,0.04625));
#6729=CARTESIAN_POINT('',(0.00525,-0.025,0.04625));
#6730=CARTESIAN_POINT('',(0.0025,-0.025,0.04625));
#6731=CARTESIAN_POINT('',(0.003625,-0.025,0.0473057611844575));
#6732=CARTESIAN_POINT('',(0.00475,-0.025,0.048361522368915));
#6733=CARTESIAN_POINT('',(0.00675,-0.025,0.048361522368915));
#6734=CARTESIAN_POINT('',(-0.0118660254037844,-0.00425,0.023));
#6735=CARTESIAN_POINT('',(-0.0118660254037844,-0.006,0.023));
#6736=CARTESIAN_POINT('',(0.0121383583173156,-0.00425,0.023));
#6737=CARTESIAN_POINT('',(0.0121383583173156,-0.006,0.023));
#6738=CARTESIAN_POINT('',(-1.60254037844479E-5,-0.006,0.023));
#6739=CARTESIAN_POINT('',(-1.60254037844479E-5,-0.006,0.023));
#6740=CARTESIAN_POINT('',(0.0121383583173156,-0.006,0.023));
#6741=CARTESIAN_POINT('',(0.0121383583173156,-0.00425,0.023));
#6742=CARTESIAN_POINT('',(0.0121383583173156,-0.00425,-0.002));
#6743=CARTESIAN_POINT('',(2.73550695997962E-19,-0.0075,-0.002));
#6744=CARTESIAN_POINT('',(0.021,0.00438968270171823,-0.0225));
#6745=CARTESIAN_POINT('',(-0.044,0.00438968270171826,-0.0225));
#6746=CARTESIAN_POINT('',(0.0145,0.00438968270171823,0.0129));
#6747=CARTESIAN_POINT('',(-0.0145,0.00438968270171823,0.03405));
#6748=CARTESIAN_POINT('',(-0.0252917744547214,-0.00101375552159677,-0.0179706539350751));
#6749=CARTESIAN_POINT('',(-0.021978333702243,-0.00689496824526945,-0.012971159232735));
#6750=CARTESIAN_POINT('',(-0.0318211086287572,-0.00478346836460543,-0.00978262315643525));
#6751=CARTESIAN_POINT('',(-0.0241572145405281,-0.0081529456837855,-0.0104709907907247));
#6752=CARTESIAN_POINT('',(-0.0254148929497646,-0.0010848380178522,-0.0179706539350751));
#6753=CARTESIAN_POINT('',(-0.0188855587757287,0.00268487482515646,-0.0111593584250142));
#6754=CARTESIAN_POINT('',(-0.0197994528639579,-0.00563699080675341,-0.0104709907907247));
#6755=CARTESIAN_POINT('',(-0.0188855587757287,0.00268487482515645,-0.00978262315643524));
#6756=CARTESIAN_POINT('',(-0.0252917744547214,-0.00101375552159677,-0.00297132764637446));
#6757=CARTESIAN_POINT('',(-0.021978333702243,-0.00689496824526949,-0.0079708223487145));
#6758=CARTESIAN_POINT('',(-0.0254148929497646,-0.00108483801785221,-0.00297132764637445));
#6759=CARTESIAN_POINT('',(-0.0318211086287572,-0.00478346836460543,-0.0111593584250142));
#6760=CARTESIAN_POINT('',(-0.022103333702243,-0.00667846189432334,-0.0104709907907247));
#6761=CARTESIAN_POINT('',(-0.021853333702243,-0.00711147459621556,-0.0104709907907247));
#6762=CARTESIAN_POINT('',(0.0188755256617998,0.00269066744618407,-0.00978170384608272));
#6763=CARTESIAN_POINT('',(0.019789368705236,-0.00563116871500081,-0.0104704953953624));
#6764=CARTESIAN_POINT('',(0.0188755256617998,0.00269066744618407,-0.011159286944642));
#6765=CARTESIAN_POINT('',(0.0252822917645529,-0.00100828068787539,-0.00297082588687501));
#6766=CARTESIAN_POINT('',(0.0219682667397366,-0.00688915608175647,-0.00797033013595162));
#6767=CARTESIAN_POINT('',(0.0254042417149203,-0.00107868852454766,-0.00297082588687501));
#6768=CARTESIAN_POINT('',(0.0318110078176734,-0.00477763665860712,-0.00978170384608273));
#6769=CARTESIAN_POINT('',(0.0241471647742372,-0.00814714344851216,-0.0104704953953624));
#6770=CARTESIAN_POINT('',(0.0318110078176734,-0.00477763665860712,-0.011159286944642));
#6771=CARTESIAN_POINT('',(0.0254042417149203,-0.00107868852454766,-0.0179701649038497));
#6772=CARTESIAN_POINT('',(0.0219682667397366,-0.00688915608175649,-0.0129706606547731));
#6773=CARTESIAN_POINT('',(0.0252822917645529,-0.00100828068787539,-0.0179701649038497));
#6774=CARTESIAN_POINT('',(0.0220932667397366,-0.00667264973081038,-0.0104704953953624));
#6775=CARTESIAN_POINT('',(0.0218432667397366,-0.0071056624327026,-0.0104704953953624));
#6776=CARTESIAN_POINT('',(0.0215774179992625,0.00113072917782859,-0.0169409907907247));
#6777=CARTESIAN_POINT('',(0.0291091154802107,-0.00321769839025164,-0.0169409907907247));
#6778=CARTESIAN_POINT('',(0.0314544826719044,-0.00457179676972449,-0.0144552636734883));
#6779=CARTESIAN_POINT('',(0.0314544826719044,-0.0045717967697245,-0.00648572711723641));
#6780=CARTESIAN_POINT('',(0.0291091154802107,-0.00321769839025163,-0.004));
#6781=CARTESIAN_POINT('',(0.0215774179992625,0.00113072917782859,-0.004));
#6782=CARTESIAN_POINT('',(-0.021588662798658,0.00112423698987064,-0.0169409907907247));
#6783=CARTESIAN_POINT('',(-0.021588662798658,0.00112423698987063,-0.00400099079072474));
#6784=CARTESIAN_POINT('',(-0.0291180046058279,-0.00322283052931961,-0.00400099079072475));
#6785=CARTESIAN_POINT('',(-0.0314631429259422,-0.00457679676972449,-0.00648685820567398));
#6786=CARTESIAN_POINT('',(-0.0314631429259422,-0.00457679676972449,-0.0144551233757755));
#6787=CARTESIAN_POINT('',(-0.0291180046058279,-0.00322283052931961,-0.0169409907907247));
#6788=CARTESIAN_POINT('',(0.00885714285714286,0.000969229955832363,0.0128671428571429));
#6789=CARTESIAN_POINT('',(0.0374406986040721,-0.0155334936490539,0.0414506986040721));
#6790=CARTESIAN_POINT('',(-0.0157142857142857,-0.00298974331861079,0.0197242857142857));
#6791=CARTESIAN_POINT('',(-0.0374406986040721,-0.0155334936490539,0.0414506986040721));
#6792=CARTESIAN_POINT('',(0.0341506350946109,-0.0155,0.014));
#6793=CARTESIAN_POINT('',(0.0341506350946109,-0.0155,0.0408926859021798));
#6794=CARTESIAN_POINT('',(0.032735442454454,-0.0159972220743748,0.0410362215514235));
#6795=CARTESIAN_POINT('',(0.032735442454454,-0.0159972220743748,0.014));
#6796=CARTESIAN_POINT('',(-0.0341506350946109,-0.0155,0.0565590092092752));
#6797=CARTESIAN_POINT('',(-0.032735442454454,-0.0159972220743748,0.0565590092092752));
#6798=CARTESIAN_POINT('',(-0.032735442454454,-0.0159972220743748,0.0410362215514235));
#6799=CARTESIAN_POINT('',(-0.0341506350946109,-0.0155,0.0408926859021798));
#6800=CARTESIAN_POINT('',(-0.0278294413019099,-0.0177209252655408,0.0565590092092752));
#6801=CARTESIAN_POINT('',(-0.0278294413019099,-0.0177209252655408,0.0447394413019099));
#6802=CARTESIAN_POINT('',(0.0278294413019099,-0.0177209252655408,0.014));
#6803=CARTESIAN_POINT('',(0.0278294413019099,-0.0177209252655408,0.0447394413019099));
#6804=CARTESIAN_POINT('',(0.0156428571428571,-0.00323717914826349,0.0196528571428571));
#6805=CARTESIAN_POINT('',(0.0310544413019099,-0.0121350614111311,0.0350644413019099));
#6806=CARTESIAN_POINT('',(0.0339147696545848,-0.0145003385909986,0.0416612215514235));
#6807=CARTESIAN_POINT('',(0.0322605688942163,-0.0146456377379422,0.0419128870562263));
#6808=CARTESIAN_POINT('',(0.032735442454454,-0.0159972220743748,0.0410362215514235));
#6809=CARTESIAN_POINT('',(0.0336620072864494,-0.0137809267596681,0.0404151637079928));
#6810=CARTESIAN_POINT('',(0.0318227297556966,-0.0139475082080056,0.0407036912401132));
#6811=CARTESIAN_POINT('',(0.0325316650413763,-0.0154172311405846,0.0397901637079931));
#6812=CARTESIAN_POINT('',(0.0328986983398744,-0.0124328995546277,0.0380803120988778));
#6813=CARTESIAN_POINT('',(0.0305596361182307,-0.0126993801138724,0.0385418699667271));
#6814=CARTESIAN_POINT('',(0.0319162841852331,-0.014330449517921,0.0374553120988797));
#6815=CARTESIAN_POINT('',(0.0317148060877996,-0.0114337914432935,0.0363498060877929));
#6816=CARTESIAN_POINT('',(0.0291534756790842,-0.0122128112188491,0.0376991079191347));
#6817=CARTESIAN_POINT('',(0.0309618284161168,-0.0135249670095622,0.0357248060877891));
#6818=CARTESIAN_POINT('',(0.0310544413019099,-0.0110525296564006,0.0356894413019099));
#6819=CARTESIAN_POINT('',(0.0285544413019099,-0.0121350614111312,0.0375644413019099));
#6820=CARTESIAN_POINT('',(0.0304294413019099,-0.0132175931658617,0.0350644413019099));
#6821=CARTESIAN_POINT('',(0.0339147696545848,-0.0155828703457292,0.0410362215514235));
#6822=CARTESIAN_POINT('',(0.032735442454454,-0.0159972220743748,0.0410362215514235));
#6823=CARTESIAN_POINT('',(0.0322605688942163,-0.0146456377379422,0.0419128870562263));
#6824=CARTESIAN_POINT('',(0.0339147696545848,-0.0145003385909986,0.0416612215514235));
#6825=CARTESIAN_POINT('',(0.0327865289074409,-0.0161426242518016,0.0410781955445291));
#6826=CARTESIAN_POINT('',(0.0321260968385069,-0.0147347144999173,0.0420671725337412));
#6827=CARTESIAN_POINT('',(0.0339232840634713,-0.014524572287217,0.041703195544529));
#6828=CARTESIAN_POINT('',(0.0329338599896324,-0.0164175432740371,0.0411575578303275));
#6829=CARTESIAN_POINT('',(0.031832709453325,-0.0149559368209728,0.0424503408335772));
#6830=CARTESIAN_POINT('',(0.0339478392437548,-0.0145703921242863,0.0417825578303275));
#6831=CARTESIAN_POINT('',(0.0332136329447804,-0.0166890781058357,0.041235943184417));
#6832=CARTESIAN_POINT('',(0.0315174801153961,-0.0153778002800223,0.0431810297785079));
#6833=CARTESIAN_POINT('',(0.0339944680696425,-0.0146156479295704,0.041860943184417));
#6834=CARTESIAN_POINT('',(0.0334789116453588,-0.0168478327945754,0.0412817717155772));
#6835=CARTESIAN_POINT('',(0.0315123002741874,-0.0158891471654085,0.0440667085642887));
#6836=CARTESIAN_POINT('',(0.0340386811864016,-0.0146421070443723,0.0419067717155772));
#6837=CARTESIAN_POINT('',(0.0336937690751057,-0.0169349782748889,0.0413069284487797));
#6838=CARTESIAN_POINT('',(0.0318337746191915,-0.0163801732771897,0.0449171907377368));
#6839=CARTESIAN_POINT('',(0.0340744907580269,-0.0146566312910587,0.0419319284487797));
#6840=CARTESIAN_POINT('',(0.0339194633706106,-0.0169881003241139,0.0413222634636992));
#6841=CARTESIAN_POINT('',(0.0327152848142622,-0.0168583510303456,0.045745418901252));
#6842=CARTESIAN_POINT('',(0.0341121064739442,-0.0146654849660505,0.0419472634636992));
#6843=CARTESIAN_POINT('',(0.0340735769944488,-0.017,0.0413256986037162));
#6844=CARTESIAN_POINT('',(0.0336584600689275,-0.0169999997120159,0.0459907616147302));
#6845=CARTESIAN_POINT('',(0.0341377920779172,-0.014667468245064,0.0419506986037162));
#6846=CARTESIAN_POINT('',(0.0341506350946109,-0.017,0.0413256986040721));
#6847=CARTESIAN_POINT('',(0.0341506350946109,-0.017,0.0459907621135332));
#6848=CARTESIAN_POINT('',(0.0341506350946109,-0.0146674682452695,0.0419506986040721));
#6849=CARTESIAN_POINT('',(0.0341506350946109,-0.01575,0.0413256986040721));
#6850=CARTESIAN_POINT('',(3.46944695195361E-18,-0.01575,0.0413256986040721));
#6851=CARTESIAN_POINT('',(0.0373156986040721,-0.01575,0.0413256986040721));
#6852=CARTESIAN_POINT('',(0.0374406986040721,-0.0146674682452694,0.041950698604072));
#6853=CARTESIAN_POINT('',(0.0377264128897864,-0.0145437503304431,0.0417364128897863));
#6854=CARTESIAN_POINT('',(0.0379406986040722,-0.0146674682452695,0.041450698604072));
#6855=CARTESIAN_POINT('',(0.0374643158551757,-0.0147356453769524,0.0420687848600612));
#6856=CARTESIAN_POINT('',(0.0378220163200016,-0.0145669152387053,0.0418320163200009));
#6857=CARTESIAN_POINT('',(0.0380587848600614,-0.0147356453769525,0.0414743158551757));
#6858=CARTESIAN_POINT('',(0.0375070426967679,-0.014910973284265,0.0422824190673323));
#6859=CARTESIAN_POINT('',(0.0380330989228919,-0.0146413219545015,0.0420430989228921));
#6860=CARTESIAN_POINT('',(0.0382724190673324,-0.0149109732842651,0.0415170426967678));
#6861=CARTESIAN_POINT('',(0.0375508281141999,-0.0152630318263932,0.0425013461547696));
#6862=CARTESIAN_POINT('',(0.0383806964314959,-0.0149443299883521,0.0423906964314957));
#6863=CARTESIAN_POINT('',(0.0384913461547697,-0.0152630318263933,0.0415608281141999));
#6864=CARTESIAN_POINT('',(0.0375696557696321,-0.0156667736674239,0.0425954844318561));
#6865=CARTESIAN_POINT('',(0.0386203933098963,-0.015590622344715,0.0426303933098963));
#6866=CARTESIAN_POINT('',(0.0385854844318562,-0.0156667736674239,0.041579655769632));
#6867=CARTESIAN_POINT('',(0.0375615288165624,-0.0160793500346851,0.0425548496665276));
#6868=CARTESIAN_POINT('',(0.0385061799671819,-0.0163391172032989,0.0425161799671818));
#6869=CARTESIAN_POINT('',(0.0385448496665277,-0.016079350034685,0.0415715288165623));
#6870=CARTESIAN_POINT('',(0.0375273093279847,-0.0164569690321046,0.0423837522236337));
#6871=CARTESIAN_POINT('',(0.0381701996641512,-0.0167710527073415,0.0421801996641514));
#6872=CARTESIAN_POINT('',(0.0383737522236338,-0.0164569690321045,0.0415373093279846));
#6873=CARTESIAN_POINT('',(0.0374706299143854,-0.0167595505845435,0.0421003551556389));
#6874=CARTESIAN_POINT('',(0.0378430645656936,-0.016936936501489,0.0418530645656923));
#6875=CARTESIAN_POINT('',(0.0380903551556391,-0.0167595505845434,0.0414806299143854));
#6876=CARTESIAN_POINT('',(0.0373975047824194,-0.0169549786819057,0.0417347294958082));
#6877=CARTESIAN_POINT('',(0.0375656393662309,-0.0169915572597785,0.0415756393662346));
#6878=CARTESIAN_POINT('',(0.0377247294958084,-0.0169549786819056,0.0414075047824193));
#6879=CARTESIAN_POINT('',(0.0373429694463561,-0.017,0.0414620528154922));
#6880=CARTESIAN_POINT('',(0.0373975110219075,-0.0170000000011249,0.0414075110218992));
#6881=CARTESIAN_POINT('',(0.0374520528154924,-0.017,0.0413529694463561));
#6882=CARTESIAN_POINT('',(0.0373156986040721,-0.017,0.0413256986040721));
#6883=CARTESIAN_POINT('',(0.0373156986040722,-0.017,0.0413256986040721));
#6884=CARTESIAN_POINT('',(0.0373156986040723,-0.017,0.0413256986040721));
#6885=CARTESIAN_POINT('',(0.0373156986040721,-0.01575,0.0413256986040721));
#6886=CARTESIAN_POINT('',(0.0373156986040721,-0.01575,0.02001));
#6887=CARTESIAN_POINT('',(-0.00878571428571429,0.000721794126179666,0.0127957142857143));
#6888=CARTESIAN_POINT('',(-0.0310544413019099,-0.0121350614111312,0.0350644413019099));
#6889=CARTESIAN_POINT('',(-0.0310544413019099,-0.0110525296564006,0.0356894413019099));
#6890=CARTESIAN_POINT('',(-0.0285544413019099,-0.0121350614111312,0.0375644413019099));
#6891=CARTESIAN_POINT('',(-0.0304294413019099,-0.0132175931658617,0.0350644413019099));
#6892=CARTESIAN_POINT('',(-0.0317148060878032,-0.0114337914432933,0.0363498060877925));
#6893=CARTESIAN_POINT('',(-0.0291534756790852,-0.0122128112188376,0.0376991079191441));
#6894=CARTESIAN_POINT('',(-0.0309618284161174,-0.0135249670095625,0.0357248060877909));
#6895=CARTESIAN_POINT('',(-0.0328986983398795,-0.0124328995546282,0.0380803120988787));
#6896=CARTESIAN_POINT('',(-0.0305596361182602,-0.012699380113878,0.0385418699667318));
#6897=CARTESIAN_POINT('',(-0.0319162841852311,-0.014330449517916,0.0374553120988804));
#6898=CARTESIAN_POINT('',(-0.0336620072864355,-0.0137809267596673,0.0404151637079915));
#6899=CARTESIAN_POINT('',(-0.031822729755654,-0.0139475082080135,0.040703691240115));
#6900=CARTESIAN_POINT('',(-0.0325316650413798,-0.0154172311405943,0.0397901637079898));
#6901=CARTESIAN_POINT('',(-0.0339147696545848,-0.0145003385909986,0.0416612215514235));
#6902=CARTESIAN_POINT('',(-0.0322605688942163,-0.0146456377379422,0.0419128870562263));
#6903=CARTESIAN_POINT('',(-0.032735442454454,-0.0159972220743748,0.0410362215514235));
#6904=CARTESIAN_POINT('',(-0.0339147696545848,-0.0155828703457292,0.0410362215514235));
#6905=CARTESIAN_POINT('',(-0.0341506350946109,-0.017,0.0413256986040721));
#6906=CARTESIAN_POINT('',(-0.0341506350946109,-0.017,0.0459907621135332));
#6907=CARTESIAN_POINT('',(-0.0341506350946109,-0.0146674682452695,0.0419506986040721));
#6908=CARTESIAN_POINT('',(-0.0340735769944488,-0.017,0.0413256986037162));
#6909=CARTESIAN_POINT('',(-0.0336584600689275,-0.0169999997120159,0.0459907616147302));
#6910=CARTESIAN_POINT('',(-0.0341377920779172,-0.014667468245064,0.0419506986037162));
#6911=CARTESIAN_POINT('',(-0.0339194633706106,-0.0169881003241139,0.0413222634636992));
#6912=CARTESIAN_POINT('',(-0.0327152848142622,-0.0168583510303456,0.045745418901252));
#6913=CARTESIAN_POINT('',(-0.0341121064739442,-0.0146654849660505,0.0419472634636992));
#6914=CARTESIAN_POINT('',(-0.0336937690751057,-0.0169349782748889,0.0413069284487797));
#6915=CARTESIAN_POINT('',(-0.0318337746191915,-0.0163801732771897,0.0449171907377368));
#6916=CARTESIAN_POINT('',(-0.0340744907580269,-0.0146566312910587,0.0419319284487797));
#6917=CARTESIAN_POINT('',(-0.0334789116453588,-0.0168478327945755,0.0412817717155772));
#6918=CARTESIAN_POINT('',(-0.0315123002741874,-0.0158891471654085,0.0440667085642887));
#6919=CARTESIAN_POINT('',(-0.0340386811864016,-0.0146421070443723,0.0419067717155772));
#6920=CARTESIAN_POINT('',(-0.0332136329447804,-0.0166890781058357,0.041235943184417));
#6921=CARTESIAN_POINT('',(-0.0315174801153961,-0.0153778002800223,0.0431810297785079));
#6922=CARTESIAN_POINT('',(-0.0339944680696425,-0.0146156479295704,0.041860943184417));
#6923=CARTESIAN_POINT('',(-0.0329338599896324,-0.0164175432740371,0.0411575578303275));
#6924=CARTESIAN_POINT('',(-0.031832709453325,-0.0149559368209728,0.0424503408335772));
#6925=CARTESIAN_POINT('',(-0.0339478392437548,-0.0145703921242863,0.0417825578303275));
#6926=CARTESIAN_POINT('',(-0.0327865289074409,-0.0161426242518016,0.0410781955445291));
#6927=CARTESIAN_POINT('',(-0.0321260968385069,-0.0147347144999173,0.0420671725337412));
#6928=CARTESIAN_POINT('',(-0.0339232840634713,-0.014524572287217,0.041703195544529));
#6929=CARTESIAN_POINT('',(-0.032735442454454,-0.0159972220743748,0.0410362215514235));
#6930=CARTESIAN_POINT('',(-0.0322605688942163,-0.0146456377379422,0.0419128870562263));
#6931=CARTESIAN_POINT('',(-0.0339147696545848,-0.0145003385909986,0.0416612215514235));
#6932=CARTESIAN_POINT('',(-0.0341506350946109,-0.01575,0.0413256986040721));
#6933=CARTESIAN_POINT('',(3.46944695195361E-18,-0.01575,0.0413256986040721));
#6934=CARTESIAN_POINT('',(-0.0373156986040721,-0.01575,0.0413256986040721));
#6935=CARTESIAN_POINT('',(-0.0373156986040721,-0.017,0.0413256986040721));
#6936=CARTESIAN_POINT('',(-0.0373156986040721,-0.017,0.0413256986040721));
#6937=CARTESIAN_POINT('',(-0.0373156986040721,-0.017,0.0413256986040721));
#6938=CARTESIAN_POINT('',(-0.0373429694463561,-0.017,0.0414620528154922));
#6939=CARTESIAN_POINT('',(-0.037397511021903,-0.0170000000012129,0.0414075110219033));
#6940=CARTESIAN_POINT('',(-0.0374520528154922,-0.017,0.0413529694463561));
#6941=CARTESIAN_POINT('',(-0.0373975047824193,-0.0169549786819057,0.0417347294958082));
#6942=CARTESIAN_POINT('',(-0.0375656393662328,-0.0169915572597369,0.0415756393662327));
#6943=CARTESIAN_POINT('',(-0.0377247294958082,-0.0169549786819057,0.0414075047824193));
#6944=CARTESIAN_POINT('',(-0.0374706299143854,-0.0167595505845435,0.042100355155639));
#6945=CARTESIAN_POINT('',(-0.0378430645656928,-0.016936936501501,0.0418530645656929));
#6946=CARTESIAN_POINT('',(-0.038090355155639,-0.0167595505845435,0.0414806299143854));
#6947=CARTESIAN_POINT('',(-0.0375273093279846,-0.0164569690321046,0.0423837522236337));
#6948=CARTESIAN_POINT('',(-0.0381701996641512,-0.0167710527073379,0.0421801996641512));
#6949=CARTESIAN_POINT('',(-0.0383737522236337,-0.0164569690321046,0.0415373093279846));
#6950=CARTESIAN_POINT('',(-0.0375615288165623,-0.0160793500346851,0.0425548496665276));
#6951=CARTESIAN_POINT('',(-0.0385061799671818,-0.0163391172033001,0.0425161799671818));
#6952=CARTESIAN_POINT('',(-0.0385448496665276,-0.0160793500346851,0.0415715288165623));
#6953=CARTESIAN_POINT('',(-0.037569655769632,-0.0156667736674239,0.0425954844318562));
#6954=CARTESIAN_POINT('',(-0.0386203933098963,-0.0155906223447147,0.0426303933098963));
#6955=CARTESIAN_POINT('',(-0.0385854844318562,-0.0156667736674239,0.041579655769632));
#6956=CARTESIAN_POINT('',(-0.0375508281141998,-0.0152630318263932,0.0425013461547696));
#6957=CARTESIAN_POINT('',(-0.0383806964314958,-0.0149443299883522,0.0423906964314957));
#6958=CARTESIAN_POINT('',(-0.0384913461547696,-0.0152630318263932,0.0415608281141998));
#6959=CARTESIAN_POINT('',(-0.0375070426967678,-0.0149109732842651,0.0422824190673325));
#6960=CARTESIAN_POINT('',(-0.0380330989228919,-0.0146413219545015,0.0420430989228922));
#6961=CARTESIAN_POINT('',(-0.0382724190673323,-0.0149109732842651,0.0415170426967678));
#6962=CARTESIAN_POINT('',(-0.0374643158551757,-0.0147356453769522,0.0420687848600609));
#6963=CARTESIAN_POINT('',(-0.0378220163200015,-0.0145669152387054,0.0418320163200008));
#6964=CARTESIAN_POINT('',(-0.0380587848600613,-0.0147356453769524,0.0414743158551757));
#6965=CARTESIAN_POINT('',(-0.0374406986040721,-0.0146674682452695,0.0419506986040721));
#6966=CARTESIAN_POINT('',(-0.0377264128897863,-0.0145437503304431,0.0417364128897863));
#6967=CARTESIAN_POINT('',(-0.0379406986040721,-0.0146674682452695,0.0414506986040721));
#6968=CARTESIAN_POINT('',(-0.0373156986040721,-0.01575,0.0413256986040721));
#6969=CARTESIAN_POINT('',(-0.0373156986040721,-0.01575,0.014));
#6970=MECHANICAL_DESIGN_GEOMETRIC_PRESENTATION_REPRESENTATION('',(#4097),
#6971);
#6971=(
GEOMETRIC_REPRESENTATION_CONTEXT(3)
GLOBAL_UNCERTAINTY_ASSIGNED_CONTEXT((#6972))
GLOBAL_UNIT_ASSIGNED_CONTEXT((#6975,#6974,#6973))
REPRESENTATION_CONTEXT('Part 1','TOP_LEVEL_ASSEMBLY_PART')
);
#6972=UNCERTAINTY_MEASURE_WITH_UNIT(LENGTH_MEASURE(2.E-5),#6975,
'DISTANCE_ACCURACY_VALUE','Maximum Tolerance applied to model');
#6973=(
NAMED_UNIT(*)
SI_UNIT($,.STERADIAN.)
SOLID_ANGLE_UNIT()
);
#6974=(
NAMED_UNIT(*)
PLANE_ANGLE_UNIT()
SI_UNIT($,.RADIAN.)
);
#6975=(
LENGTH_UNIT()
NAMED_UNIT(*)
SI_UNIT($,.METRE.)
);
#6976=PRODUCT_DEFINITION_SHAPE('','',#6977);
#6977=PRODUCT_DEFINITION('','',#6979,#6978);
#6978=PRODUCT_DEFINITION_CONTEXT('',#6985,'design');
#6979=PRODUCT_DEFINITION_FORMATION_WITH_SPECIFIED_SOURCE('','',#6981,
 .NOT_KNOWN.);
#6980=PRODUCT_RELATED_PRODUCT_CATEGORY('','',(#6981));
#6981=PRODUCT('Part 1','Part 1','Part 1',(#6983));
#6982=PRODUCT_CATEGORY('','');
#6983=PRODUCT_CONTEXT('',#6985,'mechanical');
#6984=APPLICATION_PROTOCOL_DEFINITION('international standard',
'ap242_managed_model_based_3d_engineering',2020,#6985);
#6985=APPLICATION_CONTEXT('managed model based 3d engineering');
ENDSEC;
END-ISO-10303-21;
