ISO-10303-21;
HEADER;
/* Generated by software containing ST-Developer
 * from STEP Tools, Inc. (www.steptools.com) 
 */
/* OPTION: using custom renumber hook */

FILE_DESCRIPTION(
/* description */ ('STEP AP242 Edition 2',
'CAx-IF Rec.Pracs.---Representation and Presentation of Product Manufa
cturing Information (PMI)---4.0---2014-10-13',
'CAx-IF Rec.Pracs.---3D Tessellated Geometry---0.4---2014-09-14','2;1',
'CAx-IF Rec.Pracs.---User Defined Attributes---1.5---2016-08-15'),
/* implementation_level */ '2;1');

FILE_NAME(
/* name */ 'Part Studio 1',
/* time_stamp */ '2026-09-19T03:47:57Z',
/* author */ (''),
/* organization */ (''),
/* preprocessor_version */ 'ST-DEVELOPER v20',
/* originating_system */ 'ONSHAPE BY PTC INC, 1.221',
/* authorisation */ '  ');

FILE_SCHEMA (('AP242_MANAGED_MODEL_BASED_3D_ENGINEERING_MIM_LF { 1 0 10303 442 3 1 4 }'));
ENDSEC;

DATA;
#10=SHAPE_REPRESENTATION_RELATIONSHIP('','',#4267,#11);
#11=ADVANCED_BREP_SHAPE_REPRESENTATION('',(#4265),#7231);
#12=(
BOUNDED_SURFACE()
B_SPLINE_SURFACE(3,2,((#6824,#6825,#6826),(#6827,#6828,#6829),(#6830,#6831,
#6832),(#6833,#6834,#6835)),.UNSPECIFIED.,.F.,.F.,.F.)
B_SPLINE_SURFACE_WITH_KNOTS((4,4),(3,3),(5.52943107967607E-18,0.0025648752285589),
(0.,1.),.PIECEWISE_BEZIER_KNOTS.)
GEOMETRIC_REPRESENTATION_ITEM()
RATIONAL_B_SPLINE_SURFACE(((1.,0.99144486137381,1.),(1.,0.991444861127475,
1.),(1.,0.987318525753329,1.),(1.,0.983690638348348,1.)))
REPRESENTATION_ITEM('')
SURFACE()
);
#13=(
BOUNDED_SURFACE()
B_SPLINE_SURFACE(3,2,((#6839,#6840,#6841),(#6842,#6843,#6844),(#6845,#6846,
#6847),(#6848,#6849,#6850),(#6851,#6852,#6853)),.UNSPECIFIED.,.F.,.F.,.F.)
B_SPLINE_SURFACE_WITH_KNOTS((4,1,4),(3,3),(-1.04083408558608E-17,0.00104903533900571,
0.00209807067801142),(0.,1.),.UNSPECIFIED.)
GEOMETRIC_REPRESENTATION_ITEM()
RATIONAL_B_SPLINE_SURFACE(((1.,0.99144486137381,1.),(1.,0.991444861072207,
1.),(1.,0.988383081419889,1.),(1.,0.98386090133873,1.),(1.,0.981758357722963,
1.)))
REPRESENTATION_ITEM('')
SURFACE()
);
#14=(
BOUNDED_SURFACE()
B_SPLINE_SURFACE(3,2,((#7047,#7048,#7049),(#7050,#7051,#7052),(#7053,#7054,
#7055),(#7056,#7057,#7058),(#7059,#7060,#7061)),.UNSPECIFIED.,.F.,.F.,.F.)
B_SPLINE_SURFACE_WITH_KNOTS((4,1,4),(3,3),(5.05026228013857,5.40492440585993,
5.75958653158129),(0.,1.),.UNSPECIFIED.)
GEOMETRIC_REPRESENTATION_ITEM()
RATIONAL_B_SPLINE_SURFACE(((1.,0.597046355617669,1.),(1.,0.556599901888521,
1.),(1.,0.47239418956332,1.),(1.,0.389750942761268,1.),(1.,0.353553390593273,
1.)))
REPRESENTATION_ITEM('')
SURFACE()
);
#15=(
BOUNDED_SURFACE()
B_SPLINE_SURFACE(3,2,((#7063,#7064,#7065),(#7066,#7067,#7068),(#7069,#7070,
#7071),(#7072,#7073,#7074),(#7075,#7076,#7077),(#7078,#7079,#7080),(#7081,
#7082,#7083),(#7084,#7085,#7086),(#7087,#7088,#7089)),.UNSPECIFIED.,.F.,
 .F.,.F.)
B_SPLINE_SURFACE_WITH_KNOTS((4,1,1,1,1,1,4),(3,3),(1.90866962654875,2.21690038330901,
2.52513114006927,2.6792465184494,2.83336189682953,2.98747727520966,3.14159265358979),
(0.,1.),.UNSPECIFIED.)
GEOMETRIC_REPRESENTATION_ITEM()
RATIONAL_B_SPLINE_SURFACE(((1.,0.597046355617677,1.),(1.,0.56189500631748,
1.),(1.,0.489122715013561,1.),(1.,0.398415667821172,1.),(1.,0.334039908826293,
1.),(1.,0.293532232178229,1.),(1.,0.265583860021112,1.),(1.,0.258819052455957,
1.),(1.,0.258819045102521,1.)))
REPRESENTATION_ITEM('')
SURFACE()
);
#16=(
BOUNDED_SURFACE()
B_SPLINE_SURFACE(3,2,((#7093,#7094,#7095),(#7096,#7097,#7098),(#7099,#7100,
#7101),(#7102,#7103,#7104),(#7105,#7106,#7107),(#7108,#7109,#7110),(#7111,
#7112,#7113),(#7114,#7115,#7116),(#7117,#7118,#7119),(#7120,#7121,#7122),
(#7123,#7124,#7125)),.UNSPECIFIED.,.F.,.F.,.F.)
B_SPLINE_SURFACE_WITH_KNOTS((4,1,1,1,1,1,1,1,4),(3,3),(5.23598775598296,
5.5632369907319,5.89048622548084,6.21773546022978,6.54498469497872,6.87223392972766,
7.1994831644766,7.52673239922554,7.85398163397448),(0.,1.),
 .UNSPECIFIED.)
GEOMETRIC_REPRESENTATION_ITEM()
RATIONAL_B_SPLINE_SURFACE(((1.,0.935414346693475,1.),(1.,0.91016629133677,
1.),(1.,0.847627845513861,1.),(1.,0.749909483998618,1.),(1.,0.695424937583265,
1.),(1.,0.720095864524044,1.),(1.,0.806630578903053,1.),(1.,0.906818654593675,
1.),(1.,0.981754633797436,1.),(1.,0.999999999228666,1.),(1.,1.,1.)))
REPRESENTATION_ITEM('')
SURFACE()
);
#17=(
BOUNDED_SURFACE()
B_SPLINE_SURFACE(3,2,((#7130,#7131,#7132),(#7133,#7134,#7135),(#7136,#7137,
#7138),(#7139,#7140,#7141),(#7142,#7143,#7144)),.UNSPECIFIED.,.F.,.F.,.F.)
B_SPLINE_SURFACE_WITH_KNOTS((4,1,4),(3,3),(0.523598775598299,0.878260901319659,
1.23292302704102),(0.,1.),.UNSPECIFIED.)
GEOMETRIC_REPRESENTATION_ITEM()
RATIONAL_B_SPLINE_SURFACE(((1.,0.353553390593274,1.),(1.,0.38975094276042,
1.),(1.,0.472394189566026,1.),(1.,0.556599901883959,1.),(1.,0.59704635561767,
1.)))
REPRESENTATION_ITEM('')
SURFACE()
);
#18=(
BOUNDED_SURFACE()
B_SPLINE_SURFACE(3,2,((#7146,#7147,#7148),(#7149,#7150,#7151),(#7152,#7153,
#7154),(#7155,#7156,#7157),(#7158,#7159,#7160),(#7161,#7162,#7163),(#7164,
#7165,#7166),(#7167,#7168,#7169),(#7170,#7171,#7172)),.UNSPECIFIED.,.F.,
 .F.,.F.)
B_SPLINE_SURFACE_WITH_KNOTS((4,1,1,1,1,1,4),(3,3),(3.14159265358979,3.29570803196992,
3.44982341035005,3.60393878873018,3.75805416711031,4.06628492387057,4.37451568063083),
(0.,1.),.UNSPECIFIED.)
GEOMETRIC_REPRESENTATION_ITEM()
RATIONAL_B_SPLINE_SURFACE(((1.,0.258819045102521,1.),(1.,0.258819052455957,
1.),(1.,0.265583860021112,1.),(1.,0.293532232178229,1.),(1.,0.334039908826293,
1.),(1.,0.398415667821171,1.),(1.,0.489122715013563,1.),(1.,0.561895006317477,
1.),(1.,0.597046355617677,1.)))
REPRESENTATION_ITEM('')
SURFACE()
);
#19=(
BOUNDED_SURFACE()
B_SPLINE_SURFACE(3,2,((#7176,#7177,#7178),(#7179,#7180,#7181),(#7182,#7183,
#7184),(#7185,#7186,#7187),(#7188,#7189,#7190),(#7191,#7192,#7193),(#7194,
#7195,#7196),(#7197,#7198,#7199),(#7200,#7201,#7202),(#7203,#7204,#7205),
(#7206,#7207,#7208)),.UNSPECIFIED.,.F.,.F.,.F.)
B_SPLINE_SURFACE_WITH_KNOTS((4,1,1,1,1,1,1,1,4),(3,3),(1.5707963267949,
1.89804556154383,2.22529479629277,2.55254403104171,2.87979326579064,3.20704250053958,
3.53429173528852,3.86154097003746,4.18879020478639),(0.,1.),
 .UNSPECIFIED.)
GEOMETRIC_REPRESENTATION_ITEM()
RATIONAL_B_SPLINE_SURFACE(((1.,1.,1.),(1.,0.99999999922867,1.),(1.,0.981754633797449,
1.),(1.,0.906818654593693,1.),(1.,0.80663057890307,1.),(1.,0.720095864524053,
1.),(1.,0.695424937583259,1.),(1.,0.749909483998628,1.),(1.,0.847627845513852,
1.),(1.,0.910166291336809,1.),(1.,0.935414346693483,1.)))
REPRESENTATION_ITEM('')
SURFACE()
);
#20=CONICAL_SURFACE('',#4494,0.002,0.785398163397448);
#21=CONICAL_SURFACE('',#4496,0.004,0.785398163397447);
#22=TOROIDAL_SURFACE('',#4480,0.0035,0.001);
#23=TOROIDAL_SURFACE('',#4481,0.0035,0.001);
#24=TOROIDAL_SURFACE('',#4568,0.002,0.001);
#25=TOROIDAL_SURFACE('',#4569,0.002,0.001);
#26=TOROIDAL_SURFACE('',#4578,0.002,0.001);
#27=TOROIDAL_SURFACE('',#4579,0.002,0.001);
#28=B_SPLINE_CURVE_WITH_KNOTS('',3,(#6038,#6039,#6040,#6041),
 .UNSPECIFIED.,.F.,.F.,(4,4),(2.60208521396521E-18,0.00113492402570421),
 .UNSPECIFIED.);
#29=B_SPLINE_CURVE_WITH_KNOTS('',3,(#6054,#6055,#6056,#6057),
 .UNSPECIFIED.,.F.,.F.,(4,4),(0.,0.0011441174440157),.UNSPECIFIED.);
#30=B_SPLINE_CURVE_WITH_KNOTS('',3,(#6714,#6715,#6716,#6717,#6718),
 .UNSPECIFIED.,.F.,.F.,(4,1,4),(0.,0.0010394798210652,0.0020789596421304),
 .UNSPECIFIED.);
#31=B_SPLINE_CURVE_WITH_KNOTS('',3,(#6722,#6723,#6724,#6725,#6726),
 .UNSPECIFIED.,.F.,.F.,(4,1,4),(0.,0.00127456493458617,0.00254912986917233),
 .UNSPECIFIED.);
#32=B_SPLINE_CURVE_WITH_KNOTS('',3,(#6796,#6797,#6798,#6799,#6800,#6801,
#6802),.UNSPECIFIED.,.F.,.F.,(4,1,1,1,4),(0.,0.000665021486763745,0.00133004297352749,
0.00199506446029124,0.00266008594705498),.UNSPECIFIED.);
#33=B_SPLINE_CURVE_WITH_KNOTS('',3,(#6809,#6810,#6811,#6812,#6813),
 .UNSPECIFIED.,.F.,.F.,(4,1,4),(0.,0.000603498704662499,0.001206997409325),
 .UNSPECIFIED.);
#34=B_SPLINE_CURVE_WITH_KNOTS('',3,(#6819,#6820,#6821,#6822,#6823),
 .UNSPECIFIED.,.F.,.F.,(4,1,4),(0.,0.00076019327802693,0.00152038655605386),
 .UNSPECIFIED.);
#35=CYLINDRICAL_SURFACE('',#4296,0.005);
#36=CYLINDRICAL_SURFACE('',#4301,0.003);
#37=CYLINDRICAL_SURFACE('',#4404,0.003);
#38=CYLINDRICAL_SURFACE('',#4406,0.003);
#39=CYLINDRICAL_SURFACE('',#4461,0.0045);
#40=CYLINDRICAL_SURFACE('',#4462,0.0045);
#41=CYLINDRICAL_SURFACE('',#4473,0.0025);
#42=CYLINDRICAL_SURFACE('',#4475,0.0025);
#43=CYLINDRICAL_SURFACE('',#4486,0.005);
#44=CYLINDRICAL_SURFACE('',#4487,0.005);
#45=CYLINDRICAL_SURFACE('',#4489,0.002);
#46=CYLINDRICAL_SURFACE('',#4492,0.003);
#47=CYLINDRICAL_SURFACE('',#4498,0.003);
#48=CYLINDRICAL_SURFACE('',#4503,0.001);
#49=CYLINDRICAL_SURFACE('',#4518,0.001);
#50=CYLINDRICAL_SURFACE('',#4541,0.0015);
#51=CYLINDRICAL_SURFACE('',#4543,0.003);
#52=CYLINDRICAL_SURFACE('',#4544,0.0029999999999999);
#53=CYLINDRICAL_SURFACE('',#4546,0.0015);
#54=CYLINDRICAL_SURFACE('',#4556,0.001);
#55=CYLINDRICAL_SURFACE('',#4557,0.001);
#56=CYLINDRICAL_SURFACE('',#4558,0.001);
#57=CYLINDRICAL_SURFACE('',#4559,0.001);
#58=CYLINDRICAL_SURFACE('',#4560,0.005);
#59=CYLINDRICAL_SURFACE('',#4561,0.005);
#60=CYLINDRICAL_SURFACE('',#4562,0.005);
#61=CYLINDRICAL_SURFACE('',#4563,0.005);
#62=CYLINDRICAL_SURFACE('',#4564,0.005);
#63=CYLINDRICAL_SURFACE('',#4565,0.005);
#64=CYLINDRICAL_SURFACE('',#4566,0.005);
#65=CYLINDRICAL_SURFACE('',#4567,0.005);
#66=CYLINDRICAL_SURFACE('',#4570,0.005);
#67=CYLINDRICAL_SURFACE('',#4571,0.005);
#68=CYLINDRICAL_SURFACE('',#4572,0.005);
#69=CYLINDRICAL_SURFACE('',#4573,0.005);
#70=CYLINDRICAL_SURFACE('',#4574,0.005);
#71=CYLINDRICAL_SURFACE('',#4575,0.005);
#72=CYLINDRICAL_SURFACE('',#4576,0.005);
#73=CYLINDRICAL_SURFACE('',#4577,0.005);
#74=CYLINDRICAL_SURFACE('',#4580,0.001);
#75=CYLINDRICAL_SURFACE('',#4581,0.001);
#76=CYLINDRICAL_SURFACE('',#4582,0.001);
#77=CYLINDRICAL_SURFACE('',#4583,0.001);
#78=CYLINDRICAL_SURFACE('',#4584,0.001);
#79=CYLINDRICAL_SURFACE('',#4585,0.001);
#80=CYLINDRICAL_SURFACE('',#4586,0.001);
#81=CYLINDRICAL_SURFACE('',#4587,0.001);
#82=CYLINDRICAL_SURFACE('',#4588,0.001);
#83=CYLINDRICAL_SURFACE('',#4589,0.001);
#84=CYLINDRICAL_SURFACE('',#4590,0.001);
#85=CYLINDRICAL_SURFACE('',#4591,0.001);
#86=CYLINDRICAL_SURFACE('',#4592,0.001);
#87=CYLINDRICAL_SURFACE('',#4594,0.001);
#88=CYLINDRICAL_SURFACE('',#4596,0.0015);
#89=CYLINDRICAL_SURFACE('',#4598,0.0015);
#90=CYLINDRICAL_SURFACE('',#4600,0.0052);
#91=CYLINDRICAL_SURFACE('',#4602,0.0052);
#92=CYLINDRICAL_SURFACE('',#4604,0.00125);
#93=CYLINDRICAL_SURFACE('',#4608,0.00125);
#94=CYLINDRICAL_SURFACE('',#4611,0.00125);
#95=CYLINDRICAL_SURFACE('',#4612,0.00125);
#96=CYLINDRICAL_SURFACE('',#4616,0.00125);
#97=CYLINDRICAL_SURFACE('',#4619,0.00125);
#98=CIRCLE('',#4275,0.0029999999999999);
#99=CIRCLE('',#4276,0.0015);
#100=CIRCLE('',#4277,0.003);
#101=CIRCLE('',#4278,0.0015);
#102=CIRCLE('',#4279,0.0045);
#103=CIRCLE('',#4280,0.0045);
#104=CIRCLE('',#4297,0.005);
#105=CIRCLE('',#4298,0.005);
#106=CIRCLE('',#4300,0.005);
#107=CIRCLE('',#4302,0.003);
#108=CIRCLE('',#4303,0.003);
#109=CIRCLE('',#4306,0.0029999999999999);
#110=CIRCLE('',#4307,0.0015);
#111=CIRCLE('',#4308,0.0045);
#112=CIRCLE('',#4309,0.0045);
#113=CIRCLE('',#4310,0.003);
#114=CIRCLE('',#4311,0.003);
#115=CIRCLE('',#4312,0.003);
#116=CIRCLE('',#4313,0.0015);
#117=CIRCLE('',#4315,0.002);
#118=CIRCLE('',#4316,0.005);
#119=CIRCLE('',#4317,0.005);
#120=CIRCLE('',#4318,0.005);
#121=CIRCLE('',#4319,0.005);
#122=CIRCLE('',#4320,0.001);
#123=CIRCLE('',#4321,0.001);
#124=CIRCLE('',#4322,0.005);
#125=CIRCLE('',#4323,0.005);
#126=CIRCLE('',#4324,0.001);
#127=CIRCLE('',#4325,0.001);
#128=CIRCLE('',#4326,0.005);
#129=CIRCLE('',#4327,0.005);
#130=CIRCLE('',#4328,0.001);
#131=CIRCLE('',#4329,0.001);
#132=CIRCLE('',#4331,0.002);
#133=CIRCLE('',#4332,0.001);
#134=CIRCLE('',#4333,0.005);
#135=CIRCLE('',#4334,0.005);
#136=CIRCLE('',#4335,0.001);
#137=CIRCLE('',#4336,0.005);
#138=CIRCLE('',#4337,0.005);
#139=CIRCLE('',#4338,0.0035);
#140=CIRCLE('',#4339,0.001);
#141=CIRCLE('',#4340,0.005);
#142=CIRCLE('',#4341,0.005);
#143=CIRCLE('',#4342,0.001);
#144=CIRCLE('',#4343,0.001);
#145=CIRCLE('',#4344,0.005);
#146=CIRCLE('',#4345,0.005);
#147=CIRCLE('',#4346,0.001);
#148=CIRCLE('',#4349,0.002);
#149=CIRCLE('',#4350,0.0035);
#150=CIRCLE('',#4351,0.005);
#151=CIRCLE('',#4352,0.005);
#152=CIRCLE('',#4353,0.001);
#153=CIRCLE('',#4354,0.001);
#154=CIRCLE('',#4355,0.005);
#155=CIRCLE('',#4356,0.005);
#156=CIRCLE('',#4357,0.001);
#157=CIRCLE('',#4358,0.001);
#158=CIRCLE('',#4359,0.001);
#159=CIRCLE('',#4360,0.001);
#160=CIRCLE('',#4361,0.005);
#161=CIRCLE('',#4362,0.005);
#162=CIRCLE('',#4363,0.005);
#163=CIRCLE('',#4364,0.005);
#164=CIRCLE('',#4373,0.0052);
#165=CIRCLE('',#4374,0.0015);
#166=CIRCLE('',#4375,0.00125);
#167=CIRCLE('',#4377,0.0025);
#168=CIRCLE('',#4387,0.002);
#169=CIRCLE('',#4388,0.005);
#170=CIRCLE('',#4389,0.005);
#171=CIRCLE('',#4390,0.005);
#172=CIRCLE('',#4391,0.005);
#173=CIRCLE('',#4392,0.001);
#174=CIRCLE('',#4393,0.001);
#175=CIRCLE('',#4394,0.001);
#176=CIRCLE('',#4395,0.005);
#177=CIRCLE('',#4396,0.005);
#178=CIRCLE('',#4397,0.001);
#179=CIRCLE('',#4398,0.001);
#180=CIRCLE('',#4399,0.005);
#181=CIRCLE('',#4400,0.005);
#182=CIRCLE('',#4401,0.001);
#183=CIRCLE('',#4403,0.003);
#184=CIRCLE('',#4405,0.003);
#185=CIRCLE('',#4407,0.003);
#186=CIRCLE('',#4408,0.003);
#187=CIRCLE('',#4410,0.0052);
#188=CIRCLE('',#4411,0.00125);
#189=CIRCLE('',#4412,0.0015);
#190=CIRCLE('',#4418,0.001);
#191=CIRCLE('',#4420,0.001);
#192=CIRCLE('',#4422,0.001);
#193=CIRCLE('',#4424,0.001);
#194=CIRCLE('',#4426,0.001);
#195=CIRCLE('',#4428,0.001);
#196=CIRCLE('',#4434,0.002);
#197=CIRCLE('',#4435,0.005);
#198=CIRCLE('',#4445,0.001);
#199=CIRCLE('',#4449,0.001);
#200=CIRCLE('',#4460,0.0025);
#201=CIRCLE('',#4474,0.0025);
#202=CIRCLE('',#4476,0.0025);
#203=CIRCLE('',#4485,0.005);
#204=CIRCLE('',#4488,0.005);
#205=CIRCLE('',#4490,0.002);
#206=CIRCLE('',#4491,0.002);
#207=CIRCLE('',#4493,0.003);
#208=CIRCLE('',#4497,0.003);
#209=CIRCLE('',#4499,0.003);
#210=CIRCLE('',#4504,0.001);
#211=CIRCLE('',#4505,0.001);
#212=CIRCLE('',#4519,0.001);
#213=CIRCLE('',#4520,0.001);
#214=CIRCLE('',#4593,0.001);
#215=CIRCLE('',#4595,0.001);
#216=CIRCLE('',#4605,0.00125);
#217=CIRCLE('',#4606,0.00125);
#218=CIRCLE('',#4607,0.00125);
#219=CIRCLE('',#4613,0.00125);
#220=CIRCLE('',#4614,0.00125);
#221=CIRCLE('',#4615,0.00125);
#222=ELLIPSE('',#4270,0.00282842712474619,0.002);
#223=ELLIPSE('',#4273,0.00264575131106459,0.001);
#224=ELLIPSE('',#4282,0.00264575131106459,0.001);
#225=ELLIPSE('',#4288,0.00346410161513776,0.003);
#226=ELLIPSE('',#4290,0.00346410161513776,0.003);
#227=ELLIPSE('',#4293,0.0129,0.00645);
#228=ELLIPSE('',#4294,0.0005,0.00025);
#229=ELLIPSE('',#4299,0.01,0.005);
#230=ELLIPSE('',#4304,0.006,0.003);
#231=ELLIPSE('',#4368,0.0005,0.00025);
#232=ELLIPSE('',#4369,0.0129,0.00645);
#233=ELLIPSE('',#4378,0.006,0.003);
#234=ELLIPSE('',#4379,0.01,0.005);
#235=ELLIPSE('',#4384,0.00735391052434009,0.0052);
#236=ELLIPSE('',#4471,0.00190940653956494,0.00125);
#237=ELLIPSE('',#4472,0.00190940653956494,0.00125);
#238=ELLIPSE('',#4479,0.0073539105243401,0.0052);
#239=ELLIPSE('',#4597,0.0015612494995996,0.0015);
#240=ELLIPSE('',#4599,0.0015612494995996,0.0015);
#241=ELLIPSE('',#4601,0.0123226417622197,0.0052);
#242=ELLIPSE('',#4603,0.0123226417622197,0.0052);
#243=ELLIPSE('',#4609,0.0012747548783982,0.00125);
#244=ELLIPSE('',#4610,0.0012747548783982,0.00125);
#245=ELLIPSE('',#4617,0.0012747548783982,0.00125);
#246=ELLIPSE('',#4618,0.0012747548783982,0.00125);
#247=ORIENTED_EDGE('',*,*,#1463,.F.);
#248=ORIENTED_EDGE('',*,*,#1464,.T.);
#249=ORIENTED_EDGE('',*,*,#1465,.F.);
#250=ORIENTED_EDGE('',*,*,#1466,.T.);
#251=ORIENTED_EDGE('',*,*,#1467,.T.);
#252=ORIENTED_EDGE('',*,*,#1468,.F.);
#253=ORIENTED_EDGE('',*,*,#1469,.F.);
#254=ORIENTED_EDGE('',*,*,#1470,.F.);
#255=ORIENTED_EDGE('',*,*,#1471,.F.);
#256=ORIENTED_EDGE('',*,*,#1472,.F.);
#257=ORIENTED_EDGE('',*,*,#1471,.T.);
#258=ORIENTED_EDGE('',*,*,#1473,.T.);
#259=ORIENTED_EDGE('',*,*,#1474,.T.);
#260=ORIENTED_EDGE('',*,*,#1475,.T.);
#261=ORIENTED_EDGE('',*,*,#1469,.T.);
#262=ORIENTED_EDGE('',*,*,#1476,.T.);
#263=ORIENTED_EDGE('',*,*,#1477,.T.);
#264=ORIENTED_EDGE('',*,*,#1478,.F.);
#265=ORIENTED_EDGE('',*,*,#1479,.T.);
#266=ORIENTED_EDGE('',*,*,#1480,.T.);
#267=ORIENTED_EDGE('',*,*,#1481,.T.);
#268=ORIENTED_EDGE('',*,*,#1482,.F.);
#269=ORIENTED_EDGE('',*,*,#1483,.T.);
#270=ORIENTED_EDGE('',*,*,#1484,.F.);
#271=ORIENTED_EDGE('',*,*,#1485,.T.);
#272=ORIENTED_EDGE('',*,*,#1486,.F.);
#273=ORIENTED_EDGE('',*,*,#1487,.F.);
#274=ORIENTED_EDGE('',*,*,#1488,.T.);
#275=ORIENTED_EDGE('',*,*,#1489,.T.);
#276=ORIENTED_EDGE('',*,*,#1490,.F.);
#277=ORIENTED_EDGE('',*,*,#1491,.T.);
#278=ORIENTED_EDGE('',*,*,#1492,.F.);
#279=ORIENTED_EDGE('',*,*,#1493,.T.);
#280=ORIENTED_EDGE('',*,*,#1494,.T.);
#281=ORIENTED_EDGE('',*,*,#1495,.T.);
#282=ORIENTED_EDGE('',*,*,#1496,.T.);
#283=ORIENTED_EDGE('',*,*,#1497,.T.);
#284=ORIENTED_EDGE('',*,*,#1498,.T.);
#285=ORIENTED_EDGE('',*,*,#1499,.T.);
#286=ORIENTED_EDGE('',*,*,#1500,.T.);
#287=ORIENTED_EDGE('',*,*,#1501,.F.);
#288=ORIENTED_EDGE('',*,*,#1502,.F.);
#289=ORIENTED_EDGE('',*,*,#1503,.F.);
#290=ORIENTED_EDGE('',*,*,#1504,.T.);
#291=ORIENTED_EDGE('',*,*,#1505,.T.);
#292=ORIENTED_EDGE('',*,*,#1506,.T.);
#293=ORIENTED_EDGE('',*,*,#1507,.T.);
#294=ORIENTED_EDGE('',*,*,#1508,.T.);
#295=ORIENTED_EDGE('',*,*,#1509,.T.);
#296=ORIENTED_EDGE('',*,*,#1510,.T.);
#297=ORIENTED_EDGE('',*,*,#1511,.T.);
#298=ORIENTED_EDGE('',*,*,#1512,.F.);
#299=ORIENTED_EDGE('',*,*,#1513,.T.);
#300=ORIENTED_EDGE('',*,*,#1514,.T.);
#301=ORIENTED_EDGE('',*,*,#1515,.F.);
#302=ORIENTED_EDGE('',*,*,#1516,.F.);
#303=ORIENTED_EDGE('',*,*,#1517,.F.);
#304=ORIENTED_EDGE('',*,*,#1518,.F.);
#305=ORIENTED_EDGE('',*,*,#1519,.T.);
#306=ORIENTED_EDGE('',*,*,#1520,.T.);
#307=ORIENTED_EDGE('',*,*,#1521,.F.);
#308=ORIENTED_EDGE('',*,*,#1522,.F.);
#309=ORIENTED_EDGE('',*,*,#1523,.T.);
#310=ORIENTED_EDGE('',*,*,#1524,.F.);
#311=ORIENTED_EDGE('',*,*,#1525,.T.);
#312=ORIENTED_EDGE('',*,*,#1526,.T.);
#313=ORIENTED_EDGE('',*,*,#1527,.T.);
#314=ORIENTED_EDGE('',*,*,#1528,.T.);
#315=ORIENTED_EDGE('',*,*,#1529,.F.);
#316=ORIENTED_EDGE('',*,*,#1530,.F.);
#317=ORIENTED_EDGE('',*,*,#1531,.F.);
#318=ORIENTED_EDGE('',*,*,#1532,.F.);
#319=ORIENTED_EDGE('',*,*,#1533,.F.);
#320=ORIENTED_EDGE('',*,*,#1534,.T.);
#321=ORIENTED_EDGE('',*,*,#1535,.F.);
#322=ORIENTED_EDGE('',*,*,#1536,.T.);
#323=ORIENTED_EDGE('',*,*,#1537,.F.);
#324=ORIENTED_EDGE('',*,*,#1538,.F.);
#325=ORIENTED_EDGE('',*,*,#1526,.F.);
#326=ORIENTED_EDGE('',*,*,#1539,.F.);
#327=ORIENTED_EDGE('',*,*,#1540,.F.);
#328=ORIENTED_EDGE('',*,*,#1536,.F.);
#329=ORIENTED_EDGE('',*,*,#1541,.T.);
#330=ORIENTED_EDGE('',*,*,#1542,.F.);
#331=ORIENTED_EDGE('',*,*,#1543,.T.);
#332=ORIENTED_EDGE('',*,*,#1544,.F.);
#333=ORIENTED_EDGE('',*,*,#1545,.F.);
#334=ORIENTED_EDGE('',*,*,#1546,.F.);
#335=ORIENTED_EDGE('',*,*,#1547,.F.);
#336=ORIENTED_EDGE('',*,*,#1548,.T.);
#337=ORIENTED_EDGE('',*,*,#1549,.F.);
#338=ORIENTED_EDGE('',*,*,#1550,.F.);
#339=ORIENTED_EDGE('',*,*,#1543,.F.);
#340=ORIENTED_EDGE('',*,*,#1551,.T.);
#341=ORIENTED_EDGE('',*,*,#1552,.F.);
#342=ORIENTED_EDGE('',*,*,#1553,.F.);
#343=ORIENTED_EDGE('',*,*,#1554,.T.);
#344=ORIENTED_EDGE('',*,*,#1555,.T.);
#345=ORIENTED_EDGE('',*,*,#1556,.F.);
#346=ORIENTED_EDGE('',*,*,#1557,.T.);
#347=ORIENTED_EDGE('',*,*,#1558,.T.);
#348=ORIENTED_EDGE('',*,*,#1559,.T.);
#349=ORIENTED_EDGE('',*,*,#1560,.T.);
#350=ORIENTED_EDGE('',*,*,#1561,.T.);
#351=ORIENTED_EDGE('',*,*,#1562,.F.);
#352=ORIENTED_EDGE('',*,*,#1563,.T.);
#353=ORIENTED_EDGE('',*,*,#1564,.T.);
#354=ORIENTED_EDGE('',*,*,#1565,.T.);
#355=ORIENTED_EDGE('',*,*,#1566,.F.);
#356=ORIENTED_EDGE('',*,*,#1567,.T.);
#357=ORIENTED_EDGE('',*,*,#1568,.T.);
#358=ORIENTED_EDGE('',*,*,#1569,.F.);
#359=ORIENTED_EDGE('',*,*,#1570,.F.);
#360=ORIENTED_EDGE('',*,*,#1571,.F.);
#361=ORIENTED_EDGE('',*,*,#1572,.T.);
#362=ORIENTED_EDGE('',*,*,#1573,.T.);
#363=ORIENTED_EDGE('',*,*,#1574,.F.);
#364=ORIENTED_EDGE('',*,*,#1575,.T.);
#365=ORIENTED_EDGE('',*,*,#1576,.F.);
#366=ORIENTED_EDGE('',*,*,#1577,.T.);
#367=ORIENTED_EDGE('',*,*,#1578,.T.);
#368=ORIENTED_EDGE('',*,*,#1579,.F.);
#369=ORIENTED_EDGE('',*,*,#1580,.T.);
#370=ORIENTED_EDGE('',*,*,#1581,.F.);
#371=ORIENTED_EDGE('',*,*,#1582,.T.);
#372=ORIENTED_EDGE('',*,*,#1583,.F.);
#373=ORIENTED_EDGE('',*,*,#1584,.T.);
#374=ORIENTED_EDGE('',*,*,#1585,.T.);
#375=ORIENTED_EDGE('',*,*,#1586,.T.);
#376=ORIENTED_EDGE('',*,*,#1587,.T.);
#377=ORIENTED_EDGE('',*,*,#1588,.T.);
#378=ORIENTED_EDGE('',*,*,#1589,.F.);
#379=ORIENTED_EDGE('',*,*,#1590,.F.);
#380=ORIENTED_EDGE('',*,*,#1591,.F.);
#381=ORIENTED_EDGE('',*,*,#1592,.F.);
#382=ORIENTED_EDGE('',*,*,#1593,.F.);
#383=ORIENTED_EDGE('',*,*,#1594,.F.);
#384=ORIENTED_EDGE('',*,*,#1595,.F.);
#385=ORIENTED_EDGE('',*,*,#1596,.T.);
#386=ORIENTED_EDGE('',*,*,#1597,.T.);
#387=ORIENTED_EDGE('',*,*,#1598,.T.);
#388=ORIENTED_EDGE('',*,*,#1599,.T.);
#389=ORIENTED_EDGE('',*,*,#1600,.T.);
#390=ORIENTED_EDGE('',*,*,#1601,.T.);
#391=ORIENTED_EDGE('',*,*,#1602,.T.);
#392=ORIENTED_EDGE('',*,*,#1603,.F.);
#393=ORIENTED_EDGE('',*,*,#1604,.F.);
#394=ORIENTED_EDGE('',*,*,#1605,.F.);
#395=ORIENTED_EDGE('',*,*,#1606,.F.);
#396=ORIENTED_EDGE('',*,*,#1607,.T.);
#397=ORIENTED_EDGE('',*,*,#1608,.F.);
#398=ORIENTED_EDGE('',*,*,#1467,.F.);
#399=ORIENTED_EDGE('',*,*,#1609,.T.);
#400=ORIENTED_EDGE('',*,*,#1610,.F.);
#401=ORIENTED_EDGE('',*,*,#1611,.F.);
#402=ORIENTED_EDGE('',*,*,#1612,.F.);
#403=ORIENTED_EDGE('',*,*,#1613,.T.);
#404=ORIENTED_EDGE('',*,*,#1614,.F.);
#405=ORIENTED_EDGE('',*,*,#1615,.F.);
#406=ORIENTED_EDGE('',*,*,#1616,.F.);
#407=ORIENTED_EDGE('',*,*,#1617,.T.);
#408=ORIENTED_EDGE('',*,*,#1618,.F.);
#409=ORIENTED_EDGE('',*,*,#1619,.T.);
#410=ORIENTED_EDGE('',*,*,#1620,.T.);
#411=ORIENTED_EDGE('',*,*,#1621,.T.);
#412=ORIENTED_EDGE('',*,*,#1622,.T.);
#413=ORIENTED_EDGE('',*,*,#1623,.T.);
#414=ORIENTED_EDGE('',*,*,#1624,.F.);
#415=ORIENTED_EDGE('',*,*,#1530,.T.);
#416=ORIENTED_EDGE('',*,*,#1625,.F.);
#417=ORIENTED_EDGE('',*,*,#1626,.T.);
#418=ORIENTED_EDGE('',*,*,#1627,.T.);
#419=ORIENTED_EDGE('',*,*,#1628,.T.);
#420=ORIENTED_EDGE('',*,*,#1629,.F.);
#421=ORIENTED_EDGE('',*,*,#1630,.T.);
#422=ORIENTED_EDGE('',*,*,#1631,.F.);
#423=ORIENTED_EDGE('',*,*,#1632,.T.);
#424=ORIENTED_EDGE('',*,*,#1633,.T.);
#425=ORIENTED_EDGE('',*,*,#1634,.F.);
#426=ORIENTED_EDGE('',*,*,#1635,.T.);
#427=ORIENTED_EDGE('',*,*,#1636,.T.);
#428=ORIENTED_EDGE('',*,*,#1637,.T.);
#429=ORIENTED_EDGE('',*,*,#1638,.F.);
#430=ORIENTED_EDGE('',*,*,#1639,.F.);
#431=ORIENTED_EDGE('',*,*,#1640,.T.);
#432=ORIENTED_EDGE('',*,*,#1641,.T.);
#433=ORIENTED_EDGE('',*,*,#1642,.F.);
#434=ORIENTED_EDGE('',*,*,#1643,.T.);
#435=ORIENTED_EDGE('',*,*,#1644,.T.);
#436=ORIENTED_EDGE('',*,*,#1645,.T.);
#437=ORIENTED_EDGE('',*,*,#1646,.F.);
#438=ORIENTED_EDGE('',*,*,#1647,.T.);
#439=ORIENTED_EDGE('',*,*,#1648,.T.);
#440=ORIENTED_EDGE('',*,*,#1649,.F.);
#441=ORIENTED_EDGE('',*,*,#1650,.T.);
#442=ORIENTED_EDGE('',*,*,#1651,.T.);
#443=ORIENTED_EDGE('',*,*,#1652,.T.);
#444=ORIENTED_EDGE('',*,*,#1653,.T.);
#445=ORIENTED_EDGE('',*,*,#1654,.F.);
#446=ORIENTED_EDGE('',*,*,#1655,.T.);
#447=ORIENTED_EDGE('',*,*,#1656,.T.);
#448=ORIENTED_EDGE('',*,*,#1657,.T.);
#449=ORIENTED_EDGE('',*,*,#1658,.T.);
#450=ORIENTED_EDGE('',*,*,#1659,.T.);
#451=ORIENTED_EDGE('',*,*,#1660,.T.);
#452=ORIENTED_EDGE('',*,*,#1661,.T.);
#453=ORIENTED_EDGE('',*,*,#1662,.T.);
#454=ORIENTED_EDGE('',*,*,#1663,.T.);
#455=ORIENTED_EDGE('',*,*,#1664,.T.);
#456=ORIENTED_EDGE('',*,*,#1665,.T.);
#457=ORIENTED_EDGE('',*,*,#1666,.T.);
#458=ORIENTED_EDGE('',*,*,#1667,.T.);
#459=ORIENTED_EDGE('',*,*,#1668,.T.);
#460=ORIENTED_EDGE('',*,*,#1669,.T.);
#461=ORIENTED_EDGE('',*,*,#1548,.F.);
#462=ORIENTED_EDGE('',*,*,#1670,.T.);
#463=ORIENTED_EDGE('',*,*,#1671,.T.);
#464=ORIENTED_EDGE('',*,*,#1672,.F.);
#465=ORIENTED_EDGE('',*,*,#1673,.T.);
#466=ORIENTED_EDGE('',*,*,#1674,.T.);
#467=ORIENTED_EDGE('',*,*,#1675,.T.);
#468=ORIENTED_EDGE('',*,*,#1676,.T.);
#469=ORIENTED_EDGE('',*,*,#1677,.T.);
#470=ORIENTED_EDGE('',*,*,#1678,.T.);
#471=ORIENTED_EDGE('',*,*,#1679,.F.);
#472=ORIENTED_EDGE('',*,*,#1680,.T.);
#473=ORIENTED_EDGE('',*,*,#1681,.T.);
#474=ORIENTED_EDGE('',*,*,#1682,.T.);
#475=ORIENTED_EDGE('',*,*,#1683,.T.);
#476=ORIENTED_EDGE('',*,*,#1684,.T.);
#477=ORIENTED_EDGE('',*,*,#1685,.T.);
#478=ORIENTED_EDGE('',*,*,#1686,.T.);
#479=ORIENTED_EDGE('',*,*,#1687,.T.);
#480=ORIENTED_EDGE('',*,*,#1688,.T.);
#481=ORIENTED_EDGE('',*,*,#1689,.T.);
#482=ORIENTED_EDGE('',*,*,#1598,.F.);
#483=ORIENTED_EDGE('',*,*,#1690,.F.);
#484=ORIENTED_EDGE('',*,*,#1512,.T.);
#485=ORIENTED_EDGE('',*,*,#1691,.T.);
#486=ORIENTED_EDGE('',*,*,#1692,.F.);
#487=ORIENTED_EDGE('',*,*,#1693,.T.);
#488=ORIENTED_EDGE('',*,*,#1694,.T.);
#489=ORIENTED_EDGE('',*,*,#1695,.T.);
#490=ORIENTED_EDGE('',*,*,#1696,.T.);
#491=ORIENTED_EDGE('',*,*,#1697,.T.);
#492=ORIENTED_EDGE('',*,*,#1698,.T.);
#493=ORIENTED_EDGE('',*,*,#1699,.T.);
#494=ORIENTED_EDGE('',*,*,#1700,.T.);
#495=ORIENTED_EDGE('',*,*,#1701,.F.);
#496=ORIENTED_EDGE('',*,*,#1702,.T.);
#497=ORIENTED_EDGE('',*,*,#1703,.T.);
#498=ORIENTED_EDGE('',*,*,#1704,.T.);
#499=ORIENTED_EDGE('',*,*,#1705,.T.);
#500=ORIENTED_EDGE('',*,*,#1706,.T.);
#501=ORIENTED_EDGE('',*,*,#1707,.T.);
#502=ORIENTED_EDGE('',*,*,#1708,.T.);
#503=ORIENTED_EDGE('',*,*,#1709,.F.);
#504=ORIENTED_EDGE('',*,*,#1710,.T.);
#505=ORIENTED_EDGE('',*,*,#1711,.T.);
#506=ORIENTED_EDGE('',*,*,#1712,.T.);
#507=ORIENTED_EDGE('',*,*,#1713,.F.);
#508=ORIENTED_EDGE('',*,*,#1714,.T.);
#509=ORIENTED_EDGE('',*,*,#1715,.T.);
#510=ORIENTED_EDGE('',*,*,#1716,.T.);
#511=ORIENTED_EDGE('',*,*,#1717,.T.);
#512=ORIENTED_EDGE('',*,*,#1718,.F.);
#513=ORIENTED_EDGE('',*,*,#1555,.F.);
#514=ORIENTED_EDGE('',*,*,#1550,.T.);
#515=ORIENTED_EDGE('',*,*,#1688,.F.);
#516=ORIENTED_EDGE('',*,*,#1719,.T.);
#517=ORIENTED_EDGE('',*,*,#1720,.T.);
#518=ORIENTED_EDGE('',*,*,#1721,.T.);
#519=ORIENTED_EDGE('',*,*,#1722,.F.);
#520=ORIENTED_EDGE('',*,*,#1691,.F.);
#521=ORIENTED_EDGE('',*,*,#1723,.F.);
#522=ORIENTED_EDGE('',*,*,#1724,.T.);
#523=ORIENTED_EDGE('',*,*,#1531,.T.);
#524=ORIENTED_EDGE('',*,*,#1624,.T.);
#525=ORIENTED_EDGE('',*,*,#1725,.F.);
#526=ORIENTED_EDGE('',*,*,#1726,.F.);
#527=ORIENTED_EDGE('',*,*,#1727,.F.);
#528=ORIENTED_EDGE('',*,*,#1728,.F.);
#529=ORIENTED_EDGE('',*,*,#1464,.F.);
#530=ORIENTED_EDGE('',*,*,#1729,.T.);
#531=ORIENTED_EDGE('',*,*,#1730,.T.);
#532=ORIENTED_EDGE('',*,*,#1731,.F.);
#533=ORIENTED_EDGE('',*,*,#1732,.T.);
#534=ORIENTED_EDGE('',*,*,#1626,.F.);
#535=ORIENTED_EDGE('',*,*,#1733,.F.);
#536=ORIENTED_EDGE('',*,*,#1734,.F.);
#537=ORIENTED_EDGE('',*,*,#1552,.T.);
#538=ORIENTED_EDGE('',*,*,#1735,.T.);
#539=ORIENTED_EDGE('',*,*,#1736,.T.);
#540=ORIENTED_EDGE('',*,*,#1737,.F.);
#541=ORIENTED_EDGE('',*,*,#1566,.T.);
#542=ORIENTED_EDGE('',*,*,#1738,.T.);
#543=ORIENTED_EDGE('',*,*,#1576,.T.);
#544=ORIENTED_EDGE('',*,*,#1739,.F.);
#545=ORIENTED_EDGE('',*,*,#1740,.F.);
#546=ORIENTED_EDGE('',*,*,#1741,.F.);
#547=ORIENTED_EDGE('',*,*,#1474,.F.);
#548=ORIENTED_EDGE('',*,*,#1742,.T.);
#549=ORIENTED_EDGE('',*,*,#1743,.T.);
#550=ORIENTED_EDGE('',*,*,#1744,.T.);
#551=ORIENTED_EDGE('',*,*,#1745,.T.);
#552=ORIENTED_EDGE('',*,*,#1746,.T.);
#553=ORIENTED_EDGE('',*,*,#1747,.T.);
#554=ORIENTED_EDGE('',*,*,#1473,.F.);
#555=ORIENTED_EDGE('',*,*,#1748,.F.);
#556=ORIENTED_EDGE('',*,*,#1570,.T.);
#557=ORIENTED_EDGE('',*,*,#1749,.F.);
#558=ORIENTED_EDGE('',*,*,#1750,.F.);
#559=ORIENTED_EDGE('',*,*,#1751,.F.);
#560=ORIENTED_EDGE('',*,*,#1752,.T.);
#561=ORIENTED_EDGE('',*,*,#1753,.F.);
#562=ORIENTED_EDGE('',*,*,#1515,.T.);
#563=ORIENTED_EDGE('',*,*,#1537,.T.);
#564=ORIENTED_EDGE('',*,*,#1540,.T.);
#565=ORIENTED_EDGE('',*,*,#1754,.F.);
#566=ORIENTED_EDGE('',*,*,#1529,.T.);
#567=ORIENTED_EDGE('',*,*,#1755,.T.);
#568=ORIENTED_EDGE('',*,*,#1756,.T.);
#569=ORIENTED_EDGE('',*,*,#1757,.T.);
#570=ORIENTED_EDGE('',*,*,#1758,.T.);
#571=ORIENTED_EDGE('',*,*,#1759,.T.);
#572=ORIENTED_EDGE('',*,*,#1661,.F.);
#573=ORIENTED_EDGE('',*,*,#1760,.F.);
#574=ORIENTED_EDGE('',*,*,#1625,.T.);
#575=ORIENTED_EDGE('',*,*,#1761,.F.);
#576=ORIENTED_EDGE('',*,*,#1731,.T.);
#577=ORIENTED_EDGE('',*,*,#1762,.T.);
#578=ORIENTED_EDGE('',*,*,#1763,.F.);
#579=ORIENTED_EDGE('',*,*,#1516,.T.);
#580=ORIENTED_EDGE('',*,*,#1753,.T.);
#581=ORIENTED_EDGE('',*,*,#1764,.T.);
#582=ORIENTED_EDGE('',*,*,#1765,.T.);
#583=ORIENTED_EDGE('',*,*,#1766,.T.);
#584=ORIENTED_EDGE('',*,*,#1767,.T.);
#585=ORIENTED_EDGE('',*,*,#1768,.T.);
#586=ORIENTED_EDGE('',*,*,#1769,.F.);
#587=ORIENTED_EDGE('',*,*,#1770,.T.);
#588=ORIENTED_EDGE('',*,*,#1771,.F.);
#589=ORIENTED_EDGE('',*,*,#1772,.T.);
#590=ORIENTED_EDGE('',*,*,#1773,.T.);
#591=ORIENTED_EDGE('',*,*,#1774,.T.);
#592=ORIENTED_EDGE('',*,*,#1775,.T.);
#593=ORIENTED_EDGE('',*,*,#1771,.T.);
#594=ORIENTED_EDGE('',*,*,#1523,.F.);
#595=ORIENTED_EDGE('',*,*,#1776,.F.);
#596=ORIENTED_EDGE('',*,*,#1774,.F.);
#597=ORIENTED_EDGE('',*,*,#1770,.F.);
#598=ORIENTED_EDGE('',*,*,#1777,.T.);
#599=ORIENTED_EDGE('',*,*,#1778,.T.);
#600=ORIENTED_EDGE('',*,*,#1779,.T.);
#601=ORIENTED_EDGE('',*,*,#1780,.T.);
#602=ORIENTED_EDGE('',*,*,#1781,.T.);
#603=ORIENTED_EDGE('',*,*,#1782,.T.);
#604=ORIENTED_EDGE('',*,*,#1779,.F.);
#605=ORIENTED_EDGE('',*,*,#1783,.T.);
#606=ORIENTED_EDGE('',*,*,#1784,.T.);
#607=ORIENTED_EDGE('',*,*,#1785,.T.);
#608=ORIENTED_EDGE('',*,*,#1786,.T.);
#609=ORIENTED_EDGE('',*,*,#1787,.T.);
#610=ORIENTED_EDGE('',*,*,#1788,.F.);
#611=ORIENTED_EDGE('',*,*,#1789,.F.);
#612=ORIENTED_EDGE('',*,*,#1790,.T.);
#613=ORIENTED_EDGE('',*,*,#1791,.T.);
#614=ORIENTED_EDGE('',*,*,#1792,.F.);
#615=ORIENTED_EDGE('',*,*,#1793,.T.);
#616=ORIENTED_EDGE('',*,*,#1794,.T.);
#617=ORIENTED_EDGE('',*,*,#1795,.T.);
#618=ORIENTED_EDGE('',*,*,#1796,.T.);
#619=ORIENTED_EDGE('',*,*,#1797,.T.);
#620=ORIENTED_EDGE('',*,*,#1798,.T.);
#621=ORIENTED_EDGE('',*,*,#1799,.T.);
#622=ORIENTED_EDGE('',*,*,#1800,.T.);
#623=ORIENTED_EDGE('',*,*,#1801,.T.);
#624=ORIENTED_EDGE('',*,*,#1802,.T.);
#625=ORIENTED_EDGE('',*,*,#1803,.T.);
#626=ORIENTED_EDGE('',*,*,#1804,.T.);
#627=ORIENTED_EDGE('',*,*,#1805,.T.);
#628=ORIENTED_EDGE('',*,*,#1806,.T.);
#629=ORIENTED_EDGE('',*,*,#1807,.T.);
#630=ORIENTED_EDGE('',*,*,#1808,.F.);
#631=ORIENTED_EDGE('',*,*,#1809,.T.);
#632=ORIENTED_EDGE('',*,*,#1810,.F.);
#633=ORIENTED_EDGE('',*,*,#1735,.F.);
#634=ORIENTED_EDGE('',*,*,#1811,.T.);
#635=ORIENTED_EDGE('',*,*,#1532,.T.);
#636=ORIENTED_EDGE('',*,*,#1724,.F.);
#637=ORIENTED_EDGE('',*,*,#1812,.T.);
#638=ORIENTED_EDGE('',*,*,#1813,.T.);
#639=ORIENTED_EDGE('',*,*,#1814,.F.);
#640=ORIENTED_EDGE('',*,*,#1815,.T.);
#641=ORIENTED_EDGE('',*,*,#1816,.T.);
#642=ORIENTED_EDGE('',*,*,#1814,.T.);
#643=ORIENTED_EDGE('',*,*,#1817,.T.);
#644=ORIENTED_EDGE('',*,*,#1818,.T.);
#645=ORIENTED_EDGE('',*,*,#1819,.T.);
#646=ORIENTED_EDGE('',*,*,#1546,.T.);
#647=ORIENTED_EDGE('',*,*,#1820,.T.);
#648=ORIENTED_EDGE('',*,*,#1607,.F.);
#649=ORIENTED_EDGE('',*,*,#1821,.F.);
#650=ORIENTED_EDGE('',*,*,#1689,.F.);
#651=ORIENTED_EDGE('',*,*,#1549,.T.);
#652=ORIENTED_EDGE('',*,*,#1542,.T.);
#653=ORIENTED_EDGE('',*,*,#1822,.T.);
#654=ORIENTED_EDGE('',*,*,#1823,.F.);
#655=ORIENTED_EDGE('',*,*,#1824,.T.);
#656=ORIENTED_EDGE('',*,*,#1825,.T.);
#657=ORIENTED_EDGE('',*,*,#1599,.F.);
#658=ORIENTED_EDGE('',*,*,#1826,.T.);
#659=ORIENTED_EDGE('',*,*,#1827,.F.);
#660=ORIENTED_EDGE('',*,*,#1519,.F.);
#661=ORIENTED_EDGE('',*,*,#1811,.F.);
#662=ORIENTED_EDGE('',*,*,#1551,.F.);
#663=ORIENTED_EDGE('',*,*,#1718,.T.);
#664=ORIENTED_EDGE('',*,*,#1828,.T.);
#665=ORIENTED_EDGE('',*,*,#1562,.T.);
#666=ORIENTED_EDGE('',*,*,#1829,.T.);
#667=ORIENTED_EDGE('',*,*,#1830,.F.);
#668=ORIENTED_EDGE('',*,*,#1612,.T.);
#669=ORIENTED_EDGE('',*,*,#1831,.F.);
#670=ORIENTED_EDGE('',*,*,#1508,.F.);
#671=ORIENTED_EDGE('',*,*,#1591,.T.);
#672=ORIENTED_EDGE('',*,*,#1832,.T.);
#673=ORIENTED_EDGE('',*,*,#1506,.F.);
#674=ORIENTED_EDGE('',*,*,#1833,.F.);
#675=ORIENTED_EDGE('',*,*,#1834,.T.);
#676=ORIENTED_EDGE('',*,*,#1835,.T.);
#677=ORIENTED_EDGE('',*,*,#1758,.F.);
#678=ORIENTED_EDGE('',*,*,#1836,.T.);
#679=ORIENTED_EDGE('',*,*,#1837,.F.);
#680=ORIENTED_EDGE('',*,*,#1838,.T.);
#681=ORIENTED_EDGE('',*,*,#1839,.F.);
#682=ORIENTED_EDGE('',*,*,#1840,.F.);
#683=ORIENTED_EDGE('',*,*,#1824,.F.);
#684=ORIENTED_EDGE('',*,*,#1841,.F.);
#685=ORIENTED_EDGE('',*,*,#1842,.T.);
#686=ORIENTED_EDGE('',*,*,#1843,.T.);
#687=ORIENTED_EDGE('',*,*,#1604,.T.);
#688=ORIENTED_EDGE('',*,*,#1844,.F.);
#689=ORIENTED_EDGE('',*,*,#1816,.F.);
#690=ORIENTED_EDGE('',*,*,#1845,.T.);
#691=ORIENTED_EDGE('',*,*,#1846,.F.);
#692=ORIENTED_EDGE('',*,*,#1847,.F.);
#693=ORIENTED_EDGE('',*,*,#1848,.T.);
#694=ORIENTED_EDGE('',*,*,#1849,.T.);
#695=ORIENTED_EDGE('',*,*,#1850,.T.);
#696=ORIENTED_EDGE('',*,*,#1851,.F.);
#697=ORIENTED_EDGE('',*,*,#1839,.T.);
#698=ORIENTED_EDGE('',*,*,#1852,.T.);
#699=ORIENTED_EDGE('',*,*,#1602,.F.);
#700=ORIENTED_EDGE('',*,*,#1853,.T.);
#701=ORIENTED_EDGE('',*,*,#1854,.T.);
#702=ORIENTED_EDGE('',*,*,#1855,.T.);
#703=ORIENTED_EDGE('',*,*,#1600,.F.);
#704=ORIENTED_EDGE('',*,*,#1856,.F.);
#705=ORIENTED_EDGE('',*,*,#1857,.F.);
#706=ORIENTED_EDGE('',*,*,#1858,.T.);
#707=ORIENTED_EDGE('',*,*,#1859,.T.);
#708=ORIENTED_EDGE('',*,*,#1860,.T.);
#709=ORIENTED_EDGE('',*,*,#1861,.T.);
#710=ORIENTED_EDGE('',*,*,#1862,.F.);
#711=ORIENTED_EDGE('',*,*,#1863,.F.);
#712=ORIENTED_EDGE('',*,*,#1503,.T.);
#713=ORIENTED_EDGE('',*,*,#1864,.T.);
#714=ORIENTED_EDGE('',*,*,#1865,.T.);
#715=ORIENTED_EDGE('',*,*,#1866,.F.);
#716=ORIENTED_EDGE('',*,*,#1501,.T.);
#717=ORIENTED_EDGE('',*,*,#1867,.T.);
#718=ORIENTED_EDGE('',*,*,#1868,.T.);
#719=ORIENTED_EDGE('',*,*,#1869,.F.);
#720=ORIENTED_EDGE('',*,*,#1870,.T.);
#721=ORIENTED_EDGE('',*,*,#1871,.T.);
#722=ORIENTED_EDGE('',*,*,#1872,.F.);
#723=ORIENTED_EDGE('',*,*,#1873,.T.);
#724=ORIENTED_EDGE('',*,*,#1874,.F.);
#725=ORIENTED_EDGE('',*,*,#1875,.F.);
#726=ORIENTED_EDGE('',*,*,#1511,.F.);
#727=ORIENTED_EDGE('',*,*,#1851,.T.);
#728=ORIENTED_EDGE('',*,*,#1876,.T.);
#729=ORIENTED_EDGE('',*,*,#1856,.T.);
#730=ORIENTED_EDGE('',*,*,#1825,.F.);
#731=ORIENTED_EDGE('',*,*,#1840,.T.);
#732=ORIENTED_EDGE('',*,*,#1877,.F.);
#733=ORIENTED_EDGE('',*,*,#1845,.F.);
#734=ORIENTED_EDGE('',*,*,#1815,.F.);
#735=ORIENTED_EDGE('',*,*,#1821,.T.);
#736=ORIENTED_EDGE('',*,*,#1878,.F.);
#737=ORIENTED_EDGE('',*,*,#1862,.T.);
#738=ORIENTED_EDGE('',*,*,#1879,.T.);
#739=ORIENTED_EDGE('',*,*,#1868,.F.);
#740=ORIENTED_EDGE('',*,*,#1594,.T.);
#741=ORIENTED_EDGE('',*,*,#1867,.F.);
#742=ORIENTED_EDGE('',*,*,#1500,.F.);
#743=ORIENTED_EDGE('',*,*,#1880,.F.);
#744=ORIENTED_EDGE('',*,*,#1881,.T.);
#745=ORIENTED_EDGE('',*,*,#1595,.T.);
#746=ORIENTED_EDGE('',*,*,#1498,.F.);
#747=ORIENTED_EDGE('',*,*,#1875,.T.);
#748=ORIENTED_EDGE('',*,*,#1610,.T.);
#749=ORIENTED_EDGE('',*,*,#1882,.F.);
#750=ORIENTED_EDGE('',*,*,#1883,.F.);
#751=ORIENTED_EDGE('',*,*,#1884,.F.);
#752=ORIENTED_EDGE('',*,*,#1609,.F.);
#753=ORIENTED_EDGE('',*,*,#1466,.F.);
#754=ORIENTED_EDGE('',*,*,#1885,.T.);
#755=ORIENTED_EDGE('',*,*,#1882,.T.);
#756=ORIENTED_EDGE('',*,*,#1886,.F.);
#757=ORIENTED_EDGE('',*,*,#1887,.T.);
#758=ORIENTED_EDGE('',*,*,#1664,.F.);
#759=ORIENTED_EDGE('',*,*,#1476,.F.);
#760=ORIENTED_EDGE('',*,*,#1468,.T.);
#761=ORIENTED_EDGE('',*,*,#1608,.T.);
#762=ORIENTED_EDGE('',*,*,#1820,.F.);
#763=ORIENTED_EDGE('',*,*,#1669,.F.);
#764=ORIENTED_EDGE('',*,*,#1888,.T.);
#765=ORIENTED_EDGE('',*,*,#1838,.F.);
#766=ORIENTED_EDGE('',*,*,#1889,.T.);
#767=ORIENTED_EDGE('',*,*,#1553,.T.);
#768=ORIENTED_EDGE('',*,*,#1734,.T.);
#769=ORIENTED_EDGE('',*,*,#1890,.T.);
#770=ORIENTED_EDGE('',*,*,#1891,.F.);
#771=ORIENTED_EDGE('',*,*,#1812,.F.);
#772=ORIENTED_EDGE('',*,*,#1844,.T.);
#773=ORIENTED_EDGE('',*,*,#1603,.T.);
#774=ORIENTED_EDGE('',*,*,#1852,.F.);
#775=ORIENTED_EDGE('',*,*,#1597,.F.);
#776=ORIENTED_EDGE('',*,*,#1892,.F.);
#777=ORIENTED_EDGE('',*,*,#1893,.T.);
#778=ORIENTED_EDGE('',*,*,#1690,.T.);
#779=ORIENTED_EDGE('',*,*,#1596,.F.);
#780=ORIENTED_EDGE('',*,*,#1881,.F.);
#781=ORIENTED_EDGE('',*,*,#1894,.T.);
#782=ORIENTED_EDGE('',*,*,#1892,.T.);
#783=ORIENTED_EDGE('',*,*,#1593,.T.);
#784=ORIENTED_EDGE('',*,*,#1895,.T.);
#785=ORIENTED_EDGE('',*,*,#1504,.F.);
#786=ORIENTED_EDGE('',*,*,#1863,.T.);
#787=ORIENTED_EDGE('',*,*,#1866,.T.);
#788=ORIENTED_EDGE('',*,*,#1896,.T.);
#789=ORIENTED_EDGE('',*,*,#1858,.F.);
#790=ORIENTED_EDGE('',*,*,#1502,.T.);
#791=ORIENTED_EDGE('',*,*,#1874,.T.);
#792=ORIENTED_EDGE('',*,*,#1897,.T.);
#793=ORIENTED_EDGE('',*,*,#1898,.F.);
#794=ORIENTED_EDGE('',*,*,#1611,.T.);
#795=ORIENTED_EDGE('',*,*,#1899,.T.);
#796=ORIENTED_EDGE('',*,*,#1900,.T.);
#797=ORIENTED_EDGE('',*,*,#1901,.F.);
#798=ORIENTED_EDGE('',*,*,#1509,.F.);
#799=ORIENTED_EDGE('',*,*,#1831,.T.);
#800=ORIENTED_EDGE('',*,*,#1898,.T.);
#801=ORIENTED_EDGE('',*,*,#1902,.F.);
#802=ORIENTED_EDGE('',*,*,#1901,.T.);
#803=ORIENTED_EDGE('',*,*,#1903,.T.);
#804=ORIENTED_EDGE('',*,*,#1870,.F.);
#805=ORIENTED_EDGE('',*,*,#1510,.F.);
#806=ORIENTED_EDGE('',*,*,#1855,.F.);
#807=ORIENTED_EDGE('',*,*,#1904,.T.);
#808=ORIENTED_EDGE('',*,*,#1847,.T.);
#809=ORIENTED_EDGE('',*,*,#1601,.F.);
#810=ORIENTED_EDGE('',*,*,#1905,.F.);
#811=ORIENTED_EDGE('',*,*,#1906,.T.);
#812=ORIENTED_EDGE('',*,*,#1907,.T.);
#813=ORIENTED_EDGE('',*,*,#1908,.T.);
#814=ORIENTED_EDGE('',*,*,#1878,.T.);
#815=ORIENTED_EDGE('',*,*,#1606,.T.);
#816=ORIENTED_EDGE('',*,*,#1843,.F.);
#817=ORIENTED_EDGE('',*,*,#1909,.T.);
#818=ORIENTED_EDGE('',*,*,#1905,.T.);
#819=ORIENTED_EDGE('',*,*,#1605,.T.);
#820=ORIENTED_EDGE('',*,*,#1897,.F.);
#821=ORIENTED_EDGE('',*,*,#1873,.F.);
#822=ORIENTED_EDGE('',*,*,#1910,.T.);
#823=ORIENTED_EDGE('',*,*,#1902,.T.);
#824=ORIENTED_EDGE('',*,*,#1879,.F.);
#825=ORIENTED_EDGE('',*,*,#1861,.F.);
#826=ORIENTED_EDGE('',*,*,#1911,.T.);
#827=ORIENTED_EDGE('',*,*,#1869,.T.);
#828=ORIENTED_EDGE('',*,*,#1877,.T.);
#829=ORIENTED_EDGE('',*,*,#1908,.F.);
#830=ORIENTED_EDGE('',*,*,#1912,.F.);
#831=ORIENTED_EDGE('',*,*,#1846,.T.);
#832=ORIENTED_EDGE('',*,*,#1876,.F.);
#833=ORIENTED_EDGE('',*,*,#1850,.F.);
#834=ORIENTED_EDGE('',*,*,#1913,.T.);
#835=ORIENTED_EDGE('',*,*,#1857,.T.);
#836=ORIENTED_EDGE('',*,*,#1872,.T.);
#837=ORIENTED_EDGE('',*,*,#1914,.T.);
#838=ORIENTED_EDGE('',*,*,#1899,.F.);
#839=ORIENTED_EDGE('',*,*,#1910,.F.);
#840=ORIENTED_EDGE('',*,*,#1860,.F.);
#841=ORIENTED_EDGE('',*,*,#1915,.T.);
#842=ORIENTED_EDGE('',*,*,#1864,.F.);
#843=ORIENTED_EDGE('',*,*,#1911,.F.);
#844=ORIENTED_EDGE('',*,*,#1849,.F.);
#845=ORIENTED_EDGE('',*,*,#1916,.T.);
#846=ORIENTED_EDGE('',*,*,#1853,.F.);
#847=ORIENTED_EDGE('',*,*,#1913,.F.);
#848=ORIENTED_EDGE('',*,*,#1907,.F.);
#849=ORIENTED_EDGE('',*,*,#1917,.T.);
#850=ORIENTED_EDGE('',*,*,#1841,.T.);
#851=ORIENTED_EDGE('',*,*,#1912,.T.);
#852=ORIENTED_EDGE('',*,*,#1579,.T.);
#853=ORIENTED_EDGE('',*,*,#1918,.T.);
#854=ORIENTED_EDGE('',*,*,#1919,.T.);
#855=ORIENTED_EDGE('',*,*,#1920,.T.);
#856=ORIENTED_EDGE('',*,*,#1571,.T.);
#857=ORIENTED_EDGE('',*,*,#1748,.T.);
#858=ORIENTED_EDGE('',*,*,#1518,.T.);
#859=ORIENTED_EDGE('',*,*,#1921,.F.);
#860=ORIENTED_EDGE('',*,*,#1922,.T.);
#861=ORIENTED_EDGE('',*,*,#1592,.T.);
#862=ORIENTED_EDGE('',*,*,#1833,.T.);
#863=ORIENTED_EDGE('',*,*,#1505,.F.);
#864=ORIENTED_EDGE('',*,*,#1895,.F.);
#865=ORIENTED_EDGE('',*,*,#1590,.T.);
#866=ORIENTED_EDGE('',*,*,#1830,.T.);
#867=ORIENTED_EDGE('',*,*,#1507,.F.);
#868=ORIENTED_EDGE('',*,*,#1832,.F.);
#869=ORIENTED_EDGE('',*,*,#1760,.T.);
#870=ORIENTED_EDGE('',*,*,#1670,.F.);
#871=ORIENTED_EDGE('',*,*,#1923,.F.);
#872=ORIENTED_EDGE('',*,*,#1890,.F.);
#873=ORIENTED_EDGE('',*,*,#1733,.T.);
#874=ORIENTED_EDGE('',*,*,#1818,.F.);
#875=ORIENTED_EDGE('',*,*,#1924,.T.);
#876=ORIENTED_EDGE('',*,*,#1925,.T.);
#877=ORIENTED_EDGE('',*,*,#1822,.F.);
#878=ORIENTED_EDGE('',*,*,#1545,.T.);
#879=ORIENTED_EDGE('',*,*,#1926,.F.);
#880=ORIENTED_EDGE('',*,*,#1813,.F.);
#881=ORIENTED_EDGE('',*,*,#1891,.T.);
#882=ORIENTED_EDGE('',*,*,#1923,.T.);
#883=ORIENTED_EDGE('',*,*,#1927,.F.);
#884=ORIENTED_EDGE('',*,*,#1924,.F.);
#885=ORIENTED_EDGE('',*,*,#1817,.F.);
#886=ORIENTED_EDGE('',*,*,#1547,.T.);
#887=ORIENTED_EDGE('',*,*,#1819,.F.);
#888=ORIENTED_EDGE('',*,*,#1925,.F.);
#889=ORIENTED_EDGE('',*,*,#1927,.T.);
#890=ORIENTED_EDGE('',*,*,#1889,.F.);
#891=ORIENTED_EDGE('',*,*,#1837,.T.);
#892=ORIENTED_EDGE('',*,*,#1823,.T.);
#893=ORIENTED_EDGE('',*,*,#1926,.T.);
#894=ORIENTED_EDGE('',*,*,#1544,.T.);
#895=ORIENTED_EDGE('',*,*,#1554,.F.);
#896=ORIENTED_EDGE('',*,*,#1928,.F.);
#897=ORIENTED_EDGE('',*,*,#1574,.T.);
#898=ORIENTED_EDGE('',*,*,#1921,.T.);
#899=ORIENTED_EDGE('',*,*,#1517,.T.);
#900=ORIENTED_EDGE('',*,*,#1763,.T.);
#901=ORIENTED_EDGE('',*,*,#1929,.T.);
#902=ORIENTED_EDGE('',*,*,#1930,.F.);
#903=ORIENTED_EDGE('',*,*,#1931,.F.);
#904=ORIENTED_EDGE('',*,*,#1729,.F.);
#905=ORIENTED_EDGE('',*,*,#1932,.T.);
#906=ORIENTED_EDGE('',*,*,#1747,.F.);
#907=ORIENTED_EDGE('',*,*,#1933,.T.);
#908=ORIENTED_EDGE('',*,*,#1765,.F.);
#909=ORIENTED_EDGE('',*,*,#1524,.T.);
#910=ORIENTED_EDGE('',*,*,#1782,.F.);
#911=ORIENTED_EDGE('',*,*,#1934,.T.);
#912=ORIENTED_EDGE('',*,*,#1935,.T.);
#913=ORIENTED_EDGE('',*,*,#1936,.F.);
#914=ORIENTED_EDGE('',*,*,#1937,.F.);
#915=ORIENTED_EDGE('',*,*,#1938,.T.);
#916=ORIENTED_EDGE('',*,*,#1939,.T.);
#917=ORIENTED_EDGE('',*,*,#1761,.T.);
#918=ORIENTED_EDGE('',*,*,#1940,.T.);
#919=ORIENTED_EDGE('',*,*,#1922,.F.);
#920=ORIENTED_EDGE('',*,*,#1522,.T.);
#921=ORIENTED_EDGE('',*,*,#1941,.T.);
#922=ORIENTED_EDGE('',*,*,#1942,.F.);
#923=ORIENTED_EDGE('',*,*,#1772,.F.);
#924=ORIENTED_EDGE('',*,*,#1775,.F.);
#925=ORIENTED_EDGE('',*,*,#1776,.T.);
#926=ORIENTED_EDGE('',*,*,#1525,.F.);
#927=ORIENTED_EDGE('',*,*,#1768,.F.);
#928=ORIENTED_EDGE('',*,*,#1943,.T.);
#929=ORIENTED_EDGE('',*,*,#1944,.F.);
#930=ORIENTED_EDGE('',*,*,#1533,.T.);
#931=ORIENTED_EDGE('',*,*,#1754,.T.);
#932=ORIENTED_EDGE('',*,*,#1539,.T.);
#933=ORIENTED_EDGE('',*,*,#1671,.F.);
#934=ORIENTED_EDGE('',*,*,#1939,.F.);
#935=ORIENTED_EDGE('',*,*,#1694,.F.);
#936=ORIENTED_EDGE('',*,*,#1940,.F.);
#937=ORIENTED_EDGE('',*,*,#1749,.T.);
#938=ORIENTED_EDGE('',*,*,#1569,.T.);
#939=ORIENTED_EDGE('',*,*,#1945,.T.);
#940=ORIENTED_EDGE('',*,*,#1727,.T.);
#941=ORIENTED_EDGE('',*,*,#1946,.F.);
#942=ORIENTED_EDGE('',*,*,#1750,.T.);
#943=ORIENTED_EDGE('',*,*,#1946,.T.);
#944=ORIENTED_EDGE('',*,*,#1726,.T.);
#945=ORIENTED_EDGE('',*,*,#1947,.F.);
#946=ORIENTED_EDGE('',*,*,#1725,.T.);
#947=ORIENTED_EDGE('',*,*,#1732,.F.);
#948=ORIENTED_EDGE('',*,*,#1948,.T.);
#949=ORIENTED_EDGE('',*,*,#1751,.T.);
#950=ORIENTED_EDGE('',*,*,#1947,.T.);
#951=ORIENTED_EDGE('',*,*,#1948,.F.);
#952=ORIENTED_EDGE('',*,*,#1764,.F.);
#953=ORIENTED_EDGE('',*,*,#1752,.F.);
#954=ORIENTED_EDGE('',*,*,#1499,.F.);
#955=ORIENTED_EDGE('',*,*,#1884,.T.);
#956=ORIENTED_EDGE('',*,*,#1949,.T.);
#957=ORIENTED_EDGE('',*,*,#1950,.F.);
#958=ORIENTED_EDGE('',*,*,#1951,.T.);
#959=ORIENTED_EDGE('',*,*,#1949,.F.);
#960=ORIENTED_EDGE('',*,*,#1883,.T.);
#961=ORIENTED_EDGE('',*,*,#1885,.F.);
#962=ORIENTED_EDGE('',*,*,#1465,.T.);
#963=ORIENTED_EDGE('',*,*,#1740,.T.);
#964=ORIENTED_EDGE('',*,*,#1952,.T.);
#965=ORIENTED_EDGE('',*,*,#1935,.F.);
#966=ORIENTED_EDGE('',*,*,#1953,.T.);
#967=ORIENTED_EDGE('',*,*,#1954,.F.);
#968=ORIENTED_EDGE('',*,*,#1762,.F.);
#969=ORIENTED_EDGE('',*,*,#1955,.T.);
#970=ORIENTED_EDGE('',*,*,#1929,.F.);
#971=ORIENTED_EDGE('',*,*,#1956,.F.);
#972=ORIENTED_EDGE('',*,*,#1957,.T.);
#973=ORIENTED_EDGE('',*,*,#1577,.F.);
#974=ORIENTED_EDGE('',*,*,#1958,.F.);
#975=ORIENTED_EDGE('',*,*,#1959,.T.);
#976=ORIENTED_EDGE('',*,*,#1956,.T.);
#977=ORIENTED_EDGE('',*,*,#1738,.F.);
#978=ORIENTED_EDGE('',*,*,#1573,.F.);
#979=ORIENTED_EDGE('',*,*,#1960,.T.);
#980=ORIENTED_EDGE('',*,*,#1958,.T.);
#981=ORIENTED_EDGE('',*,*,#1572,.F.);
#982=ORIENTED_EDGE('',*,*,#1920,.F.);
#983=ORIENTED_EDGE('',*,*,#1961,.F.);
#984=ORIENTED_EDGE('',*,*,#1960,.F.);
#985=ORIENTED_EDGE('',*,*,#1961,.T.);
#986=ORIENTED_EDGE('',*,*,#1919,.F.);
#987=ORIENTED_EDGE('',*,*,#1962,.F.);
#988=ORIENTED_EDGE('',*,*,#1959,.F.);
#989=ORIENTED_EDGE('',*,*,#1578,.F.);
#990=ORIENTED_EDGE('',*,*,#1957,.F.);
#991=ORIENTED_EDGE('',*,*,#1962,.T.);
#992=ORIENTED_EDGE('',*,*,#1918,.F.);
#993=ORIENTED_EDGE('',*,*,#1699,.F.);
#994=ORIENTED_EDGE('',*,*,#1963,.T.);
#995=ORIENTED_EDGE('',*,*,#1803,.F.);
#996=ORIENTED_EDGE('',*,*,#1964,.T.);
#997=ORIENTED_EDGE('',*,*,#1701,.T.);
#998=ORIENTED_EDGE('',*,*,#1965,.T.);
#999=ORIENTED_EDGE('',*,*,#1808,.T.);
#1000=ORIENTED_EDGE('',*,*,#1966,.T.);
#1001=ORIENTED_EDGE('',*,*,#1805,.F.);
#1002=ORIENTED_EDGE('',*,*,#1967,.T.);
#1003=ORIENTED_EDGE('',*,*,#1697,.F.);
#1004=ORIENTED_EDGE('',*,*,#1968,.T.);
#1005=ORIENTED_EDGE('',*,*,#1969,.T.);
#1006=ORIENTED_EDGE('',*,*,#1970,.T.);
#1007=ORIENTED_EDGE('',*,*,#1706,.F.);
#1008=ORIENTED_EDGE('',*,*,#1971,.T.);
#1009=ORIENTED_EDGE('',*,*,#1796,.F.);
#1010=ORIENTED_EDGE('',*,*,#1972,.T.);
#1011=ORIENTED_EDGE('',*,*,#1708,.F.);
#1012=ORIENTED_EDGE('',*,*,#1973,.T.);
#1013=ORIENTED_EDGE('',*,*,#1801,.F.);
#1014=ORIENTED_EDGE('',*,*,#1974,.T.);
#1015=ORIENTED_EDGE('',*,*,#1798,.F.);
#1016=ORIENTED_EDGE('',*,*,#1975,.T.);
#1017=ORIENTED_EDGE('',*,*,#1704,.F.);
#1018=ORIENTED_EDGE('',*,*,#1976,.T.);
#1019=ORIENTED_EDGE('',*,*,#1711,.F.);
#1020=ORIENTED_EDGE('',*,*,#1977,.T.);
#1021=ORIENTED_EDGE('',*,*,#1794,.F.);
#1022=ORIENTED_EDGE('',*,*,#1978,.T.);
#1023=ORIENTED_EDGE('',*,*,#1713,.T.);
#1024=ORIENTED_EDGE('',*,*,#1979,.T.);
#1025=ORIENTED_EDGE('',*,*,#1792,.T.);
#1026=ORIENTED_EDGE('',*,*,#1980,.T.);
#1027=ORIENTED_EDGE('',*,*,#1789,.T.);
#1028=ORIENTED_EDGE('',*,*,#1981,.T.);
#1029=ORIENTED_EDGE('',*,*,#1709,.T.);
#1030=ORIENTED_EDGE('',*,*,#1982,.T.);
#1031=ORIENTED_EDGE('',*,*,#1983,.T.);
#1032=ORIENTED_EDGE('',*,*,#1787,.F.);
#1033=ORIENTED_EDGE('',*,*,#1984,.F.);
#1034=ORIENTED_EDGE('',*,*,#1686,.F.);
#1035=ORIENTED_EDGE('',*,*,#1786,.F.);
#1036=ORIENTED_EDGE('',*,*,#1985,.T.);
#1037=ORIENTED_EDGE('',*,*,#1719,.F.);
#1038=ORIENTED_EDGE('',*,*,#1687,.F.);
#1039=ORIENTED_EDGE('',*,*,#1984,.T.);
#1040=ORIENTED_EDGE('',*,*,#1722,.T.);
#1041=ORIENTED_EDGE('',*,*,#1986,.T.);
#1042=ORIENTED_EDGE('',*,*,#1788,.T.);
#1043=ORIENTED_EDGE('',*,*,#1983,.F.);
#1044=ORIENTED_EDGE('',*,*,#1692,.T.);
#1045=ORIENTED_EDGE('',*,*,#1886,.T.);
#1046=ORIENTED_EDGE('',*,*,#1987,.T.);
#1047=ORIENTED_EDGE('',*,*,#1630,.F.);
#1048=ORIENTED_EDGE('',*,*,#1988,.F.);
#1049=ORIENTED_EDGE('',*,*,#1629,.T.);
#1050=ORIENTED_EDGE('',*,*,#1989,.T.);
#1051=ORIENTED_EDGE('',*,*,#1665,.F.);
#1052=ORIENTED_EDGE('',*,*,#1887,.F.);
#1053=ORIENTED_EDGE('',*,*,#1988,.T.);
#1054=ORIENTED_EDGE('',*,*,#1668,.F.);
#1055=ORIENTED_EDGE('',*,*,#1990,.T.);
#1056=ORIENTED_EDGE('',*,*,#1631,.T.);
#1057=ORIENTED_EDGE('',*,*,#1987,.F.);
#1058=ORIENTED_EDGE('',*,*,#1888,.F.);
#1059=ORIENTED_EDGE('',*,*,#1991,.T.);
#1060=ORIENTED_EDGE('',*,*,#1992,.T.);
#1061=ORIENTED_EDGE('',*,*,#1672,.T.);
#1062=ORIENTED_EDGE('',*,*,#1993,.T.);
#1063=ORIENTED_EDGE('',*,*,#1636,.F.);
#1064=ORIENTED_EDGE('',*,*,#1994,.T.);
#1065=ORIENTED_EDGE('',*,*,#1674,.F.);
#1066=ORIENTED_EDGE('',*,*,#1995,.T.);
#1067=ORIENTED_EDGE('',*,*,#1634,.T.);
#1068=ORIENTED_EDGE('',*,*,#1996,.T.);
#1069=ORIENTED_EDGE('',*,*,#1638,.T.);
#1070=ORIENTED_EDGE('',*,*,#1997,.T.);
#1071=ORIENTED_EDGE('',*,*,#1677,.F.);
#1072=ORIENTED_EDGE('',*,*,#1998,.T.);
#1073=ORIENTED_EDGE('',*,*,#1644,.F.);
#1074=ORIENTED_EDGE('',*,*,#1999,.T.);
#1075=ORIENTED_EDGE('',*,*,#1654,.T.);
#1076=ORIENTED_EDGE('',*,*,#2000,.T.);
#1077=ORIENTED_EDGE('',*,*,#1656,.F.);
#1078=ORIENTED_EDGE('',*,*,#2001,.T.);
#1079=ORIENTED_EDGE('',*,*,#1642,.T.);
#1080=ORIENTED_EDGE('',*,*,#2002,.T.);
#1081=ORIENTED_EDGE('',*,*,#1639,.T.);
#1082=ORIENTED_EDGE('',*,*,#2003,.T.);
#1083=ORIENTED_EDGE('',*,*,#1659,.F.);
#1084=ORIENTED_EDGE('',*,*,#2004,.T.);
#1085=ORIENTED_EDGE('',*,*,#1679,.T.);
#1086=ORIENTED_EDGE('',*,*,#2005,.T.);
#1087=ORIENTED_EDGE('',*,*,#1651,.F.);
#1088=ORIENTED_EDGE('',*,*,#2006,.T.);
#1089=ORIENTED_EDGE('',*,*,#1681,.F.);
#1090=ORIENTED_EDGE('',*,*,#2007,.T.);
#1091=ORIENTED_EDGE('',*,*,#1649,.T.);
#1092=ORIENTED_EDGE('',*,*,#2008,.T.);
#1093=ORIENTED_EDGE('',*,*,#1646,.T.);
#1094=ORIENTED_EDGE('',*,*,#2009,.T.);
#1095=ORIENTED_EDGE('',*,*,#1684,.F.);
#1096=ORIENTED_EDGE('',*,*,#2010,.T.);
#1097=ORIENTED_EDGE('',*,*,#2011,.T.);
#1098=ORIENTED_EDGE('',*,*,#1613,.F.);
#1099=ORIENTED_EDGE('',*,*,#2012,.F.);
#1100=ORIENTED_EDGE('',*,*,#1485,.F.);
#1101=ORIENTED_EDGE('',*,*,#1486,.T.);
#1102=ORIENTED_EDGE('',*,*,#2012,.T.);
#1103=ORIENTED_EDGE('',*,*,#1616,.T.);
#1104=ORIENTED_EDGE('',*,*,#2013,.F.);
#1105=ORIENTED_EDGE('',*,*,#1487,.T.);
#1106=ORIENTED_EDGE('',*,*,#2013,.T.);
#1107=ORIENTED_EDGE('',*,*,#1615,.T.);
#1108=ORIENTED_EDGE('',*,*,#2014,.F.);
#1109=ORIENTED_EDGE('',*,*,#1484,.T.);
#1110=ORIENTED_EDGE('',*,*,#2014,.T.);
#1111=ORIENTED_EDGE('',*,*,#1614,.T.);
#1112=ORIENTED_EDGE('',*,*,#2011,.F.);
#1113=ORIENTED_EDGE('',*,*,#2015,.T.);
#1114=ORIENTED_EDGE('',*,*,#1586,.F.);
#1115=ORIENTED_EDGE('',*,*,#2016,.F.);
#1116=ORIENTED_EDGE('',*,*,#1489,.F.);
#1117=ORIENTED_EDGE('',*,*,#1490,.T.);
#1118=ORIENTED_EDGE('',*,*,#2016,.T.);
#1119=ORIENTED_EDGE('',*,*,#1589,.T.);
#1120=ORIENTED_EDGE('',*,*,#2017,.F.);
#1121=ORIENTED_EDGE('',*,*,#2017,.T.);
#1122=ORIENTED_EDGE('',*,*,#1588,.F.);
#1123=ORIENTED_EDGE('',*,*,#2018,.F.);
#1124=ORIENTED_EDGE('',*,*,#1491,.F.);
#1125=ORIENTED_EDGE('',*,*,#2018,.T.);
#1126=ORIENTED_EDGE('',*,*,#1587,.F.);
#1127=ORIENTED_EDGE('',*,*,#2015,.F.);
#1128=ORIENTED_EDGE('',*,*,#1488,.F.);
#1129=ORIENTED_EDGE('',*,*,#2019,.T.);
#1130=ORIENTED_EDGE('',*,*,#1617,.F.);
#1131=ORIENTED_EDGE('',*,*,#2020,.F.);
#1132=ORIENTED_EDGE('',*,*,#1493,.F.);
#1133=ORIENTED_EDGE('',*,*,#2020,.T.);
#1134=ORIENTED_EDGE('',*,*,#1622,.F.);
#1135=ORIENTED_EDGE('',*,*,#2021,.F.);
#1136=ORIENTED_EDGE('',*,*,#1494,.F.);
#1137=ORIENTED_EDGE('',*,*,#2021,.T.);
#1138=ORIENTED_EDGE('',*,*,#1621,.F.);
#1139=ORIENTED_EDGE('',*,*,#2022,.F.);
#1140=ORIENTED_EDGE('',*,*,#1495,.F.);
#1141=ORIENTED_EDGE('',*,*,#2022,.T.);
#1142=ORIENTED_EDGE('',*,*,#1620,.F.);
#1143=ORIENTED_EDGE('',*,*,#2023,.F.);
#1144=ORIENTED_EDGE('',*,*,#1496,.F.);
#1145=ORIENTED_EDGE('',*,*,#2023,.T.);
#1146=ORIENTED_EDGE('',*,*,#1619,.F.);
#1147=ORIENTED_EDGE('',*,*,#2024,.F.);
#1148=ORIENTED_EDGE('',*,*,#1497,.F.);
#1149=ORIENTED_EDGE('',*,*,#1492,.T.);
#1150=ORIENTED_EDGE('',*,*,#2024,.T.);
#1151=ORIENTED_EDGE('',*,*,#1618,.T.);
#1152=ORIENTED_EDGE('',*,*,#2019,.F.);
#1153=ORIENTED_EDGE('',*,*,#1478,.T.);
#1154=ORIENTED_EDGE('',*,*,#2025,.T.);
#1155=ORIENTED_EDGE('',*,*,#1581,.T.);
#1156=ORIENTED_EDGE('',*,*,#2026,.F.);
#1157=ORIENTED_EDGE('',*,*,#2026,.T.);
#1158=ORIENTED_EDGE('',*,*,#1580,.F.);
#1159=ORIENTED_EDGE('',*,*,#2027,.F.);
#1160=ORIENTED_EDGE('',*,*,#1479,.F.);
#1161=ORIENTED_EDGE('',*,*,#2027,.T.);
#1162=ORIENTED_EDGE('',*,*,#1585,.F.);
#1163=ORIENTED_EDGE('',*,*,#2028,.F.);
#1164=ORIENTED_EDGE('',*,*,#1480,.F.);
#1165=ORIENTED_EDGE('',*,*,#2028,.T.);
#1166=ORIENTED_EDGE('',*,*,#1584,.F.);
#1167=ORIENTED_EDGE('',*,*,#2029,.F.);
#1168=ORIENTED_EDGE('',*,*,#1481,.F.);
#1169=ORIENTED_EDGE('',*,*,#1482,.T.);
#1170=ORIENTED_EDGE('',*,*,#2029,.T.);
#1171=ORIENTED_EDGE('',*,*,#1583,.T.);
#1172=ORIENTED_EDGE('',*,*,#2030,.F.);
#1173=ORIENTED_EDGE('',*,*,#2030,.T.);
#1174=ORIENTED_EDGE('',*,*,#1582,.F.);
#1175=ORIENTED_EDGE('',*,*,#2025,.F.);
#1176=ORIENTED_EDGE('',*,*,#1483,.F.);
#1177=ORIENTED_EDGE('',*,*,#1938,.F.);
#1178=ORIENTED_EDGE('',*,*,#2031,.T.);
#1179=ORIENTED_EDGE('',*,*,#1930,.T.);
#1180=ORIENTED_EDGE('',*,*,#1955,.F.);
#1181=ORIENTED_EDGE('',*,*,#1730,.F.);
#1182=ORIENTED_EDGE('',*,*,#1936,.T.);
#1183=ORIENTED_EDGE('',*,*,#1952,.F.);
#1184=ORIENTED_EDGE('',*,*,#1739,.T.);
#1185=ORIENTED_EDGE('',*,*,#1575,.F.);
#1186=ORIENTED_EDGE('',*,*,#1928,.T.);
#1187=ORIENTED_EDGE('',*,*,#2032,.F.);
#1188=ORIENTED_EDGE('',*,*,#1931,.T.);
#1189=ORIENTED_EDGE('',*,*,#2031,.F.);
#1190=ORIENTED_EDGE('',*,*,#1937,.T.);
#1191=ORIENTED_EDGE('',*,*,#2032,.T.);
#1192=ORIENTED_EDGE('',*,*,#1568,.F.);
#1193=ORIENTED_EDGE('',*,*,#2033,.T.);
#1194=ORIENTED_EDGE('',*,*,#1728,.T.);
#1195=ORIENTED_EDGE('',*,*,#1945,.F.);
#1196=ORIENTED_EDGE('',*,*,#1737,.T.);
#1197=ORIENTED_EDGE('',*,*,#2034,.T.);
#1198=ORIENTED_EDGE('',*,*,#1723,.T.);
#1199=ORIENTED_EDGE('',*,*,#2033,.F.);
#1200=ORIENTED_EDGE('',*,*,#1567,.F.);
#1201=ORIENTED_EDGE('',*,*,#1810,.T.);
#1202=ORIENTED_EDGE('',*,*,#2034,.F.);
#1203=ORIENTED_EDGE('',*,*,#1736,.F.);
#1204=ORIENTED_EDGE('',*,*,#1854,.F.);
#1205=ORIENTED_EDGE('',*,*,#1916,.F.);
#1206=ORIENTED_EDGE('',*,*,#1848,.F.);
#1207=ORIENTED_EDGE('',*,*,#1904,.F.);
#1208=ORIENTED_EDGE('',*,*,#1906,.F.);
#1209=ORIENTED_EDGE('',*,*,#1909,.F.);
#1210=ORIENTED_EDGE('',*,*,#1842,.F.);
#1211=ORIENTED_EDGE('',*,*,#1917,.F.);
#1212=ORIENTED_EDGE('',*,*,#1859,.F.);
#1213=ORIENTED_EDGE('',*,*,#1896,.F.);
#1214=ORIENTED_EDGE('',*,*,#1865,.F.);
#1215=ORIENTED_EDGE('',*,*,#1915,.F.);
#1216=ORIENTED_EDGE('',*,*,#1900,.F.);
#1217=ORIENTED_EDGE('',*,*,#1914,.F.);
#1218=ORIENTED_EDGE('',*,*,#1871,.F.);
#1219=ORIENTED_EDGE('',*,*,#1903,.F.);
#1220=ORIENTED_EDGE('',*,*,#1658,.F.);
#1221=ORIENTED_EDGE('',*,*,#2035,.T.);
#1222=ORIENTED_EDGE('',*,*,#1640,.F.);
#1223=ORIENTED_EDGE('',*,*,#2004,.F.);
#1224=ORIENTED_EDGE('',*,*,#1648,.F.);
#1225=ORIENTED_EDGE('',*,*,#2036,.T.);
#1226=ORIENTED_EDGE('',*,*,#1682,.F.);
#1227=ORIENTED_EDGE('',*,*,#2008,.F.);
#1228=ORIENTED_EDGE('',*,*,#1657,.F.);
#1229=ORIENTED_EDGE('',*,*,#2002,.F.);
#1230=ORIENTED_EDGE('',*,*,#1641,.F.);
#1231=ORIENTED_EDGE('',*,*,#2035,.F.);
#1232=ORIENTED_EDGE('',*,*,#2037,.F.);
#1233=ORIENTED_EDGE('',*,*,#1666,.F.);
#1234=ORIENTED_EDGE('',*,*,#1989,.F.);
#1235=ORIENTED_EDGE('',*,*,#1628,.F.);
#1236=ORIENTED_EDGE('',*,*,#1667,.F.);
#1237=ORIENTED_EDGE('',*,*,#2037,.T.);
#1238=ORIENTED_EDGE('',*,*,#1627,.F.);
#1239=ORIENTED_EDGE('',*,*,#1990,.F.);
#1240=ORIENTED_EDGE('',*,*,#2038,.F.);
#1241=ORIENTED_EDGE('',*,*,#1675,.F.);
#1242=ORIENTED_EDGE('',*,*,#1996,.F.);
#1243=ORIENTED_EDGE('',*,*,#1633,.F.);
#1244=ORIENTED_EDGE('',*,*,#1676,.F.);
#1245=ORIENTED_EDGE('',*,*,#2038,.T.);
#1246=ORIENTED_EDGE('',*,*,#1632,.F.);
#1247=ORIENTED_EDGE('',*,*,#1998,.F.);
#1248=ORIENTED_EDGE('',*,*,#1683,.F.);
#1249=ORIENTED_EDGE('',*,*,#2036,.F.);
#1250=ORIENTED_EDGE('',*,*,#1647,.F.);
#1251=ORIENTED_EDGE('',*,*,#2010,.F.);
#1252=ORIENTED_EDGE('',*,*,#1991,.F.);
#1253=ORIENTED_EDGE('',*,*,#1653,.F.);
#1254=ORIENTED_EDGE('',*,*,#1623,.F.);
#1255=ORIENTED_EDGE('',*,*,#1992,.F.);
#1256=ORIENTED_EDGE('',*,*,#2039,.F.);
#1257=ORIENTED_EDGE('',*,*,#1720,.F.);
#1258=ORIENTED_EDGE('',*,*,#1985,.F.);
#1259=ORIENTED_EDGE('',*,*,#1785,.F.);
#1260=ORIENTED_EDGE('',*,*,#1721,.F.);
#1261=ORIENTED_EDGE('',*,*,#2039,.T.);
#1262=ORIENTED_EDGE('',*,*,#1784,.F.);
#1263=ORIENTED_EDGE('',*,*,#1986,.F.);
#1264=ORIENTED_EDGE('',*,*,#1982,.F.);
#1265=ORIENTED_EDGE('',*,*,#1715,.F.);
#1266=ORIENTED_EDGE('',*,*,#2040,.F.);
#1267=ORIENTED_EDGE('',*,*,#1790,.F.);
#1268=ORIENTED_EDGE('',*,*,#1714,.F.);
#1269=ORIENTED_EDGE('',*,*,#1980,.F.);
#1270=ORIENTED_EDGE('',*,*,#1791,.F.);
#1271=ORIENTED_EDGE('',*,*,#2040,.T.);
#1272=ORIENTED_EDGE('',*,*,#1968,.F.);
#1273=ORIENTED_EDGE('',*,*,#1696,.F.);
#1274=ORIENTED_EDGE('',*,*,#2041,.F.);
#1275=ORIENTED_EDGE('',*,*,#1806,.F.);
#1276=ORIENTED_EDGE('',*,*,#1695,.F.);
#1277=ORIENTED_EDGE('',*,*,#1966,.F.);
#1278=ORIENTED_EDGE('',*,*,#1807,.F.);
#1279=ORIENTED_EDGE('',*,*,#2041,.T.);
#1280=ORIENTED_EDGE('',*,*,#1976,.F.);
#1281=ORIENTED_EDGE('',*,*,#1703,.F.);
#1282=ORIENTED_EDGE('',*,*,#2042,.F.);
#1283=ORIENTED_EDGE('',*,*,#1799,.F.);
#1284=ORIENTED_EDGE('',*,*,#1702,.F.);
#1285=ORIENTED_EDGE('',*,*,#1974,.F.);
#1286=ORIENTED_EDGE('',*,*,#1800,.F.);
#1287=ORIENTED_EDGE('',*,*,#2042,.T.);
#1288=ORIENTED_EDGE('',*,*,#1693,.F.);
#1289=ORIENTED_EDGE('',*,*,#1969,.F.);
#1290=ORIENTED_EDGE('',*,*,#1783,.F.);
#1291=ORIENTED_EDGE('',*,*,#1970,.F.);
#1292=ORIENTED_EDGE('',*,*,#1705,.F.);
#1293=ORIENTED_EDGE('',*,*,#1975,.F.);
#1294=ORIENTED_EDGE('',*,*,#1797,.F.);
#1295=ORIENTED_EDGE('',*,*,#1971,.F.);
#1296=ORIENTED_EDGE('',*,*,#1707,.F.);
#1297=ORIENTED_EDGE('',*,*,#1972,.F.);
#1298=ORIENTED_EDGE('',*,*,#1802,.F.);
#1299=ORIENTED_EDGE('',*,*,#1973,.F.);
#1300=ORIENTED_EDGE('',*,*,#1698,.F.);
#1301=ORIENTED_EDGE('',*,*,#1967,.F.);
#1302=ORIENTED_EDGE('',*,*,#1804,.F.);
#1303=ORIENTED_EDGE('',*,*,#1963,.F.);
#1304=ORIENTED_EDGE('',*,*,#1700,.F.);
#1305=ORIENTED_EDGE('',*,*,#1964,.F.);
#1306=ORIENTED_EDGE('',*,*,#1809,.F.);
#1307=ORIENTED_EDGE('',*,*,#1965,.F.);
#1308=ORIENTED_EDGE('',*,*,#1710,.F.);
#1309=ORIENTED_EDGE('',*,*,#1981,.F.);
#1310=ORIENTED_EDGE('',*,*,#1795,.F.);
#1311=ORIENTED_EDGE('',*,*,#1977,.F.);
#1312=ORIENTED_EDGE('',*,*,#1712,.F.);
#1313=ORIENTED_EDGE('',*,*,#1978,.F.);
#1314=ORIENTED_EDGE('',*,*,#1793,.F.);
#1315=ORIENTED_EDGE('',*,*,#1979,.F.);
#1316=ORIENTED_EDGE('',*,*,#1655,.F.);
#1317=ORIENTED_EDGE('',*,*,#1999,.F.);
#1318=ORIENTED_EDGE('',*,*,#1643,.F.);
#1319=ORIENTED_EDGE('',*,*,#2001,.F.);
#1320=ORIENTED_EDGE('',*,*,#1678,.F.);
#1321=ORIENTED_EDGE('',*,*,#1997,.F.);
#1322=ORIENTED_EDGE('',*,*,#1637,.F.);
#1323=ORIENTED_EDGE('',*,*,#1993,.F.);
#1324=ORIENTED_EDGE('',*,*,#1673,.F.);
#1325=ORIENTED_EDGE('',*,*,#1994,.F.);
#1326=ORIENTED_EDGE('',*,*,#1635,.F.);
#1327=ORIENTED_EDGE('',*,*,#1995,.F.);
#1328=ORIENTED_EDGE('',*,*,#1685,.F.);
#1329=ORIENTED_EDGE('',*,*,#2009,.F.);
#1330=ORIENTED_EDGE('',*,*,#1652,.F.);
#1331=ORIENTED_EDGE('',*,*,#2005,.F.);
#1332=ORIENTED_EDGE('',*,*,#1680,.F.);
#1333=ORIENTED_EDGE('',*,*,#2006,.F.);
#1334=ORIENTED_EDGE('',*,*,#1650,.F.);
#1335=ORIENTED_EDGE('',*,*,#2007,.F.);
#1336=ORIENTED_EDGE('',*,*,#1660,.F.);
#1337=ORIENTED_EDGE('',*,*,#2003,.F.);
#1338=ORIENTED_EDGE('',*,*,#1645,.F.);
#1339=ORIENTED_EDGE('',*,*,#2000,.F.);
#1340=ORIENTED_EDGE('',*,*,#1561,.F.);
#1341=ORIENTED_EDGE('',*,*,#2043,.T.);
#1342=ORIENTED_EDGE('',*,*,#1716,.F.);
#1343=ORIENTED_EDGE('',*,*,#1514,.F.);
#1344=ORIENTED_EDGE('',*,*,#2044,.F.);
#1345=ORIENTED_EDGE('',*,*,#1663,.F.);
#1346=ORIENTED_EDGE('',*,*,#2045,.T.);
#1347=ORIENTED_EDGE('',*,*,#1742,.F.);
#1348=ORIENTED_EDGE('',*,*,#1477,.F.);
#1349=ORIENTED_EDGE('',*,*,#1565,.F.);
#1350=ORIENTED_EDGE('',*,*,#2046,.T.);
#1351=ORIENTED_EDGE('',*,*,#2047,.T.);
#1352=ORIENTED_EDGE('',*,*,#1829,.F.);
#1353=ORIENTED_EDGE('',*,*,#2048,.T.);
#1354=ORIENTED_EDGE('',*,*,#2049,.T.);
#1355=ORIENTED_EDGE('',*,*,#1836,.F.);
#1356=ORIENTED_EDGE('',*,*,#1757,.F.);
#1357=ORIENTED_EDGE('',*,*,#1767,.F.);
#1358=ORIENTED_EDGE('',*,*,#2050,.T.);
#1359=ORIENTED_EDGE('',*,*,#2048,.F.);
#1360=ORIENTED_EDGE('',*,*,#1756,.F.);
#1361=ORIENTED_EDGE('',*,*,#2051,.F.);
#1362=ORIENTED_EDGE('',*,*,#1943,.F.);
#1363=ORIENTED_EDGE('',*,*,#2047,.F.);
#1364=ORIENTED_EDGE('',*,*,#2052,.T.);
#1365=ORIENTED_EDGE('',*,*,#1780,.F.);
#1366=ORIENTED_EDGE('',*,*,#1778,.F.);
#1367=ORIENTED_EDGE('',*,*,#2053,.F.);
#1368=ORIENTED_EDGE('',*,*,#1826,.F.);
#1369=ORIENTED_EDGE('',*,*,#1934,.F.);
#1370=ORIENTED_EDGE('',*,*,#1781,.F.);
#1371=ORIENTED_EDGE('',*,*,#2054,.F.);
#1372=ORIENTED_EDGE('',*,*,#1557,.F.);
#1373=ORIENTED_EDGE('',*,*,#1953,.F.);
#1374=ORIENTED_EDGE('',*,*,#2054,.T.);
#1375=ORIENTED_EDGE('',*,*,#2052,.F.);
#1376=ORIENTED_EDGE('',*,*,#2055,.F.);
#1377=ORIENTED_EDGE('',*,*,#1558,.F.);
#1378=ORIENTED_EDGE('',*,*,#2055,.T.);
#1379=ORIENTED_EDGE('',*,*,#2046,.F.);
#1380=ORIENTED_EDGE('',*,*,#2056,.F.);
#1381=ORIENTED_EDGE('',*,*,#1559,.F.);
#1382=ORIENTED_EDGE('',*,*,#2056,.T.);
#1383=ORIENTED_EDGE('',*,*,#1564,.F.);
#1384=ORIENTED_EDGE('',*,*,#2057,.F.);
#1385=ORIENTED_EDGE('',*,*,#1560,.F.);
#1386=ORIENTED_EDGE('',*,*,#2043,.F.);
#1387=ORIENTED_EDGE('',*,*,#2057,.T.);
#1388=ORIENTED_EDGE('',*,*,#2058,.F.);
#1389=ORIENTED_EDGE('',*,*,#2058,.T.);
#1390=ORIENTED_EDGE('',*,*,#1563,.F.);
#1391=ORIENTED_EDGE('',*,*,#1828,.F.);
#1392=ORIENTED_EDGE('',*,*,#1717,.F.);
#1393=ORIENTED_EDGE('',*,*,#1933,.F.);
#1394=ORIENTED_EDGE('',*,*,#1746,.F.);
#1395=ORIENTED_EDGE('',*,*,#2059,.F.);
#1396=ORIENTED_EDGE('',*,*,#1766,.F.);
#1397=ORIENTED_EDGE('',*,*,#2059,.T.);
#1398=ORIENTED_EDGE('',*,*,#1745,.F.);
#1399=ORIENTED_EDGE('',*,*,#2060,.F.);
#1400=ORIENTED_EDGE('',*,*,#2050,.F.);
#1401=ORIENTED_EDGE('',*,*,#2060,.T.);
#1402=ORIENTED_EDGE('',*,*,#1744,.F.);
#1403=ORIENTED_EDGE('',*,*,#2061,.F.);
#1404=ORIENTED_EDGE('',*,*,#2049,.F.);
#1405=ORIENTED_EDGE('',*,*,#2061,.T.);
#1406=ORIENTED_EDGE('',*,*,#1743,.F.);
#1407=ORIENTED_EDGE('',*,*,#2062,.F.);
#1408=ORIENTED_EDGE('',*,*,#1834,.F.);
#1409=ORIENTED_EDGE('',*,*,#2062,.T.);
#1410=ORIENTED_EDGE('',*,*,#2045,.F.);
#1411=ORIENTED_EDGE('',*,*,#2063,.F.);
#1412=ORIENTED_EDGE('',*,*,#2063,.T.);
#1413=ORIENTED_EDGE('',*,*,#1662,.F.);
#1414=ORIENTED_EDGE('',*,*,#1759,.F.);
#1415=ORIENTED_EDGE('',*,*,#1835,.F.);
#1416=ORIENTED_EDGE('',*,*,#1534,.F.);
#1417=ORIENTED_EDGE('',*,*,#1944,.T.);
#1418=ORIENTED_EDGE('',*,*,#2064,.F.);
#1419=ORIENTED_EDGE('',*,*,#1527,.F.);
#1420=ORIENTED_EDGE('',*,*,#1538,.T.);
#1421=ORIENTED_EDGE('',*,*,#2065,.F.);
#1422=ORIENTED_EDGE('',*,*,#1528,.F.);
#1423=ORIENTED_EDGE('',*,*,#2064,.T.);
#1424=ORIENTED_EDGE('',*,*,#2051,.T.);
#1425=ORIENTED_EDGE('',*,*,#1755,.F.);
#1426=ORIENTED_EDGE('',*,*,#1541,.F.);
#1427=ORIENTED_EDGE('',*,*,#1535,.T.);
#1428=ORIENTED_EDGE('',*,*,#2065,.T.);
#1429=ORIENTED_EDGE('',*,*,#1520,.F.);
#1430=ORIENTED_EDGE('',*,*,#1827,.T.);
#1431=ORIENTED_EDGE('',*,*,#2053,.T.);
#1432=ORIENTED_EDGE('',*,*,#2066,.F.);
#1433=ORIENTED_EDGE('',*,*,#1777,.F.);
#1434=ORIENTED_EDGE('',*,*,#1769,.T.);
#1435=ORIENTED_EDGE('',*,*,#2067,.T.);
#1436=ORIENTED_EDGE('',*,*,#1941,.F.);
#1437=ORIENTED_EDGE('',*,*,#1521,.T.);
#1438=ORIENTED_EDGE('',*,*,#2066,.T.);
#1439=ORIENTED_EDGE('',*,*,#1773,.F.);
#1440=ORIENTED_EDGE('',*,*,#1942,.T.);
#1441=ORIENTED_EDGE('',*,*,#2067,.F.);
#1442=ORIENTED_EDGE('',*,*,#1893,.F.);
#1443=ORIENTED_EDGE('',*,*,#1894,.F.);
#1444=ORIENTED_EDGE('',*,*,#1880,.T.);
#1445=ORIENTED_EDGE('',*,*,#1951,.F.);
#1446=ORIENTED_EDGE('',*,*,#2068,.T.);
#1447=ORIENTED_EDGE('',*,*,#2069,.T.);
#1448=ORIENTED_EDGE('',*,*,#2070,.F.);
#1449=ORIENTED_EDGE('',*,*,#2044,.T.);
#1450=ORIENTED_EDGE('',*,*,#1513,.F.);
#1451=ORIENTED_EDGE('',*,*,#2069,.F.);
#1452=ORIENTED_EDGE('',*,*,#2068,.F.);
#1453=ORIENTED_EDGE('',*,*,#1950,.T.);
#1454=ORIENTED_EDGE('',*,*,#1954,.T.);
#1455=ORIENTED_EDGE('',*,*,#1556,.T.);
#1456=ORIENTED_EDGE('',*,*,#2070,.T.);
#1457=ORIENTED_EDGE('',*,*,#1741,.T.);
#1458=ORIENTED_EDGE('',*,*,#1470,.T.);
#1459=ORIENTED_EDGE('',*,*,#1475,.F.);
#1460=ORIENTED_EDGE('',*,*,#1463,.T.);
#1461=ORIENTED_EDGE('',*,*,#1472,.T.);
#1462=ORIENTED_EDGE('',*,*,#1932,.F.);
#1463=EDGE_CURVE('',#2071,#2072,#2465,.T.);
#1464=EDGE_CURVE('',#2071,#2073,#2466,.T.);
#1465=EDGE_CURVE('',#2074,#2073,#222,.F.);
#1466=EDGE_CURVE('',#2074,#2075,#2467,.T.);
#1467=EDGE_CURVE('',#2075,#2076,#2468,.T.);
#1468=EDGE_CURVE('',#2077,#2076,#2469,.T.);
#1469=EDGE_CURVE('',#2078,#2077,#2470,.T.);
#1470=EDGE_CURVE('',#2079,#2078,#2471,.T.);
#1471=EDGE_CURVE('',#2072,#2079,#2472,.T.);
#1472=EDGE_CURVE('',#2072,#2080,#2473,.T.);
#1473=EDGE_CURVE('',#2079,#2080,#2474,.T.);
#1474=EDGE_CURVE('',#2081,#2082,#2475,.T.);
#1475=EDGE_CURVE('',#2082,#2078,#2476,.T.);
#1476=EDGE_CURVE('',#2077,#2083,#2477,.T.);
#1477=EDGE_CURVE('',#2083,#2081,#223,.F.);
#1478=EDGE_CURVE('',#2084,#2085,#98,.T.);
#1479=EDGE_CURVE('',#2084,#2086,#2478,.T.);
#1480=EDGE_CURVE('',#2086,#2087,#99,.T.);
#1481=EDGE_CURVE('',#2087,#2088,#2479,.T.);
#1482=EDGE_CURVE('',#2089,#2088,#2480,.T.);
#1483=EDGE_CURVE('',#2089,#2085,#2481,.T.);
#1484=EDGE_CURVE('',#2090,#2091,#2482,.T.);
#1485=EDGE_CURVE('',#2090,#2092,#2483,.T.);
#1486=EDGE_CURVE('',#2093,#2092,#2484,.T.);
#1487=EDGE_CURVE('',#2091,#2093,#2485,.T.);
#1488=EDGE_CURVE('',#2094,#2095,#2486,.T.);
#1489=EDGE_CURVE('',#2095,#2096,#2487,.T.);
#1490=EDGE_CURVE('',#2097,#2096,#2488,.T.);
#1491=EDGE_CURVE('',#2097,#2094,#2489,.T.);
#1492=EDGE_CURVE('',#2098,#2099,#100,.T.);
#1493=EDGE_CURVE('',#2098,#2100,#2490,.T.);
#1494=EDGE_CURVE('',#2100,#2101,#2491,.T.);
#1495=EDGE_CURVE('',#2101,#2102,#2492,.T.);
#1496=EDGE_CURVE('',#2102,#2103,#101,.T.);
#1497=EDGE_CURVE('',#2103,#2099,#2493,.T.);
#1498=EDGE_CURVE('',#2104,#2105,#2494,.T.);
#1499=EDGE_CURVE('',#2105,#2106,#2495,.T.);
#1500=EDGE_CURVE('',#2106,#2107,#2496,.T.);
#1501=EDGE_CURVE('',#2108,#2107,#2497,.T.);
#1502=EDGE_CURVE('',#2109,#2108,#2498,.T.);
#1503=EDGE_CURVE('',#2110,#2109,#2499,.T.);
#1504=EDGE_CURVE('',#2110,#2111,#2500,.T.);
#1505=EDGE_CURVE('',#2111,#2112,#102,.T.);
#1506=EDGE_CURVE('',#2112,#2113,#2501,.T.);
#1507=EDGE_CURVE('',#2113,#2114,#103,.T.);
#1508=EDGE_CURVE('',#2114,#2115,#2502,.T.);
#1509=EDGE_CURVE('',#2115,#2116,#2503,.T.);
#1510=EDGE_CURVE('',#2116,#2117,#2504,.T.);
#1511=EDGE_CURVE('',#2117,#2104,#2505,.T.);
#1512=EDGE_CURVE('',#2118,#2119,#2506,.T.);
#1513=EDGE_CURVE('',#2118,#2120,#2507,.T.);
#1514=EDGE_CURVE('',#2120,#2119,#224,.F.);
#1515=EDGE_CURVE('',#2121,#2122,#2508,.T.);
#1516=EDGE_CURVE('',#2123,#2121,#2509,.F.);
#1517=EDGE_CURVE('',#2124,#2123,#2510,.T.);
#1518=EDGE_CURVE('',#2122,#2124,#2511,.F.);
#1519=EDGE_CURVE('',#2125,#2126,#2512,.T.);
#1520=EDGE_CURVE('',#2126,#2127,#2513,.T.);
#1521=EDGE_CURVE('',#2128,#2127,#2514,.T.);
#1522=EDGE_CURVE('',#2129,#2128,#2515,.T.);
#1523=EDGE_CURVE('',#2129,#2130,#2516,.T.);
#1524=EDGE_CURVE('',#2131,#2130,#2517,.T.);
#1525=EDGE_CURVE('',#2131,#2132,#2518,.F.);
#1526=EDGE_CURVE('',#2132,#2133,#2519,.T.);
#1527=EDGE_CURVE('',#2133,#2134,#2520,.T.);
#1528=EDGE_CURVE('',#2134,#2135,#2521,.T.);
#1529=EDGE_CURVE('',#2136,#2135,#2522,.T.);
#1530=EDGE_CURVE('',#2137,#2136,#2523,.F.);
#1531=EDGE_CURVE('',#2138,#2137,#2524,.T.);
#1532=EDGE_CURVE('',#2125,#2138,#2525,.F.);
#1533=EDGE_CURVE('',#2139,#2140,#2526,.F.);
#1534=EDGE_CURVE('',#2139,#2141,#2527,.T.);
#1535=EDGE_CURVE('',#2142,#2141,#2528,.F.);
#1536=EDGE_CURVE('',#2142,#2143,#2529,.T.);
#1537=EDGE_CURVE('',#2140,#2143,#2530,.F.);
#1538=EDGE_CURVE('',#2133,#2144,#2531,.T.);
#1539=EDGE_CURVE('',#2145,#2132,#2532,.F.);
#1540=EDGE_CURVE('',#2143,#2145,#2533,.F.);
#1541=EDGE_CURVE('',#2142,#2144,#2534,.F.);
#1542=EDGE_CURVE('',#2146,#2147,#2535,.T.);
#1543=EDGE_CURVE('',#2146,#2148,#2536,.T.);
#1544=EDGE_CURVE('',#2149,#2148,#2537,.T.);
#1545=EDGE_CURVE('',#2147,#2149,#2538,.T.);
#1546=EDGE_CURVE('',#2150,#2151,#225,.F.);
#1547=EDGE_CURVE('',#2152,#2150,#2539,.T.);
#1548=EDGE_CURVE('',#2152,#2151,#2540,.F.);
#1549=EDGE_CURVE('',#2153,#2146,#226,.F.);
#1550=EDGE_CURVE('',#2148,#2153,#2541,.T.);
#1551=EDGE_CURVE('',#2154,#2155,#2542,.T.);
#1552=EDGE_CURVE('',#2156,#2155,#2543,.T.);
#1553=EDGE_CURVE('',#2157,#2156,#2544,.T.);
#1554=EDGE_CURVE('',#2157,#2148,#2545,.T.);
#1555=EDGE_CURVE('',#2148,#2154,#2546,.T.);
#1556=EDGE_CURVE('',#2158,#2159,#2547,.T.);
#1557=EDGE_CURVE('',#2158,#2160,#2548,.F.);
#1558=EDGE_CURVE('',#2160,#2161,#227,.F.);
#1559=EDGE_CURVE('',#2161,#2162,#228,.T.);
#1560=EDGE_CURVE('',#2162,#2163,#2549,.T.);
#1561=EDGE_CURVE('',#2163,#2159,#2550,.T.);
#1562=EDGE_CURVE('',#2164,#2165,#2551,.T.);
#1563=EDGE_CURVE('',#2164,#2166,#2552,.F.);
#1564=EDGE_CURVE('',#2166,#2167,#2553,.F.);
#1565=EDGE_CURVE('',#2167,#2165,#2554,.T.);
#1566=EDGE_CURVE('',#2168,#2169,#2555,.T.);
#1567=EDGE_CURVE('',#2168,#2170,#104,.F.);
#1568=EDGE_CURVE('',#2170,#2171,#2556,.T.);
#1569=EDGE_CURVE('',#2172,#2171,#105,.T.);
#1570=EDGE_CURVE('',#2173,#2172,#2557,.F.);
#1571=EDGE_CURVE('',#2174,#2173,#229,.F.);
#1572=EDGE_CURVE('',#2174,#2175,#28,.T.);
#1573=EDGE_CURVE('',#2175,#2169,#106,.T.);
#1574=EDGE_CURVE('',#2176,#2177,#2558,.F.);
#1575=EDGE_CURVE('',#2176,#2178,#107,.F.);
#1576=EDGE_CURVE('',#2179,#2178,#2559,.T.);
#1577=EDGE_CURVE('',#2179,#2180,#108,.T.);
#1578=EDGE_CURVE('',#2180,#2181,#29,.T.);
#1579=EDGE_CURVE('',#2177,#2181,#230,.F.);
#1580=EDGE_CURVE('',#2182,#2183,#2560,.T.);
#1581=EDGE_CURVE('',#2184,#2183,#109,.T.);
#1582=EDGE_CURVE('',#2184,#2185,#2561,.T.);
#1583=EDGE_CURVE('',#2186,#2185,#2562,.T.);
#1584=EDGE_CURVE('',#2186,#2187,#2563,.T.);
#1585=EDGE_CURVE('',#2187,#2182,#110,.T.);
#1586=EDGE_CURVE('',#2188,#2189,#2564,.T.);
#1587=EDGE_CURVE('',#2189,#2190,#2565,.T.);
#1588=EDGE_CURVE('',#2190,#2191,#2566,.T.);
#1589=EDGE_CURVE('',#2188,#2191,#2567,.T.);
#1590=EDGE_CURVE('',#2192,#2193,#111,.T.);
#1591=EDGE_CURVE('',#2194,#2192,#2568,.T.);
#1592=EDGE_CURVE('',#2195,#2194,#112,.T.);
#1593=EDGE_CURVE('',#2196,#2195,#2569,.T.);
#1594=EDGE_CURVE('',#2197,#2196,#2570,.T.);
#1595=EDGE_CURVE('',#2198,#2197,#2571,.T.);
#1596=EDGE_CURVE('',#2198,#2199,#2572,.T.);
#1597=EDGE_CURVE('',#2199,#2200,#2573,.T.);
#1598=EDGE_CURVE('',#2200,#2201,#2574,.T.);
#1599=EDGE_CURVE('',#2201,#2202,#113,.T.);
#1600=EDGE_CURVE('',#2202,#2203,#2575,.T.);
#1601=EDGE_CURVE('',#2203,#2204,#2576,.T.);
#1602=EDGE_CURVE('',#2204,#2205,#2577,.T.);
#1603=EDGE_CURVE('',#2206,#2205,#2578,.T.);
#1604=EDGE_CURVE('',#2207,#2206,#2579,.T.);
#1605=EDGE_CURVE('',#2208,#2207,#2580,.T.);
#1606=EDGE_CURVE('',#2209,#2208,#2581,.T.);
#1607=EDGE_CURVE('',#2209,#2210,#114,.T.);
#1608=EDGE_CURVE('',#2076,#2210,#2582,.T.);
#1609=EDGE_CURVE('',#2075,#2211,#2583,.T.);
#1610=EDGE_CURVE('',#2212,#2211,#2584,.T.);
#1611=EDGE_CURVE('',#2213,#2212,#2585,.T.);
#1612=EDGE_CURVE('',#2193,#2213,#2586,.T.);
#1613=EDGE_CURVE('',#2214,#2215,#2587,.T.);
#1614=EDGE_CURVE('',#2216,#2215,#2588,.T.);
#1615=EDGE_CURVE('',#2217,#2216,#2589,.T.);
#1616=EDGE_CURVE('',#2214,#2217,#2590,.T.);
#1617=EDGE_CURVE('',#2218,#2219,#2591,.T.);
#1618=EDGE_CURVE('',#2220,#2219,#115,.T.);
#1619=EDGE_CURVE('',#2220,#2221,#2592,.T.);
#1620=EDGE_CURVE('',#2221,#2222,#116,.T.);
#1621=EDGE_CURVE('',#2222,#2223,#2593,.T.);
#1622=EDGE_CURVE('',#2223,#2218,#2594,.T.);
#1623=EDGE_CURVE('',#2224,#2224,#117,.T.);
#1624=EDGE_CURVE('',#2137,#2225,#2595,.F.);
#1625=EDGE_CURVE('',#2226,#2136,#2596,.F.);
#1626=EDGE_CURVE('',#2226,#2225,#2597,.F.);
#1627=EDGE_CURVE('',#2227,#2228,#118,.T.);
#1628=EDGE_CURVE('',#2228,#2229,#119,.T.);
#1629=EDGE_CURVE('',#2230,#2229,#2598,.T.);
#1630=EDGE_CURVE('',#2230,#2231,#2599,.T.);
#1631=EDGE_CURVE('',#2227,#2231,#2600,.T.);
#1632=EDGE_CURVE('',#2232,#2233,#120,.T.);
#1633=EDGE_CURVE('',#2233,#2234,#121,.T.);
#1634=EDGE_CURVE('',#2235,#2234,#2601,.T.);
#1635=EDGE_CURVE('',#2235,#2236,#122,.T.);
#1636=EDGE_CURVE('',#2236,#2237,#2602,.T.);
#1637=EDGE_CURVE('',#2237,#2238,#123,.T.);
#1638=EDGE_CURVE('',#2232,#2238,#2603,.T.);
#1639=EDGE_CURVE('',#2239,#2240,#2604,.T.);
#1640=EDGE_CURVE('',#2239,#2241,#124,.T.);
#1641=EDGE_CURVE('',#2241,#2242,#125,.T.);
#1642=EDGE_CURVE('',#2243,#2242,#2605,.T.);
#1643=EDGE_CURVE('',#2243,#2244,#126,.T.);
#1644=EDGE_CURVE('',#2244,#2245,#2606,.T.);
#1645=EDGE_CURVE('',#2245,#2240,#127,.T.);
#1646=EDGE_CURVE('',#2246,#2247,#2607,.T.);
#1647=EDGE_CURVE('',#2246,#2248,#128,.T.);
#1648=EDGE_CURVE('',#2248,#2249,#129,.T.);
#1649=EDGE_CURVE('',#2250,#2249,#2608,.T.);
#1650=EDGE_CURVE('',#2250,#2251,#130,.T.);
#1651=EDGE_CURVE('',#2251,#2252,#2609,.T.);
#1652=EDGE_CURVE('',#2252,#2247,#131,.T.);
#1653=EDGE_CURVE('',#2253,#2253,#132,.F.);
#1654=EDGE_CURVE('',#2254,#2255,#2610,.F.);
#1655=EDGE_CURVE('',#2254,#2256,#133,.F.);
#1656=EDGE_CURVE('',#2256,#2257,#2611,.F.);
#1657=EDGE_CURVE('',#2257,#2258,#134,.F.);
#1658=EDGE_CURVE('',#2258,#2259,#135,.F.);
#1659=EDGE_CURVE('',#2259,#2260,#2612,.F.);
#1660=EDGE_CURVE('',#2260,#2255,#136,.F.);
#1661=EDGE_CURVE('',#2261,#2262,#2613,.F.);
#1662=EDGE_CURVE('',#2262,#2263,#2614,.F.);
#1663=EDGE_CURVE('',#2263,#2083,#2615,.T.);
#1664=EDGE_CURVE('',#2083,#2264,#2616,.T.);
#1665=EDGE_CURVE('',#2264,#2265,#2617,.F.);
#1666=EDGE_CURVE('',#2265,#2266,#137,.F.);
#1667=EDGE_CURVE('',#2266,#2267,#138,.F.);
#1668=EDGE_CURVE('',#2267,#2268,#2618,.F.);
#1669=EDGE_CURVE('',#2268,#2151,#2619,.T.);
#1670=EDGE_CURVE('',#2152,#2261,#2620,.F.);
#1671=EDGE_CURVE('',#2269,#2269,#139,.F.);
#1672=EDGE_CURVE('',#2270,#2271,#2621,.F.);
#1673=EDGE_CURVE('',#2270,#2272,#140,.F.);
#1674=EDGE_CURVE('',#2272,#2273,#2622,.F.);
#1675=EDGE_CURVE('',#2273,#2274,#141,.F.);
#1676=EDGE_CURVE('',#2274,#2275,#142,.F.);
#1677=EDGE_CURVE('',#2275,#2276,#2623,.F.);
#1678=EDGE_CURVE('',#2276,#2271,#143,.F.);
#1679=EDGE_CURVE('',#2277,#2278,#2624,.F.);
#1680=EDGE_CURVE('',#2277,#2279,#144,.F.);
#1681=EDGE_CURVE('',#2279,#2280,#2625,.F.);
#1682=EDGE_CURVE('',#2280,#2281,#145,.F.);
#1683=EDGE_CURVE('',#2281,#2282,#146,.F.);
#1684=EDGE_CURVE('',#2282,#2283,#2626,.F.);
#1685=EDGE_CURVE('',#2283,#2278,#147,.F.);
#1686=EDGE_CURVE('',#2284,#2285,#2627,.T.);
#1687=EDGE_CURVE('',#2285,#2286,#2628,.T.);
#1688=EDGE_CURVE('',#2286,#2153,#2629,.T.);
#1689=EDGE_CURVE('',#2153,#2201,#2630,.T.);
#1690=EDGE_CURVE('',#2118,#2200,#2631,.T.);
#1691=EDGE_CURVE('',#2119,#2287,#2632,.T.);
#1692=EDGE_CURVE('',#2284,#2287,#2633,.T.);
#1693=EDGE_CURVE('',#2288,#2288,#148,.F.);
#1694=EDGE_CURVE('',#2289,#2289,#149,.F.);
#1695=EDGE_CURVE('',#2290,#2291,#150,.F.);
#1696=EDGE_CURVE('',#2291,#2292,#151,.F.);
#1697=EDGE_CURVE('',#2292,#2293,#2634,.T.);
#1698=EDGE_CURVE('',#2293,#2294,#152,.F.);
#1699=EDGE_CURVE('',#2294,#2295,#2635,.T.);
#1700=EDGE_CURVE('',#2295,#2296,#153,.F.);
#1701=EDGE_CURVE('',#2290,#2296,#2636,.T.);
#1702=EDGE_CURVE('',#2297,#2298,#154,.F.);
#1703=EDGE_CURVE('',#2298,#2299,#155,.F.);
#1704=EDGE_CURVE('',#2299,#2300,#2637,.T.);
#1705=EDGE_CURVE('',#2300,#2301,#156,.F.);
#1706=EDGE_CURVE('',#2301,#2302,#2638,.T.);
#1707=EDGE_CURVE('',#2302,#2303,#157,.F.);
#1708=EDGE_CURVE('',#2303,#2297,#2639,.T.);
#1709=EDGE_CURVE('',#2304,#2305,#2640,.T.);
#1710=EDGE_CURVE('',#2304,#2306,#158,.F.);
#1711=EDGE_CURVE('',#2306,#2307,#2641,.T.);
#1712=EDGE_CURVE('',#2307,#2308,#159,.F.);
#1713=EDGE_CURVE('',#2309,#2308,#2642,.T.);
#1714=EDGE_CURVE('',#2309,#2310,#160,.F.);
#1715=EDGE_CURVE('',#2310,#2305,#161,.F.);
#1716=EDGE_CURVE('',#2119,#2311,#2643,.F.);
#1717=EDGE_CURVE('',#2311,#2312,#2644,.T.);
#1718=EDGE_CURVE('',#2154,#2312,#2645,.T.);
#1719=EDGE_CURVE('',#2286,#2313,#2646,.T.);
#1720=EDGE_CURVE('',#2313,#2314,#162,.F.);
#1721=EDGE_CURVE('',#2314,#2315,#163,.F.);
#1722=EDGE_CURVE('',#2287,#2315,#2647,.T.);
#1723=EDGE_CURVE('',#2316,#2317,#2648,.T.);
#1724=EDGE_CURVE('',#2316,#2138,#2649,.T.);
#1725=EDGE_CURVE('',#2318,#2225,#2650,.T.);
#1726=EDGE_CURVE('',#2319,#2318,#2651,.T.);
#1727=EDGE_CURVE('',#2320,#2319,#2652,.T.);
#1728=EDGE_CURVE('',#2317,#2320,#2653,.T.);
#1729=EDGE_CURVE('',#2071,#2321,#2654,.T.);
#1730=EDGE_CURVE('',#2321,#2322,#2655,.T.);
#1731=EDGE_CURVE('',#2323,#2322,#2656,.F.);
#1732=EDGE_CURVE('',#2323,#2225,#2657,.T.);
#1733=EDGE_CURVE('',#2324,#2226,#2658,.T.);
#1734=EDGE_CURVE('',#2156,#2324,#2659,.T.);
#1735=EDGE_CURVE('',#2155,#2325,#2660,.T.);
#1736=EDGE_CURVE('',#2325,#2326,#2661,.T.);
#1737=EDGE_CURVE('',#2168,#2326,#2662,.T.);
#1738=EDGE_CURVE('',#2169,#2179,#2663,.T.);
#1739=EDGE_CURVE('',#2327,#2178,#2664,.T.);
#1740=EDGE_CURVE('',#2073,#2327,#2665,.T.);
#1741=EDGE_CURVE('',#2082,#2079,#2666,.T.);
#1742=EDGE_CURVE('',#2081,#2328,#2667,.T.);
#1743=EDGE_CURVE('',#2328,#2329,#2668,.T.);
#1744=EDGE_CURVE('',#2329,#2330,#231,.T.);
#1745=EDGE_CURVE('',#2330,#2331,#232,.F.);
#1746=EDGE_CURVE('',#2331,#2332,#2669,.F.);
#1747=EDGE_CURVE('',#2332,#2080,#2670,.T.);
#1748=EDGE_CURVE('',#2173,#2122,#2671,.T.);
#1749=EDGE_CURVE('',#2333,#2172,#2672,.T.);
#1750=EDGE_CURVE('',#2334,#2333,#2673,.T.);
#1751=EDGE_CURVE('',#2335,#2334,#2674,.T.);
#1752=EDGE_CURVE('',#2335,#2336,#2675,.F.);
#1753=EDGE_CURVE('',#2121,#2336,#2676,.F.);
#1754=EDGE_CURVE('',#2140,#2145,#2677,.T.);
#1755=EDGE_CURVE('',#2135,#2337,#2678,.T.);
#1756=EDGE_CURVE('',#2337,#2338,#164,.T.);
#1757=EDGE_CURVE('',#2338,#2339,#165,.F.);
#1758=EDGE_CURVE('',#2339,#2340,#2679,.T.);
#1759=EDGE_CURVE('',#2340,#2262,#166,.F.);
#1760=EDGE_CURVE('',#2226,#2261,#2680,.T.);
#1761=EDGE_CURVE('',#2341,#2341,#167,.F.);
#1762=EDGE_CURVE('',#2322,#2342,#233,.F.);
#1763=EDGE_CURVE('',#2123,#2342,#2681,.F.);
#1764=EDGE_CURVE('',#2336,#2323,#234,.F.);
#1765=EDGE_CURVE('',#2131,#2343,#2682,.F.);
#1766=EDGE_CURVE('',#2343,#2344,#2683,.F.);
#1767=EDGE_CURVE('',#2344,#2345,#2684,.T.);
#1768=EDGE_CURVE('',#2345,#2131,#2685,.F.);
#1769=EDGE_CURVE('',#2346,#2347,#2686,.T.);
#1770=EDGE_CURVE('',#2346,#2348,#2687,.T.);
#1771=EDGE_CURVE('',#2349,#2348,#2688,.F.);
#1772=EDGE_CURVE('',#2349,#2350,#2689,.T.);
#1773=EDGE_CURVE('',#2350,#2347,#2690,.T.);
#1774=EDGE_CURVE('',#2348,#2351,#2691,.F.);
#1775=EDGE_CURVE('',#2351,#2349,#2692,.F.);
#1776=EDGE_CURVE('',#2351,#2129,#2693,.T.);
#1777=EDGE_CURVE('',#2346,#2352,#2694,.T.);
#1778=EDGE_CURVE('',#2352,#2353,#235,.T.);
#1779=EDGE_CURVE('',#2353,#2130,#2695,.T.);
#1780=EDGE_CURVE('',#2353,#2354,#2696,.F.);
#1781=EDGE_CURVE('',#2354,#2355,#2697,.T.);
#1782=EDGE_CURVE('',#2355,#2130,#2698,.T.);
#1783=EDGE_CURVE('',#2356,#2356,#168,.T.);
#1784=EDGE_CURVE('',#2357,#2358,#169,.T.);
#1785=EDGE_CURVE('',#2358,#2359,#170,.T.);
#1786=EDGE_CURVE('',#2359,#2360,#2699,.T.);
#1787=EDGE_CURVE('',#2360,#2361,#2700,.T.);
#1788=EDGE_CURVE('',#2357,#2361,#2701,.T.);
#1789=EDGE_CURVE('',#2362,#2363,#2702,.T.);
#1790=EDGE_CURVE('',#2362,#2364,#171,.T.);
#1791=EDGE_CURVE('',#2364,#2365,#172,.T.);
#1792=EDGE_CURVE('',#2366,#2365,#2703,.T.);
#1793=EDGE_CURVE('',#2366,#2367,#173,.T.);
#1794=EDGE_CURVE('',#2367,#2368,#2704,.T.);
#1795=EDGE_CURVE('',#2368,#2363,#174,.T.);
#1796=EDGE_CURVE('',#2369,#2370,#2705,.T.);
#1797=EDGE_CURVE('',#2370,#2371,#175,.T.);
#1798=EDGE_CURVE('',#2371,#2372,#2706,.T.);
#1799=EDGE_CURVE('',#2372,#2373,#176,.T.);
#1800=EDGE_CURVE('',#2373,#2374,#177,.T.);
#1801=EDGE_CURVE('',#2374,#2375,#2707,.T.);
#1802=EDGE_CURVE('',#2375,#2369,#178,.T.);
#1803=EDGE_CURVE('',#2376,#2377,#2708,.T.);
#1804=EDGE_CURVE('',#2377,#2378,#179,.T.);
#1805=EDGE_CURVE('',#2378,#2379,#2709,.T.);
#1806=EDGE_CURVE('',#2379,#2380,#180,.T.);
#1807=EDGE_CURVE('',#2380,#2381,#181,.T.);
#1808=EDGE_CURVE('',#2382,#2381,#2710,.T.);
#1809=EDGE_CURVE('',#2382,#2376,#182,.T.);
#1810=EDGE_CURVE('',#2325,#2316,#2711,.T.);
#1811=EDGE_CURVE('',#2155,#2125,#2712,.T.);
#1812=EDGE_CURVE('',#2383,#2384,#2713,.T.);
#1813=EDGE_CURVE('',#2384,#2385,#2714,.T.);
#1814=EDGE_CURVE('',#2386,#2385,#183,.T.);
#1815=EDGE_CURVE('',#2386,#2387,#2715,.T.);
#1816=EDGE_CURVE('',#2387,#2383,#2716,.T.);
#1817=EDGE_CURVE('',#2385,#2388,#2717,.T.);
#1818=EDGE_CURVE('',#2388,#2389,#184,.T.);
#1819=EDGE_CURVE('',#2389,#2150,#2718,.F.);
#1820=EDGE_CURVE('',#2151,#2210,#2719,.T.);
#1821=EDGE_CURVE('',#2386,#2209,#2720,.T.);
#1822=EDGE_CURVE('',#2147,#2390,#185,.T.);
#1823=EDGE_CURVE('',#2391,#2390,#2721,.T.);
#1824=EDGE_CURVE('',#2391,#2392,#186,.T.);
#1825=EDGE_CURVE('',#2392,#2202,#2722,.T.);
#1826=EDGE_CURVE('',#2393,#2394,#187,.T.);
#1827=EDGE_CURVE('',#2126,#2394,#2723,.T.);
#1828=EDGE_CURVE('',#2312,#2164,#188,.F.);
#1829=EDGE_CURVE('',#2165,#2393,#189,.F.);
#1830=EDGE_CURVE('',#2193,#2114,#2724,.T.);
#1831=EDGE_CURVE('',#2115,#2213,#2725,.T.);
#1832=EDGE_CURVE('',#2192,#2113,#2726,.T.);
#1833=EDGE_CURVE('',#2194,#2112,#2727,.T.);
#1834=EDGE_CURVE('',#2395,#2396,#2728,.F.);
#1835=EDGE_CURVE('',#2396,#2340,#2729,.F.);
#1836=EDGE_CURVE('',#2339,#2395,#2730,.F.);
#1837=EDGE_CURVE('',#2397,#2391,#2731,.T.);
#1838=EDGE_CURVE('',#2397,#2398,#2732,.T.);
#1839=EDGE_CURVE('',#2399,#2398,#2733,.T.);
#1840=EDGE_CURVE('',#2392,#2399,#2734,.T.);
#1841=EDGE_CURVE('',#2400,#2401,#2735,.T.);
#1842=EDGE_CURVE('',#2400,#2402,#190,.F.);
#1843=EDGE_CURVE('',#2402,#2207,#2736,.T.);
#1844=EDGE_CURVE('',#2383,#2206,#2737,.T.);
#1845=EDGE_CURVE('',#2387,#2403,#2738,.T.);
#1846=EDGE_CURVE('',#2401,#2403,#2739,.T.);
#1847=EDGE_CURVE('',#2404,#2204,#2740,.T.);
#1848=EDGE_CURVE('',#2404,#2405,#191,.T.);
#1849=EDGE_CURVE('',#2405,#2406,#2741,.T.);
#1850=EDGE_CURVE('',#2406,#2407,#2742,.T.);
#1851=EDGE_CURVE('',#2399,#2407,#2743,.T.);
#1852=EDGE_CURVE('',#2398,#2205,#2744,.T.);
#1853=EDGE_CURVE('',#2408,#2409,#2745,.T.);
#1854=EDGE_CURVE('',#2409,#2410,#192,.T.);
#1855=EDGE_CURVE('',#2410,#2203,#2746,.T.);
#1856=EDGE_CURVE('',#2411,#2202,#2747,.T.);
#1857=EDGE_CURVE('',#2408,#2411,#2748,.T.);
#1858=EDGE_CURVE('',#2109,#2412,#2749,.T.);
#1859=EDGE_CURVE('',#2412,#2413,#193,.T.);
#1860=EDGE_CURVE('',#2413,#2414,#2750,.T.);
#1861=EDGE_CURVE('',#2414,#2415,#2751,.T.);
#1862=EDGE_CURVE('',#2196,#2415,#2752,.T.);
#1863=EDGE_CURVE('',#2110,#2196,#2753,.T.);
#1864=EDGE_CURVE('',#2416,#2417,#2754,.T.);
#1865=EDGE_CURVE('',#2417,#2418,#194,.T.);
#1866=EDGE_CURVE('',#2108,#2418,#2755,.T.);
#1867=EDGE_CURVE('',#2107,#2197,#2756,.T.);
#1868=EDGE_CURVE('',#2197,#2419,#2757,.T.);
#1869=EDGE_CURVE('',#2416,#2419,#2758,.T.);
#1870=EDGE_CURVE('',#2117,#2420,#2759,.T.);
#1871=EDGE_CURVE('',#2420,#2421,#195,.F.);
#1872=EDGE_CURVE('',#2422,#2421,#2760,.T.);
#1873=EDGE_CURVE('',#2422,#2423,#2761,.T.);
#1874=EDGE_CURVE('',#2212,#2423,#2762,.T.);
#1875=EDGE_CURVE('',#2104,#2212,#2763,.T.);
#1876=EDGE_CURVE('',#2407,#2411,#2764,.T.);
#1877=EDGE_CURVE('',#2403,#2424,#2765,.T.);
#1878=EDGE_CURVE('',#2424,#2209,#2766,.T.);
#1879=EDGE_CURVE('',#2415,#2419,#2767,.T.);
#1880=EDGE_CURVE('',#2425,#2106,#2768,.T.);
#1881=EDGE_CURVE('',#2425,#2198,#2769,.T.);
#1882=EDGE_CURVE('',#2426,#2211,#2770,.T.);
#1883=EDGE_CURVE('',#2427,#2426,#196,.F.);
#1884=EDGE_CURVE('',#2105,#2427,#197,.F.);
#1885=EDGE_CURVE('',#2074,#2426,#2771,.T.);
#1886=EDGE_CURVE('',#2428,#2429,#2772,.T.);
#1887=EDGE_CURVE('',#2428,#2264,#2773,.T.);
#1888=EDGE_CURVE('',#2268,#2429,#2774,.T.);
#1889=EDGE_CURVE('',#2397,#2157,#2775,.T.);
#1890=EDGE_CURVE('',#2324,#2430,#2776,.T.);
#1891=EDGE_CURVE('',#2384,#2430,#2777,.T.);
#1892=EDGE_CURVE('',#2431,#2199,#2778,.T.);
#1893=EDGE_CURVE('',#2431,#2118,#2779,.T.);
#1894=EDGE_CURVE('',#2425,#2431,#2780,.T.);
#1895=EDGE_CURVE('',#2195,#2111,#2781,.T.);
#1896=EDGE_CURVE('',#2418,#2412,#2782,.F.);
#1897=EDGE_CURVE('',#2423,#2432,#2783,.T.);
#1898=EDGE_CURVE('',#2213,#2432,#2784,.T.);
#1899=EDGE_CURVE('',#2433,#2434,#2785,.T.);
#1900=EDGE_CURVE('',#2434,#2435,#198,.F.);
#1901=EDGE_CURVE('',#2116,#2435,#2786,.T.);
#1902=EDGE_CURVE('',#2433,#2432,#2787,.T.);
#1903=EDGE_CURVE('',#2435,#2420,#2788,.T.);
#1904=EDGE_CURVE('',#2410,#2404,#2789,.T.);
#1905=EDGE_CURVE('',#2436,#2208,#2790,.T.);
#1906=EDGE_CURVE('',#2436,#2437,#199,.F.);
#1907=EDGE_CURVE('',#2437,#2438,#2791,.T.);
#1908=EDGE_CURVE('',#2438,#2424,#2792,.T.);
#1909=EDGE_CURVE('',#2402,#2436,#2793,.F.);
#1910=EDGE_CURVE('',#2422,#2433,#2794,.T.);
#1911=EDGE_CURVE('',#2414,#2416,#2795,.T.);
#1912=EDGE_CURVE('',#2401,#2438,#2796,.T.);
#1913=EDGE_CURVE('',#2406,#2408,#2797,.T.);
#1914=EDGE_CURVE('',#2421,#2434,#2798,.F.);
#1915=EDGE_CURVE('',#2413,#2417,#2799,.T.);
#1916=EDGE_CURVE('',#2405,#2409,#2800,.F.);
#1917=EDGE_CURVE('',#2437,#2400,#2801,.T.);
#1918=EDGE_CURVE('',#2181,#2439,#30,.T.);
#1919=EDGE_CURVE('',#2439,#2440,#2802,.T.);
#1920=EDGE_CURVE('',#2440,#2174,#31,.T.);
#1921=EDGE_CURVE('',#2177,#2124,#2803,.T.);
#1922=EDGE_CURVE('',#2441,#2441,#200,.T.);
#1923=EDGE_CURVE('',#2430,#2152,#2804,.T.);
#1924=EDGE_CURVE('',#2388,#2442,#2805,.T.);
#1925=EDGE_CURVE('',#2442,#2389,#2806,.T.);
#1926=EDGE_CURVE('',#2390,#2149,#2807,.T.);
#1927=EDGE_CURVE('',#2442,#2152,#2808,.T.);
#1928=EDGE_CURVE('',#2176,#2443,#2809,.T.);
#1929=EDGE_CURVE('',#2342,#2444,#2810,.F.);
#1930=EDGE_CURVE('',#2445,#2444,#2811,.T.);
#1931=EDGE_CURVE('',#2443,#2445,#2812,.T.);
#1932=EDGE_CURVE('',#2071,#2080,#2813,.T.);
#1933=EDGE_CURVE('',#2332,#2343,#236,.F.);
#1934=EDGE_CURVE('',#2355,#2446,#237,.F.);
#1935=EDGE_CURVE('',#2446,#2447,#2814,.F.);
#1936=EDGE_CURVE('',#2448,#2447,#2815,.T.);
#1937=EDGE_CURVE('',#2449,#2448,#2816,.T.);
#1938=EDGE_CURVE('',#2449,#2321,#2817,.T.);
#1939=EDGE_CURVE('',#2450,#2450,#201,.T.);
#1940=EDGE_CURVE('',#2451,#2451,#202,.T.);
#1941=EDGE_CURVE('',#2128,#2452,#2818,.T.);
#1942=EDGE_CURVE('',#2350,#2452,#2819,.T.);
#1943=EDGE_CURVE('',#2345,#2453,#238,.T.);
#1944=EDGE_CURVE('',#2139,#2453,#2820,.T.);
#1945=EDGE_CURVE('',#2171,#2320,#2821,.T.);
#1946=EDGE_CURVE('',#2333,#2319,#2822,.T.);
#1947=EDGE_CURVE('',#2334,#2318,#2823,.T.);
#1948=EDGE_CURVE('',#2323,#2335,#203,.T.);
#1949=EDGE_CURVE('',#2427,#2454,#2824,.T.);
#1950=EDGE_CURVE('',#2455,#2454,#204,.T.);
#1951=EDGE_CURVE('',#2455,#2106,#2825,.T.);
#1952=EDGE_CURVE('',#2327,#2447,#205,.F.);
#1953=EDGE_CURVE('',#2446,#2158,#32,.T.);
#1954=EDGE_CURVE('',#2454,#2158,#206,.T.);
#1955=EDGE_CURVE('',#2322,#2444,#207,.F.);
#1956=EDGE_CURVE('',#2456,#2179,#2826,.T.);
#1957=EDGE_CURVE('',#2456,#2180,#33,.T.);
#1958=EDGE_CURVE('',#2457,#2169,#2827,.T.);
#1959=EDGE_CURVE('',#2457,#2456,#2828,.F.);
#1960=EDGE_CURVE('',#2175,#2457,#34,.T.);
#1961=EDGE_CURVE('',#2457,#2440,#208,.T.);
#1962=EDGE_CURVE('',#2456,#2439,#209,.T.);
#1963=EDGE_CURVE('',#2294,#2377,#2829,.T.);
#1964=EDGE_CURVE('',#2376,#2295,#2830,.F.);
#1965=EDGE_CURVE('',#2296,#2382,#2831,.T.);
#1966=EDGE_CURVE('',#2381,#2290,#2832,.F.);
#1967=EDGE_CURVE('',#2378,#2293,#2833,.F.);
#1968=EDGE_CURVE('',#2292,#2379,#2834,.F.);
#1969=EDGE_CURVE('',#2458,#2458,#210,.T.);
#1970=EDGE_CURVE('',#2459,#2459,#211,.F.);
#1971=EDGE_CURVE('',#2301,#2370,#2835,.T.);
#1972=EDGE_CURVE('',#2369,#2302,#2836,.F.);
#1973=EDGE_CURVE('',#2303,#2375,#2837,.T.);
#1974=EDGE_CURVE('',#2374,#2297,#2838,.T.);
#1975=EDGE_CURVE('',#2371,#2300,#2839,.F.);
#1976=EDGE_CURVE('',#2299,#2372,#2840,.F.);
#1977=EDGE_CURVE('',#2306,#2368,#2841,.T.);
#1978=EDGE_CURVE('',#2367,#2307,#2842,.F.);
#1979=EDGE_CURVE('',#2308,#2366,#2843,.T.);
#1980=EDGE_CURVE('',#2365,#2309,#2844,.F.);
#1981=EDGE_CURVE('',#2363,#2304,#2845,.F.);
#1982=EDGE_CURVE('',#2305,#2362,#2846,.T.);
#1983=EDGE_CURVE('',#2284,#2361,#2847,.T.);
#1984=EDGE_CURVE('',#2285,#2360,#2848,.T.);
#1985=EDGE_CURVE('',#2359,#2313,#2849,.T.);
#1986=EDGE_CURVE('',#2315,#2357,#2850,.T.);
#1987=EDGE_CURVE('',#2429,#2231,#2851,.T.);
#1988=EDGE_CURVE('',#2428,#2230,#2852,.T.);
#1989=EDGE_CURVE('',#2229,#2265,#2853,.F.);
#1990=EDGE_CURVE('',#2267,#2227,#2854,.T.);
#1991=EDGE_CURVE('',#2460,#2460,#212,.T.);
#1992=EDGE_CURVE('',#2461,#2461,#213,.F.);
#1993=EDGE_CURVE('',#2271,#2237,#2855,.T.);
#1994=EDGE_CURVE('',#2236,#2270,#2856,.F.);
#1995=EDGE_CURVE('',#2272,#2235,#2857,.T.);
#1996=EDGE_CURVE('',#2234,#2273,#2858,.F.);
#1997=EDGE_CURVE('',#2238,#2276,#2859,.F.);
#1998=EDGE_CURVE('',#2275,#2232,#2860,.T.);
#1999=EDGE_CURVE('',#2244,#2254,#2861,.F.);
#2000=EDGE_CURVE('',#2255,#2245,#2862,.T.);
#2001=EDGE_CURVE('',#2256,#2243,#2863,.T.);
#2002=EDGE_CURVE('',#2242,#2257,#2864,.F.);
#2003=EDGE_CURVE('',#2240,#2260,#2865,.F.);
#2004=EDGE_CURVE('',#2259,#2239,#2866,.T.);
#2005=EDGE_CURVE('',#2278,#2252,#2867,.T.);
#2006=EDGE_CURVE('',#2251,#2277,#2868,.F.);
#2007=EDGE_CURVE('',#2279,#2250,#2869,.T.);
#2008=EDGE_CURVE('',#2249,#2280,#2870,.F.);
#2009=EDGE_CURVE('',#2247,#2283,#2871,.F.);
#2010=EDGE_CURVE('',#2282,#2246,#2872,.T.);
#2011=EDGE_CURVE('',#2090,#2215,#2873,.T.);
#2012=EDGE_CURVE('',#2092,#2214,#2874,.T.);
#2013=EDGE_CURVE('',#2093,#2217,#2875,.T.);
#2014=EDGE_CURVE('',#2091,#2216,#2876,.T.);
#2015=EDGE_CURVE('',#2095,#2189,#2877,.T.);
#2016=EDGE_CURVE('',#2096,#2188,#2878,.T.);
#2017=EDGE_CURVE('',#2097,#2191,#2879,.T.);
#2018=EDGE_CURVE('',#2094,#2190,#2880,.T.);
#2019=EDGE_CURVE('',#2098,#2219,#2881,.T.);
#2020=EDGE_CURVE('',#2100,#2218,#2882,.T.);
#2021=EDGE_CURVE('',#2101,#2223,#2883,.T.);
#2022=EDGE_CURVE('',#2102,#2222,#2884,.T.);
#2023=EDGE_CURVE('',#2103,#2221,#2885,.T.);
#2024=EDGE_CURVE('',#2099,#2220,#2886,.T.);
#2025=EDGE_CURVE('',#2085,#2184,#2887,.T.);
#2026=EDGE_CURVE('',#2084,#2183,#2888,.T.);
#2027=EDGE_CURVE('',#2086,#2182,#2889,.T.);
#2028=EDGE_CURVE('',#2087,#2187,#2890,.T.);
#2029=EDGE_CURVE('',#2088,#2186,#2891,.T.);
#2030=EDGE_CURVE('',#2089,#2185,#2892,.T.);
#2031=EDGE_CURVE('',#2449,#2445,#2893,.T.);
#2032=EDGE_CURVE('',#2448,#2443,#2894,.T.);
#2033=EDGE_CURVE('',#2170,#2317,#2895,.T.);
#2034=EDGE_CURVE('',#2326,#2316,#2896,.T.);
#2035=EDGE_CURVE('',#2258,#2241,#2897,.T.);
#2036=EDGE_CURVE('',#2248,#2281,#2898,.F.);
#2037=EDGE_CURVE('',#2266,#2228,#2899,.T.);
#2038=EDGE_CURVE('',#2274,#2233,#2900,.T.);
#2039=EDGE_CURVE('',#2314,#2358,#2901,.T.);
#2040=EDGE_CURVE('',#2364,#2310,#2902,.F.);
#2041=EDGE_CURVE('',#2380,#2291,#2903,.F.);
#2042=EDGE_CURVE('',#2373,#2298,#2904,.F.);
#2043=EDGE_CURVE('',#2163,#2311,#214,.T.);
#2044=EDGE_CURVE('',#2159,#2120,#2905,.T.);
#2045=EDGE_CURVE('',#2263,#2328,#215,.T.);
#2046=EDGE_CURVE('',#2167,#2462,#239,.T.);
#2047=EDGE_CURVE('',#2462,#2393,#2906,.T.);
#2048=EDGE_CURVE('',#2338,#2463,#2907,.F.);
#2049=EDGE_CURVE('',#2463,#2395,#240,.T.);
#2050=EDGE_CURVE('',#2344,#2463,#241,.F.);
#2051=EDGE_CURVE('',#2453,#2337,#2908,.T.);
#2052=EDGE_CURVE('',#2462,#2354,#242,.F.);
#2053=EDGE_CURVE('',#2394,#2352,#2909,.F.);
#2054=EDGE_CURVE('',#2160,#2354,#216,.T.);
#2055=EDGE_CURVE('',#2161,#2462,#217,.T.);
#2056=EDGE_CURVE('',#2162,#2167,#218,.T.);
#2057=EDGE_CURVE('',#2163,#2166,#243,.F.);
#2058=EDGE_CURVE('',#2311,#2166,#244,.F.);
#2059=EDGE_CURVE('',#2344,#2331,#219,.T.);
#2060=EDGE_CURVE('',#2463,#2330,#220,.T.);
#2061=EDGE_CURVE('',#2395,#2329,#221,.T.);
#2062=EDGE_CURVE('',#2396,#2328,#245,.F.);
#2063=EDGE_CURVE('',#2396,#2263,#246,.F.);
#2064=EDGE_CURVE('',#2134,#2453,#2910,.T.);
#2065=EDGE_CURVE('',#2141,#2144,#2911,.T.);
#2066=EDGE_CURVE('',#2127,#2352,#2912,.T.);
#2067=EDGE_CURVE('',#2347,#2452,#2913,.T.);
#2068=EDGE_CURVE('',#2455,#2464,#2914,.T.);
#2069=EDGE_CURVE('',#2464,#2118,#2915,.T.);
#2070=EDGE_CURVE('',#2159,#2464,#2916,.T.);
#2071=VERTEX_POINT('',#5812);
#2072=VERTEX_POINT('',#5813);
#2073=VERTEX_POINT('',#5815);
#2074=VERTEX_POINT('',#5817);
#2075=VERTEX_POINT('',#5819);
#2076=VERTEX_POINT('',#5821);
#2077=VERTEX_POINT('',#5823);
#2078=VERTEX_POINT('',#5825);
#2079=VERTEX_POINT('',#5827);
#2080=VERTEX_POINT('',#5831);
#2081=VERTEX_POINT('',#5835);
#2082=VERTEX_POINT('',#5836);
#2083=VERTEX_POINT('',#5839);
#2084=VERTEX_POINT('',#5843);
#2085=VERTEX_POINT('',#5844);
#2086=VERTEX_POINT('',#5846);
#2087=VERTEX_POINT('',#5848);
#2088=VERTEX_POINT('',#5850);
#2089=VERTEX_POINT('',#5852);
#2090=VERTEX_POINT('',#5855);
#2091=VERTEX_POINT('',#5856);
#2092=VERTEX_POINT('',#5858);
#2093=VERTEX_POINT('',#5860);
#2094=VERTEX_POINT('',#5863);
#2095=VERTEX_POINT('',#5864);
#2096=VERTEX_POINT('',#5866);
#2097=VERTEX_POINT('',#5868);
#2098=VERTEX_POINT('',#5871);
#2099=VERTEX_POINT('',#5872);
#2100=VERTEX_POINT('',#5874);
#2101=VERTEX_POINT('',#5876);
#2102=VERTEX_POINT('',#5878);
#2103=VERTEX_POINT('',#5880);
#2104=VERTEX_POINT('',#5883);
#2105=VERTEX_POINT('',#5884);
#2106=VERTEX_POINT('',#5886);
#2107=VERTEX_POINT('',#5888);
#2108=VERTEX_POINT('',#5890);
#2109=VERTEX_POINT('',#5892);
#2110=VERTEX_POINT('',#5894);
#2111=VERTEX_POINT('',#5896);
#2112=VERTEX_POINT('',#5898);
#2113=VERTEX_POINT('',#5900);
#2114=VERTEX_POINT('',#5902);
#2115=VERTEX_POINT('',#5904);
#2116=VERTEX_POINT('',#5906);
#2117=VERTEX_POINT('',#5908);
#2118=VERTEX_POINT('',#5912);
#2119=VERTEX_POINT('',#5913);
#2120=VERTEX_POINT('',#5915);
#2121=VERTEX_POINT('',#5919);
#2122=VERTEX_POINT('',#5920);
#2123=VERTEX_POINT('',#5922);
#2124=VERTEX_POINT('',#5924);
#2125=VERTEX_POINT('',#5927);
#2126=VERTEX_POINT('',#5928);
#2127=VERTEX_POINT('',#5930);
#2128=VERTEX_POINT('',#5932);
#2129=VERTEX_POINT('',#5934);
#2130=VERTEX_POINT('',#5936);
#2131=VERTEX_POINT('',#5938);
#2132=VERTEX_POINT('',#5940);
#2133=VERTEX_POINT('',#5942);
#2134=VERTEX_POINT('',#5944);
#2135=VERTEX_POINT('',#5946);
#2136=VERTEX_POINT('',#5948);
#2137=VERTEX_POINT('',#5950);
#2138=VERTEX_POINT('',#5952);
#2139=VERTEX_POINT('',#5956);
#2140=VERTEX_POINT('',#5957);
#2141=VERTEX_POINT('',#5959);
#2142=VERTEX_POINT('',#5961);
#2143=VERTEX_POINT('',#5963);
#2144=VERTEX_POINT('',#5967);
#2145=VERTEX_POINT('',#5969);
#2146=VERTEX_POINT('',#5974);
#2147=VERTEX_POINT('',#5975);
#2148=VERTEX_POINT('',#5977);
#2149=VERTEX_POINT('',#5979);
#2150=VERTEX_POINT('',#5983);
#2151=VERTEX_POINT('',#5984);
#2152=VERTEX_POINT('',#5986);
#2153=VERTEX_POINT('',#5990);
#2154=VERTEX_POINT('',#5994);
#2155=VERTEX_POINT('',#5995);
#2156=VERTEX_POINT('',#5997);
#2157=VERTEX_POINT('',#5999);
#2158=VERTEX_POINT('',#6004);
#2159=VERTEX_POINT('',#6005);
#2160=VERTEX_POINT('',#6007);
#2161=VERTEX_POINT('',#6009);
#2162=VERTEX_POINT('',#6011);
#2163=VERTEX_POINT('',#6013);
#2164=VERTEX_POINT('',#6017);
#2165=VERTEX_POINT('',#6018);
#2166=VERTEX_POINT('',#6020);
#2167=VERTEX_POINT('',#6022);
#2168=VERTEX_POINT('',#6026);
#2169=VERTEX_POINT('',#6027);
#2170=VERTEX_POINT('',#6029);
#2171=VERTEX_POINT('',#6031);
#2172=VERTEX_POINT('',#6033);
#2173=VERTEX_POINT('',#6035);
#2174=VERTEX_POINT('',#6037);
#2175=VERTEX_POINT('',#6042);
#2176=VERTEX_POINT('',#6046);
#2177=VERTEX_POINT('',#6047);
#2178=VERTEX_POINT('',#6049);
#2179=VERTEX_POINT('',#6051);
#2180=VERTEX_POINT('',#6053);
#2181=VERTEX_POINT('',#6058);
#2182=VERTEX_POINT('',#6062);
#2183=VERTEX_POINT('',#6063);
#2184=VERTEX_POINT('',#6065);
#2185=VERTEX_POINT('',#6067);
#2186=VERTEX_POINT('',#6069);
#2187=VERTEX_POINT('',#6071);
#2188=VERTEX_POINT('',#6074);
#2189=VERTEX_POINT('',#6075);
#2190=VERTEX_POINT('',#6077);
#2191=VERTEX_POINT('',#6079);
#2192=VERTEX_POINT('',#6082);
#2193=VERTEX_POINT('',#6083);
#2194=VERTEX_POINT('',#6085);
#2195=VERTEX_POINT('',#6087);
#2196=VERTEX_POINT('',#6089);
#2197=VERTEX_POINT('',#6091);
#2198=VERTEX_POINT('',#6093);
#2199=VERTEX_POINT('',#6095);
#2200=VERTEX_POINT('',#6097);
#2201=VERTEX_POINT('',#6099);
#2202=VERTEX_POINT('',#6101);
#2203=VERTEX_POINT('',#6103);
#2204=VERTEX_POINT('',#6105);
#2205=VERTEX_POINT('',#6107);
#2206=VERTEX_POINT('',#6109);
#2207=VERTEX_POINT('',#6111);
#2208=VERTEX_POINT('',#6113);
#2209=VERTEX_POINT('',#6115);
#2210=VERTEX_POINT('',#6117);
#2211=VERTEX_POINT('',#6120);
#2212=VERTEX_POINT('',#6122);
#2213=VERTEX_POINT('',#6124);
#2214=VERTEX_POINT('',#6127);
#2215=VERTEX_POINT('',#6128);
#2216=VERTEX_POINT('',#6130);
#2217=VERTEX_POINT('',#6132);
#2218=VERTEX_POINT('',#6135);
#2219=VERTEX_POINT('',#6136);
#2220=VERTEX_POINT('',#6138);
#2221=VERTEX_POINT('',#6140);
#2222=VERTEX_POINT('',#6142);
#2223=VERTEX_POINT('',#6144);
#2224=VERTEX_POINT('',#6148);
#2225=VERTEX_POINT('',#6150);
#2226=VERTEX_POINT('',#6152);
#2227=VERTEX_POINT('',#6155);
#2228=VERTEX_POINT('',#6156);
#2229=VERTEX_POINT('',#6158);
#2230=VERTEX_POINT('',#6160);
#2231=VERTEX_POINT('',#6162);
#2232=VERTEX_POINT('',#6165);
#2233=VERTEX_POINT('',#6166);
#2234=VERTEX_POINT('',#6168);
#2235=VERTEX_POINT('',#6170);
#2236=VERTEX_POINT('',#6172);
#2237=VERTEX_POINT('',#6174);
#2238=VERTEX_POINT('',#6176);
#2239=VERTEX_POINT('',#6179);
#2240=VERTEX_POINT('',#6180);
#2241=VERTEX_POINT('',#6182);
#2242=VERTEX_POINT('',#6184);
#2243=VERTEX_POINT('',#6186);
#2244=VERTEX_POINT('',#6188);
#2245=VERTEX_POINT('',#6190);
#2246=VERTEX_POINT('',#6193);
#2247=VERTEX_POINT('',#6194);
#2248=VERTEX_POINT('',#6196);
#2249=VERTEX_POINT('',#6198);
#2250=VERTEX_POINT('',#6200);
#2251=VERTEX_POINT('',#6202);
#2252=VERTEX_POINT('',#6204);
#2253=VERTEX_POINT('',#6208);
#2254=VERTEX_POINT('',#6210);
#2255=VERTEX_POINT('',#6211);
#2256=VERTEX_POINT('',#6213);
#2257=VERTEX_POINT('',#6215);
#2258=VERTEX_POINT('',#6217);
#2259=VERTEX_POINT('',#6219);
#2260=VERTEX_POINT('',#6221);
#2261=VERTEX_POINT('',#6224);
#2262=VERTEX_POINT('',#6225);
#2263=VERTEX_POINT('',#6227);
#2264=VERTEX_POINT('',#6230);
#2265=VERTEX_POINT('',#6232);
#2266=VERTEX_POINT('',#6234);
#2267=VERTEX_POINT('',#6236);
#2268=VERTEX_POINT('',#6238);
#2269=VERTEX_POINT('',#6242);
#2270=VERTEX_POINT('',#6244);
#2271=VERTEX_POINT('',#6245);
#2272=VERTEX_POINT('',#6247);
#2273=VERTEX_POINT('',#6249);
#2274=VERTEX_POINT('',#6251);
#2275=VERTEX_POINT('',#6253);
#2276=VERTEX_POINT('',#6255);
#2277=VERTEX_POINT('',#6258);
#2278=VERTEX_POINT('',#6259);
#2279=VERTEX_POINT('',#6261);
#2280=VERTEX_POINT('',#6263);
#2281=VERTEX_POINT('',#6265);
#2282=VERTEX_POINT('',#6267);
#2283=VERTEX_POINT('',#6269);
#2284=VERTEX_POINT('',#6273);
#2285=VERTEX_POINT('',#6274);
#2286=VERTEX_POINT('',#6276);
#2287=VERTEX_POINT('',#6281);
#2288=VERTEX_POINT('',#6285);
#2289=VERTEX_POINT('',#6287);
#2290=VERTEX_POINT('',#6289);
#2291=VERTEX_POINT('',#6290);
#2292=VERTEX_POINT('',#6292);
#2293=VERTEX_POINT('',#6294);
#2294=VERTEX_POINT('',#6296);
#2295=VERTEX_POINT('',#6298);
#2296=VERTEX_POINT('',#6300);
#2297=VERTEX_POINT('',#6303);
#2298=VERTEX_POINT('',#6304);
#2299=VERTEX_POINT('',#6306);
#2300=VERTEX_POINT('',#6308);
#2301=VERTEX_POINT('',#6310);
#2302=VERTEX_POINT('',#6312);
#2303=VERTEX_POINT('',#6314);
#2304=VERTEX_POINT('',#6317);
#2305=VERTEX_POINT('',#6318);
#2306=VERTEX_POINT('',#6320);
#2307=VERTEX_POINT('',#6322);
#2308=VERTEX_POINT('',#6324);
#2309=VERTEX_POINT('',#6326);
#2310=VERTEX_POINT('',#6328);
#2311=VERTEX_POINT('',#6331);
#2312=VERTEX_POINT('',#6333);
#2313=VERTEX_POINT('',#6336);
#2314=VERTEX_POINT('',#6338);
#2315=VERTEX_POINT('',#6340);
#2316=VERTEX_POINT('',#6344);
#2317=VERTEX_POINT('',#6345);
#2318=VERTEX_POINT('',#6348);
#2319=VERTEX_POINT('',#6350);
#2320=VERTEX_POINT('',#6352);
#2321=VERTEX_POINT('',#6356);
#2322=VERTEX_POINT('',#6358);
#2323=VERTEX_POINT('',#6360);
#2324=VERTEX_POINT('',#6363);
#2325=VERTEX_POINT('',#6366);
#2326=VERTEX_POINT('',#6368);
#2327=VERTEX_POINT('',#6372);
#2328=VERTEX_POINT('',#6377);
#2329=VERTEX_POINT('',#6379);
#2330=VERTEX_POINT('',#6381);
#2331=VERTEX_POINT('',#6383);
#2332=VERTEX_POINT('',#6385);
#2333=VERTEX_POINT('',#6390);
#2334=VERTEX_POINT('',#6392);
#2335=VERTEX_POINT('',#6394);
#2336=VERTEX_POINT('',#6396);
#2337=VERTEX_POINT('',#6402);
#2338=VERTEX_POINT('',#6404);
#2339=VERTEX_POINT('',#6406);
#2340=VERTEX_POINT('',#6408);
#2341=VERTEX_POINT('',#6413);
#2342=VERTEX_POINT('',#6415);
#2343=VERTEX_POINT('',#6420);
#2344=VERTEX_POINT('',#6422);
#2345=VERTEX_POINT('',#6424);
#2346=VERTEX_POINT('',#6428);
#2347=VERTEX_POINT('',#6429);
#2348=VERTEX_POINT('',#6431);
#2349=VERTEX_POINT('',#6433);
#2350=VERTEX_POINT('',#6435);
#2351=VERTEX_POINT('',#6439);
#2352=VERTEX_POINT('',#6444);
#2353=VERTEX_POINT('',#6446);
#2354=VERTEX_POINT('',#6450);
#2355=VERTEX_POINT('',#6452);
#2356=VERTEX_POINT('',#6456);
#2357=VERTEX_POINT('',#6458);
#2358=VERTEX_POINT('',#6459);
#2359=VERTEX_POINT('',#6461);
#2360=VERTEX_POINT('',#6463);
#2361=VERTEX_POINT('',#6465);
#2362=VERTEX_POINT('',#6468);
#2363=VERTEX_POINT('',#6469);
#2364=VERTEX_POINT('',#6471);
#2365=VERTEX_POINT('',#6473);
#2366=VERTEX_POINT('',#6475);
#2367=VERTEX_POINT('',#6477);
#2368=VERTEX_POINT('',#6479);
#2369=VERTEX_POINT('',#6482);
#2370=VERTEX_POINT('',#6483);
#2371=VERTEX_POINT('',#6485);
#2372=VERTEX_POINT('',#6487);
#2373=VERTEX_POINT('',#6489);
#2374=VERTEX_POINT('',#6491);
#2375=VERTEX_POINT('',#6493);
#2376=VERTEX_POINT('',#6496);
#2377=VERTEX_POINT('',#6497);
#2378=VERTEX_POINT('',#6499);
#2379=VERTEX_POINT('',#6501);
#2380=VERTEX_POINT('',#6503);
#2381=VERTEX_POINT('',#6505);
#2382=VERTEX_POINT('',#6507);
#2383=VERTEX_POINT('',#6513);
#2384=VERTEX_POINT('',#6514);
#2385=VERTEX_POINT('',#6516);
#2386=VERTEX_POINT('',#6518);
#2387=VERTEX_POINT('',#6520);
#2388=VERTEX_POINT('',#6524);
#2389=VERTEX_POINT('',#6526);
#2390=VERTEX_POINT('',#6532);
#2391=VERTEX_POINT('',#6534);
#2392=VERTEX_POINT('',#6536);
#2393=VERTEX_POINT('',#6540);
#2394=VERTEX_POINT('',#6541);
#2395=VERTEX_POINT('',#6553);
#2396=VERTEX_POINT('',#6554);
#2397=VERTEX_POINT('',#6559);
#2398=VERTEX_POINT('',#6561);
#2399=VERTEX_POINT('',#6563);
#2400=VERTEX_POINT('',#6567);
#2401=VERTEX_POINT('',#6568);
#2402=VERTEX_POINT('',#6570);
#2403=VERTEX_POINT('',#6574);
#2404=VERTEX_POINT('',#6578);
#2405=VERTEX_POINT('',#6580);
#2406=VERTEX_POINT('',#6582);
#2407=VERTEX_POINT('',#6584);
#2408=VERTEX_POINT('',#6589);
#2409=VERTEX_POINT('',#6590);
#2410=VERTEX_POINT('',#6592);
#2411=VERTEX_POINT('',#6595);
#2412=VERTEX_POINT('',#6599);
#2413=VERTEX_POINT('',#6601);
#2414=VERTEX_POINT('',#6603);
#2415=VERTEX_POINT('',#6605);
#2416=VERTEX_POINT('',#6610);
#2417=VERTEX_POINT('',#6611);
#2418=VERTEX_POINT('',#6613);
#2419=VERTEX_POINT('',#6617);
#2420=VERTEX_POINT('',#6621);
#2421=VERTEX_POINT('',#6623);
#2422=VERTEX_POINT('',#6625);
#2423=VERTEX_POINT('',#6627);
#2424=VERTEX_POINT('',#6634);
#2425=VERTEX_POINT('',#6640);
#2426=VERTEX_POINT('',#6644);
#2427=VERTEX_POINT('',#6646);
#2428=VERTEX_POINT('',#6652);
#2429=VERTEX_POINT('',#6653);
#2430=VERTEX_POINT('',#6659);
#2431=VERTEX_POINT('',#6663);
#2432=VERTEX_POINT('',#6673);
#2433=VERTEX_POINT('',#6677);
#2434=VERTEX_POINT('',#6678);
#2435=VERTEX_POINT('',#6680);
#2436=VERTEX_POINT('',#6689);
#2437=VERTEX_POINT('',#6691);
#2438=VERTEX_POINT('',#6693);
#2439=VERTEX_POINT('',#6719);
#2440=VERTEX_POINT('',#6721);
#2441=VERTEX_POINT('',#6729);
#2442=VERTEX_POINT('',#6736);
#2443=VERTEX_POINT('',#6746);
#2444=VERTEX_POINT('',#6748);
#2445=VERTEX_POINT('',#6750);
#2446=VERTEX_POINT('',#6756);
#2447=VERTEX_POINT('',#6758);
#2448=VERTEX_POINT('',#6760);
#2449=VERTEX_POINT('',#6762);
#2450=VERTEX_POINT('',#6766);
#2451=VERTEX_POINT('',#6769);
#2452=VERTEX_POINT('',#6772);
#2453=VERTEX_POINT('',#6776);
#2454=VERTEX_POINT('',#6790);
#2455=VERTEX_POINT('',#6792);
#2456=VERTEX_POINT('',#6808);
#2457=VERTEX_POINT('',#6816);
#2458=VERTEX_POINT('',#6865);
#2459=VERTEX_POINT('',#6867);
#2460=VERTEX_POINT('',#6902);
#2461=VERTEX_POINT('',#6904);
#2462=VERTEX_POINT('',#7033);
#2463=VERTEX_POINT('',#7037);
#2464=VERTEX_POINT('',#7223);
#2465=LINE('',#5811,#2917);
#2466=LINE('',#5814,#2918);
#2467=LINE('',#5818,#2919);
#2468=LINE('',#5820,#2920);
#2469=LINE('',#5822,#2921);
#2470=LINE('',#5824,#2922);
#2471=LINE('',#5826,#2923);
#2472=LINE('',#5828,#2924);
#2473=LINE('',#5830,#2925);
#2474=LINE('',#5832,#2926);
#2475=LINE('',#5834,#2927);
#2476=LINE('',#5837,#2928);
#2477=LINE('',#5838,#2929);
#2478=LINE('',#5845,#2930);
#2479=LINE('',#5849,#2931);
#2480=LINE('',#5851,#2932);
#2481=LINE('',#5853,#2933);
#2482=LINE('',#5854,#2934);
#2483=LINE('',#5857,#2935);
#2484=LINE('',#5859,#2936);
#2485=LINE('',#5861,#2937);
#2486=LINE('',#5862,#2938);
#2487=LINE('',#5865,#2939);
#2488=LINE('',#5867,#2940);
#2489=LINE('',#5869,#2941);
#2490=LINE('',#5873,#2942);
#2491=LINE('',#5875,#2943);
#2492=LINE('',#5877,#2944);
#2493=LINE('',#5881,#2945);
#2494=LINE('',#5882,#2946);
#2495=LINE('',#5885,#2947);
#2496=LINE('',#5887,#2948);
#2497=LINE('',#5889,#2949);
#2498=LINE('',#5891,#2950);
#2499=LINE('',#5893,#2951);
#2500=LINE('',#5895,#2952);
#2501=LINE('',#5899,#2953);
#2502=LINE('',#5903,#2954);
#2503=LINE('',#5905,#2955);
#2504=LINE('',#5907,#2956);
#2505=LINE('',#5909,#2957);
#2506=LINE('',#5911,#2958);
#2507=LINE('',#5914,#2959);
#2508=LINE('',#5918,#2960);
#2509=LINE('',#5921,#2961);
#2510=LINE('',#5923,#2962);
#2511=LINE('',#5925,#2963);
#2512=LINE('',#5926,#2964);
#2513=LINE('',#5929,#2965);
#2514=LINE('',#5931,#2966);
#2515=LINE('',#5933,#2967);
#2516=LINE('',#5935,#2968);
#2517=LINE('',#5937,#2969);
#2518=LINE('',#5939,#2970);
#2519=LINE('',#5941,#2971);
#2520=LINE('',#5943,#2972);
#2521=LINE('',#5945,#2973);
#2522=LINE('',#5947,#2974);
#2523=LINE('',#5949,#2975);
#2524=LINE('',#5951,#2976);
#2525=LINE('',#5953,#2977);
#2526=LINE('',#5955,#2978);
#2527=LINE('',#5958,#2979);
#2528=LINE('',#5960,#2980);
#2529=LINE('',#5962,#2981);
#2530=LINE('',#5964,#2982);
#2531=LINE('',#5966,#2983);
#2532=LINE('',#5968,#2984);
#2533=LINE('',#5970,#2985);
#2534=LINE('',#5971,#2986);
#2535=LINE('',#5973,#2987);
#2536=LINE('',#5976,#2988);
#2537=LINE('',#5978,#2989);
#2538=LINE('',#5980,#2990);
#2539=LINE('',#5985,#2991);
#2540=LINE('',#5987,#2992);
#2541=LINE('',#5991,#2993);
#2542=LINE('',#5993,#2994);
#2543=LINE('',#5996,#2995);
#2544=LINE('',#5998,#2996);
#2545=LINE('',#6000,#2997);
#2546=LINE('',#6001,#2998);
#2547=LINE('',#6003,#2999);
#2548=LINE('',#6006,#3000);
#2549=LINE('',#6012,#3001);
#2550=LINE('',#6014,#3002);
#2551=LINE('',#6016,#3003);
#2552=LINE('',#6019,#3004);
#2553=LINE('',#6021,#3005);
#2554=LINE('',#6023,#3006);
#2555=LINE('',#6025,#3007);
#2556=LINE('',#6030,#3008);
#2557=LINE('',#6034,#3009);
#2558=LINE('',#6045,#3010);
#2559=LINE('',#6050,#3011);
#2560=LINE('',#6061,#3012);
#2561=LINE('',#6066,#3013);
#2562=LINE('',#6068,#3014);
#2563=LINE('',#6070,#3015);
#2564=LINE('',#6073,#3016);
#2565=LINE('',#6076,#3017);
#2566=LINE('',#6078,#3018);
#2567=LINE('',#6080,#3019);
#2568=LINE('',#6084,#3020);
#2569=LINE('',#6088,#3021);
#2570=LINE('',#6090,#3022);
#2571=LINE('',#6092,#3023);
#2572=LINE('',#6094,#3024);
#2573=LINE('',#6096,#3025);
#2574=LINE('',#6098,#3026);
#2575=LINE('',#6102,#3027);
#2576=LINE('',#6104,#3028);
#2577=LINE('',#6106,#3029);
#2578=LINE('',#6108,#3030);
#2579=LINE('',#6110,#3031);
#2580=LINE('',#6112,#3032);
#2581=LINE('',#6114,#3033);
#2582=LINE('',#6118,#3034);
#2583=LINE('',#6119,#3035);
#2584=LINE('',#6121,#3036);
#2585=LINE('',#6123,#3037);
#2586=LINE('',#6125,#3038);
#2587=LINE('',#6126,#3039);
#2588=LINE('',#6129,#3040);
#2589=LINE('',#6131,#3041);
#2590=LINE('',#6133,#3042);
#2591=LINE('',#6134,#3043);
#2592=LINE('',#6139,#3044);
#2593=LINE('',#6143,#3045);
#2594=LINE('',#6145,#3046);
#2595=LINE('',#6149,#3047);
#2596=LINE('',#6151,#3048);
#2597=LINE('',#6153,#3049);
#2598=LINE('',#6159,#3050);
#2599=LINE('',#6161,#3051);
#2600=LINE('',#6163,#3052);
#2601=LINE('',#6169,#3053);
#2602=LINE('',#6173,#3054);
#2603=LINE('',#6177,#3055);
#2604=LINE('',#6178,#3056);
#2605=LINE('',#6185,#3057);
#2606=LINE('',#6189,#3058);
#2607=LINE('',#6192,#3059);
#2608=LINE('',#6199,#3060);
#2609=LINE('',#6203,#3061);
#2610=LINE('',#6209,#3062);
#2611=LINE('',#6214,#3063);
#2612=LINE('',#6220,#3064);
#2613=LINE('',#6223,#3065);
#2614=LINE('',#6226,#3066);
#2615=LINE('',#6228,#3067);
#2616=LINE('',#6229,#3068);
#2617=LINE('',#6231,#3069);
#2618=LINE('',#6237,#3070);
#2619=LINE('',#6239,#3071);
#2620=LINE('',#6240,#3072);
#2621=LINE('',#6243,#3073);
#2622=LINE('',#6248,#3074);
#2623=LINE('',#6254,#3075);
#2624=LINE('',#6257,#3076);
#2625=LINE('',#6262,#3077);
#2626=LINE('',#6268,#3078);
#2627=LINE('',#6272,#3079);
#2628=LINE('',#6275,#3080);
#2629=LINE('',#6277,#3081);
#2630=LINE('',#6278,#3082);
#2631=LINE('',#6279,#3083);
#2632=LINE('',#6280,#3084);
#2633=LINE('',#6282,#3085);
#2634=LINE('',#6293,#3086);
#2635=LINE('',#6297,#3087);
#2636=LINE('',#6301,#3088);
#2637=LINE('',#6307,#3089);
#2638=LINE('',#6311,#3090);
#2639=LINE('',#6315,#3091);
#2640=LINE('',#6316,#3092);
#2641=LINE('',#6321,#3093);
#2642=LINE('',#6325,#3094);
#2643=LINE('',#6330,#3095);
#2644=LINE('',#6332,#3096);
#2645=LINE('',#6334,#3097);
#2646=LINE('',#6335,#3098);
#2647=LINE('',#6341,#3099);
#2648=LINE('',#6343,#3100);
#2649=LINE('',#6346,#3101);
#2650=LINE('',#6347,#3102);
#2651=LINE('',#6349,#3103);
#2652=LINE('',#6351,#3104);
#2653=LINE('',#6353,#3105);
#2654=LINE('',#6355,#3106);
#2655=LINE('',#6357,#3107);
#2656=LINE('',#6359,#3108);
#2657=LINE('',#6361,#3109);
#2658=LINE('',#6362,#3110);
#2659=LINE('',#6364,#3111);
#2660=LINE('',#6365,#3112);
#2661=LINE('',#6367,#3113);
#2662=LINE('',#6369,#3114);
#2663=LINE('',#6370,#3115);
#2664=LINE('',#6371,#3116);
#2665=LINE('',#6373,#3117);
#2666=LINE('',#6375,#3118);
#2667=LINE('',#6376,#3119);
#2668=LINE('',#6378,#3120);
#2669=LINE('',#6384,#3121);
#2670=LINE('',#6386,#3122);
#2671=LINE('',#6388,#3123);
#2672=LINE('',#6389,#3124);
#2673=LINE('',#6391,#3125);
#2674=LINE('',#6393,#3126);
#2675=LINE('',#6395,#3127);
#2676=LINE('',#6397,#3128);
#2677=LINE('',#6399,#3129);
#2678=LINE('',#6401,#3130);
#2679=LINE('',#6407,#3131);
#2680=LINE('',#6410,#3132);
#2681=LINE('',#6416,#3133);
#2682=LINE('',#6419,#3134);
#2683=LINE('',#6421,#3135);
#2684=LINE('',#6423,#3136);
#2685=LINE('',#6425,#3137);
#2686=LINE('',#6427,#3138);
#2687=LINE('',#6430,#3139);
#2688=LINE('',#6432,#3140);
#2689=LINE('',#6434,#3141);
#2690=LINE('',#6436,#3142);
#2691=LINE('',#6438,#3143);
#2692=LINE('',#6440,#3144);
#2693=LINE('',#6442,#3145);
#2694=LINE('',#6443,#3146);
#2695=LINE('',#6447,#3147);
#2696=LINE('',#6449,#3148);
#2697=LINE('',#6451,#3149);
#2698=LINE('',#6453,#3150);
#2699=LINE('',#6462,#3151);
#2700=LINE('',#6464,#3152);
#2701=LINE('',#6466,#3153);
#2702=LINE('',#6467,#3154);
#2703=LINE('',#6474,#3155);
#2704=LINE('',#6478,#3156);
#2705=LINE('',#6481,#3157);
#2706=LINE('',#6486,#3158);
#2707=LINE('',#6492,#3159);
#2708=LINE('',#6495,#3160);
#2709=LINE('',#6500,#3161);
#2710=LINE('',#6506,#3162);
#2711=LINE('',#6509,#3163);
#2712=LINE('',#6510,#3164);
#2713=LINE('',#6512,#3165);
#2714=LINE('',#6515,#3166);
#2715=LINE('',#6519,#3167);
#2716=LINE('',#6521,#3168);
#2717=LINE('',#6523,#3169);
#2718=LINE('',#6527,#3170);
#2719=LINE('',#6528,#3171);
#2720=LINE('',#6529,#3172);
#2721=LINE('',#6533,#3173);
#2722=LINE('',#6537,#3174);
#2723=LINE('',#6542,#3175);
#2724=LINE('',#6546,#3176);
#2725=LINE('',#6547,#3177);
#2726=LINE('',#6549,#3178);
#2727=LINE('',#6550,#3179);
#2728=LINE('',#6552,#3180);
#2729=LINE('',#6555,#3181);
#2730=LINE('',#6556,#3182);
#2731=LINE('',#6558,#3183);
#2732=LINE('',#6560,#3184);
#2733=LINE('',#6562,#3185);
#2734=LINE('',#6564,#3186);
#2735=LINE('',#6566,#3187);
#2736=LINE('',#6571,#3188);
#2737=LINE('',#6572,#3189);
#2738=LINE('',#6573,#3190);
#2739=LINE('',#6575,#3191);
#2740=LINE('',#6577,#3192);
#2741=LINE('',#6581,#3193);
#2742=LINE('',#6583,#3194);
#2743=LINE('',#6585,#3195);
#2744=LINE('',#6586,#3196);
#2745=LINE('',#6588,#3197);
#2746=LINE('',#6593,#3198);
#2747=LINE('',#6594,#3199);
#2748=LINE('',#6596,#3200);
#2749=LINE('',#6598,#3201);
#2750=LINE('',#6602,#3202);
#2751=LINE('',#6604,#3203);
#2752=LINE('',#6606,#3204);
#2753=LINE('',#6607,#3205);
#2754=LINE('',#6609,#3206);
#2755=LINE('',#6614,#3207);
#2756=LINE('',#6615,#3208);
#2757=LINE('',#6616,#3209);
#2758=LINE('',#6618,#3210);
#2759=LINE('',#6620,#3211);
#2760=LINE('',#6624,#3212);
#2761=LINE('',#6626,#3213);
#2762=LINE('',#6628,#3214);
#2763=LINE('',#6629,#3215);
#2764=LINE('',#6631,#3216);
#2765=LINE('',#6633,#3217);
#2766=LINE('',#6635,#3218);
#2767=LINE('',#6637,#3219);
#2768=LINE('',#6639,#3220);
#2769=LINE('',#6641,#3221);
#2770=LINE('',#6643,#3222);
#2771=LINE('',#6649,#3223);
#2772=LINE('',#6651,#3224);
#2773=LINE('',#6654,#3225);
#2774=LINE('',#6655,#3226);
#2775=LINE('',#6657,#3227);
#2776=LINE('',#6658,#3228);
#2777=LINE('',#6660,#3229);
#2778=LINE('',#6662,#3230);
#2779=LINE('',#6664,#3231);
#2780=LINE('',#6666,#3232);
#2781=LINE('',#6668,#3233);
#2782=LINE('',#6670,#3234);
#2783=LINE('',#6672,#3235);
#2784=LINE('',#6674,#3236);
#2785=LINE('',#6676,#3237);
#2786=LINE('',#6681,#3238);
#2787=LINE('',#6682,#3239);
#2788=LINE('',#6684,#3240);
#2789=LINE('',#6686,#3241);
#2790=LINE('',#6688,#3242);
#2791=LINE('',#6692,#3243);
#2792=LINE('',#6694,#3244);
#2793=LINE('',#6696,#3245);
#2794=LINE('',#6698,#3246);
#2795=LINE('',#6700,#3247);
#2796=LINE('',#6702,#3248);
#2797=LINE('',#6704,#3249);
#2798=LINE('',#6706,#3250);
#2799=LINE('',#6708,#3251);
#2800=LINE('',#6710,#3252);
#2801=LINE('',#6712,#3253);
#2802=LINE('',#6720,#3254);
#2803=LINE('',#6727,#3255);
#2804=LINE('',#6733,#3256);
#2805=LINE('',#6735,#3257);
#2806=LINE('',#6737,#3258);
#2807=LINE('',#6739,#3259);
#2808=LINE('',#6741,#3260);
#2809=LINE('',#6745,#3261);
#2810=LINE('',#6747,#3262);
#2811=LINE('',#6749,#3263);
#2812=LINE('',#6751,#3264);
#2813=LINE('',#6753,#3265);
#2814=LINE('',#6757,#3266);
#2815=LINE('',#6759,#3267);
#2816=LINE('',#6761,#3268);
#2817=LINE('',#6763,#3269);
#2818=LINE('',#6771,#3270);
#2819=LINE('',#6773,#3271);
#2820=LINE('',#6777,#3272);
#2821=LINE('',#6781,#3273);
#2822=LINE('',#6782,#3274);
#2823=LINE('',#6784,#3275);
#2824=LINE('',#6789,#3276);
#2825=LINE('',#6793,#3277);
#2826=LINE('',#6807,#3278);
#2827=LINE('',#6815,#3279);
#2828=LINE('',#6817,#3280);
#2829=LINE('',#6855,#3281);
#2830=LINE('',#6856,#3282);
#2831=LINE('',#6858,#3283);
#2832=LINE('',#6859,#3284);
#2833=LINE('',#6861,#3285);
#2834=LINE('',#6862,#3286);
#2835=LINE('',#6869,#3287);
#2836=LINE('',#6870,#3288);
#2837=LINE('',#6872,#3289);
#2838=LINE('',#6873,#3290);
#2839=LINE('',#6875,#3291);
#2840=LINE('',#6876,#3292);
#2841=LINE('',#6878,#3293);
#2842=LINE('',#6879,#3294);
#2843=LINE('',#6881,#3295);
#2844=LINE('',#6882,#3296);
#2845=LINE('',#6884,#3297);
#2846=LINE('',#6885,#3298);
#2847=LINE('',#6887,#3299);
#2848=LINE('',#6888,#3300);
#2849=LINE('',#6890,#3301);
#2850=LINE('',#6892,#3302);
#2851=LINE('',#6894,#3303);
#2852=LINE('',#6895,#3304);
#2853=LINE('',#6897,#3305);
#2854=LINE('',#6899,#3306);
#2855=LINE('',#6906,#3307);
#2856=LINE('',#6907,#3308);
#2857=LINE('',#6909,#3309);
#2858=LINE('',#6910,#3310);
#2859=LINE('',#6912,#3311);
#2860=LINE('',#6913,#3312);
#2861=LINE('',#6915,#3313);
#2862=LINE('',#6916,#3314);
#2863=LINE('',#6918,#3315);
#2864=LINE('',#6919,#3316);
#2865=LINE('',#6921,#3317);
#2866=LINE('',#6922,#3318);
#2867=LINE('',#6924,#3319);
#2868=LINE('',#6925,#3320);
#2869=LINE('',#6927,#3321);
#2870=LINE('',#6928,#3322);
#2871=LINE('',#6930,#3323);
#2872=LINE('',#6931,#3324);
#2873=LINE('',#6933,#3325);
#2874=LINE('',#6934,#3326);
#2875=LINE('',#6936,#3327);
#2876=LINE('',#6938,#3328);
#2877=LINE('',#6941,#3329);
#2878=LINE('',#6942,#3330);
#2879=LINE('',#6944,#3331);
#2880=LINE('',#6946,#3332);
#2881=LINE('',#6949,#3333);
#2882=LINE('',#6950,#3334);
#2883=LINE('',#6952,#3335);
#2884=LINE('',#6954,#3336);
#2885=LINE('',#6956,#3337);
#2886=LINE('',#6958,#3338);
#2887=LINE('',#6961,#3339);
#2888=LINE('',#6962,#3340);
#2889=LINE('',#6964,#3341);
#2890=LINE('',#6966,#3342);
#2891=LINE('',#6968,#3343);
#2892=LINE('',#6970,#3344);
#2893=LINE('',#6973,#3345);
#2894=LINE('',#6975,#3346);
#2895=LINE('',#6978,#3347);
#2896=LINE('',#6980,#3348);
#2897=LINE('',#6987,#3349);
#2898=LINE('',#6989,#3350);
#2899=LINE('',#6992,#3351);
#2900=LINE('',#6995,#3352);
#2901=LINE('',#7001,#3353);
#2902=LINE('',#7004,#3354);
#2903=LINE('',#7007,#3355);
#2904=LINE('',#7010,#3356);
#2905=LINE('',#7028,#3357);
#2906=LINE('',#7034,#3358);
#2907=LINE('',#7036,#3359);
#2908=LINE('',#7041,#3360);
#2909=LINE('',#7044,#3361);
#2910=LINE('',#7212,#3362);
#2911=LINE('',#7213,#3363);
#2912=LINE('',#7217,#3364);
#2913=LINE('',#7219,#3365);
#2914=LINE('',#7222,#3366);
#2915=LINE('',#7224,#3367);
#2916=LINE('',#7226,#3368);
#2917=VECTOR('',#4635,1.);
#2918=VECTOR('',#4636,1.);
#2919=VECTOR('',#4639,1.);
#2920=VECTOR('',#4640,1.);
#2921=VECTOR('',#4641,1.);
#2922=VECTOR('',#4642,1.);
#2923=VECTOR('',#4643,1.);
#2924=VECTOR('',#4644,1.);
#2925=VECTOR('',#4647,1.);
#2926=VECTOR('',#4648,1.);
#2927=VECTOR('',#4651,1.);
#2928=VECTOR('',#4652,1.);
#2929=VECTOR('',#4653,1.);
#2930=VECTOR('',#4660,1.);
#2931=VECTOR('',#4663,1.);
#2932=VECTOR('',#4664,1.);
#2933=VECTOR('',#4665,1.);
#2934=VECTOR('',#4666,1.);
#2935=VECTOR('',#4667,1.);
#2936=VECTOR('',#4668,1.);
#2937=VECTOR('',#4669,1.);
#2938=VECTOR('',#4670,1.);
#2939=VECTOR('',#4671,1.);
#2940=VECTOR('',#4672,1.);
#2941=VECTOR('',#4673,1.);
#2942=VECTOR('',#4676,1.);
#2943=VECTOR('',#4677,1.);
#2944=VECTOR('',#4678,1.);
#2945=VECTOR('',#4681,1.);
#2946=VECTOR('',#4682,1.);
#2947=VECTOR('',#4683,1.);
#2948=VECTOR('',#4684,1.);
#2949=VECTOR('',#4685,1.);
#2950=VECTOR('',#4686,1.);
#2951=VECTOR('',#4687,1.);
#2952=VECTOR('',#4688,1.);
#2953=VECTOR('',#4691,1.);
#2954=VECTOR('',#4694,1.);
#2955=VECTOR('',#4695,1.);
#2956=VECTOR('',#4696,1.);
#2957=VECTOR('',#4697,1.);
#2958=VECTOR('',#4700,1.);
#2959=VECTOR('',#4701,1.);
#2960=VECTOR('',#4706,1.);
#2961=VECTOR('',#4707,1.);
#2962=VECTOR('',#4708,1.);
#2963=VECTOR('',#4709,1.);
#2964=VECTOR('',#4710,1.);
#2965=VECTOR('',#4711,1.);
#2966=VECTOR('',#4712,1.);
#2967=VECTOR('',#4713,1.);
#2968=VECTOR('',#4714,1.);
#2969=VECTOR('',#4715,1.);
#2970=VECTOR('',#4716,1.);
#2971=VECTOR('',#4717,1.);
#2972=VECTOR('',#4718,1.);
#2973=VECTOR('',#4719,1.);
#2974=VECTOR('',#4720,1.);
#2975=VECTOR('',#4721,1.);
#2976=VECTOR('',#4722,1.);
#2977=VECTOR('',#4723,1.);
#2978=VECTOR('',#4726,1.);
#2979=VECTOR('',#4727,1.);
#2980=VECTOR('',#4728,1.);
#2981=VECTOR('',#4729,1.);
#2982=VECTOR('',#4730,1.);
#2983=VECTOR('',#4733,1.);
#2984=VECTOR('',#4734,1.);
#2985=VECTOR('',#4735,1.);
#2986=VECTOR('',#4736,1.);
#2987=VECTOR('',#4739,1.);
#2988=VECTOR('',#4740,1.);
#2989=VECTOR('',#4741,1.);
#2990=VECTOR('',#4742,1.);
#2991=VECTOR('',#4747,1.);
#2992=VECTOR('',#4748,1.);
#2993=VECTOR('',#4753,1.);
#2994=VECTOR('',#4756,1.);
#2995=VECTOR('',#4757,1.);
#2996=VECTOR('',#4758,1.);
#2997=VECTOR('',#4759,1.);
#2998=VECTOR('',#4760,1.);
#2999=VECTOR('',#4763,1.);
#3000=VECTOR('',#4764,1.);
#3001=VECTOR('',#4769,1.);
#3002=VECTOR('',#4770,1.);
#3003=VECTOR('',#4773,1.);
#3004=VECTOR('',#4774,1.);
#3005=VECTOR('',#4775,1.);
#3006=VECTOR('',#4776,1.);
#3007=VECTOR('',#4779,1.);
#3008=VECTOR('',#4782,1.);
#3009=VECTOR('',#4785,1.);
#3010=VECTOR('',#4792,1.);
#3011=VECTOR('',#4795,1.);
#3012=VECTOR('',#4802,1.);
#3013=VECTOR('',#4805,1.);
#3014=VECTOR('',#4806,1.);
#3015=VECTOR('',#4807,1.);
#3016=VECTOR('',#4810,1.);
#3017=VECTOR('',#4811,1.);
#3018=VECTOR('',#4812,1.);
#3019=VECTOR('',#4813,1.);
#3020=VECTOR('',#4816,1.);
#3021=VECTOR('',#4819,1.);
#3022=VECTOR('',#4820,1.);
#3023=VECTOR('',#4821,1.);
#3024=VECTOR('',#4822,1.);
#3025=VECTOR('',#4823,1.);
#3026=VECTOR('',#4824,1.);
#3027=VECTOR('',#4827,1.);
#3028=VECTOR('',#4828,1.);
#3029=VECTOR('',#4829,1.);
#3030=VECTOR('',#4830,1.);
#3031=VECTOR('',#4831,1.);
#3032=VECTOR('',#4832,1.);
#3033=VECTOR('',#4833,1.);
#3034=VECTOR('',#4836,1.);
#3035=VECTOR('',#4837,1.);
#3036=VECTOR('',#4838,1.);
#3037=VECTOR('',#4839,1.);
#3038=VECTOR('',#4840,1.);
#3039=VECTOR('',#4841,1.);
#3040=VECTOR('',#4842,1.);
#3041=VECTOR('',#4843,1.);
#3042=VECTOR('',#4844,1.);
#3043=VECTOR('',#4845,1.);
#3044=VECTOR('',#4848,1.);
#3045=VECTOR('',#4851,1.);
#3046=VECTOR('',#4852,1.);
#3047=VECTOR('',#4857,1.);
#3048=VECTOR('',#4858,1.);
#3049=VECTOR('',#4859,1.);
#3050=VECTOR('',#4864,1.);
#3051=VECTOR('',#4865,1.);
#3052=VECTOR('',#4866,1.);
#3053=VECTOR('',#4871,1.);
#3054=VECTOR('',#4874,1.);
#3055=VECTOR('',#4877,1.);
#3056=VECTOR('',#4878,1.);
#3057=VECTOR('',#4883,1.);
#3058=VECTOR('',#4886,1.);
#3059=VECTOR('',#4889,1.);
#3060=VECTOR('',#4894,1.);
#3061=VECTOR('',#4897,1.);
#3062=VECTOR('',#4904,1.);
#3063=VECTOR('',#4907,1.);
#3064=VECTOR('',#4912,1.);
#3065=VECTOR('',#4915,1.);
#3066=VECTOR('',#4916,1.);
#3067=VECTOR('',#4917,1.);
#3068=VECTOR('',#4918,1.);
#3069=VECTOR('',#4919,1.);
#3070=VECTOR('',#4924,1.);
#3071=VECTOR('',#4925,1.);
#3072=VECTOR('',#4926,1.);
#3073=VECTOR('',#4929,1.);
#3074=VECTOR('',#4932,1.);
#3075=VECTOR('',#4937,1.);
#3076=VECTOR('',#4940,1.);
#3077=VECTOR('',#4943,1.);
#3078=VECTOR('',#4948,1.);
#3079=VECTOR('',#4953,1.);
#3080=VECTOR('',#4954,1.);
#3081=VECTOR('',#4955,1.);
#3082=VECTOR('',#4956,1.);
#3083=VECTOR('',#4957,1.);
#3084=VECTOR('',#4958,1.);
#3085=VECTOR('',#4959,1.);
#3086=VECTOR('',#4970,1.);
#3087=VECTOR('',#4973,1.);
#3088=VECTOR('',#4976,1.);
#3089=VECTOR('',#4981,1.);
#3090=VECTOR('',#4984,1.);
#3091=VECTOR('',#4987,1.);
#3092=VECTOR('',#4988,1.);
#3093=VECTOR('',#4991,1.);
#3094=VECTOR('',#4994,1.);
#3095=VECTOR('',#4999,1.);
#3096=VECTOR('',#5000,1.);
#3097=VECTOR('',#5001,1.);
#3098=VECTOR('',#5002,1.);
#3099=VECTOR('',#5007,1.);
#3100=VECTOR('',#5010,1.);
#3101=VECTOR('',#5011,1.);
#3102=VECTOR('',#5012,1.);
#3103=VECTOR('',#5013,1.);
#3104=VECTOR('',#5014,1.);
#3105=VECTOR('',#5015,1.);
#3106=VECTOR('',#5018,1.);
#3107=VECTOR('',#5019,1.);
#3108=VECTOR('',#5020,1.);
#3109=VECTOR('',#5021,1.);
#3110=VECTOR('',#5022,1.);
#3111=VECTOR('',#5023,1.);
#3112=VECTOR('',#5024,1.);
#3113=VECTOR('',#5025,1.);
#3114=VECTOR('',#5026,1.);
#3115=VECTOR('',#5027,1.);
#3116=VECTOR('',#5028,1.);
#3117=VECTOR('',#5029,1.);
#3118=VECTOR('',#5032,1.);
#3119=VECTOR('',#5033,1.);
#3120=VECTOR('',#5034,1.);
#3121=VECTOR('',#5039,1.);
#3122=VECTOR('',#5040,1.);
#3123=VECTOR('',#5043,1.);
#3124=VECTOR('',#5044,1.);
#3125=VECTOR('',#5045,1.);
#3126=VECTOR('',#5046,1.);
#3127=VECTOR('',#5047,1.);
#3128=VECTOR('',#5048,1.);
#3129=VECTOR('',#5051,1.);
#3130=VECTOR('',#5054,1.);
#3131=VECTOR('',#5059,1.);
#3132=VECTOR('',#5062,1.);
#3133=VECTOR('',#5069,1.);
#3134=VECTOR('',#5074,1.);
#3135=VECTOR('',#5075,1.);
#3136=VECTOR('',#5076,1.);
#3137=VECTOR('',#5077,1.);
#3138=VECTOR('',#5080,1.);
#3139=VECTOR('',#5081,1.);
#3140=VECTOR('',#5082,1.);
#3141=VECTOR('',#5083,1.);
#3142=VECTOR('',#5084,1.);
#3143=VECTOR('',#5087,1.);
#3144=VECTOR('',#5088,1.);
#3145=VECTOR('',#5091,1.);
#3146=VECTOR('',#5092,1.);
#3147=VECTOR('',#5095,1.);
#3148=VECTOR('',#5098,1.);
#3149=VECTOR('',#5099,1.);
#3150=VECTOR('',#5100,1.);
#3151=VECTOR('',#5109,1.);
#3152=VECTOR('',#5110,1.);
#3153=VECTOR('',#5111,1.);
#3154=VECTOR('',#5112,1.);
#3155=VECTOR('',#5117,1.);
#3156=VECTOR('',#5120,1.);
#3157=VECTOR('',#5123,1.);
#3158=VECTOR('',#5126,1.);
#3159=VECTOR('',#5131,1.);
#3160=VECTOR('',#5134,1.);
#3161=VECTOR('',#5137,1.);
#3162=VECTOR('',#5142,1.);
#3163=VECTOR('',#5145,1.);
#3164=VECTOR('',#5146,1.);
#3165=VECTOR('',#5149,1.);
#3166=VECTOR('',#5150,1.);
#3167=VECTOR('',#5153,1.);
#3168=VECTOR('',#5154,1.);
#3169=VECTOR('',#5157,1.);
#3170=VECTOR('',#5160,1.);
#3171=VECTOR('',#5161,1.);
#3172=VECTOR('',#5162,1.);
#3173=VECTOR('',#5167,1.);
#3174=VECTOR('',#5170,1.);
#3175=VECTOR('',#5175,1.);
#3176=VECTOR('',#5182,1.);
#3177=VECTOR('',#5183,1.);
#3178=VECTOR('',#5186,1.);
#3179=VECTOR('',#5187,1.);
#3180=VECTOR('',#5190,1.);
#3181=VECTOR('',#5191,1.);
#3182=VECTOR('',#5192,1.);
#3183=VECTOR('',#5195,1.);
#3184=VECTOR('',#5196,1.);
#3185=VECTOR('',#5197,1.);
#3186=VECTOR('',#5198,1.);
#3187=VECTOR('',#5201,1.);
#3188=VECTOR('',#5204,1.);
#3189=VECTOR('',#5205,1.);
#3190=VECTOR('',#5206,1.);
#3191=VECTOR('',#5207,1.);
#3192=VECTOR('',#5210,1.);
#3193=VECTOR('',#5213,1.);
#3194=VECTOR('',#5214,1.);
#3195=VECTOR('',#5215,1.);
#3196=VECTOR('',#5216,1.);
#3197=VECTOR('',#5219,1.);
#3198=VECTOR('',#5222,1.);
#3199=VECTOR('',#5223,1.);
#3200=VECTOR('',#5224,1.);
#3201=VECTOR('',#5227,1.);
#3202=VECTOR('',#5230,1.);
#3203=VECTOR('',#5231,1.);
#3204=VECTOR('',#5232,1.);
#3205=VECTOR('',#5233,1.);
#3206=VECTOR('',#5236,1.);
#3207=VECTOR('',#5239,1.);
#3208=VECTOR('',#5240,1.);
#3209=VECTOR('',#5241,1.);
#3210=VECTOR('',#5242,1.);
#3211=VECTOR('',#5245,1.);
#3212=VECTOR('',#5248,1.);
#3213=VECTOR('',#5249,1.);
#3214=VECTOR('',#5250,1.);
#3215=VECTOR('',#5251,1.);
#3216=VECTOR('',#5254,1.);
#3217=VECTOR('',#5257,1.);
#3218=VECTOR('',#5258,1.);
#3219=VECTOR('',#5261,1.);
#3220=VECTOR('',#5264,1.);
#3221=VECTOR('',#5265,1.);
#3222=VECTOR('',#5268,1.);
#3223=VECTOR('',#5275,1.);
#3224=VECTOR('',#5278,1.);
#3225=VECTOR('',#5279,1.);
#3226=VECTOR('',#5280,1.);
#3227=VECTOR('',#5283,1.);
#3228=VECTOR('',#5284,1.);
#3229=VECTOR('',#5285,1.);
#3230=VECTOR('',#5288,1.);
#3231=VECTOR('',#5289,1.);
#3232=VECTOR('',#5292,1.);
#3233=VECTOR('',#5295,1.);
#3234=VECTOR('',#5298,1.);
#3235=VECTOR('',#5301,1.);
#3236=VECTOR('',#5302,1.);
#3237=VECTOR('',#5305,1.);
#3238=VECTOR('',#5308,1.);
#3239=VECTOR('',#5309,1.);
#3240=VECTOR('',#5312,1.);
#3241=VECTOR('',#5315,1.);
#3242=VECTOR('',#5318,1.);
#3243=VECTOR('',#5321,1.);
#3244=VECTOR('',#5322,1.);
#3245=VECTOR('',#5325,1.);
#3246=VECTOR('',#5328,1.);
#3247=VECTOR('',#5331,1.);
#3248=VECTOR('',#5334,1.);
#3249=VECTOR('',#5337,1.);
#3250=VECTOR('',#5340,1.);
#3251=VECTOR('',#5343,1.);
#3252=VECTOR('',#5346,1.);
#3253=VECTOR('',#5349,1.);
#3254=VECTOR('',#5352,1.);
#3255=VECTOR('',#5353,1.);
#3256=VECTOR('',#5362,1.);
#3257=VECTOR('',#5365,1.);
#3258=VECTOR('',#5366,1.);
#3259=VECTOR('',#5369,1.);
#3260=VECTOR('',#5372,1.);
#3261=VECTOR('',#5379,1.);
#3262=VECTOR('',#5380,1.);
#3263=VECTOR('',#5381,1.);
#3264=VECTOR('',#5382,1.);
#3265=VECTOR('',#5385,1.);
#3266=VECTOR('',#5390,1.);
#3267=VECTOR('',#5391,1.);
#3268=VECTOR('',#5392,1.);
#3269=VECTOR('',#5393,1.);
#3270=VECTOR('',#5404,1.);
#3271=VECTOR('',#5405,1.);
#3272=VECTOR('',#5410,1.);
#3273=VECTOR('',#5417,1.);
#3274=VECTOR('',#5418,1.);
#3275=VECTOR('',#5421,1.);
#3276=VECTOR('',#5430,1.);
#3277=VECTOR('',#5433,1.);
#3278=VECTOR('',#5446,1.);
#3279=VECTOR('',#5449,1.);
#3280=VECTOR('',#5450,1.);
#3281=VECTOR('',#5461,1.);
#3282=VECTOR('',#5462,1.);
#3283=VECTOR('',#5465,1.);
#3284=VECTOR('',#5466,1.);
#3285=VECTOR('',#5469,1.);
#3286=VECTOR('',#5470,1.);
#3287=VECTOR('',#5479,1.);
#3288=VECTOR('',#5480,1.);
#3289=VECTOR('',#5483,1.);
#3290=VECTOR('',#5484,1.);
#3291=VECTOR('',#5487,1.);
#3292=VECTOR('',#5488,1.);
#3293=VECTOR('',#5491,1.);
#3294=VECTOR('',#5492,1.);
#3295=VECTOR('',#5495,1.);
#3296=VECTOR('',#5496,1.);
#3297=VECTOR('',#5499,1.);
#3298=VECTOR('',#5500,1.);
#3299=VECTOR('',#5503,1.);
#3300=VECTOR('',#5504,1.);
#3301=VECTOR('',#5507,1.);
#3302=VECTOR('',#5510,1.);
#3303=VECTOR('',#5513,1.);
#3304=VECTOR('',#5514,1.);
#3305=VECTOR('',#5517,1.);
#3306=VECTOR('',#5520,1.);
#3307=VECTOR('',#5529,1.);
#3308=VECTOR('',#5530,1.);
#3309=VECTOR('',#5533,1.);
#3310=VECTOR('',#5534,1.);
#3311=VECTOR('',#5537,1.);
#3312=VECTOR('',#5538,1.);
#3313=VECTOR('',#5541,1.);
#3314=VECTOR('',#5542,1.);
#3315=VECTOR('',#5545,1.);
#3316=VECTOR('',#5546,1.);
#3317=VECTOR('',#5549,1.);
#3318=VECTOR('',#5550,1.);
#3319=VECTOR('',#5553,1.);
#3320=VECTOR('',#5554,1.);
#3321=VECTOR('',#5557,1.);
#3322=VECTOR('',#5558,1.);
#3323=VECTOR('',#5561,1.);
#3324=VECTOR('',#5562,1.);
#3325=VECTOR('',#5565,1.);
#3326=VECTOR('',#5566,1.);
#3327=VECTOR('',#5569,1.);
#3328=VECTOR('',#5572,1.);
#3329=VECTOR('',#5577,1.);
#3330=VECTOR('',#5578,1.);
#3331=VECTOR('',#5581,1.);
#3332=VECTOR('',#5584,1.);
#3333=VECTOR('',#5589,1.);
#3334=VECTOR('',#5590,1.);
#3335=VECTOR('',#5593,1.);
#3336=VECTOR('',#5596,1.);
#3337=VECTOR('',#5599,1.);
#3338=VECTOR('',#5602,1.);
#3339=VECTOR('',#5607,1.);
#3340=VECTOR('',#5608,1.);
#3341=VECTOR('',#5611,1.);
#3342=VECTOR('',#5614,1.);
#3343=VECTOR('',#5617,1.);
#3344=VECTOR('',#5620,1.);
#3345=VECTOR('',#5625,1.);
#3346=VECTOR('',#5628,1.);
#3347=VECTOR('',#5633,1.);
#3348=VECTOR('',#5636,1.);
#3349=VECTOR('',#5649,1.);
#3350=VECTOR('',#5652,1.);
#3351=VECTOR('',#5657,1.);
#3352=VECTOR('',#5662,1.);
#3353=VECTOR('',#5673,1.);
#3354=VECTOR('',#5678,1.);
#3355=VECTOR('',#5683,1.);
#3356=VECTOR('',#5688,1.);
#3357=VECTOR('',#5723,1.);
#3358=VECTOR('',#5732,1.);
#3359=VECTOR('',#5735,1.);
#3360=VECTOR('',#5742,1.);
#3361=VECTOR('',#5747,1.);
#3362=VECTOR('',#5782,1.);
#3363=VECTOR('',#5783,1.);
#3364=VECTOR('',#5790,1.);
#3365=VECTOR('',#5793,1.);
#3366=VECTOR('',#5798,1.);
#3367=VECTOR('',#5799,1.);
#3368=VECTOR('',#5802,1.);
#3369=EDGE_LOOP('',(#247,#248,#249,#250,#251,#252,#253,#254,#255));
#3370=EDGE_LOOP('',(#256,#257,#258));
#3371=EDGE_LOOP('',(#259,#260,#261,#262,#263));
#3372=EDGE_LOOP('',(#264,#265,#266,#267,#268,#269));
#3373=EDGE_LOOP('',(#270,#271,#272,#273));
#3374=EDGE_LOOP('',(#274,#275,#276,#277));
#3375=EDGE_LOOP('',(#278,#279,#280,#281,#282,#283));
#3376=EDGE_LOOP('',(#284,#285,#286,#287,#288,#289,#290,#291,#292,#293,#294,
#295,#296,#297));
#3377=EDGE_LOOP('',(#298,#299,#300));
#3378=EDGE_LOOP('',(#301,#302,#303,#304));
#3379=EDGE_LOOP('',(#305,#306,#307,#308,#309,#310,#311,#312,#313,#314,#315,
#316,#317,#318));
#3380=EDGE_LOOP('',(#319,#320,#321,#322,#323));
#3381=EDGE_LOOP('',(#324,#325,#326,#327,#328,#329));
#3382=EDGE_LOOP('',(#330,#331,#332,#333));
#3383=EDGE_LOOP('',(#334,#335,#336));
#3384=EDGE_LOOP('',(#337,#338,#339));
#3385=EDGE_LOOP('',(#340,#341,#342,#343,#344));
#3386=EDGE_LOOP('',(#345,#346,#347,#348,#349,#350));
#3387=EDGE_LOOP('',(#351,#352,#353,#354));
#3388=EDGE_LOOP('',(#355,#356,#357,#358,#359,#360,#361,#362));
#3389=EDGE_LOOP('',(#363,#364,#365,#366,#367,#368));
#3390=EDGE_LOOP('',(#369,#370,#371,#372,#373,#374));
#3391=EDGE_LOOP('',(#375,#376,#377,#378));
#3392=EDGE_LOOP('',(#379,#380,#381,#382,#383,#384,#385,#386,#387,#388,#389,
#390,#391,#392,#393,#394,#395,#396,#397,#398,#399,#400,#401,#402));
#3393=EDGE_LOOP('',(#403,#404,#405,#406));
#3394=EDGE_LOOP('',(#407,#408,#409,#410,#411,#412));
#3395=EDGE_LOOP('',(#413));
#3396=EDGE_LOOP('',(#414,#415,#416,#417));
#3397=EDGE_LOOP('',(#418,#419,#420,#421,#422));
#3398=EDGE_LOOP('',(#423,#424,#425,#426,#427,#428,#429));
#3399=EDGE_LOOP('',(#430,#431,#432,#433,#434,#435,#436));
#3400=EDGE_LOOP('',(#437,#438,#439,#440,#441,#442,#443));
#3401=EDGE_LOOP('',(#444));
#3402=EDGE_LOOP('',(#445,#446,#447,#448,#449,#450,#451));
#3403=EDGE_LOOP('',(#452,#453,#454,#455,#456,#457,#458,#459,#460,#461,#462));
#3404=EDGE_LOOP('',(#463));
#3405=EDGE_LOOP('',(#464,#465,#466,#467,#468,#469,#470));
#3406=EDGE_LOOP('',(#471,#472,#473,#474,#475,#476,#477));
#3407=EDGE_LOOP('',(#478,#479,#480,#481,#482,#483,#484,#485,#486));
#3408=EDGE_LOOP('',(#487));
#3409=EDGE_LOOP('',(#488));
#3410=EDGE_LOOP('',(#489,#490,#491,#492,#493,#494,#495));
#3411=EDGE_LOOP('',(#496,#497,#498,#499,#500,#501,#502));
#3412=EDGE_LOOP('',(#503,#504,#505,#506,#507,#508,#509));
#3413=EDGE_LOOP('',(#510,#511,#512,#513,#514,#515,#516,#517,#518,#519,#520));
#3414=EDGE_LOOP('',(#521,#522,#523,#524,#525,#526,#527,#528));
#3415=EDGE_LOOP('',(#529,#530,#531,#532,#533,#534,#535,#536,#537,#538,#539,
#540,#541,#542,#543,#544,#545));
#3416=EDGE_LOOP('',(#546,#547,#548,#549,#550,#551,#552,#553,#554));
#3417=EDGE_LOOP('',(#555,#556,#557,#558,#559,#560,#561,#562));
#3418=EDGE_LOOP('',(#563,#564,#565));
#3419=EDGE_LOOP('',(#566,#567,#568,#569,#570,#571,#572,#573,#574));
#3420=EDGE_LOOP('',(#575));
#3421=EDGE_LOOP('',(#576,#577,#578,#579,#580,#581));
#3422=EDGE_LOOP('',(#582,#583,#584,#585));
#3423=EDGE_LOOP('',(#586,#587,#588,#589,#590));
#3424=EDGE_LOOP('',(#591,#592,#593));
#3425=EDGE_LOOP('',(#594,#595,#596,#597,#598,#599,#600));
#3426=EDGE_LOOP('',(#601,#602,#603,#604));
#3427=EDGE_LOOP('',(#605));
#3428=EDGE_LOOP('',(#606,#607,#608,#609,#610));
#3429=EDGE_LOOP('',(#611,#612,#613,#614,#615,#616,#617));
#3430=EDGE_LOOP('',(#618,#619,#620,#621,#622,#623,#624));
#3431=EDGE_LOOP('',(#625,#626,#627,#628,#629,#630,#631));
#3432=EDGE_LOOP('',(#632,#633,#634,#635,#636));
#3433=EDGE_LOOP('',(#637,#638,#639,#640,#641));
#3434=EDGE_LOOP('',(#642,#643,#644,#645,#646,#647,#648,#649));
#3435=EDGE_LOOP('',(#650,#651,#652,#653,#654,#655,#656,#657));
#3436=EDGE_LOOP('',(#658,#659,#660,#661,#662,#663,#664,#665,#666));
#3437=EDGE_LOOP('',(#667,#668,#669,#670));
#3438=EDGE_LOOP('',(#671,#672,#673,#674));
#3439=EDGE_LOOP('',(#675,#676,#677,#678));
#3440=EDGE_LOOP('',(#679,#680,#681,#682,#683));
#3441=EDGE_LOOP('',(#684,#685,#686,#687,#688,#689,#690,#691));
#3442=EDGE_LOOP('',(#692,#693,#694,#695,#696,#697,#698,#699));
#3443=EDGE_LOOP('',(#700,#701,#702,#703,#704,#705));
#3444=EDGE_LOOP('',(#706,#707,#708,#709,#710,#711,#712));
#3445=EDGE_LOOP('',(#713,#714,#715,#716,#717,#718,#719));
#3446=EDGE_LOOP('',(#720,#721,#722,#723,#724,#725,#726));
#3447=EDGE_LOOP('',(#727,#728,#729,#730,#731));
#3448=EDGE_LOOP('',(#732,#733,#734,#735,#736));
#3449=EDGE_LOOP('',(#737,#738,#739,#740));
#3450=EDGE_LOOP('',(#741,#742,#743,#744,#745));
#3451=EDGE_LOOP('',(#746,#747,#748,#749,#750,#751));
#3452=EDGE_LOOP('',(#752,#753,#754,#755));
#3453=EDGE_LOOP('',(#756,#757,#758,#759,#760,#761,#762,#763,#764));
#3454=EDGE_LOOP('',(#765,#766,#767,#768,#769,#770,#771,#772,#773,#774));
#3455=EDGE_LOOP('',(#775,#776,#777,#778));
#3456=EDGE_LOOP('',(#779,#780,#781,#782));
#3457=EDGE_LOOP('',(#783,#784,#785,#786));
#3458=EDGE_LOOP('',(#787,#788,#789,#790));
#3459=EDGE_LOOP('',(#791,#792,#793,#794));
#3460=EDGE_LOOP('',(#795,#796,#797,#798,#799,#800,#801));
#3461=EDGE_LOOP('',(#802,#803,#804,#805));
#3462=EDGE_LOOP('',(#806,#807,#808,#809));
#3463=EDGE_LOOP('',(#810,#811,#812,#813,#814,#815));
#3464=EDGE_LOOP('',(#816,#817,#818,#819));
#3465=EDGE_LOOP('',(#820,#821,#822,#823));
#3466=EDGE_LOOP('',(#824,#825,#826,#827));
#3467=EDGE_LOOP('',(#828,#829,#830,#831));
#3468=EDGE_LOOP('',(#832,#833,#834,#835));
#3469=EDGE_LOOP('',(#836,#837,#838,#839));
#3470=EDGE_LOOP('',(#840,#841,#842,#843));
#3471=EDGE_LOOP('',(#844,#845,#846,#847));
#3472=EDGE_LOOP('',(#848,#849,#850,#851));
#3473=EDGE_LOOP('',(#852,#853,#854,#855,#856,#857,#858,#859));
#3474=EDGE_LOOP('',(#860));
#3475=EDGE_LOOP('',(#861,#862,#863,#864));
#3476=EDGE_LOOP('',(#865,#866,#867,#868));
#3477=EDGE_LOOP('',(#869,#870,#871,#872,#873));
#3478=EDGE_LOOP('',(#874,#875,#876));
#3479=EDGE_LOOP('',(#877,#878,#879));
#3480=EDGE_LOOP('',(#880,#881,#882,#883,#884,#885));
#3481=EDGE_LOOP('',(#886,#887,#888,#889));
#3482=EDGE_LOOP('',(#890,#891,#892,#893,#894,#895));
#3483=EDGE_LOOP('',(#896,#897,#898,#899,#900,#901,#902,#903));
#3484=EDGE_LOOP('',(#904,#905,#906,#907,#908,#909,#910,#911,#912,#913,#914,
#915));
#3485=EDGE_LOOP('',(#916));
#3486=EDGE_LOOP('',(#917));
#3487=EDGE_LOOP('',(#918));
#3488=EDGE_LOOP('',(#919));
#3489=EDGE_LOOP('',(#920,#921,#922,#923,#924,#925));
#3490=EDGE_LOOP('',(#926,#927,#928,#929,#930,#931,#932));
#3491=EDGE_LOOP('',(#933));
#3492=EDGE_LOOP('',(#934));
#3493=EDGE_LOOP('',(#935));
#3494=EDGE_LOOP('',(#936));
#3495=EDGE_LOOP('',(#937,#938,#939,#940,#941));
#3496=EDGE_LOOP('',(#942,#943,#944,#945));
#3497=EDGE_LOOP('',(#946,#947,#948,#949,#950));
#3498=EDGE_LOOP('',(#951,#952,#953));
#3499=EDGE_LOOP('',(#954,#955,#956,#957,#958));
#3500=EDGE_LOOP('',(#959,#960,#961,#962,#963,#964,#965,#966,#967));
#3501=EDGE_LOOP('',(#968,#969,#970));
#3502=EDGE_LOOP('',(#971,#972,#973));
#3503=EDGE_LOOP('',(#974,#975,#976,#977));
#3504=EDGE_LOOP('',(#978,#979,#980));
#3505=EDGE_LOOP('',(#981,#982,#983,#984));
#3506=EDGE_LOOP('',(#985,#986,#987,#988));
#3507=EDGE_LOOP('',(#989,#990,#991,#992));
#3508=EDGE_LOOP('',(#993,#994,#995,#996));
#3509=EDGE_LOOP('',(#997,#998,#999,#1000));
#3510=EDGE_LOOP('',(#1001,#1002,#1003,#1004));
#3511=EDGE_LOOP('',(#1005));
#3512=EDGE_LOOP('',(#1006));
#3513=EDGE_LOOP('',(#1007,#1008,#1009,#1010));
#3514=EDGE_LOOP('',(#1011,#1012,#1013,#1014));
#3515=EDGE_LOOP('',(#1015,#1016,#1017,#1018));
#3516=EDGE_LOOP('',(#1019,#1020,#1021,#1022));
#3517=EDGE_LOOP('',(#1023,#1024,#1025,#1026));
#3518=EDGE_LOOP('',(#1027,#1028,#1029,#1030));
#3519=EDGE_LOOP('',(#1031,#1032,#1033,#1034));
#3520=EDGE_LOOP('',(#1035,#1036,#1037,#1038,#1039));
#3521=EDGE_LOOP('',(#1040,#1041,#1042,#1043,#1044));
#3522=EDGE_LOOP('',(#1045,#1046,#1047,#1048));
#3523=EDGE_LOOP('',(#1049,#1050,#1051,#1052,#1053));
#3524=EDGE_LOOP('',(#1054,#1055,#1056,#1057,#1058));
#3525=EDGE_LOOP('',(#1059));
#3526=EDGE_LOOP('',(#1060));
#3527=EDGE_LOOP('',(#1061,#1062,#1063,#1064));
#3528=EDGE_LOOP('',(#1065,#1066,#1067,#1068));
#3529=EDGE_LOOP('',(#1069,#1070,#1071,#1072));
#3530=EDGE_LOOP('',(#1073,#1074,#1075,#1076));
#3531=EDGE_LOOP('',(#1077,#1078,#1079,#1080));
#3532=EDGE_LOOP('',(#1081,#1082,#1083,#1084));
#3533=EDGE_LOOP('',(#1085,#1086,#1087,#1088));
#3534=EDGE_LOOP('',(#1089,#1090,#1091,#1092));
#3535=EDGE_LOOP('',(#1093,#1094,#1095,#1096));
#3536=EDGE_LOOP('',(#1097,#1098,#1099,#1100));
#3537=EDGE_LOOP('',(#1101,#1102,#1103,#1104));
#3538=EDGE_LOOP('',(#1105,#1106,#1107,#1108));
#3539=EDGE_LOOP('',(#1109,#1110,#1111,#1112));
#3540=EDGE_LOOP('',(#1113,#1114,#1115,#1116));
#3541=EDGE_LOOP('',(#1117,#1118,#1119,#1120));
#3542=EDGE_LOOP('',(#1121,#1122,#1123,#1124));
#3543=EDGE_LOOP('',(#1125,#1126,#1127,#1128));
#3544=EDGE_LOOP('',(#1129,#1130,#1131,#1132));
#3545=EDGE_LOOP('',(#1133,#1134,#1135,#1136));
#3546=EDGE_LOOP('',(#1137,#1138,#1139,#1140));
#3547=EDGE_LOOP('',(#1141,#1142,#1143,#1144));
#3548=EDGE_LOOP('',(#1145,#1146,#1147,#1148));
#3549=EDGE_LOOP('',(#1149,#1150,#1151,#1152));
#3550=EDGE_LOOP('',(#1153,#1154,#1155,#1156));
#3551=EDGE_LOOP('',(#1157,#1158,#1159,#1160));
#3552=EDGE_LOOP('',(#1161,#1162,#1163,#1164));
#3553=EDGE_LOOP('',(#1165,#1166,#1167,#1168));
#3554=EDGE_LOOP('',(#1169,#1170,#1171,#1172));
#3555=EDGE_LOOP('',(#1173,#1174,#1175,#1176));
#3556=EDGE_LOOP('',(#1177,#1178,#1179,#1180,#1181));
#3557=EDGE_LOOP('',(#1182,#1183,#1184,#1185,#1186,#1187));
#3558=EDGE_LOOP('',(#1188,#1189,#1190,#1191));
#3559=EDGE_LOOP('',(#1192,#1193,#1194,#1195));
#3560=EDGE_LOOP('',(#1196,#1197,#1198,#1199,#1200));
#3561=EDGE_LOOP('',(#1201,#1202,#1203));
#3562=EDGE_LOOP('',(#1204,#1205,#1206,#1207));
#3563=EDGE_LOOP('',(#1208,#1209,#1210,#1211));
#3564=EDGE_LOOP('',(#1212,#1213,#1214,#1215));
#3565=EDGE_LOOP('',(#1216,#1217,#1218,#1219));
#3566=EDGE_LOOP('',(#1220,#1221,#1222,#1223));
#3567=EDGE_LOOP('',(#1224,#1225,#1226,#1227));
#3568=EDGE_LOOP('',(#1228,#1229,#1230,#1231));
#3569=EDGE_LOOP('',(#1232,#1233,#1234,#1235));
#3570=EDGE_LOOP('',(#1236,#1237,#1238,#1239));
#3571=EDGE_LOOP('',(#1240,#1241,#1242,#1243));
#3572=EDGE_LOOP('',(#1244,#1245,#1246,#1247));
#3573=EDGE_LOOP('',(#1248,#1249,#1250,#1251));
#3574=EDGE_LOOP('',(#1252));
#3575=EDGE_LOOP('',(#1253));
#3576=EDGE_LOOP('',(#1254));
#3577=EDGE_LOOP('',(#1255));
#3578=EDGE_LOOP('',(#1256,#1257,#1258,#1259));
#3579=EDGE_LOOP('',(#1260,#1261,#1262,#1263));
#3580=EDGE_LOOP('',(#1264,#1265,#1266,#1267));
#3581=EDGE_LOOP('',(#1268,#1269,#1270,#1271));
#3582=EDGE_LOOP('',(#1272,#1273,#1274,#1275));
#3583=EDGE_LOOP('',(#1276,#1277,#1278,#1279));
#3584=EDGE_LOOP('',(#1280,#1281,#1282,#1283));
#3585=EDGE_LOOP('',(#1284,#1285,#1286,#1287));
#3586=EDGE_LOOP('',(#1288));
#3587=EDGE_LOOP('',(#1289));
#3588=EDGE_LOOP('',(#1290));
#3589=EDGE_LOOP('',(#1291));
#3590=EDGE_LOOP('',(#1292,#1293,#1294,#1295));
#3591=EDGE_LOOP('',(#1296,#1297,#1298,#1299));
#3592=EDGE_LOOP('',(#1300,#1301,#1302,#1303));
#3593=EDGE_LOOP('',(#1304,#1305,#1306,#1307));
#3594=EDGE_LOOP('',(#1308,#1309,#1310,#1311));
#3595=EDGE_LOOP('',(#1312,#1313,#1314,#1315));
#3596=EDGE_LOOP('',(#1316,#1317,#1318,#1319));
#3597=EDGE_LOOP('',(#1320,#1321,#1322,#1323));
#3598=EDGE_LOOP('',(#1324,#1325,#1326,#1327));
#3599=EDGE_LOOP('',(#1328,#1329,#1330,#1331));
#3600=EDGE_LOOP('',(#1332,#1333,#1334,#1335));
#3601=EDGE_LOOP('',(#1336,#1337,#1338,#1339));
#3602=EDGE_LOOP('',(#1340,#1341,#1342,#1343,#1344));
#3603=EDGE_LOOP('',(#1345,#1346,#1347,#1348));
#3604=EDGE_LOOP('',(#1349,#1350,#1351,#1352));
#3605=EDGE_LOOP('',(#1353,#1354,#1355,#1356));
#3606=EDGE_LOOP('',(#1357,#1358,#1359,#1360,#1361,#1362));
#3607=EDGE_LOOP('',(#1363,#1364,#1365,#1366,#1367,#1368));
#3608=EDGE_LOOP('',(#1369,#1370,#1371,#1372,#1373));
#3609=EDGE_LOOP('',(#1374,#1375,#1376,#1377));
#3610=EDGE_LOOP('',(#1378,#1379,#1380,#1381));
#3611=EDGE_LOOP('',(#1382,#1383,#1384,#1385));
#3612=EDGE_LOOP('',(#1386,#1387,#1388));
#3613=EDGE_LOOP('',(#1389,#1390,#1391,#1392));
#3614=EDGE_LOOP('',(#1393,#1394,#1395,#1396));
#3615=EDGE_LOOP('',(#1397,#1398,#1399,#1400));
#3616=EDGE_LOOP('',(#1401,#1402,#1403,#1404));
#3617=EDGE_LOOP('',(#1405,#1406,#1407,#1408));
#3618=EDGE_LOOP('',(#1409,#1410,#1411));
#3619=EDGE_LOOP('',(#1412,#1413,#1414,#1415));
#3620=EDGE_LOOP('',(#1416,#1417,#1418,#1419,#1420,#1421));
#3621=EDGE_LOOP('',(#1422,#1423,#1424,#1425));
#3622=EDGE_LOOP('',(#1426,#1427,#1428));
#3623=EDGE_LOOP('',(#1429,#1430,#1431,#1432));
#3624=EDGE_LOOP('',(#1433,#1434,#1435,#1436,#1437,#1438));
#3625=EDGE_LOOP('',(#1439,#1440,#1441));
#3626=EDGE_LOOP('',(#1442,#1443,#1444,#1445,#1446,#1447));
#3627=EDGE_LOOP('',(#1448,#1449,#1450,#1451));
#3628=EDGE_LOOP('',(#1452,#1453,#1454,#1455,#1456));
#3629=EDGE_LOOP('',(#1457,#1458,#1459));
#3630=EDGE_LOOP('',(#1460,#1461,#1462));
#3631=FACE_BOUND('',#3369,.T.);
#3632=FACE_BOUND('',#3370,.T.);
#3633=FACE_BOUND('',#3371,.T.);
#3634=FACE_BOUND('',#3372,.T.);
#3635=FACE_BOUND('',#3373,.T.);
#3636=FACE_BOUND('',#3374,.T.);
#3637=FACE_BOUND('',#3375,.T.);
#3638=FACE_BOUND('',#3376,.T.);
#3639=FACE_BOUND('',#3377,.T.);
#3640=FACE_BOUND('',#3378,.T.);
#3641=FACE_BOUND('',#3379,.T.);
#3642=FACE_BOUND('',#3380,.T.);
#3643=FACE_BOUND('',#3381,.T.);
#3644=FACE_BOUND('',#3382,.T.);
#3645=FACE_BOUND('',#3383,.T.);
#3646=FACE_BOUND('',#3384,.T.);
#3647=FACE_BOUND('',#3385,.T.);
#3648=FACE_BOUND('',#3386,.T.);
#3649=FACE_BOUND('',#3387,.T.);
#3650=FACE_BOUND('',#3388,.T.);
#3651=FACE_BOUND('',#3389,.T.);
#3652=FACE_BOUND('',#3390,.T.);
#3653=FACE_BOUND('',#3391,.T.);
#3654=FACE_BOUND('',#3392,.T.);
#3655=FACE_BOUND('',#3393,.T.);
#3656=FACE_BOUND('',#3394,.T.);
#3657=FACE_BOUND('',#3395,.T.);
#3658=FACE_BOUND('',#3396,.T.);
#3659=FACE_BOUND('',#3397,.T.);
#3660=FACE_BOUND('',#3398,.T.);
#3661=FACE_BOUND('',#3399,.T.);
#3662=FACE_BOUND('',#3400,.T.);
#3663=FACE_BOUND('',#3401,.T.);
#3664=FACE_BOUND('',#3402,.T.);
#3665=FACE_BOUND('',#3403,.T.);
#3666=FACE_BOUND('',#3404,.T.);
#3667=FACE_BOUND('',#3405,.T.);
#3668=FACE_BOUND('',#3406,.T.);
#3669=FACE_BOUND('',#3407,.T.);
#3670=FACE_BOUND('',#3408,.T.);
#3671=FACE_BOUND('',#3409,.T.);
#3672=FACE_BOUND('',#3410,.T.);
#3673=FACE_BOUND('',#3411,.T.);
#3674=FACE_BOUND('',#3412,.T.);
#3675=FACE_BOUND('',#3413,.T.);
#3676=FACE_BOUND('',#3414,.T.);
#3677=FACE_BOUND('',#3415,.T.);
#3678=FACE_BOUND('',#3416,.T.);
#3679=FACE_BOUND('',#3417,.T.);
#3680=FACE_BOUND('',#3418,.T.);
#3681=FACE_BOUND('',#3419,.T.);
#3682=FACE_BOUND('',#3420,.T.);
#3683=FACE_BOUND('',#3421,.T.);
#3684=FACE_BOUND('',#3422,.T.);
#3685=FACE_BOUND('',#3423,.T.);
#3686=FACE_BOUND('',#3424,.T.);
#3687=FACE_BOUND('',#3425,.T.);
#3688=FACE_BOUND('',#3426,.T.);
#3689=FACE_BOUND('',#3427,.T.);
#3690=FACE_BOUND('',#3428,.T.);
#3691=FACE_BOUND('',#3429,.T.);
#3692=FACE_BOUND('',#3430,.T.);
#3693=FACE_BOUND('',#3431,.T.);
#3694=FACE_BOUND('',#3432,.T.);
#3695=FACE_BOUND('',#3433,.T.);
#3696=FACE_BOUND('',#3434,.T.);
#3697=FACE_BOUND('',#3435,.T.);
#3698=FACE_BOUND('',#3436,.T.);
#3699=FACE_BOUND('',#3437,.T.);
#3700=FACE_BOUND('',#3438,.T.);
#3701=FACE_BOUND('',#3439,.T.);
#3702=FACE_BOUND('',#3440,.T.);
#3703=FACE_BOUND('',#3441,.T.);
#3704=FACE_BOUND('',#3442,.T.);
#3705=FACE_BOUND('',#3443,.T.);
#3706=FACE_BOUND('',#3444,.T.);
#3707=FACE_BOUND('',#3445,.T.);
#3708=FACE_BOUND('',#3446,.T.);
#3709=FACE_BOUND('',#3447,.T.);
#3710=FACE_BOUND('',#3448,.T.);
#3711=FACE_BOUND('',#3449,.T.);
#3712=FACE_BOUND('',#3450,.T.);
#3713=FACE_BOUND('',#3451,.T.);
#3714=FACE_BOUND('',#3452,.T.);
#3715=FACE_BOUND('',#3453,.T.);
#3716=FACE_BOUND('',#3454,.T.);
#3717=FACE_BOUND('',#3455,.T.);
#3718=FACE_BOUND('',#3456,.T.);
#3719=FACE_BOUND('',#3457,.T.);
#3720=FACE_BOUND('',#3458,.T.);
#3721=FACE_BOUND('',#3459,.T.);
#3722=FACE_BOUND('',#3460,.T.);
#3723=FACE_BOUND('',#3461,.T.);
#3724=FACE_BOUND('',#3462,.T.);
#3725=FACE_BOUND('',#3463,.T.);
#3726=FACE_BOUND('',#3464,.T.);
#3727=FACE_BOUND('',#3465,.T.);
#3728=FACE_BOUND('',#3466,.T.);
#3729=FACE_BOUND('',#3467,.T.);
#3730=FACE_BOUND('',#3468,.T.);
#3731=FACE_BOUND('',#3469,.T.);
#3732=FACE_BOUND('',#3470,.T.);
#3733=FACE_BOUND('',#3471,.T.);
#3734=FACE_BOUND('',#3472,.T.);
#3735=FACE_BOUND('',#3473,.T.);
#3736=FACE_BOUND('',#3474,.T.);
#3737=FACE_BOUND('',#3475,.T.);
#3738=FACE_BOUND('',#3476,.T.);
#3739=FACE_BOUND('',#3477,.T.);
#3740=FACE_BOUND('',#3478,.T.);
#3741=FACE_BOUND('',#3479,.T.);
#3742=FACE_BOUND('',#3480,.T.);
#3743=FACE_BOUND('',#3481,.T.);
#3744=FACE_BOUND('',#3482,.T.);
#3745=FACE_BOUND('',#3483,.T.);
#3746=FACE_BOUND('',#3484,.T.);
#3747=FACE_BOUND('',#3485,.T.);
#3748=FACE_BOUND('',#3486,.T.);
#3749=FACE_BOUND('',#3487,.T.);
#3750=FACE_BOUND('',#3488,.T.);
#3751=FACE_BOUND('',#3489,.T.);
#3752=FACE_BOUND('',#3490,.T.);
#3753=FACE_BOUND('',#3491,.T.);
#3754=FACE_BOUND('',#3492,.T.);
#3755=FACE_BOUND('',#3493,.T.);
#3756=FACE_BOUND('',#3494,.T.);
#3757=FACE_BOUND('',#3495,.T.);
#3758=FACE_BOUND('',#3496,.T.);
#3759=FACE_BOUND('',#3497,.T.);
#3760=FACE_BOUND('',#3498,.T.);
#3761=FACE_BOUND('',#3499,.T.);
#3762=FACE_BOUND('',#3500,.T.);
#3763=FACE_BOUND('',#3501,.T.);
#3764=FACE_BOUND('',#3502,.T.);
#3765=FACE_BOUND('',#3503,.T.);
#3766=FACE_BOUND('',#3504,.T.);
#3767=FACE_BOUND('',#3505,.T.);
#3768=FACE_BOUND('',#3506,.T.);
#3769=FACE_BOUND('',#3507,.T.);
#3770=FACE_BOUND('',#3508,.T.);
#3771=FACE_BOUND('',#3509,.T.);
#3772=FACE_BOUND('',#3510,.T.);
#3773=FACE_BOUND('',#3511,.T.);
#3774=FACE_BOUND('',#3512,.T.);
#3775=FACE_BOUND('',#3513,.T.);
#3776=FACE_BOUND('',#3514,.T.);
#3777=FACE_BOUND('',#3515,.T.);
#3778=FACE_BOUND('',#3516,.T.);
#3779=FACE_BOUND('',#3517,.T.);
#3780=FACE_BOUND('',#3518,.T.);
#3781=FACE_BOUND('',#3519,.T.);
#3782=FACE_BOUND('',#3520,.T.);
#3783=FACE_BOUND('',#3521,.T.);
#3784=FACE_BOUND('',#3522,.T.);
#3785=FACE_BOUND('',#3523,.T.);
#3786=FACE_BOUND('',#3524,.T.);
#3787=FACE_BOUND('',#3525,.T.);
#3788=FACE_BOUND('',#3526,.T.);
#3789=FACE_BOUND('',#3527,.T.);
#3790=FACE_BOUND('',#3528,.T.);
#3791=FACE_BOUND('',#3529,.T.);
#3792=FACE_BOUND('',#3530,.T.);
#3793=FACE_BOUND('',#3531,.T.);
#3794=FACE_BOUND('',#3532,.T.);
#3795=FACE_BOUND('',#3533,.T.);
#3796=FACE_BOUND('',#3534,.T.);
#3797=FACE_BOUND('',#3535,.T.);
#3798=FACE_BOUND('',#3536,.T.);
#3799=FACE_BOUND('',#3537,.T.);
#3800=FACE_BOUND('',#3538,.T.);
#3801=FACE_BOUND('',#3539,.T.);
#3802=FACE_BOUND('',#3540,.T.);
#3803=FACE_BOUND('',#3541,.T.);
#3804=FACE_BOUND('',#3542,.T.);
#3805=FACE_BOUND('',#3543,.T.);
#3806=FACE_BOUND('',#3544,.T.);
#3807=FACE_BOUND('',#3545,.T.);
#3808=FACE_BOUND('',#3546,.T.);
#3809=FACE_BOUND('',#3547,.T.);
#3810=FACE_BOUND('',#3548,.T.);
#3811=FACE_BOUND('',#3549,.T.);
#3812=FACE_BOUND('',#3550,.T.);
#3813=FACE_BOUND('',#3551,.T.);
#3814=FACE_BOUND('',#3552,.T.);
#3815=FACE_BOUND('',#3553,.T.);
#3816=FACE_BOUND('',#3554,.T.);
#3817=FACE_BOUND('',#3555,.T.);
#3818=FACE_BOUND('',#3556,.T.);
#3819=FACE_BOUND('',#3557,.T.);
#3820=FACE_BOUND('',#3558,.T.);
#3821=FACE_BOUND('',#3559,.T.);
#3822=FACE_BOUND('',#3560,.T.);
#3823=FACE_BOUND('',#3561,.T.);
#3824=FACE_BOUND('',#3562,.T.);
#3825=FACE_BOUND('',#3563,.T.);
#3826=FACE_BOUND('',#3564,.T.);
#3827=FACE_BOUND('',#3565,.T.);
#3828=FACE_BOUND('',#3566,.T.);
#3829=FACE_BOUND('',#3567,.T.);
#3830=FACE_BOUND('',#3568,.T.);
#3831=FACE_BOUND('',#3569,.T.);
#3832=FACE_BOUND('',#3570,.T.);
#3833=FACE_BOUND('',#3571,.T.);
#3834=FACE_BOUND('',#3572,.T.);
#3835=FACE_BOUND('',#3573,.T.);
#3836=FACE_BOUND('',#3574,.T.);
#3837=FACE_BOUND('',#3575,.T.);
#3838=FACE_BOUND('',#3576,.T.);
#3839=FACE_BOUND('',#3577,.T.);
#3840=FACE_BOUND('',#3578,.T.);
#3841=FACE_BOUND('',#3579,.T.);
#3842=FACE_BOUND('',#3580,.T.);
#3843=FACE_BOUND('',#3581,.T.);
#3844=FACE_BOUND('',#3582,.T.);
#3845=FACE_BOUND('',#3583,.T.);
#3846=FACE_BOUND('',#3584,.T.);
#3847=FACE_BOUND('',#3585,.T.);
#3848=FACE_BOUND('',#3586,.T.);
#3849=FACE_BOUND('',#3587,.T.);
#3850=FACE_BOUND('',#3588,.T.);
#3851=FACE_BOUND('',#3589,.T.);
#3852=FACE_BOUND('',#3590,.T.);
#3853=FACE_BOUND('',#3591,.T.);
#3854=FACE_BOUND('',#3592,.T.);
#3855=FACE_BOUND('',#3593,.T.);
#3856=FACE_BOUND('',#3594,.T.);
#3857=FACE_BOUND('',#3595,.T.);
#3858=FACE_BOUND('',#3596,.T.);
#3859=FACE_BOUND('',#3597,.T.);
#3860=FACE_BOUND('',#3598,.T.);
#3861=FACE_BOUND('',#3599,.T.);
#3862=FACE_BOUND('',#3600,.T.);
#3863=FACE_BOUND('',#3601,.T.);
#3864=FACE_BOUND('',#3602,.T.);
#3865=FACE_BOUND('',#3603,.T.);
#3866=FACE_BOUND('',#3604,.T.);
#3867=FACE_BOUND('',#3605,.T.);
#3868=FACE_BOUND('',#3606,.T.);
#3869=FACE_BOUND('',#3607,.T.);
#3870=FACE_BOUND('',#3608,.T.);
#3871=FACE_BOUND('',#3609,.T.);
#3872=FACE_BOUND('',#3610,.T.);
#3873=FACE_BOUND('',#3611,.T.);
#3874=FACE_BOUND('',#3612,.T.);
#3875=FACE_BOUND('',#3613,.T.);
#3876=FACE_BOUND('',#3614,.T.);
#3877=FACE_BOUND('',#3615,.T.);
#3878=FACE_BOUND('',#3616,.T.);
#3879=FACE_BOUND('',#3617,.T.);
#3880=FACE_BOUND('',#3618,.T.);
#3881=FACE_BOUND('',#3619,.T.);
#3882=FACE_BOUND('',#3620,.T.);
#3883=FACE_BOUND('',#3621,.T.);
#3884=FACE_BOUND('',#3622,.T.);
#3885=FACE_BOUND('',#3623,.T.);
#3886=FACE_BOUND('',#3624,.T.);
#3887=FACE_BOUND('',#3625,.T.);
#3888=FACE_BOUND('',#3626,.T.);
#3889=FACE_BOUND('',#3627,.T.);
#3890=FACE_BOUND('',#3628,.T.);
#3891=FACE_BOUND('',#3629,.T.);
#3892=FACE_BOUND('',#3630,.T.);
#3893=PLANE('',#4269);
#3894=PLANE('',#4271);
#3895=PLANE('',#4272);
#3896=PLANE('',#4274);
#3897=PLANE('',#4281);
#3898=PLANE('',#4283);
#3899=PLANE('',#4284);
#3900=PLANE('',#4285);
#3901=PLANE('',#4286);
#3902=PLANE('',#4287);
#3903=PLANE('',#4289);
#3904=PLANE('',#4291);
#3905=PLANE('',#4292);
#3906=PLANE('',#4295);
#3907=PLANE('',#4305);
#3908=PLANE('',#4314);
#3909=PLANE('',#4330);
#3910=PLANE('',#4347);
#3911=PLANE('',#4348);
#3912=PLANE('',#4365);
#3913=PLANE('',#4366);
#3914=PLANE('',#4367);
#3915=PLANE('',#4370);
#3916=PLANE('',#4371);
#3917=PLANE('',#4372);
#3918=PLANE('',#4376);
#3919=PLANE('',#4380);
#3920=PLANE('',#4381);
#3921=PLANE('',#4382);
#3922=PLANE('',#4383);
#3923=PLANE('',#4385);
#3924=PLANE('',#4386);
#3925=PLANE('',#4402);
#3926=PLANE('',#4409);
#3927=PLANE('',#4413);
#3928=PLANE('',#4414);
#3929=PLANE('',#4415);
#3930=PLANE('',#4416);
#3931=PLANE('',#4417);
#3932=PLANE('',#4419);
#3933=PLANE('',#4421);
#3934=PLANE('',#4423);
#3935=PLANE('',#4425);
#3936=PLANE('',#4427);
#3937=PLANE('',#4429);
#3938=PLANE('',#4430);
#3939=PLANE('',#4431);
#3940=PLANE('',#4432);
#3941=PLANE('',#4433);
#3942=PLANE('',#4436);
#3943=PLANE('',#4437);
#3944=PLANE('',#4438);
#3945=PLANE('',#4439);
#3946=PLANE('',#4440);
#3947=PLANE('',#4441);
#3948=PLANE('',#4442);
#3949=PLANE('',#4443);
#3950=PLANE('',#4444);
#3951=PLANE('',#4446);
#3952=PLANE('',#4447);
#3953=PLANE('',#4448);
#3954=PLANE('',#4450);
#3955=PLANE('',#4451);
#3956=PLANE('',#4452);
#3957=PLANE('',#4453);
#3958=PLANE('',#4454);
#3959=PLANE('',#4455);
#3960=PLANE('',#4456);
#3961=PLANE('',#4457);
#3962=PLANE('',#4458);
#3963=PLANE('',#4459);
#3964=PLANE('',#4463);
#3965=PLANE('',#4464);
#3966=PLANE('',#4465);
#3967=PLANE('',#4466);
#3968=PLANE('',#4467);
#3969=PLANE('',#4468);
#3970=PLANE('',#4469);
#3971=PLANE('',#4470);
#3972=PLANE('',#4477);
#3973=PLANE('',#4478);
#3974=PLANE('',#4482);
#3975=PLANE('',#4483);
#3976=PLANE('',#4484);
#3977=PLANE('',#4495);
#3978=PLANE('',#4500);
#3979=PLANE('',#4501);
#3980=PLANE('',#4502);
#3981=PLANE('',#4506);
#3982=PLANE('',#4507);
#3983=PLANE('',#4508);
#3984=PLANE('',#4509);
#3985=PLANE('',#4510);
#3986=PLANE('',#4511);
#3987=PLANE('',#4512);
#3988=PLANE('',#4513);
#3989=PLANE('',#4514);
#3990=PLANE('',#4515);
#3991=PLANE('',#4516);
#3992=PLANE('',#4517);
#3993=PLANE('',#4521);
#3994=PLANE('',#4522);
#3995=PLANE('',#4523);
#3996=PLANE('',#4524);
#3997=PLANE('',#4525);
#3998=PLANE('',#4526);
#3999=PLANE('',#4527);
#4000=PLANE('',#4528);
#4001=PLANE('',#4529);
#4002=PLANE('',#4530);
#4003=PLANE('',#4531);
#4004=PLANE('',#4532);
#4005=PLANE('',#4533);
#4006=PLANE('',#4534);
#4007=PLANE('',#4535);
#4008=PLANE('',#4536);
#4009=PLANE('',#4537);
#4010=PLANE('',#4538);
#4011=PLANE('',#4539);
#4012=PLANE('',#4540);
#4013=PLANE('',#4542);
#4014=PLANE('',#4545);
#4015=PLANE('',#4547);
#4016=PLANE('',#4548);
#4017=PLANE('',#4549);
#4018=PLANE('',#4550);
#4019=PLANE('',#4551);
#4020=PLANE('',#4552);
#4021=PLANE('',#4553);
#4022=PLANE('',#4554);
#4023=PLANE('',#4555);
#4024=PLANE('',#4620);
#4025=PLANE('',#4621);
#4026=PLANE('',#4622);
#4027=PLANE('',#4623);
#4028=PLANE('',#4624);
#4029=PLANE('',#4625);
#4030=PLANE('',#4626);
#4031=PLANE('',#4627);
#4032=PLANE('',#4628);
#4033=PLANE('',#4629);
#4034=PLANE('',#4630);
#4035=ADVANCED_FACE('',(#3631),#3893,.F.);
#4036=ADVANCED_FACE('',(#3632),#3894,.F.);
#4037=ADVANCED_FACE('',(#3633),#3895,.T.);
#4038=ADVANCED_FACE('',(#3634,#3635,#3636,#3637,#3638),#3896,.T.);
#4039=ADVANCED_FACE('',(#3639),#3897,.T.);
#4040=ADVANCED_FACE('',(#3640,#3641),#3898,.T.);
#4041=ADVANCED_FACE('',(#3642),#3899,.T.);
#4042=ADVANCED_FACE('',(#3643),#3900,.F.);
#4043=ADVANCED_FACE('',(#3644),#3901,.F.);
#4044=ADVANCED_FACE('',(#3645),#3902,.T.);
#4045=ADVANCED_FACE('',(#3646),#3903,.T.);
#4046=ADVANCED_FACE('',(#3647),#3904,.F.);
#4047=ADVANCED_FACE('',(#3648),#3905,.T.);
#4048=ADVANCED_FACE('',(#3649),#3906,.T.);
#4049=ADVANCED_FACE('',(#3650),#35,.F.);
#4050=ADVANCED_FACE('',(#3651),#36,.F.);
#4051=ADVANCED_FACE('',(#3652,#3653,#3654,#3655,#3656),#3907,.F.);
#4052=ADVANCED_FACE('',(#3657,#3658,#3659,#3660,#3661,#3662),#3908,.F.);
#4053=ADVANCED_FACE('',(#3663,#3664,#3665,#3666,#3667,#3668),#3909,.T.);
#4054=ADVANCED_FACE('',(#3669),#3910,.T.);
#4055=ADVANCED_FACE('',(#3670,#3671,#3672,#3673,#3674,#3675),#3911,.T.);
#4056=ADVANCED_FACE('',(#3676),#3912,.T.);
#4057=ADVANCED_FACE('',(#3677),#3913,.T.);
#4058=ADVANCED_FACE('',(#3678),#3914,.T.);
#4059=ADVANCED_FACE('',(#3679),#3915,.T.);
#4060=ADVANCED_FACE('',(#3680),#3916,.F.);
#4061=ADVANCED_FACE('',(#3681),#3917,.F.);
#4062=ADVANCED_FACE('',(#3682,#3683),#3918,.F.);
#4063=ADVANCED_FACE('',(#3684),#3919,.F.);
#4064=ADVANCED_FACE('',(#3685),#3920,.T.);
#4065=ADVANCED_FACE('',(#3686),#3921,.F.);
#4066=ADVANCED_FACE('',(#3687),#3922,.F.);
#4067=ADVANCED_FACE('',(#3688),#3923,.F.);
#4068=ADVANCED_FACE('',(#3689,#3690,#3691,#3692,#3693,#3694),#3924,.F.);
#4069=ADVANCED_FACE('',(#3695),#3925,.T.);
#4070=ADVANCED_FACE('',(#3696),#37,.F.);
#4071=ADVANCED_FACE('',(#3697),#38,.F.);
#4072=ADVANCED_FACE('',(#3698),#3926,.F.);
#4073=ADVANCED_FACE('',(#3699),#3927,.F.);
#4074=ADVANCED_FACE('',(#3700),#3928,.F.);
#4075=ADVANCED_FACE('',(#3701),#3929,.T.);
#4076=ADVANCED_FACE('',(#3702),#3930,.T.);
#4077=ADVANCED_FACE('',(#3703),#3931,.F.);
#4078=ADVANCED_FACE('',(#3704),#3932,.T.);
#4079=ADVANCED_FACE('',(#3705),#3933,.T.);
#4080=ADVANCED_FACE('',(#3706),#3934,.T.);
#4081=ADVANCED_FACE('',(#3707),#3935,.T.);
#4082=ADVANCED_FACE('',(#3708),#3936,.F.);
#4083=ADVANCED_FACE('',(#3709),#3937,.T.);
#4084=ADVANCED_FACE('',(#3710),#3938,.F.);
#4085=ADVANCED_FACE('',(#3711),#3939,.T.);
#4086=ADVANCED_FACE('',(#3712),#3940,.F.);
#4087=ADVANCED_FACE('',(#3713),#3941,.F.);
#4088=ADVANCED_FACE('',(#3714),#3942,.T.);
#4089=ADVANCED_FACE('',(#3715),#3943,.F.);
#4090=ADVANCED_FACE('',(#3716),#3944,.F.);
#4091=ADVANCED_FACE('',(#3717),#3945,.T.);
#4092=ADVANCED_FACE('',(#3718),#3946,.T.);
#4093=ADVANCED_FACE('',(#3719),#3947,.F.);
#4094=ADVANCED_FACE('',(#3720),#3948,.T.);
#4095=ADVANCED_FACE('',(#3721),#3949,.F.);
#4096=ADVANCED_FACE('',(#3722),#3950,.F.);
#4097=ADVANCED_FACE('',(#3723),#3951,.F.);
#4098=ADVANCED_FACE('',(#3724),#3952,.T.);
#4099=ADVANCED_FACE('',(#3725),#3953,.F.);
#4100=ADVANCED_FACE('',(#3726),#3954,.F.);
#4101=ADVANCED_FACE('',(#3727),#3955,.T.);
#4102=ADVANCED_FACE('',(#3728),#3956,.T.);
#4103=ADVANCED_FACE('',(#3729),#3957,.F.);
#4104=ADVANCED_FACE('',(#3730),#3958,.T.);
#4105=ADVANCED_FACE('',(#3731),#3959,.T.);
#4106=ADVANCED_FACE('',(#3732),#3960,.T.);
#4107=ADVANCED_FACE('',(#3733),#3961,.T.);
#4108=ADVANCED_FACE('',(#3734),#3962,.T.);
#4109=ADVANCED_FACE('',(#3735,#3736),#3963,.F.);
#4110=ADVANCED_FACE('',(#3737),#39,.T.);
#4111=ADVANCED_FACE('',(#3738),#40,.T.);
#4112=ADVANCED_FACE('',(#3739),#3964,.F.);
#4113=ADVANCED_FACE('',(#3740),#3965,.F.);
#4114=ADVANCED_FACE('',(#3741),#3966,.F.);
#4115=ADVANCED_FACE('',(#3742),#3967,.F.);
#4116=ADVANCED_FACE('',(#3743),#3968,.F.);
#4117=ADVANCED_FACE('',(#3744),#3969,.T.);
#4118=ADVANCED_FACE('',(#3745),#3970,.T.);
#4119=ADVANCED_FACE('',(#3746),#3971,.T.);
#4120=ADVANCED_FACE('',(#3747,#3748),#41,.F.);
#4121=ADVANCED_FACE('',(#3749,#3750),#42,.F.);
#4122=ADVANCED_FACE('',(#3751),#3972,.F.);
#4123=ADVANCED_FACE('',(#3752),#3973,.F.);
#4124=ADVANCED_FACE('',(#3753,#3754),#22,.T.);
#4125=ADVANCED_FACE('',(#3755,#3756),#23,.T.);
#4126=ADVANCED_FACE('',(#3757),#3974,.F.);
#4127=ADVANCED_FACE('',(#3758),#3975,.F.);
#4128=ADVANCED_FACE('',(#3759),#3976,.F.);
#4129=ADVANCED_FACE('',(#3760),#43,.F.);
#4130=ADVANCED_FACE('',(#3761),#44,.F.);
#4131=ADVANCED_FACE('',(#3762),#45,.F.);
#4132=ADVANCED_FACE('',(#3763),#46,.F.);
#4133=ADVANCED_FACE('',(#3764),#20,.F.);
#4134=ADVANCED_FACE('',(#3765),#3977,.F.);
#4135=ADVANCED_FACE('',(#3766),#21,.F.);
#4136=ADVANCED_FACE('',(#3767),#12,.T.);
#4137=ADVANCED_FACE('',(#3768),#47,.T.);
#4138=ADVANCED_FACE('',(#3769),#13,.T.);
#4139=ADVANCED_FACE('',(#3770),#3978,.T.);
#4140=ADVANCED_FACE('',(#3771),#3979,.F.);
#4141=ADVANCED_FACE('',(#3772),#3980,.T.);
#4142=ADVANCED_FACE('',(#3773,#3774),#48,.F.);
#4143=ADVANCED_FACE('',(#3775),#3981,.T.);
#4144=ADVANCED_FACE('',(#3776),#3982,.T.);
#4145=ADVANCED_FACE('',(#3777),#3983,.T.);
#4146=ADVANCED_FACE('',(#3778),#3984,.T.);
#4147=ADVANCED_FACE('',(#3779),#3985,.F.);
#4148=ADVANCED_FACE('',(#3780),#3986,.F.);
#4149=ADVANCED_FACE('',(#3781),#3987,.T.);
#4150=ADVANCED_FACE('',(#3782),#3988,.T.);
#4151=ADVANCED_FACE('',(#3783),#3989,.F.);
#4152=ADVANCED_FACE('',(#3784),#3990,.T.);
#4153=ADVANCED_FACE('',(#3785),#3991,.F.);
#4154=ADVANCED_FACE('',(#3786),#3992,.F.);
#4155=ADVANCED_FACE('',(#3787,#3788),#49,.F.);
#4156=ADVANCED_FACE('',(#3789),#3993,.T.);
#4157=ADVANCED_FACE('',(#3790),#3994,.F.);
#4158=ADVANCED_FACE('',(#3791),#3995,.F.);
#4159=ADVANCED_FACE('',(#3792),#3996,.T.);
#4160=ADVANCED_FACE('',(#3793),#3997,.F.);
#4161=ADVANCED_FACE('',(#3794),#3998,.F.);
#4162=ADVANCED_FACE('',(#3795),#3999,.T.);
#4163=ADVANCED_FACE('',(#3796),#4000,.F.);
#4164=ADVANCED_FACE('',(#3797),#4001,.F.);
#4165=ADVANCED_FACE('',(#3798),#4002,.T.);
#4166=ADVANCED_FACE('',(#3799),#4003,.F.);
#4167=ADVANCED_FACE('',(#3800),#4004,.F.);
#4168=ADVANCED_FACE('',(#3801),#4005,.F.);
#4169=ADVANCED_FACE('',(#3802),#4006,.T.);
#4170=ADVANCED_FACE('',(#3803),#4007,.F.);
#4171=ADVANCED_FACE('',(#3804),#4008,.T.);
#4172=ADVANCED_FACE('',(#3805),#4009,.T.);
#4173=ADVANCED_FACE('',(#3806),#4010,.T.);
#4174=ADVANCED_FACE('',(#3807),#4011,.T.);
#4175=ADVANCED_FACE('',(#3808),#4012,.T.);
#4176=ADVANCED_FACE('',(#3809),#50,.T.);
#4177=ADVANCED_FACE('',(#3810),#4013,.T.);
#4178=ADVANCED_FACE('',(#3811),#51,.F.);
#4179=ADVANCED_FACE('',(#3812),#52,.F.);
#4180=ADVANCED_FACE('',(#3813),#4014,.T.);
#4181=ADVANCED_FACE('',(#3814),#53,.T.);
#4182=ADVANCED_FACE('',(#3815),#4015,.T.);
#4183=ADVANCED_FACE('',(#3816),#4016,.F.);
#4184=ADVANCED_FACE('',(#3817),#4017,.T.);
#4185=ADVANCED_FACE('',(#3818),#4018,.F.);
#4186=ADVANCED_FACE('',(#3819),#4019,.F.);
#4187=ADVANCED_FACE('',(#3820),#4020,.F.);
#4188=ADVANCED_FACE('',(#3821),#4021,.F.);
#4189=ADVANCED_FACE('',(#3822),#4022,.F.);
#4190=ADVANCED_FACE('',(#3823),#4023,.F.);
#4191=ADVANCED_FACE('',(#3824),#54,.T.);
#4192=ADVANCED_FACE('',(#3825),#55,.T.);
#4193=ADVANCED_FACE('',(#3826),#56,.T.);
#4194=ADVANCED_FACE('',(#3827),#57,.T.);
#4195=ADVANCED_FACE('',(#3828),#58,.F.);
#4196=ADVANCED_FACE('',(#3829),#59,.F.);
#4197=ADVANCED_FACE('',(#3830),#60,.F.);
#4198=ADVANCED_FACE('',(#3831),#61,.F.);
#4199=ADVANCED_FACE('',(#3832),#62,.F.);
#4200=ADVANCED_FACE('',(#3833),#63,.F.);
#4201=ADVANCED_FACE('',(#3834),#64,.F.);
#4202=ADVANCED_FACE('',(#3835),#65,.F.);
#4203=ADVANCED_FACE('',(#3836,#3837),#24,.T.);
#4204=ADVANCED_FACE('',(#3838,#3839),#25,.T.);
#4205=ADVANCED_FACE('',(#3840),#66,.F.);
#4206=ADVANCED_FACE('',(#3841),#67,.F.);
#4207=ADVANCED_FACE('',(#3842),#68,.F.);
#4208=ADVANCED_FACE('',(#3843),#69,.F.);
#4209=ADVANCED_FACE('',(#3844),#70,.F.);
#4210=ADVANCED_FACE('',(#3845),#71,.F.);
#4211=ADVANCED_FACE('',(#3846),#72,.F.);
#4212=ADVANCED_FACE('',(#3847),#73,.F.);
#4213=ADVANCED_FACE('',(#3848,#3849),#26,.T.);
#4214=ADVANCED_FACE('',(#3850,#3851),#27,.T.);
#4215=ADVANCED_FACE('',(#3852),#74,.F.);
#4216=ADVANCED_FACE('',(#3853),#75,.F.);
#4217=ADVANCED_FACE('',(#3854),#76,.F.);
#4218=ADVANCED_FACE('',(#3855),#77,.F.);
#4219=ADVANCED_FACE('',(#3856),#78,.F.);
#4220=ADVANCED_FACE('',(#3857),#79,.F.);
#4221=ADVANCED_FACE('',(#3858),#80,.F.);
#4222=ADVANCED_FACE('',(#3859),#81,.F.);
#4223=ADVANCED_FACE('',(#3860),#82,.F.);
#4224=ADVANCED_FACE('',(#3861),#83,.F.);
#4225=ADVANCED_FACE('',(#3862),#84,.F.);
#4226=ADVANCED_FACE('',(#3863),#85,.F.);
#4227=ADVANCED_FACE('',(#3864),#86,.T.);
#4228=ADVANCED_FACE('',(#3865),#87,.T.);
#4229=ADVANCED_FACE('',(#3866),#88,.T.);
#4230=ADVANCED_FACE('',(#3867),#89,.T.);
#4231=ADVANCED_FACE('',(#3868),#90,.F.);
#4232=ADVANCED_FACE('',(#3869),#91,.F.);
#4233=ADVANCED_FACE('',(#3870),#92,.T.);
#4234=ADVANCED_FACE('',(#3871),#14,.T.);
#4235=ADVANCED_FACE('',(#3872),#15,.T.);
#4236=ADVANCED_FACE('',(#3873),#93,.T.);
#4237=ADVANCED_FACE('',(#3874),#16,.T.);
#4238=ADVANCED_FACE('',(#3875),#94,.T.);
#4239=ADVANCED_FACE('',(#3876),#95,.T.);
#4240=ADVANCED_FACE('',(#3877),#17,.T.);
#4241=ADVANCED_FACE('',(#3878),#18,.T.);
#4242=ADVANCED_FACE('',(#3879),#96,.T.);
#4243=ADVANCED_FACE('',(#3880),#19,.T.);
#4244=ADVANCED_FACE('',(#3881),#97,.T.);
#4245=ADVANCED_FACE('',(#3882),#4024,.F.);
#4246=ADVANCED_FACE('',(#3883),#4025,.F.);
#4247=ADVANCED_FACE('',(#3884),#4026,.F.);
#4248=ADVANCED_FACE('',(#3885),#4027,.F.);
#4249=ADVANCED_FACE('',(#3886),#4028,.T.);
#4250=ADVANCED_FACE('',(#3887),#4029,.F.);
#4251=ADVANCED_FACE('',(#3888),#4030,.T.);
#4252=ADVANCED_FACE('',(#3889),#4031,.F.);
#4253=ADVANCED_FACE('',(#3890),#4032,.F.);
#4254=ADVANCED_FACE('',(#3891),#4033,.F.);
#4255=ADVANCED_FACE('',(#3892),#4034,.T.);
#4256=CLOSED_SHELL('',(#4035,#4036,#4037,#4038,#4039,#4040,#4041,#4042,
#4043,#4044,#4045,#4046,#4047,#4048,#4049,#4050,#4051,#4052,#4053,#4054,
#4055,#4056,#4057,#4058,#4059,#4060,#4061,#4062,#4063,#4064,#4065,#4066,
#4067,#4068,#4069,#4070,#4071,#4072,#4073,#4074,#4075,#4076,#4077,#4078,
#4079,#4080,#4081,#4082,#4083,#4084,#4085,#4086,#4087,#4088,#4089,#4090,
#4091,#4092,#4093,#4094,#4095,#4096,#4097,#4098,#4099,#4100,#4101,#4102,
#4103,#4104,#4105,#4106,#4107,#4108,#4109,#4110,#4111,#4112,#4113,#4114,
#4115,#4116,#4117,#4118,#4119,#4120,#4121,#4122,#4123,#4124,#4125,#4126,
#4127,#4128,#4129,#4130,#4131,#4132,#4133,#4134,#4135,#4136,#4137,#4138,
#4139,#4140,#4141,#4142,#4143,#4144,#4145,#4146,#4147,#4148,#4149,#4150,
#4151,#4152,#4153,#4154,#4155,#4156,#4157,#4158,#4159,#4160,#4161,#4162,
#4163,#4164,#4165,#4166,#4167,#4168,#4169,#4170,#4171,#4172,#4173,#4174,
#4175,#4176,#4177,#4178,#4179,#4180,#4181,#4182,#4183,#4184,#4185,#4186,
#4187,#4188,#4189,#4190,#4191,#4192,#4193,#4194,#4195,#4196,#4197,#4198,
#4199,#4200,#4201,#4202,#4203,#4204,#4205,#4206,#4207,#4208,#4209,#4210,
#4211,#4212,#4213,#4214,#4215,#4216,#4217,#4218,#4219,#4220,#4221,#4222,
#4223,#4224,#4225,#4226,#4227,#4228,#4229,#4230,#4231,#4232,#4233,#4234,
#4235,#4236,#4237,#4238,#4239,#4240,#4241,#4242,#4243,#4244,#4245,#4246,
#4247,#4248,#4249,#4250,#4251,#4252,#4253,#4254,#4255));
#4257=STYLED_ITEM('',(#4258),#4265);
#4258=PRESENTATION_STYLE_ASSIGNMENT((#4259));
#4259=SURFACE_STYLE_USAGE(.BOTH.,#4260);
#4260=SURFACE_SIDE_STYLE('',(#4261));
#4261=SURFACE_STYLE_FILL_AREA(#4262);
#4262=FILL_AREA_STYLE('',(#4263));
#4263=FILL_AREA_STYLE_COLOUR('',#4264);
#4264=COLOUR_RGB('',0.556862745098039,0.274509803921568,0.274509803921568);
#4265=MANIFOLD_SOLID_BREP('Part 1',#4256);
#4266=SHAPE_DEFINITION_REPRESENTATION(#7236,#4267);
#4267=SHAPE_REPRESENTATION('Part 1',(#4268),#7231);
#4268=AXIS2_PLACEMENT_3D('',#5809,#4631,#4632);
#4269=AXIS2_PLACEMENT_3D('',#5810,#4633,#4634);
#4270=AXIS2_PLACEMENT_3D('',#5816,#4637,#4638);
#4271=AXIS2_PLACEMENT_3D('',#5829,#4645,#4646);
#4272=AXIS2_PLACEMENT_3D('',#5833,#4649,#4650);
#4273=AXIS2_PLACEMENT_3D('',#5840,#4654,#4655);
#4274=AXIS2_PLACEMENT_3D('',#5841,#4656,#4657);
#4275=AXIS2_PLACEMENT_3D('',#5842,#4658,#4659);
#4276=AXIS2_PLACEMENT_3D('',#5847,#4661,#4662);
#4277=AXIS2_PLACEMENT_3D('',#5870,#4674,#4675);
#4278=AXIS2_PLACEMENT_3D('',#5879,#4679,#4680);
#4279=AXIS2_PLACEMENT_3D('',#5897,#4689,#4690);
#4280=AXIS2_PLACEMENT_3D('',#5901,#4692,#4693);
#4281=AXIS2_PLACEMENT_3D('',#5910,#4698,#4699);
#4282=AXIS2_PLACEMENT_3D('',#5916,#4702,#4703);
#4283=AXIS2_PLACEMENT_3D('',#5917,#4704,#4705);
#4284=AXIS2_PLACEMENT_3D('',#5954,#4724,#4725);
#4285=AXIS2_PLACEMENT_3D('',#5965,#4731,#4732);
#4286=AXIS2_PLACEMENT_3D('',#5972,#4737,#4738);
#4287=AXIS2_PLACEMENT_3D('',#5981,#4743,#4744);
#4288=AXIS2_PLACEMENT_3D('',#5982,#4745,#4746);
#4289=AXIS2_PLACEMENT_3D('',#5988,#4749,#4750);
#4290=AXIS2_PLACEMENT_3D('',#5989,#4751,#4752);
#4291=AXIS2_PLACEMENT_3D('',#5992,#4754,#4755);
#4292=AXIS2_PLACEMENT_3D('',#6002,#4761,#4762);
#4293=AXIS2_PLACEMENT_3D('',#6008,#4765,#4766);
#4294=AXIS2_PLACEMENT_3D('',#6010,#4767,#4768);
#4295=AXIS2_PLACEMENT_3D('',#6015,#4771,#4772);
#4296=AXIS2_PLACEMENT_3D('',#6024,#4777,#4778);
#4297=AXIS2_PLACEMENT_3D('',#6028,#4780,#4781);
#4298=AXIS2_PLACEMENT_3D('',#6032,#4783,#4784);
#4299=AXIS2_PLACEMENT_3D('',#6036,#4786,#4787);
#4300=AXIS2_PLACEMENT_3D('',#6043,#4788,#4789);
#4301=AXIS2_PLACEMENT_3D('',#6044,#4790,#4791);
#4302=AXIS2_PLACEMENT_3D('',#6048,#4793,#4794);
#4303=AXIS2_PLACEMENT_3D('',#6052,#4796,#4797);
#4304=AXIS2_PLACEMENT_3D('',#6059,#4798,#4799);
#4305=AXIS2_PLACEMENT_3D('',#6060,#4800,#4801);
#4306=AXIS2_PLACEMENT_3D('',#6064,#4803,#4804);
#4307=AXIS2_PLACEMENT_3D('',#6072,#4808,#4809);
#4308=AXIS2_PLACEMENT_3D('',#6081,#4814,#4815);
#4309=AXIS2_PLACEMENT_3D('',#6086,#4817,#4818);
#4310=AXIS2_PLACEMENT_3D('',#6100,#4825,#4826);
#4311=AXIS2_PLACEMENT_3D('',#6116,#4834,#4835);
#4312=AXIS2_PLACEMENT_3D('',#6137,#4846,#4847);
#4313=AXIS2_PLACEMENT_3D('',#6141,#4849,#4850);
#4314=AXIS2_PLACEMENT_3D('',#6146,#4853,#4854);
#4315=AXIS2_PLACEMENT_3D('',#6147,#4855,#4856);
#4316=AXIS2_PLACEMENT_3D('',#6154,#4860,#4861);
#4317=AXIS2_PLACEMENT_3D('',#6157,#4862,#4863);
#4318=AXIS2_PLACEMENT_3D('',#6164,#4867,#4868);
#4319=AXIS2_PLACEMENT_3D('',#6167,#4869,#4870);
#4320=AXIS2_PLACEMENT_3D('',#6171,#4872,#4873);
#4321=AXIS2_PLACEMENT_3D('',#6175,#4875,#4876);
#4322=AXIS2_PLACEMENT_3D('',#6181,#4879,#4880);
#4323=AXIS2_PLACEMENT_3D('',#6183,#4881,#4882);
#4324=AXIS2_PLACEMENT_3D('',#6187,#4884,#4885);
#4325=AXIS2_PLACEMENT_3D('',#6191,#4887,#4888);
#4326=AXIS2_PLACEMENT_3D('',#6195,#4890,#4891);
#4327=AXIS2_PLACEMENT_3D('',#6197,#4892,#4893);
#4328=AXIS2_PLACEMENT_3D('',#6201,#4895,#4896);
#4329=AXIS2_PLACEMENT_3D('',#6205,#4898,#4899);
#4330=AXIS2_PLACEMENT_3D('',#6206,#4900,#4901);
#4331=AXIS2_PLACEMENT_3D('',#6207,#4902,#4903);
#4332=AXIS2_PLACEMENT_3D('',#6212,#4905,#4906);
#4333=AXIS2_PLACEMENT_3D('',#6216,#4908,#4909);
#4334=AXIS2_PLACEMENT_3D('',#6218,#4910,#4911);
#4335=AXIS2_PLACEMENT_3D('',#6222,#4913,#4914);
#4336=AXIS2_PLACEMENT_3D('',#6233,#4920,#4921);
#4337=AXIS2_PLACEMENT_3D('',#6235,#4922,#4923);
#4338=AXIS2_PLACEMENT_3D('',#6241,#4927,#4928);
#4339=AXIS2_PLACEMENT_3D('',#6246,#4930,#4931);
#4340=AXIS2_PLACEMENT_3D('',#6250,#4933,#4934);
#4341=AXIS2_PLACEMENT_3D('',#6252,#4935,#4936);
#4342=AXIS2_PLACEMENT_3D('',#6256,#4938,#4939);
#4343=AXIS2_PLACEMENT_3D('',#6260,#4941,#4942);
#4344=AXIS2_PLACEMENT_3D('',#6264,#4944,#4945);
#4345=AXIS2_PLACEMENT_3D('',#6266,#4946,#4947);
#4346=AXIS2_PLACEMENT_3D('',#6270,#4949,#4950);
#4347=AXIS2_PLACEMENT_3D('',#6271,#4951,#4952);
#4348=AXIS2_PLACEMENT_3D('',#6283,#4960,#4961);
#4349=AXIS2_PLACEMENT_3D('',#6284,#4962,#4963);
#4350=AXIS2_PLACEMENT_3D('',#6286,#4964,#4965);
#4351=AXIS2_PLACEMENT_3D('',#6288,#4966,#4967);
#4352=AXIS2_PLACEMENT_3D('',#6291,#4968,#4969);
#4353=AXIS2_PLACEMENT_3D('',#6295,#4971,#4972);
#4354=AXIS2_PLACEMENT_3D('',#6299,#4974,#4975);
#4355=AXIS2_PLACEMENT_3D('',#6302,#4977,#4978);
#4356=AXIS2_PLACEMENT_3D('',#6305,#4979,#4980);
#4357=AXIS2_PLACEMENT_3D('',#6309,#4982,#4983);
#4358=AXIS2_PLACEMENT_3D('',#6313,#4985,#4986);
#4359=AXIS2_PLACEMENT_3D('',#6319,#4989,#4990);
#4360=AXIS2_PLACEMENT_3D('',#6323,#4992,#4993);
#4361=AXIS2_PLACEMENT_3D('',#6327,#4995,#4996);
#4362=AXIS2_PLACEMENT_3D('',#6329,#4997,#4998);
#4363=AXIS2_PLACEMENT_3D('',#6337,#5003,#5004);
#4364=AXIS2_PLACEMENT_3D('',#6339,#5005,#5006);
#4365=AXIS2_PLACEMENT_3D('',#6342,#5008,#5009);
#4366=AXIS2_PLACEMENT_3D('',#6354,#5016,#5017);
#4367=AXIS2_PLACEMENT_3D('',#6374,#5030,#5031);
#4368=AXIS2_PLACEMENT_3D('',#6380,#5035,#5036);
#4369=AXIS2_PLACEMENT_3D('',#6382,#5037,#5038);
#4370=AXIS2_PLACEMENT_3D('',#6387,#5041,#5042);
#4371=AXIS2_PLACEMENT_3D('',#6398,#5049,#5050);
#4372=AXIS2_PLACEMENT_3D('',#6400,#5052,#5053);
#4373=AXIS2_PLACEMENT_3D('',#6403,#5055,#5056);
#4374=AXIS2_PLACEMENT_3D('',#6405,#5057,#5058);
#4375=AXIS2_PLACEMENT_3D('',#6409,#5060,#5061);
#4376=AXIS2_PLACEMENT_3D('',#6411,#5063,#5064);
#4377=AXIS2_PLACEMENT_3D('',#6412,#5065,#5066);
#4378=AXIS2_PLACEMENT_3D('',#6414,#5067,#5068);
#4379=AXIS2_PLACEMENT_3D('',#6417,#5070,#5071);
#4380=AXIS2_PLACEMENT_3D('',#6418,#5072,#5073);
#4381=AXIS2_PLACEMENT_3D('',#6426,#5078,#5079);
#4382=AXIS2_PLACEMENT_3D('',#6437,#5085,#5086);
#4383=AXIS2_PLACEMENT_3D('',#6441,#5089,#5090);
#4384=AXIS2_PLACEMENT_3D('',#6445,#5093,#5094);
#4385=AXIS2_PLACEMENT_3D('',#6448,#5096,#5097);
#4386=AXIS2_PLACEMENT_3D('',#6454,#5101,#5102);
#4387=AXIS2_PLACEMENT_3D('',#6455,#5103,#5104);
#4388=AXIS2_PLACEMENT_3D('',#6457,#5105,#5106);
#4389=AXIS2_PLACEMENT_3D('',#6460,#5107,#5108);
#4390=AXIS2_PLACEMENT_3D('',#6470,#5113,#5114);
#4391=AXIS2_PLACEMENT_3D('',#6472,#5115,#5116);
#4392=AXIS2_PLACEMENT_3D('',#6476,#5118,#5119);
#4393=AXIS2_PLACEMENT_3D('',#6480,#5121,#5122);
#4394=AXIS2_PLACEMENT_3D('',#6484,#5124,#5125);
#4395=AXIS2_PLACEMENT_3D('',#6488,#5127,#5128);
#4396=AXIS2_PLACEMENT_3D('',#6490,#5129,#5130);
#4397=AXIS2_PLACEMENT_3D('',#6494,#5132,#5133);
#4398=AXIS2_PLACEMENT_3D('',#6498,#5135,#5136);
#4399=AXIS2_PLACEMENT_3D('',#6502,#5138,#5139);
#4400=AXIS2_PLACEMENT_3D('',#6504,#5140,#5141);
#4401=AXIS2_PLACEMENT_3D('',#6508,#5143,#5144);
#4402=AXIS2_PLACEMENT_3D('',#6511,#5147,#5148);
#4403=AXIS2_PLACEMENT_3D('',#6517,#5151,#5152);
#4404=AXIS2_PLACEMENT_3D('',#6522,#5155,#5156);
#4405=AXIS2_PLACEMENT_3D('',#6525,#5158,#5159);
#4406=AXIS2_PLACEMENT_3D('',#6530,#5163,#5164);
#4407=AXIS2_PLACEMENT_3D('',#6531,#5165,#5166);
#4408=AXIS2_PLACEMENT_3D('',#6535,#5168,#5169);
#4409=AXIS2_PLACEMENT_3D('',#6538,#5171,#5172);
#4410=AXIS2_PLACEMENT_3D('',#6539,#5173,#5174);
#4411=AXIS2_PLACEMENT_3D('',#6543,#5176,#5177);
#4412=AXIS2_PLACEMENT_3D('',#6544,#5178,#5179);
#4413=AXIS2_PLACEMENT_3D('',#6545,#5180,#5181);
#4414=AXIS2_PLACEMENT_3D('',#6548,#5184,#5185);
#4415=AXIS2_PLACEMENT_3D('',#6551,#5188,#5189);
#4416=AXIS2_PLACEMENT_3D('',#6557,#5193,#5194);
#4417=AXIS2_PLACEMENT_3D('',#6565,#5199,#5200);
#4418=AXIS2_PLACEMENT_3D('',#6569,#5202,#5203);
#4419=AXIS2_PLACEMENT_3D('',#6576,#5208,#5209);
#4420=AXIS2_PLACEMENT_3D('',#6579,#5211,#5212);
#4421=AXIS2_PLACEMENT_3D('',#6587,#5217,#5218);
#4422=AXIS2_PLACEMENT_3D('',#6591,#5220,#5221);
#4423=AXIS2_PLACEMENT_3D('',#6597,#5225,#5226);
#4424=AXIS2_PLACEMENT_3D('',#6600,#5228,#5229);
#4425=AXIS2_PLACEMENT_3D('',#6608,#5234,#5235);
#4426=AXIS2_PLACEMENT_3D('',#6612,#5237,#5238);
#4427=AXIS2_PLACEMENT_3D('',#6619,#5243,#5244);
#4428=AXIS2_PLACEMENT_3D('',#6622,#5246,#5247);
#4429=AXIS2_PLACEMENT_3D('',#6630,#5252,#5253);
#4430=AXIS2_PLACEMENT_3D('',#6632,#5255,#5256);
#4431=AXIS2_PLACEMENT_3D('',#6636,#5259,#5260);
#4432=AXIS2_PLACEMENT_3D('',#6638,#5262,#5263);
#4433=AXIS2_PLACEMENT_3D('',#6642,#5266,#5267);
#4434=AXIS2_PLACEMENT_3D('',#6645,#5269,#5270);
#4435=AXIS2_PLACEMENT_3D('',#6647,#5271,#5272);
#4436=AXIS2_PLACEMENT_3D('',#6648,#5273,#5274);
#4437=AXIS2_PLACEMENT_3D('',#6650,#5276,#5277);
#4438=AXIS2_PLACEMENT_3D('',#6656,#5281,#5282);
#4439=AXIS2_PLACEMENT_3D('',#6661,#5286,#5287);
#4440=AXIS2_PLACEMENT_3D('',#6665,#5290,#5291);
#4441=AXIS2_PLACEMENT_3D('',#6667,#5293,#5294);
#4442=AXIS2_PLACEMENT_3D('',#6669,#5296,#5297);
#4443=AXIS2_PLACEMENT_3D('',#6671,#5299,#5300);
#4444=AXIS2_PLACEMENT_3D('',#6675,#5303,#5304);
#4445=AXIS2_PLACEMENT_3D('',#6679,#5306,#5307);
#4446=AXIS2_PLACEMENT_3D('',#6683,#5310,#5311);
#4447=AXIS2_PLACEMENT_3D('',#6685,#5313,#5314);
#4448=AXIS2_PLACEMENT_3D('',#6687,#5316,#5317);
#4449=AXIS2_PLACEMENT_3D('',#6690,#5319,#5320);
#4450=AXIS2_PLACEMENT_3D('',#6695,#5323,#5324);
#4451=AXIS2_PLACEMENT_3D('',#6697,#5326,#5327);
#4452=AXIS2_PLACEMENT_3D('',#6699,#5329,#5330);
#4453=AXIS2_PLACEMENT_3D('',#6701,#5332,#5333);
#4454=AXIS2_PLACEMENT_3D('',#6703,#5335,#5336);
#4455=AXIS2_PLACEMENT_3D('',#6705,#5338,#5339);
#4456=AXIS2_PLACEMENT_3D('',#6707,#5341,#5342);
#4457=AXIS2_PLACEMENT_3D('',#6709,#5344,#5345);
#4458=AXIS2_PLACEMENT_3D('',#6711,#5347,#5348);
#4459=AXIS2_PLACEMENT_3D('',#6713,#5350,#5351);
#4460=AXIS2_PLACEMENT_3D('',#6728,#5354,#5355);
#4461=AXIS2_PLACEMENT_3D('',#6730,#5356,#5357);
#4462=AXIS2_PLACEMENT_3D('',#6731,#5358,#5359);
#4463=AXIS2_PLACEMENT_3D('',#6732,#5360,#5361);
#4464=AXIS2_PLACEMENT_3D('',#6734,#5363,#5364);
#4465=AXIS2_PLACEMENT_3D('',#6738,#5367,#5368);
#4466=AXIS2_PLACEMENT_3D('',#6740,#5370,#5371);
#4467=AXIS2_PLACEMENT_3D('',#6742,#5373,#5374);
#4468=AXIS2_PLACEMENT_3D('',#6743,#5375,#5376);
#4469=AXIS2_PLACEMENT_3D('',#6744,#5377,#5378);
#4470=AXIS2_PLACEMENT_3D('',#6752,#5383,#5384);
#4471=AXIS2_PLACEMENT_3D('',#6754,#5386,#5387);
#4472=AXIS2_PLACEMENT_3D('',#6755,#5388,#5389);
#4473=AXIS2_PLACEMENT_3D('',#6764,#5394,#5395);
#4474=AXIS2_PLACEMENT_3D('',#6765,#5396,#5397);
#4475=AXIS2_PLACEMENT_3D('',#6767,#5398,#5399);
#4476=AXIS2_PLACEMENT_3D('',#6768,#5400,#5401);
#4477=AXIS2_PLACEMENT_3D('',#6770,#5402,#5403);
#4478=AXIS2_PLACEMENT_3D('',#6774,#5406,#5407);
#4479=AXIS2_PLACEMENT_3D('',#6775,#5408,#5409);
#4480=AXIS2_PLACEMENT_3D('',#6778,#5411,#5412);
#4481=AXIS2_PLACEMENT_3D('',#6779,#5413,#5414);
#4482=AXIS2_PLACEMENT_3D('',#6780,#5415,#5416);
#4483=AXIS2_PLACEMENT_3D('',#6783,#5419,#5420);
#4484=AXIS2_PLACEMENT_3D('',#6785,#5422,#5423);
#4485=AXIS2_PLACEMENT_3D('',#6786,#5424,#5425);
#4486=AXIS2_PLACEMENT_3D('',#6787,#5426,#5427);
#4487=AXIS2_PLACEMENT_3D('',#6788,#5428,#5429);
#4488=AXIS2_PLACEMENT_3D('',#6791,#5431,#5432);
#4489=AXIS2_PLACEMENT_3D('',#6794,#5434,#5435);
#4490=AXIS2_PLACEMENT_3D('',#6795,#5436,#5437);
#4491=AXIS2_PLACEMENT_3D('',#6803,#5438,#5439);
#4492=AXIS2_PLACEMENT_3D('',#6804,#5440,#5441);
#4493=AXIS2_PLACEMENT_3D('',#6805,#5442,#5443);
#4494=AXIS2_PLACEMENT_3D('',#6806,#5444,#5445);
#4495=AXIS2_PLACEMENT_3D('',#6814,#5447,#5448);
#4496=AXIS2_PLACEMENT_3D('',#6818,#5451,#5452);
#4497=AXIS2_PLACEMENT_3D('',#6836,#5453,#5454);
#4498=AXIS2_PLACEMENT_3D('',#6837,#5455,#5456);
#4499=AXIS2_PLACEMENT_3D('',#6838,#5457,#5458);
#4500=AXIS2_PLACEMENT_3D('',#6854,#5459,#5460);
#4501=AXIS2_PLACEMENT_3D('',#6857,#5463,#5464);
#4502=AXIS2_PLACEMENT_3D('',#6860,#5467,#5468);
#4503=AXIS2_PLACEMENT_3D('',#6863,#5471,#5472);
#4504=AXIS2_PLACEMENT_3D('',#6864,#5473,#5474);
#4505=AXIS2_PLACEMENT_3D('',#6866,#5475,#5476);
#4506=AXIS2_PLACEMENT_3D('',#6868,#5477,#5478);
#4507=AXIS2_PLACEMENT_3D('',#6871,#5481,#5482);
#4508=AXIS2_PLACEMENT_3D('',#6874,#5485,#5486);
#4509=AXIS2_PLACEMENT_3D('',#6877,#5489,#5490);
#4510=AXIS2_PLACEMENT_3D('',#6880,#5493,#5494);
#4511=AXIS2_PLACEMENT_3D('',#6883,#5497,#5498);
#4512=AXIS2_PLACEMENT_3D('',#6886,#5501,#5502);
#4513=AXIS2_PLACEMENT_3D('',#6889,#5505,#5506);
#4514=AXIS2_PLACEMENT_3D('',#6891,#5508,#5509);
#4515=AXIS2_PLACEMENT_3D('',#6893,#5511,#5512);
#4516=AXIS2_PLACEMENT_3D('',#6896,#5515,#5516);
#4517=AXIS2_PLACEMENT_3D('',#6898,#5518,#5519);
#4518=AXIS2_PLACEMENT_3D('',#6900,#5521,#5522);
#4519=AXIS2_PLACEMENT_3D('',#6901,#5523,#5524);
#4520=AXIS2_PLACEMENT_3D('',#6903,#5525,#5526);
#4521=AXIS2_PLACEMENT_3D('',#6905,#5527,#5528);
#4522=AXIS2_PLACEMENT_3D('',#6908,#5531,#5532);
#4523=AXIS2_PLACEMENT_3D('',#6911,#5535,#5536);
#4524=AXIS2_PLACEMENT_3D('',#6914,#5539,#5540);
#4525=AXIS2_PLACEMENT_3D('',#6917,#5543,#5544);
#4526=AXIS2_PLACEMENT_3D('',#6920,#5547,#5548);
#4527=AXIS2_PLACEMENT_3D('',#6923,#5551,#5552);
#4528=AXIS2_PLACEMENT_3D('',#6926,#5555,#5556);
#4529=AXIS2_PLACEMENT_3D('',#6929,#5559,#5560);
#4530=AXIS2_PLACEMENT_3D('',#6932,#5563,#5564);
#4531=AXIS2_PLACEMENT_3D('',#6935,#5567,#5568);
#4532=AXIS2_PLACEMENT_3D('',#6937,#5570,#5571);
#4533=AXIS2_PLACEMENT_3D('',#6939,#5573,#5574);
#4534=AXIS2_PLACEMENT_3D('',#6940,#5575,#5576);
#4535=AXIS2_PLACEMENT_3D('',#6943,#5579,#5580);
#4536=AXIS2_PLACEMENT_3D('',#6945,#5582,#5583);
#4537=AXIS2_PLACEMENT_3D('',#6947,#5585,#5586);
#4538=AXIS2_PLACEMENT_3D('',#6948,#5587,#5588);
#4539=AXIS2_PLACEMENT_3D('',#6951,#5591,#5592);
#4540=AXIS2_PLACEMENT_3D('',#6953,#5594,#5595);
#4541=AXIS2_PLACEMENT_3D('',#6955,#5597,#5598);
#4542=AXIS2_PLACEMENT_3D('',#6957,#5600,#5601);
#4543=AXIS2_PLACEMENT_3D('',#6959,#5603,#5604);
#4544=AXIS2_PLACEMENT_3D('',#6960,#5605,#5606);
#4545=AXIS2_PLACEMENT_3D('',#6963,#5609,#5610);
#4546=AXIS2_PLACEMENT_3D('',#6965,#5612,#5613);
#4547=AXIS2_PLACEMENT_3D('',#6967,#5615,#5616);
#4548=AXIS2_PLACEMENT_3D('',#6969,#5618,#5619);
#4549=AXIS2_PLACEMENT_3D('',#6971,#5621,#5622);
#4550=AXIS2_PLACEMENT_3D('',#6972,#5623,#5624);
#4551=AXIS2_PLACEMENT_3D('',#6974,#5626,#5627);
#4552=AXIS2_PLACEMENT_3D('',#6976,#5629,#5630);
#4553=AXIS2_PLACEMENT_3D('',#6977,#5631,#5632);
#4554=AXIS2_PLACEMENT_3D('',#6979,#5634,#5635);
#4555=AXIS2_PLACEMENT_3D('',#6981,#5637,#5638);
#4556=AXIS2_PLACEMENT_3D('',#6982,#5639,#5640);
#4557=AXIS2_PLACEMENT_3D('',#6983,#5641,#5642);
#4558=AXIS2_PLACEMENT_3D('',#6984,#5643,#5644);
#4559=AXIS2_PLACEMENT_3D('',#6985,#5645,#5646);
#4560=AXIS2_PLACEMENT_3D('',#6986,#5647,#5648);
#4561=AXIS2_PLACEMENT_3D('',#6988,#5650,#5651);
#4562=AXIS2_PLACEMENT_3D('',#6990,#5653,#5654);
#4563=AXIS2_PLACEMENT_3D('',#6991,#5655,#5656);
#4564=AXIS2_PLACEMENT_3D('',#6993,#5658,#5659);
#4565=AXIS2_PLACEMENT_3D('',#6994,#5660,#5661);
#4566=AXIS2_PLACEMENT_3D('',#6996,#5663,#5664);
#4567=AXIS2_PLACEMENT_3D('',#6997,#5665,#5666);
#4568=AXIS2_PLACEMENT_3D('',#6998,#5667,#5668);
#4569=AXIS2_PLACEMENT_3D('',#6999,#5669,#5670);
#4570=AXIS2_PLACEMENT_3D('',#7000,#5671,#5672);
#4571=AXIS2_PLACEMENT_3D('',#7002,#5674,#5675);
#4572=AXIS2_PLACEMENT_3D('',#7003,#5676,#5677);
#4573=AXIS2_PLACEMENT_3D('',#7005,#5679,#5680);
#4574=AXIS2_PLACEMENT_3D('',#7006,#5681,#5682);
#4575=AXIS2_PLACEMENT_3D('',#7008,#5684,#5685);
#4576=AXIS2_PLACEMENT_3D('',#7009,#5686,#5687);
#4577=AXIS2_PLACEMENT_3D('',#7011,#5689,#5690);
#4578=AXIS2_PLACEMENT_3D('',#7012,#5691,#5692);
#4579=AXIS2_PLACEMENT_3D('',#7013,#5693,#5694);
#4580=AXIS2_PLACEMENT_3D('',#7014,#5695,#5696);
#4581=AXIS2_PLACEMENT_3D('',#7015,#5697,#5698);
#4582=AXIS2_PLACEMENT_3D('',#7016,#5699,#5700);
#4583=AXIS2_PLACEMENT_3D('',#7017,#5701,#5702);
#4584=AXIS2_PLACEMENT_3D('',#7018,#5703,#5704);
#4585=AXIS2_PLACEMENT_3D('',#7019,#5705,#5706);
#4586=AXIS2_PLACEMENT_3D('',#7020,#5707,#5708);
#4587=AXIS2_PLACEMENT_3D('',#7021,#5709,#5710);
#4588=AXIS2_PLACEMENT_3D('',#7022,#5711,#5712);
#4589=AXIS2_PLACEMENT_3D('',#7023,#5713,#5714);
#4590=AXIS2_PLACEMENT_3D('',#7024,#5715,#5716);
#4591=AXIS2_PLACEMENT_3D('',#7025,#5717,#5718);
#4592=AXIS2_PLACEMENT_3D('',#7026,#5719,#5720);
#4593=AXIS2_PLACEMENT_3D('',#7027,#5721,#5722);
#4594=AXIS2_PLACEMENT_3D('',#7029,#5724,#5725);
#4595=AXIS2_PLACEMENT_3D('',#7030,#5726,#5727);
#4596=AXIS2_PLACEMENT_3D('',#7031,#5728,#5729);
#4597=AXIS2_PLACEMENT_3D('',#7032,#5730,#5731);
#4598=AXIS2_PLACEMENT_3D('',#7035,#5733,#5734);
#4599=AXIS2_PLACEMENT_3D('',#7038,#5736,#5737);
#4600=AXIS2_PLACEMENT_3D('',#7039,#5738,#5739);
#4601=AXIS2_PLACEMENT_3D('',#7040,#5740,#5741);
#4602=AXIS2_PLACEMENT_3D('',#7042,#5743,#5744);
#4603=AXIS2_PLACEMENT_3D('',#7043,#5745,#5746);
#4604=AXIS2_PLACEMENT_3D('',#7045,#5748,#5749);
#4605=AXIS2_PLACEMENT_3D('',#7046,#5750,#5751);
#4606=AXIS2_PLACEMENT_3D('',#7062,#5752,#5753);
#4607=AXIS2_PLACEMENT_3D('',#7090,#5754,#5755);
#4608=AXIS2_PLACEMENT_3D('',#7091,#5756,#5757);
#4609=AXIS2_PLACEMENT_3D('',#7092,#5758,#5759);
#4610=AXIS2_PLACEMENT_3D('',#7126,#5760,#5761);
#4611=AXIS2_PLACEMENT_3D('',#7127,#5762,#5763);
#4612=AXIS2_PLACEMENT_3D('',#7128,#5764,#5765);
#4613=AXIS2_PLACEMENT_3D('',#7129,#5766,#5767);
#4614=AXIS2_PLACEMENT_3D('',#7145,#5768,#5769);
#4615=AXIS2_PLACEMENT_3D('',#7173,#5770,#5771);
#4616=AXIS2_PLACEMENT_3D('',#7174,#5772,#5773);
#4617=AXIS2_PLACEMENT_3D('',#7175,#5774,#5775);
#4618=AXIS2_PLACEMENT_3D('',#7209,#5776,#5777);
#4619=AXIS2_PLACEMENT_3D('',#7210,#5778,#5779);
#4620=AXIS2_PLACEMENT_3D('',#7211,#5780,#5781);
#4621=AXIS2_PLACEMENT_3D('',#7214,#5784,#5785);
#4622=AXIS2_PLACEMENT_3D('',#7215,#5786,#5787);
#4623=AXIS2_PLACEMENT_3D('',#7216,#5788,#5789);
#4624=AXIS2_PLACEMENT_3D('',#7218,#5791,#5792);
#4625=AXIS2_PLACEMENT_3D('',#7220,#5794,#5795);
#4626=AXIS2_PLACEMENT_3D('',#7221,#5796,#5797);
#4627=AXIS2_PLACEMENT_3D('',#7225,#5800,#5801);
#4628=AXIS2_PLACEMENT_3D('',#7227,#5803,#5804);
#4629=AXIS2_PLACEMENT_3D('',#7228,#5805,#5806);
#4630=AXIS2_PLACEMENT_3D('',#7229,#5807,#5808);
#4631=DIRECTION('',(0.,0.,1.));
#4632=DIRECTION('',(1.,0.,0.));
#4633=DIRECTION('',(0.707106781186547,0.,-0.707106781186548));
#4634=DIRECTION('',(-0.707106781186548,0.,-0.707106781186547));
#4635=DIRECTION('',(-0.707106781186548,0.,-0.707106781186547));
#4636=DIRECTION('',(0.707106781186548,0.,0.707106781186547));
#4637=DIRECTION('',(0.707106781186547,0.,-0.707106781186548));
#4638=DIRECTION('',(0.707106781186548,0.,0.707106781186547));
#4639=DIRECTION('',(0.,1.,0.));
#4640=DIRECTION('',(-0.707106781186548,0.,-0.707106781186547));
#4641=DIRECTION('',(0.,1.,0.));
#4642=DIRECTION('',(-0.707106781186548,0.,-0.707106781186547));
#4643=DIRECTION('',(0.,1.,0.));
#4644=DIRECTION('',(0.,1.,0.));
#4645=DIRECTION('',(-1.,0.,0.));
#4646=DIRECTION('',(0.,0.,1.));
#4647=DIRECTION('',(0.,0.,1.));
#4648=DIRECTION('',(0.,-0.5,0.866025403784439));
#4649=DIRECTION('',(0.,-1.,0.));
#4650=DIRECTION('',(1.,0.,0.));
#4651=DIRECTION('',(1.,0.,0.));
#4652=DIRECTION('',(0.,0.,1.));
#4653=DIRECTION('',(-1.778747476008E-16,0.,-1.));
#4654=DIRECTION('',(0.,-1.,0.));
#4655=DIRECTION('',(0.707106781186548,0.,-0.707106781186548));
#4656=DIRECTION('',(0.,-1.,0.));
#4657=DIRECTION('',(1.,0.,0.));
#4658=DIRECTION('',(0.,-1.,0.));
#4659=DIRECTION('',(0.,0.,-1.));
#4660=DIRECTION('',(-0.96499360502859,0.,-0.262273411259939));
#4661=DIRECTION('',(0.,-1.,0.));
#4662=DIRECTION('',(0.,0.,-1.));
#4663=DIRECTION('',(-1.,0.,0.));
#4664=DIRECTION('',(-0.729189869165561,0.,-0.684311431079675));
#4665=DIRECTION('',(1.,0.,-1.73472347597681E-15));
#4666=DIRECTION('',(0.,0.,1.));
#4667=DIRECTION('',(-1.,0.,-6.16790569236167E-15));
#4668=DIRECTION('',(4.48645279374001E-15,0.,-1.));
#4669=DIRECTION('',(-1.,0.,6.16790569236199E-15));
#4670=DIRECTION('',(1.,0.,6.16790569236229E-15));
#4671=DIRECTION('',(4.48645279374002E-15,0.,-1.));
#4672=DIRECTION('',(1.,0.,6.16790569236228E-15));
#4673=DIRECTION('',(0.,0.,1.));
#4674=DIRECTION('',(0.,-1.,0.));
#4675=DIRECTION('',(0.,0.,-1.));
#4676=DIRECTION('',(1.,0.,-1.73472347597681E-15));
#4677=DIRECTION('',(0.729189869165561,0.,-0.684311431079675));
#4678=DIRECTION('',(-1.,0.,0.));
#4679=DIRECTION('',(0.,-1.,0.));
#4680=DIRECTION('',(0.,0.,-1.));
#4681=DIRECTION('',(-0.964993605028584,0.,0.262273411259964));
#4682=DIRECTION('',(0.,0.,-1.));
#4683=DIRECTION('',(1.,0.,0.));
#4684=DIRECTION('',(0.,0.,1.));
#4685=DIRECTION('',(-1.,0.,0.));
#4686=DIRECTION('',(0.,0.,-1.));
#4687=DIRECTION('',(1.,0.,0.));
#4688=DIRECTION('',(0.,0.,1.));
#4689=DIRECTION('',(0.,-1.,0.));
#4690=DIRECTION('',(0.,0.,-1.));
#4691=DIRECTION('',(-1.,0.,0.));
#4692=DIRECTION('',(0.,-1.,0.));
#4693=DIRECTION('',(0.,0.,-1.));
#4694=DIRECTION('',(0.,0.,-1.));
#4695=DIRECTION('',(-1.,0.,0.));
#4696=DIRECTION('',(2.25288763113871E-16,0.,-1.));
#4697=DIRECTION('',(1.,0.,0.));
#4698=DIRECTION('',(0.,-1.,0.));
#4699=DIRECTION('',(1.,0.,0.));
#4700=DIRECTION('',(-1.778747476008E-16,0.,-1.));
#4701=DIRECTION('',(-1.,0.,0.));
#4702=DIRECTION('',(0.,-1.,0.));
#4703=DIRECTION('',(-0.707106781186548,0.,-0.707106781186548));
#4704=DIRECTION('',(0.,-1.,0.));
#4705=DIRECTION('',(1.,0.,0.));
#4706=DIRECTION('',(1.,0.,0.));
#4707=DIRECTION('',(6.73822032283943E-18,-9.88057200921086E-17,1.));
#4708=DIRECTION('',(-1.,0.,-2.92384925355637E-16));
#4709=DIRECTION('',(-1.778747476008E-16,-1.50961460611056E-32,-1.));
#4710=DIRECTION('',(1.,-1.15648231731786E-15,0.));
#4711=DIRECTION('',(0.,0.,1.));
#4712=DIRECTION('',(-0.785187616240949,0.,-0.61925794892101));
#4713=DIRECTION('',(1.,-1.15648231731786E-15,0.));
#4714=DIRECTION('',(-0.894427190999916,1.03438923051969E-15,-0.447213595499957));
#4715=DIRECTION('',(1.,0.,0.));
#4716=DIRECTION('',(0.894427190999916,0.,-0.447213595499958));
#4717=DIRECTION('',(-1.,0.,0.));
#4718=DIRECTION('',(0.82576795584567,0.,-0.564010002658166));
#4719=DIRECTION('',(0.,0.,-1.));
#4720=DIRECTION('',(-1.,0.,0.));
#4721=DIRECTION('',(6.73822032283943E-18,-9.88057200921086E-17,1.));
#4722=DIRECTION('',(-1.,0.,-1.36775347998981E-16));
#4723=DIRECTION('',(-1.778747476008E-16,-1.50961460611056E-32,-1.));
#4724=DIRECTION('',(0.5,-0.866025403784439,-8.89373738004003E-17));
#4725=DIRECTION('',(0.866025403784439,0.5,5.13480167046795E-17));
#4726=DIRECTION('',(-0.866025403784439,-0.5,0.));
#4727=DIRECTION('',(0.774596669241483,0.447213595499958,-0.447213595499958));
#4728=DIRECTION('',(-6.73822032283941E-18,9.88057200921086E-17,-1.));
#4729=DIRECTION('',(0.866025403784439,0.5,0.));
#4730=DIRECTION('',(6.73822032283943E-18,-9.88057200921086E-17,1.));
#4731=DIRECTION('',(0.,0.,-1.));
#4732=DIRECTION('',(1.,0.,0.));
#4733=DIRECTION('',(0.258819045102521,0.965925826289068,0.));
#4734=DIRECTION('',(0.866025403784439,0.5,0.));
#4735=DIRECTION('',(0.258819045102521,0.965925826289068,0.));
#4736=DIRECTION('',(-0.965925826289068,0.258819045102521,0.));
#4737=DIRECTION('',(0.,0.,-1.));
#4738=DIRECTION('',(-1.,0.,0.));
#4739=DIRECTION('',(0.,1.,0.));
#4740=DIRECTION('',(1.,0.,0.));
#4741=DIRECTION('',(0.,-1.,0.));
#4742=DIRECTION('',(1.,0.,0.));
#4743=DIRECTION('',(0.,0.866025403784439,-0.5));
#4744=DIRECTION('',(0.,0.5,0.866025403784439));
#4745=DIRECTION('',(0.,0.866025403784439,-0.5));
#4746=DIRECTION('',(0.,0.5,0.866025403784439));
#4747=DIRECTION('',(1.,0.,0.));
#4748=DIRECTION('',(-0.654653670707977,-0.377964473009228,-0.654653670707977));
#4749=DIRECTION('',(0.,0.866025403784439,-0.5));
#4750=DIRECTION('',(0.,0.5,0.866025403784439));
#4751=DIRECTION('',(0.,0.866025403784439,-0.5));
#4752=DIRECTION('',(0.,0.5,0.866025403784439));
#4753=DIRECTION('',(-0.654653670707977,0.377964473009228,0.654653670707977));
#4754=DIRECTION('',(-0.0918438128558356,0.995773425052156,0.));
#4755=DIRECTION('',(-0.995773425052156,-0.0918438128558356,0.));
#4756=DIRECTION('',(-0.995773425052156,-0.0918438128558356,0.));
#4757=DIRECTION('',(0.,0.,1.));
#4758=DIRECTION('',(-0.995773425052156,-0.0918438128558356,0.));
#4759=DIRECTION('',(0.,0.,1.));
#4760=DIRECTION('',(1.778747476008E-16,0.,1.));
#4761=DIRECTION('',(0.,0.866025403784439,0.5));
#4762=DIRECTION('',(0.,0.5,-0.866025403784439));
#4763=DIRECTION('',(0.,0.5,-0.866025403784439));
#4764=DIRECTION('',(-0.654653670707977,0.377964473009228,-0.654653670707977));
#4765=DIRECTION('',(0.,0.866025403784439,0.5));
#4766=DIRECTION('',(0.,0.5,-0.866025403784439));
#4767=DIRECTION('',(0.,0.866025403784439,0.5));
#4768=DIRECTION('',(0.,0.5,-0.866025403784439));
#4769=DIRECTION('',(1.,0.,0.));
#4770=DIRECTION('',(-0.654653670707977,0.377964473009228,-0.654653670707977));
#4771=DIRECTION('',(0.,-1.,0.));
#4772=DIRECTION('',(1.,0.,0.));
#4773=DIRECTION('',(-1.,0.,0.));
#4774=DIRECTION('',(-1.778747476008E-16,0.,-1.));
#4775=DIRECTION('',(1.,0.,0.));
#4776=DIRECTION('',(0.,0.,-1.));
#4777=DIRECTION('',(-1.,0.,0.));
#4778=DIRECTION('',(0.,0.,1.));
#4779=DIRECTION('',(1.,0.,0.));
#4780=DIRECTION('',(1.,0.,1.36775347998981E-16));
#4781=DIRECTION('',(1.36775347998981E-16,0.,-1.));
#4782=DIRECTION('',(-1.,0.,0.));
#4783=DIRECTION('',(1.,0.,1.36775347998981E-16));
#4784=DIRECTION('',(1.36775347998981E-16,0.,-1.));
#4785=DIRECTION('',(1.,0.,0.));
#4786=DIRECTION('',(0.5,0.866025403784439,-8.89373738004003E-17));
#4787=DIRECTION('',(-0.866025403784439,0.5,-5.13480167046795E-17));
#4788=DIRECTION('',(1.,0.,0.));
#4789=DIRECTION('',(0.,0.,-1.));
#4790=DIRECTION('',(1.,0.,2.92384925355637E-16));
#4791=DIRECTION('',(2.92384925355637E-16,0.,-1.));
#4792=DIRECTION('',(-1.,0.,-2.92384925355637E-16));
#4793=DIRECTION('',(1.,0.,1.36775347998981E-16));
#4794=DIRECTION('',(1.36775347998981E-16,0.,-1.));
#4795=DIRECTION('',(-1.,0.,-2.92384925355637E-16));
#4796=DIRECTION('',(1.,0.,0.));
#4797=DIRECTION('',(0.,0.,-1.));
#4798=DIRECTION('',(0.5,0.866025403784439,-8.89373738004003E-17));
#4799=DIRECTION('',(0.866025403784439,-0.5,3.88965047426811E-16));
#4800=DIRECTION('',(0.,-1.,0.));
#4801=DIRECTION('',(1.,0.,0.));
#4802=DIRECTION('',(0.96499360502859,0.,0.262273411259939));
#4803=DIRECTION('',(0.,1.,0.));
#4804=DIRECTION('',(0.,0.,1.));
#4805=DIRECTION('',(-1.,0.,1.73472347597681E-15));
#4806=DIRECTION('',(0.729189869165561,0.,0.684311431079675));
#4807=DIRECTION('',(1.,0.,0.));
#4808=DIRECTION('',(0.,1.,0.));
#4809=DIRECTION('',(0.,0.,1.));
#4810=DIRECTION('',(-4.48645279374002E-15,0.,1.));
#4811=DIRECTION('',(-1.,0.,-6.16790569236229E-15));
#4812=DIRECTION('',(0.,0.,-1.));
#4813=DIRECTION('',(-1.,0.,-6.16790569236228E-15));
#4814=DIRECTION('',(0.,-1.,0.));
#4815=DIRECTION('',(0.,0.,-1.));
#4816=DIRECTION('',(-1.,0.,0.));
#4817=DIRECTION('',(0.,-1.,0.));
#4818=DIRECTION('',(0.,0.,-1.));
#4819=DIRECTION('',(0.,0.,1.));
#4820=DIRECTION('',(0.,0.,1.));
#4821=DIRECTION('',(0.,0.,1.));
#4822=DIRECTION('',(1.,0.,0.));
#4823=DIRECTION('',(0.707106781186548,0.,-0.707106781186547));
#4824=DIRECTION('',(-1.778747476008E-16,0.,-1.));
#4825=DIRECTION('',(0.,-1.,0.));
#4826=DIRECTION('',(0.,0.,-1.));
#4827=DIRECTION('',(0.,0.,-1.));
#4828=DIRECTION('',(1.,0.,0.));
#4829=DIRECTION('',(0.,0.,-1.));
#4830=DIRECTION('',(1.,0.,0.));
#4831=DIRECTION('',(0.,0.,-1.));
#4832=DIRECTION('',(-1.,0.,1.73472347597681E-15));
#4833=DIRECTION('',(-2.31296463463574E-15,0.,-1.));
#4834=DIRECTION('',(0.,-1.,0.));
#4835=DIRECTION('',(0.,0.,-1.));
#4836=DIRECTION('',(-1.778747476008E-16,0.,-1.));
#4837=DIRECTION('',(1.,0.,0.));
#4838=DIRECTION('',(0.,0.,-1.));
#4839=DIRECTION('',(0.,0.,-1.));
#4840=DIRECTION('',(0.,0.,-1.));
#4841=DIRECTION('',(1.,0.,6.16790569236167E-15));
#4842=DIRECTION('',(0.,0.,-1.));
#4843=DIRECTION('',(1.,0.,-6.16790569236199E-15));
#4844=DIRECTION('',(-4.48645279374001E-15,0.,1.));
#4845=DIRECTION('',(-1.,0.,1.73472347597681E-15));
#4846=DIRECTION('',(0.,1.,0.));
#4847=DIRECTION('',(0.,0.,1.));
#4848=DIRECTION('',(0.964993605028584,0.,-0.262273411259964));
#4849=DIRECTION('',(0.,1.,0.));
#4850=DIRECTION('',(0.,0.,1.));
#4851=DIRECTION('',(1.,0.,0.));
#4852=DIRECTION('',(-0.729189869165561,0.,0.684311431079675));
#4853=DIRECTION('',(-0.5,0.866025403784439,8.89373738004003E-17));
#4854=DIRECTION('',(0.866025403784439,0.5,-1.54044050114038E-16));
#4855=DIRECTION('',(-0.5,0.866025403784439,8.89373738004003E-17));
#4856=DIRECTION('',(-0.866025403784439,-0.5,0.));
#4857=DIRECTION('',(-0.866025403784439,-0.5,0.));
#4858=DIRECTION('',(0.866025403784439,0.5,0.));
#4859=DIRECTION('',(-1.778747476008E-16,0.,-1.));
#4860=DIRECTION('',(-0.5,0.866025403784439,8.89373738004003E-17));
#4861=DIRECTION('',(-0.866025403784439,-0.5,0.));
#4862=DIRECTION('',(-0.5,0.866025403784439,8.89373738004003E-17));
#4863=DIRECTION('',(-0.866025403784439,-0.5,0.));
#4864=DIRECTION('',(-0.695763205143559,-0.401699073781871,-0.59544220247741));
#4865=DIRECTION('',(1.58862850456205E-16,1.9441554288448E-16,-1.));
#4866=DIRECTION('',(0.69576320514356,0.401699073781871,-0.595442202477409));
#4867=DIRECTION('',(-0.5,0.866025403784439,8.89373738004003E-17));
#4868=DIRECTION('',(-0.866025403784439,-0.5,0.));
#4869=DIRECTION('',(-0.5,0.866025403784439,8.89373738004003E-17));
#4870=DIRECTION('',(-0.866025403784439,-0.5,0.));
#4871=DIRECTION('',(0.571206530825084,0.329786244334735,-0.751640959627908));
#4872=DIRECTION('',(-0.5,0.866025403784439,8.89373738004003E-17));
#4873=DIRECTION('',(-0.866025403784439,-0.5,0.));
#4874=DIRECTION('',(0.866025403784439,0.5,2.31561104726118E-16));
#4875=DIRECTION('',(-0.5,0.866025403784439,8.89373738004003E-17));
#4876=DIRECTION('',(-0.866025403784439,-0.5,0.));
#4877=DIRECTION('',(0.571206530825084,0.329786244334735,0.751640959627908));
#4878=DIRECTION('',(-0.571206530825084,-0.329786244334735,-0.751640959627909));
#4879=DIRECTION('',(-0.5,0.866025403784439,8.89373738004003E-17));
#4880=DIRECTION('',(-0.866025403784439,-0.5,0.));
#4881=DIRECTION('',(-0.5,0.866025403784439,8.89373738004003E-17));
#4882=DIRECTION('',(-0.866025403784439,-0.5,0.));
#4883=DIRECTION('',(-0.571206530825085,-0.329786244334735,0.751640959627908));
#4884=DIRECTION('',(-0.5,0.866025403784439,8.89373738004003E-17));
#4885=DIRECTION('',(-0.866025403784439,-0.5,0.));
#4886=DIRECTION('',(-0.866025403784439,-0.5,-2.64641262544136E-16));
#4887=DIRECTION('',(-0.5,0.866025403784439,8.89373738004003E-17));
#4888=DIRECTION('',(-0.866025403784439,-0.5,0.));
#4889=DIRECTION('',(-0.69576320514356,-0.401699073781871,0.595442202477409));
#4890=DIRECTION('',(-0.5,0.866025403784439,8.89373738004003E-17));
#4891=DIRECTION('',(-0.866025403784439,-0.5,0.));
#4892=DIRECTION('',(-0.5,0.866025403784439,8.89373738004003E-17));
#4893=DIRECTION('',(-0.866025403784439,-0.5,0.));
#4894=DIRECTION('',(0.695763205143559,0.401699073781871,0.59544220247741));
#4895=DIRECTION('',(-0.5,0.866025403784439,8.89373738004003E-17));
#4896=DIRECTION('',(-0.866025403784439,-0.5,0.));
#4897=DIRECTION('',(-1.84423096968333E-17,-1.13343705877304E-16,1.));
#4898=DIRECTION('',(-0.5,0.866025403784439,8.89373738004003E-17));
#4899=DIRECTION('',(-0.866025403784439,-0.5,0.));
#4900=DIRECTION('',(-0.5,0.866025403784439,8.89373738004003E-17));
#4901=DIRECTION('',(0.866025403784439,0.5,-1.54044050114038E-16));
#4902=DIRECTION('',(-0.5,0.866025403784439,8.89373738004003E-17));
#4903=DIRECTION('',(-0.866025403784439,-0.5,0.));
#4904=DIRECTION('',(0.866025403784439,0.5,2.64641262544136E-16));
#4905=DIRECTION('',(-0.5,0.866025403784439,8.89373738004003E-17));
#4906=DIRECTION('',(-0.866025403784439,-0.5,0.));
#4907=DIRECTION('',(0.571206530825085,0.329786244334735,-0.751640959627908));
#4908=DIRECTION('',(-0.5,0.866025403784439,8.89373738004003E-17));
#4909=DIRECTION('',(-0.866025403784439,-0.5,0.));
#4910=DIRECTION('',(-0.5,0.866025403784439,8.89373738004003E-17));
#4911=DIRECTION('',(-0.866025403784439,-0.5,0.));
#4912=DIRECTION('',(0.571206530825084,0.329786244334735,0.751640959627909));
#4913=DIRECTION('',(-0.5,0.866025403784439,8.89373738004003E-17));
#4914=DIRECTION('',(-0.866025403784439,-0.5,0.));
#4915=DIRECTION('',(0.866025403784439,0.5,0.));
#4916=DIRECTION('',(-1.778747476008E-16,1.65136439448792E-33,-1.));
#4917=DIRECTION('',(0.654653670707977,0.377964473009228,-0.654653670707977));
#4918=DIRECTION('',(-1.778747476008E-16,0.,-1.));
#4919=DIRECTION('',(0.695763205143559,0.401699073781871,0.59544220247741));
#4920=DIRECTION('',(-0.5,0.866025403784439,8.89373738004003E-17));
#4921=DIRECTION('',(-0.866025403784439,-0.5,0.));
#4922=DIRECTION('',(-0.5,0.866025403784439,8.89373738004003E-17));
#4923=DIRECTION('',(-0.866025403784439,-0.5,0.));
#4924=DIRECTION('',(-0.69576320514356,-0.401699073781871,0.595442202477409));
#4925=DIRECTION('',(-1.778747476008E-16,0.,-1.));
#4926=DIRECTION('',(-1.778747476008E-16,0.,-1.));
#4927=DIRECTION('',(-0.5,0.866025403784439,8.89373738004003E-17));
#4928=DIRECTION('',(-0.866025403784439,-0.5,0.));
#4929=DIRECTION('',(-0.866025403784439,-0.5,-2.31561104726118E-16));
#4930=DIRECTION('',(-0.5,0.866025403784439,8.89373738004003E-17));
#4931=DIRECTION('',(-0.866025403784439,-0.5,0.));
#4932=DIRECTION('',(-0.571206530825084,-0.329786244334735,0.751640959627908));
#4933=DIRECTION('',(-0.5,0.866025403784439,8.89373738004003E-17));
#4934=DIRECTION('',(-0.866025403784439,-0.5,0.));
#4935=DIRECTION('',(-0.5,0.866025403784439,8.89373738004003E-17));
#4936=DIRECTION('',(-0.866025403784439,-0.5,0.));
#4937=DIRECTION('',(-0.571206530825084,-0.329786244334735,-0.751640959627908));
#4938=DIRECTION('',(-0.5,0.866025403784439,8.89373738004003E-17));
#4939=DIRECTION('',(-0.866025403784439,-0.5,0.));
#4940=DIRECTION('',(1.84423096968333E-17,1.13343705877304E-16,-1.));
#4941=DIRECTION('',(-0.5,0.866025403784439,8.89373738004003E-17));
#4942=DIRECTION('',(-0.866025403784439,-0.5,0.));
#4943=DIRECTION('',(-0.695763205143559,-0.401699073781871,-0.59544220247741));
#4944=DIRECTION('',(-0.5,0.866025403784439,8.89373738004003E-17));
#4945=DIRECTION('',(-0.866025403784439,-0.5,0.));
#4946=DIRECTION('',(-0.5,0.866025403784439,8.89373738004003E-17));
#4947=DIRECTION('',(-0.866025403784439,-0.5,0.));
#4948=DIRECTION('',(0.69576320514356,0.401699073781871,-0.595442202477409));
#4949=DIRECTION('',(-0.5,0.866025403784439,8.89373738004003E-17));
#4950=DIRECTION('',(-0.866025403784439,-0.5,0.));
#4951=DIRECTION('',(1.,0.,-1.778747476008E-16));
#4952=DIRECTION('',(-1.778747476008E-16,0.,-1.));
#4953=DIRECTION('',(-1.778747476008E-16,-1.02924631564206E-15,-1.));
#4954=DIRECTION('',(7.85056246723843E-17,-0.937698988221279,0.34744871202638));
#4955=DIRECTION('',(-1.778747476008E-16,0.,-1.));
#4956=DIRECTION('',(0.,1.,0.));
#4957=DIRECTION('',(0.,1.,0.));
#4958=DIRECTION('',(-1.778747476008E-16,0.,-1.));
#4959=DIRECTION('',(-7.85056246723844E-17,-0.937698988221279,-0.34744871202638));
#4960=DIRECTION('',(0.5,0.866025403784439,-8.89373738004003E-17));
#4961=DIRECTION('',(-0.866025403784439,0.5,1.54044050114038E-16));
#4962=DIRECTION('',(0.5,0.866025403784439,-8.89373738004003E-17));
#4963=DIRECTION('',(-0.866025403784439,0.5,0.));
#4964=DIRECTION('',(0.5,0.866025403784439,-8.89373738004003E-17));
#4965=DIRECTION('',(-0.866025403784439,0.5,0.));
#4966=DIRECTION('',(0.5,0.866025403784439,-8.89373738004003E-17));
#4967=DIRECTION('',(-0.866025403784439,0.5,0.));
#4968=DIRECTION('',(0.5,0.866025403784439,-8.89373738004003E-17));
#4969=DIRECTION('',(-0.866025403784439,0.5,0.));
#4970=DIRECTION('',(0.695792474236037,-0.401715972300291,-0.595396599247364));
#4971=DIRECTION('',(0.5,0.866025403784439,-8.89373738004003E-17));
#4972=DIRECTION('',(-0.866025403784439,0.5,0.));
#4973=DIRECTION('',(-1.84370897253079E-17,1.13340692125339E-16,1.));
#4974=DIRECTION('',(0.5,0.866025403784439,-8.89373738004003E-17));
#4975=DIRECTION('',(-0.866025403784439,0.5,0.));
#4976=DIRECTION('',(0.695792474236036,-0.401715972300291,0.595396599247364));
#4977=DIRECTION('',(0.5,0.866025403784439,-8.89373738004003E-17));
#4978=DIRECTION('',(-0.866025403784439,0.5,0.));
#4979=DIRECTION('',(0.5,0.866025403784439,-8.89373738004003E-17));
#4980=DIRECTION('',(-0.866025403784439,0.5,0.));
#4981=DIRECTION('',(-0.571265086188362,0.329820051289485,-0.75158162236021));
#4982=DIRECTION('',(0.5,0.866025403784439,-8.89373738004003E-17));
#4983=DIRECTION('',(-0.866025403784439,0.5,0.));
#4984=DIRECTION('',(0.866025403784439,-0.5,-1.84889274661175E-32));
#4985=DIRECTION('',(0.5,0.866025403784439,-8.89373738004003E-17));
#4986=DIRECTION('',(-0.866025403784439,0.5,0.));
#4987=DIRECTION('',(-0.571265086188361,0.329820051289485,0.75158162236021));
#4988=DIRECTION('',(-0.571265086188361,0.329820051289485,-0.75158162236021));
#4989=DIRECTION('',(0.5,0.866025403784439,-8.89373738004003E-17));
#4990=DIRECTION('',(-0.866025403784439,0.5,0.));
#4991=DIRECTION('',(-0.866025403784439,0.5,-1.32287850382582E-16));
#4992=DIRECTION('',(0.5,0.866025403784439,-8.89373738004003E-17));
#4993=DIRECTION('',(-0.866025403784439,0.5,0.));
#4994=DIRECTION('',(-0.571265086188362,0.329820051289485,0.75158162236021));
#4995=DIRECTION('',(0.5,0.866025403784439,-8.89373738004003E-17));
#4996=DIRECTION('',(-0.866025403784439,0.5,0.));
#4997=DIRECTION('',(0.5,0.866025403784439,-8.89373738004003E-17));
#4998=DIRECTION('',(-0.866025403784439,0.5,0.));
#4999=DIRECTION('',(-0.654653670707977,0.377964473009228,-0.654653670707977));
#5000=DIRECTION('',(-1.778747476008E-16,-1.65136439448792E-33,-1.));
#5001=DIRECTION('',(0.866025403784439,-0.5,0.));
#5002=DIRECTION('',(0.695792474236037,-0.401715972300291,0.595396599247364));
#5003=DIRECTION('',(0.5,0.866025403784439,-8.89373738004003E-17));
#5004=DIRECTION('',(-0.866025403784439,0.5,0.));
#5005=DIRECTION('',(0.5,0.866025403784439,-8.89373738004003E-17));
#5006=DIRECTION('',(-0.866025403784439,0.5,0.));
#5007=DIRECTION('',(0.695792474236036,-0.401715972300291,-0.595396599247364));
#5008=DIRECTION('',(1.36775347998981E-16,0.,-1.));
#5009=DIRECTION('',(-1.,0.,-1.36775347998981E-16));
#5010=DIRECTION('',(0.,-1.,0.));
#5011=DIRECTION('',(0.866025403784439,-0.5,0.));
#5012=DIRECTION('',(0.,1.,0.));
#5013=DIRECTION('',(-1.,1.46390166749098E-16,-1.36775347998981E-16));
#5014=DIRECTION('',(0.,-1.,0.));
#5015=DIRECTION('',(-1.,2.19585250123647E-16,-1.36775347998981E-16));
#5016=DIRECTION('',(0.,-1.,0.));
#5017=DIRECTION('',(1.,0.,0.));
#5018=DIRECTION('',(1.,0.,0.));
#5019=DIRECTION('',(1.36775347998981E-16,0.,-1.));
#5020=DIRECTION('',(-1.778747476008E-16,0.,-1.));
#5021=DIRECTION('',(1.36775347998981E-16,0.,-1.));
#5022=DIRECTION('',(0.,0.,1.));
#5023=DIRECTION('',(-1.,0.,0.));
#5024=DIRECTION('',(1.778747476008E-16,0.,1.));
#5025=DIRECTION('',(1.,0.,1.36775347998981E-16));
#5026=DIRECTION('',(1.36775347998981E-16,0.,-1.));
#5027=DIRECTION('',(1.778747476008E-16,0.,1.));
#5028=DIRECTION('',(1.36775347998981E-16,0.,-1.));
#5029=DIRECTION('',(1.,0.,0.));
#5030=DIRECTION('',(0.,0.866025403784439,0.5));
#5031=DIRECTION('',(0.,0.5,-0.866025403784439));
#5032=DIRECTION('',(0.,-0.5,0.866025403784439));
#5033=DIRECTION('',(-0.654653670707977,-0.377964473009228,0.654653670707977));
#5034=DIRECTION('',(1.,0.,0.));
#5035=DIRECTION('',(0.,0.866025403784439,0.5));
#5036=DIRECTION('',(0.,0.5,-0.866025403784439));
#5037=DIRECTION('',(0.,0.866025403784439,0.5));
#5038=DIRECTION('',(0.,0.5,-0.866025403784439));
#5039=DIRECTION('',(-0.654653670707977,-0.377964473009228,0.654653670707977));
#5040=DIRECTION('',(1.,0.,0.));
#5041=DIRECTION('',(0.,0.,1.));
#5042=DIRECTION('',(1.,0.,0.));
#5043=DIRECTION('',(0.866025403784439,-0.5,0.));
#5044=DIRECTION('',(0.,1.,0.));
#5045=DIRECTION('',(1.,-1.46390166749098E-16,0.));
#5046=DIRECTION('',(0.,-1.,0.));
#5047=DIRECTION('',(1.,0.,0.));
#5048=DIRECTION('',(-0.866025403784439,-0.5,0.));
#5049=DIRECTION('',(0.965925826289068,-0.258819045102521,-3.20814231579629E-17));
#5050=DIRECTION('',(-0.258819045102521,-0.965925826289068,-9.36950170724087E-17));
#5051=DIRECTION('',(-0.211324865405187,-0.788675134594813,-0.577350269189626));
#5052=DIRECTION('',(0.,0.,1.));
#5053=DIRECTION('',(1.,0.,0.));
#5054=DIRECTION('',(-0.258819045102521,-0.965925826289068,-9.36950170724087E-17));
#5055=DIRECTION('',(0.,0.,1.));
#5056=DIRECTION('',(1.,0.,0.));
#5057=DIRECTION('',(0.,0.,1.));
#5058=DIRECTION('',(1.,0.,0.));
#5059=DIRECTION('',(-1.,0.,0.));
#5060=DIRECTION('',(0.,0.,1.));
#5061=DIRECTION('',(1.,0.,0.));
#5062=DIRECTION('',(-0.995773425052156,0.0918438128558346,0.));
#5063=DIRECTION('',(-0.5,0.866025403784439,8.89373738004003E-17));
#5064=DIRECTION('',(0.866025403784439,0.5,-1.54044050114038E-16));
#5065=DIRECTION('',(-0.5,0.866025403784439,8.89373738004003E-17));
#5066=DIRECTION('',(-0.866025403784439,-0.5,0.));
#5067=DIRECTION('',(-0.5,0.866025403784439,8.89373738004003E-17));
#5068=DIRECTION('',(0.866025403784439,0.5,3.88965047426811E-16));
#5069=DIRECTION('',(-0.866025403784439,-0.5,1.54044050114038E-16));
#5070=DIRECTION('',(-0.5,0.866025403784439,8.89373738004003E-17));
#5071=DIRECTION('',(-0.866025403784439,-0.5,-5.13480167046795E-17));
#5072=DIRECTION('',(-0.5,0.866025403784439,8.89373738004003E-17));
#5073=DIRECTION('',(0.866025403784439,0.5,-1.54044050114038E-16));
#5074=DIRECTION('',(-0.866025403784439,-0.5,1.54044050114038E-16));
#5075=DIRECTION('',(0.654653670707977,0.377964473009228,-0.654653670707977));
#5076=DIRECTION('',(-4.44686869002001E-17,7.70220250570192E-17,-1.));
#5077=DIRECTION('',(-0.866025403784439,-0.5,0.));
#5078=DIRECTION('',(-0.5,-0.866025403784439,8.89373738004003E-17));
#5079=DIRECTION('',(0.866025403784439,-0.5,5.13480167046795E-17));
#5080=DIRECTION('',(-0.679992422401608,0.392593808120475,-0.61925794892101));
#5081=DIRECTION('',(-0.866025403784439,0.5,1.22519038313981E-16));
#5082=DIRECTION('',(-1.778747476008E-16,-1.50961460611056E-32,-1.));
#5083=DIRECTION('',(0.866025403784439,-0.5,0.));
#5084=DIRECTION('',(-1.61694416465057E-16,1.96050348281919E-16,1.));
#5085=DIRECTION('',(-0.965925826289068,-0.258819045102521,1.71813812552262E-16));
#5086=DIRECTION('',(0.258819045102521,-0.965925826289068,-4.60373723218911E-17));
#5087=DIRECTION('',(-0.211324865405187,0.788675134594813,0.577350269189626));
#5088=DIRECTION('',(0.258819045102521,-0.965925826289068,0.));
#5089=DIRECTION('',(-0.353553390593274,-0.612372435695795,0.707106781186548));
#5090=DIRECTION('',(-0.353553390593274,-0.612372435695795,-0.707106781186548));
#5091=DIRECTION('',(0.866025403784439,-0.5,0.));
#5092=DIRECTION('',(-0.788675134594813,-0.211324865405187,-0.577350269189626));
#5093=DIRECTION('',(-0.353553390593274,-0.612372435695795,0.707106781186548));
#5094=DIRECTION('',(-0.353553390593274,-0.612372435695795,-0.707106781186548));
#5095=DIRECTION('',(-0.866025403784439,0.5,1.22519038313981E-16));
#5096=DIRECTION('',(0.5,0.866025403784439,-8.89373738004003E-17));
#5097=DIRECTION('',(-0.866025403784439,0.5,1.54044050114038E-16));
#5098=DIRECTION('',(-4.44686869002001E-17,-7.70220250570192E-17,-1.));
#5099=DIRECTION('',(-0.654653670707977,0.377964473009228,-0.654653670707977));
#5100=DIRECTION('',(0.866025403784439,-0.5,-1.54044050114038E-16));
#5101=DIRECTION('',(0.5,0.866025403784439,-8.89373738004003E-17));
#5102=DIRECTION('',(-0.866025403784439,0.5,1.54044050114038E-16));
#5103=DIRECTION('',(0.5,0.866025403784439,-8.89373738004003E-17));
#5104=DIRECTION('',(-0.866025403784439,0.5,0.));
#5105=DIRECTION('',(0.5,0.866025403784439,-8.89373738004003E-17));
#5106=DIRECTION('',(-0.866025403784439,0.5,0.));
#5107=DIRECTION('',(0.5,0.866025403784439,-8.89373738004003E-17));
#5108=DIRECTION('',(-0.866025403784439,0.5,0.));
#5109=DIRECTION('',(-0.695792474236037,0.401715972300291,-0.595396599247364));
#5110=DIRECTION('',(-2.67801980447979E-16,2.57311578910515E-16,1.));
#5111=DIRECTION('',(-0.695792474236036,0.401715972300291,0.595396599247364));
#5112=DIRECTION('',(0.571265086188361,-0.329820051289485,0.75158162236021));
#5113=DIRECTION('',(0.5,0.866025403784439,-8.89373738004003E-17));
#5114=DIRECTION('',(-0.866025403784439,0.5,0.));
#5115=DIRECTION('',(0.5,0.866025403784439,-8.89373738004003E-17));
#5116=DIRECTION('',(-0.866025403784439,0.5,0.));
#5117=DIRECTION('',(0.571265086188362,-0.329820051289485,-0.75158162236021));
#5118=DIRECTION('',(0.5,0.866025403784439,-8.89373738004003E-17));
#5119=DIRECTION('',(-0.866025403784439,0.5,0.));
#5120=DIRECTION('',(0.866025403784439,-0.5,1.32287850382582E-16));
#5121=DIRECTION('',(0.5,0.866025403784439,-8.89373738004003E-17));
#5122=DIRECTION('',(-0.866025403784439,0.5,0.));
#5123=DIRECTION('',(-0.866025403784439,0.5,4.93701600714493E-33));
#5124=DIRECTION('',(0.5,0.866025403784439,-8.89373738004003E-17));
#5125=DIRECTION('',(-0.866025403784439,0.5,0.));
#5126=DIRECTION('',(0.571265086188362,-0.329820051289485,0.75158162236021));
#5127=DIRECTION('',(0.5,0.866025403784439,-8.89373738004003E-17));
#5128=DIRECTION('',(-0.866025403784439,0.5,0.));
#5129=DIRECTION('',(0.5,0.866025403784439,-8.89373738004003E-17));
#5130=DIRECTION('',(-0.866025403784439,0.5,0.));
#5131=DIRECTION('',(0.571265086188361,-0.329820051289485,-0.75158162236021));
#5132=DIRECTION('',(0.5,0.866025403784439,-8.89373738004003E-17));
#5133=DIRECTION('',(-0.866025403784439,0.5,0.));
#5134=DIRECTION('',(1.84370897253079E-17,-1.13340692125339E-16,-1.));
#5135=DIRECTION('',(0.5,0.866025403784439,-8.89373738004003E-17));
#5136=DIRECTION('',(-0.866025403784439,0.5,0.));
#5137=DIRECTION('',(-0.695792474236036,0.401715972300291,0.595396599247364));
#5138=DIRECTION('',(0.5,0.866025403784439,-8.89373738004003E-17));
#5139=DIRECTION('',(-0.866025403784439,0.5,0.));
#5140=DIRECTION('',(0.5,0.866025403784439,-8.89373738004003E-17));
#5141=DIRECTION('',(-0.866025403784439,0.5,0.));
#5142=DIRECTION('',(-0.695792474236037,0.401715972300291,-0.595396599247364));
#5143=DIRECTION('',(0.5,0.866025403784439,-8.89373738004003E-17));
#5144=DIRECTION('',(-0.866025403784439,0.5,0.));
#5145=DIRECTION('',(0.866025403784439,-0.5,0.));
#5146=DIRECTION('',(0.866025403784439,-0.5,0.));
#5147=DIRECTION('',(0.,-1.,0.));
#5148=DIRECTION('',(1.,0.,0.));
#5149=DIRECTION('',(1.,0.,0.));
#5150=DIRECTION('',(0.,0.,1.));
#5151=DIRECTION('',(0.,-1.,0.));
#5152=DIRECTION('',(0.,0.,-1.));
#5153=DIRECTION('',(-1.,0.,0.));
#5154=DIRECTION('',(0.,0.,-1.));
#5155=DIRECTION('',(0.,1.,0.));
#5156=DIRECTION('',(0.,0.,1.));
#5157=DIRECTION('',(0.,1.,0.));
#5158=DIRECTION('',(0.,-1.,0.));
#5159=DIRECTION('',(0.,0.,-1.));
#5160=DIRECTION('',(0.,1.,0.));
#5161=DIRECTION('',(0.,1.,0.));
#5162=DIRECTION('',(0.,1.,0.));
#5163=DIRECTION('',(0.,1.,0.));
#5164=DIRECTION('',(0.,0.,1.));
#5165=DIRECTION('',(0.,-1.,0.));
#5166=DIRECTION('',(0.,0.,-1.));
#5167=DIRECTION('',(0.,1.,0.));
#5168=DIRECTION('',(0.,-1.,0.));
#5169=DIRECTION('',(0.,0.,-1.));
#5170=DIRECTION('',(0.,1.,0.));
#5171=DIRECTION('',(0.,0.,1.));
#5172=DIRECTION('',(1.,0.,0.));
#5173=DIRECTION('',(0.,0.,1.));
#5174=DIRECTION('',(1.,0.,0.));
#5175=DIRECTION('',(-0.258819045102521,-0.965925826289068,-9.36950170724087E-17));
#5176=DIRECTION('',(0.,0.,1.));
#5177=DIRECTION('',(1.,0.,0.));
#5178=DIRECTION('',(0.,0.,1.));
#5179=DIRECTION('',(1.,0.,0.));
#5180=DIRECTION('',(1.,0.,0.));
#5181=DIRECTION('',(0.,0.,-1.));
#5182=DIRECTION('',(0.,-1.,0.));
#5183=DIRECTION('',(0.,1.,0.));
#5184=DIRECTION('',(0.,0.,-1.));
#5185=DIRECTION('',(-1.,0.,0.));
#5186=DIRECTION('',(0.,-1.,0.));
#5187=DIRECTION('',(0.,-1.,0.));
#5188=DIRECTION('',(0.,-1.,0.));
#5189=DIRECTION('',(1.,0.,0.));
#5190=DIRECTION('',(1.,0.,0.));
#5191=DIRECTION('',(1.778747476008E-16,0.,1.));
#5192=DIRECTION('',(0.,0.,-1.));
#5193=DIRECTION('',(0.,-1.,0.));
#5194=DIRECTION('',(1.,0.,0.));
#5195=DIRECTION('',(0.,0.,1.));
#5196=DIRECTION('',(1.,0.,0.));
#5197=DIRECTION('',(0.,0.,-1.));
#5198=DIRECTION('',(1.,0.,0.));
#5199=DIRECTION('',(1.,0.,0.));
#5200=DIRECTION('',(0.,0.,-1.));
#5201=DIRECTION('',(0.,-0.857492925712544,0.514495755427527));
#5202=DIRECTION('',(1.,0.,0.));
#5203=DIRECTION('',(0.,0.,-1.));
#5204=DIRECTION('',(0.,-1.,0.));
#5205=DIRECTION('',(0.,1.,0.));
#5206=DIRECTION('',(0.,1.,0.));
#5207=DIRECTION('',(0.,0.,-1.));
#5208=DIRECTION('',(1.,0.,0.));
#5209=DIRECTION('',(0.,0.,-1.));
#5210=DIRECTION('',(0.,-1.,0.));
#5211=DIRECTION('',(1.,0.,0.));
#5212=DIRECTION('',(0.,0.,-1.));
#5213=DIRECTION('',(0.,-0.857492925712544,0.514495755427527));
#5214=DIRECTION('',(0.,0.,-1.));
#5215=DIRECTION('',(0.,1.,0.));
#5216=DIRECTION('',(0.,1.,0.));
#5217=DIRECTION('',(-1.,0.,0.));
#5218=DIRECTION('',(0.,0.,1.));
#5219=DIRECTION('',(0.,0.857492925712544,-0.514495755427527));
#5220=DIRECTION('',(-1.,0.,0.));
#5221=DIRECTION('',(0.,0.,1.));
#5222=DIRECTION('',(0.,-1.,0.));
#5223=DIRECTION('',(0.,-1.,0.));
#5224=DIRECTION('',(0.,0.,-1.));
#5225=DIRECTION('',(0.,0.,1.));
#5226=DIRECTION('',(1.,0.,0.));
#5227=DIRECTION('',(0.,1.,0.));
#5228=DIRECTION('',(0.,0.,1.));
#5229=DIRECTION('',(1.,0.,0.));
#5230=DIRECTION('',(-0.514495755427526,-0.857492925712544,0.));
#5231=DIRECTION('',(1.,0.,0.));
#5232=DIRECTION('',(0.,1.,0.));
#5233=DIRECTION('',(0.,1.,0.));
#5234=DIRECTION('',(0.,0.,-1.));
#5235=DIRECTION('',(-1.,0.,0.));
#5236=DIRECTION('',(0.514495755427526,0.857492925712544,0.));
#5237=DIRECTION('',(0.,0.,-1.));
#5238=DIRECTION('',(-1.,0.,0.));
#5239=DIRECTION('',(0.,1.,0.));
#5240=DIRECTION('',(0.,1.,0.));
#5241=DIRECTION('',(0.,1.,0.));
#5242=DIRECTION('',(1.,0.,0.));
#5243=DIRECTION('',(0.,0.,1.));
#5244=DIRECTION('',(1.,0.,0.));
#5245=DIRECTION('',(0.,1.,0.));
#5246=DIRECTION('',(0.,0.,1.));
#5247=DIRECTION('',(1.,0.,0.));
#5248=DIRECTION('',(-0.514495755427527,0.857492925712544,0.));
#5249=DIRECTION('',(-1.,0.,0.));
#5250=DIRECTION('',(0.,1.,0.));
#5251=DIRECTION('',(0.,1.,0.));
#5252=DIRECTION('',(0.,0.,1.));
#5253=DIRECTION('',(1.,0.,0.));
#5254=DIRECTION('',(-1.,-2.16840434497102E-16,0.));
#5255=DIRECTION('',(0.,0.,-1.));
#5256=DIRECTION('',(-1.,0.,0.));
#5257=DIRECTION('',(1.,2.16840434497101E-16,0.));
#5258=DIRECTION('',(0.,-1.,0.));
#5259=DIRECTION('',(-1.,0.,0.));
#5260=DIRECTION('',(0.,0.,1.));
#5261=DIRECTION('',(0.,-1.12644381556936E-16,-1.));
#5262=DIRECTION('',(-1.,0.,0.));
#5263=DIRECTION('',(0.,0.,1.));
#5264=DIRECTION('',(0.,0.,1.));
#5265=DIRECTION('',(0.,1.,0.));
#5266=DIRECTION('',(1.,0.,0.));
#5267=DIRECTION('',(0.,0.,-1.));
#5268=DIRECTION('',(0.,1.,0.));
#5269=DIRECTION('',(1.,0.,0.));
#5270=DIRECTION('',(0.,0.,-1.));
#5271=DIRECTION('',(1.,0.,0.));
#5272=DIRECTION('',(0.,0.,-1.));
#5273=DIRECTION('',(0.,0.,1.));
#5274=DIRECTION('',(1.,0.,0.));
#5275=DIRECTION('',(1.,0.,0.));
#5276=DIRECTION('',(1.,0.,-1.778747476008E-16));
#5277=DIRECTION('',(-1.778747476008E-16,0.,-1.));
#5278=DIRECTION('',(-1.778747476008E-16,7.7766217153792E-16,-1.));
#5279=DIRECTION('',(-6.18088001935374E-17,-0.937685555012593,-0.347484963589397));
#5280=DIRECTION('',(-6.18088001935372E-17,0.937685555012594,-0.347484963589396));
#5281=DIRECTION('',(0.,0.,1.));
#5282=DIRECTION('',(1.,0.,0.));
#5283=DIRECTION('',(0.,-1.,0.));
#5284=DIRECTION('',(-0.995773425052156,0.0918438128558346,0.));
#5285=DIRECTION('',(0.,-1.,0.));
#5286=DIRECTION('',(0.707106781186547,0.,0.707106781186548));
#5287=DIRECTION('',(0.707106781186548,0.,-0.707106781186547));
#5288=DIRECTION('',(0.,1.,0.));
#5289=DIRECTION('',(0.707106781186548,0.,-0.707106781186547));
#5290=DIRECTION('',(0.,0.,1.));
#5291=DIRECTION('',(1.,0.,0.));
#5292=DIRECTION('',(1.,0.,0.));
#5293=DIRECTION('',(-1.,0.,0.));
#5294=DIRECTION('',(0.,0.,1.));
#5295=DIRECTION('',(0.,-1.,0.));
#5296=DIRECTION('',(1.,0.,0.));
#5297=DIRECTION('',(0.,0.,-1.));
#5298=DIRECTION('',(0.,0.,-1.));
#5299=DIRECTION('',(-1.,0.,0.));
#5300=DIRECTION('',(0.,0.,1.));
#5301=DIRECTION('',(0.,-1.12644381556936E-16,1.));
#5302=DIRECTION('',(0.,1.,0.));
#5303=DIRECTION('',(0.,0.,-1.));
#5304=DIRECTION('',(-1.,0.,0.));
#5305=DIRECTION('',(-0.514495755427527,0.857492925712544,0.));
#5306=DIRECTION('',(0.,0.,-1.));
#5307=DIRECTION('',(-1.,0.,0.));
#5308=DIRECTION('',(0.,1.,0.));
#5309=DIRECTION('',(-1.,0.,0.));
#5310=DIRECTION('',(1.,0.,2.25288763113871E-16));
#5311=DIRECTION('',(2.25288763113871E-16,0.,-1.));
#5312=DIRECTION('',(2.25288763113871E-16,-3.75481271856452E-16,-1.));
#5313=DIRECTION('',(0.,0.,-1.));
#5314=DIRECTION('',(-1.,0.,0.));
#5315=DIRECTION('',(1.,0.,0.));
#5316=DIRECTION('',(-1.,0.,2.31296463463574E-15));
#5317=DIRECTION('',(2.31296463463574E-15,0.,1.));
#5318=DIRECTION('',(0.,-1.,0.));
#5319=DIRECTION('',(-1.,0.,2.31296463463574E-15));
#5320=DIRECTION('',(2.31296463463574E-15,0.,1.));
#5321=DIRECTION('',(1.19001048697407E-15,-0.857492925712544,0.514495755427527));
#5322=DIRECTION('',(0.,0.,-1.));
#5323=DIRECTION('',(1.73472347597681E-15,0.,1.));
#5324=DIRECTION('',(1.,0.,-1.73472347597681E-15));
#5325=DIRECTION('',(-1.,9.63735264431555E-16,1.73472347597681E-15));
#5326=DIRECTION('',(0.,-1.,-1.12644381556936E-16));
#5327=DIRECTION('',(0.,1.12644381556936E-16,-1.));
#5328=DIRECTION('',(0.,-1.12644381556936E-16,1.));
#5329=DIRECTION('',(0.,-1.,1.12644381556936E-16));
#5330=DIRECTION('',(0.,-1.12644381556936E-16,-1.));
#5331=DIRECTION('',(0.,-1.12644381556936E-16,-1.));
#5332=DIRECTION('',(-2.16840434497101E-16,1.,0.));
#5333=DIRECTION('',(-1.,-2.16840434497101E-16,0.));
#5334=DIRECTION('',(1.,2.16840434497101E-16,0.));
#5335=DIRECTION('',(2.16840434497102E-16,-1.,0.));
#5336=DIRECTION('',(1.,2.16840434497102E-16,0.));
#5337=DIRECTION('',(-1.,-2.16840434497102E-16,0.));
#5338=DIRECTION('',(0.857492925712544,0.514495755427527,0.));
#5339=DIRECTION('',(-0.514495755427527,0.857492925712544,0.));
#5340=DIRECTION('',(2.25288763113871E-16,-3.75481271856452E-16,-1.));
#5341=DIRECTION('',(-0.857492925712544,0.514495755427526,0.));
#5342=DIRECTION('',(-0.514495755427526,-0.857492925712544,0.));
#5343=DIRECTION('',(0.,0.,-1.));
#5344=DIRECTION('',(0.,0.514495755427527,0.857492925712544));
#5345=DIRECTION('',(0.,-0.857492925712544,0.514495755427527));
#5346=DIRECTION('',(1.,0.,0.));
#5347=DIRECTION('',(1.98335081162345E-15,0.514495755427527,0.857492925712544));
#5348=DIRECTION('',(0.,-0.857492925712544,0.514495755427527));
#5349=DIRECTION('',(-1.,9.63735264431555E-16,1.73472347597681E-15));
#5350=DIRECTION('',(0.5,0.866025403784439,-8.89373738004003E-17));
#5351=DIRECTION('',(-0.866025403784439,0.5,1.54044050114038E-16));
#5352=DIRECTION('',(-1.778747476008E-16,1.23259516440783E-32,-1.));
#5353=DIRECTION('',(0.866025403784439,-0.5,-1.54044050114038E-16));
#5354=DIRECTION('',(0.5,0.866025403784439,-8.89373738004003E-17));
#5355=DIRECTION('',(-0.866025403784439,0.5,0.));
#5356=DIRECTION('',(0.,-1.,0.));
#5357=DIRECTION('',(0.,0.,-1.));
#5358=DIRECTION('',(0.,-1.,0.));
#5359=DIRECTION('',(0.,0.,-1.));
#5360=DIRECTION('',(0.0918438128558346,0.995773425052156,0.));
#5361=DIRECTION('',(-0.995773425052156,0.0918438128558346,0.));
#5362=DIRECTION('',(0.,0.,1.));
#5363=DIRECTION('',(0.,-1.,0.));
#5364=DIRECTION('',(0.,0.,-1.));
#5365=DIRECTION('',(0.,0.,1.));
#5366=DIRECTION('',(1.,0.,0.));
#5367=DIRECTION('',(0.,-1.,0.));
#5368=DIRECTION('',(0.,0.,-1.));
#5369=DIRECTION('',(0.,0.,1.));
#5370=DIRECTION('',(1.,0.,0.));
#5371=DIRECTION('',(0.,0.,-1.));
#5372=DIRECTION('',(0.,-1.,0.));
#5373=DIRECTION('',(0.,0.,-1.));
#5374=DIRECTION('',(-1.,0.,0.));
#5375=DIRECTION('',(1.,0.,0.));
#5376=DIRECTION('',(0.,0.,-1.));
#5377=DIRECTION('',(2.92384925355637E-16,0.,-1.));
#5378=DIRECTION('',(-1.,0.,-2.92384925355637E-16));
#5379=DIRECTION('',(0.,-1.,0.));
#5380=DIRECTION('',(-1.,0.,-2.92384925355637E-16));
#5381=DIRECTION('',(0.,1.,0.));
#5382=DIRECTION('',(-1.,2.19585250123647E-16,-2.92384925355637E-16));
#5383=DIRECTION('',(0.,0.,1.));
#5384=DIRECTION('',(1.,0.,0.));
#5385=DIRECTION('',(-1.,0.,0.));
#5386=DIRECTION('',(0.,0.,1.));
#5387=DIRECTION('',(-0.866025403784439,-0.5,0.));
#5388=DIRECTION('',(0.,0.,1.));
#5389=DIRECTION('',(0.866025403784439,-0.5,0.));
#5390=DIRECTION('',(1.,0.,0.));
#5391=DIRECTION('',(0.,1.,0.));
#5392=DIRECTION('',(1.,-2.19585250123647E-16,0.));
#5393=DIRECTION('',(0.,1.,0.));
#5394=DIRECTION('',(-0.5,0.866025403784439,8.89373738004003E-17));
#5395=DIRECTION('',(-0.866025403784439,-0.5,0.));
#5396=DIRECTION('',(-0.5,0.866025403784439,8.89373738004003E-17));
#5397=DIRECTION('',(-0.866025403784439,-0.5,0.));
#5398=DIRECTION('',(0.5,0.866025403784439,-8.89373738004003E-17));
#5399=DIRECTION('',(-0.866025403784439,0.5,0.));
#5400=DIRECTION('',(0.5,0.866025403784439,-8.89373738004003E-17));
#5401=DIRECTION('',(-0.866025403784439,0.5,0.));
#5402=DIRECTION('',(0.,0.,-1.));
#5403=DIRECTION('',(1.,0.,0.));
#5404=DIRECTION('',(0.258819045102521,0.965925826289068,0.));
#5405=DIRECTION('',(-0.965925826289068,-0.258819045102521,0.));
#5406=DIRECTION('',(0.353553390593274,-0.612372435695795,0.707106781186548));
#5407=DIRECTION('',(0.353553390593274,-0.612372435695795,-0.707106781186548));
#5408=DIRECTION('',(0.353553390593274,-0.612372435695795,0.707106781186548));
#5409=DIRECTION('',(0.353553390593274,-0.612372435695795,-0.707106781186548));
#5410=DIRECTION('',(0.788675134594813,-0.211324865405187,-0.577350269189626));
#5411=DIRECTION('',(-0.5,0.866025403784439,8.89373738004003E-17));
#5412=DIRECTION('',(-0.866025403784439,-0.5,0.));
#5413=DIRECTION('',(0.5,0.866025403784439,-8.89373738004003E-17));
#5414=DIRECTION('',(-0.866025403784439,0.5,0.));
#5415=DIRECTION('',(1.,0.,1.36775347998981E-16));
#5416=DIRECTION('',(1.36775347998981E-16,0.,-1.));
#5417=DIRECTION('',(1.36775347998981E-16,0.,-1.));
#5418=DIRECTION('',(1.36775347998981E-16,0.,-1.));
#5419=DIRECTION('',(-1.46390166749098E-16,-1.,-2.00225660007367E-32));
#5420=DIRECTION('',(1.,-1.46390166749098E-16,0.));
#5421=DIRECTION('',(1.36775347998981E-16,0.,-1.));
#5422=DIRECTION('',(-1.,0.,-1.36775347998981E-16));
#5423=DIRECTION('',(-1.36775347998981E-16,0.,1.));
#5424=DIRECTION('',(-1.,0.,-1.36775347998981E-16));
#5425=DIRECTION('',(-1.36775347998981E-16,0.,1.));
#5426=DIRECTION('',(-1.,0.,0.));
#5427=DIRECTION('',(0.,0.,1.));
#5428=DIRECTION('',(1.,0.,0.));
#5429=DIRECTION('',(0.,0.,-1.));
#5430=DIRECTION('',(1.,0.,0.));
#5431=DIRECTION('',(-1.,0.,0.));
#5432=DIRECTION('',(0.,0.,1.));
#5433=DIRECTION('',(-1.,0.,0.));
#5434=DIRECTION('',(1.,0.,0.));
#5435=DIRECTION('',(0.,0.,-1.));
#5436=DIRECTION('',(1.,0.,1.36775347998981E-16));
#5437=DIRECTION('',(1.36775347998981E-16,0.,-1.));
#5438=DIRECTION('',(-1.,0.,0.));
#5439=DIRECTION('',(0.,0.,1.));
#5440=DIRECTION('',(1.,0.,2.92384925355637E-16));
#5441=DIRECTION('',(2.92384925355637E-16,0.,-1.));
#5442=DIRECTION('',(-1.,0.,-1.36775347998981E-16));
#5443=DIRECTION('',(-1.36775347998981E-16,0.,1.));
#5444=DIRECTION('',(-1.,0.,0.));
#5445=DIRECTION('',(0.,0.,1.));
#5446=DIRECTION('',(-0.707106781186548,0.707106781186547,0.));
#5447=DIRECTION('',(0.707106781186547,0.707106781186549,-1.25776440230371E-16));
#5448=DIRECTION('',(-1.778747476008E-16,0.,-1.));
#5449=DIRECTION('',(-0.707106781186548,0.707106781186547,0.));
#5450=DIRECTION('',(-1.778747476008E-16,0.,-1.));
#5451=DIRECTION('',(-1.,0.,0.));
#5452=DIRECTION('',(0.,0.,1.));
#5453=DIRECTION('',(0.,0.,1.));
#5454=DIRECTION('',(1.,0.,0.));
#5455=DIRECTION('',(-1.778747476008E-16,1.03108595093554E-32,-1.));
#5456=DIRECTION('',(-1.,0.,1.778747476008E-16));
#5457=DIRECTION('',(0.,0.,1.));
#5458=DIRECTION('',(1.,0.,0.));
#5459=DIRECTION('',(-0.866025403784439,0.5,-7.2637334136639E-17));
#5460=DIRECTION('',(-0.5,-0.866025403784439,0.));
#5461=DIRECTION('',(-0.5,-0.866025403784439,-2.44931046598873E-17));
#5462=DIRECTION('',(-0.5,-0.866025403784439,1.6000851178229E-16));
#5463=DIRECTION('',(-0.51562858027508,0.297698299623682,0.803431944600583));
#5464=DIRECTION('',(0.841589614734843,0.,0.540117506076648));
#5465=DIRECTION('',(-0.5,-0.866025403784439,1.16034387718317E-16));
#5466=DIRECTION('',(-0.5,-0.866025403784439,1.55436816471744E-16));
#5467=DIRECTION('',(0.51562858027508,-0.297698299623682,0.803431944600583));
#5468=DIRECTION('',(0.841589614734843,0.,-0.540117506076648));
#5469=DIRECTION('',(-0.5,-0.866025403784439,-4.45994321807465E-17));
#5470=DIRECTION('',(0.5,0.866025403784439,1.17165374054148E-17));
#5471=DIRECTION('',(-0.5,-0.866025403784439,8.89373738004003E-17));
#5472=DIRECTION('',(0.866025403784439,-0.5,0.));
#5473=DIRECTION('',(0.5,0.866025403784439,-8.89373738004003E-17));
#5474=DIRECTION('',(-0.866025403784439,0.5,0.));
#5475=DIRECTION('',(0.5,0.866025403784439,-8.89373738004003E-17));
#5476=DIRECTION('',(-0.866025403784439,0.5,0.));
#5477=DIRECTION('',(4.44686869002001E-17,7.70220250570192E-17,1.));
#5478=DIRECTION('',(0.,-1.,7.70220250570192E-17));
#5479=DIRECTION('',(-0.5,-0.866025403784439,8.89373738004003E-17));
#5480=DIRECTION('',(-0.5,-0.866025403784439,8.89373738004003E-17));
#5481=DIRECTION('',(-0.650888777981464,0.375790811180105,-0.65964010257897));
#5482=DIRECTION('',(-0.711812761011325,0.,0.702369271296399));
#5483=DIRECTION('',(-0.5,-0.866025403784439,1.1726823342871E-16));
#5484=DIRECTION('',(0.5,0.866025403784439,-7.38287745110598E-17));
#5485=DIRECTION('',(0.650888777981464,-0.375790811180105,-0.659640102578971));
#5486=DIRECTION('',(-0.711812761011326,0.,-0.702369271296398));
#5487=DIRECTION('',(-0.5,-0.866025403784439,8.06508519362467E-17));
#5488=DIRECTION('',(0.5,0.866025403784439,6.22806589905448E-18));
#5489=DIRECTION('',(7.00959521431508E-17,-1.4316595024831E-16,-1.));
#5490=DIRECTION('',(0.,1.,-1.4316595024831E-16));
#5491=DIRECTION('',(-0.5,-0.866025403784439,8.89373738004003E-17));
#5492=DIRECTION('',(-0.5,-0.866025403784439,8.89373738004003E-17));
#5493=DIRECTION('',(-0.650888777981464,0.375790811180105,-0.659640102578971));
#5494=DIRECTION('',(-0.711812761011325,0.,0.702369271296399));
#5495=DIRECTION('',(-0.5,-0.866025403784439,1.2666377240318E-16));
#5496=DIRECTION('',(-0.5,-0.866025403784439,1.2666377240318E-16));
#5497=DIRECTION('',(0.650888777981464,-0.375790811180105,-0.65964010257897));
#5498=DIRECTION('',(-0.711812761011325,0.,-0.702369271296399));
#5499=DIRECTION('',(-0.5,-0.866025403784439,5.53653159518455E-17));
#5500=DIRECTION('',(-0.5,-0.866025403784439,5.53653159518455E-17));
#5501=DIRECTION('',(0.866025403784439,-0.5,3.6057910770699E-16));
#5502=DIRECTION('',(0.5,0.866025403784439,0.));
#5503=DIRECTION('',(-0.5,-0.866025403784439,8.89373738004003E-17));
#5504=DIRECTION('',(-0.5,-0.866025403784439,8.89373738004003E-17));
#5505=DIRECTION('',(-0.51562858027508,0.297698299623682,0.803431944600583));
#5506=DIRECTION('',(0.841589614734843,0.,0.540117506076648));
#5507=DIRECTION('',(0.5,0.866025403784439,-1.08252698631583E-16));
#5508=DIRECTION('',(0.51562858027508,-0.297698299623682,0.803431944600583));
#5509=DIRECTION('',(0.841589614734843,0.,-0.540117506076649));
#5510=DIRECTION('',(-0.5,-0.866025403784439,-3.3051150663397E-17));
#5511=DIRECTION('',(-0.866025403784439,-0.5,-2.34787035654922E-16));
#5512=DIRECTION('',(0.5,-0.866025403784439,0.));
#5513=DIRECTION('',(0.5,-0.866025403784439,-8.89373738004003E-17));
#5514=DIRECTION('',(0.5,-0.866025403784439,-8.89373738004003E-17));
#5515=DIRECTION('',(-0.515668073830795,-0.297721101238705,0.803398147563741));
#5516=DIRECTION('',(0.841560480839382,0.,0.540162898660569));
#5517=DIRECTION('',(0.5,-0.866025403784439,-1.22383124137198E-16));
#5518=DIRECTION('',(-0.515668073830794,-0.297721101238704,-0.803398147563742));
#5519=DIRECTION('',(-0.841560480839383,0.,0.540162898660567));
#5520=DIRECTION('',(0.5,-0.866025403784439,-3.94053987914946E-17));
#5521=DIRECTION('',(0.5,-0.866025403784439,-8.89373738004003E-17));
#5522=DIRECTION('',(0.866025403784439,0.5,0.));
#5523=DIRECTION('',(-0.5,0.866025403784439,8.89373738004003E-17));
#5524=DIRECTION('',(-0.866025403784439,-0.5,0.));
#5525=DIRECTION('',(-0.5,0.866025403784439,8.89373738004003E-17));
#5526=DIRECTION('',(-0.866025403784439,-0.5,0.));
#5527=DIRECTION('',(1.56069112321007E-16,1.92802577420078E-16,-1.));
#5528=DIRECTION('',(0.,1.,1.92802577420078E-16));
#5529=DIRECTION('',(0.5,-0.866025403784439,-8.89373738004003E-17));
#5530=DIRECTION('',(0.5,-0.866025403784439,-8.89373738004003E-17));
#5531=DIRECTION('',(-0.650940165562682,-0.375820479813954,-0.65957248866947));
#5532=DIRECTION('',(-0.711749040107635,0.,0.702433843081226));
#5533=DIRECTION('',(0.5,-0.866025403784439,-1.26664175387481E-16));
#5534=DIRECTION('',(0.5,-0.866025403784439,-1.0391417790406E-16));
#5535=DIRECTION('',(0.650940165562682,0.375820479813954,-0.659572488669469));
#5536=DIRECTION('',(-0.711749040107635,0.,-0.702433843081226));
#5537=DIRECTION('',(0.5,-0.866025403784439,-1.364351196069E-17));
#5538=DIRECTION('',(0.5,-0.866025403784439,1.21527015177464E-17));
#5539=DIRECTION('',(-1.84717369352608E-16,-2.09342656329087E-16,1.));
#5540=DIRECTION('',(0.,-1.,-2.09342656329087E-16));
#5541=DIRECTION('',(0.5,-0.866025403784439,-8.89373738004003E-17));
#5542=DIRECTION('',(0.5,-0.866025403784439,-8.89373738004003E-17));
#5543=DIRECTION('',(0.650940165562682,0.375820479813954,0.65957248866947));
#5544=DIRECTION('',(0.711749040107636,0.,-0.702433843081226));
#5545=DIRECTION('',(0.5,-0.866025403784439,-7.81179644256237E-17));
#5546=DIRECTION('',(0.5,-0.866025403784439,-7.12962084452788E-17));
#5547=DIRECTION('',(-0.650940165562682,-0.375820479813954,0.659572488669469));
#5548=DIRECTION('',(0.711749040107634,0.,0.702433843081226));
#5549=DIRECTION('',(0.5,-0.866025403784439,-7.81179644256237E-17));
#5550=DIRECTION('',(0.5,-0.866025403784439,-7.81179644256237E-17));
#5551=DIRECTION('',(0.866025403784439,0.5,7.26433616405698E-17));
#5552=DIRECTION('',(-0.5,0.866025403784439,0.));
#5553=DIRECTION('',(0.5,-0.866025403784439,0.));
#5554=DIRECTION('',(0.5,-0.866025403784439,-1.07764614176824E-16));
#5555=DIRECTION('',(0.515668073830795,0.297721101238705,-0.803398147563741));
#5556=DIRECTION('',(-0.841560480839382,0.,-0.540162898660569));
#5557=DIRECTION('',(0.5,-0.866025403784439,-4.14888626728515E-17));
#5558=DIRECTION('',(0.5,-0.866025403784439,-1.22383124137198E-16));
#5559=DIRECTION('',(0.515668073830794,0.297721101238705,0.803398147563742));
#5560=DIRECTION('',(0.841560480839383,0.,-0.540162898660568));
#5561=DIRECTION('',(0.5,-0.866025403784439,-3.30536821511967E-17));
#5562=DIRECTION('',(0.5,-0.866025403784439,6.35171664029789E-18));
#5563=DIRECTION('',(-6.16790569236167E-15,0.,1.));
#5564=DIRECTION('',(1.,0.,6.16790569236167E-15));
#5565=DIRECTION('',(0.,1.,0.));
#5566=DIRECTION('',(0.,1.,0.));
#5567=DIRECTION('',(-1.,0.,-4.48645279374001E-15));
#5568=DIRECTION('',(-4.48645279374001E-15,0.,1.));
#5569=DIRECTION('',(0.,1.,0.));
#5570=DIRECTION('',(6.16790569236199E-15,0.,1.));
#5571=DIRECTION('',(1.,0.,-6.16790569236199E-15));
#5572=DIRECTION('',(0.,1.,0.));
#5573=DIRECTION('',(1.,0.,0.));
#5574=DIRECTION('',(0.,0.,-1.));
#5575=DIRECTION('',(-1.,0.,-4.48645279374002E-15));
#5576=DIRECTION('',(-4.48645279374002E-15,0.,1.));
#5577=DIRECTION('',(0.,1.,0.));
#5578=DIRECTION('',(0.,1.,0.));
#5579=DIRECTION('',(6.16790569236228E-15,0.,-1.));
#5580=DIRECTION('',(-1.,0.,-6.16790569236228E-15));
#5581=DIRECTION('',(0.,1.,0.));
#5582=DIRECTION('',(1.,0.,0.));
#5583=DIRECTION('',(0.,0.,-1.));
#5584=DIRECTION('',(0.,1.,0.));
#5585=DIRECTION('',(6.16790569236229E-15,0.,-1.));
#5586=DIRECTION('',(-1.,0.,-6.16790569236229E-15));
#5587=DIRECTION('',(-1.73472347597681E-15,0.,-1.));
#5588=DIRECTION('',(-1.,0.,1.73472347597681E-15));
#5589=DIRECTION('',(0.,1.,0.));
#5590=DIRECTION('',(0.,1.,0.));
#5591=DIRECTION('',(-0.684311431079675,0.,-0.729189869165561));
#5592=DIRECTION('',(-0.729189869165561,0.,0.684311431079675));
#5593=DIRECTION('',(0.,1.,0.));
#5594=DIRECTION('',(0.,0.,1.));
#5595=DIRECTION('',(1.,0.,0.));
#5596=DIRECTION('',(0.,1.,0.));
#5597=DIRECTION('',(0.,1.,0.));
#5598=DIRECTION('',(0.,0.,1.));
#5599=DIRECTION('',(0.,1.,0.));
#5600=DIRECTION('',(0.262273411259964,0.,0.964993605028584));
#5601=DIRECTION('',(0.964993605028584,0.,-0.262273411259964));
#5602=DIRECTION('',(0.,1.,0.));
#5603=DIRECTION('',(0.,1.,0.));
#5604=DIRECTION('',(0.,0.,1.));
#5605=DIRECTION('',(0.,1.,0.));
#5606=DIRECTION('',(0.,0.,1.));
#5607=DIRECTION('',(0.,1.,0.));
#5608=DIRECTION('',(0.,1.,0.));
#5609=DIRECTION('',(-0.262273411259939,0.,0.96499360502859));
#5610=DIRECTION('',(0.96499360502859,0.,0.262273411259939));
#5611=DIRECTION('',(0.,1.,0.));
#5612=DIRECTION('',(0.,1.,0.));
#5613=DIRECTION('',(0.,0.,1.));
#5614=DIRECTION('',(0.,1.,0.));
#5615=DIRECTION('',(0.,0.,1.));
#5616=DIRECTION('',(1.,0.,0.));
#5617=DIRECTION('',(0.,1.,0.));
#5618=DIRECTION('',(-0.684311431079675,0.,0.729189869165561));
#5619=DIRECTION('',(0.729189869165561,0.,0.684311431079675));
#5620=DIRECTION('',(0.,1.,0.));
#5621=DIRECTION('',(-1.73472347597681E-15,0.,-1.));
#5622=DIRECTION('',(-1.,0.,1.73472347597681E-15));
#5623=DIRECTION('',(-1.,0.,-1.36775347998981E-16));
#5624=DIRECTION('',(-1.36775347998981E-16,0.,1.));
#5625=DIRECTION('',(1.36775347998981E-16,0.,-1.));
#5626=DIRECTION('',(1.,0.,1.36775347998981E-16));
#5627=DIRECTION('',(1.36775347998981E-16,0.,-1.));
#5628=DIRECTION('',(1.36775347998981E-16,0.,-1.));
#5629=DIRECTION('',(-2.19585250123647E-16,-1.,-3.0033849001105E-32));
#5630=DIRECTION('',(1.,-2.19585250123647E-16,0.));
#5631=DIRECTION('',(-2.19585250123647E-16,-1.,-3.0033849001105E-32));
#5632=DIRECTION('',(1.,-2.19585250123647E-16,0.));
#5633=DIRECTION('',(1.36775347998981E-16,0.,-1.));
#5634=DIRECTION('',(1.,0.,1.36775347998981E-16));
#5635=DIRECTION('',(1.36775347998981E-16,0.,-1.));
#5636=DIRECTION('',(0.,-1.,0.));
#5637=DIRECTION('',(1.36775347998981E-16,0.,-1.));
#5638=DIRECTION('',(1.,0.,1.36775347998981E-16));
#5639=DIRECTION('',(1.,0.,0.));
#5640=DIRECTION('',(0.,0.,-1.));
#5641=DIRECTION('',(1.,-9.63735264431555E-16,-1.73472347597681E-15));
#5642=DIRECTION('',(-1.73472347597681E-15,0.,-1.));
#5643=DIRECTION('',(0.,0.,-1.));
#5644=DIRECTION('',(-1.,0.,0.));
#5645=DIRECTION('',(-2.25288763113871E-16,3.75481271856452E-16,1.));
#5646=DIRECTION('',(0.,-1.,3.75481271856452E-16));
#5647=DIRECTION('',(0.5,-0.866025403784439,-8.89373738004003E-17));
#5648=DIRECTION('',(0.866025403784439,0.5,0.));
#5649=DIRECTION('',(0.5,-0.866025403784439,-8.89373738004003E-17));
#5650=DIRECTION('',(0.5,-0.866025403784439,-8.89373738004003E-17));
#5651=DIRECTION('',(0.866025403784439,0.5,0.));
#5652=DIRECTION('',(0.5,-0.866025403784439,-8.89373738004003E-17));
#5653=DIRECTION('',(0.5,-0.866025403784439,-8.89373738004003E-17));
#5654=DIRECTION('',(0.866025403784439,0.5,0.));
#5655=DIRECTION('',(0.5,-0.866025403784439,-8.89373738004003E-17));
#5656=DIRECTION('',(0.866025403784439,0.5,0.));
#5657=DIRECTION('',(0.5,-0.866025403784439,-8.89373738004003E-17));
#5658=DIRECTION('',(0.5,-0.866025403784439,-8.89373738004003E-17));
#5659=DIRECTION('',(0.866025403784439,0.5,0.));
#5660=DIRECTION('',(0.5,-0.866025403784439,-8.89373738004003E-17));
#5661=DIRECTION('',(0.866025403784439,0.5,0.));
#5662=DIRECTION('',(0.5,-0.866025403784439,-8.89373738004003E-17));
#5663=DIRECTION('',(0.5,-0.866025403784439,-8.89373738004003E-17));
#5664=DIRECTION('',(0.866025403784439,0.5,0.));
#5665=DIRECTION('',(0.5,-0.866025403784439,-8.89373738004003E-17));
#5666=DIRECTION('',(0.866025403784439,0.5,0.));
#5667=DIRECTION('',(-0.5,0.866025403784439,8.89373738004003E-17));
#5668=DIRECTION('',(-0.866025403784439,-0.5,0.));
#5669=DIRECTION('',(-0.5,0.866025403784439,8.89373738004003E-17));
#5670=DIRECTION('',(-0.866025403784439,-0.5,0.));
#5671=DIRECTION('',(-0.5,-0.866025403784439,8.89373738004003E-17));
#5672=DIRECTION('',(0.866025403784439,-0.5,0.));
#5673=DIRECTION('',(-0.5,-0.866025403784439,8.89373738004003E-17));
#5674=DIRECTION('',(-0.5,-0.866025403784439,8.89373738004003E-17));
#5675=DIRECTION('',(0.866025403784439,-0.5,0.));
#5676=DIRECTION('',(-0.5,-0.866025403784439,8.89373738004003E-17));
#5677=DIRECTION('',(0.866025403784439,-0.5,0.));
#5678=DIRECTION('',(-0.5,-0.866025403784439,8.89373738004003E-17));
#5679=DIRECTION('',(-0.5,-0.866025403784439,8.89373738004003E-17));
#5680=DIRECTION('',(0.866025403784439,-0.5,0.));
#5681=DIRECTION('',(-0.5,-0.866025403784439,8.89373738004003E-17));
#5682=DIRECTION('',(0.866025403784439,-0.5,0.));
#5683=DIRECTION('',(-0.5,-0.866025403784439,8.89373738004003E-17));
#5684=DIRECTION('',(-0.5,-0.866025403784439,8.89373738004003E-17));
#5685=DIRECTION('',(0.866025403784439,-0.5,0.));
#5686=DIRECTION('',(-0.5,-0.866025403784439,8.89373738004003E-17));
#5687=DIRECTION('',(0.866025403784439,-0.5,0.));
#5688=DIRECTION('',(-0.5,-0.866025403784439,8.89373738004003E-17));
#5689=DIRECTION('',(-0.5,-0.866025403784439,8.89373738004003E-17));
#5690=DIRECTION('',(0.866025403784439,-0.5,0.));
#5691=DIRECTION('',(0.5,0.866025403784439,-8.89373738004003E-17));
#5692=DIRECTION('',(-0.866025403784439,0.5,0.));
#5693=DIRECTION('',(0.5,0.866025403784439,-8.89373738004003E-17));
#5694=DIRECTION('',(-0.866025403784439,0.5,0.));
#5695=DIRECTION('',(0.5,0.866025403784439,-7.45987093624024E-17));
#5696=DIRECTION('',(-0.866025403784439,0.5,0.));
#5697=DIRECTION('',(0.5,0.866025403784439,-8.89373738004003E-17));
#5698=DIRECTION('',(-0.866025403784439,0.5,0.));
#5699=DIRECTION('',(0.5,0.866025403784439,2.44931046598873E-17));
#5700=DIRECTION('',(-0.866025403784439,0.5,0.));
#5701=DIRECTION('',(-0.5,-0.866025403784439,1.6000851178229E-16));
#5702=DIRECTION('',(0.866025403784439,-0.5,0.));
#5703=DIRECTION('',(-0.5,-0.866025403784439,1.23319141585683E-16));
#5704=DIRECTION('',(0.866025403784439,-0.5,0.));
#5705=DIRECTION('',(-0.5,-0.866025403784439,8.89373738004003E-17));
#5706=DIRECTION('',(0.866025403784439,-0.5,0.));
#5707=DIRECTION('',(0.5,-0.866025403784438,-8.89373738004003E-17));
#5708=DIRECTION('',(0.866025403784439,0.5,0.));
#5709=DIRECTION('',(0.5,-0.866025403784439,-7.46022224815853E-17));
#5710=DIRECTION('',(0.866025403784439,0.5,0.));
#5711=DIRECTION('',(0.5,-0.866025403784439,-8.89373738004003E-17));
#5712=DIRECTION('',(0.866025403784439,0.5,0.));
#5713=DIRECTION('',(0.5,-0.866025403784439,1.77960888873856E-33));
#5714=DIRECTION('',(0.866025403784439,0.5,0.));
#5715=DIRECTION('',(0.5,-0.866025403784439,-1.07764614176824E-16));
#5716=DIRECTION('',(0.866025403784439,0.5,0.));
#5717=DIRECTION('',(0.5,-0.866025403784439,-7.46022224815853E-17));
#5718=DIRECTION('',(0.866025403784439,0.5,0.));
#5719=DIRECTION('',(-0.654653670707977,0.377964473009228,-0.654653670707977));
#5720=DIRECTION('',(-0.707106781186547,0.,0.707106781186548));
#5721=DIRECTION('',(-0.65465367070797,0.37796447300923,-0.654653670707982));
#5722=DIRECTION('',(-0.707106781186554,0.,0.707106781186541));
#5723=DIRECTION('',(-0.654653670707977,0.377964473009228,-0.654653670707977));
#5724=DIRECTION('',(0.654653670707977,0.377964473009228,-0.654653670707977));
#5725=DIRECTION('',(-0.707106781186548,0.,-0.707106781186548));
#5726=DIRECTION('',(0.654653670707986,0.377964473009233,-0.654653670707965));
#5727=DIRECTION('',(-0.707106781186536,0.,-0.707106781186559));
#5728=DIRECTION('',(0.,0.,-1.));
#5729=DIRECTION('',(-1.,0.,0.));
#5730=DIRECTION('',(0.,-0.277350098112616,-0.960768922830522));
#5731=DIRECTION('',(0.,0.960768922830522,-0.277350098112616));
#5732=DIRECTION('',(0.,0.,-1.));
#5733=DIRECTION('',(0.,0.,-1.));
#5734=DIRECTION('',(-1.,0.,0.));
#5735=DIRECTION('',(0.,0.,-1.));
#5736=DIRECTION('',(0.,-0.277350098112616,-0.960768922830522));
#5737=DIRECTION('',(0.,0.960768922830522,-0.277350098112616));
#5738=DIRECTION('',(0.,0.,-1.));
#5739=DIRECTION('',(-1.,0.,0.));
#5740=DIRECTION('',(0.,-0.906601678795125,-0.421987435838866));
#5741=DIRECTION('',(0.,0.421987435838866,-0.906601678795125));
#5742=DIRECTION('',(0.,0.,-1.));
#5743=DIRECTION('',(0.,0.,-1.));
#5744=DIRECTION('',(-1.,0.,0.));
#5745=DIRECTION('',(0.,-0.906601678795125,-0.421987435838866));
#5746=DIRECTION('',(0.,0.421987435838866,-0.906601678795125));
#5747=DIRECTION('',(0.,0.,-1.));
#5748=DIRECTION('',(0.654653670707977,-0.377964473009228,0.654653670707977));
#5749=DIRECTION('',(0.707106781186547,0.,-0.707106781186548));
#5750=DIRECTION('',(0.654653670707978,-0.377964473009228,0.654653670707977));
#5751=DIRECTION('',(0.707106781186547,0.,-0.707106781186548));
#5752=DIRECTION('',(0.173023380895563,-0.492458858602287,0.852963763736538));
#5753=DIRECTION('',(0.,-0.866025403784438,-0.5));
#5754=DIRECTION('',(1.,0.,0.));
#5755=DIRECTION('',(0.,0.,-1.));
#5756=DIRECTION('',(1.,0.,0.));
#5757=DIRECTION('',(0.,0.,-1.));
#5758=DIRECTION('',(-0.98058067569092,0.,0.196116135138184));
#5759=DIRECTION('',(0.196116135138184,0.,0.98058067569092));
#5760=DIRECTION('',(-0.196116135138184,0.,0.98058067569092));
#5761=DIRECTION('',(0.98058067569092,0.,0.196116135138184));
#5762=DIRECTION('',(-1.778747476008E-16,0.,-1.));
#5763=DIRECTION('',(-1.,0.,1.778747476008E-16));
#5764=DIRECTION('',(-0.654653670707977,-0.377964473009228,0.654653670707977));
#5765=DIRECTION('',(0.707106781186548,0.,0.707106781186548));
#5766=DIRECTION('',(-0.654653670707976,-0.377964473009227,0.654653670707979));
#5767=DIRECTION('',(0.70710678118655,0.,0.707106781186546));
#5768=DIRECTION('',(-0.173023380895566,-0.492458858602288,0.852963763736538));
#5769=DIRECTION('',(0.,-0.866025403784438,-0.5));
#5770=DIRECTION('',(-1.,0.,0.));
#5771=DIRECTION('',(0.,0.,1.));
#5772=DIRECTION('',(1.,0.,0.));
#5773=DIRECTION('',(0.,0.,-1.));
#5774=DIRECTION('',(0.98058067569092,0.,0.196116135138184));
#5775=DIRECTION('',(0.196116135138184,0.,-0.98058067569092));
#5776=DIRECTION('',(0.196116135138184,0.,0.98058067569092));
#5777=DIRECTION('',(0.98058067569092,0.,-0.196116135138184));
#5778=DIRECTION('',(-1.778747476008E-16,0.,-1.));
#5779=DIRECTION('',(-1.,0.,1.778747476008E-16));
#5780=DIRECTION('',(-0.557677535825205,0.149429245361342,-0.816496580927726));
#5781=DIRECTION('',(-0.82576795584567,0.,0.564010002658166));
#5782=DIRECTION('',(-0.258819045102521,-0.965925826289068,-9.36950170724087E-17));
#5783=DIRECTION('',(0.788675134594813,-0.211324865405187,-0.577350269189626));
#5784=DIRECTION('',(-0.965925826289068,0.258819045102521,0.));
#5785=DIRECTION('',(-0.258819045102521,-0.965925826289068,0.));
#5786=DIRECTION('',(-0.258819045102521,-0.965925826289068,-9.36950170724087E-17));
#5787=DIRECTION('',(0.965925826289068,-0.258819045102521,-3.20814231579629E-17));
#5788=DIRECTION('',(0.965925826289068,-0.258819045102521,0.));
#5789=DIRECTION('',(0.258819045102521,0.965925826289068,0.));
#5790=DIRECTION('',(-0.258819045102521,-0.965925826289068,-9.36950170724087E-17));
#5791=DIRECTION('',(-0.610905132370721,0.163691536870763,0.774596669241483));
#5792=DIRECTION('',(0.785187616240949,0.,0.61925794892101));
#5793=DIRECTION('',(-0.788675134594813,-0.211324865405187,-0.577350269189626));
#5794=DIRECTION('',(0.258819045102521,-0.965925826289068,2.31219689126368E-16));
#5795=DIRECTION('',(-0.965925826289068,-0.258819045102521,-1.05443248895996E-16));
#5796=DIRECTION('',(0.,1.,0.));
#5797=DIRECTION('',(0.,0.,1.));
#5798=DIRECTION('',(0.,0.,-1.));
#5799=DIRECTION('',(-1.,0.,0.));
#5800=DIRECTION('',(0.,0.866025403784439,0.5));
#5801=DIRECTION('',(0.,-0.5,0.866025403784439));
#5802=DIRECTION('',(0.,0.5,-0.866025403784439));
#5803=DIRECTION('',(-1.,0.,0.));
#5804=DIRECTION('',(0.,0.,1.));
#5805=DIRECTION('',(1.,0.,0.));
#5806=DIRECTION('',(0.,0.,-1.));
#5807=DIRECTION('',(0.,1.,0.));
#5808=DIRECTION('',(0.,0.,1.));
#5809=CARTESIAN_POINT('',(0.,0.,0.));
#5810=CARTESIAN_POINT('',(-0.015005,-0.002,0.021005));
#5811=CARTESIAN_POINT('',(-0.015005,-0.0025,0.021005));
#5812=CARTESIAN_POINT('',(-0.0151339745962156,-0.0025,0.0208760254037844));
#5813=CARTESIAN_POINT('',(-0.0151660254037844,-0.0025,0.0208439745962156));
#5814=CARTESIAN_POINT('',(-0.011005,-0.0025,0.025005));
#5815=CARTESIAN_POINT('',(-0.0141203249573647,-0.0025,0.0218896750426354));
#5816=CARTESIAN_POINT('',(-0.0131339745962156,-0.00423986004180251,0.0228760254037844));
#5817=CARTESIAN_POINT('',(-0.01401,-0.00244192247561054,0.022));
#5818=CARTESIAN_POINT('',(-0.01401,-0.002,0.022));
#5819=CARTESIAN_POINT('',(-0.01401,0.,0.022));
#5820=CARTESIAN_POINT('',(-0.015005,0.,0.021005));
#5821=CARTESIAN_POINT('',(-0.016,0.,0.02001));
#5822=CARTESIAN_POINT('',(-0.016,-0.002,0.02001));
#5823=CARTESIAN_POINT('',(-0.016,-0.002,0.02001));
#5824=CARTESIAN_POINT('',(-0.015005,-0.002,0.021005));
#5825=CARTESIAN_POINT('',(-0.0151660254037844,-0.002,0.0208439745962156));
#5826=CARTESIAN_POINT('',(-0.0151660254037844,-0.002526,0.0208439745962156));
#5827=CARTESIAN_POINT('',(-0.0151660254037844,-0.00248149545762236,0.0208439745962156));
#5828=CARTESIAN_POINT('',(-0.0151660254037844,-0.002526,0.0208439745962156));
#5829=CARTESIAN_POINT('',(-0.0151660254037844,-0.002526,0.014));
#5830=CARTESIAN_POINT('',(-0.0151660254037844,-0.0025,0.014));
#5831=CARTESIAN_POINT('',(-0.0151660254037844,-0.0025,0.0208760254037844));
#5832=CARTESIAN_POINT('',(-0.0151660254037844,-0.00222470619948581,0.0203992025542851));
#5833=CARTESIAN_POINT('',(-1.04083408558608E-17,-0.002,0.014));
#5834=CARTESIAN_POINT('',(3.46944695195361E-18,-0.002,0.02001));
#5835=CARTESIAN_POINT('',(-0.0155,-0.002,0.02001));
#5836=CARTESIAN_POINT('',(-0.0151660254037844,-0.002,0.02001));
#5837=CARTESIAN_POINT('',(-0.0151660254037844,-0.002,0.014));
#5838=CARTESIAN_POINT('',(-0.016,-0.002,0.000505));
#5839=CARTESIAN_POINT('',(-0.016,-0.002,0.0195100036470944));
#5840=CARTESIAN_POINT('',(-0.014,-0.002,0.01801));
#5841=CARTESIAN_POINT('',(-1.04083408558608E-17,-0.002,0.014));
#5842=CARTESIAN_POINT('',(0.00875,-0.002,0.0453615223689151));
#5843=CARTESIAN_POINT('',(0.01175,-0.002,0.045361522368915));
#5844=CARTESIAN_POINT('',(0.00875,-0.002,0.048361522368915));
#5845=CARTESIAN_POINT('',(-0.00712910431111012,-0.002,0.0402304136616605));
#5846=CARTESIAN_POINT('',(0.0095,-0.002,0.04475));
#5847=CARTESIAN_POINT('',(0.008,-0.002,0.04475));
#5848=CARTESIAN_POINT('',(0.008,-0.002,0.04625));
#5849=CARTESIAN_POINT('',(-1.04083408558608E-17,-0.002,0.04625));
#5850=CARTESIAN_POINT('',(0.0025,-0.002,0.04625));
#5851=CARTESIAN_POINT('',(-0.0149218177166781,-0.002,0.0299004187484777));
#5852=CARTESIAN_POINT('',(0.00475,-0.002,0.048361522368915));
#5853=CARTESIAN_POINT('',(4.91993986677982E-17,-0.002,0.048361522368915));
#5854=CARTESIAN_POINT('',(0.01175,-0.002,0.014));
#5855=CARTESIAN_POINT('',(0.01175,-0.002,0.0316301791369915));
#5856=CARTESIAN_POINT('',(0.01175,-0.002,0.03975));
#5857=CARTESIAN_POINT('',(-1.19149623112266E-16,-0.002,0.0316301791369915));
#5858=CARTESIAN_POINT('',(0.0095,-0.002,0.0316301791369915));
#5859=CARTESIAN_POINT('',(0.00950000000000013,-0.002,0.014));
#5860=CARTESIAN_POINT('',(0.0095,-0.002,0.03975));
#5861=CARTESIAN_POINT('',(1.48415230722461E-16,-0.002,0.03975));
#5862=CARTESIAN_POINT('',(-1.6923191243419E-16,-0.002,0.03975));
#5863=CARTESIAN_POINT('',(-0.01175,-0.002,0.03975));
#5864=CARTESIAN_POINT('',(-0.0095,-0.002,0.03975));
#5865=CARTESIAN_POINT('',(-0.00949999999999987,-0.002,0.014));
#5866=CARTESIAN_POINT('',(-0.0095,-0.002,0.0316301791369915));
#5867=CARTESIAN_POINT('',(-1.19149623112278E-16,-0.002,0.0316301791369916));
#5868=CARTESIAN_POINT('',(-0.0117499999999998,-0.002,0.0316301791369915));
#5869=CARTESIAN_POINT('',(-0.01175,-0.002,0.014));
#5870=CARTESIAN_POINT('',(-0.00875,-0.002,0.045361522368915));
#5871=CARTESIAN_POINT('',(-0.00875,-0.002,0.048361522368915));
#5872=CARTESIAN_POINT('',(-0.01175,-0.002,0.045361522368915));
#5873=CARTESIAN_POINT('',(4.91993986677982E-17,-0.002,0.048361522368915));
#5874=CARTESIAN_POINT('',(-0.00475,-0.002,0.048361522368915));
#5875=CARTESIAN_POINT('',(0.0149218177166781,-0.002,0.0299004187484777));
#5876=CARTESIAN_POINT('',(-0.0025,-0.002,0.04625));
#5877=CARTESIAN_POINT('',(-1.04083408558608E-17,-0.002,0.04625));
#5878=CARTESIAN_POINT('',(-0.008,-0.002,0.04625));
#5879=CARTESIAN_POINT('',(-0.008,-0.002,0.04475));
#5880=CARTESIAN_POINT('',(-0.0095,-0.002,0.04475));
#5881=CARTESIAN_POINT('',(0.00712910431111066,-0.002,0.0402304136616599));
#5882=CARTESIAN_POINT('',(-0.014,-0.002,0.0375));
#5883=CARTESIAN_POINT('',(-0.014,-0.002,0.0302));
#5884=CARTESIAN_POINT('',(-0.014,-0.002,0.0240514518843274));
#5885=CARTESIAN_POINT('',(-1.04083408558608E-17,-0.002,0.0240514518843274));
#5886=CARTESIAN_POINT('',(0.014,-0.002,0.0240514518843274));
#5887=CARTESIAN_POINT('',(0.014,-0.002,0.0375));
#5888=CARTESIAN_POINT('',(0.014,-0.002,0.0302));
#5889=CARTESIAN_POINT('',(0.01475,-0.002,0.0302));
#5890=CARTESIAN_POINT('',(0.0155,-0.002,0.0302));
#5891=CARTESIAN_POINT('',(0.0155,-0.002,0.03405));
#5892=CARTESIAN_POINT('',(0.0155,-0.002,0.0379));
#5893=CARTESIAN_POINT('',(0.01475,-0.002,0.0379));
#5894=CARTESIAN_POINT('',(0.014,-0.002,0.0379));
#5895=CARTESIAN_POINT('',(0.014,-0.002,0.0375));
#5896=CARTESIAN_POINT('',(0.014,-0.002,0.0485));
#5897=CARTESIAN_POINT('',(0.0095,-0.002,0.0485));
#5898=CARTESIAN_POINT('',(0.0095,-0.002,0.053));
#5899=CARTESIAN_POINT('',(-5.20417042793042E-18,-0.002,0.053));
#5900=CARTESIAN_POINT('',(-0.0095,-0.002,0.053));
#5901=CARTESIAN_POINT('',(-0.0095,-0.002,0.0485));
#5902=CARTESIAN_POINT('',(-0.014,-0.002,0.0485));
#5903=CARTESIAN_POINT('',(-0.014,-0.002,0.0375));
#5904=CARTESIAN_POINT('',(-0.014,-0.002,0.0379));
#5905=CARTESIAN_POINT('',(-0.01475,-0.002,0.0379));
#5906=CARTESIAN_POINT('',(-0.0155,-0.002,0.0379));
#5907=CARTESIAN_POINT('',(-0.0155,-0.002,0.03405));
#5908=CARTESIAN_POINT('',(-0.0155,-0.002,0.0302));
#5909=CARTESIAN_POINT('',(-0.01475,-0.002,0.0302));
#5910=CARTESIAN_POINT('',(-1.04083408558608E-17,-0.002,0.014));
#5911=CARTESIAN_POINT('',(0.016,-0.002,0.000505));
#5912=CARTESIAN_POINT('',(0.016,-0.002,0.02001));
#5913=CARTESIAN_POINT('',(0.016,-0.002,0.01951));
#5914=CARTESIAN_POINT('',(0.0168,-0.002,0.02001));
#5915=CARTESIAN_POINT('',(0.0155,-0.002,0.02001));
#5916=CARTESIAN_POINT('',(0.014,-0.002,0.01801));
#5917=CARTESIAN_POINT('',(0.,-0.0125,0.000967517306529841));
#5918=CARTESIAN_POINT('',(0.00081698729810778,-0.0125,0.));
#5919=CARTESIAN_POINT('',(-0.0291865334794732,-0.0125,0.));
#5920=CARTESIAN_POINT('',(0.0291865334794732,-0.0125,0.));
#5921=CARTESIAN_POINT('',(-0.0291865334794732,-0.0125,0.0113598221519431));
#5922=CARTESIAN_POINT('',(-0.0291865334794732,-0.0125,0.0188760254037844));
#5923=CARTESIAN_POINT('',(-1.7347234759768E-18,-0.0125,0.0188760254037844));
#5924=CARTESIAN_POINT('',(0.0291865334794732,-0.0125,0.0188760254037844));
#5925=CARTESIAN_POINT('',(0.0291865334794732,-0.0125,0.0113598221519431));
#5926=CARTESIAN_POINT('',(0.0306865334794732,-0.0125,-0.0189409907907248));
#5927=CARTESIAN_POINT('',(0.0291865334794732,-0.0125,-0.0189409907907248));
#5928=CARTESIAN_POINT('',(0.0308783885356837,-0.0125,-0.0189409907907248));
#5929=CARTESIAN_POINT('',(0.0308783885356837,-0.0125,0.000967517306529841));
#5930=CARTESIAN_POINT('',(0.0308783885356838,-0.0125,0.020869601689145));
#5931=CARTESIAN_POINT('',(0.0021641934277188,-0.0125,-0.00177657000241096));
#5932=CARTESIAN_POINT('',(0.0311185476478733,-0.0125,0.0210590092092752));
#5933=CARTESIAN_POINT('',(0.0306865334794732,-0.0125,0.0210590092092752));
#5934=CARTESIAN_POINT('',(0.0295525010904548,-0.0125,0.0210590092092752));
#5935=CARTESIAN_POINT('',(0.0297754307540467,-0.0125,0.0211704740410712));
#5936=CARTESIAN_POINT('',(0.0291865334794732,-0.0125,0.0208760254037844));
#5937=CARTESIAN_POINT('',(3.46944695195361E-18,-0.0125,0.0208760254037844));
#5938=CARTESIAN_POINT('',(-0.0291865334794732,-0.0125,0.0208760254037844));
#5939=CARTESIAN_POINT('',(-0.0297754307540467,-0.0125,0.0211704740410712));
#5940=CARTESIAN_POINT('',(-0.0295525010904548,-0.0125,0.0210590092092752));
#5941=CARTESIAN_POINT('',(-0.0306865334794732,-0.0125,0.0210590092092752));
#5942=CARTESIAN_POINT('',(-0.0306989267375035,-0.0125,0.0210590092092752));
#5943=CARTESIAN_POINT('',(-0.000408112873393823,-0.0125,0.000369998589435435));
#5944=CARTESIAN_POINT('',(-0.0304216148813615,-0.0125,0.020869601689145));
#5945=CARTESIAN_POINT('',(-0.0304216148813615,-0.0125,0.000967517306529841));
#5946=CARTESIAN_POINT('',(-0.0304216148813615,-0.0125,-0.0189409907907248));
#5947=CARTESIAN_POINT('',(-0.0306865334794732,-0.0125,-0.0189409907907248));
#5948=CARTESIAN_POINT('',(-0.0291865334794732,-0.0125,-0.0189409907907248));
#5949=CARTESIAN_POINT('',(-0.0291865334794732,-0.0125,0.0113598221519431));
#5950=CARTESIAN_POINT('',(-0.0291865334794732,-0.0125,-0.002));
#5951=CARTESIAN_POINT('',(0.000816987298107781,-0.0125,-0.002));
#5952=CARTESIAN_POINT('',(0.0291865334794732,-0.0125,-0.002));
#5953=CARTESIAN_POINT('',(0.0291865334794732,-0.0125,0.0113598221519431));
#5954=CARTESIAN_POINT('',(-0.0230083302491977,-0.00720096189432335,0.0113598221519431));
#5955=CARTESIAN_POINT('',(-0.0230083302491977,-0.00720096189432335,0.0223760254037844));
#5956=CARTESIAN_POINT('',(-0.0327078147715834,-0.0128009618943233,0.0223760254037844));
#5957=CARTESIAN_POINT('',(-0.0286374953737965,-0.0104509618943233,0.0223760254037844));
#5958=CARTESIAN_POINT('',(-0.0211321024059359,-0.00611772124395508,0.0156927847534162));
#5959=CARTESIAN_POINT('',(-0.0314830699001918,-0.0120938551131368,0.0216689186225979));
#5960=CARTESIAN_POINT('',(-0.0314830699001918,-0.0120938551131368,0.0113598221519431));
#5961=CARTESIAN_POINT('',(-0.0314830699001918,-0.0120938551131368,0.0210590092092752));
#5962=CARTESIAN_POINT('',(-0.0332331496826552,-0.0131042641466454,0.0210590092092752));
#5963=CARTESIAN_POINT('',(-0.0286374953737965,-0.0104509618943233,0.0210590092092752));
#5964=CARTESIAN_POINT('',(-0.0286374953737965,-0.0104509618943233,0.0113598221519431));
#5965=CARTESIAN_POINT('',(-0.0269233937586588,-0.00955117831844837,0.0210590092092752));
#5966=CARTESIAN_POINT('',(-0.0297088085639459,-0.00880482867078599,0.0210590092092752));
#5967=CARTESIAN_POINT('',(-0.0306499181475858,-0.0123170974524201,0.0210590092092752));
#5968=CARTESIAN_POINT('',(-0.0300141469754354,-0.0127665313759638,0.0210590092092752));
#5969=CARTESIAN_POINT('',(-0.0291195567581824,-0.0122500394732184,0.0210590092092752));
#5970=CARTESIAN_POINT('',(-0.0288521516800967,-0.0112520701356008,0.0210590092092752));
#5971=CARTESIAN_POINT('',(-0.0278645033422987,-0.0130634471000825,0.0210590092092752));
#5972=CARTESIAN_POINT('',(3.46944695195361E-18,-0.00160235663689673,-0.019177286895597));
#5973=CARTESIAN_POINT('',(0.0160052430221052,-0.002,-0.019177286895597));
#5974=CARTESIAN_POINT('',(0.0160052430221052,-0.00210235663689673,-0.019177286895597));
#5975=CARTESIAN_POINT('',(0.0160052430221052,-0.00160235663689673,-0.019177286895597));
#5976=CARTESIAN_POINT('',(3.46944695195361E-18,-0.00210235663689673,-0.019177286895597));
#5977=CARTESIAN_POINT('',(0.016177286895597,-0.00210235663689673,-0.019177286895597));
#5978=CARTESIAN_POINT('',(0.016177286895597,-0.00160235663689673,-0.019177286895597));
#5979=CARTESIAN_POINT('',(0.016177286895597,-0.00160235663689673,-0.019177286895597));
#5980=CARTESIAN_POINT('',(3.46944695195361E-18,-0.00160235663689673,-0.019177286895597));
#5981=CARTESIAN_POINT('',(3.46944695195361E-18,-0.002,-0.019));
#5982=CARTESIAN_POINT('',(-0.019,-0.002,-0.019));
#5983=CARTESIAN_POINT('',(-0.0160052430221052,-0.00210235663689673,-0.019177286895597));
#5984=CARTESIAN_POINT('',(-0.016,-0.002,-0.019));
#5985=CARTESIAN_POINT('',(3.46944695195361E-18,-0.00210235663689673,-0.019177286895597));
#5986=CARTESIAN_POINT('',(-0.0161772868955971,-0.00210235663689673,-0.019177286895597));
#5987=CARTESIAN_POINT('',(0.000718571428571423,0.0076524717147517,-0.00228142857142857));
#5988=CARTESIAN_POINT('',(3.46944695195361E-18,-0.002,-0.019));
#5989=CARTESIAN_POINT('',(0.019,-0.002,-0.019));
#5990=CARTESIAN_POINT('',(0.016,-0.002,-0.019));
#5991=CARTESIAN_POINT('',(-0.000718571428571423,0.0076524717147517,-0.00228142857142858));
#5992=CARTESIAN_POINT('',(0.0140216561496907,-0.00230117831844836,-0.0249999907907247));
#5993=CARTESIAN_POINT('',(0.0140216561496907,-0.00230117831844836,-0.0189409907907248));
#5994=CARTESIAN_POINT('',(0.016177286895597,-0.00210235663689673,-0.0189409907907248));
#5995=CARTESIAN_POINT('',(0.0118660254037844,-0.0025,-0.0189409907907248));
#5996=CARTESIAN_POINT('',(0.0118660254037844,-0.0025,-0.0249999907907247));
#5997=CARTESIAN_POINT('',(0.0118660254037844,-0.0025,-0.0249999907907247));
#5998=CARTESIAN_POINT('',(0.0140216561496907,-0.00230117831844836,-0.0249999907907247));
#5999=CARTESIAN_POINT('',(0.016177286895597,-0.00210235663689673,-0.0249999907907247));
#6000=CARTESIAN_POINT('',(0.016177286895597,-0.00210235663689673,-0.0249999907907247));
#6001=CARTESIAN_POINT('',(0.016177286895597,-0.00210235663689673,0.02001));
#6002=CARTESIAN_POINT('',(3.46944695195361E-18,-0.002,0.02001));
#6003=CARTESIAN_POINT('',(0.0168,-0.00222470619948581,0.0203992025542851));
#6004=CARTESIAN_POINT('',(0.0168044420558447,-0.002833655623896,0.0214538478011974));
#6005=CARTESIAN_POINT('',(0.0168,-0.00275055534994651,0.02131));
#6006=CARTESIAN_POINT('',(0.0329294413019099,-0.0121350614111312,0.0375644413019099));
#6007=CARTESIAN_POINT('',(0.0310544413019099,-0.0110525296564006,0.0356894413019099));
#6008=CARTESIAN_POINT('',(0.0278294413019099,-0.0166383935108102,0.0453644413019099));
#6009=CARTESIAN_POINT('',(0.0339147696545848,-0.0145003385909986,0.0416612215514235));
#6010=CARTESIAN_POINT('',(0.0341506350946109,-0.0144174682452694,0.0415176859021798));
#6011=CARTESIAN_POINT('',(0.0341506350946109,-0.0146674682452694,0.0419506986040721));
#6012=CARTESIAN_POINT('',(3.46944695195361E-18,-0.0146674682452694,0.0419506986040721));
#6013=CARTESIAN_POINT('',(0.0374406986040721,-0.0146674682452694,0.0419506986040721));
#6014=CARTESIAN_POINT('',(0.00885714285714286,0.0018352553596168,0.0133671428571429));
#6015=CARTESIAN_POINT('',(-1.04083408558608E-17,-0.017,0.014));
#6016=CARTESIAN_POINT('',(-1.04083408558608E-17,-0.017,-0.0189409907907248));
#6017=CARTESIAN_POINT('',(0.0373156986040721,-0.017,-0.0189409907907248));
#6018=CARTESIAN_POINT('',(0.0341506350946109,-0.017,-0.0189409907907248));
#6019=CARTESIAN_POINT('',(0.0373156986040721,-0.017,0.014));
#6020=CARTESIAN_POINT('',(0.0373156986040721,-0.017,0.0413256986040721));
#6021=CARTESIAN_POINT('',(-1.04083408558608E-17,-0.017,0.0413256986040721));
#6022=CARTESIAN_POINT('',(0.0341506350946109,-0.017,0.0413256986040721));
#6023=CARTESIAN_POINT('',(0.0341506350946109,-0.017,0.014));
#6024=CARTESIAN_POINT('',(-1.04083408558608E-17,-0.0075,0.005));
#6025=CARTESIAN_POINT('',(0.0135,-0.0025,0.005));
#6026=CARTESIAN_POINT('',(0.0121383583173156,-0.0025,0.005));
#6027=CARTESIAN_POINT('',(0.0125,-0.0025,0.005));
#6028=CARTESIAN_POINT('',(0.0121383583173156,-0.0075,0.005));
#6029=CARTESIAN_POINT('',(0.0121383583173156,-0.006,0.000230303992915272));
#6030=CARTESIAN_POINT('',(-1.00789629806754E-17,-0.006,0.000230303992915274));
#6031=CARTESIAN_POINT('',(0.0118339745962156,-0.006,0.000230303992915274));
#6032=CARTESIAN_POINT('',(0.0118339745962156,-0.0075,0.005));
#6033=CARTESIAN_POINT('',(0.0118339745962156,-0.0075,0.));
#6034=CARTESIAN_POINT('',(-0.0118660254037844,-0.0075,0.));
#6035=CARTESIAN_POINT('',(0.0205262794416288,-0.0075,0.));
#6036=CARTESIAN_POINT('',(0.0205262794416288,-0.0075,0.005));
#6037=CARTESIAN_POINT('',(0.0128391742254945,-0.00306184773417587,0.00269721810295457));
#6038=CARTESIAN_POINT('',(0.0128391742254945,-0.00306184773417586,0.00269721810295457));
#6039=CARTESIAN_POINT('',(0.0125989357404903,-0.00292314598018895,0.00296453803651869));
#6040=CARTESIAN_POINT('',(0.0125,-0.00277464821811641,0.00332109203126539));
#6041=CARTESIAN_POINT('',(0.0125,-0.00267411729260445,0.00369200302199869));
#6042=CARTESIAN_POINT('',(0.0125,-0.00267411729260444,0.00369200302199869));
#6043=CARTESIAN_POINT('',(0.0125,-0.0075,0.005));
#6044=CARTESIAN_POINT('',(-1.09568624035116E-17,-0.0055,0.0158760254037844));
#6045=CARTESIAN_POINT('',(0.0135,-0.0055,0.0188760254037844));
#6046=CARTESIAN_POINT('',(0.0121383583173156,-0.0055,0.0188760254037844));
#6047=CARTESIAN_POINT('',(0.0170621778264911,-0.0055,0.0188760254037844));
#6048=CARTESIAN_POINT('',(0.0121383583173156,-0.0055,0.0158760254037844));
#6049=CARTESIAN_POINT('',(0.0121383583173156,-0.0025,0.0158760254037844));
#6050=CARTESIAN_POINT('',(-0.0118660254037844,-0.0025,0.0158760254037844));
#6051=CARTESIAN_POINT('',(0.0125,-0.0025,0.0158760254037844));
#6052=CARTESIAN_POINT('',(0.0125,-0.0055,0.0158760254037844));
#6053=CARTESIAN_POINT('',(0.0125,-0.00264526859498827,0.0167982556381835));
#6054=CARTESIAN_POINT('',(0.0125,-0.00264526859498827,0.0167982556381835));
#6055=CARTESIAN_POINT('',(0.0125,-0.00276400247118788,0.0171657921953065));
#6056=CARTESIAN_POINT('',(0.0126597868804147,-0.00295827840220481,0.0174916833631718));
#6057=CARTESIAN_POINT('',(0.0129401926048813,-0.00312017072270793,0.0177026103623734));
#6058=CARTESIAN_POINT('',(0.0129401926048813,-0.00312017072270793,0.0177026103623734));
#6059=CARTESIAN_POINT('',(0.0170621778264911,-0.0055,0.0158760254037844));
#6060=CARTESIAN_POINT('',(-1.04083408558608E-17,0.,0.014));
#6061=CARTESIAN_POINT('',(0.010625,0.,0.0450557611844575));
#6062=CARTESIAN_POINT('',(0.0095,0.,0.04475));
#6063=CARTESIAN_POINT('',(0.01175,0.,0.045361522368915));
#6064=CARTESIAN_POINT('',(0.00875,0.,0.0453615223689151));
#6065=CARTESIAN_POINT('',(0.00875,0.,0.048361522368915));
#6066=CARTESIAN_POINT('',(0.00675,0.,0.048361522368915));
#6067=CARTESIAN_POINT('',(0.00475,0.,0.048361522368915));
#6068=CARTESIAN_POINT('',(0.003625,0.,0.0473057611844575));
#6069=CARTESIAN_POINT('',(0.0025,0.,0.04625));
#6070=CARTESIAN_POINT('',(0.00525,0.,0.04625));
#6071=CARTESIAN_POINT('',(0.008,0.,0.04625));
#6072=CARTESIAN_POINT('',(0.008,0.,0.04475));
#6073=CARTESIAN_POINT('',(-0.0095,0.,0.0356900895684958));
#6074=CARTESIAN_POINT('',(-0.0095,0.,0.0316301791369915));
#6075=CARTESIAN_POINT('',(-0.0095,0.,0.03975));
#6076=CARTESIAN_POINT('',(-0.010625,0.,0.03975));
#6077=CARTESIAN_POINT('',(-0.01175,0.,0.03975));
#6078=CARTESIAN_POINT('',(-0.01175,0.,0.0356900895684958));
#6079=CARTESIAN_POINT('',(-0.0117499999999998,0.,0.0316301791369915));
#6080=CARTESIAN_POINT('',(-0.010625,0.,0.0316301791369915));
#6081=CARTESIAN_POINT('',(-0.0095,0.,0.0485));
#6082=CARTESIAN_POINT('',(-0.0095,0.,0.053));
#6083=CARTESIAN_POINT('',(-0.014,0.,0.0485));
#6084=CARTESIAN_POINT('',(-5.20417042793042E-18,0.,0.053));
#6085=CARTESIAN_POINT('',(0.0095,0.,0.053));
#6086=CARTESIAN_POINT('',(0.0095,0.,0.0485));
#6087=CARTESIAN_POINT('',(0.014,0.,0.0485));
#6088=CARTESIAN_POINT('',(0.014,0.,0.0375));
#6089=CARTESIAN_POINT('',(0.014,0.,0.0379));
#6090=CARTESIAN_POINT('',(0.014,0.,0.0375));
#6091=CARTESIAN_POINT('',(0.014,0.,0.0302));
#6092=CARTESIAN_POINT('',(0.014,0.,0.0375));
#6093=CARTESIAN_POINT('',(0.014,0.,0.022));
#6094=CARTESIAN_POINT('',(0.014005,0.,0.022));
#6095=CARTESIAN_POINT('',(0.01401,0.,0.022));
#6096=CARTESIAN_POINT('',(0.015005,0.,0.021005));
#6097=CARTESIAN_POINT('',(0.016,0.,0.02001));
#6098=CARTESIAN_POINT('',(0.016,0.,0.000505));
#6099=CARTESIAN_POINT('',(0.016,0.,-0.019));
#6100=CARTESIAN_POINT('',(0.019,0.,-0.019));
#6101=CARTESIAN_POINT('',(0.019,0.,-0.022));
#6102=CARTESIAN_POINT('',(0.019,0.,-0.02275));
#6103=CARTESIAN_POINT('',(0.019,0.,-0.0235));
#6104=CARTESIAN_POINT('',(0.021,0.,-0.0235));
#6105=CARTESIAN_POINT('',(0.023,0.,-0.0235));
#6106=CARTESIAN_POINT('',(0.023,0.,-0.0235));
#6107=CARTESIAN_POINT('',(0.023,0.,-0.025));
#6108=CARTESIAN_POINT('',(-6.93889390390723E-18,0.,-0.025));
#6109=CARTESIAN_POINT('',(-0.023,0.,-0.025));
#6110=CARTESIAN_POINT('',(-0.023,0.,-0.0235));
#6111=CARTESIAN_POINT('',(-0.023,0.,-0.0235));
#6112=CARTESIAN_POINT('',(-0.021,0.,-0.0235));
#6113=CARTESIAN_POINT('',(-0.019,0.,-0.0235));
#6114=CARTESIAN_POINT('',(-0.019,0.,-0.02275));
#6115=CARTESIAN_POINT('',(-0.019,0.,-0.022));
#6116=CARTESIAN_POINT('',(-0.019,0.,-0.019));
#6117=CARTESIAN_POINT('',(-0.016,0.,-0.019));
#6118=CARTESIAN_POINT('',(-0.016,0.,0.000505));
#6119=CARTESIAN_POINT('',(-0.014005,0.,0.022));
#6120=CARTESIAN_POINT('',(-0.014,0.,0.022));
#6121=CARTESIAN_POINT('',(-0.014,0.,0.0375));
#6122=CARTESIAN_POINT('',(-0.014,0.,0.0302));
#6123=CARTESIAN_POINT('',(-0.014,0.,0.0375));
#6124=CARTESIAN_POINT('',(-0.014,0.,0.0379));
#6125=CARTESIAN_POINT('',(-0.014,0.,0.0375));
#6126=CARTESIAN_POINT('',(0.010625,0.,0.0316301791369915));
#6127=CARTESIAN_POINT('',(0.0095,0.,0.0316301791369915));
#6128=CARTESIAN_POINT('',(0.0117500000000002,0.,0.0316301791369915));
#6129=CARTESIAN_POINT('',(0.01175,0.,0.0356900895684958));
#6130=CARTESIAN_POINT('',(0.01175,0.,0.03975));
#6131=CARTESIAN_POINT('',(0.010625,0.,0.03975));
#6132=CARTESIAN_POINT('',(0.0095,0.,0.03975));
#6133=CARTESIAN_POINT('',(0.0095,0.,0.0356900895684958));
#6134=CARTESIAN_POINT('',(-0.00675,0.,0.048361522368915));
#6135=CARTESIAN_POINT('',(-0.00475,0.,0.048361522368915));
#6136=CARTESIAN_POINT('',(-0.00875,0.,0.048361522368915));
#6137=CARTESIAN_POINT('',(-0.00875,0.,0.045361522368915));
#6138=CARTESIAN_POINT('',(-0.01175,0.,0.045361522368915));
#6139=CARTESIAN_POINT('',(-0.010625,0.,0.0450557611844575));
#6140=CARTESIAN_POINT('',(-0.0095,0.,0.04475));
#6141=CARTESIAN_POINT('',(-0.008,0.,0.04475));
#6142=CARTESIAN_POINT('',(-0.008,0.,0.04625));
#6143=CARTESIAN_POINT('',(-0.00525,0.,0.04625));
#6144=CARTESIAN_POINT('',(-0.0025,0.,0.04625));
#6145=CARTESIAN_POINT('',(-0.003625,0.,0.0473057611844575));
#6146=CARTESIAN_POINT('',(-0.01475,-0.00416506350946109,0.02001));
#6147=CARTESIAN_POINT('',(-0.0213533337022429,-0.0079775,-0.0104709907907247));
#6148=CARTESIAN_POINT('',(-0.0230853845098118,-0.0089775,-0.0104709907907247));
#6149=CARTESIAN_POINT('',(-0.01475,-0.00416506350946109,-0.002));
#6150=CARTESIAN_POINT('',(-0.0118660254037844,-0.0025,-0.002));
#6151=CARTESIAN_POINT('',(-0.01475,-0.00416506350946109,-0.0189409907907248));
#6152=CARTESIAN_POINT('',(-0.0118660254037844,-0.0025,-0.0189409907907248));
#6153=CARTESIAN_POINT('',(-0.0118660254037844,-0.0025,0.014));
#6154=CARTESIAN_POINT('',(-0.0148855587757287,-0.00424332840511906,-0.00978262315643524));
#6155=CARTESIAN_POINT('',(-0.0174638991448826,-0.00573193391131258,-0.0137996138942539));
#6156=CARTESIAN_POINT('',(-0.0191744528639579,-0.00671952256148396,-0.0104709907907247));
#6157=CARTESIAN_POINT('',(-0.0148855587757287,-0.00424332840511906,-0.0111593584250142));
#6158=CARTESIAN_POINT('',(-0.0174638991448826,-0.00573193391131258,-0.00714236768719553));
#6159=CARTESIAN_POINT('',(-0.0169957123820717,-0.00546162615777266,-0.00674168803762798));
#6160=CARTESIAN_POINT('',(-0.0143774990747593,-0.00395,-0.00450099079072474));
#6161=CARTESIAN_POINT('',(-0.0143774990747593,-0.00395,-0.0104709907907247));
#6162=CARTESIAN_POINT('',(-0.0143774990747593,-0.00395,-0.0164409907907247));
#6163=CARTESIAN_POINT('',(-0.0169957123820717,-0.00546162615777266,-0.0142002935438215));
#6164=CARTESIAN_POINT('',(-0.0214148929497646,-0.00801304124812772,-0.00297132764637445));
#6165=CARTESIAN_POINT('',(-0.0181601921219512,-0.00613393884905795,-0.0062691900897218));
#6166=CARTESIAN_POINT('',(-0.021353333702243,-0.0079775,-0.00797082234871449));
#6167=CARTESIAN_POINT('',(-0.0212917744547213,-0.00794195875187229,-0.00297132764637446));
#6168=CARTESIAN_POINT('',(-0.0245464752825348,-0.00982106115094206,-0.00626919008972181));
#6169=CARTESIAN_POINT('',(-0.0249057401266779,-0.0100284828054184,-0.00579643959118986));
#6170=CARTESIAN_POINT('',(-0.0257689447713906,-0.0105268542394091,-0.00466056327939422));
#6171=CARTESIAN_POINT('',(-0.0251180046058279,-0.0101510337595951,-0.00400099079072475));
#6172=CARTESIAN_POINT('',(-0.0251180046058279,-0.0101510337595951,-0.00300099079072475));
#6173=CARTESIAN_POINT('',(-0.021353333702243,-0.0079775,-0.00300099079072475));
#6174=CARTESIAN_POINT('',(-0.017588662798658,-0.00580396624040488,-0.00300099079072475));
#6175=CARTESIAN_POINT('',(-0.017588662798658,-0.00580396624040488,-0.00400099079072475));
#6176=CARTESIAN_POINT('',(-0.0169377226330953,-0.00542814576059093,-0.00466056327939422));
#6177=CARTESIAN_POINT('',(-0.0178009272778081,-0.00592651719458158,-0.00579643959118986));
#6178=CARTESIAN_POINT('',(-0.0249057401266778,-0.0100284828054184,-0.0151455419902597));
#6179=CARTESIAN_POINT('',(-0.0245464752825348,-0.00982106115094205,-0.0146727914917277));
#6180=CARTESIAN_POINT('',(-0.0257689447713906,-0.0105268542394091,-0.0162814183020553));
#6181=CARTESIAN_POINT('',(-0.0212917744547213,-0.00794195875187228,-0.0179706539350751));
#6182=CARTESIAN_POINT('',(-0.0213533337022429,-0.0079775,-0.012971159232735));
#6183=CARTESIAN_POINT('',(-0.0214148929497646,-0.00801304124812771,-0.0179706539350751));
#6184=CARTESIAN_POINT('',(-0.0181601921219512,-0.00613393884905794,-0.0146727914917277));
#6185=CARTESIAN_POINT('',(-0.0178009272778081,-0.00592651719458158,-0.0151455419902597));
#6186=CARTESIAN_POINT('',(-0.0169377226330953,-0.00542814576059092,-0.0162814183020553));
#6187=CARTESIAN_POINT('',(-0.017588662798658,-0.00580396624040487,-0.0169409907907247));
#6188=CARTESIAN_POINT('',(-0.017588662798658,-0.00580396624040487,-0.0179409907907247));
#6189=CARTESIAN_POINT('',(-0.0213533337022429,-0.0079775,-0.0179409907907247));
#6190=CARTESIAN_POINT('',(-0.0251180046058279,-0.0101510337595951,-0.0179409907907247));
#6191=CARTESIAN_POINT('',(-0.0251180046058279,-0.0101510337595951,-0.0169409907907247));
#6192=CARTESIAN_POINT('',(-0.0257109550224143,-0.0104933738422273,-0.00674168803762798));
#6193=CARTESIAN_POINT('',(-0.0252427682596033,-0.0102230660886874,-0.00714236768719554));
#6194=CARTESIAN_POINT('',(-0.0269474748521114,-0.0112072788987613,-0.00568346005811024));
#6195=CARTESIAN_POINT('',(-0.0278211086287573,-0.0117116715948809,-0.0111593584250142));
#6196=CARTESIAN_POINT('',(-0.0235322145405281,-0.00923547743851604,-0.0104709907907247));
#6197=CARTESIAN_POINT('',(-0.0278211086287573,-0.0117116715948809,-0.00978262315643525));
#6198=CARTESIAN_POINT('',(-0.0252427682596033,-0.0102230660886874,-0.013799613894254));
#6199=CARTESIAN_POINT('',(-0.0257109550224143,-0.0104933738422273,-0.0142002935438215));
#6200=CARTESIAN_POINT('',(-0.0269474748521114,-0.0112072788987613,-0.0152585215233393));
#6201=CARTESIAN_POINT('',(-0.0274631429259422,-0.011505,-0.0144551233757755));
#6202=CARTESIAN_POINT('',(-0.0283291683297266,-0.012005,-0.0144551233757755));
#6203=CARTESIAN_POINT('',(-0.0283291683297266,-0.012005,-0.0104709907907247));
#6204=CARTESIAN_POINT('',(-0.0283291683297266,-0.012005,-0.00648685820567398));
#6205=CARTESIAN_POINT('',(-0.0274631429259422,-0.011505,-0.00648685820567398));
#6206=CARTESIAN_POINT('',(-0.016,-0.002,0.02001));
#6207=CARTESIAN_POINT('',(-0.0226033337022429,-0.0058124364905389,-0.0104709907907247));
#6208=CARTESIAN_POINT('',(-0.0243353845098118,-0.0068124364905389,-0.0104709907907247));
#6209=CARTESIAN_POINT('',(-0.016,-0.002,-0.0179409907907247));
#6210=CARTESIAN_POINT('',(-0.018838662798658,-0.00363890273094377,-0.0179409907907247));
#6211=CARTESIAN_POINT('',(-0.0263680046058279,-0.00798597025013403,-0.0179409907907247));
#6212=CARTESIAN_POINT('',(-0.018838662798658,-0.00363890273094377,-0.0169409907907247));
#6213=CARTESIAN_POINT('',(-0.0181877226330953,-0.00326308225112982,-0.0162814183020553));
#6214=CARTESIAN_POINT('',(-0.0328174231001862,-0.0117095437539683,0.00296955574102744));
#6215=CARTESIAN_POINT('',(-0.0194101921219512,-0.00396887533959684,-0.0146727914917277));
#6216=CARTESIAN_POINT('',(-0.0226648929497646,-0.00584797773866661,-0.0179706539350751));
#6217=CARTESIAN_POINT('',(-0.0226033337022429,-0.0058124364905389,-0.012971159232735));
#6218=CARTESIAN_POINT('',(-0.0225417744547213,-0.00577689524241118,-0.0179706539350751));
#6219=CARTESIAN_POINT('',(-0.0257964752825347,-0.00765599764148096,-0.0146727914917277));
#6220=CARTESIAN_POINT('',(-0.00664387028911594,0.00340176400715197,0.0105297956982915));
#6221=CARTESIAN_POINT('',(-0.0270189447713906,-0.00836179072994798,-0.0162814183020553));
#6222=CARTESIAN_POINT('',(-0.0263680046058279,-0.00798597025013403,-0.0169409907907247));
#6223=CARTESIAN_POINT('',(-0.016,-0.002,-0.0189409907907248));
#6224=CARTESIAN_POINT('',(-0.016177286895597,-0.00210235663689673,-0.0189409907907248));
#6225=CARTESIAN_POINT('',(-0.0379406986040721,-0.0146674682452694,-0.0189409907907248));
#6226=CARTESIAN_POINT('',(-0.0379406986040721,-0.0146674682452694,0.0454907621135332));
#6227=CARTESIAN_POINT('',(-0.0379406986040721,-0.0146674682452694,0.0414506986040721));
#6228=CARTESIAN_POINT('',(-0.0162142857142857,-0.00212371791482635,0.0197242857142857));
#6229=CARTESIAN_POINT('',(-0.016,-0.002,0.000505));
#6230=CARTESIAN_POINT('',(-0.016,-0.002,-0.00481978139320338));
#6231=CARTESIAN_POINT('',(-0.00571334993586573,0.0039390001835874,0.00398365277092246));
#6232=CARTESIAN_POINT('',(-0.0187138991448827,-0.00356687040185149,-0.00714236768719553));
#6233=CARTESIAN_POINT('',(-0.0161355587757286,-0.00207826489565796,-0.0111593584250142));
#6234=CARTESIAN_POINT('',(-0.0204244528639579,-0.00455445905202286,-0.0104709907907247));
#6235=CARTESIAN_POINT('',(-0.0161355587757286,-0.00207826489565796,-0.00978262315643524));
#6236=CARTESIAN_POINT('',(-0.0187138991448827,-0.00356687040185149,-0.0137996138942539));
#6237=CARTESIAN_POINT('',(-0.0309690926995223,-0.0106424096995936,-0.00331147743056172));
#6238=CARTESIAN_POINT('',(-0.016,-0.002,-0.0161222001882461));
#6239=CARTESIAN_POINT('',(-0.016,-0.002,0.000505));
#6240=CARTESIAN_POINT('',(-0.016177286895597,-0.00210235663689673,0.02001));
#6241=CARTESIAN_POINT('',(-0.0207631397208144,-0.00475,0.0160590092092752));
#6242=CARTESIAN_POINT('',(-0.0237942286340599,-0.0065,0.0160590092092752));
#6243=CARTESIAN_POINT('',(-0.016,-0.002,-0.00300099079072475));
#6244=CARTESIAN_POINT('',(-0.026368004605828,-0.00798597025013403,-0.00300099079072475));
#6245=CARTESIAN_POINT('',(-0.018838662798658,-0.00363890273094378,-0.00300099079072475));
#6246=CARTESIAN_POINT('',(-0.0263680046058279,-0.00798597025013403,-0.00400099079072475));
#6247=CARTESIAN_POINT('',(-0.0270189447713906,-0.00836179072994799,-0.00466056327939422));
#6248=CARTESIAN_POINT('',(-0.0328174231001862,-0.0117095437539683,0.00296955574102746));
#6249=CARTESIAN_POINT('',(-0.0257964752825347,-0.00765599764148096,-0.0062691900897218));
#6250=CARTESIAN_POINT('',(-0.0225417744547213,-0.00577689524241119,-0.00297132764637445));
#6251=CARTESIAN_POINT('',(-0.022603333702243,-0.00581243649053892,-0.00797082234871449));
#6252=CARTESIAN_POINT('',(-0.0226648929497646,-0.00584797773866663,-0.00297132764637445));
#6253=CARTESIAN_POINT('',(-0.0194101921219512,-0.00396887533959686,-0.00626919008972181));
#6254=CARTESIAN_POINT('',(-0.00664387028911594,0.00340176400715197,0.0105297956982915));
#6255=CARTESIAN_POINT('',(-0.0181877226330954,-0.00326308225112983,-0.00466056327939422));
#6256=CARTESIAN_POINT('',(-0.018838662798658,-0.00363890273094378,-0.00400099079072474));
#6257=CARTESIAN_POINT('',(-0.0295791683297266,-0.00983993649053891,0.02001));
#6258=CARTESIAN_POINT('',(-0.0295791683297266,-0.0098399364905389,-0.0144551233757755));
#6259=CARTESIAN_POINT('',(-0.0295791683297266,-0.0098399364905389,-0.00648685820567398));
#6260=CARTESIAN_POINT('',(-0.0287131429259422,-0.0093399364905389,-0.0144551233757755));
#6261=CARTESIAN_POINT('',(-0.0281974748521114,-0.0090422153893002,-0.0152585215233393));
#6262=CARTESIAN_POINT('',(-0.00571334993586573,0.0039390001835874,0.00398365277092245));
#6263=CARTESIAN_POINT('',(-0.0264927682596033,-0.00805800257922632,-0.013799613894254));
#6264=CARTESIAN_POINT('',(-0.0290711086287572,-0.00954660808541984,-0.00978262315643525));
#6265=CARTESIAN_POINT('',(-0.0247822145405281,-0.00707041392905495,-0.0104709907907247));
#6266=CARTESIAN_POINT('',(-0.0290711086287572,-0.00954660808541984,-0.0111593584250142));
#6267=CARTESIAN_POINT('',(-0.0264927682596033,-0.00805800257922632,-0.00714236768719554));
#6268=CARTESIAN_POINT('',(-0.0309690926995223,-0.0106424096995936,-0.00331147743056171));
#6269=CARTESIAN_POINT('',(-0.0281974748521114,-0.0090422153893002,-0.00568346005811024));
#6270=CARTESIAN_POINT('',(-0.0287131429259422,-0.0093399364905389,-0.00648685820567398));
#6271=CARTESIAN_POINT('',(0.016,-0.002,0.000505));
#6272=CARTESIAN_POINT('',(0.016,-0.00111324865405187,0.000505));
#6273=CARTESIAN_POINT('',(0.016,-0.00111324865405188,-0.0045));
#6274=CARTESIAN_POINT('',(0.016,-0.00111324865405187,-0.0164409907907247));
#6275=CARTESIAN_POINT('',(0.016,-0.00741399371125401,-0.0141063548548536));
#6276=CARTESIAN_POINT('',(0.016,-0.002,-0.0161124198773426));
#6277=CARTESIAN_POINT('',(0.016,-0.002,0.000505));
#6278=CARTESIAN_POINT('',(0.016,-0.002,-0.019));
#6279=CARTESIAN_POINT('',(0.016,-0.002,0.02001));
#6280=CARTESIAN_POINT('',(0.016,-0.002,0.000505));
#6281=CARTESIAN_POINT('',(0.016,-0.002,-0.00482857091338209));
#6282=CARTESIAN_POINT('',(0.016,-0.0002623102986674,-0.00418469899263406));
#6283=CARTESIAN_POINT('',(0.016,-0.002,0.02001));
#6284=CARTESIAN_POINT('',(0.0225932667397366,-0.00580662432702594,-0.0104704953953624));
#6285=CARTESIAN_POINT('',(0.0208612159321677,-0.00480662432702594,-0.0104704953953624));
#6286=CARTESIAN_POINT('',(0.0207631397208144,-0.00475,0.0160590092092752));
#6287=CARTESIAN_POINT('',(0.0177320508075689,-0.003,0.0160590092092752));
#6288=CARTESIAN_POINT('',(0.0290610078176734,-0.00954077637942153,-0.011159286944642));
#6289=CARTESIAN_POINT('',(0.026482864916298,-0.00805228488130312,-0.00714212722163911));
#6290=CARTESIAN_POINT('',(0.0247721647742372,-0.00706461169378161,-0.0104704953953624));
#6291=CARTESIAN_POINT('',(0.0290610078176734,-0.00954077637942153,-0.00978170384608273));
#6292=CARTESIAN_POINT('',(0.026482864916298,-0.00805228488130312,-0.0137988635690856));
#6293=CARTESIAN_POINT('',(0.00571006380336686,0.00394089743307022,0.00397663070176125));
#6294=CARTESIAN_POINT('',(0.0281888540916292,-0.00903723819091523,-0.0152586956180889));
#6295=CARTESIAN_POINT('',(0.0287044826719044,-0.00933493649053891,-0.0144552636734883));
#6296=CARTESIAN_POINT('',(0.0295705080756887,-0.0098349364905389,-0.0144552636734883));
#6297=CARTESIAN_POINT('',(0.0295705080756887,-0.0098349364905389,0.02001));
#6298=CARTESIAN_POINT('',(0.0295705080756887,-0.0098349364905389,-0.00648572711723641));
#6299=CARTESIAN_POINT('',(0.0287044826719044,-0.00933493649053891,-0.0064857271172364));
#6300=CARTESIAN_POINT('',(0.0281888540916292,-0.00903723819091522,-0.00568229517263582));
#6301=CARTESIAN_POINT('',(0.0309645242112376,-0.0106397720816527,-0.00330712641033799));
#6302=CARTESIAN_POINT('',(0.0225322917645529,-0.00577142040868981,-0.0179701649038497));
#6303=CARTESIAN_POINT('',(0.0257867356544602,-0.00765037446459033,-0.0146719643909549));
#6304=CARTESIAN_POINT('',(0.0225932667397366,-0.00580662432702594,-0.0129706606547731));
#6305=CARTESIAN_POINT('',(0.0226542417149203,-0.00584182824536207,-0.0179701649038497));
#6306=CARTESIAN_POINT('',(0.019399797825013,-0.00396287418946155,-0.0146719643909549));
#6307=CARTESIAN_POINT('',(0.0328112431522514,-0.0117059757593646,0.00297272645562965));
#6308=CARTESIAN_POINT('',(0.0181765292212811,-0.00325661973180572,-0.0162813506881458));
#6309=CARTESIAN_POINT('',(0.0188274179992626,-0.00363241054298582,-0.0169409907907247));
#6310=CARTESIAN_POINT('',(0.0188274179992626,-0.00363241054298582,-0.0179409907907247));
#6311=CARTESIAN_POINT('',(0.016,-0.002,-0.0179409907907247));
#6312=CARTESIAN_POINT('',(0.0263591154802107,-0.00798083811106605,-0.0179409907907247));
#6313=CARTESIAN_POINT('',(0.0263591154802107,-0.00798083811106605,-0.0169409907907247));
#6314=CARTESIAN_POINT('',(0.0270100042581921,-0.00835662892224616,-0.0162813506881458));
#6315=CARTESIAN_POINT('',(0.00663749909075921,0.00340544242023829,0.010521618468335));
#6316=CARTESIAN_POINT('',(0.0328112431522514,-0.0117059757593646,0.00297272645562968));
#6317=CARTESIAN_POINT('',(0.0270100042581921,-0.00835662892224615,-0.00465964010257896));
#6318=CARTESIAN_POINT('',(0.0257867356544602,-0.00765037446459032,-0.00626902639976986));
#6319=CARTESIAN_POINT('',(0.0263591154802107,-0.00798083811106605,-0.004));
#6320=CARTESIAN_POINT('',(0.0263591154802107,-0.00798083811106605,-0.003));
#6321=CARTESIAN_POINT('',(0.016,-0.002,-0.003));
#6322=CARTESIAN_POINT('',(0.0188274179992626,-0.00363241054298582,-0.003));
#6323=CARTESIAN_POINT('',(0.0188274179992626,-0.00363241054298582,-0.004));
#6324=CARTESIAN_POINT('',(0.0181765292212811,-0.00325661973180572,-0.00465964010257897));
#6325=CARTESIAN_POINT('',(0.0066374990907592,0.0034054424202383,0.010521618468335));
#6326=CARTESIAN_POINT('',(0.0193997978250129,-0.00396287418946155,-0.00626902639976987));
#6327=CARTESIAN_POINT('',(0.0226542417149203,-0.00584182824536207,-0.00297082588687501));
#6328=CARTESIAN_POINT('',(0.0225932667397366,-0.00580662432702592,-0.00797033013595163));
#6329=CARTESIAN_POINT('',(0.0225322917645529,-0.0057714204086898,-0.00297082588687501));
#6330=CARTESIAN_POINT('',(0.0162142857142857,-0.00212371791482635,0.0197242857142857));
#6331=CARTESIAN_POINT('',(0.0379406986040721,-0.0146674682452694,0.0414506986040721));
#6332=CARTESIAN_POINT('',(0.0379406986040721,-0.0146674682452694,0.02001));
#6333=CARTESIAN_POINT('',(0.0379406986040721,-0.0146674682452694,-0.0189409907907248));
#6334=CARTESIAN_POINT('',(0.016,-0.002,-0.0189409907907248));
#6335=CARTESIAN_POINT('',(0.0309645242112376,-0.0106397720816527,-0.003307126410338));
#6336=CARTESIAN_POINT('',(0.0187036685631753,-0.00356096377274876,-0.0137988635690856));
#6337=CARTESIAN_POINT('',(0.0161255256617998,-0.00207247227463034,-0.00978170384608272));
#6338=CARTESIAN_POINT('',(0.020414368705236,-0.00454863696027026,-0.0104704953953624));
#6339=CARTESIAN_POINT('',(0.0161255256617998,-0.00207247227463034,-0.011159286944642));
#6340=CARTESIAN_POINT('',(0.0187036685631753,-0.00356096377274876,-0.00714212722163912));
#6341=CARTESIAN_POINT('',(0.00571006380336685,0.00394089743307022,0.00397663070176126));
#6342=CARTESIAN_POINT('',(0.000816987298107781,-0.0125,-0.002));
#6343=CARTESIAN_POINT('',(0.0121383583173156,-0.00425,-0.002));
#6344=CARTESIAN_POINT('',(0.0121383583173156,-0.0026572314809364,-0.002));
#6345=CARTESIAN_POINT('',(0.0121383583173156,-0.006,-0.002));
#6346=CARTESIAN_POINT('',(0.01475,-0.0041650635094611,-0.002));
#6347=CARTESIAN_POINT('',(-0.0118660254037844,-0.00825,-0.002));
#6348=CARTESIAN_POINT('',(-0.0118660254037844,-0.0105,-0.002));
#6349=CARTESIAN_POINT('',(-1.60254037844462E-5,-0.0105,-0.002));
#6350=CARTESIAN_POINT('',(0.0118339745962155,-0.0105,-0.002));
#6351=CARTESIAN_POINT('',(0.0118339745962156,-0.00825,-0.002));
#6352=CARTESIAN_POINT('',(0.0118339745962155,-0.006,-0.002));
#6353=CARTESIAN_POINT('',(-1.60254037844445E-5,-0.006,-0.002));
#6354=CARTESIAN_POINT('',(-1.04083408558608E-17,-0.0025,0.014));
#6355=CARTESIAN_POINT('',(-0.0151660254037844,-0.0025,0.0208760254037844));
#6356=CARTESIAN_POINT('',(-0.0118660254037844,-0.0025,0.0208760254037844));
#6357=CARTESIAN_POINT('',(-0.0118660254037844,-0.0025,0.023));
#6358=CARTESIAN_POINT('',(-0.0118660254037844,-0.0025,0.0158760254037844));
#6359=CARTESIAN_POINT('',(-0.0118660254037844,-0.0025,0.014));
#6360=CARTESIAN_POINT('',(-0.0118660254037844,-0.0025,0.005));
#6361=CARTESIAN_POINT('',(-0.0118660254037844,-0.0025,0.023));
#6362=CARTESIAN_POINT('',(-0.0118660254037844,-0.0025,-0.0249999907907247));
#6363=CARTESIAN_POINT('',(-0.0118660254037844,-0.0025,-0.0249999907907247));
#6364=CARTESIAN_POINT('',(-1.04083408558608E-17,-0.0025,-0.0249999907907247));
#6365=CARTESIAN_POINT('',(0.0118660254037844,-0.0025,0.014));
#6366=CARTESIAN_POINT('',(0.0118660254037844,-0.0025,-0.002));
#6367=CARTESIAN_POINT('',(0.000136166456765568,-0.0025,-0.002));
#6368=CARTESIAN_POINT('',(0.0121383583173156,-0.0025,-0.002));
#6369=CARTESIAN_POINT('',(0.0121383583173156,-0.0025,0.023));
#6370=CARTESIAN_POINT('',(0.0125,-0.0025,0.014));
#6371=CARTESIAN_POINT('',(0.0121383583173156,-0.0025,0.023));
#6372=CARTESIAN_POINT('',(0.0121383583173156,-0.0025,0.0218896750426354));
#6373=CARTESIAN_POINT('',(-1.04083408558608E-17,-0.0025,0.0218896750426354));
#6374=CARTESIAN_POINT('',(3.46944695195361E-18,-0.002,0.02001));
#6375=CARTESIAN_POINT('',(-0.0151660254037844,-0.00222470619948581,0.0203992025542851));
#6376=CARTESIAN_POINT('',(-0.0416950478278189,-0.0171237179148264,0.0462050478278189));
#6377=CARTESIAN_POINT('',(-0.0374406986040721,-0.0146674682452694,0.0419506986040721));
#6378=CARTESIAN_POINT('',(3.46944695195361E-18,-0.0146674682452694,0.0419506986040721));
#6379=CARTESIAN_POINT('',(-0.0341506350946109,-0.0146674682452694,0.0419506986040721));
#6380=CARTESIAN_POINT('',(-0.0341506350946109,-0.0144174682452694,0.0415176859021798));
#6381=CARTESIAN_POINT('',(-0.0339147696545848,-0.0145003385909986,0.0416612215514235));
#6382=CARTESIAN_POINT('',(-0.0278294413019099,-0.0166383935108102,0.0453644413019099));
#6383=CARTESIAN_POINT('',(-0.0310544413019099,-0.0110525296564006,0.0356894413019099));
#6384=CARTESIAN_POINT('',(-0.00878571428571429,0.00180432588091022,0.0134207142857143));
#6385=CARTESIAN_POINT('',(-0.0162410254037844,-0.0025,0.0208760254037844));
#6386=CARTESIAN_POINT('',(3.46944695195361E-18,-0.0025,0.0208760254037844));
#6387=CARTESIAN_POINT('',(0.00081698729810778,-0.0125,0.));
#6388=CARTESIAN_POINT('',(0.01475,-0.0041650635094611,0.));
#6389=CARTESIAN_POINT('',(0.0118339745962156,-0.0125,0.));
#6390=CARTESIAN_POINT('',(0.0118339745962155,-0.0105,0.));
#6391=CARTESIAN_POINT('',(0.00081698729810778,-0.0105,0.));
#6392=CARTESIAN_POINT('',(-0.0118660254037844,-0.0105,0.));
#6393=CARTESIAN_POINT('',(-0.0118660254037844,-0.0125,0.));
#6394=CARTESIAN_POINT('',(-0.0118660254037844,-0.0075,0.));
#6395=CARTESIAN_POINT('',(-0.0118660254037844,-0.0075,0.));
#6396=CARTESIAN_POINT('',(-0.0205262794416288,-0.0075,0.));
#6397=CARTESIAN_POINT('',(-0.01475,-0.00416506350946109,0.));
#6398=CARTESIAN_POINT('',(-0.0291865334794732,-0.0125,-0.0189409907907248));
#6399=CARTESIAN_POINT('',(-0.0340445466228355,-0.0306303518748653,0.00760368667228138));
#6400=CARTESIAN_POINT('',(-0.0353,-0.00952437438536435,-0.0189409907907248));
#6401=CARTESIAN_POINT('',(-0.0303911826634201,-0.0123864254164556,-0.0189409907907248));
#6402=CARTESIAN_POINT('',(-0.0306500017085226,-0.0133523512427447,-0.0189409907907248));
#6403=CARTESIAN_POINT('',(-0.0278294413019099,-0.0177209252655408,-0.0189409907907248));
#6404=CARTESIAN_POINT('',(-0.032735442454454,-0.0159972220743748,-0.0189409907907248));
#6405=CARTESIAN_POINT('',(-0.0341506350946109,-0.0155,-0.0189409907907248));
#6406=CARTESIAN_POINT('',(-0.0341506350946109,-0.017,-0.0189409907907248));
#6407=CARTESIAN_POINT('',(-1.04083408558608E-17,-0.017,-0.0189409907907248));
#6408=CARTESIAN_POINT('',(-0.0373156986040721,-0.017,-0.0189409907907248));
#6409=CARTESIAN_POINT('',(-0.0373156986040721,-0.01575,-0.0189409907907248));
#6410=CARTESIAN_POINT('',(-0.0140216561496907,-0.00230117831844836,-0.0189409907907248));
#6411=CARTESIAN_POINT('',(-0.01475,-0.00416506350946109,0.02001));
#6412=CARTESIAN_POINT('',(-0.0195131397208144,-0.0069150635094611,0.0160590092092752));
#6413=CARTESIAN_POINT('',(-0.0216782032302755,-0.0081650635094611,0.0160590092092752));
#6414=CARTESIAN_POINT('',(-0.0170621778264911,-0.0055,0.0158760254037844));
#6415=CARTESIAN_POINT('',(-0.0170621778264911,-0.0055,0.0188760254037844));
#6416=CARTESIAN_POINT('',(-0.01475,-0.00416506350946109,0.0188760254037844));
#6417=CARTESIAN_POINT('',(-0.0205262794416288,-0.0075,0.005));
#6418=CARTESIAN_POINT('',(-0.01475,-0.00416506350946109,0.02001));
#6419=CARTESIAN_POINT('',(-0.01475,-0.00416506350946109,0.0208760254037844));
#6420=CARTESIAN_POINT('',(-0.0162410254037844,-0.00502590742770461,0.0208760254037844));
#6421=CARTESIAN_POINT('',(-0.0150178571428572,-0.00431971090299403,0.0196528571428571));
#6422=CARTESIAN_POINT('',(-0.0304294413019099,-0.0132175931658617,0.0350644413019099));
#6423=CARTESIAN_POINT('',(-0.0304294413019099,-0.0132175931658617,-0.0189409907907248));
#6424=CARTESIAN_POINT('',(-0.0304294413019099,-0.0132175931658617,0.0208760254037844));
#6425=CARTESIAN_POINT('',(-0.0222583302491977,-0.0085,0.0208760254037844));
#6426=CARTESIAN_POINT('',(0.0230083302491977,-0.00720096189432334,0.0113598221519431));
#6427=CARTESIAN_POINT('',(0.0220890716450323,-0.00667022769175357,0.012705710159031));
#6428=CARTESIAN_POINT('',(0.0327078147715834,-0.0128009618943233,0.0223760254037844));
#6429=CARTESIAN_POINT('',(0.0316471545998036,-0.0121885894586275,0.0214100995774954));
#6430=CARTESIAN_POINT('',(0.0230083302491977,-0.00720096189432334,0.0223760254037844));
#6431=CARTESIAN_POINT('',(0.0286374953737965,-0.0104509618943233,0.0223760254037844));
#6432=CARTESIAN_POINT('',(0.0286374953737965,-0.0104509618943233,0.0113598221519431));
#6433=CARTESIAN_POINT('',(0.0286374953737965,-0.0104509618943233,0.0210590092092752));
#6434=CARTESIAN_POINT('',(-0.0197168503173447,0.0174664326069454,0.0210590092092752));
#6435=CARTESIAN_POINT('',(0.0316471545998036,-0.0121885894586275,0.0210590092092752));
#6436=CARTESIAN_POINT('',(0.0316471545998036,-0.0121885894586275,0.0113598221519431));
#6437=CARTESIAN_POINT('',(0.0291865334794732,-0.0125,-0.0189409907907248));
#6438=CARTESIAN_POINT('',(0.0340445466228355,-0.0306303518748654,0.00760368667228138));
#6439=CARTESIAN_POINT('',(0.0291195567581824,-0.0122500394732184,0.0210590092092752));
#6440=CARTESIAN_POINT('',(0.0241228484336874,0.0063979298643992,0.0210590092092752));
#6441=CARTESIAN_POINT('',(0.02992265507269,-0.012925,0.0208760254037844));
#6442=CARTESIAN_POINT('',(0.0300141469754354,-0.0127665313759638,0.0210590092092752));
#6443=CARTESIAN_POINT('',(0.0125284247910414,-0.0182080131433623,0.00760368667228138));
#6444=CARTESIAN_POINT('',(0.0306500017085226,-0.0133523512427447,0.020869601689145));
#6445=CARTESIAN_POINT('',(0.0278294413019099,-0.0177209252655408,0.0156760254037845));
#6446=CARTESIAN_POINT('',(0.0304294413019099,-0.0132175931658617,0.0208760254037844));
#6447=CARTESIAN_POINT('',(0.0222583302491977,-0.0085,0.0208760254037844));
#6448=CARTESIAN_POINT('',(0.01475,-0.00416506350946109,0.02001));
#6449=CARTESIAN_POINT('',(0.0304294413019099,-0.0132175931658617,0.02001));
#6450=CARTESIAN_POINT('',(0.0304294413019099,-0.0132175931658617,0.0350644413019099));
#6451=CARTESIAN_POINT('',(0.015375,-0.00452590742770461,0.02001));
#6452=CARTESIAN_POINT('',(0.0162410254037844,-0.00502590742770461,0.0208760254037844));
#6453=CARTESIAN_POINT('',(0.01475,-0.00416506350946109,0.0208760254037844));
#6454=CARTESIAN_POINT('',(0.01475,-0.00416506350946109,0.02001));
#6455=CARTESIAN_POINT('',(0.0213432667397366,-0.00797168783648704,-0.0104704953953624));
#6456=CARTESIAN_POINT('',(0.0196112159321677,-0.00697168783648704,-0.0104704953953624));
#6457=CARTESIAN_POINT('',(0.0148755256617998,-0.00423753578409144,-0.011159286944642));
#6458=CARTESIAN_POINT('',(0.0174536685631753,-0.00572602728220985,-0.00714212722163911));
#6459=CARTESIAN_POINT('',(0.019164368705236,-0.00671370046973136,-0.0104704953953624));
#6460=CARTESIAN_POINT('',(0.0148755256617998,-0.00423753578409144,-0.00978170384608272));
#6461=CARTESIAN_POINT('',(0.0174536685631753,-0.00572602728220985,-0.0137988635690856));
#6462=CARTESIAN_POINT('',(0.0169849054789655,-0.00545538678935519,-0.0141999888421028));
#6463=CARTESIAN_POINT('',(0.0143660254037844,-0.00394337567297406,-0.0164409907907247));
#6464=CARTESIAN_POINT('',(0.0143660254037844,-0.00394337567297407,-0.0104704953953624));
#6465=CARTESIAN_POINT('',(0.0143660254037844,-0.00394337567297406,-0.0045));
#6466=CARTESIAN_POINT('',(0.0169849054789655,-0.00545538678935519,-0.00674100194862198));
#6467=CARTESIAN_POINT('',(0.0248964497126098,-0.0100231189823554,-0.00579577066973092));
#6468=CARTESIAN_POINT('',(0.0245367356544603,-0.00981543797405142,-0.00626902639976986));
#6469=CARTESIAN_POINT('',(0.0257600042581921,-0.0105216924317072,-0.00465964010257896));
#6470=CARTESIAN_POINT('',(0.0212822917645529,-0.0079364839181509,-0.00297082588687501));
#6471=CARTESIAN_POINT('',(0.0213432667397366,-0.00797168783648702,-0.00797033013595163));
#6472=CARTESIAN_POINT('',(0.0214042417149203,-0.00800689175482316,-0.00297082588687501));
#6473=CARTESIAN_POINT('',(0.0181497978250129,-0.00612793769892264,-0.00626902639976986));
#6474=CARTESIAN_POINT('',(0.0177900837668634,-0.00592025669061869,-0.00579577066973092));
#6475=CARTESIAN_POINT('',(0.0169265292212811,-0.00542168324126681,-0.00465964010257896));
#6476=CARTESIAN_POINT('',(0.0175774179992625,-0.00579747405244692,-0.004));
#6477=CARTESIAN_POINT('',(0.0175774179992625,-0.00579747405244692,-0.003));
#6478=CARTESIAN_POINT('',(0.0213432667397366,-0.00797168783648703,-0.003));
#6479=CARTESIAN_POINT('',(0.0251091154802107,-0.0101459016205271,-0.003));
#6480=CARTESIAN_POINT('',(0.0251091154802107,-0.0101459016205271,-0.004));
#6481=CARTESIAN_POINT('',(0.0213432667397366,-0.00797168783648703,-0.0179409907907247));
#6482=CARTESIAN_POINT('',(0.0251091154802107,-0.0101459016205271,-0.0179409907907247));
#6483=CARTESIAN_POINT('',(0.0175774179992625,-0.00579747405244692,-0.0179409907907247));
#6484=CARTESIAN_POINT('',(0.0175774179992625,-0.00579747405244692,-0.0169409907907247));
#6485=CARTESIAN_POINT('',(0.0169265292212811,-0.00542168324126681,-0.0162813506881458));
#6486=CARTESIAN_POINT('',(0.0177900837668634,-0.00592025669061869,-0.0151452201209939));
#6487=CARTESIAN_POINT('',(0.0181497978250129,-0.00612793769892264,-0.0146719643909549));
#6488=CARTESIAN_POINT('',(0.0214042417149203,-0.00800689175482317,-0.0179701649038497));
#6489=CARTESIAN_POINT('',(0.0213432667397366,-0.00797168783648703,-0.0129706606547731));
#6490=CARTESIAN_POINT('',(0.0212822917645529,-0.0079364839181509,-0.0179701649038497));
#6491=CARTESIAN_POINT('',(0.0245367356544603,-0.00981543797405143,-0.0146719643909549));
#6492=CARTESIAN_POINT('',(0.0248964497126098,-0.0100231189823554,-0.0151452201209939));
#6493=CARTESIAN_POINT('',(0.0257600042581921,-0.0105216924317072,-0.0162813506881458));
#6494=CARTESIAN_POINT('',(0.0251091154802107,-0.0101459016205271,-0.0169409907907247));
#6495=CARTESIAN_POINT('',(0.0283205080756888,-0.012,-0.0104704953953624));
#6496=CARTESIAN_POINT('',(0.0283205080756888,-0.012,-0.0064857271172364));
#6497=CARTESIAN_POINT('',(0.0283205080756888,-0.012,-0.0144552636734883));
#6498=CARTESIAN_POINT('',(0.0274544826719044,-0.0115,-0.0144552636734883));
#6499=CARTESIAN_POINT('',(0.0269388540916293,-0.0112023017003763,-0.0152586956180889));
#6500=CARTESIAN_POINT('',(0.0257016280005078,-0.0104879888836189,-0.0141999888421028));
#6501=CARTESIAN_POINT('',(0.025232864916298,-0.0102173483907642,-0.0137988635690856));
#6502=CARTESIAN_POINT('',(0.0278110078176734,-0.0117058398888826,-0.00978170384608273));
#6503=CARTESIAN_POINT('',(0.0235221647742372,-0.00922967520324271,-0.0104704953953624));
#6504=CARTESIAN_POINT('',(0.0278110078176734,-0.0117058398888826,-0.011159286944642));
#6505=CARTESIAN_POINT('',(0.025232864916298,-0.0102173483907642,-0.00714212722163911));
#6506=CARTESIAN_POINT('',(0.0257016280005078,-0.0104879888836189,-0.00674100194862198));
#6507=CARTESIAN_POINT('',(0.0269388540916293,-0.0112023017003763,-0.00568229517263582));
#6508=CARTESIAN_POINT('',(0.0274544826719044,-0.0115,-0.0064857271172364));
#6509=CARTESIAN_POINT('',(0.01475,-0.0041650635094611,-0.002));
#6510=CARTESIAN_POINT('',(0.01475,-0.0041650635094611,-0.0189409907907248));
#6511=CARTESIAN_POINT('',(-1.04083408558608E-17,-0.002,0.014));
#6512=CARTESIAN_POINT('',(-6.93889390390723E-18,-0.002,-0.025));
#6513=CARTESIAN_POINT('',(-0.023,-0.002,-0.025));
#6514=CARTESIAN_POINT('',(-0.016177286895597,-0.002,-0.0249999907907247));
#6515=CARTESIAN_POINT('',(-0.016177286895597,-0.002,0.014));
#6516=CARTESIAN_POINT('',(-0.016177286895597,-0.002,-0.0200160170915057));
#6517=CARTESIAN_POINT('',(-0.019,-0.002,-0.019));
#6518=CARTESIAN_POINT('',(-0.019,-0.002,-0.022));
#6519=CARTESIAN_POINT('',(-0.021,-0.002,-0.022));
#6520=CARTESIAN_POINT('',(-0.023,-0.002,-0.022));
#6521=CARTESIAN_POINT('',(-0.023,-0.002,-0.0235));
#6522=CARTESIAN_POINT('',(-0.019,-0.002,-0.019));
#6523=CARTESIAN_POINT('',(-0.016177286895597,-0.002,-0.0200160170915057));
#6524=CARTESIAN_POINT('',(-0.016177286895597,-0.00160235663689673,-0.0200160170915057));
#6525=CARTESIAN_POINT('',(-0.019,-0.00160235663689673,-0.019));
#6526=CARTESIAN_POINT('',(-0.0160052430221052,-0.00160235663689673,-0.019177286895597));
#6527=CARTESIAN_POINT('',(-0.0160052430221052,-0.002,-0.019177286895597));
#6528=CARTESIAN_POINT('',(-0.016,-0.002,-0.019));
#6529=CARTESIAN_POINT('',(-0.019,-0.002,-0.022));
#6530=CARTESIAN_POINT('',(0.019,-0.002,-0.019));
#6531=CARTESIAN_POINT('',(0.019,-0.00160235663689673,-0.019));
#6532=CARTESIAN_POINT('',(0.016177286895597,-0.00160235663689673,-0.0200160170915057));
#6533=CARTESIAN_POINT('',(0.016177286895597,-0.002,-0.0200160170915057));
#6534=CARTESIAN_POINT('',(0.016177286895597,-0.002,-0.0200160170915057));
#6535=CARTESIAN_POINT('',(0.019,-0.002,-0.019));
#6536=CARTESIAN_POINT('',(0.019,-0.002,-0.022));
#6537=CARTESIAN_POINT('',(0.019,-0.002,-0.022));
#6538=CARTESIAN_POINT('',(-0.0353,-0.00952437438536435,-0.0189409907907248));
#6539=CARTESIAN_POINT('',(0.0278294413019099,-0.0177209252655408,-0.0189409907907248));
#6540=CARTESIAN_POINT('',(0.032735442454454,-0.0159972220743748,-0.0189409907907248));
#6541=CARTESIAN_POINT('',(0.0306500017085226,-0.0133523512427447,-0.0189409907907248));
#6542=CARTESIAN_POINT('',(0.0309088207536251,-0.0123864254164556,-0.0189409907907248));
#6543=CARTESIAN_POINT('',(0.0373156986040721,-0.01575,-0.0189409907907248));
#6544=CARTESIAN_POINT('',(0.0341506350946109,-0.0155,-0.0189409907907248));
#6545=CARTESIAN_POINT('',(-0.014,-0.002,0.0375));
#6546=CARTESIAN_POINT('',(-0.014,0.023,0.0485));
#6547=CARTESIAN_POINT('',(-0.014,-0.002,0.0379));
#6548=CARTESIAN_POINT('',(-5.20417042793042E-18,-0.002,0.053));
#6549=CARTESIAN_POINT('',(-0.0095,0.023,0.053));
#6550=CARTESIAN_POINT('',(0.0095,0.023,0.053));
#6551=CARTESIAN_POINT('',(-1.04083408558608E-17,-0.017,0.014));
#6552=CARTESIAN_POINT('',(-1.04083408558608E-17,-0.017,0.0413256986040721));
#6553=CARTESIAN_POINT('',(-0.0341506350946109,-0.017,0.0413256986040721));
#6554=CARTESIAN_POINT('',(-0.0373156986040721,-0.017,0.0413256986040721));
#6555=CARTESIAN_POINT('',(-0.0373156986040721,-0.017,-0.0189409907907248));
#6556=CARTESIAN_POINT('',(-0.0341506350946109,-0.017,0.014));
#6557=CARTESIAN_POINT('',(-1.04083408558608E-17,-0.002,0.014));
#6558=CARTESIAN_POINT('',(0.016177286895597,-0.002,0.014));
#6559=CARTESIAN_POINT('',(0.016177286895597,-0.002,-0.0249999907907247));
#6560=CARTESIAN_POINT('',(-6.93889390390723E-18,-0.002,-0.025));
#6561=CARTESIAN_POINT('',(0.023,-0.002,-0.025));
#6562=CARTESIAN_POINT('',(0.023,-0.002,-0.0235));
#6563=CARTESIAN_POINT('',(0.023,-0.002,-0.022));
#6564=CARTESIAN_POINT('',(0.021,-0.002,-0.022));
#6565=CARTESIAN_POINT('',(-0.023,-0.002,-0.0235));
#6566=CARTESIAN_POINT('',(-0.023,0.000647058823529417,-0.0190882352941177));
#6567=CARTESIAN_POINT('',(-0.023,0.00490417845714577,-0.0216425070742874));
#6568=CARTESIAN_POINT('',(-0.023,0.003,-0.0205));
#6569=CARTESIAN_POINT('',(-0.023,0.00438968270171824,-0.0225));
#6570=CARTESIAN_POINT('',(-0.023,0.00438968270171824,-0.0235));
#6571=CARTESIAN_POINT('',(-0.023,0.008,-0.0235));
#6572=CARTESIAN_POINT('',(-0.023,-0.002,-0.025));
#6573=CARTESIAN_POINT('',(-0.023,-0.002,-0.022));
#6574=CARTESIAN_POINT('',(-0.023,0.003,-0.022));
#6575=CARTESIAN_POINT('',(-0.023,0.003,-0.0205));
#6576=CARTESIAN_POINT('',(0.023,-0.002,-0.0235));
#6577=CARTESIAN_POINT('',(0.023,0.008,-0.0235));
#6578=CARTESIAN_POINT('',(0.023,0.00438968270171823,-0.0235));
#6579=CARTESIAN_POINT('',(0.023,0.00438968270171823,-0.0225));
#6580=CARTESIAN_POINT('',(0.023,0.00490417845714576,-0.0216425070742874));
#6581=CARTESIAN_POINT('',(0.023,0.0055,-0.022));
#6582=CARTESIAN_POINT('',(0.023,0.003,-0.0205));
#6583=CARTESIAN_POINT('',(0.023,0.003,-0.0205));
#6584=CARTESIAN_POINT('',(0.023,0.003,-0.022));
#6585=CARTESIAN_POINT('',(0.023,-0.002,-0.022));
#6586=CARTESIAN_POINT('',(0.023,-0.002,-0.025));
#6587=CARTESIAN_POINT('',(0.019,0.008,-0.02275));
#6588=CARTESIAN_POINT('',(0.019,0.00766911764705882,-0.0233014705882353));
#6589=CARTESIAN_POINT('',(0.019,0.003,-0.0205));
#6590=CARTESIAN_POINT('',(0.019,0.00490417845714576,-0.0216425070742874));
#6591=CARTESIAN_POINT('',(0.019,0.00438968270171823,-0.0225));
#6592=CARTESIAN_POINT('',(0.019,0.00438968270171823,-0.0235));
#6593=CARTESIAN_POINT('',(0.019,0.008,-0.0235));
#6594=CARTESIAN_POINT('',(0.019,0.008,-0.022));
#6595=CARTESIAN_POINT('',(0.019,0.003,-0.022));
#6596=CARTESIAN_POINT('',(0.019,0.003,-0.0205));
#6597=CARTESIAN_POINT('',(0.01475,-0.002,0.0379));
#6598=CARTESIAN_POINT('',(0.0155,-0.002,0.0379));
#6599=CARTESIAN_POINT('',(0.0155,0.00438968270171823,0.0379));
#6600=CARTESIAN_POINT('',(0.0145,0.00438968270171823,0.0379));
#6601=CARTESIAN_POINT('',(0.0136425070742875,0.00490417845714576,0.0379));
#6602=CARTESIAN_POINT('',(0.014,0.0055,0.0379));
#6603=CARTESIAN_POINT('',(0.0125,0.003,0.0379));
#6604=CARTESIAN_POINT('',(0.0125,0.003,0.0379));
#6605=CARTESIAN_POINT('',(0.014,0.003,0.0379));
#6606=CARTESIAN_POINT('',(0.014,-0.002,0.0379));
#6607=CARTESIAN_POINT('',(0.014,-0.002,0.0379));
#6608=CARTESIAN_POINT('',(0.01475,-0.002,0.0302));
#6609=CARTESIAN_POINT('',(0.0108897058823529,0.000316176470588234,0.0302));
#6610=CARTESIAN_POINT('',(0.0125,0.003,0.0302));
#6611=CARTESIAN_POINT('',(0.0136425070742875,0.00490417845714576,0.0302));
#6612=CARTESIAN_POINT('',(0.0145,0.00438968270171823,0.0302));
#6613=CARTESIAN_POINT('',(0.0155,0.00438968270171823,0.0302));
#6614=CARTESIAN_POINT('',(0.0155,-0.002,0.0302));
#6615=CARTESIAN_POINT('',(0.014,-0.002,0.0302));
#6616=CARTESIAN_POINT('',(0.014,-0.002,0.0302));
#6617=CARTESIAN_POINT('',(0.014,0.003,0.0302));
#6618=CARTESIAN_POINT('',(0.0125,0.003,0.0302));
#6619=CARTESIAN_POINT('',(-0.01475,-0.002,0.0302));
#6620=CARTESIAN_POINT('',(-0.0155,-0.002,0.0302));
#6621=CARTESIAN_POINT('',(-0.0155,0.00438968270171823,0.0302));
#6622=CARTESIAN_POINT('',(-0.0145,0.00438968270171823,0.0302));
#6623=CARTESIAN_POINT('',(-0.0136425070742875,0.00490417845714576,0.0302));
#6624=CARTESIAN_POINT('',(-0.0108897058823529,0.00031617647058824,0.0302));
#6625=CARTESIAN_POINT('',(-0.0125,0.003,0.0302));
#6626=CARTESIAN_POINT('',(-0.0125,0.003,0.0302));
#6627=CARTESIAN_POINT('',(-0.014,0.003,0.0302));
#6628=CARTESIAN_POINT('',(-0.014,-0.002,0.0302));
#6629=CARTESIAN_POINT('',(-0.014,-0.002,0.0302));
#6630=CARTESIAN_POINT('',(0.021,-0.002,-0.022));
#6631=CARTESIAN_POINT('',(0.021,0.003,-0.022));
#6632=CARTESIAN_POINT('',(-0.021,-0.002,-0.022));
#6633=CARTESIAN_POINT('',(-0.021,0.003,-0.022));
#6634=CARTESIAN_POINT('',(-0.019,0.003,-0.022));
#6635=CARTESIAN_POINT('',(-0.019,0.008,-0.022));
#6636=CARTESIAN_POINT('',(0.014,-0.002,0.03405));
#6637=CARTESIAN_POINT('',(0.014,0.003,0.03405));
#6638=CARTESIAN_POINT('',(0.014,-0.002,0.0375));
#6639=CARTESIAN_POINT('',(0.014,-0.002,0.0375));
#6640=CARTESIAN_POINT('',(0.014,-0.002,0.022));
#6641=CARTESIAN_POINT('',(0.014,-0.002,0.022));
#6642=CARTESIAN_POINT('',(-0.014,-0.002,0.0375));
#6643=CARTESIAN_POINT('',(-0.014,-0.002,0.022));
#6644=CARTESIAN_POINT('',(-0.014,-0.00244192247561054,0.022));
#6645=CARTESIAN_POINT('',(-0.014,-0.00423986004180251,0.0228760254037844));
#6646=CARTESIAN_POINT('',(-0.014,-0.00239976673633752,0.0220924077500892));
#6647=CARTESIAN_POINT('',(-0.014,-0.007,0.0240514518843274));
#6648=CARTESIAN_POINT('',(-0.014005,-0.002,0.022));
#6649=CARTESIAN_POINT('',(-1.04083408558608E-17,-0.00244192247561054,0.022));
#6650=CARTESIAN_POINT('',(-0.016,-0.002,0.000505));
#6651=CARTESIAN_POINT('',(-0.016,-0.00113974596215562,0.000505));
#6652=CARTESIAN_POINT('',(-0.016,-0.00113974596215562,-0.00450099079072474));
#6653=CARTESIAN_POINT('',(-0.016,-0.0011397459621556,-0.0164409907907247));
#6654=CARTESIAN_POINT('',(-0.016,-0.000265017794243701,-0.00417683640447805));
#6655=CARTESIAN_POINT('',(-0.016,-0.00741766775533293,-0.0141145356010743));
#6656=CARTESIAN_POINT('',(-6.93889390390723E-18,-0.002,-0.025));
#6657=CARTESIAN_POINT('',(0.016177286895597,-0.00160235663689672,-0.0249999907907247));
#6658=CARTESIAN_POINT('',(-0.0140216561496907,-0.00230117831844836,-0.0249999907907247));
#6659=CARTESIAN_POINT('',(-0.016177286895597,-0.00210235663689673,-0.0249999907907247));
#6660=CARTESIAN_POINT('',(-0.016177286895597,-0.00160235663689673,-0.0249999907907247));
#6661=CARTESIAN_POINT('',(0.015005,-0.002,0.021005));
#6662=CARTESIAN_POINT('',(0.01401,-0.002,0.022));
#6663=CARTESIAN_POINT('',(0.01401,-0.002,0.022));
#6664=CARTESIAN_POINT('',(0.015005,-0.002,0.021005));
#6665=CARTESIAN_POINT('',(0.014005,-0.002,0.022));
#6666=CARTESIAN_POINT('',(0.014005,-0.002,0.022));
#6667=CARTESIAN_POINT('',(0.014,-0.002,0.0375));
#6668=CARTESIAN_POINT('',(0.014,0.023,0.0485));
#6669=CARTESIAN_POINT('',(0.0155,-0.002,0.03405));
#6670=CARTESIAN_POINT('',(0.0155,0.00438968270171823,0.03405));
#6671=CARTESIAN_POINT('',(-0.014,-0.002,0.03405));
#6672=CARTESIAN_POINT('',(-0.014,0.003,0.03405));
#6673=CARTESIAN_POINT('',(-0.014,0.003,0.0379));
#6674=CARTESIAN_POINT('',(-0.014,-0.002,0.0379));
#6675=CARTESIAN_POINT('',(-0.01475,-0.002,0.0379));
#6676=CARTESIAN_POINT('',(-0.014,0.0055,0.0379));
#6677=CARTESIAN_POINT('',(-0.0125,0.003,0.0379));
#6678=CARTESIAN_POINT('',(-0.0136425070742875,0.00490417845714576,0.0379));
#6679=CARTESIAN_POINT('',(-0.0145,0.00438968270171823,0.0379));
#6680=CARTESIAN_POINT('',(-0.0155,0.00438968270171823,0.0379));
#6681=CARTESIAN_POINT('',(-0.0155,-0.002,0.0379));
#6682=CARTESIAN_POINT('',(-0.0125,0.003,0.0379));
#6683=CARTESIAN_POINT('',(-0.0155,-0.002,0.03405));
#6684=CARTESIAN_POINT('',(-0.0155,0.00438968270171823,0.0302));
#6685=CARTESIAN_POINT('',(0.021,0.008,-0.0235));
#6686=CARTESIAN_POINT('',(0.021,0.00438968270171823,-0.0235));
#6687=CARTESIAN_POINT('',(-0.019,0.008,-0.02275));
#6688=CARTESIAN_POINT('',(-0.019,0.008,-0.0235));
#6689=CARTESIAN_POINT('',(-0.019,0.00438968270171824,-0.0235));
#6690=CARTESIAN_POINT('',(-0.019,0.00438968270171824,-0.0225));
#6691=CARTESIAN_POINT('',(-0.019,0.00490417845714577,-0.0216425070742874));
#6692=CARTESIAN_POINT('',(-0.019,0.0055,-0.022));
#6693=CARTESIAN_POINT('',(-0.019,0.003,-0.0205));
#6694=CARTESIAN_POINT('',(-0.019,0.003,-0.0205));
#6695=CARTESIAN_POINT('',(-0.021,0.008,-0.0235));
#6696=CARTESIAN_POINT('',(-0.019,0.00438968270171824,-0.0235));
#6697=CARTESIAN_POINT('',(-0.0125,0.003,0.03405));
#6698=CARTESIAN_POINT('',(-0.0125,0.003,0.03405));
#6699=CARTESIAN_POINT('',(0.0125,0.003,0.03405));
#6700=CARTESIAN_POINT('',(0.0125,0.003,0.03405));
#6701=CARTESIAN_POINT('',(-0.021,0.003,-0.0205));
#6702=CARTESIAN_POINT('',(-0.021,0.003,-0.0205));
#6703=CARTESIAN_POINT('',(0.021,0.003,-0.0205));
#6704=CARTESIAN_POINT('',(0.021,0.003,-0.0205));
#6705=CARTESIAN_POINT('',(-0.014,0.0055,0.0129));
#6706=CARTESIAN_POINT('',(-0.0136425070742875,0.00490417845714576,0.0379));
#6707=CARTESIAN_POINT('',(0.014,0.0055,0.0129));
#6708=CARTESIAN_POINT('',(0.0136425070742875,0.00490417845714576,0.0129));
#6709=CARTESIAN_POINT('',(-0.002,0.0055,-0.022));
#6710=CARTESIAN_POINT('',(-0.002,0.00490417845714576,-0.0216425070742874));
#6711=CARTESIAN_POINT('',(-0.044,0.0055,-0.022));
#6712=CARTESIAN_POINT('',(-0.023,0.00490417845714577,-0.0216425070742874));
#6713=CARTESIAN_POINT('',(0.01475,-0.00416506350946109,0.02001));
#6714=CARTESIAN_POINT('',(0.0129401926048813,-0.00312017072270793,0.0177026103623734));
#6715=CARTESIAN_POINT('',(0.0131370627052564,-0.00323383372815487,0.0174408706687088));
#6716=CARTESIAN_POINT('',(0.0135059706889141,-0.00344682285182588,0.0168925483566511));
#6717=CARTESIAN_POINT('',(0.0137080686259315,-0.00356350415016553,0.0162260557736521));
#6718=CARTESIAN_POINT('',(0.0137080686259315,-0.00356350415016553,0.0158760254037844));
#6719=CARTESIAN_POINT('',(0.0137080686259315,-0.00356350415016553,0.0158760254037844));
#6720=CARTESIAN_POINT('',(0.0137080686259315,-0.00356350415016553,0.02001));
#6721=CARTESIAN_POINT('',(0.0137080686259315,-0.00356350415016553,0.005));
#6722=CARTESIAN_POINT('',(0.0137080686259315,-0.00356350415016553,0.005));
#6723=CARTESIAN_POINT('',(0.0137080686259315,-0.00356350415016553,0.00456778204861568));
#6724=CARTESIAN_POINT('',(0.0134937787441802,-0.00343978382925181,0.00373402049546553));
#6725=CARTESIAN_POINT('',(0.013070063681077,-0.00319515182350946,0.00303221479206533));
#6726=CARTESIAN_POINT('',(0.0128391742254945,-0.00306184773417588,0.00269721810295456));
#6727=CARTESIAN_POINT('',(0.01475,-0.00416506350946109,0.0188760254037844));
#6728=CARTESIAN_POINT('',(0.0195131397208144,-0.0069150635094611,0.0160590092092752));
#6729=CARTESIAN_POINT('',(0.0173480762113533,-0.0056650635094611,0.0160590092092752));
#6730=CARTESIAN_POINT('',(0.0095,0.023,0.0485));
#6731=CARTESIAN_POINT('',(-0.0095,0.023,0.0485));
#6732=CARTESIAN_POINT('',(-0.0140216561496907,-0.00230117831844836,-0.0249999907907247));
#6733=CARTESIAN_POINT('',(-0.016177286895597,-0.00210235663689673,-0.0249999907907247));
#6734=CARTESIAN_POINT('',(-0.0353,-0.00160235663689673,-0.0249999907907247));
#6735=CARTESIAN_POINT('',(-0.016177286895597,-0.00160235663689673,-0.0249999907907247));
#6736=CARTESIAN_POINT('',(-0.0161772868955971,-0.00160235663689673,-0.019177286895597));
#6737=CARTESIAN_POINT('',(3.46944695195361E-18,-0.00160235663689673,-0.019177286895597));
#6738=CARTESIAN_POINT('',(-0.0353,-0.00160235663689673,-0.0249999907907247));
#6739=CARTESIAN_POINT('',(0.016177286895597,-0.00160235663689672,-0.0249999907907247));
#6740=CARTESIAN_POINT('',(-0.016177286895597,-0.00160235663689673,-0.0249999907907247));
#6741=CARTESIAN_POINT('',(-0.0161772868955971,-0.00160235663689673,-0.019177286895597));
#6742=CARTESIAN_POINT('',(3.46944695195361E-18,-0.00160235663689673,-0.019177286895597));
#6743=CARTESIAN_POINT('',(0.016177286895597,-0.00160235663689672,-0.0249999907907247));
#6744=CARTESIAN_POINT('',(-1.7347234759768E-18,-0.0125,0.0188760254037844));
#6745=CARTESIAN_POINT('',(0.0121383583173156,-0.0125,0.0188760254037844));
#6746=CARTESIAN_POINT('',(0.0121383583173156,-0.006,0.0188760254037844));
#6747=CARTESIAN_POINT('',(0.0135,-0.0055,0.0188760254037844));
#6748=CARTESIAN_POINT('',(-0.0118660254037844,-0.0055,0.0188760254037844));
#6749=CARTESIAN_POINT('',(-0.0118660254037844,-0.0125,0.0188760254037844));
#6750=CARTESIAN_POINT('',(-0.0118660254037844,-0.006,0.0188760254037844));
#6751=CARTESIAN_POINT('',(-3.07419350173105E-19,-0.006,0.0188760254037844));
#6752=CARTESIAN_POINT('',(3.46944695195361E-18,-0.0125,0.0208760254037844));
#6753=CARTESIAN_POINT('',(3.46944695195361E-18,-0.0025,0.0208760254037844));
#6754=CARTESIAN_POINT('',(-0.0168660254037845,-0.00394337567297406,0.0208760254037844));
#6755=CARTESIAN_POINT('',(0.0168660254037845,-0.00394337567297406,0.0208760254037844));
#6756=CARTESIAN_POINT('',(0.0153760737040974,-0.00423986004180251,0.0208760254037844));
#6757=CARTESIAN_POINT('',(3.46944695195361E-18,-0.00423986004180251,0.0208760254037844));
#6758=CARTESIAN_POINT('',(0.0121383583173156,-0.00423986004180251,0.0208760254037844));
#6759=CARTESIAN_POINT('',(0.0121383583173156,-0.0125,0.0208760254037844));
#6760=CARTESIAN_POINT('',(0.0121383583173156,-0.006,0.0208760254037844));
#6761=CARTESIAN_POINT('',(4.89675107775732E-18,-0.006,0.0208760254037844));
#6762=CARTESIAN_POINT('',(-0.0118660254037844,-0.006,0.0208760254037844));
#6763=CARTESIAN_POINT('',(-0.0118660254037844,-0.0125,0.0208760254037844));
#6764=CARTESIAN_POINT('',(-0.00826313972081441,-0.0264006350946109,0.0160590092092752));
#6765=CARTESIAN_POINT('',(-0.0202631397208144,-0.00561602540378444,0.0160590092092752));
#6766=CARTESIAN_POINT('',(-0.0224282032302755,-0.00686602540378444,0.0160590092092752));
#6767=CARTESIAN_POINT('',(0.00826313972081441,-0.0264006350946109,0.0160590092092752));
#6768=CARTESIAN_POINT('',(0.0202631397208144,-0.00561602540378444,0.0160590092092752));
#6769=CARTESIAN_POINT('',(0.0180980762113533,-0.00436602540378444,0.0160590092092752));
#6770=CARTESIAN_POINT('',(0.0269233937586588,-0.00955117831844836,0.0210590092092752));
#6771=CARTESIAN_POINT('',(0.0315747310440763,-0.0107975003878008,0.0210590092092752));
#6772=CARTESIAN_POINT('',(0.0311675562377909,-0.0123170974524201,0.0210590092092752));
#6773=CARTESIAN_POINT('',(0.0278991785193592,-0.0131928566226338,0.0210590092092752));
#6774=CARTESIAN_POINT('',(-0.02992265507269,-0.012925,0.0208760254037844));
#6775=CARTESIAN_POINT('',(-0.0278294413019099,-0.0177209252655408,0.0156760254037845));
#6776=CARTESIAN_POINT('',(-0.0306500017085226,-0.0133523512427447,0.020869601689145));
#6777=CARTESIAN_POINT('',(-0.0302717361348345,-0.0134537071977389,0.0205926920704511));
#6778=CARTESIAN_POINT('',(-0.0202631397208144,-0.00561602540378444,0.0160590092092752));
#6779=CARTESIAN_POINT('',(0.0202631397208144,-0.00561602540378444,0.0160590092092752));
#6780=CARTESIAN_POINT('',(0.0118339745962156,-0.00825,0.003));
#6781=CARTESIAN_POINT('',(0.0118339745962156,-0.006,0.003));
#6782=CARTESIAN_POINT('',(0.0118339745962155,-0.0105,0.003));
#6783=CARTESIAN_POINT('',(-1.60254037844469E-5,-0.0105,0.003));
#6784=CARTESIAN_POINT('',(-0.0118660254037844,-0.0105,0.003));
#6785=CARTESIAN_POINT('',(-0.0118660254037844,-0.00825,0.003));
#6786=CARTESIAN_POINT('',(-0.0118660254037844,-0.0075,0.005));
#6787=CARTESIAN_POINT('',(-1.04083408558608E-17,-0.0075,0.005));
#6788=CARTESIAN_POINT('',(-1.04083408558608E-17,-0.007,0.0240514518843274));
#6789=CARTESIAN_POINT('',(-1.04083408558608E-17,-0.00239976673633752,0.0220924077500892));
#6790=CARTESIAN_POINT('',(0.0168,-0.00239976673633752,0.0220924077500892));
#6791=CARTESIAN_POINT('',(0.0168,-0.007,0.0240514518843274));
#6792=CARTESIAN_POINT('',(0.0168,-0.002,0.0240514518843274));
#6793=CARTESIAN_POINT('',(0.0168,-0.002,0.0240514518843274));
#6794=CARTESIAN_POINT('',(-1.04083408558608E-17,-0.00423986004180251,0.0228760254037844));
#6795=CARTESIAN_POINT('',(0.0121383583173156,-0.00423986004180251,0.0228760254037844));
#6796=CARTESIAN_POINT('',(0.0153760737040974,-0.00423986004180251,0.0208760254037844));
#6797=CARTESIAN_POINT('',(0.0152513654640133,-0.00405468663925973,0.0208760254037844));
#6798=CARTESIAN_POINT('',(0.0150872605844262,-0.00359198907594041,0.0209436302523567));
#6799=CARTESIAN_POINT('',(0.0155413851666551,-0.00308940696482546,0.0212226949626483));
#6800=CARTESIAN_POINT('',(0.0161506412239415,-0.00288552760559528,0.0214024121773538));
#6801=CARTESIAN_POINT('',(0.0165871145730111,-0.00283434311684995,0.0214531680130536));
#6802=CARTESIAN_POINT('',(0.0168094396382058,-0.00283363893685775,0.0214538643003901));
#6803=CARTESIAN_POINT('',(0.0168,-0.00423986004180251,0.0228760254037844));
#6804=CARTESIAN_POINT('',(-1.09568624035116E-17,-0.0055,0.0158760254037844));
#6805=CARTESIAN_POINT('',(-0.0118660254037844,-0.0055,0.0158760254037844));
#6806=CARTESIAN_POINT('',(0.0135,-0.0055,0.0158760254037844));
#6807=CARTESIAN_POINT('',(0.0135,-0.0035,0.0158760254037844));
#6808=CARTESIAN_POINT('',(0.0130867482823719,-0.00308674828237186,0.0158760254037844));
#6809=CARTESIAN_POINT('',(0.0130867482823719,-0.00308674828237186,0.0158760254037844));
#6810=CARTESIAN_POINT('',(0.0130867482823719,-0.00308674828237186,0.0160817590243985));
#6811=CARTESIAN_POINT('',(0.0128696752722669,-0.00291872462083876,0.0164200946569042));
#6812=CARTESIAN_POINT('',(0.0126275095824789,-0.00273865152714643,0.0166725326310774));
#6813=CARTESIAN_POINT('',(0.0125,-0.00264526859498827,0.0167982556381835));
#6814=CARTESIAN_POINT('',(0.0135,-0.0035,0.000505));
#6815=CARTESIAN_POINT('',(0.0135,-0.0035,0.005));
#6816=CARTESIAN_POINT('',(0.0130867482823719,-0.00308674828237186,0.005));
#6817=CARTESIAN_POINT('',(0.0130867482823719,-0.00308674828237186,0.000505));
#6818=CARTESIAN_POINT('',(0.0135,-0.0075,0.005));
#6819=CARTESIAN_POINT('',(0.0125,-0.00267411729260444,0.00369200302199869));
#6820=CARTESIAN_POINT('',(0.0126450636154948,-0.00277462855370858,0.0038756903887541));
#6821=CARTESIAN_POINT('',(0.0129190935755639,-0.00296674434728715,0.00425583071216778));
#6822=CARTESIAN_POINT('',(0.0130867482823719,-0.00308674828237186,0.00474245411557652));
#6823=CARTESIAN_POINT('',(0.0130867482823719,-0.00308674828237186,0.005));
#6824=CARTESIAN_POINT('',(0.0130867482823719,-0.00308674828237186,0.005));
#6825=CARTESIAN_POINT('',(0.0133660254037844,-0.00336602540378443,0.005));
#6826=CARTESIAN_POINT('',(0.0137080686259315,-0.00356350415016553,0.005));
#6827=CARTESIAN_POINT('',(0.0130867482612959,-0.00308674826129591,0.00441258015993234));
#6828=CARTESIAN_POINT('',(0.0133660253783099,-0.00336602538905939,0.0042738493676502));
#6829=CARTESIAN_POINT('',(0.0137080686013511,-0.00356350413597402,0.00413022469079636));
#6830=CARTESIAN_POINT('',(0.0126732272069461,-0.00279134152763715,0.00386765896016626));
#6831=CARTESIAN_POINT('',(0.0129353966701974,-0.00311740178852665,0.00361547558830877));
#6832=CARTESIAN_POINT('',(0.0132945475536502,-0.00332475764776832,0.00335555714089328));
#6833=CARTESIAN_POINT('',(0.0122095657404191,-0.00247419683101681,0.00334772969475752));
#6834=CARTESIAN_POINT('',(0.0124596875344435,-0.00284275099094369,0.003027547364391));
#6835=CARTESIAN_POINT('',(0.0128308860839787,-0.00305706257344066,0.00268521421122743));
#6836=CARTESIAN_POINT('',(0.0152080686259315,-0.000965427938812213,0.005));
#6837=CARTESIAN_POINT('',(0.0152080686259315,-0.000965427938812215,0.02001));
#6838=CARTESIAN_POINT('',(0.0152080686259315,-0.000965427938812216,0.0158760254037844));
#6839=CARTESIAN_POINT('',(0.0137080686259315,-0.00356350415016554,0.0158760254037844));
#6840=CARTESIAN_POINT('',(0.0133660254037844,-0.00336602540378444,0.0158760254037844));
#6841=CARTESIAN_POINT('',(0.0130867482823719,-0.00308674828237186,0.0158760254037844));
#6842=CARTESIAN_POINT('',(0.0137080686050162,-0.00356350413809007,0.0162317639676646));
#6843=CARTESIAN_POINT('',(0.0133660253817506,-0.00336602539106282,0.0161471126347494));
#6844=CARTESIAN_POINT('',(0.0130867482638045,-0.00308674826380451,0.0160653457193362));
#6845=CARTESIAN_POINT('',(0.0134997174706681,-0.00344321255458823,0.0169077555596853));
#6846=CARTESIAN_POINT('',(0.0131453227503617,-0.00323860266741997,0.0166673562746535));
#6847=CARTESIAN_POINT('',(0.0128783971266399,-0.00292437316752136,0.0164331863242419));
#6848=CARTESIAN_POINT('',(0.0131214046881503,-0.00322479356776372,0.0174637031755979));
#6849=CARTESIAN_POINT('',(0.0127504367337866,-0.00301061511945144,0.0171231020363187));
#6850=CARTESIAN_POINT('',(0.0125000843431798,-0.00264421815567151,0.0168030562881165));
#6851=CARTESIAN_POINT('',(0.0129222630923161,-0.00310981911380198,0.0177263520992663));
#6852=CARTESIAN_POINT('',(0.0125436915699171,-0.00289125074343741,0.0173436392833181));
#6853=CARTESIAN_POINT('',(0.0123009427487565,-0.00250064144797245,0.0169885970073737));
#6854=CARTESIAN_POINT('',(0.0323205080756887,-0.00507179676972449,-0.0104704953953624));
#6855=CARTESIAN_POINT('',(0.0283205080756888,-0.012,-0.0144552636734883));
#6856=CARTESIAN_POINT('',(0.0323205080756887,-0.00507179676972449,-0.00648572711723641));
#6857=CARTESIAN_POINT('',(0.0297016280005078,-0.00355978565334338,-0.00674100194862198));
#6858=CARTESIAN_POINT('',(0.0309388540916292,-0.00427409847010082,-0.00568229517263582));
#6859=CARTESIAN_POINT('',(0.029232864916298,-0.00328914516048871,-0.00714212722163911));
#6860=CARTESIAN_POINT('',(0.0297016280005078,-0.00355978565334338,-0.0141999888421028));
#6861=CARTESIAN_POINT('',(0.0281888540916292,-0.00903723819091522,-0.0152586956180889));
#6862=CARTESIAN_POINT('',(0.025232864916298,-0.0102173483907642,-0.0137988635690856));
#6863=CARTESIAN_POINT('',(0.0253432667397366,-0.00104348460621153,-0.0104704953953624));
#6864=CARTESIAN_POINT('',(0.0220932667397366,-0.00667264973081038,-0.0104704953953624));
#6865=CARTESIAN_POINT('',(0.0212272413359522,-0.00617264973081038,-0.0104704953953624));
#6866=CARTESIAN_POINT('',(0.0218432667397366,-0.0071056624327026,-0.0104704953953624));
#6867=CARTESIAN_POINT('',(0.0209772413359522,-0.0066056624327026,-0.0104704953953624));
#6868=CARTESIAN_POINT('',(0.0253432667397366,-0.00104348460621153,-0.0179409907907247));
#6869=CARTESIAN_POINT('',(0.0175774179992625,-0.00579747405244692,-0.0179409907907247));
#6870=CARTESIAN_POINT('',(0.0263591154802107,-0.00798083811106605,-0.0179409907907247));
#6871=CARTESIAN_POINT('',(0.0288964497126098,-0.00309491575207987,-0.0151452201209939));
#6872=CARTESIAN_POINT('',(0.0257600042581921,-0.0105216924317072,-0.0162813506881458));
#6873=CARTESIAN_POINT('',(0.0257867356544602,-0.00765037446459033,-0.0146719643909549));
#6874=CARTESIAN_POINT('',(0.0217900837668634,0.00100794653965681,-0.0151452201209939));
#6875=CARTESIAN_POINT('',(0.0181765292212811,-0.00325661973180572,-0.0162813506881458));
#6876=CARTESIAN_POINT('',(0.0181497978250129,-0.00612793769892264,-0.0146719643909549));
#6877=CARTESIAN_POINT('',(0.0253432667397366,-0.00104348460621152,-0.003));
#6878=CARTESIAN_POINT('',(0.0291091154802107,-0.00321769839025163,-0.003));
#6879=CARTESIAN_POINT('',(0.0215774179992625,0.00113072917782859,-0.003));
#6880=CARTESIAN_POINT('',(0.0217900837668634,0.00100794653965681,-0.00579577066973093));
#6881=CARTESIAN_POINT('',(0.0209265292212811,0.0015065199890087,-0.00465964010257897));
#6882=CARTESIAN_POINT('',(0.0221497978250129,0.000800265531352866,-0.00626902639976987));
#6883=CARTESIAN_POINT('',(0.0288964497126098,-0.00309491575207987,-0.00579577066973092));
#6884=CARTESIAN_POINT('',(0.0297600042581921,-0.00359348920143175,-0.00465964010257896));
#6885=CARTESIAN_POINT('',(0.0285367356544603,-0.00288723474377592,-0.00626902639976986));
#6886=CARTESIAN_POINT('',(0.0183660254037844,0.00298482755730144,-0.0104704953953624));
#6887=CARTESIAN_POINT('',(0.0183660254037844,0.00298482755730144,-0.0045));
#6888=CARTESIAN_POINT('',(0.0183660254037844,0.00298482755730145,-0.0164409907907247));
#6889=CARTESIAN_POINT('',(0.0209849054789655,0.00147281644092032,-0.0141999888421028));
#6890=CARTESIAN_POINT('',(0.0187036685631753,-0.00356096377274876,-0.0137988635690856));
#6891=CARTESIAN_POINT('',(0.0209849054789655,0.00147281644092032,-0.00674100194862198));
#6892=CARTESIAN_POINT('',(0.0214536685631753,0.00120217594806566,-0.00714212722163911));
#6893=CARTESIAN_POINT('',(-0.0183774990747593,0.00297820323027551,-0.0104709907907247));
#6894=CARTESIAN_POINT('',(-0.0183774990747593,0.00297820323027551,-0.0164409907907247));
#6895=CARTESIAN_POINT('',(-0.0183774990747593,0.00297820323027551,-0.00450099079072474));
#6896=CARTESIAN_POINT('',(-0.0209957123820717,0.00146657707250284,-0.00674168803762798));
#6897=CARTESIAN_POINT('',(-0.0214638991448826,0.00119626931896293,-0.00714236768719553));
#6898=CARTESIAN_POINT('',(-0.0209957123820717,0.00146657707250285,-0.0142002935438215));
#6899=CARTESIAN_POINT('',(-0.0214638991448826,0.00119626931896293,-0.0137996138942539));
#6900=CARTESIAN_POINT('',(-0.025353333702243,-0.00104929676972449,-0.0104709907907247));
#6901=CARTESIAN_POINT('',(-0.022103333702243,-0.00667846189432334,-0.0104709907907247));
#6902=CARTESIAN_POINT('',(-0.0229693591060274,-0.00717846189432334,-0.0104709907907247));
#6903=CARTESIAN_POINT('',(-0.021853333702243,-0.00711147459621556,-0.0104709907907247));
#6904=CARTESIAN_POINT('',(-0.0227193591060274,-0.00761147459621556,-0.0104709907907247));
#6905=CARTESIAN_POINT('',(-0.025353333702243,-0.0010492967697245,-0.00300099079072475));
#6906=CARTESIAN_POINT('',(-0.021588662798658,0.00112423698987063,-0.00300099079072475));
#6907=CARTESIAN_POINT('',(-0.0291180046058279,-0.00322283052931962,-0.00300099079072475));
#6908=CARTESIAN_POINT('',(-0.0289057401266779,-0.00310027957514292,-0.00579643959118986));
#6909=CARTESIAN_POINT('',(-0.0297689447713906,-0.00359865100913357,-0.00466056327939422));
#6910=CARTESIAN_POINT('',(-0.0285464752825348,-0.00289285792066655,-0.00626919008972181));
#6911=CARTESIAN_POINT('',(-0.0218009272778081,0.00100168603569392,-0.00579643959118986));
#6912=CARTESIAN_POINT('',(-0.0209377226330953,0.00150005746968459,-0.00466056327939422));
#6913=CARTESIAN_POINT('',(-0.0221601921219512,0.000794264381217558,-0.0062691900897218));
#6914=CARTESIAN_POINT('',(-0.025353333702243,-0.00104929676972449,-0.0179409907907247));
#6915=CARTESIAN_POINT('',(-0.021588662798658,0.00112423698987064,-0.0179409907907247));
#6916=CARTESIAN_POINT('',(-0.0291180046058279,-0.00322283052931961,-0.0179409907907247));
#6917=CARTESIAN_POINT('',(-0.0218009272778081,0.00100168603569393,-0.0151455419902597));
#6918=CARTESIAN_POINT('',(-0.0209377226330953,0.00150005746968459,-0.0162814183020553));
#6919=CARTESIAN_POINT('',(-0.0221601921219511,0.000794264381217568,-0.0146727914917277));
#6920=CARTESIAN_POINT('',(-0.0289057401266778,-0.00310027957514291,-0.0151455419902597));
#6921=CARTESIAN_POINT('',(-0.0297689447713906,-0.00359865100913357,-0.0162814183020553));
#6922=CARTESIAN_POINT('',(-0.0285464752825348,-0.00289285792066655,-0.0146727914917277));
#6923=CARTESIAN_POINT('',(-0.0323291683297266,-0.00507679676972449,-0.0104709907907247));
#6924=CARTESIAN_POINT('',(-0.0323291683297266,-0.00507679676972449,-0.00648685820567398));
#6925=CARTESIAN_POINT('',(-0.0323291683297266,-0.00507679676972449,-0.0144551233757755));
#6926=CARTESIAN_POINT('',(-0.0297109550224143,-0.00356517061195183,-0.0142002935438215));
#6927=CARTESIAN_POINT('',(-0.0309474748521114,-0.00427907566848579,-0.0152585215233393));
#6928=CARTESIAN_POINT('',(-0.0292427682596033,-0.0032948628584119,-0.013799613894254));
#6929=CARTESIAN_POINT('',(-0.0297109550224143,-0.00356517061195184,-0.00674168803762798));
#6930=CARTESIAN_POINT('',(-0.0309474748521114,-0.00427907566848579,-0.00568346005811024));
#6931=CARTESIAN_POINT('',(-0.0292427682596033,-0.00329486285841191,-0.00714236768719554));
#6932=CARTESIAN_POINT('',(0.010625,-0.025,0.0316301791369915));
#6933=CARTESIAN_POINT('',(0.0117500000000002,-0.025,0.0316301791369915));
#6934=CARTESIAN_POINT('',(0.0095,-0.025,0.0316301791369915));
#6935=CARTESIAN_POINT('',(0.0095,-0.025,0.0356900895684958));
#6936=CARTESIAN_POINT('',(0.0095,-0.025,0.03975));
#6937=CARTESIAN_POINT('',(0.010625,-0.025,0.03975));
#6938=CARTESIAN_POINT('',(0.01175,-0.025,0.03975));
#6939=CARTESIAN_POINT('',(0.01175,-0.025,0.0356900895684958));
#6940=CARTESIAN_POINT('',(-0.0095,-0.025,0.0356900895684958));
#6941=CARTESIAN_POINT('',(-0.0095,-0.025,0.03975));
#6942=CARTESIAN_POINT('',(-0.0095,-0.025,0.0316301791369915));
#6943=CARTESIAN_POINT('',(-0.010625,-0.025,0.0316301791369915));
#6944=CARTESIAN_POINT('',(-0.0117499999999998,-0.025,0.0316301791369915));
#6945=CARTESIAN_POINT('',(-0.01175,-0.025,0.0356900895684958));
#6946=CARTESIAN_POINT('',(-0.01175,-0.025,0.03975));
#6947=CARTESIAN_POINT('',(-0.010625,-0.025,0.03975));
#6948=CARTESIAN_POINT('',(-0.00675,-0.025,0.048361522368915));
#6949=CARTESIAN_POINT('',(-0.00875,-0.025,0.048361522368915));
#6950=CARTESIAN_POINT('',(-0.00475,-0.025,0.048361522368915));
#6951=CARTESIAN_POINT('',(-0.003625,-0.025,0.0473057611844575));
#6952=CARTESIAN_POINT('',(-0.0025,-0.025,0.04625));
#6953=CARTESIAN_POINT('',(-0.00525,-0.025,0.04625));
#6954=CARTESIAN_POINT('',(-0.008,-0.025,0.04625));
#6955=CARTESIAN_POINT('',(-0.008,-0.025,0.04475));
#6956=CARTESIAN_POINT('',(-0.0095,-0.025,0.04475));
#6957=CARTESIAN_POINT('',(-0.010625,-0.025,0.0450557611844575));
#6958=CARTESIAN_POINT('',(-0.01175,-0.025,0.045361522368915));
#6959=CARTESIAN_POINT('',(-0.00875,-0.025,0.045361522368915));
#6960=CARTESIAN_POINT('',(0.00875,-0.025,0.0453615223689151));
#6961=CARTESIAN_POINT('',(0.00875,-0.025,0.048361522368915));
#6962=CARTESIAN_POINT('',(0.01175,-0.025,0.045361522368915));
#6963=CARTESIAN_POINT('',(0.010625,-0.025,0.0450557611844575));
#6964=CARTESIAN_POINT('',(0.0095,-0.025,0.04475));
#6965=CARTESIAN_POINT('',(0.008,-0.025,0.04475));
#6966=CARTESIAN_POINT('',(0.008,-0.025,0.04625));
#6967=CARTESIAN_POINT('',(0.00525,-0.025,0.04625));
#6968=CARTESIAN_POINT('',(0.0025,-0.025,0.04625));
#6969=CARTESIAN_POINT('',(0.003625,-0.025,0.0473057611844575));
#6970=CARTESIAN_POINT('',(0.00475,-0.025,0.048361522368915));
#6971=CARTESIAN_POINT('',(0.00675,-0.025,0.048361522368915));
#6972=CARTESIAN_POINT('',(-0.0118660254037844,-0.00425,0.023));
#6973=CARTESIAN_POINT('',(-0.0118660254037844,-0.006,0.023));
#6974=CARTESIAN_POINT('',(0.0121383583173156,-0.00425,0.023));
#6975=CARTESIAN_POINT('',(0.0121383583173156,-0.006,0.023));
#6976=CARTESIAN_POINT('',(-1.60254037844479E-5,-0.006,0.023));
#6977=CARTESIAN_POINT('',(-1.60254037844479E-5,-0.006,0.023));
#6978=CARTESIAN_POINT('',(0.0121383583173156,-0.006,0.023));
#6979=CARTESIAN_POINT('',(0.0121383583173156,-0.00425,0.023));
#6980=CARTESIAN_POINT('',(0.0121383583173156,-0.00425,-0.002));
#6981=CARTESIAN_POINT('',(2.73550695997962E-19,-0.0075,-0.002));
#6982=CARTESIAN_POINT('',(0.021,0.00438968270171823,-0.0225));
#6983=CARTESIAN_POINT('',(-0.044,0.00438968270171826,-0.0225));
#6984=CARTESIAN_POINT('',(0.0145,0.00438968270171823,0.0129));
#6985=CARTESIAN_POINT('',(-0.0145,0.00438968270171823,0.03405));
#6986=CARTESIAN_POINT('',(-0.0252917744547214,-0.00101375552159677,-0.0179706539350751));
#6987=CARTESIAN_POINT('',(-0.021978333702243,-0.00689496824526945,-0.012971159232735));
#6988=CARTESIAN_POINT('',(-0.0318211086287572,-0.00478346836460543,-0.00978262315643525));
#6989=CARTESIAN_POINT('',(-0.0241572145405281,-0.0081529456837855,-0.0104709907907247));
#6990=CARTESIAN_POINT('',(-0.0254148929497646,-0.0010848380178522,-0.0179706539350751));
#6991=CARTESIAN_POINT('',(-0.0188855587757287,0.00268487482515646,-0.0111593584250142));
#6992=CARTESIAN_POINT('',(-0.0197994528639579,-0.00563699080675341,-0.0104709907907247));
#6993=CARTESIAN_POINT('',(-0.0188855587757287,0.00268487482515646,-0.00978262315643524));
#6994=CARTESIAN_POINT('',(-0.0252917744547214,-0.00101375552159678,-0.00297132764637445));
#6995=CARTESIAN_POINT('',(-0.021978333702243,-0.00689496824526947,-0.00797082234871449));
#6996=CARTESIAN_POINT('',(-0.0254148929497646,-0.00108483801785221,-0.00297132764637445));
#6997=CARTESIAN_POINT('',(-0.0318211086287572,-0.00478346836460543,-0.0111593584250142));
#6998=CARTESIAN_POINT('',(-0.022103333702243,-0.00667846189432334,-0.0104709907907247));
#6999=CARTESIAN_POINT('',(-0.021853333702243,-0.00711147459621556,-0.0104709907907247));
#7000=CARTESIAN_POINT('',(0.0188755256617998,0.00269066744618407,-0.00978170384608272));
#7001=CARTESIAN_POINT('',(0.019789368705236,-0.00563116871500081,-0.0104704953953624));
#7002=CARTESIAN_POINT('',(0.0188755256617998,0.00269066744618407,-0.011159286944642));
#7003=CARTESIAN_POINT('',(0.0252822917645529,-0.00100828068787539,-0.00297082588687501));
#7004=CARTESIAN_POINT('',(0.0219682667397366,-0.00688915608175647,-0.00797033013595162));
#7005=CARTESIAN_POINT('',(0.0254042417149203,-0.00107868852454766,-0.00297082588687501));
#7006=CARTESIAN_POINT('',(0.0318110078176734,-0.00477763665860712,-0.00978170384608273));
#7007=CARTESIAN_POINT('',(0.0241471647742372,-0.00814714344851216,-0.0104704953953624));
#7008=CARTESIAN_POINT('',(0.0318110078176734,-0.00477763665860712,-0.011159286944642));
#7009=CARTESIAN_POINT('',(0.0254042417149203,-0.00107868852454766,-0.0179701649038497));
#7010=CARTESIAN_POINT('',(0.0219682667397366,-0.00688915608175649,-0.0129706606547731));
#7011=CARTESIAN_POINT('',(0.0252822917645529,-0.00100828068787539,-0.0179701649038497));
#7012=CARTESIAN_POINT('',(0.0220932667397366,-0.00667264973081038,-0.0104704953953624));
#7013=CARTESIAN_POINT('',(0.0218432667397366,-0.0071056624327026,-0.0104704953953624));
#7014=CARTESIAN_POINT('',(0.0215774179992625,0.00113072917782859,-0.0169409907907247));
#7015=CARTESIAN_POINT('',(0.0291091154802107,-0.00321769839025164,-0.0169409907907247));
#7016=CARTESIAN_POINT('',(0.0314544826719044,-0.00457179676972449,-0.0144552636734883));
#7017=CARTESIAN_POINT('',(0.0314544826719044,-0.0045717967697245,-0.00648572711723641));
#7018=CARTESIAN_POINT('',(0.0291091154802107,-0.00321769839025163,-0.004));
#7019=CARTESIAN_POINT('',(0.0215774179992625,0.00113072917782859,-0.004));
#7020=CARTESIAN_POINT('',(-0.021588662798658,0.00112423698987064,-0.0169409907907247));
#7021=CARTESIAN_POINT('',(-0.021588662798658,0.00112423698987063,-0.00400099079072474));
#7022=CARTESIAN_POINT('',(-0.0291180046058279,-0.00322283052931962,-0.00400099079072475));
#7023=CARTESIAN_POINT('',(-0.0314631429259422,-0.00457679676972449,-0.00648685820567398));
#7024=CARTESIAN_POINT('',(-0.0314631429259422,-0.00457679676972449,-0.0144551233757755));
#7025=CARTESIAN_POINT('',(-0.0291180046058279,-0.00322283052931961,-0.0169409907907247));
#7026=CARTESIAN_POINT('',(0.00885714285714286,0.000969229955832363,0.0128671428571429));
#7027=CARTESIAN_POINT('',(0.0374406986040721,-0.0155334936490539,0.0414506986040721));
#7028=CARTESIAN_POINT('',(0.00885714285714286,0.0018352553596168,0.0133671428571429));
#7029=CARTESIAN_POINT('',(-0.0157142857142857,-0.00298974331861079,0.0197242857142857));
#7030=CARTESIAN_POINT('',(-0.0374406986040721,-0.0155334936490539,0.0414506986040721));
#7031=CARTESIAN_POINT('',(0.0341506350946109,-0.0155,0.014));
#7032=CARTESIAN_POINT('',(0.0341506350946109,-0.0155,0.0408926859021798));
#7033=CARTESIAN_POINT('',(0.032735442454454,-0.0159972220743748,0.0410362215514235));
#7034=CARTESIAN_POINT('',(0.032735442454454,-0.0159972220743748,0.014));
#7035=CARTESIAN_POINT('',(-0.0341506350946109,-0.0155,0.0565590092092752));
#7036=CARTESIAN_POINT('',(-0.032735442454454,-0.0159972220743748,0.0565590092092752));
#7037=CARTESIAN_POINT('',(-0.032735442454454,-0.0159972220743748,0.0410362215514235));
#7038=CARTESIAN_POINT('',(-0.0341506350946109,-0.0155,0.0408926859021798));
#7039=CARTESIAN_POINT('',(-0.0278294413019099,-0.0177209252655408,0.0565590092092752));
#7040=CARTESIAN_POINT('',(-0.0278294413019099,-0.0177209252655408,0.0447394413019099));
#7041=CARTESIAN_POINT('',(-0.0306500017085226,-0.0133523512427447,0.020869601689145));
#7042=CARTESIAN_POINT('',(0.0278294413019099,-0.0177209252655408,0.014));
#7043=CARTESIAN_POINT('',(0.0278294413019099,-0.0177209252655408,0.0447394413019099));
#7044=CARTESIAN_POINT('',(0.0306500017085226,-0.0133523512427447,-0.0189409907907248));
#7045=CARTESIAN_POINT('',(0.0156428571428571,-0.00323717914826349,0.0196528571428571));
#7046=CARTESIAN_POINT('',(0.0310544413019099,-0.0121350614111311,0.0350644413019099));
#7047=CARTESIAN_POINT('',(0.0339147696545848,-0.0145003385909986,0.0416612215514235));
#7048=CARTESIAN_POINT('',(0.0322605688942163,-0.0146456377379422,0.0419128870562263));
#7049=CARTESIAN_POINT('',(0.032735442454454,-0.0159972220743748,0.0410362215514235));
#7050=CARTESIAN_POINT('',(0.0336620072864494,-0.0137809267596681,0.0404151637079928));
#7051=CARTESIAN_POINT('',(0.0318227297556966,-0.0139475082080056,0.0407036912401132));
#7052=CARTESIAN_POINT('',(0.0325316650413763,-0.0154172311405846,0.0397901637079931));
#7053=CARTESIAN_POINT('',(0.0328986983398744,-0.0124328995546277,0.0380803120988778));
#7054=CARTESIAN_POINT('',(0.0305596361182307,-0.0126993801138724,0.0385418699667271));
#7055=CARTESIAN_POINT('',(0.0319162841852331,-0.014330449517921,0.0374553120988797));
#7056=CARTESIAN_POINT('',(0.0317148060877996,-0.0114337914432935,0.0363498060877929));
#7057=CARTESIAN_POINT('',(0.0291534756790842,-0.0122128112188491,0.0376991079191347));
#7058=CARTESIAN_POINT('',(0.0309618284161168,-0.0135249670095622,0.0357248060877891));
#7059=CARTESIAN_POINT('',(0.0310544413019099,-0.0110525296564006,0.0356894413019099));
#7060=CARTESIAN_POINT('',(0.0285544413019099,-0.0121350614111312,0.0375644413019099));
#7061=CARTESIAN_POINT('',(0.0304294413019099,-0.0132175931658617,0.0350644413019099));
#7062=CARTESIAN_POINT('',(0.0339147696545848,-0.0155828703457292,0.0410362215514235));
#7063=CARTESIAN_POINT('',(0.032735442454454,-0.0159972220743748,0.0410362215514235));
#7064=CARTESIAN_POINT('',(0.0322605688942163,-0.0146456377379422,0.0419128870562263));
#7065=CARTESIAN_POINT('',(0.0339147696545848,-0.0145003385909986,0.0416612215514235));
#7066=CARTESIAN_POINT('',(0.0327865289074409,-0.0161426242518016,0.0410781955445291));
#7067=CARTESIAN_POINT('',(0.0321260968385069,-0.0147347144999173,0.0420671725337412));
#7068=CARTESIAN_POINT('',(0.0339232840634713,-0.014524572287217,0.041703195544529));
#7069=CARTESIAN_POINT('',(0.0329338599896324,-0.0164175432740371,0.0411575578303275));
#7070=CARTESIAN_POINT('',(0.031832709453325,-0.0149559368209728,0.0424503408335772));
#7071=CARTESIAN_POINT('',(0.0339478392437548,-0.0145703921242863,0.0417825578303275));
#7072=CARTESIAN_POINT('',(0.0332136329447804,-0.0166890781058357,0.041235943184417));
#7073=CARTESIAN_POINT('',(0.0315174801153961,-0.0153778002800223,0.0431810297785079));
#7074=CARTESIAN_POINT('',(0.0339944680696425,-0.0146156479295704,0.041860943184417));
#7075=CARTESIAN_POINT('',(0.0334789116453588,-0.0168478327945754,0.0412817717155772));
#7076=CARTESIAN_POINT('',(0.0315123002741874,-0.0158891471654085,0.0440667085642887));
#7077=CARTESIAN_POINT('',(0.0340386811864016,-0.0146421070443723,0.0419067717155772));
#7078=CARTESIAN_POINT('',(0.0336937690751057,-0.0169349782748889,0.0413069284487797));
#7079=CARTESIAN_POINT('',(0.0318337746191915,-0.0163801732771897,0.0449171907377368));
#7080=CARTESIAN_POINT('',(0.0340744907580269,-0.0146566312910587,0.0419319284487797));
#7081=CARTESIAN_POINT('',(0.0339194633706106,-0.0169881003241139,0.0413222634636992));
#7082=CARTESIAN_POINT('',(0.0327152848142622,-0.0168583510303456,0.045745418901252));
#7083=CARTESIAN_POINT('',(0.0341121064739442,-0.0146654849660505,0.0419472634636992));
#7084=CARTESIAN_POINT('',(0.0340735769944488,-0.017,0.0413256986037162));
#7085=CARTESIAN_POINT('',(0.0336584600689275,-0.0169999997120159,0.0459907616147302));
#7086=CARTESIAN_POINT('',(0.0341377920779172,-0.014667468245064,0.0419506986037162));
#7087=CARTESIAN_POINT('',(0.0341506350946109,-0.017,0.0413256986040721));
#7088=CARTESIAN_POINT('',(0.0341506350946109,-0.017,0.0459907621135332));
#7089=CARTESIAN_POINT('',(0.0341506350946109,-0.0146674682452695,0.0419506986040721));
#7090=CARTESIAN_POINT('',(0.0341506350946109,-0.01575,0.0413256986040721));
#7091=CARTESIAN_POINT('',(3.46944695195361E-18,-0.01575,0.0413256986040721));
#7092=CARTESIAN_POINT('',(0.0373156986040721,-0.01575,0.0413256986040721));
#7093=CARTESIAN_POINT('',(0.0374406986040721,-0.0146674682452694,0.041950698604072));
#7094=CARTESIAN_POINT('',(0.0377264128897864,-0.0145437503304431,0.0417364128897863));
#7095=CARTESIAN_POINT('',(0.0379406986040722,-0.0146674682452695,0.041450698604072));
#7096=CARTESIAN_POINT('',(0.0374643158551757,-0.0147356453769524,0.0420687848600612));
#7097=CARTESIAN_POINT('',(0.0378220163200016,-0.0145669152387053,0.0418320163200009));
#7098=CARTESIAN_POINT('',(0.0380587848600614,-0.0147356453769525,0.0414743158551757));
#7099=CARTESIAN_POINT('',(0.0375070426967679,-0.014910973284265,0.0422824190673323));
#7100=CARTESIAN_POINT('',(0.0380330989228919,-0.0146413219545015,0.0420430989228921));
#7101=CARTESIAN_POINT('',(0.0382724190673324,-0.0149109732842651,0.0415170426967678));
#7102=CARTESIAN_POINT('',(0.0375508281141999,-0.0152630318263932,0.0425013461547696));
#7103=CARTESIAN_POINT('',(0.0383806964314959,-0.0149443299883521,0.0423906964314957));
#7104=CARTESIAN_POINT('',(0.0384913461547697,-0.0152630318263933,0.0415608281141999));
#7105=CARTESIAN_POINT('',(0.0375696557696321,-0.0156667736674239,0.0425954844318561));
#7106=CARTESIAN_POINT('',(0.0386203933098963,-0.015590622344715,0.0426303933098963));
#7107=CARTESIAN_POINT('',(0.0385854844318562,-0.0156667736674239,0.041579655769632));
#7108=CARTESIAN_POINT('',(0.0375615288165624,-0.0160793500346851,0.0425548496665276));
#7109=CARTESIAN_POINT('',(0.0385061799671819,-0.0163391172032989,0.0425161799671818));
#7110=CARTESIAN_POINT('',(0.0385448496665277,-0.016079350034685,0.0415715288165623));
#7111=CARTESIAN_POINT('',(0.0375273093279847,-0.0164569690321046,0.0423837522236337));
#7112=CARTESIAN_POINT('',(0.0381701996641512,-0.0167710527073415,0.0421801996641514));
#7113=CARTESIAN_POINT('',(0.0383737522236338,-0.0164569690321045,0.0415373093279846));
#7114=CARTESIAN_POINT('',(0.0374706299143854,-0.0167595505845435,0.0421003551556389));
#7115=CARTESIAN_POINT('',(0.0378430645656936,-0.016936936501489,0.0418530645656923));
#7116=CARTESIAN_POINT('',(0.0380903551556391,-0.0167595505845434,0.0414806299143854));
#7117=CARTESIAN_POINT('',(0.0373975047824194,-0.0169549786819057,0.0417347294958082));
#7118=CARTESIAN_POINT('',(0.0375656393662309,-0.0169915572597785,0.0415756393662346));
#7119=CARTESIAN_POINT('',(0.0377247294958084,-0.0169549786819056,0.0414075047824193));
#7120=CARTESIAN_POINT('',(0.0373429694463561,-0.017,0.0414620528154922));
#7121=CARTESIAN_POINT('',(0.0373975110219075,-0.0170000000011249,0.0414075110218992));
#7122=CARTESIAN_POINT('',(0.0374520528154924,-0.017,0.0413529694463561));
#7123=CARTESIAN_POINT('',(0.0373156986040721,-0.017,0.0413256986040721));
#7124=CARTESIAN_POINT('',(0.0373156986040722,-0.017,0.0413256986040721));
#7125=CARTESIAN_POINT('',(0.0373156986040723,-0.017,0.0413256986040721));
#7126=CARTESIAN_POINT('',(0.0373156986040721,-0.01575,0.0413256986040721));
#7127=CARTESIAN_POINT('',(0.0373156986040721,-0.01575,0.02001));
#7128=CARTESIAN_POINT('',(-0.00878571428571429,0.000721794126179666,0.0127957142857143));
#7129=CARTESIAN_POINT('',(-0.0310544413019099,-0.0121350614111312,0.0350644413019099));
#7130=CARTESIAN_POINT('',(-0.0310544413019099,-0.0110525296564006,0.0356894413019099));
#7131=CARTESIAN_POINT('',(-0.0285544413019099,-0.0121350614111312,0.0375644413019099));
#7132=CARTESIAN_POINT('',(-0.0304294413019099,-0.0132175931658617,0.0350644413019099));
#7133=CARTESIAN_POINT('',(-0.0317148060878032,-0.0114337914432933,0.0363498060877925));
#7134=CARTESIAN_POINT('',(-0.0291534756790852,-0.0122128112188376,0.0376991079191441));
#7135=CARTESIAN_POINT('',(-0.0309618284161174,-0.0135249670095625,0.0357248060877909));
#7136=CARTESIAN_POINT('',(-0.0328986983398795,-0.0124328995546282,0.0380803120988787));
#7137=CARTESIAN_POINT('',(-0.0305596361182602,-0.012699380113878,0.0385418699667318));
#7138=CARTESIAN_POINT('',(-0.0319162841852311,-0.014330449517916,0.0374553120988804));
#7139=CARTESIAN_POINT('',(-0.0336620072864355,-0.0137809267596673,0.0404151637079915));
#7140=CARTESIAN_POINT('',(-0.031822729755654,-0.0139475082080135,0.040703691240115));
#7141=CARTESIAN_POINT('',(-0.0325316650413798,-0.0154172311405943,0.0397901637079898));
#7142=CARTESIAN_POINT('',(-0.0339147696545848,-0.0145003385909986,0.0416612215514235));
#7143=CARTESIAN_POINT('',(-0.0322605688942163,-0.0146456377379422,0.0419128870562263));
#7144=CARTESIAN_POINT('',(-0.032735442454454,-0.0159972220743748,0.0410362215514235));
#7145=CARTESIAN_POINT('',(-0.0339147696545848,-0.0155828703457292,0.0410362215514235));
#7146=CARTESIAN_POINT('',(-0.0341506350946109,-0.017,0.0413256986040721));
#7147=CARTESIAN_POINT('',(-0.0341506350946109,-0.017,0.0459907621135332));
#7148=CARTESIAN_POINT('',(-0.0341506350946109,-0.0146674682452695,0.0419506986040721));
#7149=CARTESIAN_POINT('',(-0.0340735769944488,-0.017,0.0413256986037162));
#7150=CARTESIAN_POINT('',(-0.0336584600689275,-0.0169999997120159,0.0459907616147302));
#7151=CARTESIAN_POINT('',(-0.0341377920779172,-0.014667468245064,0.0419506986037162));
#7152=CARTESIAN_POINT('',(-0.0339194633706106,-0.0169881003241139,0.0413222634636992));
#7153=CARTESIAN_POINT('',(-0.0327152848142622,-0.0168583510303456,0.045745418901252));
#7154=CARTESIAN_POINT('',(-0.0341121064739442,-0.0146654849660505,0.0419472634636992));
#7155=CARTESIAN_POINT('',(-0.0336937690751057,-0.0169349782748889,0.0413069284487797));
#7156=CARTESIAN_POINT('',(-0.0318337746191915,-0.0163801732771897,0.0449171907377368));
#7157=CARTESIAN_POINT('',(-0.0340744907580269,-0.0146566312910587,0.0419319284487797));
#7158=CARTESIAN_POINT('',(-0.0334789116453588,-0.0168478327945755,0.0412817717155772));
#7159=CARTESIAN_POINT('',(-0.0315123002741874,-0.0158891471654085,0.0440667085642887));
#7160=CARTESIAN_POINT('',(-0.0340386811864016,-0.0146421070443723,0.0419067717155772));
#7161=CARTESIAN_POINT('',(-0.0332136329447804,-0.0166890781058357,0.041235943184417));
#7162=CARTESIAN_POINT('',(-0.0315174801153961,-0.0153778002800223,0.0431810297785079));
#7163=CARTESIAN_POINT('',(-0.0339944680696425,-0.0146156479295704,0.041860943184417));
#7164=CARTESIAN_POINT('',(-0.0329338599896324,-0.0164175432740371,0.0411575578303275));
#7165=CARTESIAN_POINT('',(-0.031832709453325,-0.0149559368209728,0.0424503408335772));
#7166=CARTESIAN_POINT('',(-0.0339478392437548,-0.0145703921242863,0.0417825578303275));
#7167=CARTESIAN_POINT('',(-0.0327865289074409,-0.0161426242518016,0.0410781955445291));
#7168=CARTESIAN_POINT('',(-0.0321260968385069,-0.0147347144999173,0.0420671725337412));
#7169=CARTESIAN_POINT('',(-0.0339232840634713,-0.014524572287217,0.041703195544529));
#7170=CARTESIAN_POINT('',(-0.032735442454454,-0.0159972220743748,0.0410362215514235));
#7171=CARTESIAN_POINT('',(-0.0322605688942163,-0.0146456377379422,0.0419128870562263));
#7172=CARTESIAN_POINT('',(-0.0339147696545848,-0.0145003385909986,0.0416612215514235));
#7173=CARTESIAN_POINT('',(-0.0341506350946109,-0.01575,0.0413256986040721));
#7174=CARTESIAN_POINT('',(3.46944695195361E-18,-0.01575,0.0413256986040721));
#7175=CARTESIAN_POINT('',(-0.0373156986040721,-0.01575,0.0413256986040721));
#7176=CARTESIAN_POINT('',(-0.0373156986040721,-0.017,0.0413256986040721));
#7177=CARTESIAN_POINT('',(-0.0373156986040721,-0.017,0.0413256986040721));
#7178=CARTESIAN_POINT('',(-0.0373156986040721,-0.017,0.0413256986040721));
#7179=CARTESIAN_POINT('',(-0.0373429694463561,-0.017,0.0414620528154922));
#7180=CARTESIAN_POINT('',(-0.037397511021903,-0.0170000000012129,0.0414075110219033));
#7181=CARTESIAN_POINT('',(-0.0374520528154922,-0.017,0.0413529694463561));
#7182=CARTESIAN_POINT('',(-0.0373975047824193,-0.0169549786819057,0.0417347294958082));
#7183=CARTESIAN_POINT('',(-0.0375656393662328,-0.0169915572597369,0.0415756393662327));
#7184=CARTESIAN_POINT('',(-0.0377247294958082,-0.0169549786819057,0.0414075047824193));
#7185=CARTESIAN_POINT('',(-0.0374706299143854,-0.0167595505845435,0.042100355155639));
#7186=CARTESIAN_POINT('',(-0.0378430645656928,-0.016936936501501,0.0418530645656929));
#7187=CARTESIAN_POINT('',(-0.038090355155639,-0.0167595505845435,0.0414806299143854));
#7188=CARTESIAN_POINT('',(-0.0375273093279846,-0.0164569690321046,0.0423837522236337));
#7189=CARTESIAN_POINT('',(-0.0381701996641512,-0.0167710527073379,0.0421801996641512));
#7190=CARTESIAN_POINT('',(-0.0383737522236337,-0.0164569690321046,0.0415373093279846));
#7191=CARTESIAN_POINT('',(-0.0375615288165623,-0.0160793500346851,0.0425548496665276));
#7192=CARTESIAN_POINT('',(-0.0385061799671818,-0.0163391172033001,0.0425161799671818));
#7193=CARTESIAN_POINT('',(-0.0385448496665276,-0.0160793500346851,0.0415715288165623));
#7194=CARTESIAN_POINT('',(-0.037569655769632,-0.0156667736674239,0.0425954844318562));
#7195=CARTESIAN_POINT('',(-0.0386203933098963,-0.0155906223447147,0.0426303933098963));
#7196=CARTESIAN_POINT('',(-0.0385854844318562,-0.0156667736674239,0.041579655769632));
#7197=CARTESIAN_POINT('',(-0.0375508281141998,-0.0152630318263932,0.0425013461547696));
#7198=CARTESIAN_POINT('',(-0.0383806964314958,-0.0149443299883522,0.0423906964314957));
#7199=CARTESIAN_POINT('',(-0.0384913461547696,-0.0152630318263932,0.0415608281141998));
#7200=CARTESIAN_POINT('',(-0.0375070426967678,-0.0149109732842651,0.0422824190673325));
#7201=CARTESIAN_POINT('',(-0.0380330989228919,-0.0146413219545015,0.0420430989228922));
#7202=CARTESIAN_POINT('',(-0.0382724190673323,-0.0149109732842651,0.0415170426967678));
#7203=CARTESIAN_POINT('',(-0.0374643158551757,-0.0147356453769522,0.0420687848600609));
#7204=CARTESIAN_POINT('',(-0.0378220163200015,-0.0145669152387054,0.0418320163200008));
#7205=CARTESIAN_POINT('',(-0.0380587848600613,-0.0147356453769524,0.0414743158551757));
#7206=CARTESIAN_POINT('',(-0.0374406986040721,-0.0146674682452695,0.0419506986040721));
#7207=CARTESIAN_POINT('',(-0.0377264128897863,-0.0145437503304431,0.0417364128897863));
#7208=CARTESIAN_POINT('',(-0.0379406986040721,-0.0146674682452695,0.0414506986040721));
#7209=CARTESIAN_POINT('',(-0.0373156986040721,-0.01575,0.0413256986040721));
#7210=CARTESIAN_POINT('',(-0.0373156986040721,-0.01575,0.014));
#7211=CARTESIAN_POINT('',(-0.030012917089732,-0.0124877813714499,0.0205926920704511));
#7212=CARTESIAN_POINT('',(-0.0303911826634201,-0.0123864254164556,0.020869601689145));
#7213=CARTESIAN_POINT('',(-0.030012917089732,-0.0124877813714499,0.0205926920704511));
#7214=CARTESIAN_POINT('',(-0.0303911826634201,-0.0123864254164556,0.020869601689145));
#7215=CARTESIAN_POINT('',(-0.0303999576208043,-0.0123840741737109,-0.0189409907907248));
#7216=CARTESIAN_POINT('',(0.0309088207536251,-0.0123864254164556,-0.0189409907907248));
#7217=CARTESIAN_POINT('',(0.0309088207536251,-0.0123864254164556,0.020869601689145));
#7218=CARTESIAN_POINT('',(0.012787243836144,-0.0172420873170732,0.00760368667228138));
#7219=CARTESIAN_POINT('',(0.012787243836144,-0.0172420873170732,0.00760368667228138));
#7220=CARTESIAN_POINT('',(0.0309175957110093,-0.0123840741737109,-0.0189409907907248));
#7221=CARTESIAN_POINT('',(0.0168,-0.002,0.014));
#7222=CARTESIAN_POINT('',(0.0168,-0.002,0.014));
#7223=CARTESIAN_POINT('',(0.0168,-0.002,0.02001));
#7224=CARTESIAN_POINT('',(0.0168,-0.002,0.02001));
#7225=CARTESIAN_POINT('',(0.0168,-0.00222470619948581,0.0203992025542851));
#7226=CARTESIAN_POINT('',(0.0168,-0.00222470619948581,0.0203992025542851));
#7227=CARTESIAN_POINT('',(0.0168,-0.00155786663857179,0.0207842025542851));
#7228=CARTESIAN_POINT('',(-0.0151660254037844,-0.00155786663857179,0.0207842025542851));
#7229=CARTESIAN_POINT('',(-0.0151660254037844,-0.0025,0.014));
#7230=MECHANICAL_DESIGN_GEOMETRIC_PRESENTATION_REPRESENTATION('',(#4257),
#7231);
#7231=(
GEOMETRIC_REPRESENTATION_CONTEXT(3)
GLOBAL_UNCERTAINTY_ASSIGNED_CONTEXT((#7232))
GLOBAL_UNIT_ASSIGNED_CONTEXT((#7235,#7234,#7233))
REPRESENTATION_CONTEXT('Part 1','TOP_LEVEL_ASSEMBLY_PART')
);
#7232=UNCERTAINTY_MEASURE_WITH_UNIT(LENGTH_MEASURE(2.88844626206511E-5),
#7235,'DISTANCE_ACCURACY_VALUE','Maximum Tolerance applied to model');
#7233=(
NAMED_UNIT(*)
SI_UNIT($,.STERADIAN.)
SOLID_ANGLE_UNIT()
);
#7234=(
NAMED_UNIT(*)
PLANE_ANGLE_UNIT()
SI_UNIT($,.RADIAN.)
);
#7235=(
LENGTH_UNIT()
NAMED_UNIT(*)
SI_UNIT($,.METRE.)
);
#7236=PRODUCT_DEFINITION_SHAPE('','',#7237);
#7237=PRODUCT_DEFINITION('','',#7239,#7238);
#7238=PRODUCT_DEFINITION_CONTEXT('',#7245,'design');
#7239=PRODUCT_DEFINITION_FORMATION_WITH_SPECIFIED_SOURCE('','',#7241,
 .NOT_KNOWN.);
#7240=PRODUCT_RELATED_PRODUCT_CATEGORY('','',(#7241));
#7241=PRODUCT('Part 1','Part 1','Part 1',(#7243));
#7242=PRODUCT_CATEGORY('','');
#7243=PRODUCT_CONTEXT('',#7245,'mechanical');
#7244=APPLICATION_PROTOCOL_DEFINITION('international standard',
'ap242_managed_model_based_3d_engineering',2020,#7245);
#7245=APPLICATION_CONTEXT('managed model based 3d engineering');
ENDSEC;
END-ISO-10303-21;
