ISO-10303-21;
HEADER;
/* Generated by software containing ST-Developer
 * from STEP Tools, Inc. (www.steptools.com) 
 */
/* OPTION: using custom renumber hook */

FILE_DESCRIPTION(
/* description */ ('STEP AP242 Edition 2',
'CAx-IF Rec.Pracs.---Representation and Presentation of Product Manufa
cturing Information (PMI)---4.0---2014-10-13',
'CAx-IF Rec.Pracs.---3D Tessellated Geometry---0.4---2014-09-14','2;1',
'CAx-IF Rec.Pracs.---User Defined Attributes---1.5---2016-08-15'),
/* implementation_level */ '2;1');

FILE_NAME(
/* name */ 'Part Studio 1',
/* time_stamp */ '2026-09-08T15:49:57Z',
/* author */ (''),
/* organization */ (''),
/* preprocessor_version */ 'ST-DEVELOPER v20',
/* originating_system */ 'ONSHAPE BY PTC INC, 1.220',
/* authorisation */ '  ');

FILE_SCHEMA (('AP242_MANAGED_MODEL_BASED_3D_ENGINEERING_MIM_LF { 1 0 10303 442 3 1 4 }'));
ENDSEC;

DATA;
#10=SHAPE_REPRESENTATION_RELATIONSHIP('','',#3096,#11);
#11=ADVANCED_BREP_SHAPE_REPRESENTATION('',(#3094),#5138);
#12=ELLIPSE('',#3127,0.00707106781186548,0.005);
#13=ELLIPSE('',#3130,0.00707106781186548,0.005);
#14=ELLIPSE('',#3256,0.00707106781186547,0.005);
#15=ELLIPSE('',#3272,0.00707106781186547,0.005);
#16=B_SPLINE_CURVE_WITH_KNOTS('',3,(#4364,#4365,#4366,#4367),
 .UNSPECIFIED.,.F.,.F.,(4,4),(0.,0.00331600476140614),.UNSPECIFIED.);
#17=B_SPLINE_CURVE_WITH_KNOTS('',3,(#4375,#4376,#4377,#4378),
 .UNSPECIFIED.,.F.,.F.,(4,4),(0.00271385961693267,0.00501100504423021),
 .UNSPECIFIED.);
#18=B_SPLINE_CURVE_WITH_KNOTS('',3,(#4385,#4386,#4387,#4388),
 .UNSPECIFIED.,.F.,.F.,(4,4),(0.00156126264315969,0.00486682549358095),
 .UNSPECIFIED.);
#19=B_SPLINE_CURVE_WITH_KNOTS('',3,(#4390,#4391,#4392,#4393),
 .UNSPECIFIED.,.F.,.F.,(4,4),(0.,0.00230918801946165),.UNSPECIFIED.);
#20=B_SPLINE_CURVE_WITH_KNOTS('',3,(#4406,#4407,#4408,#4409),
 .UNSPECIFIED.,.F.,.F.,(4,4),(0.,0.00233065617417253),.UNSPECIFIED.);
#21=B_SPLINE_CURVE_WITH_KNOTS('',3,(#4410,#4411,#4412,#4413,#4414),
 .UNSPECIFIED.,.F.,.F.,(4,1,4),(0.,0.0025097233122131,0.0050194466244262),
 .UNSPECIFIED.);
#22=B_SPLINE_CURVE_WITH_KNOTS('',3,(#4420,#4421,#4422,#4423),
 .UNSPECIFIED.,.F.,.F.,(4,4),(0.000836518620049405,0.00316557743310649),
 .UNSPECIFIED.);
#23=B_SPLINE_CURVE_WITH_KNOTS('',3,(#4428,#4429,#4430,#4431,#4432),
 .UNSPECIFIED.,.F.,.F.,(4,1,4),(0.,0.00250972331221307,0.00501944662442615),
 .UNSPECIFIED.);
#24=B_SPLINE_CURVE_WITH_KNOTS('',3,(#4779,#4780,#4781,#4782),
 .UNSPECIFIED.,.F.,.F.,(4,4),(0.00271385961693266,0.00501100504423022),
 .UNSPECIFIED.);
#25=B_SPLINE_CURVE_WITH_KNOTS('',3,(#4783,#4784,#4785,#4786),
 .UNSPECIFIED.,.F.,.F.,(4,4),(0.,0.00230918801946163),.UNSPECIFIED.);
#26=B_SPLINE_CURVE_WITH_KNOTS('',3,(#4914,#4915,#4916,#4917),
 .UNSPECIFIED.,.F.,.F.,(4,4),(0.00156126264315965,0.00486682549358094),
 .UNSPECIFIED.);
#27=B_SPLINE_CURVE_WITH_KNOTS('',3,(#4920,#4921,#4922,#4923,#4924),
 .UNSPECIFIED.,.F.,.F.,(4,1,4),(0.,0.00250972331221307,0.00501944662442614),
 .UNSPECIFIED.);
#28=B_SPLINE_CURVE_WITH_KNOTS('',3,(#4927,#4928,#4929,#4930,#4931),
 .UNSPECIFIED.,.F.,.F.,(4,1,4),(0.,0.0025097233122131,0.0050194466244262),
 .UNSPECIFIED.);
#29=B_SPLINE_CURVE_WITH_KNOTS('',3,(#4956,#4957,#4958,#4959),
 .UNSPECIFIED.,.F.,.F.,(4,4),(2.25514051876985E-17,0.00331600476140617),
 .UNSPECIFIED.);
#30=B_SPLINE_CURVE_WITH_KNOTS('',3,(#4961,#4962,#4963,#4964),
 .UNSPECIFIED.,.F.,.F.,(4,4),(0.,0.00233065617417247),.UNSPECIFIED.);
#31=B_SPLINE_CURVE_WITH_KNOTS('',3,(#4966,#4967,#4968,#4969),
 .UNSPECIFIED.,.F.,.F.,(4,4),(0.000836518620049415,0.00316557743310648),
 .UNSPECIFIED.);
#32=CYLINDRICAL_SURFACE('',#3126,0.005);
#33=CYLINDRICAL_SURFACE('',#3129,0.005);
#34=CYLINDRICAL_SURFACE('',#3134,0.0073);
#35=CYLINDRICAL_SURFACE('',#3136,0.0073);
#36=CYLINDRICAL_SURFACE('',#3211,0.0450901442307692);
#37=CYLINDRICAL_SURFACE('',#3212,0.0450901442307692);
#38=CYLINDRICAL_SURFACE('',#3213,0.001075);
#39=CYLINDRICAL_SURFACE('',#3214,0.001075);
#40=CYLINDRICAL_SURFACE('',#3215,0.001075);
#41=CYLINDRICAL_SURFACE('',#3216,0.001075);
#42=CYLINDRICAL_SURFACE('',#3255,0.005);
#43=CYLINDRICAL_SURFACE('',#3257,0.0015);
#44=CYLINDRICAL_SURFACE('',#3258,0.0015);
#45=CYLINDRICAL_SURFACE('',#3259,0.0015);
#46=CYLINDRICAL_SURFACE('',#3260,0.0015);
#47=CYLINDRICAL_SURFACE('',#3265,0.002525);
#48=CYLINDRICAL_SURFACE('',#3271,0.005);
#49=CYLINDRICAL_SURFACE('',#3273,0.0073);
#50=CYLINDRICAL_SURFACE('',#3274,0.0073);
#51=CYLINDRICAL_SURFACE('',#3275,0.005);
#52=CYLINDRICAL_SURFACE('',#3276,0.005);
#53=CYLINDRICAL_SURFACE('',#3277,0.005);
#54=CYLINDRICAL_SURFACE('',#3278,0.005);
#55=CYLINDRICAL_SURFACE('',#3279,0.003);
#56=CYLINDRICAL_SURFACE('',#3280,0.003);
#57=CYLINDRICAL_SURFACE('',#3281,0.003);
#58=CYLINDRICAL_SURFACE('',#3282,0.003);
#59=CYLINDRICAL_SURFACE('',#3283,0.003);
#60=CYLINDRICAL_SURFACE('',#3284,0.003);
#61=CYLINDRICAL_SURFACE('',#3285,0.003);
#62=CYLINDRICAL_SURFACE('',#3286,0.003);
#63=CYLINDRICAL_SURFACE('',#3287,0.003);
#64=CYLINDRICAL_SURFACE('',#3288,0.003);
#65=CYLINDRICAL_SURFACE('',#3289,0.003);
#66=CYLINDRICAL_SURFACE('',#3290,0.003);
#67=CYLINDRICAL_SURFACE('',#3294,0.00105615721086329);
#68=CYLINDRICAL_SURFACE('',#3296,0.00116855995279934);
#69=CYLINDRICAL_SURFACE('',#3298,0.00105385924023247);
#70=CYLINDRICAL_SURFACE('',#3300,0.00105385924023255);
#71=CYLINDRICAL_SURFACE('',#3302,0.00117390764510249);
#72=CYLINDRICAL_SURFACE('',#3304,0.00105285820165347);
#73=CYLINDRICAL_SURFACE('',#3309,8.73467186320462E-5);
#74=CYLINDRICAL_SURFACE('',#3311,0.000105535742984362);
#75=CYLINDRICAL_SURFACE('',#3314,9.24761024145164E-5);
#76=CYLINDRICAL_SURFACE('',#3316,9.24761024129019E-5);
#77=CYLINDRICAL_SURFACE('',#3322,0.00105615721086304);
#78=CYLINDRICAL_SURFACE('',#3324,0.00116855995279936);
#79=CYLINDRICAL_SURFACE('',#3326,0.00105385924023248);
#80=CYLINDRICAL_SURFACE('',#3328,0.00105385924022996);
#81=CYLINDRICAL_SURFACE('',#3330,0.00117390764510256);
#82=CYLINDRICAL_SURFACE('',#3332,0.00105285820165361);
#83=CYLINDRICAL_SURFACE('',#3337,8.73467186320291E-5);
#84=CYLINDRICAL_SURFACE('',#3339,0.000105535742984179);
#85=CYLINDRICAL_SURFACE('',#3342,9.24761024129418E-5);
#86=CYLINDRICAL_SURFACE('',#3344,9.24761024144914E-5);
#87=LINE('',#4198,#416);
#88=LINE('',#4206,#417);
#89=LINE('',#4208,#418);
#90=LINE('',#4210,#419);
#91=LINE('',#4216,#420);
#92=LINE('',#4222,#421);
#93=LINE('',#4224,#422);
#94=LINE('',#4226,#423);
#95=LINE('',#4234,#424);
#96=LINE('',#4236,#425);
#97=LINE('',#4240,#426);
#98=LINE('',#4242,#427);
#99=LINE('',#4250,#428);
#100=LINE('',#4252,#429);
#101=LINE('',#4254,#430);
#102=LINE('',#4260,#431);
#103=LINE('',#4266,#432);
#104=LINE('',#4268,#433);
#105=LINE('',#4270,#434);
#106=LINE('',#4273,#435);
#107=LINE('',#4276,#436);
#108=LINE('',#4278,#437);
#109=LINE('',#4280,#438);
#110=LINE('',#4285,#439);
#111=LINE('',#4287,#440);
#112=LINE('',#4289,#441);
#113=LINE('',#4291,#442);
#114=LINE('',#4293,#443);
#115=LINE('',#4297,#444);
#116=LINE('',#4298,#445);
#117=LINE('',#4301,#446);
#118=LINE('',#4303,#447);
#119=LINE('',#4305,#448);
#120=LINE('',#4307,#449);
#121=LINE('',#4309,#450);
#122=LINE('',#4311,#451);
#123=LINE('',#4313,#452);
#124=LINE('',#4315,#453);
#125=LINE('',#4317,#454);
#126=LINE('',#4319,#455);
#127=LINE('',#4321,#456);
#128=LINE('',#4323,#457);
#129=LINE('',#4326,#458);
#130=LINE('',#4328,#459);
#131=LINE('',#4330,#460);
#132=LINE('',#4332,#461);
#133=LINE('',#4334,#462);
#134=LINE('',#4336,#463);
#135=LINE('',#4338,#464);
#136=LINE('',#4340,#465);
#137=LINE('',#4342,#466);
#138=LINE('',#4344,#467);
#139=LINE('',#4346,#468);
#140=LINE('',#4347,#469);
#141=LINE('',#4352,#470);
#142=LINE('',#4356,#471);
#143=LINE('',#4358,#472);
#144=LINE('',#4360,#473);
#145=LINE('',#4362,#474);
#146=LINE('',#4372,#475);
#147=LINE('',#4380,#476);
#148=LINE('',#4396,#477);
#149=LINE('',#4398,#478);
#150=LINE('',#4399,#479);
#151=LINE('',#4401,#480);
#152=LINE('',#4403,#481);
#153=LINE('',#4404,#482);
#154=LINE('',#4418,#483);
#155=LINE('',#4424,#484);
#156=LINE('',#4434,#485);
#157=LINE('',#4437,#486);
#158=LINE('',#4439,#487);
#159=LINE('',#4441,#488);
#160=LINE('',#4443,#489);
#161=LINE('',#4445,#490);
#162=LINE('',#4447,#491);
#163=LINE('',#4449,#492);
#164=LINE('',#4452,#493);
#165=LINE('',#4454,#494);
#166=LINE('',#4456,#495);
#167=LINE('',#4460,#496);
#168=LINE('',#4462,#497);
#169=LINE('',#4464,#498);
#170=LINE('',#4465,#499);
#171=LINE('',#4467,#500);
#172=LINE('',#4470,#501);
#173=LINE('',#4472,#502);
#174=LINE('',#4474,#503);
#175=LINE('',#4475,#504);
#176=LINE('',#4477,#505);
#177=LINE('',#4479,#506);
#178=LINE('',#4483,#507);
#179=LINE('',#4485,#508);
#180=LINE('',#4488,#509);
#181=LINE('',#4490,#510);
#182=LINE('',#4492,#511);
#183=LINE('',#4493,#512);
#184=LINE('',#4495,#513);
#185=LINE('',#4496,#514);
#186=LINE('',#4499,#515);
#187=LINE('',#4500,#516);
#188=LINE('',#4502,#517);
#189=LINE('',#4504,#518);
#190=LINE('',#4506,#519);
#191=LINE('',#4508,#520);
#192=LINE('',#4510,#521);
#193=LINE('',#4513,#522);
#194=LINE('',#4515,#523);
#195=LINE('',#4517,#524);
#196=LINE('',#4518,#525);
#197=LINE('',#4523,#526);
#198=LINE('',#4527,#527);
#199=LINE('',#4531,#528);
#200=LINE('',#4534,#529);
#201=LINE('',#4539,#530);
#202=LINE('',#4543,#531);
#203=LINE('',#4547,#532);
#204=LINE('',#4550,#533);
#205=LINE('',#4555,#534);
#206=LINE('',#4559,#535);
#207=LINE('',#4563,#536);
#208=LINE('',#4572,#537);
#209=LINE('',#4577,#538);
#210=LINE('',#4584,#539);
#211=LINE('',#4587,#540);
#212=LINE('',#4589,#541);
#213=LINE('',#4591,#542);
#214=LINE('',#4593,#543);
#215=LINE('',#4595,#544);
#216=LINE('',#4597,#545);
#217=LINE('',#4599,#546);
#218=LINE('',#4601,#547);
#219=LINE('',#4603,#548);
#220=LINE('',#4605,#549);
#221=LINE('',#4607,#550);
#222=LINE('',#4609,#551);
#223=LINE('',#4612,#552);
#224=LINE('',#4615,#553);
#225=LINE('',#4619,#554);
#226=LINE('',#4620,#555);
#227=LINE('',#4622,#556);
#228=LINE('',#4624,#557);
#229=LINE('',#4625,#558);
#230=LINE('',#4626,#559);
#231=LINE('',#4631,#560);
#232=LINE('',#4635,#561);
#233=LINE('',#4639,#562);
#234=LINE('',#4642,#563);
#235=LINE('',#4647,#564);
#236=LINE('',#4651,#565);
#237=LINE('',#4655,#566);
#238=LINE('',#4658,#567);
#239=LINE('',#4663,#568);
#240=LINE('',#4667,#569);
#241=LINE('',#4671,#570);
#242=LINE('',#4683,#571);
#243=LINE('',#4685,#572);
#244=LINE('',#4687,#573);
#245=LINE('',#4695,#574);
#246=LINE('',#4700,#575);
#247=LINE('',#4701,#576);
#248=LINE('',#4703,#577);
#249=LINE('',#4706,#578);
#250=LINE('',#4708,#579);
#251=LINE('',#4710,#580);
#252=LINE('',#4711,#581);
#253=LINE('',#4714,#582);
#254=LINE('',#4716,#583);
#255=LINE('',#4718,#584);
#256=LINE('',#4719,#585);
#257=LINE('',#4721,#586);
#258=LINE('',#4722,#587);
#259=LINE('',#4723,#588);
#260=LINE('',#4725,#589);
#261=LINE('',#4726,#590);
#262=LINE('',#4727,#591);
#263=LINE('',#4729,#592);
#264=LINE('',#4732,#593);
#265=LINE('',#4734,#594);
#266=LINE('',#4736,#595);
#267=LINE('',#4738,#596);
#268=LINE('',#4739,#597);
#269=LINE('',#4740,#598);
#270=LINE('',#4742,#599);
#271=LINE('',#4743,#600);
#272=LINE('',#4744,#601);
#273=LINE('',#4745,#602);
#274=LINE('',#4747,#603);
#275=LINE('',#4750,#604);
#276=LINE('',#4752,#605);
#277=LINE('',#4754,#606);
#278=LINE('',#4756,#607);
#279=LINE('',#4758,#608);
#280=LINE('',#4761,#609);
#281=LINE('',#4763,#610);
#282=LINE('',#4766,#611);
#283=LINE('',#4768,#612);
#284=LINE('',#4771,#613);
#285=LINE('',#4773,#614);
#286=LINE('',#4777,#615);
#287=LINE('',#4788,#616);
#288=LINE('',#4794,#617);
#289=LINE('',#4795,#618);
#290=LINE('',#4797,#619);
#291=LINE('',#4798,#620);
#292=LINE('',#4800,#621);
#293=LINE('',#4801,#622);
#294=LINE('',#4803,#623);
#295=LINE('',#4804,#624);
#296=LINE('',#4810,#625);
#297=LINE('',#4811,#626);
#298=LINE('',#4813,#627);
#299=LINE('',#4814,#628);
#300=LINE('',#4816,#629);
#301=LINE('',#4817,#630);
#302=LINE('',#4819,#631);
#303=LINE('',#4820,#632);
#304=LINE('',#4822,#633);
#305=LINE('',#4823,#634);
#306=LINE('',#4825,#635);
#307=LINE('',#4826,#636);
#308=LINE('',#4828,#637);
#309=LINE('',#4829,#638);
#310=LINE('',#4831,#639);
#311=LINE('',#4832,#640);
#312=LINE('',#4834,#641);
#313=LINE('',#4835,#642);
#314=LINE('',#4837,#643);
#315=LINE('',#4838,#644);
#316=LINE('',#4840,#645);
#317=LINE('',#4841,#646);
#318=LINE('',#4843,#647);
#319=LINE('',#4844,#648);
#320=LINE('',#4846,#649);
#321=LINE('',#4848,#650);
#322=LINE('',#4850,#651);
#323=LINE('',#4852,#652);
#324=LINE('',#4854,#653);
#325=LINE('',#4856,#654);
#326=LINE('',#4858,#655);
#327=LINE('',#4860,#656);
#328=LINE('',#4862,#657);
#329=LINE('',#4864,#658);
#330=LINE('',#4866,#659);
#331=LINE('',#4868,#660);
#332=LINE('',#4870,#661);
#333=LINE('',#4872,#662);
#334=LINE('',#4874,#663);
#335=LINE('',#4876,#664);
#336=LINE('',#4878,#665);
#337=LINE('',#4880,#666);
#338=LINE('',#4882,#667);
#339=LINE('',#4884,#668);
#340=LINE('',#4886,#669);
#341=LINE('',#4888,#670);
#342=LINE('',#4890,#671);
#343=LINE('',#4892,#672);
#344=LINE('',#4895,#673);
#345=LINE('',#4897,#674);
#346=LINE('',#4899,#675);
#347=LINE('',#4901,#676);
#348=LINE('',#4903,#677);
#349=LINE('',#4905,#678);
#350=LINE('',#4907,#679);
#351=LINE('',#4909,#680);
#352=LINE('',#4933,#681);
#353=LINE('',#4935,#682);
#354=LINE('',#4937,#683);
#355=LINE('',#4938,#684);
#356=LINE('',#4940,#685);
#357=LINE('',#4941,#686);
#358=LINE('',#4943,#687);
#359=LINE('',#4944,#688);
#360=LINE('',#4948,#689);
#361=LINE('',#4950,#690);
#362=LINE('',#4987,#691);
#363=LINE('',#4989,#692);
#364=LINE('',#4991,#693);
#365=LINE('',#4993,#694);
#366=LINE('',#4995,#695);
#367=LINE('',#4997,#696);
#368=LINE('',#4999,#697);
#369=LINE('',#5001,#698);
#370=LINE('',#5005,#699);
#371=LINE('',#5011,#700);
#372=LINE('',#5015,#701);
#373=LINE('',#5019,#702);
#374=LINE('',#5023,#703);
#375=LINE('',#5025,#704);
#376=LINE('',#5027,#705);
#377=LINE('',#5029,#706);
#378=LINE('',#5031,#707);
#379=LINE('',#5033,#708);
#380=LINE('',#5035,#709);
#381=LINE('',#5039,#710);
#382=LINE('',#5043,#711);
#383=LINE('',#5045,#712);
#384=LINE('',#5047,#713);
#385=LINE('',#5054,#714);
#386=LINE('',#5056,#715);
#387=LINE('',#5058,#716);
#388=LINE('',#5060,#717);
#389=LINE('',#5062,#718);
#390=LINE('',#5064,#719);
#391=LINE('',#5066,#720);
#392=LINE('',#5068,#721);
#393=LINE('',#5072,#722);
#394=LINE('',#5078,#723);
#395=LINE('',#5082,#724);
#396=LINE('',#5086,#725);
#397=LINE('',#5090,#726);
#398=LINE('',#5092,#727);
#399=LINE('',#5094,#728);
#400=LINE('',#5096,#729);
#401=LINE('',#5098,#730);
#402=LINE('',#5100,#731);
#403=LINE('',#5102,#732);
#404=LINE('',#5106,#733);
#405=LINE('',#5110,#734);
#406=LINE('',#5112,#735);
#407=LINE('',#5114,#736);
#408=LINE('',#5121,#737);
#409=LINE('',#5123,#738);
#410=LINE('',#5125,#739);
#411=LINE('',#5127,#740);
#412=LINE('',#5129,#741);
#413=LINE('',#5131,#742);
#414=LINE('',#5133,#743);
#415=LINE('',#5135,#744);
#416=VECTOR('',#3360,1.);
#417=VECTOR('',#3367,1.);
#418=VECTOR('',#3368,1.);
#419=VECTOR('',#3369,1.);
#420=VECTOR('',#3374,1.);
#421=VECTOR('',#3379,1.);
#422=VECTOR('',#3380,1.);
#423=VECTOR('',#3381,1.);
#424=VECTOR('',#3388,1.);
#425=VECTOR('',#3389,1.);
#426=VECTOR('',#3392,1.);
#427=VECTOR('',#3393,1.);
#428=VECTOR('',#3400,1.);
#429=VECTOR('',#3401,1.);
#430=VECTOR('',#3402,1.);
#431=VECTOR('',#3407,1.);
#432=VECTOR('',#3412,1.);
#433=VECTOR('',#3413,1.);
#434=VECTOR('',#3414,1.);
#435=VECTOR('',#3417,1.);
#436=VECTOR('',#3418,1.);
#437=VECTOR('',#3419,1.);
#438=VECTOR('',#3420,1.);
#439=VECTOR('',#3425,1.);
#440=VECTOR('',#3426,1.);
#441=VECTOR('',#3427,1.);
#442=VECTOR('',#3428,1.);
#443=VECTOR('',#3429,1.);
#444=VECTOR('',#3432,1.);
#445=VECTOR('',#3433,1.);
#446=VECTOR('',#3434,1.);
#447=VECTOR('',#3435,1.);
#448=VECTOR('',#3436,1.);
#449=VECTOR('',#3437,1.);
#450=VECTOR('',#3438,1.);
#451=VECTOR('',#3439,1.);
#452=VECTOR('',#3440,1.);
#453=VECTOR('',#3441,1.);
#454=VECTOR('',#3442,1.);
#455=VECTOR('',#3443,1.);
#456=VECTOR('',#3444,1.);
#457=VECTOR('',#3447,1.);
#458=VECTOR('',#3448,1.);
#459=VECTOR('',#3449,1.);
#460=VECTOR('',#3450,1.);
#461=VECTOR('',#3451,1.);
#462=VECTOR('',#3452,1.);
#463=VECTOR('',#3453,1.);
#464=VECTOR('',#3454,1.);
#465=VECTOR('',#3455,1.);
#466=VECTOR('',#3456,1.);
#467=VECTOR('',#3457,1.);
#468=VECTOR('',#3458,1.);
#469=VECTOR('',#3459,1.);
#470=VECTOR('',#3462,1.);
#471=VECTOR('',#3465,1.);
#472=VECTOR('',#3466,1.);
#473=VECTOR('',#3467,1.);
#474=VECTOR('',#3468,1.);
#475=VECTOR('',#3473,1.);
#476=VECTOR('',#3478,1.);
#477=VECTOR('',#3485,1.);
#478=VECTOR('',#3486,1.);
#479=VECTOR('',#3487,1.);
#480=VECTOR('',#3490,1.);
#481=VECTOR('',#3491,1.);
#482=VECTOR('',#3492,1.);
#483=VECTOR('',#3497,1.);
#484=VECTOR('',#3500,1.);
#485=VECTOR('',#3505,1.);
#486=VECTOR('',#3506,1.);
#487=VECTOR('',#3507,1.);
#488=VECTOR('',#3508,1.);
#489=VECTOR('',#3509,1.);
#490=VECTOR('',#3510,1.);
#491=VECTOR('',#3511,1.);
#492=VECTOR('',#3514,1.);
#493=VECTOR('',#3515,1.);
#494=VECTOR('',#3516,1.);
#495=VECTOR('',#3517,1.);
#496=VECTOR('',#3520,1.);
#497=VECTOR('',#3521,1.);
#498=VECTOR('',#3522,1.);
#499=VECTOR('',#3523,1.);
#500=VECTOR('',#3526,1.);
#501=VECTOR('',#3527,1.);
#502=VECTOR('',#3528,1.);
#503=VECTOR('',#3529,1.);
#504=VECTOR('',#3530,1.);
#505=VECTOR('',#3531,1.);
#506=VECTOR('',#3532,1.);
#507=VECTOR('',#3535,1.);
#508=VECTOR('',#3538,1.);
#509=VECTOR('',#3539,1.);
#510=VECTOR('',#3540,1.);
#511=VECTOR('',#3541,1.);
#512=VECTOR('',#3542,1.);
#513=VECTOR('',#3543,1.);
#514=VECTOR('',#3544,1.);
#515=VECTOR('',#3545,1.);
#516=VECTOR('',#3546,1.);
#517=VECTOR('',#3547,1.);
#518=VECTOR('',#3548,1.);
#519=VECTOR('',#3549,1.);
#520=VECTOR('',#3550,1.);
#521=VECTOR('',#3553,1.);
#522=VECTOR('',#3554,1.);
#523=VECTOR('',#3555,1.);
#524=VECTOR('',#3556,1.);
#525=VECTOR('',#3557,1.);
#526=VECTOR('',#3560,1.);
#527=VECTOR('',#3563,1.);
#528=VECTOR('',#3566,1.);
#529=VECTOR('',#3569,1.);
#530=VECTOR('',#3572,1.);
#531=VECTOR('',#3575,1.);
#532=VECTOR('',#3578,1.);
#533=VECTOR('',#3581,1.);
#534=VECTOR('',#3584,1.);
#535=VECTOR('',#3587,1.);
#536=VECTOR('',#3590,1.);
#537=VECTOR('',#3599,1.);
#538=VECTOR('',#3604,1.);
#539=VECTOR('',#3611,1.);
#540=VECTOR('',#3612,1.);
#541=VECTOR('',#3613,1.);
#542=VECTOR('',#3614,1.);
#543=VECTOR('',#3615,1.);
#544=VECTOR('',#3616,1.);
#545=VECTOR('',#3617,1.);
#546=VECTOR('',#3618,1.);
#547=VECTOR('',#3619,1.);
#548=VECTOR('',#3620,1.);
#549=VECTOR('',#3621,1.);
#550=VECTOR('',#3622,1.);
#551=VECTOR('',#3625,1.);
#552=VECTOR('',#3626,1.);
#553=VECTOR('',#3629,1.);
#554=VECTOR('',#3632,1.);
#555=VECTOR('',#3633,1.);
#556=VECTOR('',#3634,1.);
#557=VECTOR('',#3635,1.);
#558=VECTOR('',#3636,1.);
#559=VECTOR('',#3637,1.);
#560=VECTOR('',#3640,1.);
#561=VECTOR('',#3643,1.);
#562=VECTOR('',#3646,1.);
#563=VECTOR('',#3649,1.);
#564=VECTOR('',#3652,1.);
#565=VECTOR('',#3655,1.);
#566=VECTOR('',#3658,1.);
#567=VECTOR('',#3661,1.);
#568=VECTOR('',#3664,1.);
#569=VECTOR('',#3667,1.);
#570=VECTOR('',#3670,1.);
#571=VECTOR('',#3683,1.);
#572=VECTOR('',#3686,1.);
#573=VECTOR('',#3689,1.);
#574=VECTOR('',#3696,1.);
#575=VECTOR('',#3701,1.);
#576=VECTOR('',#3702,1.);
#577=VECTOR('',#3705,1.);
#578=VECTOR('',#3706,1.);
#579=VECTOR('',#3707,1.);
#580=VECTOR('',#3708,1.);
#581=VECTOR('',#3709,1.);
#582=VECTOR('',#3710,1.);
#583=VECTOR('',#3711,1.);
#584=VECTOR('',#3712,1.);
#585=VECTOR('',#3713,1.);
#586=VECTOR('',#3716,1.);
#587=VECTOR('',#3717,1.);
#588=VECTOR('',#3718,1.);
#589=VECTOR('',#3721,1.);
#590=VECTOR('',#3722,1.);
#591=VECTOR('',#3723,1.);
#592=VECTOR('',#3726,1.);
#593=VECTOR('',#3727,1.);
#594=VECTOR('',#3728,1.);
#595=VECTOR('',#3729,1.);
#596=VECTOR('',#3732,1.);
#597=VECTOR('',#3733,1.);
#598=VECTOR('',#3734,1.);
#599=VECTOR('',#3737,1.);
#600=VECTOR('',#3738,1.);
#601=VECTOR('',#3739,1.);
#602=VECTOR('',#3740,1.);
#603=VECTOR('',#3743,1.);
#604=VECTOR('',#3744,1.);
#605=VECTOR('',#3745,1.);
#606=VECTOR('',#3746,1.);
#607=VECTOR('',#3749,1.);
#608=VECTOR('',#3752,1.);
#609=VECTOR('',#3757,1.);
#610=VECTOR('',#3760,1.);
#611=VECTOR('',#3765,1.);
#612=VECTOR('',#3768,1.);
#613=VECTOR('',#3773,1.);
#614=VECTOR('',#3776,1.);
#615=VECTOR('',#3783,1.);
#616=VECTOR('',#3784,1.);
#617=VECTOR('',#3795,1.);
#618=VECTOR('',#3796,1.);
#619=VECTOR('',#3799,1.);
#620=VECTOR('',#3800,1.);
#621=VECTOR('',#3803,1.);
#622=VECTOR('',#3804,1.);
#623=VECTOR('',#3807,1.);
#624=VECTOR('',#3808,1.);
#625=VECTOR('',#3819,1.);
#626=VECTOR('',#3820,1.);
#627=VECTOR('',#3823,1.);
#628=VECTOR('',#3824,1.);
#629=VECTOR('',#3827,1.);
#630=VECTOR('',#3828,1.);
#631=VECTOR('',#3831,1.);
#632=VECTOR('',#3832,1.);
#633=VECTOR('',#3835,1.);
#634=VECTOR('',#3836,1.);
#635=VECTOR('',#3839,1.);
#636=VECTOR('',#3840,1.);
#637=VECTOR('',#3843,1.);
#638=VECTOR('',#3844,1.);
#639=VECTOR('',#3847,1.);
#640=VECTOR('',#3848,1.);
#641=VECTOR('',#3851,1.);
#642=VECTOR('',#3852,1.);
#643=VECTOR('',#3855,1.);
#644=VECTOR('',#3856,1.);
#645=VECTOR('',#3859,1.);
#646=VECTOR('',#3860,1.);
#647=VECTOR('',#3863,1.);
#648=VECTOR('',#3864,1.);
#649=VECTOR('',#3867,1.);
#650=VECTOR('',#3868,1.);
#651=VECTOR('',#3869,1.);
#652=VECTOR('',#3872,1.);
#653=VECTOR('',#3873,1.);
#654=VECTOR('',#3876,1.);
#655=VECTOR('',#3877,1.);
#656=VECTOR('',#3880,1.);
#657=VECTOR('',#3881,1.);
#658=VECTOR('',#3884,1.);
#659=VECTOR('',#3885,1.);
#660=VECTOR('',#3888,1.);
#661=VECTOR('',#3889,1.);
#662=VECTOR('',#3892,1.);
#663=VECTOR('',#3893,1.);
#664=VECTOR('',#3896,1.);
#665=VECTOR('',#3897,1.);
#666=VECTOR('',#3900,1.);
#667=VECTOR('',#3901,1.);
#668=VECTOR('',#3904,1.);
#669=VECTOR('',#3905,1.);
#670=VECTOR('',#3908,1.);
#671=VECTOR('',#3909,1.);
#672=VECTOR('',#3912,1.);
#673=VECTOR('',#3917,1.);
#674=VECTOR('',#3918,1.);
#675=VECTOR('',#3919,1.);
#676=VECTOR('',#3922,1.);
#677=VECTOR('',#3923,1.);
#678=VECTOR('',#3926,1.);
#679=VECTOR('',#3927,1.);
#680=VECTOR('',#3930,1.);
#681=VECTOR('',#3947,1.);
#682=VECTOR('',#3948,1.);
#683=VECTOR('',#3951,1.);
#684=VECTOR('',#3952,1.);
#685=VECTOR('',#3955,1.);
#686=VECTOR('',#3956,1.);
#687=VECTOR('',#3959,1.);
#688=VECTOR('',#3960,1.);
#689=VECTOR('',#3967,1.);
#690=VECTOR('',#3970,1.);
#691=VECTOR('',#4017,1.);
#692=VECTOR('',#4018,1.);
#693=VECTOR('',#4019,1.);
#694=VECTOR('',#4022,1.);
#695=VECTOR('',#4023,1.);
#696=VECTOR('',#4026,1.);
#697=VECTOR('',#4027,1.);
#698=VECTOR('',#4030,1.);
#699=VECTOR('',#4035,1.);
#700=VECTOR('',#4044,1.);
#701=VECTOR('',#4049,1.);
#702=VECTOR('',#4054,1.);
#703=VECTOR('',#4059,1.);
#704=VECTOR('',#4060,1.);
#705=VECTOR('',#4063,1.);
#706=VECTOR('',#4064,1.);
#707=VECTOR('',#4067,1.);
#708=VECTOR('',#4068,1.);
#709=VECTOR('',#4071,1.);
#710=VECTOR('',#4076,1.);
#711=VECTOR('',#4081,1.);
#712=VECTOR('',#4082,1.);
#713=VECTOR('',#4085,1.);
#714=VECTOR('',#4096,1.);
#715=VECTOR('',#4097,1.);
#716=VECTOR('',#4098,1.);
#717=VECTOR('',#4101,1.);
#718=VECTOR('',#4102,1.);
#719=VECTOR('',#4105,1.);
#720=VECTOR('',#4106,1.);
#721=VECTOR('',#4109,1.);
#722=VECTOR('',#4114,1.);
#723=VECTOR('',#4123,1.);
#724=VECTOR('',#4128,1.);
#725=VECTOR('',#4133,1.);
#726=VECTOR('',#4138,1.);
#727=VECTOR('',#4139,1.);
#728=VECTOR('',#4142,1.);
#729=VECTOR('',#4143,1.);
#730=VECTOR('',#4146,1.);
#731=VECTOR('',#4147,1.);
#732=VECTOR('',#4150,1.);
#733=VECTOR('',#4155,1.);
#734=VECTOR('',#4160,1.);
#735=VECTOR('',#4161,1.);
#736=VECTOR('',#4164,1.);
#737=VECTOR('',#4175,1.);
#738=VECTOR('',#4176,1.);
#739=VECTOR('',#4177,1.);
#740=VECTOR('',#4180,1.);
#741=VECTOR('',#4181,1.);
#742=VECTOR('',#4184,1.);
#743=VECTOR('',#4185,1.);
#744=VECTOR('',#4188,1.);
#745=ORIENTED_EDGE('',*,*,#1631,.T.);
#746=ORIENTED_EDGE('',*,*,#1632,.T.);
#747=ORIENTED_EDGE('',*,*,#1633,.T.);
#748=ORIENTED_EDGE('',*,*,#1634,.T.);
#749=ORIENTED_EDGE('',*,*,#1635,.T.);
#750=ORIENTED_EDGE('',*,*,#1636,.T.);
#751=ORIENTED_EDGE('',*,*,#1637,.T.);
#752=ORIENTED_EDGE('',*,*,#1638,.F.);
#753=ORIENTED_EDGE('',*,*,#1639,.T.);
#754=ORIENTED_EDGE('',*,*,#1640,.T.);
#755=ORIENTED_EDGE('',*,*,#1641,.T.);
#756=ORIENTED_EDGE('',*,*,#1642,.T.);
#757=ORIENTED_EDGE('',*,*,#1643,.T.);
#758=ORIENTED_EDGE('',*,*,#1644,.T.);
#759=ORIENTED_EDGE('',*,*,#1645,.T.);
#760=ORIENTED_EDGE('',*,*,#1646,.F.);
#761=ORIENTED_EDGE('',*,*,#1647,.T.);
#762=ORIENTED_EDGE('',*,*,#1648,.T.);
#763=ORIENTED_EDGE('',*,*,#1649,.T.);
#764=ORIENTED_EDGE('',*,*,#1650,.T.);
#765=ORIENTED_EDGE('',*,*,#1651,.T.);
#766=ORIENTED_EDGE('',*,*,#1652,.T.);
#767=ORIENTED_EDGE('',*,*,#1653,.T.);
#768=ORIENTED_EDGE('',*,*,#1654,.T.);
#769=ORIENTED_EDGE('',*,*,#1655,.T.);
#770=ORIENTED_EDGE('',*,*,#1656,.T.);
#771=ORIENTED_EDGE('',*,*,#1657,.T.);
#772=ORIENTED_EDGE('',*,*,#1658,.T.);
#773=ORIENTED_EDGE('',*,*,#1659,.T.);
#774=ORIENTED_EDGE('',*,*,#1660,.F.);
#775=ORIENTED_EDGE('',*,*,#1661,.T.);
#776=ORIENTED_EDGE('',*,*,#1662,.T.);
#777=ORIENTED_EDGE('',*,*,#1663,.T.);
#778=ORIENTED_EDGE('',*,*,#1664,.T.);
#779=ORIENTED_EDGE('',*,*,#1665,.T.);
#780=ORIENTED_EDGE('',*,*,#1666,.T.);
#781=ORIENTED_EDGE('',*,*,#1667,.T.);
#782=ORIENTED_EDGE('',*,*,#1668,.F.);
#783=ORIENTED_EDGE('',*,*,#1669,.T.);
#784=ORIENTED_EDGE('',*,*,#1670,.T.);
#785=ORIENTED_EDGE('',*,*,#1671,.T.);
#786=ORIENTED_EDGE('',*,*,#1672,.T.);
#787=ORIENTED_EDGE('',*,*,#1673,.T.);
#788=ORIENTED_EDGE('',*,*,#1674,.T.);
#789=ORIENTED_EDGE('',*,*,#1675,.F.);
#790=ORIENTED_EDGE('',*,*,#1676,.T.);
#791=ORIENTED_EDGE('',*,*,#1677,.T.);
#792=ORIENTED_EDGE('',*,*,#1678,.F.);
#793=ORIENTED_EDGE('',*,*,#1679,.T.);
#794=ORIENTED_EDGE('',*,*,#1680,.T.);
#795=ORIENTED_EDGE('',*,*,#1681,.T.);
#796=ORIENTED_EDGE('',*,*,#1682,.T.);
#797=ORIENTED_EDGE('',*,*,#1683,.T.);
#798=ORIENTED_EDGE('',*,*,#1684,.T.);
#799=ORIENTED_EDGE('',*,*,#1685,.T.);
#800=ORIENTED_EDGE('',*,*,#1686,.T.);
#801=ORIENTED_EDGE('',*,*,#1687,.F.);
#802=ORIENTED_EDGE('',*,*,#1688,.T.);
#803=ORIENTED_EDGE('',*,*,#1689,.T.);
#804=ORIENTED_EDGE('',*,*,#1690,.T.);
#805=ORIENTED_EDGE('',*,*,#1691,.T.);
#806=ORIENTED_EDGE('',*,*,#1692,.F.);
#807=ORIENTED_EDGE('',*,*,#1693,.F.);
#808=ORIENTED_EDGE('',*,*,#1694,.T.);
#809=ORIENTED_EDGE('',*,*,#1695,.T.);
#810=ORIENTED_EDGE('',*,*,#1696,.T.);
#811=ORIENTED_EDGE('',*,*,#1697,.T.);
#812=ORIENTED_EDGE('',*,*,#1698,.T.);
#813=ORIENTED_EDGE('',*,*,#1699,.F.);
#814=ORIENTED_EDGE('',*,*,#1700,.T.);
#815=ORIENTED_EDGE('',*,*,#1701,.T.);
#816=ORIENTED_EDGE('',*,*,#1702,.T.);
#817=ORIENTED_EDGE('',*,*,#1703,.T.);
#818=ORIENTED_EDGE('',*,*,#1704,.F.);
#819=ORIENTED_EDGE('',*,*,#1705,.F.);
#820=ORIENTED_EDGE('',*,*,#1706,.T.);
#821=ORIENTED_EDGE('',*,*,#1707,.T.);
#822=ORIENTED_EDGE('',*,*,#1708,.T.);
#823=ORIENTED_EDGE('',*,*,#1709,.F.);
#824=ORIENTED_EDGE('',*,*,#1710,.F.);
#825=ORIENTED_EDGE('',*,*,#1711,.T.);
#826=ORIENTED_EDGE('',*,*,#1712,.T.);
#827=ORIENTED_EDGE('',*,*,#1713,.T.);
#828=ORIENTED_EDGE('',*,*,#1714,.T.);
#829=ORIENTED_EDGE('',*,*,#1715,.T.);
#830=ORIENTED_EDGE('',*,*,#1716,.T.);
#831=ORIENTED_EDGE('',*,*,#1717,.F.);
#832=ORIENTED_EDGE('',*,*,#1718,.F.);
#833=ORIENTED_EDGE('',*,*,#1654,.F.);
#834=ORIENTED_EDGE('',*,*,#1719,.F.);
#835=ORIENTED_EDGE('',*,*,#1720,.F.);
#836=ORIENTED_EDGE('',*,*,#1721,.T.);
#837=ORIENTED_EDGE('',*,*,#1722,.T.);
#838=ORIENTED_EDGE('',*,*,#1723,.F.);
#839=ORIENTED_EDGE('',*,*,#1652,.F.);
#840=ORIENTED_EDGE('',*,*,#1724,.F.);
#841=ORIENTED_EDGE('',*,*,#1725,.F.);
#842=ORIENTED_EDGE('',*,*,#1682,.F.);
#843=ORIENTED_EDGE('',*,*,#1726,.T.);
#844=ORIENTED_EDGE('',*,*,#1727,.T.);
#845=ORIENTED_EDGE('',*,*,#1728,.F.);
#846=ORIENTED_EDGE('',*,*,#1729,.F.);
#847=ORIENTED_EDGE('',*,*,#1730,.T.);
#848=ORIENTED_EDGE('',*,*,#1709,.T.);
#849=ORIENTED_EDGE('',*,*,#1731,.F.);
#850=ORIENTED_EDGE('',*,*,#1680,.F.);
#851=ORIENTED_EDGE('',*,*,#1732,.F.);
#852=ORIENTED_EDGE('',*,*,#1733,.F.);
#853=ORIENTED_EDGE('',*,*,#1734,.F.);
#854=ORIENTED_EDGE('',*,*,#1722,.F.);
#855=ORIENTED_EDGE('',*,*,#1735,.F.);
#856=ORIENTED_EDGE('',*,*,#1715,.F.);
#857=ORIENTED_EDGE('',*,*,#1736,.F.);
#858=ORIENTED_EDGE('',*,*,#1737,.F.);
#859=ORIENTED_EDGE('',*,*,#1738,.F.);
#860=ORIENTED_EDGE('',*,*,#1711,.F.);
#861=ORIENTED_EDGE('',*,*,#1739,.T.);
#862=ORIENTED_EDGE('',*,*,#1740,.T.);
#863=ORIENTED_EDGE('',*,*,#1741,.F.);
#864=ORIENTED_EDGE('',*,*,#1742,.T.);
#865=ORIENTED_EDGE('',*,*,#1743,.T.);
#866=ORIENTED_EDGE('',*,*,#1744,.T.);
#867=ORIENTED_EDGE('',*,*,#1745,.F.);
#868=ORIENTED_EDGE('',*,*,#1746,.T.);
#869=ORIENTED_EDGE('',*,*,#1747,.T.);
#870=ORIENTED_EDGE('',*,*,#1748,.T.);
#871=ORIENTED_EDGE('',*,*,#1749,.F.);
#872=ORIENTED_EDGE('',*,*,#1750,.T.);
#873=ORIENTED_EDGE('',*,*,#1751,.T.);
#874=ORIENTED_EDGE('',*,*,#1752,.T.);
#875=ORIENTED_EDGE('',*,*,#1753,.T.);
#876=ORIENTED_EDGE('',*,*,#1739,.F.);
#877=ORIENTED_EDGE('',*,*,#1754,.T.);
#878=ORIENTED_EDGE('',*,*,#1755,.F.);
#879=ORIENTED_EDGE('',*,*,#1756,.T.);
#880=ORIENTED_EDGE('',*,*,#1757,.F.);
#881=ORIENTED_EDGE('',*,*,#1758,.F.);
#882=ORIENTED_EDGE('',*,*,#1741,.T.);
#883=ORIENTED_EDGE('',*,*,#1759,.T.);
#884=ORIENTED_EDGE('',*,*,#1760,.F.);
#885=ORIENTED_EDGE('',*,*,#1761,.F.);
#886=ORIENTED_EDGE('',*,*,#1762,.F.);
#887=ORIENTED_EDGE('',*,*,#1763,.T.);
#888=ORIENTED_EDGE('',*,*,#1764,.T.);
#889=ORIENTED_EDGE('',*,*,#1765,.T.);
#890=ORIENTED_EDGE('',*,*,#1766,.T.);
#891=ORIENTED_EDGE('',*,*,#1767,.F.);
#892=ORIENTED_EDGE('',*,*,#1717,.T.);
#893=ORIENTED_EDGE('',*,*,#1729,.T.);
#894=ORIENTED_EDGE('',*,*,#1768,.T.);
#895=ORIENTED_EDGE('',*,*,#1769,.F.);
#896=ORIENTED_EDGE('',*,*,#1770,.T.);
#897=ORIENTED_EDGE('',*,*,#1771,.T.);
#898=ORIENTED_EDGE('',*,*,#1743,.F.);
#899=ORIENTED_EDGE('',*,*,#1772,.F.);
#900=ORIENTED_EDGE('',*,*,#1773,.T.);
#901=ORIENTED_EDGE('',*,*,#1774,.F.);
#902=ORIENTED_EDGE('',*,*,#1775,.F.);
#903=ORIENTED_EDGE('',*,*,#1776,.F.);
#904=ORIENTED_EDGE('',*,*,#1777,.F.);
#905=ORIENTED_EDGE('',*,*,#1778,.T.);
#906=ORIENTED_EDGE('',*,*,#1779,.T.);
#907=ORIENTED_EDGE('',*,*,#1780,.F.);
#908=ORIENTED_EDGE('',*,*,#1781,.F.);
#909=ORIENTED_EDGE('',*,*,#1782,.T.);
#910=ORIENTED_EDGE('',*,*,#1783,.T.);
#911=ORIENTED_EDGE('',*,*,#1784,.T.);
#912=ORIENTED_EDGE('',*,*,#1785,.T.);
#913=ORIENTED_EDGE('',*,*,#1786,.T.);
#914=ORIENTED_EDGE('',*,*,#1787,.F.);
#915=ORIENTED_EDGE('',*,*,#1788,.T.);
#916=ORIENTED_EDGE('',*,*,#1789,.F.);
#917=ORIENTED_EDGE('',*,*,#1790,.T.);
#918=ORIENTED_EDGE('',*,*,#1791,.T.);
#919=ORIENTED_EDGE('',*,*,#1792,.T.);
#920=ORIENTED_EDGE('',*,*,#1793,.T.);
#921=ORIENTED_EDGE('',*,*,#1794,.T.);
#922=ORIENTED_EDGE('',*,*,#1795,.F.);
#923=ORIENTED_EDGE('',*,*,#1796,.T.);
#924=ORIENTED_EDGE('',*,*,#1797,.F.);
#925=ORIENTED_EDGE('',*,*,#1798,.T.);
#926=ORIENTED_EDGE('',*,*,#1799,.T.);
#927=ORIENTED_EDGE('',*,*,#1800,.T.);
#928=ORIENTED_EDGE('',*,*,#1801,.T.);
#929=ORIENTED_EDGE('',*,*,#1802,.T.);
#930=ORIENTED_EDGE('',*,*,#1803,.F.);
#931=ORIENTED_EDGE('',*,*,#1804,.T.);
#932=ORIENTED_EDGE('',*,*,#1805,.T.);
#933=ORIENTED_EDGE('',*,*,#1806,.F.);
#934=ORIENTED_EDGE('',*,*,#1713,.F.);
#935=ORIENTED_EDGE('',*,*,#1807,.T.);
#936=ORIENTED_EDGE('',*,*,#1808,.T.);
#937=ORIENTED_EDGE('',*,*,#1809,.T.);
#938=ORIENTED_EDGE('',*,*,#1678,.T.);
#939=ORIENTED_EDGE('',*,*,#1810,.T.);
#940=ORIENTED_EDGE('',*,*,#1811,.F.);
#941=ORIENTED_EDGE('',*,*,#1812,.T.);
#942=ORIENTED_EDGE('',*,*,#1813,.F.);
#943=ORIENTED_EDGE('',*,*,#1814,.T.);
#944=ORIENTED_EDGE('',*,*,#1815,.F.);
#945=ORIENTED_EDGE('',*,*,#1816,.T.);
#946=ORIENTED_EDGE('',*,*,#1817,.F.);
#947=ORIENTED_EDGE('',*,*,#1818,.T.);
#948=ORIENTED_EDGE('',*,*,#1819,.T.);
#949=ORIENTED_EDGE('',*,*,#1820,.T.);
#950=ORIENTED_EDGE('',*,*,#1821,.T.);
#951=ORIENTED_EDGE('',*,*,#1822,.F.);
#952=ORIENTED_EDGE('',*,*,#1823,.T.);
#953=ORIENTED_EDGE('',*,*,#1824,.F.);
#954=ORIENTED_EDGE('',*,*,#1825,.F.);
#955=ORIENTED_EDGE('',*,*,#1826,.F.);
#956=ORIENTED_EDGE('',*,*,#1827,.F.);
#957=ORIENTED_EDGE('',*,*,#1828,.T.);
#958=ORIENTED_EDGE('',*,*,#1655,.F.);
#959=ORIENTED_EDGE('',*,*,#1718,.T.);
#960=ORIENTED_EDGE('',*,*,#1769,.T.);
#961=ORIENTED_EDGE('',*,*,#1829,.T.);
#962=ORIENTED_EDGE('',*,*,#1830,.T.);
#963=ORIENTED_EDGE('',*,*,#1831,.T.);
#964=ORIENTED_EDGE('',*,*,#1832,.F.);
#965=ORIENTED_EDGE('',*,*,#1724,.T.);
#966=ORIENTED_EDGE('',*,*,#1651,.F.);
#967=ORIENTED_EDGE('',*,*,#1833,.F.);
#968=ORIENTED_EDGE('',*,*,#1834,.F.);
#969=ORIENTED_EDGE('',*,*,#1835,.T.);
#970=ORIENTED_EDGE('',*,*,#1633,.F.);
#971=ORIENTED_EDGE('',*,*,#1836,.F.);
#972=ORIENTED_EDGE('',*,*,#1837,.T.);
#973=ORIENTED_EDGE('',*,*,#1838,.T.);
#974=ORIENTED_EDGE('',*,*,#1839,.T.);
#975=ORIENTED_EDGE('',*,*,#1840,.T.);
#976=ORIENTED_EDGE('',*,*,#1841,.F.);
#977=ORIENTED_EDGE('',*,*,#1842,.T.);
#978=ORIENTED_EDGE('',*,*,#1843,.F.);
#979=ORIENTED_EDGE('',*,*,#1844,.T.);
#980=ORIENTED_EDGE('',*,*,#1845,.T.);
#981=ORIENTED_EDGE('',*,*,#1846,.T.);
#982=ORIENTED_EDGE('',*,*,#1847,.T.);
#983=ORIENTED_EDGE('',*,*,#1848,.T.);
#984=ORIENTED_EDGE('',*,*,#1849,.F.);
#985=ORIENTED_EDGE('',*,*,#1850,.T.);
#986=ORIENTED_EDGE('',*,*,#1851,.F.);
#987=ORIENTED_EDGE('',*,*,#1852,.T.);
#988=ORIENTED_EDGE('',*,*,#1853,.T.);
#989=ORIENTED_EDGE('',*,*,#1854,.T.);
#990=ORIENTED_EDGE('',*,*,#1855,.T.);
#991=ORIENTED_EDGE('',*,*,#1856,.T.);
#992=ORIENTED_EDGE('',*,*,#1857,.F.);
#993=ORIENTED_EDGE('',*,*,#1858,.T.);
#994=ORIENTED_EDGE('',*,*,#1859,.F.);
#995=ORIENTED_EDGE('',*,*,#1860,.T.);
#996=ORIENTED_EDGE('',*,*,#1861,.F.);
#997=ORIENTED_EDGE('',*,*,#1862,.F.);
#998=ORIENTED_EDGE('',*,*,#1863,.T.);
#999=ORIENTED_EDGE('',*,*,#1864,.T.);
#1000=ORIENTED_EDGE('',*,*,#1808,.F.);
#1001=ORIENTED_EDGE('',*,*,#1865,.T.);
#1002=ORIENTED_EDGE('',*,*,#1737,.T.);
#1003=ORIENTED_EDGE('',*,*,#1866,.F.);
#1004=ORIENTED_EDGE('',*,*,#1733,.T.);
#1005=ORIENTED_EDGE('',*,*,#1867,.T.);
#1006=ORIENTED_EDGE('',*,*,#1868,.T.);
#1007=ORIENTED_EDGE('',*,*,#1869,.T.);
#1008=ORIENTED_EDGE('',*,*,#1870,.T.);
#1009=ORIENTED_EDGE('',*,*,#1871,.T.);
#1010=ORIENTED_EDGE('',*,*,#1872,.T.);
#1011=ORIENTED_EDGE('',*,*,#1811,.T.);
#1012=ORIENTED_EDGE('',*,*,#1873,.F.);
#1013=ORIENTED_EDGE('',*,*,#1874,.T.);
#1014=ORIENTED_EDGE('',*,*,#1830,.F.);
#1015=ORIENTED_EDGE('',*,*,#1875,.T.);
#1016=ORIENTED_EDGE('',*,*,#1876,.T.);
#1017=ORIENTED_EDGE('',*,*,#1877,.F.);
#1018=ORIENTED_EDGE('',*,*,#1878,.T.);
#1019=ORIENTED_EDGE('',*,*,#1879,.T.);
#1020=ORIENTED_EDGE('',*,*,#1880,.T.);
#1021=ORIENTED_EDGE('',*,*,#1881,.F.);
#1022=ORIENTED_EDGE('',*,*,#1882,.F.);
#1023=ORIENTED_EDGE('',*,*,#1883,.F.);
#1024=ORIENTED_EDGE('',*,*,#1832,.T.);
#1025=ORIENTED_EDGE('',*,*,#1884,.T.);
#1026=ORIENTED_EDGE('',*,*,#1727,.F.);
#1027=ORIENTED_EDGE('',*,*,#1720,.T.);
#1028=ORIENTED_EDGE('',*,*,#1885,.T.);
#1029=ORIENTED_EDGE('',*,*,#1886,.T.);
#1030=ORIENTED_EDGE('',*,*,#1887,.F.);
#1031=ORIENTED_EDGE('',*,*,#1881,.T.);
#1032=ORIENTED_EDGE('',*,*,#1888,.T.);
#1033=ORIENTED_EDGE('',*,*,#1889,.T.);
#1034=ORIENTED_EDGE('',*,*,#1890,.F.);
#1035=ORIENTED_EDGE('',*,*,#1876,.F.);
#1036=ORIENTED_EDGE('',*,*,#1891,.T.);
#1037=ORIENTED_EDGE('',*,*,#1892,.T.);
#1038=ORIENTED_EDGE('',*,*,#1893,.F.);
#1039=ORIENTED_EDGE('',*,*,#1894,.T.);
#1040=ORIENTED_EDGE('',*,*,#1895,.T.);
#1041=ORIENTED_EDGE('',*,*,#1896,.T.);
#1042=ORIENTED_EDGE('',*,*,#1897,.F.);
#1043=ORIENTED_EDGE('',*,*,#1764,.F.);
#1044=ORIENTED_EDGE('',*,*,#1898,.T.);
#1045=ORIENTED_EDGE('',*,*,#1899,.T.);
#1046=ORIENTED_EDGE('',*,*,#1900,.F.);
#1047=ORIENTED_EDGE('',*,*,#1772,.T.);
#1048=ORIENTED_EDGE('',*,*,#1742,.F.);
#1049=ORIENTED_EDGE('',*,*,#1758,.T.);
#1050=ORIENTED_EDGE('',*,*,#1901,.T.);
#1051=ORIENTED_EDGE('',*,*,#1776,.T.);
#1052=ORIENTED_EDGE('',*,*,#1902,.T.);
#1053=ORIENTED_EDGE('',*,*,#1903,.T.);
#1054=ORIENTED_EDGE('',*,*,#1904,.F.);
#1055=ORIENTED_EDGE('',*,*,#1905,.T.);
#1056=ORIENTED_EDGE('',*,*,#1900,.T.);
#1057=ORIENTED_EDGE('',*,*,#1699,.T.);
#1058=ORIENTED_EDGE('',*,*,#1906,.F.);
#1059=ORIENTED_EDGE('',*,*,#1773,.F.);
#1060=ORIENTED_EDGE('',*,*,#1774,.T.);
#1061=ORIENTED_EDGE('',*,*,#1906,.T.);
#1062=ORIENTED_EDGE('',*,*,#1698,.F.);
#1063=ORIENTED_EDGE('',*,*,#1907,.F.);
#1064=ORIENTED_EDGE('',*,*,#1775,.T.);
#1065=ORIENTED_EDGE('',*,*,#1907,.T.);
#1066=ORIENTED_EDGE('',*,*,#1697,.F.);
#1067=ORIENTED_EDGE('',*,*,#1898,.F.);
#1068=ORIENTED_EDGE('',*,*,#1767,.T.);
#1069=ORIENTED_EDGE('',*,*,#1908,.T.);
#1070=ORIENTED_EDGE('',*,*,#1703,.F.);
#1071=ORIENTED_EDGE('',*,*,#1895,.F.);
#1072=ORIENTED_EDGE('',*,*,#1897,.T.);
#1073=ORIENTED_EDGE('',*,*,#1705,.T.);
#1074=ORIENTED_EDGE('',*,*,#1909,.F.);
#1075=ORIENTED_EDGE('',*,*,#1765,.F.);
#1076=ORIENTED_EDGE('',*,*,#1909,.T.);
#1077=ORIENTED_EDGE('',*,*,#1704,.T.);
#1078=ORIENTED_EDGE('',*,*,#1908,.F.);
#1079=ORIENTED_EDGE('',*,*,#1766,.F.);
#1080=ORIENTED_EDGE('',*,*,#1882,.T.);
#1081=ORIENTED_EDGE('',*,*,#1887,.T.);
#1082=ORIENTED_EDGE('',*,*,#1693,.T.);
#1083=ORIENTED_EDGE('',*,*,#1910,.F.);
#1084=ORIENTED_EDGE('',*,*,#1911,.T.);
#1085=ORIENTED_EDGE('',*,*,#1691,.F.);
#1086=ORIENTED_EDGE('',*,*,#1885,.F.);
#1087=ORIENTED_EDGE('',*,*,#1880,.F.);
#1088=ORIENTED_EDGE('',*,*,#1883,.T.);
#1089=ORIENTED_EDGE('',*,*,#1910,.T.);
#1090=ORIENTED_EDGE('',*,*,#1692,.T.);
#1091=ORIENTED_EDGE('',*,*,#1911,.F.);
#1092=ORIENTED_EDGE('',*,*,#1877,.T.);
#1093=ORIENTED_EDGE('',*,*,#1890,.T.);
#1094=ORIENTED_EDGE('',*,*,#1687,.T.);
#1095=ORIENTED_EDGE('',*,*,#1912,.F.);
#1096=ORIENTED_EDGE('',*,*,#1912,.T.);
#1097=ORIENTED_EDGE('',*,*,#1686,.F.);
#1098=ORIENTED_EDGE('',*,*,#1913,.F.);
#1099=ORIENTED_EDGE('',*,*,#1878,.F.);
#1100=ORIENTED_EDGE('',*,*,#1913,.T.);
#1101=ORIENTED_EDGE('',*,*,#1685,.F.);
#1102=ORIENTED_EDGE('',*,*,#1888,.F.);
#1103=ORIENTED_EDGE('',*,*,#1879,.F.);
#1104=ORIENTED_EDGE('',*,*,#1723,.T.);
#1105=ORIENTED_EDGE('',*,*,#1734,.T.);
#1106=ORIENTED_EDGE('',*,*,#1866,.T.);
#1107=ORIENTED_EDGE('',*,*,#1736,.T.);
#1108=ORIENTED_EDGE('',*,*,#1719,.T.);
#1109=ORIENTED_EDGE('',*,*,#1653,.F.);
#1110=ORIENTED_EDGE('',*,*,#1870,.F.);
#1111=ORIENTED_EDGE('',*,*,#1914,.T.);
#1112=ORIENTED_EDGE('',*,*,#1915,.T.);
#1113=ORIENTED_EDGE('',*,*,#1873,.T.);
#1114=ORIENTED_EDGE('',*,*,#1916,.T.);
#1115=ORIENTED_EDGE('',*,*,#1917,.T.);
#1116=ORIENTED_EDGE('',*,*,#1862,.T.);
#1117=ORIENTED_EDGE('',*,*,#1806,.T.);
#1118=ORIENTED_EDGE('',*,*,#1863,.F.);
#1119=ORIENTED_EDGE('',*,*,#1805,.F.);
#1120=ORIENTED_EDGE('',*,*,#1861,.T.);
#1121=ORIENTED_EDGE('',*,*,#1813,.T.);
#1122=ORIENTED_EDGE('',*,*,#1864,.F.);
#1123=ORIENTED_EDGE('',*,*,#1814,.F.);
#1124=ORIENTED_EDGE('',*,*,#1903,.F.);
#1125=ORIENTED_EDGE('',*,*,#1918,.T.);
#1126=ORIENTED_EDGE('',*,*,#1700,.F.);
#1127=ORIENTED_EDGE('',*,*,#1899,.F.);
#1128=ORIENTED_EDGE('',*,*,#1696,.F.);
#1129=ORIENTED_EDGE('',*,*,#1919,.T.);
#1130=ORIENTED_EDGE('',*,*,#1896,.F.);
#1131=ORIENTED_EDGE('',*,*,#1702,.F.);
#1132=ORIENTED_EDGE('',*,*,#1920,.T.);
#1133=ORIENTED_EDGE('',*,*,#1905,.F.);
#1134=ORIENTED_EDGE('',*,*,#1921,.T.);
#1135=ORIENTED_EDGE('',*,*,#1706,.F.);
#1136=ORIENTED_EDGE('',*,*,#1892,.F.);
#1137=ORIENTED_EDGE('',*,*,#1922,.T.);
#1138=ORIENTED_EDGE('',*,*,#1688,.F.);
#1139=ORIENTED_EDGE('',*,*,#1889,.F.);
#1140=ORIENTED_EDGE('',*,*,#1684,.F.);
#1141=ORIENTED_EDGE('',*,*,#1923,.T.);
#1142=ORIENTED_EDGE('',*,*,#1886,.F.);
#1143=ORIENTED_EDGE('',*,*,#1690,.F.);
#1144=ORIENTED_EDGE('',*,*,#1924,.T.);
#1145=ORIENTED_EDGE('',*,*,#1894,.F.);
#1146=ORIENTED_EDGE('',*,*,#1925,.T.);
#1147=ORIENTED_EDGE('',*,*,#1694,.F.);
#1148=ORIENTED_EDGE('',*,*,#1921,.F.);
#1149=ORIENTED_EDGE('',*,*,#1904,.T.);
#1150=ORIENTED_EDGE('',*,*,#1919,.F.);
#1151=ORIENTED_EDGE('',*,*,#1695,.F.);
#1152=ORIENTED_EDGE('',*,*,#1920,.F.);
#1153=ORIENTED_EDGE('',*,*,#1701,.F.);
#1154=ORIENTED_EDGE('',*,*,#1918,.F.);
#1155=ORIENTED_EDGE('',*,*,#1902,.F.);
#1156=ORIENTED_EDGE('',*,*,#1925,.F.);
#1157=ORIENTED_EDGE('',*,*,#1893,.T.);
#1158=ORIENTED_EDGE('',*,*,#1923,.F.);
#1159=ORIENTED_EDGE('',*,*,#1683,.F.);
#1160=ORIENTED_EDGE('',*,*,#1924,.F.);
#1161=ORIENTED_EDGE('',*,*,#1689,.F.);
#1162=ORIENTED_EDGE('',*,*,#1922,.F.);
#1163=ORIENTED_EDGE('',*,*,#1891,.F.);
#1164=ORIENTED_EDGE('',*,*,#1857,.T.);
#1165=ORIENTED_EDGE('',*,*,#1926,.T.);
#1166=ORIENTED_EDGE('',*,*,#1797,.T.);
#1167=ORIENTED_EDGE('',*,*,#1927,.T.);
#1168=ORIENTED_EDGE('',*,*,#1855,.F.);
#1169=ORIENTED_EDGE('',*,*,#1928,.T.);
#1170=ORIENTED_EDGE('',*,*,#1799,.F.);
#1171=ORIENTED_EDGE('',*,*,#1929,.T.);
#1172=ORIENTED_EDGE('',*,*,#1803,.T.);
#1173=ORIENTED_EDGE('',*,*,#1930,.T.);
#1174=ORIENTED_EDGE('',*,*,#1859,.T.);
#1175=ORIENTED_EDGE('',*,*,#1931,.T.);
#1176=ORIENTED_EDGE('',*,*,#1853,.F.);
#1177=ORIENTED_EDGE('',*,*,#1932,.T.);
#1178=ORIENTED_EDGE('',*,*,#1801,.F.);
#1179=ORIENTED_EDGE('',*,*,#1933,.T.);
#1180=ORIENTED_EDGE('',*,*,#1789,.T.);
#1181=ORIENTED_EDGE('',*,*,#1934,.T.);
#1182=ORIENTED_EDGE('',*,*,#1849,.T.);
#1183=ORIENTED_EDGE('',*,*,#1935,.T.);
#1184=ORIENTED_EDGE('',*,*,#1791,.F.);
#1185=ORIENTED_EDGE('',*,*,#1936,.T.);
#1186=ORIENTED_EDGE('',*,*,#1847,.F.);
#1187=ORIENTED_EDGE('',*,*,#1937,.T.);
#1188=ORIENTED_EDGE('',*,*,#1795,.T.);
#1189=ORIENTED_EDGE('',*,*,#1938,.T.);
#1190=ORIENTED_EDGE('',*,*,#1851,.T.);
#1191=ORIENTED_EDGE('',*,*,#1939,.T.);
#1192=ORIENTED_EDGE('',*,*,#1845,.F.);
#1193=ORIENTED_EDGE('',*,*,#1940,.T.);
#1194=ORIENTED_EDGE('',*,*,#1793,.F.);
#1195=ORIENTED_EDGE('',*,*,#1941,.T.);
#1196=ORIENTED_EDGE('',*,*,#1781,.T.);
#1197=ORIENTED_EDGE('',*,*,#1942,.T.);
#1198=ORIENTED_EDGE('',*,*,#1841,.T.);
#1199=ORIENTED_EDGE('',*,*,#1943,.T.);
#1200=ORIENTED_EDGE('',*,*,#1783,.F.);
#1201=ORIENTED_EDGE('',*,*,#1944,.T.);
#1202=ORIENTED_EDGE('',*,*,#1839,.F.);
#1203=ORIENTED_EDGE('',*,*,#1945,.T.);
#1204=ORIENTED_EDGE('',*,*,#1843,.T.);
#1205=ORIENTED_EDGE('',*,*,#1946,.T.);
#1206=ORIENTED_EDGE('',*,*,#1787,.T.);
#1207=ORIENTED_EDGE('',*,*,#1947,.T.);
#1208=ORIENTED_EDGE('',*,*,#1785,.F.);
#1209=ORIENTED_EDGE('',*,*,#1948,.T.);
#1210=ORIENTED_EDGE('',*,*,#1837,.F.);
#1211=ORIENTED_EDGE('',*,*,#1949,.T.);
#1212=ORIENTED_EDGE('',*,*,#1816,.F.);
#1213=ORIENTED_EDGE('',*,*,#1950,.F.);
#1214=ORIENTED_EDGE('',*,*,#1951,.T.);
#1215=ORIENTED_EDGE('',*,*,#1952,.T.);
#1216=ORIENTED_EDGE('',*,*,#1815,.T.);
#1217=ORIENTED_EDGE('',*,*,#1953,.F.);
#1218=ORIENTED_EDGE('',*,*,#1954,.F.);
#1219=ORIENTED_EDGE('',*,*,#1950,.T.);
#1220=ORIENTED_EDGE('',*,*,#1826,.T.);
#1221=ORIENTED_EDGE('',*,*,#1955,.F.);
#1222=ORIENTED_EDGE('',*,*,#1956,.F.);
#1223=ORIENTED_EDGE('',*,*,#1953,.T.);
#1224=ORIENTED_EDGE('',*,*,#1825,.T.);
#1225=ORIENTED_EDGE('',*,*,#1957,.F.);
#1226=ORIENTED_EDGE('',*,*,#1958,.F.);
#1227=ORIENTED_EDGE('',*,*,#1955,.T.);
#1228=ORIENTED_EDGE('',*,*,#1824,.T.);
#1229=ORIENTED_EDGE('',*,*,#1959,.F.);
#1230=ORIENTED_EDGE('',*,*,#1960,.F.);
#1231=ORIENTED_EDGE('',*,*,#1957,.T.);
#1232=ORIENTED_EDGE('',*,*,#1823,.F.);
#1233=ORIENTED_EDGE('',*,*,#1961,.F.);
#1234=ORIENTED_EDGE('',*,*,#1962,.T.);
#1235=ORIENTED_EDGE('',*,*,#1959,.T.);
#1236=ORIENTED_EDGE('',*,*,#1822,.T.);
#1237=ORIENTED_EDGE('',*,*,#1963,.F.);
#1238=ORIENTED_EDGE('',*,*,#1964,.F.);
#1239=ORIENTED_EDGE('',*,*,#1961,.T.);
#1240=ORIENTED_EDGE('',*,*,#1821,.F.);
#1241=ORIENTED_EDGE('',*,*,#1965,.F.);
#1242=ORIENTED_EDGE('',*,*,#1966,.T.);
#1243=ORIENTED_EDGE('',*,*,#1963,.T.);
#1244=ORIENTED_EDGE('',*,*,#1820,.F.);
#1245=ORIENTED_EDGE('',*,*,#1967,.F.);
#1246=ORIENTED_EDGE('',*,*,#1968,.T.);
#1247=ORIENTED_EDGE('',*,*,#1965,.T.);
#1248=ORIENTED_EDGE('',*,*,#1819,.F.);
#1249=ORIENTED_EDGE('',*,*,#1969,.F.);
#1250=ORIENTED_EDGE('',*,*,#1970,.T.);
#1251=ORIENTED_EDGE('',*,*,#1967,.T.);
#1252=ORIENTED_EDGE('',*,*,#1818,.F.);
#1253=ORIENTED_EDGE('',*,*,#1971,.F.);
#1254=ORIENTED_EDGE('',*,*,#1972,.T.);
#1255=ORIENTED_EDGE('',*,*,#1969,.T.);
#1256=ORIENTED_EDGE('',*,*,#1817,.T.);
#1257=ORIENTED_EDGE('',*,*,#1952,.F.);
#1258=ORIENTED_EDGE('',*,*,#1973,.F.);
#1259=ORIENTED_EDGE('',*,*,#1971,.T.);
#1260=ORIENTED_EDGE('',*,*,#1951,.F.);
#1261=ORIENTED_EDGE('',*,*,#1954,.T.);
#1262=ORIENTED_EDGE('',*,*,#1956,.T.);
#1263=ORIENTED_EDGE('',*,*,#1958,.T.);
#1264=ORIENTED_EDGE('',*,*,#1960,.T.);
#1265=ORIENTED_EDGE('',*,*,#1962,.F.);
#1266=ORIENTED_EDGE('',*,*,#1964,.T.);
#1267=ORIENTED_EDGE('',*,*,#1966,.F.);
#1268=ORIENTED_EDGE('',*,*,#1968,.F.);
#1269=ORIENTED_EDGE('',*,*,#1970,.F.);
#1270=ORIENTED_EDGE('',*,*,#1972,.F.);
#1271=ORIENTED_EDGE('',*,*,#1973,.T.);
#1272=ORIENTED_EDGE('',*,*,#1777,.T.);
#1273=ORIENTED_EDGE('',*,*,#1974,.F.);
#1274=ORIENTED_EDGE('',*,*,#1975,.F.);
#1275=ORIENTED_EDGE('',*,*,#1976,.T.);
#1276=ORIENTED_EDGE('',*,*,#1780,.T.);
#1277=ORIENTED_EDGE('',*,*,#1977,.F.);
#1278=ORIENTED_EDGE('',*,*,#1978,.F.);
#1279=ORIENTED_EDGE('',*,*,#1974,.T.);
#1280=ORIENTED_EDGE('',*,*,#1779,.F.);
#1281=ORIENTED_EDGE('',*,*,#1979,.F.);
#1282=ORIENTED_EDGE('',*,*,#1980,.T.);
#1283=ORIENTED_EDGE('',*,*,#1977,.T.);
#1284=ORIENTED_EDGE('',*,*,#1778,.F.);
#1285=ORIENTED_EDGE('',*,*,#1976,.F.);
#1286=ORIENTED_EDGE('',*,*,#1981,.T.);
#1287=ORIENTED_EDGE('',*,*,#1979,.T.);
#1288=ORIENTED_EDGE('',*,*,#1975,.T.);
#1289=ORIENTED_EDGE('',*,*,#1978,.T.);
#1290=ORIENTED_EDGE('',*,*,#1980,.F.);
#1291=ORIENTED_EDGE('',*,*,#1981,.F.);
#1292=ORIENTED_EDGE('',*,*,#1982,.F.);
#1293=ORIENTED_EDGE('',*,*,#1983,.T.);
#1294=ORIENTED_EDGE('',*,*,#1916,.F.);
#1295=ORIENTED_EDGE('',*,*,#1875,.F.);
#1296=ORIENTED_EDGE('',*,*,#1829,.F.);
#1297=ORIENTED_EDGE('',*,*,#1768,.F.);
#1298=ORIENTED_EDGE('',*,*,#1712,.F.);
#1299=ORIENTED_EDGE('',*,*,#1738,.T.);
#1300=ORIENTED_EDGE('',*,*,#1865,.F.);
#1301=ORIENTED_EDGE('',*,*,#1807,.F.);
#1302=ORIENTED_EDGE('',*,*,#1872,.F.);
#1303=ORIENTED_EDGE('',*,*,#1984,.T.);
#1304=ORIENTED_EDGE('',*,*,#1714,.F.);
#1305=ORIENTED_EDGE('',*,*,#1812,.F.);
#1306=ORIENTED_EDGE('',*,*,#1867,.F.);
#1307=ORIENTED_EDGE('',*,*,#1732,.T.);
#1308=ORIENTED_EDGE('',*,*,#1679,.F.);
#1309=ORIENTED_EDGE('',*,*,#1809,.F.);
#1310=ORIENTED_EDGE('',*,*,#1677,.F.);
#1311=ORIENTED_EDGE('',*,*,#1985,.T.);
#1312=ORIENTED_EDGE('',*,*,#1868,.F.);
#1313=ORIENTED_EDGE('',*,*,#1810,.F.);
#1314=ORIENTED_EDGE('',*,*,#1745,.T.);
#1315=ORIENTED_EDGE('',*,*,#1986,.T.);
#1316=ORIENTED_EDGE('',*,*,#1987,.F.);
#1317=ORIENTED_EDGE('',*,*,#1754,.F.);
#1318=ORIENTED_EDGE('',*,*,#1757,.T.);
#1319=ORIENTED_EDGE('',*,*,#1988,.T.);
#1320=ORIENTED_EDGE('',*,*,#1746,.F.);
#1321=ORIENTED_EDGE('',*,*,#1987,.T.);
#1322=ORIENTED_EDGE('',*,*,#1989,.T.);
#1323=ORIENTED_EDGE('',*,*,#1770,.F.);
#1324=ORIENTED_EDGE('',*,*,#1901,.F.);
#1325=ORIENTED_EDGE('',*,*,#1749,.T.);
#1326=ORIENTED_EDGE('',*,*,#1990,.T.);
#1327=ORIENTED_EDGE('',*,*,#1763,.F.);
#1328=ORIENTED_EDGE('',*,*,#1991,.F.);
#1329=ORIENTED_EDGE('',*,*,#1992,.T.);
#1330=ORIENTED_EDGE('',*,*,#1761,.T.);
#1331=ORIENTED_EDGE('',*,*,#1993,.F.);
#1332=ORIENTED_EDGE('',*,*,#1751,.F.);
#1333=ORIENTED_EDGE('',*,*,#1991,.T.);
#1334=ORIENTED_EDGE('',*,*,#1762,.T.);
#1335=ORIENTED_EDGE('',*,*,#1992,.F.);
#1336=ORIENTED_EDGE('',*,*,#1750,.F.);
#1337=ORIENTED_EDGE('',*,*,#1744,.F.);
#1338=ORIENTED_EDGE('',*,*,#1771,.F.);
#1339=ORIENTED_EDGE('',*,*,#1989,.F.);
#1340=ORIENTED_EDGE('',*,*,#1986,.F.);
#1341=ORIENTED_EDGE('',*,*,#1748,.F.);
#1342=ORIENTED_EDGE('',*,*,#1994,.T.);
#1343=ORIENTED_EDGE('',*,*,#1755,.T.);
#1344=ORIENTED_EDGE('',*,*,#1990,.F.);
#1345=ORIENTED_EDGE('',*,*,#1760,.T.);
#1346=ORIENTED_EDGE('',*,*,#1995,.T.);
#1347=ORIENTED_EDGE('',*,*,#1752,.F.);
#1348=ORIENTED_EDGE('',*,*,#1993,.T.);
#1349=ORIENTED_EDGE('',*,*,#1747,.F.);
#1350=ORIENTED_EDGE('',*,*,#1988,.F.);
#1351=ORIENTED_EDGE('',*,*,#1756,.F.);
#1352=ORIENTED_EDGE('',*,*,#1994,.F.);
#1353=ORIENTED_EDGE('',*,*,#1759,.F.);
#1354=ORIENTED_EDGE('',*,*,#1740,.F.);
#1355=ORIENTED_EDGE('',*,*,#1753,.F.);
#1356=ORIENTED_EDGE('',*,*,#1995,.F.);
#1357=ORIENTED_EDGE('',*,*,#1996,.F.);
#1358=ORIENTED_EDGE('',*,*,#1884,.F.);
#1359=ORIENTED_EDGE('',*,*,#1831,.F.);
#1360=ORIENTED_EDGE('',*,*,#1874,.F.);
#1361=ORIENTED_EDGE('',*,*,#1915,.F.);
#1362=ORIENTED_EDGE('',*,*,#1997,.T.);
#1363=ORIENTED_EDGE('',*,*,#1676,.F.);
#1364=ORIENTED_EDGE('',*,*,#1998,.T.);
#1365=ORIENTED_EDGE('',*,*,#1997,.F.);
#1366=ORIENTED_EDGE('',*,*,#1914,.F.);
#1367=ORIENTED_EDGE('',*,*,#1869,.F.);
#1368=ORIENTED_EDGE('',*,*,#1985,.F.);
#1369=ORIENTED_EDGE('',*,*,#1983,.F.);
#1370=ORIENTED_EDGE('',*,*,#1999,.T.);
#1371=ORIENTED_EDGE('',*,*,#1707,.F.);
#1372=ORIENTED_EDGE('',*,*,#1984,.F.);
#1373=ORIENTED_EDGE('',*,*,#1871,.F.);
#1374=ORIENTED_EDGE('',*,*,#1917,.F.);
#1375=ORIENTED_EDGE('',*,*,#1710,.T.);
#1376=ORIENTED_EDGE('',*,*,#1730,.F.);
#1377=ORIENTED_EDGE('',*,*,#1716,.F.);
#1378=ORIENTED_EDGE('',*,*,#1735,.T.);
#1379=ORIENTED_EDGE('',*,*,#1999,.F.);
#1380=ORIENTED_EDGE('',*,*,#1982,.T.);
#1381=ORIENTED_EDGE('',*,*,#1728,.T.);
#1382=ORIENTED_EDGE('',*,*,#1708,.F.);
#1383=ORIENTED_EDGE('',*,*,#1675,.T.);
#1384=ORIENTED_EDGE('',*,*,#1725,.T.);
#1385=ORIENTED_EDGE('',*,*,#1996,.T.);
#1386=ORIENTED_EDGE('',*,*,#1998,.F.);
#1387=ORIENTED_EDGE('',*,*,#1731,.T.);
#1388=ORIENTED_EDGE('',*,*,#1721,.F.);
#1389=ORIENTED_EDGE('',*,*,#1726,.F.);
#1390=ORIENTED_EDGE('',*,*,#1681,.F.);
#1391=ORIENTED_EDGE('',*,*,#1842,.F.);
#1392=ORIENTED_EDGE('',*,*,#1942,.F.);
#1393=ORIENTED_EDGE('',*,*,#1788,.F.);
#1394=ORIENTED_EDGE('',*,*,#1946,.F.);
#1395=ORIENTED_EDGE('',*,*,#1840,.F.);
#1396=ORIENTED_EDGE('',*,*,#1944,.F.);
#1397=ORIENTED_EDGE('',*,*,#1782,.F.);
#1398=ORIENTED_EDGE('',*,*,#1943,.F.);
#1399=ORIENTED_EDGE('',*,*,#1838,.F.);
#1400=ORIENTED_EDGE('',*,*,#1948,.F.);
#1401=ORIENTED_EDGE('',*,*,#1784,.F.);
#1402=ORIENTED_EDGE('',*,*,#1945,.F.);
#1403=ORIENTED_EDGE('',*,*,#1844,.F.);
#1404=ORIENTED_EDGE('',*,*,#1947,.F.);
#1405=ORIENTED_EDGE('',*,*,#1786,.F.);
#1406=ORIENTED_EDGE('',*,*,#1949,.F.);
#1407=ORIENTED_EDGE('',*,*,#1860,.F.);
#1408=ORIENTED_EDGE('',*,*,#1930,.F.);
#1409=ORIENTED_EDGE('',*,*,#1802,.F.);
#1410=ORIENTED_EDGE('',*,*,#1932,.F.);
#1411=ORIENTED_EDGE('',*,*,#1854,.F.);
#1412=ORIENTED_EDGE('',*,*,#1933,.F.);
#1413=ORIENTED_EDGE('',*,*,#1800,.F.);
#1414=ORIENTED_EDGE('',*,*,#1928,.F.);
#1415=ORIENTED_EDGE('',*,*,#1856,.F.);
#1416=ORIENTED_EDGE('',*,*,#1929,.F.);
#1417=ORIENTED_EDGE('',*,*,#1798,.F.);
#1418=ORIENTED_EDGE('',*,*,#1926,.F.);
#1419=ORIENTED_EDGE('',*,*,#1858,.F.);
#1420=ORIENTED_EDGE('',*,*,#1927,.F.);
#1421=ORIENTED_EDGE('',*,*,#1804,.F.);
#1422=ORIENTED_EDGE('',*,*,#1931,.F.);
#1423=ORIENTED_EDGE('',*,*,#1852,.F.);
#1424=ORIENTED_EDGE('',*,*,#1938,.F.);
#1425=ORIENTED_EDGE('',*,*,#1794,.F.);
#1426=ORIENTED_EDGE('',*,*,#1940,.F.);
#1427=ORIENTED_EDGE('',*,*,#1850,.F.);
#1428=ORIENTED_EDGE('',*,*,#1934,.F.);
#1429=ORIENTED_EDGE('',*,*,#1796,.F.);
#1430=ORIENTED_EDGE('',*,*,#1939,.F.);
#1431=ORIENTED_EDGE('',*,*,#1848,.F.);
#1432=ORIENTED_EDGE('',*,*,#1936,.F.);
#1433=ORIENTED_EDGE('',*,*,#1790,.F.);
#1434=ORIENTED_EDGE('',*,*,#1935,.F.);
#1435=ORIENTED_EDGE('',*,*,#1846,.F.);
#1436=ORIENTED_EDGE('',*,*,#1941,.F.);
#1437=ORIENTED_EDGE('',*,*,#1792,.F.);
#1438=ORIENTED_EDGE('',*,*,#1937,.F.);
#1439=ORIENTED_EDGE('',*,*,#1639,.F.);
#1440=ORIENTED_EDGE('',*,*,#2000,.F.);
#1441=ORIENTED_EDGE('',*,*,#2001,.T.);
#1442=ORIENTED_EDGE('',*,*,#2002,.T.);
#1443=ORIENTED_EDGE('',*,*,#1638,.T.);
#1444=ORIENTED_EDGE('',*,*,#2003,.F.);
#1445=ORIENTED_EDGE('',*,*,#2004,.F.);
#1446=ORIENTED_EDGE('',*,*,#2000,.T.);
#1447=ORIENTED_EDGE('',*,*,#1637,.F.);
#1448=ORIENTED_EDGE('',*,*,#2005,.F.);
#1449=ORIENTED_EDGE('',*,*,#2006,.T.);
#1450=ORIENTED_EDGE('',*,*,#2003,.T.);
#1451=ORIENTED_EDGE('',*,*,#1636,.F.);
#1452=ORIENTED_EDGE('',*,*,#2007,.F.);
#1453=ORIENTED_EDGE('',*,*,#2008,.T.);
#1454=ORIENTED_EDGE('',*,*,#2005,.T.);
#1455=ORIENTED_EDGE('',*,*,#1635,.F.);
#1456=ORIENTED_EDGE('',*,*,#2009,.F.);
#1457=ORIENTED_EDGE('',*,*,#2010,.T.);
#1458=ORIENTED_EDGE('',*,*,#2007,.T.);
#1459=ORIENTED_EDGE('',*,*,#1634,.F.);
#1460=ORIENTED_EDGE('',*,*,#1835,.F.);
#1461=ORIENTED_EDGE('',*,*,#2011,.T.);
#1462=ORIENTED_EDGE('',*,*,#2009,.T.);
#1463=ORIENTED_EDGE('',*,*,#1650,.F.);
#1464=ORIENTED_EDGE('',*,*,#2012,.F.);
#1465=ORIENTED_EDGE('',*,*,#2013,.T.);
#1466=ORIENTED_EDGE('',*,*,#1833,.T.);
#1467=ORIENTED_EDGE('',*,*,#1649,.F.);
#1468=ORIENTED_EDGE('',*,*,#2014,.F.);
#1469=ORIENTED_EDGE('',*,*,#2015,.T.);
#1470=ORIENTED_EDGE('',*,*,#2012,.T.);
#1471=ORIENTED_EDGE('',*,*,#1648,.F.);
#1472=ORIENTED_EDGE('',*,*,#2016,.F.);
#1473=ORIENTED_EDGE('',*,*,#2017,.T.);
#1474=ORIENTED_EDGE('',*,*,#2014,.T.);
#1475=ORIENTED_EDGE('',*,*,#1647,.F.);
#1476=ORIENTED_EDGE('',*,*,#2018,.F.);
#1477=ORIENTED_EDGE('',*,*,#2019,.T.);
#1478=ORIENTED_EDGE('',*,*,#2016,.T.);
#1479=ORIENTED_EDGE('',*,*,#1646,.T.);
#1480=ORIENTED_EDGE('',*,*,#2020,.F.);
#1481=ORIENTED_EDGE('',*,*,#2021,.F.);
#1482=ORIENTED_EDGE('',*,*,#2018,.T.);
#1483=ORIENTED_EDGE('',*,*,#1645,.F.);
#1484=ORIENTED_EDGE('',*,*,#2022,.F.);
#1485=ORIENTED_EDGE('',*,*,#2023,.T.);
#1486=ORIENTED_EDGE('',*,*,#2020,.T.);
#1487=ORIENTED_EDGE('',*,*,#1644,.F.);
#1488=ORIENTED_EDGE('',*,*,#2024,.F.);
#1489=ORIENTED_EDGE('',*,*,#2025,.T.);
#1490=ORIENTED_EDGE('',*,*,#2022,.T.);
#1491=ORIENTED_EDGE('',*,*,#1643,.F.);
#1492=ORIENTED_EDGE('',*,*,#2026,.F.);
#1493=ORIENTED_EDGE('',*,*,#2027,.T.);
#1494=ORIENTED_EDGE('',*,*,#2024,.T.);
#1495=ORIENTED_EDGE('',*,*,#1642,.F.);
#1496=ORIENTED_EDGE('',*,*,#2028,.F.);
#1497=ORIENTED_EDGE('',*,*,#2029,.T.);
#1498=ORIENTED_EDGE('',*,*,#2026,.T.);
#1499=ORIENTED_EDGE('',*,*,#1641,.F.);
#1500=ORIENTED_EDGE('',*,*,#2030,.F.);
#1501=ORIENTED_EDGE('',*,*,#2031,.T.);
#1502=ORIENTED_EDGE('',*,*,#2028,.T.);
#1503=ORIENTED_EDGE('',*,*,#1640,.F.);
#1504=ORIENTED_EDGE('',*,*,#2002,.F.);
#1505=ORIENTED_EDGE('',*,*,#2032,.T.);
#1506=ORIENTED_EDGE('',*,*,#2030,.T.);
#1507=ORIENTED_EDGE('',*,*,#2001,.F.);
#1508=ORIENTED_EDGE('',*,*,#2004,.T.);
#1509=ORIENTED_EDGE('',*,*,#2006,.F.);
#1510=ORIENTED_EDGE('',*,*,#2008,.F.);
#1511=ORIENTED_EDGE('',*,*,#2010,.F.);
#1512=ORIENTED_EDGE('',*,*,#2011,.F.);
#1513=ORIENTED_EDGE('',*,*,#1834,.T.);
#1514=ORIENTED_EDGE('',*,*,#2013,.F.);
#1515=ORIENTED_EDGE('',*,*,#2015,.F.);
#1516=ORIENTED_EDGE('',*,*,#2017,.F.);
#1517=ORIENTED_EDGE('',*,*,#2019,.F.);
#1518=ORIENTED_EDGE('',*,*,#2021,.T.);
#1519=ORIENTED_EDGE('',*,*,#2023,.F.);
#1520=ORIENTED_EDGE('',*,*,#2025,.F.);
#1521=ORIENTED_EDGE('',*,*,#2027,.F.);
#1522=ORIENTED_EDGE('',*,*,#2029,.F.);
#1523=ORIENTED_EDGE('',*,*,#2031,.F.);
#1524=ORIENTED_EDGE('',*,*,#2032,.F.);
#1525=ORIENTED_EDGE('',*,*,#1661,.F.);
#1526=ORIENTED_EDGE('',*,*,#2033,.F.);
#1527=ORIENTED_EDGE('',*,*,#2034,.T.);
#1528=ORIENTED_EDGE('',*,*,#2035,.T.);
#1529=ORIENTED_EDGE('',*,*,#1660,.T.);
#1530=ORIENTED_EDGE('',*,*,#2036,.F.);
#1531=ORIENTED_EDGE('',*,*,#2037,.F.);
#1532=ORIENTED_EDGE('',*,*,#2033,.T.);
#1533=ORIENTED_EDGE('',*,*,#1659,.F.);
#1534=ORIENTED_EDGE('',*,*,#2038,.F.);
#1535=ORIENTED_EDGE('',*,*,#2039,.T.);
#1536=ORIENTED_EDGE('',*,*,#2036,.T.);
#1537=ORIENTED_EDGE('',*,*,#1658,.F.);
#1538=ORIENTED_EDGE('',*,*,#2040,.F.);
#1539=ORIENTED_EDGE('',*,*,#2041,.T.);
#1540=ORIENTED_EDGE('',*,*,#2038,.T.);
#1541=ORIENTED_EDGE('',*,*,#1657,.F.);
#1542=ORIENTED_EDGE('',*,*,#2042,.F.);
#1543=ORIENTED_EDGE('',*,*,#2043,.T.);
#1544=ORIENTED_EDGE('',*,*,#2040,.T.);
#1545=ORIENTED_EDGE('',*,*,#1656,.F.);
#1546=ORIENTED_EDGE('',*,*,#1828,.F.);
#1547=ORIENTED_EDGE('',*,*,#2044,.T.);
#1548=ORIENTED_EDGE('',*,*,#2042,.T.);
#1549=ORIENTED_EDGE('',*,*,#1632,.F.);
#1550=ORIENTED_EDGE('',*,*,#2045,.F.);
#1551=ORIENTED_EDGE('',*,*,#2046,.T.);
#1552=ORIENTED_EDGE('',*,*,#1836,.T.);
#1553=ORIENTED_EDGE('',*,*,#1631,.F.);
#1554=ORIENTED_EDGE('',*,*,#2047,.F.);
#1555=ORIENTED_EDGE('',*,*,#2048,.T.);
#1556=ORIENTED_EDGE('',*,*,#2045,.T.);
#1557=ORIENTED_EDGE('',*,*,#1670,.F.);
#1558=ORIENTED_EDGE('',*,*,#2049,.F.);
#1559=ORIENTED_EDGE('',*,*,#2050,.T.);
#1560=ORIENTED_EDGE('',*,*,#2047,.T.);
#1561=ORIENTED_EDGE('',*,*,#1669,.F.);
#1562=ORIENTED_EDGE('',*,*,#2051,.F.);
#1563=ORIENTED_EDGE('',*,*,#2052,.T.);
#1564=ORIENTED_EDGE('',*,*,#2049,.T.);
#1565=ORIENTED_EDGE('',*,*,#1668,.T.);
#1566=ORIENTED_EDGE('',*,*,#2053,.F.);
#1567=ORIENTED_EDGE('',*,*,#2054,.F.);
#1568=ORIENTED_EDGE('',*,*,#2051,.T.);
#1569=ORIENTED_EDGE('',*,*,#1667,.F.);
#1570=ORIENTED_EDGE('',*,*,#2055,.F.);
#1571=ORIENTED_EDGE('',*,*,#2056,.T.);
#1572=ORIENTED_EDGE('',*,*,#2053,.T.);
#1573=ORIENTED_EDGE('',*,*,#1666,.F.);
#1574=ORIENTED_EDGE('',*,*,#2057,.F.);
#1575=ORIENTED_EDGE('',*,*,#2058,.T.);
#1576=ORIENTED_EDGE('',*,*,#2055,.T.);
#1577=ORIENTED_EDGE('',*,*,#1665,.F.);
#1578=ORIENTED_EDGE('',*,*,#2059,.F.);
#1579=ORIENTED_EDGE('',*,*,#2060,.T.);
#1580=ORIENTED_EDGE('',*,*,#2057,.T.);
#1581=ORIENTED_EDGE('',*,*,#1664,.F.);
#1582=ORIENTED_EDGE('',*,*,#2061,.F.);
#1583=ORIENTED_EDGE('',*,*,#2062,.T.);
#1584=ORIENTED_EDGE('',*,*,#2059,.T.);
#1585=ORIENTED_EDGE('',*,*,#1663,.F.);
#1586=ORIENTED_EDGE('',*,*,#2063,.F.);
#1587=ORIENTED_EDGE('',*,*,#2064,.T.);
#1588=ORIENTED_EDGE('',*,*,#2061,.T.);
#1589=ORIENTED_EDGE('',*,*,#1662,.F.);
#1590=ORIENTED_EDGE('',*,*,#2035,.F.);
#1591=ORIENTED_EDGE('',*,*,#2065,.T.);
#1592=ORIENTED_EDGE('',*,*,#2063,.T.);
#1593=ORIENTED_EDGE('',*,*,#2034,.F.);
#1594=ORIENTED_EDGE('',*,*,#2037,.T.);
#1595=ORIENTED_EDGE('',*,*,#2039,.F.);
#1596=ORIENTED_EDGE('',*,*,#2041,.F.);
#1597=ORIENTED_EDGE('',*,*,#2043,.F.);
#1598=ORIENTED_EDGE('',*,*,#2044,.F.);
#1599=ORIENTED_EDGE('',*,*,#1827,.T.);
#1600=ORIENTED_EDGE('',*,*,#2046,.F.);
#1601=ORIENTED_EDGE('',*,*,#2048,.F.);
#1602=ORIENTED_EDGE('',*,*,#2050,.F.);
#1603=ORIENTED_EDGE('',*,*,#2052,.F.);
#1604=ORIENTED_EDGE('',*,*,#2054,.T.);
#1605=ORIENTED_EDGE('',*,*,#2056,.F.);
#1606=ORIENTED_EDGE('',*,*,#2058,.F.);
#1607=ORIENTED_EDGE('',*,*,#2060,.F.);
#1608=ORIENTED_EDGE('',*,*,#2062,.F.);
#1609=ORIENTED_EDGE('',*,*,#2064,.F.);
#1610=ORIENTED_EDGE('',*,*,#2065,.F.);
#1611=ORIENTED_EDGE('',*,*,#1671,.F.);
#1612=ORIENTED_EDGE('',*,*,#2066,.F.);
#1613=ORIENTED_EDGE('',*,*,#2067,.T.);
#1614=ORIENTED_EDGE('',*,*,#2068,.T.);
#1615=ORIENTED_EDGE('',*,*,#1674,.F.);
#1616=ORIENTED_EDGE('',*,*,#2069,.F.);
#1617=ORIENTED_EDGE('',*,*,#2070,.T.);
#1618=ORIENTED_EDGE('',*,*,#2066,.T.);
#1619=ORIENTED_EDGE('',*,*,#1673,.F.);
#1620=ORIENTED_EDGE('',*,*,#2071,.F.);
#1621=ORIENTED_EDGE('',*,*,#2072,.T.);
#1622=ORIENTED_EDGE('',*,*,#2069,.T.);
#1623=ORIENTED_EDGE('',*,*,#1672,.F.);
#1624=ORIENTED_EDGE('',*,*,#2068,.F.);
#1625=ORIENTED_EDGE('',*,*,#2073,.T.);
#1626=ORIENTED_EDGE('',*,*,#2071,.T.);
#1627=ORIENTED_EDGE('',*,*,#2067,.F.);
#1628=ORIENTED_EDGE('',*,*,#2070,.F.);
#1629=ORIENTED_EDGE('',*,*,#2072,.F.);
#1630=ORIENTED_EDGE('',*,*,#2073,.F.);
#1631=EDGE_CURVE('',#2074,#2075,#2368,.F.);
#1632=EDGE_CURVE('',#2075,#2076,#2369,.F.);
#1633=EDGE_CURVE('',#2076,#2077,#87,.T.);
#1634=EDGE_CURVE('',#2077,#2078,#2370,.F.);
#1635=EDGE_CURVE('',#2078,#2079,#2371,.F.);
#1636=EDGE_CURVE('',#2079,#2080,#2372,.F.);
#1637=EDGE_CURVE('',#2080,#2081,#88,.T.);
#1638=EDGE_CURVE('',#2082,#2081,#89,.T.);
#1639=EDGE_CURVE('',#2082,#2083,#90,.T.);
#1640=EDGE_CURVE('',#2083,#2084,#2373,.T.);
#1641=EDGE_CURVE('',#2084,#2085,#2374,.T.);
#1642=EDGE_CURVE('',#2085,#2086,#91,.T.);
#1643=EDGE_CURVE('',#2086,#2087,#2375,.T.);
#1644=EDGE_CURVE('',#2087,#2088,#2376,.T.);
#1645=EDGE_CURVE('',#2088,#2089,#92,.T.);
#1646=EDGE_CURVE('',#2090,#2089,#93,.T.);
#1647=EDGE_CURVE('',#2090,#2091,#94,.T.);
#1648=EDGE_CURVE('',#2091,#2092,#2377,.F.);
#1649=EDGE_CURVE('',#2092,#2093,#2378,.F.);
#1650=EDGE_CURVE('',#2093,#2094,#2379,.F.);
#1651=EDGE_CURVE('',#2094,#2095,#95,.T.);
#1652=EDGE_CURVE('',#2095,#2096,#96,.F.);
#1653=EDGE_CURVE('',#2096,#2097,#2380,.T.);
#1654=EDGE_CURVE('',#2097,#2098,#97,.T.);
#1655=EDGE_CURVE('',#2098,#2099,#98,.T.);
#1656=EDGE_CURVE('',#2099,#2100,#2381,.F.);
#1657=EDGE_CURVE('',#2100,#2101,#2382,.F.);
#1658=EDGE_CURVE('',#2101,#2102,#2383,.F.);
#1659=EDGE_CURVE('',#2102,#2103,#99,.T.);
#1660=EDGE_CURVE('',#2104,#2103,#100,.T.);
#1661=EDGE_CURVE('',#2104,#2105,#101,.T.);
#1662=EDGE_CURVE('',#2105,#2106,#2384,.T.);
#1663=EDGE_CURVE('',#2106,#2107,#2385,.T.);
#1664=EDGE_CURVE('',#2107,#2108,#102,.T.);
#1665=EDGE_CURVE('',#2108,#2109,#2386,.T.);
#1666=EDGE_CURVE('',#2109,#2110,#2387,.T.);
#1667=EDGE_CURVE('',#2110,#2111,#103,.T.);
#1668=EDGE_CURVE('',#2112,#2111,#104,.T.);
#1669=EDGE_CURVE('',#2112,#2113,#105,.T.);
#1670=EDGE_CURVE('',#2113,#2074,#2388,.F.);
#1671=EDGE_CURVE('',#2114,#2115,#106,.T.);
#1672=EDGE_CURVE('',#2115,#2116,#107,.T.);
#1673=EDGE_CURVE('',#2116,#2117,#108,.T.);
#1674=EDGE_CURVE('',#2117,#2114,#109,.T.);
#1675=EDGE_CURVE('',#2118,#2119,#2389,.F.);
#1676=EDGE_CURVE('',#2118,#2120,#110,.F.);
#1677=EDGE_CURVE('',#2120,#2121,#111,.T.);
#1678=EDGE_CURVE('',#2122,#2121,#112,.T.);
#1679=EDGE_CURVE('',#2122,#2123,#113,.F.);
#1680=EDGE_CURVE('',#2123,#2124,#114,.F.);
#1681=EDGE_CURVE('',#2124,#2125,#2390,.T.);
#1682=EDGE_CURVE('',#2125,#2119,#115,.T.);
#1683=EDGE_CURVE('',#2126,#2127,#116,.T.);
#1684=EDGE_CURVE('',#2127,#2128,#117,.T.);
#1685=EDGE_CURVE('',#2128,#2129,#118,.T.);
#1686=EDGE_CURVE('',#2129,#2130,#119,.T.);
#1687=EDGE_CURVE('',#2131,#2130,#120,.T.);
#1688=EDGE_CURVE('',#2131,#2132,#121,.T.);
#1689=EDGE_CURVE('',#2132,#2133,#122,.T.);
#1690=EDGE_CURVE('',#2133,#2134,#123,.F.);
#1691=EDGE_CURVE('',#2134,#2135,#124,.T.);
#1692=EDGE_CURVE('',#2136,#2135,#125,.T.);
#1693=EDGE_CURVE('',#2137,#2136,#126,.T.);
#1694=EDGE_CURVE('',#2137,#2126,#127,.F.);
#1695=EDGE_CURVE('',#2138,#2139,#128,.T.);
#1696=EDGE_CURVE('',#2139,#2140,#129,.T.);
#1697=EDGE_CURVE('',#2140,#2141,#130,.T.);
#1698=EDGE_CURVE('',#2141,#2142,#131,.T.);
#1699=EDGE_CURVE('',#2143,#2142,#132,.T.);
#1700=EDGE_CURVE('',#2143,#2144,#133,.T.);
#1701=EDGE_CURVE('',#2144,#2145,#134,.T.);
#1702=EDGE_CURVE('',#2145,#2146,#135,.F.);
#1703=EDGE_CURVE('',#2146,#2147,#136,.T.);
#1704=EDGE_CURVE('',#2148,#2147,#137,.T.);
#1705=EDGE_CURVE('',#2149,#2148,#138,.T.);
#1706=EDGE_CURVE('',#2149,#2138,#139,.F.);
#1707=EDGE_CURVE('',#2150,#2151,#140,.F.);
#1708=EDGE_CURVE('',#2151,#2152,#2391,.F.);
#1709=EDGE_CURVE('',#2153,#2152,#141,.T.);
#1710=EDGE_CURVE('',#2154,#2153,#2392,.T.);
#1711=EDGE_CURVE('',#2154,#2155,#142,.F.);
#1712=EDGE_CURVE('',#2155,#2156,#143,.T.);
#1713=EDGE_CURVE('',#2156,#2157,#144,.T.);
#1714=EDGE_CURVE('',#2157,#2150,#145,.F.);
#1715=EDGE_CURVE('',#2158,#2159,#16,.T.);
#1716=EDGE_CURVE('',#2159,#2160,#12,.F.);
#1717=EDGE_CURVE('',#2161,#2160,#146,.F.);
#1718=EDGE_CURVE('',#2098,#2161,#2393,.F.);
#1719=EDGE_CURVE('',#2158,#2097,#17,.T.);
#1720=EDGE_CURVE('',#2162,#2163,#147,.T.);
#1721=EDGE_CURVE('',#2162,#2164,#13,.T.);
#1722=EDGE_CURVE('',#2164,#2165,#18,.T.);
#1723=EDGE_CURVE('',#2096,#2165,#19,.T.);
#1724=EDGE_CURVE('',#2163,#2095,#2394,.F.);
#1725=EDGE_CURVE('',#2119,#2166,#148,.T.);
#1726=EDGE_CURVE('',#2125,#2162,#149,.T.);
#1727=EDGE_CURVE('',#2162,#2166,#150,.T.);
#1728=EDGE_CURVE('',#2167,#2152,#151,.T.);
#1729=EDGE_CURVE('',#2160,#2167,#152,.T.);
#1730=EDGE_CURVE('',#2160,#2153,#153,.T.);
#1731=EDGE_CURVE('',#2124,#2164,#20,.T.);
#1732=EDGE_CURVE('',#2168,#2123,#21,.T.);
#1733=EDGE_CURVE('',#2169,#2168,#2395,.F.);
#1734=EDGE_CURVE('',#2165,#2169,#154,.T.);
#1735=EDGE_CURVE('',#2159,#2154,#22,.T.);
#1736=EDGE_CURVE('',#2170,#2158,#155,.F.);
#1737=EDGE_CURVE('',#2171,#2170,#2396,.F.);
#1738=EDGE_CURVE('',#2155,#2171,#23,.F.);
#1739=EDGE_CURVE('',#2172,#2173,#156,.T.);
#1740=EDGE_CURVE('',#2173,#2174,#157,.T.);
#1741=EDGE_CURVE('',#2175,#2174,#158,.T.);
#1742=EDGE_CURVE('',#2175,#2176,#159,.T.);
#1743=EDGE_CURVE('',#2176,#2177,#160,.T.);
#1744=EDGE_CURVE('',#2177,#2178,#161,.T.);
#1745=EDGE_CURVE('',#2172,#2178,#162,.T.);
#1746=EDGE_CURVE('',#2179,#2180,#163,.T.);
#1747=EDGE_CURVE('',#2180,#2181,#164,.T.);
#1748=EDGE_CURVE('',#2181,#2182,#165,.T.);
#1749=EDGE_CURVE('',#2183,#2182,#166,.T.);
#1750=EDGE_CURVE('',#2183,#2184,#2397,.F.);
#1751=EDGE_CURVE('',#2184,#2185,#167,.T.);
#1752=EDGE_CURVE('',#2185,#2186,#168,.T.);
#1753=EDGE_CURVE('',#2186,#2173,#169,.F.);
#1754=EDGE_CURVE('',#2172,#2179,#170,.T.);
#1755=EDGE_CURVE('',#2187,#2188,#171,.T.);
#1756=EDGE_CURVE('',#2187,#2189,#172,.T.);
#1757=EDGE_CURVE('',#2190,#2189,#173,.T.);
#1758=EDGE_CURVE('',#2175,#2190,#174,.T.);
#1759=EDGE_CURVE('',#2174,#2191,#175,.F.);
#1760=EDGE_CURVE('',#2192,#2191,#176,.T.);
#1761=EDGE_CURVE('',#2193,#2192,#177,.T.);
#1762=EDGE_CURVE('',#2194,#2193,#2398,.T.);
#1763=EDGE_CURVE('',#2194,#2188,#178,.T.);
#1764=EDGE_CURVE('',#2195,#2196,#179,.T.);
#1765=EDGE_CURVE('',#2196,#2197,#180,.T.);
#1766=EDGE_CURVE('',#2197,#2198,#181,.T.);
#1767=EDGE_CURVE('',#2195,#2198,#182,.T.);
#1768=EDGE_CURVE('',#2167,#2199,#183,.T.);
#1769=EDGE_CURVE('',#2161,#2199,#184,.T.);
#1770=EDGE_CURVE('',#2200,#2201,#185,.T.);
#1771=EDGE_CURVE('',#2201,#2177,#186,.T.);
#1772=EDGE_CURVE('',#2202,#2176,#187,.T.);
#1773=EDGE_CURVE('',#2202,#2203,#188,.T.);
#1774=EDGE_CURVE('',#2204,#2203,#189,.T.);
#1775=EDGE_CURVE('',#2205,#2204,#190,.T.);
#1776=EDGE_CURVE('',#2200,#2205,#191,.T.);
#1777=EDGE_CURVE('',#2206,#2207,#192,.T.);
#1778=EDGE_CURVE('',#2206,#2208,#193,.T.);
#1779=EDGE_CURVE('',#2208,#2209,#194,.T.);
#1780=EDGE_CURVE('',#2207,#2209,#195,.T.);
#1781=EDGE_CURVE('',#2210,#2211,#196,.T.);
#1782=EDGE_CURVE('',#2210,#2212,#2399,.F.);
#1783=EDGE_CURVE('',#2212,#2213,#197,.T.);
#1784=EDGE_CURVE('',#2213,#2214,#2400,.F.);
#1785=EDGE_CURVE('',#2214,#2215,#198,.T.);
#1786=EDGE_CURVE('',#2215,#2216,#2401,.F.);
#1787=EDGE_CURVE('',#2217,#2216,#199,.T.);
#1788=EDGE_CURVE('',#2217,#2211,#2402,.F.);
#1789=EDGE_CURVE('',#2218,#2219,#200,.T.);
#1790=EDGE_CURVE('',#2218,#2220,#2403,.F.);
#1791=EDGE_CURVE('',#2220,#2221,#201,.T.);
#1792=EDGE_CURVE('',#2221,#2222,#2404,.F.);
#1793=EDGE_CURVE('',#2222,#2223,#202,.T.);
#1794=EDGE_CURVE('',#2223,#2224,#2405,.F.);
#1795=EDGE_CURVE('',#2225,#2224,#203,.T.);
#1796=EDGE_CURVE('',#2225,#2219,#2406,.F.);
#1797=EDGE_CURVE('',#2226,#2227,#204,.T.);
#1798=EDGE_CURVE('',#2226,#2228,#2407,.F.);
#1799=EDGE_CURVE('',#2228,#2229,#205,.T.);
#1800=EDGE_CURVE('',#2229,#2230,#2408,.F.);
#1801=EDGE_CURVE('',#2230,#2231,#206,.T.);
#1802=EDGE_CURVE('',#2231,#2232,#2409,.F.);
#1803=EDGE_CURVE('',#2233,#2232,#207,.T.);
#1804=EDGE_CURVE('',#2233,#2227,#2410,.F.);
#1805=EDGE_CURVE('',#2234,#2234,#2411,.T.);
#1806=EDGE_CURVE('',#2235,#2235,#2412,.T.);
#1807=EDGE_CURVE('',#2156,#2236,#2413,.T.);
#1808=EDGE_CURVE('',#2236,#2237,#208,.T.);
#1809=EDGE_CURVE('',#2237,#2122,#2414,.T.);
#1810=EDGE_CURVE('',#2121,#2238,#2415,.T.);
#1811=EDGE_CURVE('',#2239,#2238,#209,.T.);
#1812=EDGE_CURVE('',#2239,#2157,#2416,.T.);
#1813=EDGE_CURVE('',#2240,#2240,#2417,.T.);
#1814=EDGE_CURVE('',#2241,#2241,#2418,.T.);
#1815=EDGE_CURVE('',#2242,#2243,#210,.T.);
#1816=EDGE_CURVE('',#2242,#2244,#211,.T.);
#1817=EDGE_CURVE('',#2245,#2244,#212,.T.);
#1818=EDGE_CURVE('',#2245,#2246,#213,.T.);
#1819=EDGE_CURVE('',#2246,#2247,#214,.T.);
#1820=EDGE_CURVE('',#2247,#2248,#215,.T.);
#1821=EDGE_CURVE('',#2248,#2249,#216,.T.);
#1822=EDGE_CURVE('',#2250,#2249,#217,.T.);
#1823=EDGE_CURVE('',#2250,#2251,#218,.T.);
#1824=EDGE_CURVE('',#2252,#2251,#219,.T.);
#1825=EDGE_CURVE('',#2253,#2252,#220,.T.);
#1826=EDGE_CURVE('',#2243,#2253,#221,.T.);
#1827=EDGE_CURVE('',#2254,#2255,#222,.T.);
#1828=EDGE_CURVE('',#2254,#2099,#223,.T.);
#1829=EDGE_CURVE('',#2199,#2256,#2419,.F.);
#1830=EDGE_CURVE('',#2256,#2257,#224,.T.);
#1831=EDGE_CURVE('',#2257,#2258,#2420,.F.);
#1832=EDGE_CURVE('',#2163,#2258,#225,.T.);
#1833=EDGE_CURVE('',#2259,#2094,#226,.T.);
#1834=EDGE_CURVE('',#2260,#2259,#227,.T.);
#1835=EDGE_CURVE('',#2260,#2077,#228,.T.);
#1836=EDGE_CURVE('',#2255,#2076,#229,.T.);
#1837=EDGE_CURVE('',#2261,#2262,#230,.T.);
#1838=EDGE_CURVE('',#2262,#2263,#2421,.T.);
#1839=EDGE_CURVE('',#2263,#2264,#231,.T.);
#1840=EDGE_CURVE('',#2264,#2265,#2422,.T.);
#1841=EDGE_CURVE('',#2266,#2265,#232,.T.);
#1842=EDGE_CURVE('',#2266,#2267,#2423,.T.);
#1843=EDGE_CURVE('',#2268,#2267,#233,.T.);
#1844=EDGE_CURVE('',#2268,#2261,#2424,.T.);
#1845=EDGE_CURVE('',#2269,#2270,#234,.T.);
#1846=EDGE_CURVE('',#2270,#2271,#2425,.T.);
#1847=EDGE_CURVE('',#2271,#2272,#235,.T.);
#1848=EDGE_CURVE('',#2272,#2273,#2426,.T.);
#1849=EDGE_CURVE('',#2274,#2273,#236,.T.);
#1850=EDGE_CURVE('',#2274,#2275,#2427,.T.);
#1851=EDGE_CURVE('',#2276,#2275,#237,.T.);
#1852=EDGE_CURVE('',#2276,#2269,#2428,.T.);
#1853=EDGE_CURVE('',#2277,#2278,#238,.T.);
#1854=EDGE_CURVE('',#2278,#2279,#2429,.T.);
#1855=EDGE_CURVE('',#2279,#2280,#239,.T.);
#1856=EDGE_CURVE('',#2280,#2281,#2430,.T.);
#1857=EDGE_CURVE('',#2282,#2281,#240,.T.);
#1858=EDGE_CURVE('',#2282,#2283,#2431,.T.);
#1859=EDGE_CURVE('',#2284,#2283,#241,.T.);
#1860=EDGE_CURVE('',#2284,#2277,#2432,.T.);
#1861=EDGE_CURVE('',#2285,#2285,#2433,.F.);
#1862=EDGE_CURVE('',#2286,#2286,#2434,.F.);
#1863=EDGE_CURVE('',#2287,#2287,#2435,.T.);
#1864=EDGE_CURVE('',#2288,#2288,#2436,.T.);
#1865=EDGE_CURVE('',#2236,#2171,#242,.F.);
#1866=EDGE_CURVE('',#2169,#2170,#2437,.T.);
#1867=EDGE_CURVE('',#2168,#2237,#243,.T.);
#1868=EDGE_CURVE('',#2238,#2289,#244,.F.);
#1869=EDGE_CURVE('',#2289,#2290,#2438,.T.);
#1870=EDGE_CURVE('',#2290,#2291,#2439,.T.);
#1871=EDGE_CURVE('',#2291,#2292,#2440,.T.);
#1872=EDGE_CURVE('',#2292,#2239,#245,.T.);
#1873=EDGE_CURVE('',#2293,#2294,#2441,.T.);
#1874=EDGE_CURVE('',#2293,#2257,#246,.T.);
#1875=EDGE_CURVE('',#2256,#2294,#247,.F.);
#1876=EDGE_CURVE('',#2295,#2296,#248,.T.);
#1877=EDGE_CURVE('',#2297,#2296,#249,.T.);
#1878=EDGE_CURVE('',#2297,#2298,#250,.T.);
#1879=EDGE_CURVE('',#2298,#2295,#251,.T.);
#1880=EDGE_CURVE('',#2299,#2300,#252,.T.);
#1881=EDGE_CURVE('',#2301,#2300,#253,.T.);
#1882=EDGE_CURVE('',#2302,#2301,#254,.T.);
#1883=EDGE_CURVE('',#2299,#2302,#255,.T.);
#1884=EDGE_CURVE('',#2258,#2166,#256,.F.);
#1885=EDGE_CURVE('',#2300,#2134,#257,.T.);
#1886=EDGE_CURVE('',#2134,#2137,#258,.T.);
#1887=EDGE_CURVE('',#2301,#2137,#259,.T.);
#1888=EDGE_CURVE('',#2295,#2128,#260,.T.);
#1889=EDGE_CURVE('',#2128,#2131,#261,.T.);
#1890=EDGE_CURVE('',#2296,#2131,#262,.T.);
#1891=EDGE_CURVE('',#2303,#2304,#263,.T.);
#1892=EDGE_CURVE('',#2304,#2305,#264,.T.);
#1893=EDGE_CURVE('',#2306,#2305,#265,.T.);
#1894=EDGE_CURVE('',#2306,#2303,#266,.T.);
#1895=EDGE_CURVE('',#2195,#2146,#267,.T.);
#1896=EDGE_CURVE('',#2146,#2149,#268,.T.);
#1897=EDGE_CURVE('',#2196,#2149,#269,.T.);
#1898=EDGE_CURVE('',#2205,#2140,#270,.T.);
#1899=EDGE_CURVE('',#2140,#2143,#271,.T.);
#1900=EDGE_CURVE('',#2202,#2143,#272,.T.);
#1901=EDGE_CURVE('',#2190,#2200,#273,.T.);
#1902=EDGE_CURVE('',#2307,#2308,#274,.T.);
#1903=EDGE_CURVE('',#2308,#2309,#275,.T.);
#1904=EDGE_CURVE('',#2310,#2309,#276,.T.);
#1905=EDGE_CURVE('',#2310,#2307,#277,.T.);
#1906=EDGE_CURVE('',#2203,#2142,#278,.T.);
#1907=EDGE_CURVE('',#2204,#2141,#279,.T.);
#1908=EDGE_CURVE('',#2198,#2147,#280,.T.);
#1909=EDGE_CURVE('',#2197,#2148,#281,.T.);
#1910=EDGE_CURVE('',#2302,#2136,#282,.T.);
#1911=EDGE_CURVE('',#2299,#2135,#283,.T.);
#1912=EDGE_CURVE('',#2297,#2130,#284,.T.);
#1913=EDGE_CURVE('',#2298,#2129,#285,.T.);
#1914=EDGE_CURVE('',#2290,#2311,#286,.T.);
#1915=EDGE_CURVE('',#2311,#2293,#24,.T.);
#1916=EDGE_CURVE('',#2294,#2312,#25,.T.);
#1917=EDGE_CURVE('',#2312,#2291,#287,.F.);
#1918=EDGE_CURVE('',#2308,#2144,#288,.F.);
#1919=EDGE_CURVE('',#2139,#2309,#289,.T.);
#1920=EDGE_CURVE('',#2145,#2307,#290,.T.);
#1921=EDGE_CURVE('',#2310,#2138,#291,.F.);
#1922=EDGE_CURVE('',#2304,#2132,#292,.T.);
#1923=EDGE_CURVE('',#2127,#2305,#293,.F.);
#1924=EDGE_CURVE('',#2133,#2303,#294,.F.);
#1925=EDGE_CURVE('',#2306,#2126,#295,.T.);
#1926=EDGE_CURVE('',#2281,#2226,#296,.T.);
#1927=EDGE_CURVE('',#2227,#2282,#297,.F.);
#1928=EDGE_CURVE('',#2279,#2229,#298,.T.);
#1929=EDGE_CURVE('',#2228,#2280,#299,.F.);
#1930=EDGE_CURVE('',#2232,#2284,#300,.F.);
#1931=EDGE_CURVE('',#2283,#2233,#301,.T.);
#1932=EDGE_CURVE('',#2277,#2231,#302,.T.);
#1933=EDGE_CURVE('',#2230,#2278,#303,.F.);
#1934=EDGE_CURVE('',#2219,#2274,#304,.F.);
#1935=EDGE_CURVE('',#2273,#2218,#305,.T.);
#1936=EDGE_CURVE('',#2220,#2272,#306,.F.);
#1937=EDGE_CURVE('',#2271,#2221,#307,.T.);
#1938=EDGE_CURVE('',#2224,#2276,#308,.F.);
#1939=EDGE_CURVE('',#2275,#2225,#309,.T.);
#1940=EDGE_CURVE('',#2269,#2223,#310,.T.);
#1941=EDGE_CURVE('',#2222,#2270,#311,.F.);
#1942=EDGE_CURVE('',#2211,#2266,#312,.F.);
#1943=EDGE_CURVE('',#2265,#2210,#313,.T.);
#1944=EDGE_CURVE('',#2212,#2264,#314,.F.);
#1945=EDGE_CURVE('',#2263,#2213,#315,.T.);
#1946=EDGE_CURVE('',#2267,#2217,#316,.T.);
#1947=EDGE_CURVE('',#2216,#2268,#317,.F.);
#1948=EDGE_CURVE('',#2214,#2262,#318,.F.);
#1949=EDGE_CURVE('',#2261,#2215,#319,.T.);
#1950=EDGE_CURVE('',#2313,#2242,#320,.T.);
#1951=EDGE_CURVE('',#2313,#2314,#321,.T.);
#1952=EDGE_CURVE('',#2314,#2244,#322,.T.);
#1953=EDGE_CURVE('',#2315,#2243,#323,.T.);
#1954=EDGE_CURVE('',#2313,#2315,#324,.T.);
#1955=EDGE_CURVE('',#2316,#2253,#325,.T.);
#1956=EDGE_CURVE('',#2315,#2316,#326,.T.);
#1957=EDGE_CURVE('',#2317,#2252,#327,.T.);
#1958=EDGE_CURVE('',#2316,#2317,#328,.T.);
#1959=EDGE_CURVE('',#2318,#2251,#329,.T.);
#1960=EDGE_CURVE('',#2317,#2318,#330,.T.);
#1961=EDGE_CURVE('',#2319,#2250,#331,.T.);
#1962=EDGE_CURVE('',#2319,#2318,#332,.T.);
#1963=EDGE_CURVE('',#2320,#2249,#333,.T.);
#1964=EDGE_CURVE('',#2319,#2320,#334,.T.);
#1965=EDGE_CURVE('',#2321,#2248,#335,.T.);
#1966=EDGE_CURVE('',#2321,#2320,#336,.T.);
#1967=EDGE_CURVE('',#2322,#2247,#337,.T.);
#1968=EDGE_CURVE('',#2322,#2321,#338,.T.);
#1969=EDGE_CURVE('',#2323,#2246,#339,.T.);
#1970=EDGE_CURVE('',#2323,#2322,#340,.T.);
#1971=EDGE_CURVE('',#2324,#2245,#341,.T.);
#1972=EDGE_CURVE('',#2324,#2323,#342,.T.);
#1973=EDGE_CURVE('',#2324,#2314,#343,.T.);
#1974=EDGE_CURVE('',#2325,#2207,#344,.T.);
#1975=EDGE_CURVE('',#2326,#2325,#345,.T.);
#1976=EDGE_CURVE('',#2326,#2206,#346,.T.);
#1977=EDGE_CURVE('',#2327,#2209,#347,.T.);
#1978=EDGE_CURVE('',#2325,#2327,#348,.T.);
#1979=EDGE_CURVE('',#2328,#2208,#349,.T.);
#1980=EDGE_CURVE('',#2328,#2327,#350,.T.);
#1981=EDGE_CURVE('',#2326,#2328,#351,.T.);
#1982=EDGE_CURVE('',#2329,#2167,#14,.F.);
#1983=EDGE_CURVE('',#2329,#2312,#26,.T.);
#1984=EDGE_CURVE('',#2292,#2150,#27,.T.);
#1985=EDGE_CURVE('',#2120,#2289,#28,.F.);
#1986=EDGE_CURVE('',#2178,#2330,#352,.T.);
#1987=EDGE_CURVE('',#2179,#2330,#353,.T.);
#1988=EDGE_CURVE('',#2189,#2180,#354,.T.);
#1989=EDGE_CURVE('',#2330,#2201,#355,.T.);
#1990=EDGE_CURVE('',#2182,#2188,#356,.T.);
#1991=EDGE_CURVE('',#2183,#2194,#357,.T.);
#1992=EDGE_CURVE('',#2184,#2193,#358,.T.);
#1993=EDGE_CURVE('',#2185,#2192,#359,.T.);
#1994=EDGE_CURVE('',#2181,#2187,#360,.T.);
#1995=EDGE_CURVE('',#2191,#2186,#361,.T.);
#1996=EDGE_CURVE('',#2166,#2331,#15,.T.);
#1997=EDGE_CURVE('',#2311,#2331,#29,.T.);
#1998=EDGE_CURVE('',#2118,#2331,#30,.T.);
#1999=EDGE_CURVE('',#2329,#2151,#31,.T.);
#2000=EDGE_CURVE('',#2332,#2082,#362,.T.);
#2001=EDGE_CURVE('',#2332,#2333,#363,.T.);
#2002=EDGE_CURVE('',#2333,#2083,#364,.T.);
#2003=EDGE_CURVE('',#2334,#2081,#365,.T.);
#2004=EDGE_CURVE('',#2332,#2334,#366,.T.);
#2005=EDGE_CURVE('',#2335,#2080,#367,.T.);
#2006=EDGE_CURVE('',#2335,#2334,#368,.T.);
#2007=EDGE_CURVE('',#2336,#2079,#369,.T.);
#2008=EDGE_CURVE('',#2336,#2335,#2442,.F.);
#2009=EDGE_CURVE('',#2337,#2078,#370,.T.);
#2010=EDGE_CURVE('',#2337,#2336,#2443,.F.);
#2011=EDGE_CURVE('',#2260,#2337,#2444,.F.);
#2012=EDGE_CURVE('',#2338,#2093,#371,.T.);
#2013=EDGE_CURVE('',#2338,#2259,#2445,.F.);
#2014=EDGE_CURVE('',#2339,#2092,#372,.T.);
#2015=EDGE_CURVE('',#2339,#2338,#2446,.F.);
#2016=EDGE_CURVE('',#2340,#2091,#373,.T.);
#2017=EDGE_CURVE('',#2340,#2339,#2447,.F.);
#2018=EDGE_CURVE('',#2341,#2090,#374,.T.);
#2019=EDGE_CURVE('',#2341,#2340,#375,.T.);
#2020=EDGE_CURVE('',#2342,#2089,#376,.T.);
#2021=EDGE_CURVE('',#2341,#2342,#377,.T.);
#2022=EDGE_CURVE('',#2343,#2088,#378,.T.);
#2023=EDGE_CURVE('',#2343,#2342,#379,.T.);
#2024=EDGE_CURVE('',#2344,#2087,#380,.T.);
#2025=EDGE_CURVE('',#2344,#2343,#2448,.T.);
#2026=EDGE_CURVE('',#2345,#2086,#381,.T.);
#2027=EDGE_CURVE('',#2345,#2344,#2449,.T.);
#2028=EDGE_CURVE('',#2346,#2085,#382,.T.);
#2029=EDGE_CURVE('',#2346,#2345,#383,.T.);
#2030=EDGE_CURVE('',#2347,#2084,#384,.T.);
#2031=EDGE_CURVE('',#2347,#2346,#2450,.T.);
#2032=EDGE_CURVE('',#2333,#2347,#2451,.T.);
#2033=EDGE_CURVE('',#2348,#2104,#385,.T.);
#2034=EDGE_CURVE('',#2348,#2349,#386,.T.);
#2035=EDGE_CURVE('',#2349,#2105,#387,.T.);
#2036=EDGE_CURVE('',#2350,#2103,#388,.T.);
#2037=EDGE_CURVE('',#2348,#2350,#389,.T.);
#2038=EDGE_CURVE('',#2351,#2102,#390,.T.);
#2039=EDGE_CURVE('',#2351,#2350,#391,.T.);
#2040=EDGE_CURVE('',#2352,#2101,#392,.T.);
#2041=EDGE_CURVE('',#2352,#2351,#2452,.F.);
#2042=EDGE_CURVE('',#2353,#2100,#393,.T.);
#2043=EDGE_CURVE('',#2353,#2352,#2453,.F.);
#2044=EDGE_CURVE('',#2254,#2353,#2454,.F.);
#2045=EDGE_CURVE('',#2354,#2075,#394,.T.);
#2046=EDGE_CURVE('',#2354,#2255,#2455,.F.);
#2047=EDGE_CURVE('',#2355,#2074,#395,.T.);
#2048=EDGE_CURVE('',#2355,#2354,#2456,.F.);
#2049=EDGE_CURVE('',#2356,#2113,#396,.T.);
#2050=EDGE_CURVE('',#2356,#2355,#2457,.F.);
#2051=EDGE_CURVE('',#2357,#2112,#397,.T.);
#2052=EDGE_CURVE('',#2357,#2356,#398,.T.);
#2053=EDGE_CURVE('',#2358,#2111,#399,.T.);
#2054=EDGE_CURVE('',#2357,#2358,#400,.T.);
#2055=EDGE_CURVE('',#2359,#2110,#401,.T.);
#2056=EDGE_CURVE('',#2359,#2358,#402,.T.);
#2057=EDGE_CURVE('',#2360,#2109,#403,.T.);
#2058=EDGE_CURVE('',#2360,#2359,#2458,.T.);
#2059=EDGE_CURVE('',#2361,#2108,#404,.T.);
#2060=EDGE_CURVE('',#2361,#2360,#2459,.T.);
#2061=EDGE_CURVE('',#2362,#2107,#405,.T.);
#2062=EDGE_CURVE('',#2362,#2361,#406,.T.);
#2063=EDGE_CURVE('',#2363,#2106,#407,.T.);
#2064=EDGE_CURVE('',#2363,#2362,#2460,.T.);
#2065=EDGE_CURVE('',#2349,#2363,#2461,.T.);
#2066=EDGE_CURVE('',#2364,#2114,#408,.T.);
#2067=EDGE_CURVE('',#2364,#2365,#409,.T.);
#2068=EDGE_CURVE('',#2365,#2115,#410,.T.);
#2069=EDGE_CURVE('',#2366,#2117,#411,.T.);
#2070=EDGE_CURVE('',#2366,#2364,#412,.T.);
#2071=EDGE_CURVE('',#2367,#2116,#413,.T.);
#2072=EDGE_CURVE('',#2367,#2366,#414,.T.);
#2073=EDGE_CURVE('',#2365,#2367,#415,.T.);
#2074=VERTEX_POINT('',#4194);
#2075=VERTEX_POINT('',#4195);
#2076=VERTEX_POINT('',#4197);
#2077=VERTEX_POINT('',#4199);
#2078=VERTEX_POINT('',#4201);
#2079=VERTEX_POINT('',#4203);
#2080=VERTEX_POINT('',#4205);
#2081=VERTEX_POINT('',#4207);
#2082=VERTEX_POINT('',#4209);
#2083=VERTEX_POINT('',#4211);
#2084=VERTEX_POINT('',#4213);
#2085=VERTEX_POINT('',#4215);
#2086=VERTEX_POINT('',#4217);
#2087=VERTEX_POINT('',#4219);
#2088=VERTEX_POINT('',#4221);
#2089=VERTEX_POINT('',#4223);
#2090=VERTEX_POINT('',#4225);
#2091=VERTEX_POINT('',#4227);
#2092=VERTEX_POINT('',#4229);
#2093=VERTEX_POINT('',#4231);
#2094=VERTEX_POINT('',#4233);
#2095=VERTEX_POINT('',#4235);
#2096=VERTEX_POINT('',#4237);
#2097=VERTEX_POINT('',#4239);
#2098=VERTEX_POINT('',#4241);
#2099=VERTEX_POINT('',#4243);
#2100=VERTEX_POINT('',#4245);
#2101=VERTEX_POINT('',#4247);
#2102=VERTEX_POINT('',#4249);
#2103=VERTEX_POINT('',#4251);
#2104=VERTEX_POINT('',#4253);
#2105=VERTEX_POINT('',#4255);
#2106=VERTEX_POINT('',#4257);
#2107=VERTEX_POINT('',#4259);
#2108=VERTEX_POINT('',#4261);
#2109=VERTEX_POINT('',#4263);
#2110=VERTEX_POINT('',#4265);
#2111=VERTEX_POINT('',#4267);
#2112=VERTEX_POINT('',#4269);
#2113=VERTEX_POINT('',#4271);
#2114=VERTEX_POINT('',#4274);
#2115=VERTEX_POINT('',#4275);
#2116=VERTEX_POINT('',#4277);
#2117=VERTEX_POINT('',#4279);
#2118=VERTEX_POINT('',#4283);
#2119=VERTEX_POINT('',#4284);
#2120=VERTEX_POINT('',#4286);
#2121=VERTEX_POINT('',#4288);
#2122=VERTEX_POINT('',#4290);
#2123=VERTEX_POINT('',#4292);
#2124=VERTEX_POINT('',#4294);
#2125=VERTEX_POINT('',#4296);
#2126=VERTEX_POINT('',#4299);
#2127=VERTEX_POINT('',#4300);
#2128=VERTEX_POINT('',#4302);
#2129=VERTEX_POINT('',#4304);
#2130=VERTEX_POINT('',#4306);
#2131=VERTEX_POINT('',#4308);
#2132=VERTEX_POINT('',#4310);
#2133=VERTEX_POINT('',#4312);
#2134=VERTEX_POINT('',#4314);
#2135=VERTEX_POINT('',#4316);
#2136=VERTEX_POINT('',#4318);
#2137=VERTEX_POINT('',#4320);
#2138=VERTEX_POINT('',#4324);
#2139=VERTEX_POINT('',#4325);
#2140=VERTEX_POINT('',#4327);
#2141=VERTEX_POINT('',#4329);
#2142=VERTEX_POINT('',#4331);
#2143=VERTEX_POINT('',#4333);
#2144=VERTEX_POINT('',#4335);
#2145=VERTEX_POINT('',#4337);
#2146=VERTEX_POINT('',#4339);
#2147=VERTEX_POINT('',#4341);
#2148=VERTEX_POINT('',#4343);
#2149=VERTEX_POINT('',#4345);
#2150=VERTEX_POINT('',#4348);
#2151=VERTEX_POINT('',#4349);
#2152=VERTEX_POINT('',#4351);
#2153=VERTEX_POINT('',#4353);
#2154=VERTEX_POINT('',#4355);
#2155=VERTEX_POINT('',#4357);
#2156=VERTEX_POINT('',#4359);
#2157=VERTEX_POINT('',#4361);
#2158=VERTEX_POINT('',#4368);
#2159=VERTEX_POINT('',#4369);
#2160=VERTEX_POINT('',#4371);
#2161=VERTEX_POINT('',#4373);
#2162=VERTEX_POINT('',#4381);
#2163=VERTEX_POINT('',#4382);
#2164=VERTEX_POINT('',#4384);
#2165=VERTEX_POINT('',#4389);
#2166=VERTEX_POINT('',#4397);
#2167=VERTEX_POINT('',#4402);
#2168=VERTEX_POINT('',#4415);
#2169=VERTEX_POINT('',#4417);
#2170=VERTEX_POINT('',#4425);
#2171=VERTEX_POINT('',#4427);
#2172=VERTEX_POINT('',#4435);
#2173=VERTEX_POINT('',#4436);
#2174=VERTEX_POINT('',#4438);
#2175=VERTEX_POINT('',#4440);
#2176=VERTEX_POINT('',#4442);
#2177=VERTEX_POINT('',#4444);
#2178=VERTEX_POINT('',#4446);
#2179=VERTEX_POINT('',#4450);
#2180=VERTEX_POINT('',#4451);
#2181=VERTEX_POINT('',#4453);
#2182=VERTEX_POINT('',#4455);
#2183=VERTEX_POINT('',#4457);
#2184=VERTEX_POINT('',#4459);
#2185=VERTEX_POINT('',#4461);
#2186=VERTEX_POINT('',#4463);
#2187=VERTEX_POINT('',#4468);
#2188=VERTEX_POINT('',#4469);
#2189=VERTEX_POINT('',#4471);
#2190=VERTEX_POINT('',#4473);
#2191=VERTEX_POINT('',#4476);
#2192=VERTEX_POINT('',#4478);
#2193=VERTEX_POINT('',#4480);
#2194=VERTEX_POINT('',#4482);
#2195=VERTEX_POINT('',#4486);
#2196=VERTEX_POINT('',#4487);
#2197=VERTEX_POINT('',#4489);
#2198=VERTEX_POINT('',#4491);
#2199=VERTEX_POINT('',#4494);
#2200=VERTEX_POINT('',#4497);
#2201=VERTEX_POINT('',#4498);
#2202=VERTEX_POINT('',#4501);
#2203=VERTEX_POINT('',#4503);
#2204=VERTEX_POINT('',#4505);
#2205=VERTEX_POINT('',#4507);
#2206=VERTEX_POINT('',#4511);
#2207=VERTEX_POINT('',#4512);
#2208=VERTEX_POINT('',#4514);
#2209=VERTEX_POINT('',#4516);
#2210=VERTEX_POINT('',#4519);
#2211=VERTEX_POINT('',#4520);
#2212=VERTEX_POINT('',#4522);
#2213=VERTEX_POINT('',#4524);
#2214=VERTEX_POINT('',#4526);
#2215=VERTEX_POINT('',#4528);
#2216=VERTEX_POINT('',#4530);
#2217=VERTEX_POINT('',#4532);
#2218=VERTEX_POINT('',#4535);
#2219=VERTEX_POINT('',#4536);
#2220=VERTEX_POINT('',#4538);
#2221=VERTEX_POINT('',#4540);
#2222=VERTEX_POINT('',#4542);
#2223=VERTEX_POINT('',#4544);
#2224=VERTEX_POINT('',#4546);
#2225=VERTEX_POINT('',#4548);
#2226=VERTEX_POINT('',#4551);
#2227=VERTEX_POINT('',#4552);
#2228=VERTEX_POINT('',#4554);
#2229=VERTEX_POINT('',#4556);
#2230=VERTEX_POINT('',#4558);
#2231=VERTEX_POINT('',#4560);
#2232=VERTEX_POINT('',#4562);
#2233=VERTEX_POINT('',#4564);
#2234=VERTEX_POINT('',#4567);
#2235=VERTEX_POINT('',#4569);
#2236=VERTEX_POINT('',#4571);
#2237=VERTEX_POINT('',#4573);
#2238=VERTEX_POINT('',#4576);
#2239=VERTEX_POINT('',#4578);
#2240=VERTEX_POINT('',#4581);
#2241=VERTEX_POINT('',#4583);
#2242=VERTEX_POINT('',#4585);
#2243=VERTEX_POINT('',#4586);
#2244=VERTEX_POINT('',#4588);
#2245=VERTEX_POINT('',#4590);
#2246=VERTEX_POINT('',#4592);
#2247=VERTEX_POINT('',#4594);
#2248=VERTEX_POINT('',#4596);
#2249=VERTEX_POINT('',#4598);
#2250=VERTEX_POINT('',#4600);
#2251=VERTEX_POINT('',#4602);
#2252=VERTEX_POINT('',#4604);
#2253=VERTEX_POINT('',#4606);
#2254=VERTEX_POINT('',#4610);
#2255=VERTEX_POINT('',#4611);
#2256=VERTEX_POINT('',#4614);
#2257=VERTEX_POINT('',#4616);
#2258=VERTEX_POINT('',#4618);
#2259=VERTEX_POINT('',#4621);
#2260=VERTEX_POINT('',#4623);
#2261=VERTEX_POINT('',#4627);
#2262=VERTEX_POINT('',#4628);
#2263=VERTEX_POINT('',#4630);
#2264=VERTEX_POINT('',#4632);
#2265=VERTEX_POINT('',#4634);
#2266=VERTEX_POINT('',#4636);
#2267=VERTEX_POINT('',#4638);
#2268=VERTEX_POINT('',#4640);
#2269=VERTEX_POINT('',#4643);
#2270=VERTEX_POINT('',#4644);
#2271=VERTEX_POINT('',#4646);
#2272=VERTEX_POINT('',#4648);
#2273=VERTEX_POINT('',#4650);
#2274=VERTEX_POINT('',#4652);
#2275=VERTEX_POINT('',#4654);
#2276=VERTEX_POINT('',#4656);
#2277=VERTEX_POINT('',#4659);
#2278=VERTEX_POINT('',#4660);
#2279=VERTEX_POINT('',#4662);
#2280=VERTEX_POINT('',#4664);
#2281=VERTEX_POINT('',#4666);
#2282=VERTEX_POINT('',#4668);
#2283=VERTEX_POINT('',#4670);
#2284=VERTEX_POINT('',#4672);
#2285=VERTEX_POINT('',#4675);
#2286=VERTEX_POINT('',#4677);
#2287=VERTEX_POINT('',#4679);
#2288=VERTEX_POINT('',#4681);
#2289=VERTEX_POINT('',#4688);
#2290=VERTEX_POINT('',#4690);
#2291=VERTEX_POINT('',#4692);
#2292=VERTEX_POINT('',#4694);
#2293=VERTEX_POINT('',#4698);
#2294=VERTEX_POINT('',#4699);
#2295=VERTEX_POINT('',#4704);
#2296=VERTEX_POINT('',#4705);
#2297=VERTEX_POINT('',#4707);
#2298=VERTEX_POINT('',#4709);
#2299=VERTEX_POINT('',#4712);
#2300=VERTEX_POINT('',#4713);
#2301=VERTEX_POINT('',#4715);
#2302=VERTEX_POINT('',#4717);
#2303=VERTEX_POINT('',#4730);
#2304=VERTEX_POINT('',#4731);
#2305=VERTEX_POINT('',#4733);
#2306=VERTEX_POINT('',#4735);
#2307=VERTEX_POINT('',#4748);
#2308=VERTEX_POINT('',#4749);
#2309=VERTEX_POINT('',#4751);
#2310=VERTEX_POINT('',#4753);
#2311=VERTEX_POINT('',#4778);
#2312=VERTEX_POINT('',#4787);
#2313=VERTEX_POINT('',#4847);
#2314=VERTEX_POINT('',#4849);
#2315=VERTEX_POINT('',#4853);
#2316=VERTEX_POINT('',#4857);
#2317=VERTEX_POINT('',#4861);
#2318=VERTEX_POINT('',#4865);
#2319=VERTEX_POINT('',#4869);
#2320=VERTEX_POINT('',#4873);
#2321=VERTEX_POINT('',#4877);
#2322=VERTEX_POINT('',#4881);
#2323=VERTEX_POINT('',#4885);
#2324=VERTEX_POINT('',#4889);
#2325=VERTEX_POINT('',#4896);
#2326=VERTEX_POINT('',#4898);
#2327=VERTEX_POINT('',#4902);
#2328=VERTEX_POINT('',#4906);
#2329=VERTEX_POINT('',#4913);
#2330=VERTEX_POINT('',#4934);
#2331=VERTEX_POINT('',#4955);
#2332=VERTEX_POINT('',#4988);
#2333=VERTEX_POINT('',#4990);
#2334=VERTEX_POINT('',#4994);
#2335=VERTEX_POINT('',#4998);
#2336=VERTEX_POINT('',#5002);
#2337=VERTEX_POINT('',#5006);
#2338=VERTEX_POINT('',#5012);
#2339=VERTEX_POINT('',#5016);
#2340=VERTEX_POINT('',#5020);
#2341=VERTEX_POINT('',#5024);
#2342=VERTEX_POINT('',#5028);
#2343=VERTEX_POINT('',#5032);
#2344=VERTEX_POINT('',#5036);
#2345=VERTEX_POINT('',#5040);
#2346=VERTEX_POINT('',#5044);
#2347=VERTEX_POINT('',#5048);
#2348=VERTEX_POINT('',#5055);
#2349=VERTEX_POINT('',#5057);
#2350=VERTEX_POINT('',#5061);
#2351=VERTEX_POINT('',#5065);
#2352=VERTEX_POINT('',#5069);
#2353=VERTEX_POINT('',#5073);
#2354=VERTEX_POINT('',#5079);
#2355=VERTEX_POINT('',#5083);
#2356=VERTEX_POINT('',#5087);
#2357=VERTEX_POINT('',#5091);
#2358=VERTEX_POINT('',#5095);
#2359=VERTEX_POINT('',#5099);
#2360=VERTEX_POINT('',#5103);
#2361=VERTEX_POINT('',#5107);
#2362=VERTEX_POINT('',#5111);
#2363=VERTEX_POINT('',#5115);
#2364=VERTEX_POINT('',#5122);
#2365=VERTEX_POINT('',#5124);
#2366=VERTEX_POINT('',#5128);
#2367=VERTEX_POINT('',#5132);
#2368=CIRCLE('',#3099,0.00117390764510256);
#2369=CIRCLE('',#3100,0.00105385924022996);
#2370=CIRCLE('',#3101,0.00105385924023247);
#2371=CIRCLE('',#3102,0.00116855995279934);
#2372=CIRCLE('',#3103,0.00105615721086329);
#2373=CIRCLE('',#3104,9.24761024129019E-5);
#2374=CIRCLE('',#3105,9.24761024145164E-5);
#2375=CIRCLE('',#3106,0.000105535742984362);
#2376=CIRCLE('',#3107,8.73467186320462E-5);
#2377=CIRCLE('',#3108,0.00105285820165347);
#2378=CIRCLE('',#3109,0.00117390764510249);
#2379=CIRCLE('',#3110,0.00105385924023255);
#2380=CIRCLE('',#3111,0.0450901442307692);
#2381=CIRCLE('',#3112,0.00105385924023248);
#2382=CIRCLE('',#3113,0.00116855995279936);
#2383=CIRCLE('',#3114,0.00105615721086304);
#2384=CIRCLE('',#3115,9.24761024144914E-5);
#2385=CIRCLE('',#3116,9.24761024129418E-5);
#2386=CIRCLE('',#3117,0.000105535742984179);
#2387=CIRCLE('',#3118,8.73467186320291E-5);
#2388=CIRCLE('',#3119,0.00105285820165361);
#2389=CIRCLE('',#3121,0.005);
#2390=CIRCLE('',#3122,0.005);
#2391=CIRCLE('',#3124,0.005);
#2392=CIRCLE('',#3125,0.005);
#2393=CIRCLE('',#3128,0.005);
#2394=CIRCLE('',#3131,0.005);
#2395=CIRCLE('',#3135,0.0073);
#2396=CIRCLE('',#3137,0.0073);
#2397=CIRCLE('',#3140,0.002525);
#2398=CIRCLE('',#3142,0.002525);
#2399=CIRCLE('',#3145,0.003);
#2400=CIRCLE('',#3146,0.003);
#2401=CIRCLE('',#3147,0.003);
#2402=CIRCLE('',#3148,0.003);
#2403=CIRCLE('',#3149,0.003);
#2404=CIRCLE('',#3150,0.003);
#2405=CIRCLE('',#3151,0.003);
#2406=CIRCLE('',#3152,0.003);
#2407=CIRCLE('',#3153,0.003);
#2408=CIRCLE('',#3154,0.003);
#2409=CIRCLE('',#3155,0.003);
#2410=CIRCLE('',#3156,0.003);
#2411=CIRCLE('',#3157,0.001075);
#2412=CIRCLE('',#3158,0.001075);
#2413=CIRCLE('',#3159,0.0015);
#2414=CIRCLE('',#3160,0.0015);
#2415=CIRCLE('',#3161,0.0015);
#2416=CIRCLE('',#3162,0.0015);
#2417=CIRCLE('',#3163,0.001075);
#2418=CIRCLE('',#3164,0.001075);
#2419=CIRCLE('',#3166,0.005);
#2420=CIRCLE('',#3167,0.005);
#2421=CIRCLE('',#3168,0.003);
#2422=CIRCLE('',#3169,0.003);
#2423=CIRCLE('',#3170,0.003);
#2424=CIRCLE('',#3171,0.003);
#2425=CIRCLE('',#3172,0.003);
#2426=CIRCLE('',#3173,0.003);
#2427=CIRCLE('',#3174,0.003);
#2428=CIRCLE('',#3175,0.003);
#2429=CIRCLE('',#3176,0.003);
#2430=CIRCLE('',#3177,0.003);
#2431=CIRCLE('',#3178,0.003);
#2432=CIRCLE('',#3179,0.003);
#2433=CIRCLE('',#3180,0.001075);
#2434=CIRCLE('',#3181,0.001075);
#2435=CIRCLE('',#3182,0.001075);
#2436=CIRCLE('',#3183,0.001075);
#2437=CIRCLE('',#3185,0.0450901442307692);
#2438=CIRCLE('',#3187,0.0073);
#2439=CIRCLE('',#3188,0.0450901442307692);
#2440=CIRCLE('',#3189,0.0073);
#2441=CIRCLE('',#3191,0.0450901442307692);
#2442=CIRCLE('',#3295,0.00105615721086329);
#2443=CIRCLE('',#3297,0.00116855995279934);
#2444=CIRCLE('',#3299,0.00105385924023247);
#2445=CIRCLE('',#3301,0.00105385924023255);
#2446=CIRCLE('',#3303,0.00117390764510249);
#2447=CIRCLE('',#3305,0.00105285820165347);
#2448=CIRCLE('',#3310,8.73467186320462E-5);
#2449=CIRCLE('',#3312,0.000105535742984362);
#2450=CIRCLE('',#3315,9.24761024145164E-5);
#2451=CIRCLE('',#3317,9.24761024129019E-5);
#2452=CIRCLE('',#3323,0.00105615721086304);
#2453=CIRCLE('',#3325,0.00116855995279936);
#2454=CIRCLE('',#3327,0.00105385924023248);
#2455=CIRCLE('',#3329,0.00105385924022996);
#2456=CIRCLE('',#3331,0.00117390764510256);
#2457=CIRCLE('',#3333,0.00105285820165361);
#2458=CIRCLE('',#3338,8.73467186320291E-5);
#2459=CIRCLE('',#3340,0.000105535742984179);
#2460=CIRCLE('',#3343,9.24761024129418E-5);
#2461=CIRCLE('',#3345,9.24761024144914E-5);
#2462=EDGE_LOOP('',(#745,#746,#747,#748,#749,#750,#751,#752,#753,#754,#755,
#756,#757,#758,#759,#760,#761,#762,#763,#764,#765,#766,#767,#768,#769,#770,
#771,#772,#773,#774,#775,#776,#777,#778,#779,#780,#781,#782,#783,#784));
#2463=EDGE_LOOP('',(#785,#786,#787,#788));
#2464=EDGE_LOOP('',(#789,#790,#791,#792,#793,#794,#795,#796));
#2465=EDGE_LOOP('',(#797,#798,#799,#800,#801,#802,#803,#804,#805,#806,#807,
#808));
#2466=EDGE_LOOP('',(#809,#810,#811,#812,#813,#814,#815,#816,#817,#818,#819,
#820));
#2467=EDGE_LOOP('',(#821,#822,#823,#824,#825,#826,#827,#828));
#2468=EDGE_LOOP('',(#829,#830,#831,#832,#833,#834));
#2469=EDGE_LOOP('',(#835,#836,#837,#838,#839,#840));
#2470=EDGE_LOOP('',(#841,#842,#843,#844));
#2471=EDGE_LOOP('',(#845,#846,#847,#848));
#2472=EDGE_LOOP('',(#849,#850,#851,#852,#853,#854));
#2473=EDGE_LOOP('',(#855,#856,#857,#858,#859,#860));
#2474=EDGE_LOOP('',(#861,#862,#863,#864,#865,#866,#867));
#2475=EDGE_LOOP('',(#868,#869,#870,#871,#872,#873,#874,#875,#876,#877));
#2476=EDGE_LOOP('',(#878,#879,#880,#881,#882,#883,#884,#885,#886,#887));
#2477=EDGE_LOOP('',(#888,#889,#890,#891));
#2478=EDGE_LOOP('',(#892,#893,#894,#895));
#2479=EDGE_LOOP('',(#896,#897,#898,#899,#900,#901,#902,#903));
#2480=EDGE_LOOP('',(#904,#905,#906,#907));
#2481=EDGE_LOOP('',(#908,#909,#910,#911,#912,#913,#914,#915));
#2482=EDGE_LOOP('',(#916,#917,#918,#919,#920,#921,#922,#923));
#2483=EDGE_LOOP('',(#924,#925,#926,#927,#928,#929,#930,#931));
#2484=EDGE_LOOP('',(#932));
#2485=EDGE_LOOP('',(#933));
#2486=EDGE_LOOP('',(#934,#935,#936,#937,#938,#939,#940,#941));
#2487=EDGE_LOOP('',(#942));
#2488=EDGE_LOOP('',(#943));
#2489=EDGE_LOOP('',(#944,#945,#946,#947,#948,#949,#950,#951,#952,#953,#954,
#955));
#2490=EDGE_LOOP('',(#956,#957,#958,#959,#960,#961,#962,#963,#964,#965,#966,
#967,#968,#969,#970,#971));
#2491=EDGE_LOOP('',(#972,#973,#974,#975,#976,#977,#978,#979));
#2492=EDGE_LOOP('',(#980,#981,#982,#983,#984,#985,#986,#987));
#2493=EDGE_LOOP('',(#988,#989,#990,#991,#992,#993,#994,#995));
#2494=EDGE_LOOP('',(#996));
#2495=EDGE_LOOP('',(#997));
#2496=EDGE_LOOP('',(#998));
#2497=EDGE_LOOP('',(#999));
#2498=EDGE_LOOP('',(#1000,#1001,#1002,#1003,#1004,#1005));
#2499=EDGE_LOOP('',(#1006,#1007,#1008,#1009,#1010,#1011));
#2500=EDGE_LOOP('',(#1012,#1013,#1014,#1015));
#2501=EDGE_LOOP('',(#1016,#1017,#1018,#1019));
#2502=EDGE_LOOP('',(#1020,#1021,#1022,#1023));
#2503=EDGE_LOOP('',(#1024,#1025,#1026,#1027));
#2504=EDGE_LOOP('',(#1028,#1029,#1030,#1031));
#2505=EDGE_LOOP('',(#1032,#1033,#1034,#1035));
#2506=EDGE_LOOP('',(#1036,#1037,#1038,#1039));
#2507=EDGE_LOOP('',(#1040,#1041,#1042,#1043));
#2508=EDGE_LOOP('',(#1044,#1045,#1046,#1047,#1048,#1049,#1050,#1051));
#2509=EDGE_LOOP('',(#1052,#1053,#1054,#1055));
#2510=EDGE_LOOP('',(#1056,#1057,#1058,#1059));
#2511=EDGE_LOOP('',(#1060,#1061,#1062,#1063));
#2512=EDGE_LOOP('',(#1064,#1065,#1066,#1067));
#2513=EDGE_LOOP('',(#1068,#1069,#1070,#1071));
#2514=EDGE_LOOP('',(#1072,#1073,#1074,#1075));
#2515=EDGE_LOOP('',(#1076,#1077,#1078,#1079));
#2516=EDGE_LOOP('',(#1080,#1081,#1082,#1083));
#2517=EDGE_LOOP('',(#1084,#1085,#1086,#1087));
#2518=EDGE_LOOP('',(#1088,#1089,#1090,#1091));
#2519=EDGE_LOOP('',(#1092,#1093,#1094,#1095));
#2520=EDGE_LOOP('',(#1096,#1097,#1098,#1099));
#2521=EDGE_LOOP('',(#1100,#1101,#1102,#1103));
#2522=EDGE_LOOP('',(#1104,#1105,#1106,#1107,#1108,#1109));
#2523=EDGE_LOOP('',(#1110,#1111,#1112,#1113,#1114,#1115));
#2524=EDGE_LOOP('',(#1116));
#2525=EDGE_LOOP('',(#1117));
#2526=EDGE_LOOP('',(#1118));
#2527=EDGE_LOOP('',(#1119));
#2528=EDGE_LOOP('',(#1120));
#2529=EDGE_LOOP('',(#1121));
#2530=EDGE_LOOP('',(#1122));
#2531=EDGE_LOOP('',(#1123));
#2532=EDGE_LOOP('',(#1124,#1125,#1126,#1127,#1128,#1129));
#2533=EDGE_LOOP('',(#1130,#1131,#1132,#1133,#1134,#1135));
#2534=EDGE_LOOP('',(#1136,#1137,#1138,#1139,#1140,#1141));
#2535=EDGE_LOOP('',(#1142,#1143,#1144,#1145,#1146,#1147));
#2536=EDGE_LOOP('',(#1148,#1149,#1150,#1151));
#2537=EDGE_LOOP('',(#1152,#1153,#1154,#1155));
#2538=EDGE_LOOP('',(#1156,#1157,#1158,#1159));
#2539=EDGE_LOOP('',(#1160,#1161,#1162,#1163));
#2540=EDGE_LOOP('',(#1164,#1165,#1166,#1167));
#2541=EDGE_LOOP('',(#1168,#1169,#1170,#1171));
#2542=EDGE_LOOP('',(#1172,#1173,#1174,#1175));
#2543=EDGE_LOOP('',(#1176,#1177,#1178,#1179));
#2544=EDGE_LOOP('',(#1180,#1181,#1182,#1183));
#2545=EDGE_LOOP('',(#1184,#1185,#1186,#1187));
#2546=EDGE_LOOP('',(#1188,#1189,#1190,#1191));
#2547=EDGE_LOOP('',(#1192,#1193,#1194,#1195));
#2548=EDGE_LOOP('',(#1196,#1197,#1198,#1199));
#2549=EDGE_LOOP('',(#1200,#1201,#1202,#1203));
#2550=EDGE_LOOP('',(#1204,#1205,#1206,#1207));
#2551=EDGE_LOOP('',(#1208,#1209,#1210,#1211));
#2552=EDGE_LOOP('',(#1212,#1213,#1214,#1215));
#2553=EDGE_LOOP('',(#1216,#1217,#1218,#1219));
#2554=EDGE_LOOP('',(#1220,#1221,#1222,#1223));
#2555=EDGE_LOOP('',(#1224,#1225,#1226,#1227));
#2556=EDGE_LOOP('',(#1228,#1229,#1230,#1231));
#2557=EDGE_LOOP('',(#1232,#1233,#1234,#1235));
#2558=EDGE_LOOP('',(#1236,#1237,#1238,#1239));
#2559=EDGE_LOOP('',(#1240,#1241,#1242,#1243));
#2560=EDGE_LOOP('',(#1244,#1245,#1246,#1247));
#2561=EDGE_LOOP('',(#1248,#1249,#1250,#1251));
#2562=EDGE_LOOP('',(#1252,#1253,#1254,#1255));
#2563=EDGE_LOOP('',(#1256,#1257,#1258,#1259));
#2564=EDGE_LOOP('',(#1260,#1261,#1262,#1263,#1264,#1265,#1266,#1267,#1268,
#1269,#1270,#1271));
#2565=EDGE_LOOP('',(#1272,#1273,#1274,#1275));
#2566=EDGE_LOOP('',(#1276,#1277,#1278,#1279));
#2567=EDGE_LOOP('',(#1280,#1281,#1282,#1283));
#2568=EDGE_LOOP('',(#1284,#1285,#1286,#1287));
#2569=EDGE_LOOP('',(#1288,#1289,#1290,#1291));
#2570=EDGE_LOOP('',(#1292,#1293,#1294,#1295,#1296,#1297));
#2571=EDGE_LOOP('',(#1298,#1299,#1300,#1301));
#2572=EDGE_LOOP('',(#1302,#1303,#1304,#1305));
#2573=EDGE_LOOP('',(#1306,#1307,#1308,#1309));
#2574=EDGE_LOOP('',(#1310,#1311,#1312,#1313));
#2575=EDGE_LOOP('',(#1314,#1315,#1316,#1317));
#2576=EDGE_LOOP('',(#1318,#1319,#1320,#1321,#1322,#1323,#1324));
#2577=EDGE_LOOP('',(#1325,#1326,#1327,#1328));
#2578=EDGE_LOOP('',(#1329,#1330,#1331,#1332));
#2579=EDGE_LOOP('',(#1333,#1334,#1335,#1336));
#2580=EDGE_LOOP('',(#1337,#1338,#1339,#1340));
#2581=EDGE_LOOP('',(#1341,#1342,#1343,#1344));
#2582=EDGE_LOOP('',(#1345,#1346,#1347,#1348));
#2583=EDGE_LOOP('',(#1349,#1350,#1351,#1352));
#2584=EDGE_LOOP('',(#1353,#1354,#1355,#1356));
#2585=EDGE_LOOP('',(#1357,#1358,#1359,#1360,#1361,#1362));
#2586=EDGE_LOOP('',(#1363,#1364,#1365,#1366,#1367,#1368));
#2587=EDGE_LOOP('',(#1369,#1370,#1371,#1372,#1373,#1374));
#2588=EDGE_LOOP('',(#1375,#1376,#1377,#1378));
#2589=EDGE_LOOP('',(#1379,#1380,#1381,#1382));
#2590=EDGE_LOOP('',(#1383,#1384,#1385,#1386));
#2591=EDGE_LOOP('',(#1387,#1388,#1389,#1390));
#2592=EDGE_LOOP('',(#1391,#1392,#1393,#1394));
#2593=EDGE_LOOP('',(#1395,#1396,#1397,#1398));
#2594=EDGE_LOOP('',(#1399,#1400,#1401,#1402));
#2595=EDGE_LOOP('',(#1403,#1404,#1405,#1406));
#2596=EDGE_LOOP('',(#1407,#1408,#1409,#1410));
#2597=EDGE_LOOP('',(#1411,#1412,#1413,#1414));
#2598=EDGE_LOOP('',(#1415,#1416,#1417,#1418));
#2599=EDGE_LOOP('',(#1419,#1420,#1421,#1422));
#2600=EDGE_LOOP('',(#1423,#1424,#1425,#1426));
#2601=EDGE_LOOP('',(#1427,#1428,#1429,#1430));
#2602=EDGE_LOOP('',(#1431,#1432,#1433,#1434));
#2603=EDGE_LOOP('',(#1435,#1436,#1437,#1438));
#2604=EDGE_LOOP('',(#1439,#1440,#1441,#1442));
#2605=EDGE_LOOP('',(#1443,#1444,#1445,#1446));
#2606=EDGE_LOOP('',(#1447,#1448,#1449,#1450));
#2607=EDGE_LOOP('',(#1451,#1452,#1453,#1454));
#2608=EDGE_LOOP('',(#1455,#1456,#1457,#1458));
#2609=EDGE_LOOP('',(#1459,#1460,#1461,#1462));
#2610=EDGE_LOOP('',(#1463,#1464,#1465,#1466));
#2611=EDGE_LOOP('',(#1467,#1468,#1469,#1470));
#2612=EDGE_LOOP('',(#1471,#1472,#1473,#1474));
#2613=EDGE_LOOP('',(#1475,#1476,#1477,#1478));
#2614=EDGE_LOOP('',(#1479,#1480,#1481,#1482));
#2615=EDGE_LOOP('',(#1483,#1484,#1485,#1486));
#2616=EDGE_LOOP('',(#1487,#1488,#1489,#1490));
#2617=EDGE_LOOP('',(#1491,#1492,#1493,#1494));
#2618=EDGE_LOOP('',(#1495,#1496,#1497,#1498));
#2619=EDGE_LOOP('',(#1499,#1500,#1501,#1502));
#2620=EDGE_LOOP('',(#1503,#1504,#1505,#1506));
#2621=EDGE_LOOP('',(#1507,#1508,#1509,#1510,#1511,#1512,#1513,#1514,#1515,
#1516,#1517,#1518,#1519,#1520,#1521,#1522,#1523,#1524));
#2622=EDGE_LOOP('',(#1525,#1526,#1527,#1528));
#2623=EDGE_LOOP('',(#1529,#1530,#1531,#1532));
#2624=EDGE_LOOP('',(#1533,#1534,#1535,#1536));
#2625=EDGE_LOOP('',(#1537,#1538,#1539,#1540));
#2626=EDGE_LOOP('',(#1541,#1542,#1543,#1544));
#2627=EDGE_LOOP('',(#1545,#1546,#1547,#1548));
#2628=EDGE_LOOP('',(#1549,#1550,#1551,#1552));
#2629=EDGE_LOOP('',(#1553,#1554,#1555,#1556));
#2630=EDGE_LOOP('',(#1557,#1558,#1559,#1560));
#2631=EDGE_LOOP('',(#1561,#1562,#1563,#1564));
#2632=EDGE_LOOP('',(#1565,#1566,#1567,#1568));
#2633=EDGE_LOOP('',(#1569,#1570,#1571,#1572));
#2634=EDGE_LOOP('',(#1573,#1574,#1575,#1576));
#2635=EDGE_LOOP('',(#1577,#1578,#1579,#1580));
#2636=EDGE_LOOP('',(#1581,#1582,#1583,#1584));
#2637=EDGE_LOOP('',(#1585,#1586,#1587,#1588));
#2638=EDGE_LOOP('',(#1589,#1590,#1591,#1592));
#2639=EDGE_LOOP('',(#1593,#1594,#1595,#1596,#1597,#1598,#1599,#1600,#1601,
#1602,#1603,#1604,#1605,#1606,#1607,#1608,#1609,#1610));
#2640=EDGE_LOOP('',(#1611,#1612,#1613,#1614));
#2641=EDGE_LOOP('',(#1615,#1616,#1617,#1618));
#2642=EDGE_LOOP('',(#1619,#1620,#1621,#1622));
#2643=EDGE_LOOP('',(#1623,#1624,#1625,#1626));
#2644=EDGE_LOOP('',(#1627,#1628,#1629,#1630));
#2645=FACE_BOUND('',#2462,.T.);
#2646=FACE_BOUND('',#2463,.T.);
#2647=FACE_BOUND('',#2464,.T.);
#2648=FACE_BOUND('',#2465,.T.);
#2649=FACE_BOUND('',#2466,.T.);
#2650=FACE_BOUND('',#2467,.T.);
#2651=FACE_BOUND('',#2468,.T.);
#2652=FACE_BOUND('',#2469,.T.);
#2653=FACE_BOUND('',#2470,.T.);
#2654=FACE_BOUND('',#2471,.T.);
#2655=FACE_BOUND('',#2472,.T.);
#2656=FACE_BOUND('',#2473,.T.);
#2657=FACE_BOUND('',#2474,.T.);
#2658=FACE_BOUND('',#2475,.T.);
#2659=FACE_BOUND('',#2476,.T.);
#2660=FACE_BOUND('',#2477,.T.);
#2661=FACE_BOUND('',#2478,.T.);
#2662=FACE_BOUND('',#2479,.T.);
#2663=FACE_BOUND('',#2480,.T.);
#2664=FACE_BOUND('',#2481,.T.);
#2665=FACE_BOUND('',#2482,.T.);
#2666=FACE_BOUND('',#2483,.T.);
#2667=FACE_BOUND('',#2484,.T.);
#2668=FACE_BOUND('',#2485,.T.);
#2669=FACE_BOUND('',#2486,.T.);
#2670=FACE_BOUND('',#2487,.T.);
#2671=FACE_BOUND('',#2488,.T.);
#2672=FACE_BOUND('',#2489,.T.);
#2673=FACE_BOUND('',#2490,.T.);
#2674=FACE_BOUND('',#2491,.T.);
#2675=FACE_BOUND('',#2492,.T.);
#2676=FACE_BOUND('',#2493,.T.);
#2677=FACE_BOUND('',#2494,.T.);
#2678=FACE_BOUND('',#2495,.T.);
#2679=FACE_BOUND('',#2496,.T.);
#2680=FACE_BOUND('',#2497,.T.);
#2681=FACE_BOUND('',#2498,.T.);
#2682=FACE_BOUND('',#2499,.T.);
#2683=FACE_BOUND('',#2500,.T.);
#2684=FACE_BOUND('',#2501,.T.);
#2685=FACE_BOUND('',#2502,.T.);
#2686=FACE_BOUND('',#2503,.T.);
#2687=FACE_BOUND('',#2504,.T.);
#2688=FACE_BOUND('',#2505,.T.);
#2689=FACE_BOUND('',#2506,.T.);
#2690=FACE_BOUND('',#2507,.T.);
#2691=FACE_BOUND('',#2508,.T.);
#2692=FACE_BOUND('',#2509,.T.);
#2693=FACE_BOUND('',#2510,.T.);
#2694=FACE_BOUND('',#2511,.T.);
#2695=FACE_BOUND('',#2512,.T.);
#2696=FACE_BOUND('',#2513,.T.);
#2697=FACE_BOUND('',#2514,.T.);
#2698=FACE_BOUND('',#2515,.T.);
#2699=FACE_BOUND('',#2516,.T.);
#2700=FACE_BOUND('',#2517,.T.);
#2701=FACE_BOUND('',#2518,.T.);
#2702=FACE_BOUND('',#2519,.T.);
#2703=FACE_BOUND('',#2520,.T.);
#2704=FACE_BOUND('',#2521,.T.);
#2705=FACE_BOUND('',#2522,.T.);
#2706=FACE_BOUND('',#2523,.T.);
#2707=FACE_BOUND('',#2524,.T.);
#2708=FACE_BOUND('',#2525,.T.);
#2709=FACE_BOUND('',#2526,.T.);
#2710=FACE_BOUND('',#2527,.T.);
#2711=FACE_BOUND('',#2528,.T.);
#2712=FACE_BOUND('',#2529,.T.);
#2713=FACE_BOUND('',#2530,.T.);
#2714=FACE_BOUND('',#2531,.T.);
#2715=FACE_BOUND('',#2532,.T.);
#2716=FACE_BOUND('',#2533,.T.);
#2717=FACE_BOUND('',#2534,.T.);
#2718=FACE_BOUND('',#2535,.T.);
#2719=FACE_BOUND('',#2536,.T.);
#2720=FACE_BOUND('',#2537,.T.);
#2721=FACE_BOUND('',#2538,.T.);
#2722=FACE_BOUND('',#2539,.T.);
#2723=FACE_BOUND('',#2540,.T.);
#2724=FACE_BOUND('',#2541,.T.);
#2725=FACE_BOUND('',#2542,.T.);
#2726=FACE_BOUND('',#2543,.T.);
#2727=FACE_BOUND('',#2544,.T.);
#2728=FACE_BOUND('',#2545,.T.);
#2729=FACE_BOUND('',#2546,.T.);
#2730=FACE_BOUND('',#2547,.T.);
#2731=FACE_BOUND('',#2548,.T.);
#2732=FACE_BOUND('',#2549,.T.);
#2733=FACE_BOUND('',#2550,.T.);
#2734=FACE_BOUND('',#2551,.T.);
#2735=FACE_BOUND('',#2552,.T.);
#2736=FACE_BOUND('',#2553,.T.);
#2737=FACE_BOUND('',#2554,.T.);
#2738=FACE_BOUND('',#2555,.T.);
#2739=FACE_BOUND('',#2556,.T.);
#2740=FACE_BOUND('',#2557,.T.);
#2741=FACE_BOUND('',#2558,.T.);
#2742=FACE_BOUND('',#2559,.T.);
#2743=FACE_BOUND('',#2560,.T.);
#2744=FACE_BOUND('',#2561,.T.);
#2745=FACE_BOUND('',#2562,.T.);
#2746=FACE_BOUND('',#2563,.T.);
#2747=FACE_BOUND('',#2564,.T.);
#2748=FACE_BOUND('',#2565,.T.);
#2749=FACE_BOUND('',#2566,.T.);
#2750=FACE_BOUND('',#2567,.T.);
#2751=FACE_BOUND('',#2568,.T.);
#2752=FACE_BOUND('',#2569,.T.);
#2753=FACE_BOUND('',#2570,.T.);
#2754=FACE_BOUND('',#2571,.T.);
#2755=FACE_BOUND('',#2572,.T.);
#2756=FACE_BOUND('',#2573,.T.);
#2757=FACE_BOUND('',#2574,.T.);
#2758=FACE_BOUND('',#2575,.T.);
#2759=FACE_BOUND('',#2576,.T.);
#2760=FACE_BOUND('',#2577,.T.);
#2761=FACE_BOUND('',#2578,.T.);
#2762=FACE_BOUND('',#2579,.T.);
#2763=FACE_BOUND('',#2580,.T.);
#2764=FACE_BOUND('',#2581,.T.);
#2765=FACE_BOUND('',#2582,.T.);
#2766=FACE_BOUND('',#2583,.T.);
#2767=FACE_BOUND('',#2584,.T.);
#2768=FACE_BOUND('',#2585,.T.);
#2769=FACE_BOUND('',#2586,.T.);
#2770=FACE_BOUND('',#2587,.T.);
#2771=FACE_BOUND('',#2588,.T.);
#2772=FACE_BOUND('',#2589,.T.);
#2773=FACE_BOUND('',#2590,.T.);
#2774=FACE_BOUND('',#2591,.T.);
#2775=FACE_BOUND('',#2592,.T.);
#2776=FACE_BOUND('',#2593,.T.);
#2777=FACE_BOUND('',#2594,.T.);
#2778=FACE_BOUND('',#2595,.T.);
#2779=FACE_BOUND('',#2596,.T.);
#2780=FACE_BOUND('',#2597,.T.);
#2781=FACE_BOUND('',#2598,.T.);
#2782=FACE_BOUND('',#2599,.T.);
#2783=FACE_BOUND('',#2600,.T.);
#2784=FACE_BOUND('',#2601,.T.);
#2785=FACE_BOUND('',#2602,.T.);
#2786=FACE_BOUND('',#2603,.T.);
#2787=FACE_BOUND('',#2604,.T.);
#2788=FACE_BOUND('',#2605,.T.);
#2789=FACE_BOUND('',#2606,.T.);
#2790=FACE_BOUND('',#2607,.T.);
#2791=FACE_BOUND('',#2608,.T.);
#2792=FACE_BOUND('',#2609,.T.);
#2793=FACE_BOUND('',#2610,.T.);
#2794=FACE_BOUND('',#2611,.T.);
#2795=FACE_BOUND('',#2612,.T.);
#2796=FACE_BOUND('',#2613,.T.);
#2797=FACE_BOUND('',#2614,.T.);
#2798=FACE_BOUND('',#2615,.T.);
#2799=FACE_BOUND('',#2616,.T.);
#2800=FACE_BOUND('',#2617,.T.);
#2801=FACE_BOUND('',#2618,.T.);
#2802=FACE_BOUND('',#2619,.T.);
#2803=FACE_BOUND('',#2620,.T.);
#2804=FACE_BOUND('',#2621,.T.);
#2805=FACE_BOUND('',#2622,.T.);
#2806=FACE_BOUND('',#2623,.T.);
#2807=FACE_BOUND('',#2624,.T.);
#2808=FACE_BOUND('',#2625,.T.);
#2809=FACE_BOUND('',#2626,.T.);
#2810=FACE_BOUND('',#2627,.T.);
#2811=FACE_BOUND('',#2628,.T.);
#2812=FACE_BOUND('',#2629,.T.);
#2813=FACE_BOUND('',#2630,.T.);
#2814=FACE_BOUND('',#2631,.T.);
#2815=FACE_BOUND('',#2632,.T.);
#2816=FACE_BOUND('',#2633,.T.);
#2817=FACE_BOUND('',#2634,.T.);
#2818=FACE_BOUND('',#2635,.T.);
#2819=FACE_BOUND('',#2636,.T.);
#2820=FACE_BOUND('',#2637,.T.);
#2821=FACE_BOUND('',#2638,.T.);
#2822=FACE_BOUND('',#2639,.T.);
#2823=FACE_BOUND('',#2640,.T.);
#2824=FACE_BOUND('',#2641,.T.);
#2825=FACE_BOUND('',#2642,.T.);
#2826=FACE_BOUND('',#2643,.T.);
#2827=FACE_BOUND('',#2644,.T.);
#2828=PLANE('',#3098);
#2829=PLANE('',#3120);
#2830=PLANE('',#3123);
#2831=PLANE('',#3132);
#2832=PLANE('',#3133);
#2833=PLANE('',#3138);
#2834=PLANE('',#3139);
#2835=PLANE('',#3141);
#2836=PLANE('',#3143);
#2837=PLANE('',#3144);
#2838=PLANE('',#3165);
#2839=PLANE('',#3184);
#2840=PLANE('',#3186);
#2841=PLANE('',#3190);
#2842=PLANE('',#3192);
#2843=PLANE('',#3193);
#2844=PLANE('',#3194);
#2845=PLANE('',#3195);
#2846=PLANE('',#3196);
#2847=PLANE('',#3197);
#2848=PLANE('',#3198);
#2849=PLANE('',#3199);
#2850=PLANE('',#3200);
#2851=PLANE('',#3201);
#2852=PLANE('',#3202);
#2853=PLANE('',#3203);
#2854=PLANE('',#3204);
#2855=PLANE('',#3205);
#2856=PLANE('',#3206);
#2857=PLANE('',#3207);
#2858=PLANE('',#3208);
#2859=PLANE('',#3209);
#2860=PLANE('',#3210);
#2861=PLANE('',#3217);
#2862=PLANE('',#3218);
#2863=PLANE('',#3219);
#2864=PLANE('',#3220);
#2865=PLANE('',#3221);
#2866=PLANE('',#3222);
#2867=PLANE('',#3223);
#2868=PLANE('',#3224);
#2869=PLANE('',#3225);
#2870=PLANE('',#3226);
#2871=PLANE('',#3227);
#2872=PLANE('',#3228);
#2873=PLANE('',#3229);
#2874=PLANE('',#3230);
#2875=PLANE('',#3231);
#2876=PLANE('',#3232);
#2877=PLANE('',#3233);
#2878=PLANE('',#3234);
#2879=PLANE('',#3235);
#2880=PLANE('',#3236);
#2881=PLANE('',#3237);
#2882=PLANE('',#3238);
#2883=PLANE('',#3239);
#2884=PLANE('',#3240);
#2885=PLANE('',#3241);
#2886=PLANE('',#3242);
#2887=PLANE('',#3243);
#2888=PLANE('',#3244);
#2889=PLANE('',#3245);
#2890=PLANE('',#3246);
#2891=PLANE('',#3247);
#2892=PLANE('',#3248);
#2893=PLANE('',#3249);
#2894=PLANE('',#3250);
#2895=PLANE('',#3251);
#2896=PLANE('',#3252);
#2897=PLANE('',#3253);
#2898=PLANE('',#3254);
#2899=PLANE('',#3261);
#2900=PLANE('',#3262);
#2901=PLANE('',#3263);
#2902=PLANE('',#3264);
#2903=PLANE('',#3266);
#2904=PLANE('',#3267);
#2905=PLANE('',#3268);
#2906=PLANE('',#3269);
#2907=PLANE('',#3270);
#2908=PLANE('',#3291);
#2909=PLANE('',#3292);
#2910=PLANE('',#3293);
#2911=PLANE('',#3306);
#2912=PLANE('',#3307);
#2913=PLANE('',#3308);
#2914=PLANE('',#3313);
#2915=PLANE('',#3318);
#2916=PLANE('',#3319);
#2917=PLANE('',#3320);
#2918=PLANE('',#3321);
#2919=PLANE('',#3334);
#2920=PLANE('',#3335);
#2921=PLANE('',#3336);
#2922=PLANE('',#3341);
#2923=PLANE('',#3346);
#2924=PLANE('',#3347);
#2925=PLANE('',#3348);
#2926=PLANE('',#3349);
#2927=PLANE('',#3350);
#2928=PLANE('',#3351);
#2929=ADVANCED_FACE('',(#2645,#2646),#2828,.F.);
#2930=ADVANCED_FACE('',(#2647,#2648),#2829,.T.);
#2931=ADVANCED_FACE('',(#2649,#2650),#2830,.F.);
#2932=ADVANCED_FACE('',(#2651),#32,.T.);
#2933=ADVANCED_FACE('',(#2652),#33,.T.);
#2934=ADVANCED_FACE('',(#2653),#2831,.T.);
#2935=ADVANCED_FACE('',(#2654),#2832,.T.);
#2936=ADVANCED_FACE('',(#2655),#34,.F.);
#2937=ADVANCED_FACE('',(#2656),#35,.F.);
#2938=ADVANCED_FACE('',(#2657),#2833,.F.);
#2939=ADVANCED_FACE('',(#2658),#2834,.T.);
#2940=ADVANCED_FACE('',(#2659),#2835,.F.);
#2941=ADVANCED_FACE('',(#2660,#2661,#2662),#2836,.T.);
#2942=ADVANCED_FACE('',(#2663,#2664,#2665,#2666,#2667,#2668,#2669,#2670,
#2671,#2672),#2837,.T.);
#2943=ADVANCED_FACE('',(#2673,#2674,#2675,#2676,#2677,#2678,#2679,#2680),
#2838,.F.);
#2944=ADVANCED_FACE('',(#2681),#2839,.T.);
#2945=ADVANCED_FACE('',(#2682),#2840,.F.);
#2946=ADVANCED_FACE('',(#2683),#2841,.T.);
#2947=ADVANCED_FACE('',(#2684,#2685,#2686),#2842,.F.);
#2948=ADVANCED_FACE('',(#2687),#2843,.T.);
#2949=ADVANCED_FACE('',(#2688),#2844,.F.);
#2950=ADVANCED_FACE('',(#2689),#2845,.T.);
#2951=ADVANCED_FACE('',(#2690),#2846,.T.);
#2952=ADVANCED_FACE('',(#2691),#2847,.F.);
#2953=ADVANCED_FACE('',(#2692),#2848,.T.);
#2954=ADVANCED_FACE('',(#2693),#2849,.F.);
#2955=ADVANCED_FACE('',(#2694),#2850,.T.);
#2956=ADVANCED_FACE('',(#2695),#2851,.T.);
#2957=ADVANCED_FACE('',(#2696),#2852,.T.);
#2958=ADVANCED_FACE('',(#2697),#2853,.F.);
#2959=ADVANCED_FACE('',(#2698),#2854,.F.);
#2960=ADVANCED_FACE('',(#2699),#2855,.F.);
#2961=ADVANCED_FACE('',(#2700),#2856,.T.);
#2962=ADVANCED_FACE('',(#2701),#2857,.F.);
#2963=ADVANCED_FACE('',(#2702),#2858,.F.);
#2964=ADVANCED_FACE('',(#2703),#2859,.T.);
#2965=ADVANCED_FACE('',(#2704),#2860,.T.);
#2966=ADVANCED_FACE('',(#2705),#36,.F.);
#2967=ADVANCED_FACE('',(#2706),#37,.F.);
#2968=ADVANCED_FACE('',(#2707,#2708),#38,.F.);
#2969=ADVANCED_FACE('',(#2709,#2710),#39,.F.);
#2970=ADVANCED_FACE('',(#2711,#2712),#40,.F.);
#2971=ADVANCED_FACE('',(#2713,#2714),#41,.F.);
#2972=ADVANCED_FACE('',(#2715),#2861,.T.);
#2973=ADVANCED_FACE('',(#2716),#2862,.F.);
#2974=ADVANCED_FACE('',(#2717),#2863,.T.);
#2975=ADVANCED_FACE('',(#2718),#2864,.F.);
#2976=ADVANCED_FACE('',(#2719),#2865,.F.);
#2977=ADVANCED_FACE('',(#2720),#2866,.T.);
#2978=ADVANCED_FACE('',(#2721),#2867,.T.);
#2979=ADVANCED_FACE('',(#2722),#2868,.F.);
#2980=ADVANCED_FACE('',(#2723),#2869,.F.);
#2981=ADVANCED_FACE('',(#2724),#2870,.T.);
#2982=ADVANCED_FACE('',(#2725),#2871,.F.);
#2983=ADVANCED_FACE('',(#2726),#2872,.T.);
#2984=ADVANCED_FACE('',(#2727),#2873,.F.);
#2985=ADVANCED_FACE('',(#2728),#2874,.T.);
#2986=ADVANCED_FACE('',(#2729),#2875,.F.);
#2987=ADVANCED_FACE('',(#2730),#2876,.T.);
#2988=ADVANCED_FACE('',(#2731),#2877,.F.);
#2989=ADVANCED_FACE('',(#2732),#2878,.T.);
#2990=ADVANCED_FACE('',(#2733),#2879,.F.);
#2991=ADVANCED_FACE('',(#2734),#2880,.T.);
#2992=ADVANCED_FACE('',(#2735),#2881,.T.);
#2993=ADVANCED_FACE('',(#2736),#2882,.F.);
#2994=ADVANCED_FACE('',(#2737),#2883,.F.);
#2995=ADVANCED_FACE('',(#2738),#2884,.F.);
#2996=ADVANCED_FACE('',(#2739),#2885,.F.);
#2997=ADVANCED_FACE('',(#2740),#2886,.T.);
#2998=ADVANCED_FACE('',(#2741),#2887,.F.);
#2999=ADVANCED_FACE('',(#2742),#2888,.T.);
#3000=ADVANCED_FACE('',(#2743),#2889,.T.);
#3001=ADVANCED_FACE('',(#2744),#2890,.T.);
#3002=ADVANCED_FACE('',(#2745),#2891,.T.);
#3003=ADVANCED_FACE('',(#2746),#2892,.F.);
#3004=ADVANCED_FACE('',(#2747),#2893,.T.);
#3005=ADVANCED_FACE('',(#2748),#2894,.F.);
#3006=ADVANCED_FACE('',(#2749),#2895,.F.);
#3007=ADVANCED_FACE('',(#2750),#2896,.T.);
#3008=ADVANCED_FACE('',(#2751),#2897,.T.);
#3009=ADVANCED_FACE('',(#2752),#2898,.T.);
#3010=ADVANCED_FACE('',(#2753),#42,.T.);
#3011=ADVANCED_FACE('',(#2754),#43,.F.);
#3012=ADVANCED_FACE('',(#2755),#44,.F.);
#3013=ADVANCED_FACE('',(#2756),#45,.F.);
#3014=ADVANCED_FACE('',(#2757),#46,.F.);
#3015=ADVANCED_FACE('',(#2758),#2899,.F.);
#3016=ADVANCED_FACE('',(#2759),#2900,.T.);
#3017=ADVANCED_FACE('',(#2760),#2901,.T.);
#3018=ADVANCED_FACE('',(#2761),#2902,.F.);
#3019=ADVANCED_FACE('',(#2762),#47,.F.);
#3020=ADVANCED_FACE('',(#2763),#2903,.F.);
#3021=ADVANCED_FACE('',(#2764),#2904,.F.);
#3022=ADVANCED_FACE('',(#2765),#2905,.F.);
#3023=ADVANCED_FACE('',(#2766),#2906,.T.);
#3024=ADVANCED_FACE('',(#2767),#2907,.F.);
#3025=ADVANCED_FACE('',(#2768),#48,.T.);
#3026=ADVANCED_FACE('',(#2769),#49,.F.);
#3027=ADVANCED_FACE('',(#2770),#50,.F.);
#3028=ADVANCED_FACE('',(#2771),#51,.T.);
#3029=ADVANCED_FACE('',(#2772),#52,.T.);
#3030=ADVANCED_FACE('',(#2773),#53,.T.);
#3031=ADVANCED_FACE('',(#2774),#54,.T.);
#3032=ADVANCED_FACE('',(#2775),#55,.F.);
#3033=ADVANCED_FACE('',(#2776),#56,.F.);
#3034=ADVANCED_FACE('',(#2777),#57,.F.);
#3035=ADVANCED_FACE('',(#2778),#58,.F.);
#3036=ADVANCED_FACE('',(#2779),#59,.F.);
#3037=ADVANCED_FACE('',(#2780),#60,.F.);
#3038=ADVANCED_FACE('',(#2781),#61,.F.);
#3039=ADVANCED_FACE('',(#2782),#62,.F.);
#3040=ADVANCED_FACE('',(#2783),#63,.F.);
#3041=ADVANCED_FACE('',(#2784),#64,.F.);
#3042=ADVANCED_FACE('',(#2785),#65,.F.);
#3043=ADVANCED_FACE('',(#2786),#66,.F.);
#3044=ADVANCED_FACE('',(#2787),#2908,.T.);
#3045=ADVANCED_FACE('',(#2788),#2909,.F.);
#3046=ADVANCED_FACE('',(#2789),#2910,.T.);
#3047=ADVANCED_FACE('',(#2790),#67,.F.);
#3048=ADVANCED_FACE('',(#2791),#68,.F.);
#3049=ADVANCED_FACE('',(#2792),#69,.F.);
#3050=ADVANCED_FACE('',(#2793),#70,.F.);
#3051=ADVANCED_FACE('',(#2794),#71,.F.);
#3052=ADVANCED_FACE('',(#2795),#72,.F.);
#3053=ADVANCED_FACE('',(#2796),#2911,.T.);
#3054=ADVANCED_FACE('',(#2797),#2912,.F.);
#3055=ADVANCED_FACE('',(#2798),#2913,.T.);
#3056=ADVANCED_FACE('',(#2799),#73,.T.);
#3057=ADVANCED_FACE('',(#2800),#74,.T.);
#3058=ADVANCED_FACE('',(#2801),#2914,.T.);
#3059=ADVANCED_FACE('',(#2802),#75,.T.);
#3060=ADVANCED_FACE('',(#2803),#76,.T.);
#3061=ADVANCED_FACE('',(#2804),#2915,.T.);
#3062=ADVANCED_FACE('',(#2805),#2916,.T.);
#3063=ADVANCED_FACE('',(#2806),#2917,.F.);
#3064=ADVANCED_FACE('',(#2807),#2918,.T.);
#3065=ADVANCED_FACE('',(#2808),#77,.F.);
#3066=ADVANCED_FACE('',(#2809),#78,.F.);
#3067=ADVANCED_FACE('',(#2810),#79,.F.);
#3068=ADVANCED_FACE('',(#2811),#80,.F.);
#3069=ADVANCED_FACE('',(#2812),#81,.F.);
#3070=ADVANCED_FACE('',(#2813),#82,.F.);
#3071=ADVANCED_FACE('',(#2814),#2919,.T.);
#3072=ADVANCED_FACE('',(#2815),#2920,.F.);
#3073=ADVANCED_FACE('',(#2816),#2921,.T.);
#3074=ADVANCED_FACE('',(#2817),#83,.T.);
#3075=ADVANCED_FACE('',(#2818),#84,.T.);
#3076=ADVANCED_FACE('',(#2819),#2922,.T.);
#3077=ADVANCED_FACE('',(#2820),#85,.T.);
#3078=ADVANCED_FACE('',(#2821),#86,.T.);
#3079=ADVANCED_FACE('',(#2822),#2923,.T.);
#3080=ADVANCED_FACE('',(#2823),#2924,.T.);
#3081=ADVANCED_FACE('',(#2824),#2925,.T.);
#3082=ADVANCED_FACE('',(#2825),#2926,.T.);
#3083=ADVANCED_FACE('',(#2826),#2927,.T.);
#3084=ADVANCED_FACE('',(#2827),#2928,.T.);
#3085=CLOSED_SHELL('',(#2929,#2930,#2931,#2932,#2933,#2934,#2935,#2936,
#2937,#2938,#2939,#2940,#2941,#2942,#2943,#2944,#2945,#2946,#2947,#2948,
#2949,#2950,#2951,#2952,#2953,#2954,#2955,#2956,#2957,#2958,#2959,#2960,
#2961,#2962,#2963,#2964,#2965,#2966,#2967,#2968,#2969,#2970,#2971,#2972,
#2973,#2974,#2975,#2976,#2977,#2978,#2979,#2980,#2981,#2982,#2983,#2984,
#2985,#2986,#2987,#2988,#2989,#2990,#2991,#2992,#2993,#2994,#2995,#2996,
#2997,#2998,#2999,#3000,#3001,#3002,#3003,#3004,#3005,#3006,#3007,#3008,
#3009,#3010,#3011,#3012,#3013,#3014,#3015,#3016,#3017,#3018,#3019,#3020,
#3021,#3022,#3023,#3024,#3025,#3026,#3027,#3028,#3029,#3030,#3031,#3032,
#3033,#3034,#3035,#3036,#3037,#3038,#3039,#3040,#3041,#3042,#3043,#3044,
#3045,#3046,#3047,#3048,#3049,#3050,#3051,#3052,#3053,#3054,#3055,#3056,
#3057,#3058,#3059,#3060,#3061,#3062,#3063,#3064,#3065,#3066,#3067,#3068,
#3069,#3070,#3071,#3072,#3073,#3074,#3075,#3076,#3077,#3078,#3079,#3080,
#3081,#3082,#3083,#3084));
#3086=STYLED_ITEM('',(#3087),#3094);
#3087=PRESENTATION_STYLE_ASSIGNMENT((#3088));
#3088=SURFACE_STYLE_USAGE(.BOTH.,#3089);
#3089=SURFACE_SIDE_STYLE('',(#3090));
#3090=SURFACE_STYLE_FILL_AREA(#3091);
#3091=FILL_AREA_STYLE('',(#3092));
#3092=FILL_AREA_STYLE_COLOUR('',#3093);
#3093=DRAUGHTING_PRE_DEFINED_COLOUR('white');
#3094=MANIFOLD_SOLID_BREP('Part 1',#3085);
#3095=SHAPE_DEFINITION_REPRESENTATION(#5143,#3096);
#3096=SHAPE_REPRESENTATION('Part 1',(#3097),#5138);
#3097=AXIS2_PLACEMENT_3D('',#4191,#3352,#3353);
#3098=AXIS2_PLACEMENT_3D('',#4192,#3354,#3355);
#3099=AXIS2_PLACEMENT_3D('',#4193,#3356,#3357);
#3100=AXIS2_PLACEMENT_3D('',#4196,#3358,#3359);
#3101=AXIS2_PLACEMENT_3D('',#4200,#3361,#3362);
#3102=AXIS2_PLACEMENT_3D('',#4202,#3363,#3364);
#3103=AXIS2_PLACEMENT_3D('',#4204,#3365,#3366);
#3104=AXIS2_PLACEMENT_3D('',#4212,#3370,#3371);
#3105=AXIS2_PLACEMENT_3D('',#4214,#3372,#3373);
#3106=AXIS2_PLACEMENT_3D('',#4218,#3375,#3376);
#3107=AXIS2_PLACEMENT_3D('',#4220,#3377,#3378);
#3108=AXIS2_PLACEMENT_3D('',#4228,#3382,#3383);
#3109=AXIS2_PLACEMENT_3D('',#4230,#3384,#3385);
#3110=AXIS2_PLACEMENT_3D('',#4232,#3386,#3387);
#3111=AXIS2_PLACEMENT_3D('',#4238,#3390,#3391);
#3112=AXIS2_PLACEMENT_3D('',#4244,#3394,#3395);
#3113=AXIS2_PLACEMENT_3D('',#4246,#3396,#3397);
#3114=AXIS2_PLACEMENT_3D('',#4248,#3398,#3399);
#3115=AXIS2_PLACEMENT_3D('',#4256,#3403,#3404);
#3116=AXIS2_PLACEMENT_3D('',#4258,#3405,#3406);
#3117=AXIS2_PLACEMENT_3D('',#4262,#3408,#3409);
#3118=AXIS2_PLACEMENT_3D('',#4264,#3410,#3411);
#3119=AXIS2_PLACEMENT_3D('',#4272,#3415,#3416);
#3120=AXIS2_PLACEMENT_3D('',#4281,#3421,#3422);
#3121=AXIS2_PLACEMENT_3D('',#4282,#3423,#3424);
#3122=AXIS2_PLACEMENT_3D('',#4295,#3430,#3431);
#3123=AXIS2_PLACEMENT_3D('',#4322,#3445,#3446);
#3124=AXIS2_PLACEMENT_3D('',#4350,#3460,#3461);
#3125=AXIS2_PLACEMENT_3D('',#4354,#3463,#3464);
#3126=AXIS2_PLACEMENT_3D('',#4363,#3469,#3470);
#3127=AXIS2_PLACEMENT_3D('',#4370,#3471,#3472);
#3128=AXIS2_PLACEMENT_3D('',#4374,#3474,#3475);
#3129=AXIS2_PLACEMENT_3D('',#4379,#3476,#3477);
#3130=AXIS2_PLACEMENT_3D('',#4383,#3479,#3480);
#3131=AXIS2_PLACEMENT_3D('',#4394,#3481,#3482);
#3132=AXIS2_PLACEMENT_3D('',#4395,#3483,#3484);
#3133=AXIS2_PLACEMENT_3D('',#4400,#3488,#3489);
#3134=AXIS2_PLACEMENT_3D('',#4405,#3493,#3494);
#3135=AXIS2_PLACEMENT_3D('',#4416,#3495,#3496);
#3136=AXIS2_PLACEMENT_3D('',#4419,#3498,#3499);
#3137=AXIS2_PLACEMENT_3D('',#4426,#3501,#3502);
#3138=AXIS2_PLACEMENT_3D('',#4433,#3503,#3504);
#3139=AXIS2_PLACEMENT_3D('',#4448,#3512,#3513);
#3140=AXIS2_PLACEMENT_3D('',#4458,#3518,#3519);
#3141=AXIS2_PLACEMENT_3D('',#4466,#3524,#3525);
#3142=AXIS2_PLACEMENT_3D('',#4481,#3533,#3534);
#3143=AXIS2_PLACEMENT_3D('',#4484,#3536,#3537);
#3144=AXIS2_PLACEMENT_3D('',#4509,#3551,#3552);
#3145=AXIS2_PLACEMENT_3D('',#4521,#3558,#3559);
#3146=AXIS2_PLACEMENT_3D('',#4525,#3561,#3562);
#3147=AXIS2_PLACEMENT_3D('',#4529,#3564,#3565);
#3148=AXIS2_PLACEMENT_3D('',#4533,#3567,#3568);
#3149=AXIS2_PLACEMENT_3D('',#4537,#3570,#3571);
#3150=AXIS2_PLACEMENT_3D('',#4541,#3573,#3574);
#3151=AXIS2_PLACEMENT_3D('',#4545,#3576,#3577);
#3152=AXIS2_PLACEMENT_3D('',#4549,#3579,#3580);
#3153=AXIS2_PLACEMENT_3D('',#4553,#3582,#3583);
#3154=AXIS2_PLACEMENT_3D('',#4557,#3585,#3586);
#3155=AXIS2_PLACEMENT_3D('',#4561,#3588,#3589);
#3156=AXIS2_PLACEMENT_3D('',#4565,#3591,#3592);
#3157=AXIS2_PLACEMENT_3D('',#4566,#3593,#3594);
#3158=AXIS2_PLACEMENT_3D('',#4568,#3595,#3596);
#3159=AXIS2_PLACEMENT_3D('',#4570,#3597,#3598);
#3160=AXIS2_PLACEMENT_3D('',#4574,#3600,#3601);
#3161=AXIS2_PLACEMENT_3D('',#4575,#3602,#3603);
#3162=AXIS2_PLACEMENT_3D('',#4579,#3605,#3606);
#3163=AXIS2_PLACEMENT_3D('',#4580,#3607,#3608);
#3164=AXIS2_PLACEMENT_3D('',#4582,#3609,#3610);
#3165=AXIS2_PLACEMENT_3D('',#4608,#3623,#3624);
#3166=AXIS2_PLACEMENT_3D('',#4613,#3627,#3628);
#3167=AXIS2_PLACEMENT_3D('',#4617,#3630,#3631);
#3168=AXIS2_PLACEMENT_3D('',#4629,#3638,#3639);
#3169=AXIS2_PLACEMENT_3D('',#4633,#3641,#3642);
#3170=AXIS2_PLACEMENT_3D('',#4637,#3644,#3645);
#3171=AXIS2_PLACEMENT_3D('',#4641,#3647,#3648);
#3172=AXIS2_PLACEMENT_3D('',#4645,#3650,#3651);
#3173=AXIS2_PLACEMENT_3D('',#4649,#3653,#3654);
#3174=AXIS2_PLACEMENT_3D('',#4653,#3656,#3657);
#3175=AXIS2_PLACEMENT_3D('',#4657,#3659,#3660);
#3176=AXIS2_PLACEMENT_3D('',#4661,#3662,#3663);
#3177=AXIS2_PLACEMENT_3D('',#4665,#3665,#3666);
#3178=AXIS2_PLACEMENT_3D('',#4669,#3668,#3669);
#3179=AXIS2_PLACEMENT_3D('',#4673,#3671,#3672);
#3180=AXIS2_PLACEMENT_3D('',#4674,#3673,#3674);
#3181=AXIS2_PLACEMENT_3D('',#4676,#3675,#3676);
#3182=AXIS2_PLACEMENT_3D('',#4678,#3677,#3678);
#3183=AXIS2_PLACEMENT_3D('',#4680,#3679,#3680);
#3184=AXIS2_PLACEMENT_3D('',#4682,#3681,#3682);
#3185=AXIS2_PLACEMENT_3D('',#4684,#3684,#3685);
#3186=AXIS2_PLACEMENT_3D('',#4686,#3687,#3688);
#3187=AXIS2_PLACEMENT_3D('',#4689,#3690,#3691);
#3188=AXIS2_PLACEMENT_3D('',#4691,#3692,#3693);
#3189=AXIS2_PLACEMENT_3D('',#4693,#3694,#3695);
#3190=AXIS2_PLACEMENT_3D('',#4696,#3697,#3698);
#3191=AXIS2_PLACEMENT_3D('',#4697,#3699,#3700);
#3192=AXIS2_PLACEMENT_3D('',#4702,#3703,#3704);
#3193=AXIS2_PLACEMENT_3D('',#4720,#3714,#3715);
#3194=AXIS2_PLACEMENT_3D('',#4724,#3719,#3720);
#3195=AXIS2_PLACEMENT_3D('',#4728,#3724,#3725);
#3196=AXIS2_PLACEMENT_3D('',#4737,#3730,#3731);
#3197=AXIS2_PLACEMENT_3D('',#4741,#3735,#3736);
#3198=AXIS2_PLACEMENT_3D('',#4746,#3741,#3742);
#3199=AXIS2_PLACEMENT_3D('',#4755,#3747,#3748);
#3200=AXIS2_PLACEMENT_3D('',#4757,#3750,#3751);
#3201=AXIS2_PLACEMENT_3D('',#4759,#3753,#3754);
#3202=AXIS2_PLACEMENT_3D('',#4760,#3755,#3756);
#3203=AXIS2_PLACEMENT_3D('',#4762,#3758,#3759);
#3204=AXIS2_PLACEMENT_3D('',#4764,#3761,#3762);
#3205=AXIS2_PLACEMENT_3D('',#4765,#3763,#3764);
#3206=AXIS2_PLACEMENT_3D('',#4767,#3766,#3767);
#3207=AXIS2_PLACEMENT_3D('',#4769,#3769,#3770);
#3208=AXIS2_PLACEMENT_3D('',#4770,#3771,#3772);
#3209=AXIS2_PLACEMENT_3D('',#4772,#3774,#3775);
#3210=AXIS2_PLACEMENT_3D('',#4774,#3777,#3778);
#3211=AXIS2_PLACEMENT_3D('',#4775,#3779,#3780);
#3212=AXIS2_PLACEMENT_3D('',#4776,#3781,#3782);
#3213=AXIS2_PLACEMENT_3D('',#4789,#3785,#3786);
#3214=AXIS2_PLACEMENT_3D('',#4790,#3787,#3788);
#3215=AXIS2_PLACEMENT_3D('',#4791,#3789,#3790);
#3216=AXIS2_PLACEMENT_3D('',#4792,#3791,#3792);
#3217=AXIS2_PLACEMENT_3D('',#4793,#3793,#3794);
#3218=AXIS2_PLACEMENT_3D('',#4796,#3797,#3798);
#3219=AXIS2_PLACEMENT_3D('',#4799,#3801,#3802);
#3220=AXIS2_PLACEMENT_3D('',#4802,#3805,#3806);
#3221=AXIS2_PLACEMENT_3D('',#4805,#3809,#3810);
#3222=AXIS2_PLACEMENT_3D('',#4806,#3811,#3812);
#3223=AXIS2_PLACEMENT_3D('',#4807,#3813,#3814);
#3224=AXIS2_PLACEMENT_3D('',#4808,#3815,#3816);
#3225=AXIS2_PLACEMENT_3D('',#4809,#3817,#3818);
#3226=AXIS2_PLACEMENT_3D('',#4812,#3821,#3822);
#3227=AXIS2_PLACEMENT_3D('',#4815,#3825,#3826);
#3228=AXIS2_PLACEMENT_3D('',#4818,#3829,#3830);
#3229=AXIS2_PLACEMENT_3D('',#4821,#3833,#3834);
#3230=AXIS2_PLACEMENT_3D('',#4824,#3837,#3838);
#3231=AXIS2_PLACEMENT_3D('',#4827,#3841,#3842);
#3232=AXIS2_PLACEMENT_3D('',#4830,#3845,#3846);
#3233=AXIS2_PLACEMENT_3D('',#4833,#3849,#3850);
#3234=AXIS2_PLACEMENT_3D('',#4836,#3853,#3854);
#3235=AXIS2_PLACEMENT_3D('',#4839,#3857,#3858);
#3236=AXIS2_PLACEMENT_3D('',#4842,#3861,#3862);
#3237=AXIS2_PLACEMENT_3D('',#4845,#3865,#3866);
#3238=AXIS2_PLACEMENT_3D('',#4851,#3870,#3871);
#3239=AXIS2_PLACEMENT_3D('',#4855,#3874,#3875);
#3240=AXIS2_PLACEMENT_3D('',#4859,#3878,#3879);
#3241=AXIS2_PLACEMENT_3D('',#4863,#3882,#3883);
#3242=AXIS2_PLACEMENT_3D('',#4867,#3886,#3887);
#3243=AXIS2_PLACEMENT_3D('',#4871,#3890,#3891);
#3244=AXIS2_PLACEMENT_3D('',#4875,#3894,#3895);
#3245=AXIS2_PLACEMENT_3D('',#4879,#3898,#3899);
#3246=AXIS2_PLACEMENT_3D('',#4883,#3902,#3903);
#3247=AXIS2_PLACEMENT_3D('',#4887,#3906,#3907);
#3248=AXIS2_PLACEMENT_3D('',#4891,#3910,#3911);
#3249=AXIS2_PLACEMENT_3D('',#4893,#3913,#3914);
#3250=AXIS2_PLACEMENT_3D('',#4894,#3915,#3916);
#3251=AXIS2_PLACEMENT_3D('',#4900,#3920,#3921);
#3252=AXIS2_PLACEMENT_3D('',#4904,#3924,#3925);
#3253=AXIS2_PLACEMENT_3D('',#4908,#3928,#3929);
#3254=AXIS2_PLACEMENT_3D('',#4910,#3931,#3932);
#3255=AXIS2_PLACEMENT_3D('',#4911,#3933,#3934);
#3256=AXIS2_PLACEMENT_3D('',#4912,#3935,#3936);
#3257=AXIS2_PLACEMENT_3D('',#4918,#3937,#3938);
#3258=AXIS2_PLACEMENT_3D('',#4919,#3939,#3940);
#3259=AXIS2_PLACEMENT_3D('',#4925,#3941,#3942);
#3260=AXIS2_PLACEMENT_3D('',#4926,#3943,#3944);
#3261=AXIS2_PLACEMENT_3D('',#4932,#3945,#3946);
#3262=AXIS2_PLACEMENT_3D('',#4936,#3949,#3950);
#3263=AXIS2_PLACEMENT_3D('',#4939,#3953,#3954);
#3264=AXIS2_PLACEMENT_3D('',#4942,#3957,#3958);
#3265=AXIS2_PLACEMENT_3D('',#4945,#3961,#3962);
#3266=AXIS2_PLACEMENT_3D('',#4946,#3963,#3964);
#3267=AXIS2_PLACEMENT_3D('',#4947,#3965,#3966);
#3268=AXIS2_PLACEMENT_3D('',#4949,#3968,#3969);
#3269=AXIS2_PLACEMENT_3D('',#4951,#3971,#3972);
#3270=AXIS2_PLACEMENT_3D('',#4952,#3973,#3974);
#3271=AXIS2_PLACEMENT_3D('',#4953,#3975,#3976);
#3272=AXIS2_PLACEMENT_3D('',#4954,#3977,#3978);
#3273=AXIS2_PLACEMENT_3D('',#4960,#3979,#3980);
#3274=AXIS2_PLACEMENT_3D('',#4965,#3981,#3982);
#3275=AXIS2_PLACEMENT_3D('',#4970,#3983,#3984);
#3276=AXIS2_PLACEMENT_3D('',#4971,#3985,#3986);
#3277=AXIS2_PLACEMENT_3D('',#4972,#3987,#3988);
#3278=AXIS2_PLACEMENT_3D('',#4973,#3989,#3990);
#3279=AXIS2_PLACEMENT_3D('',#4974,#3991,#3992);
#3280=AXIS2_PLACEMENT_3D('',#4975,#3993,#3994);
#3281=AXIS2_PLACEMENT_3D('',#4976,#3995,#3996);
#3282=AXIS2_PLACEMENT_3D('',#4977,#3997,#3998);
#3283=AXIS2_PLACEMENT_3D('',#4978,#3999,#4000);
#3284=AXIS2_PLACEMENT_3D('',#4979,#4001,#4002);
#3285=AXIS2_PLACEMENT_3D('',#4980,#4003,#4004);
#3286=AXIS2_PLACEMENT_3D('',#4981,#4005,#4006);
#3287=AXIS2_PLACEMENT_3D('',#4982,#4007,#4008);
#3288=AXIS2_PLACEMENT_3D('',#4983,#4009,#4010);
#3289=AXIS2_PLACEMENT_3D('',#4984,#4011,#4012);
#3290=AXIS2_PLACEMENT_3D('',#4985,#4013,#4014);
#3291=AXIS2_PLACEMENT_3D('',#4986,#4015,#4016);
#3292=AXIS2_PLACEMENT_3D('',#4992,#4020,#4021);
#3293=AXIS2_PLACEMENT_3D('',#4996,#4024,#4025);
#3294=AXIS2_PLACEMENT_3D('',#5000,#4028,#4029);
#3295=AXIS2_PLACEMENT_3D('',#5003,#4031,#4032);
#3296=AXIS2_PLACEMENT_3D('',#5004,#4033,#4034);
#3297=AXIS2_PLACEMENT_3D('',#5007,#4036,#4037);
#3298=AXIS2_PLACEMENT_3D('',#5008,#4038,#4039);
#3299=AXIS2_PLACEMENT_3D('',#5009,#4040,#4041);
#3300=AXIS2_PLACEMENT_3D('',#5010,#4042,#4043);
#3301=AXIS2_PLACEMENT_3D('',#5013,#4045,#4046);
#3302=AXIS2_PLACEMENT_3D('',#5014,#4047,#4048);
#3303=AXIS2_PLACEMENT_3D('',#5017,#4050,#4051);
#3304=AXIS2_PLACEMENT_3D('',#5018,#4052,#4053);
#3305=AXIS2_PLACEMENT_3D('',#5021,#4055,#4056);
#3306=AXIS2_PLACEMENT_3D('',#5022,#4057,#4058);
#3307=AXIS2_PLACEMENT_3D('',#5026,#4061,#4062);
#3308=AXIS2_PLACEMENT_3D('',#5030,#4065,#4066);
#3309=AXIS2_PLACEMENT_3D('',#5034,#4069,#4070);
#3310=AXIS2_PLACEMENT_3D('',#5037,#4072,#4073);
#3311=AXIS2_PLACEMENT_3D('',#5038,#4074,#4075);
#3312=AXIS2_PLACEMENT_3D('',#5041,#4077,#4078);
#3313=AXIS2_PLACEMENT_3D('',#5042,#4079,#4080);
#3314=AXIS2_PLACEMENT_3D('',#5046,#4083,#4084);
#3315=AXIS2_PLACEMENT_3D('',#5049,#4086,#4087);
#3316=AXIS2_PLACEMENT_3D('',#5050,#4088,#4089);
#3317=AXIS2_PLACEMENT_3D('',#5051,#4090,#4091);
#3318=AXIS2_PLACEMENT_3D('',#5052,#4092,#4093);
#3319=AXIS2_PLACEMENT_3D('',#5053,#4094,#4095);
#3320=AXIS2_PLACEMENT_3D('',#5059,#4099,#4100);
#3321=AXIS2_PLACEMENT_3D('',#5063,#4103,#4104);
#3322=AXIS2_PLACEMENT_3D('',#5067,#4107,#4108);
#3323=AXIS2_PLACEMENT_3D('',#5070,#4110,#4111);
#3324=AXIS2_PLACEMENT_3D('',#5071,#4112,#4113);
#3325=AXIS2_PLACEMENT_3D('',#5074,#4115,#4116);
#3326=AXIS2_PLACEMENT_3D('',#5075,#4117,#4118);
#3327=AXIS2_PLACEMENT_3D('',#5076,#4119,#4120);
#3328=AXIS2_PLACEMENT_3D('',#5077,#4121,#4122);
#3329=AXIS2_PLACEMENT_3D('',#5080,#4124,#4125);
#3330=AXIS2_PLACEMENT_3D('',#5081,#4126,#4127);
#3331=AXIS2_PLACEMENT_3D('',#5084,#4129,#4130);
#3332=AXIS2_PLACEMENT_3D('',#5085,#4131,#4132);
#3333=AXIS2_PLACEMENT_3D('',#5088,#4134,#4135);
#3334=AXIS2_PLACEMENT_3D('',#5089,#4136,#4137);
#3335=AXIS2_PLACEMENT_3D('',#5093,#4140,#4141);
#3336=AXIS2_PLACEMENT_3D('',#5097,#4144,#4145);
#3337=AXIS2_PLACEMENT_3D('',#5101,#4148,#4149);
#3338=AXIS2_PLACEMENT_3D('',#5104,#4151,#4152);
#3339=AXIS2_PLACEMENT_3D('',#5105,#4153,#4154);
#3340=AXIS2_PLACEMENT_3D('',#5108,#4156,#4157);
#3341=AXIS2_PLACEMENT_3D('',#5109,#4158,#4159);
#3342=AXIS2_PLACEMENT_3D('',#5113,#4162,#4163);
#3343=AXIS2_PLACEMENT_3D('',#5116,#4165,#4166);
#3344=AXIS2_PLACEMENT_3D('',#5117,#4167,#4168);
#3345=AXIS2_PLACEMENT_3D('',#5118,#4169,#4170);
#3346=AXIS2_PLACEMENT_3D('',#5119,#4171,#4172);
#3347=AXIS2_PLACEMENT_3D('',#5120,#4173,#4174);
#3348=AXIS2_PLACEMENT_3D('',#5126,#4178,#4179);
#3349=AXIS2_PLACEMENT_3D('',#5130,#4182,#4183);
#3350=AXIS2_PLACEMENT_3D('',#5134,#4186,#4187);
#3351=AXIS2_PLACEMENT_3D('',#5136,#4189,#4190);
#3352=DIRECTION('',(0.,0.,1.));
#3353=DIRECTION('',(1.,0.,0.));
#3354=DIRECTION('',(-1.,6.65069703249894E-17,0.));
#3355=DIRECTION('',(-6.65069703249894E-17,-1.,0.));
#3356=DIRECTION('',(1.,-6.65069703249894E-17,0.));
#3357=DIRECTION('',(6.65069703249894E-17,1.,0.));
#3358=DIRECTION('',(1.,-6.65069703249894E-17,0.));
#3359=DIRECTION('',(6.65069703249894E-17,1.,0.));
#3360=DIRECTION('',(6.65069703249894E-17,1.,0.));
#3361=DIRECTION('',(1.,-6.65069703249894E-17,0.));
#3362=DIRECTION('',(6.65069703249894E-17,1.,0.));
#3363=DIRECTION('',(1.,-6.65069703249894E-17,0.));
#3364=DIRECTION('',(6.65069703249894E-17,1.,0.));
#3365=DIRECTION('',(1.,-6.65069703249894E-17,0.));
#3366=DIRECTION('',(6.65069703249894E-17,1.,0.));
#3367=DIRECTION('',(0.,0.,1.));
#3368=DIRECTION('',(-6.65069703249894E-17,-1.,0.));
#3369=DIRECTION('',(0.,0.,-1.));
#3370=DIRECTION('',(1.,-6.65069703249894E-17,0.));
#3371=DIRECTION('',(6.65069703249894E-17,1.,0.));
#3372=DIRECTION('',(1.,-6.65069703249894E-17,0.));
#3373=DIRECTION('',(6.65069703249894E-17,1.,0.));
#3374=DIRECTION('',(6.65069703249894E-17,1.,0.));
#3375=DIRECTION('',(1.,-6.65069703249894E-17,0.));
#3376=DIRECTION('',(6.65069703249894E-17,1.,0.));
#3377=DIRECTION('',(1.,-6.65069703249894E-17,0.));
#3378=DIRECTION('',(6.65069703249894E-17,1.,0.));
#3379=DIRECTION('',(0.,0.,1.));
#3380=DIRECTION('',(-6.65069703249894E-17,-1.,0.));
#3381=DIRECTION('',(0.,0.,-1.));
#3382=DIRECTION('',(1.,-6.65069703249894E-17,0.));
#3383=DIRECTION('',(6.65069703249894E-17,1.,0.));
#3384=DIRECTION('',(1.,-6.65069703249894E-17,0.));
#3385=DIRECTION('',(6.65069703249894E-17,1.,0.));
#3386=DIRECTION('',(1.,-6.65069703249894E-17,0.));
#3387=DIRECTION('',(6.65069703249894E-17,1.,0.));
#3388=DIRECTION('',(6.65069703249894E-17,1.,0.));
#3389=DIRECTION('',(0.,0.,-1.));
#3390=DIRECTION('',(-1.,6.65069703249894E-17,0.));
#3391=DIRECTION('',(-6.65069703249894E-17,-1.,0.));
#3392=DIRECTION('',(0.,0.,-1.));
#3393=DIRECTION('',(6.65069703249894E-17,1.,0.));
#3394=DIRECTION('',(1.,-6.65069703249894E-17,0.));
#3395=DIRECTION('',(6.65069703249894E-17,1.,0.));
#3396=DIRECTION('',(1.,-6.65069703249894E-17,0.));
#3397=DIRECTION('',(6.65069703249894E-17,1.,0.));
#3398=DIRECTION('',(1.,-6.65069703249894E-17,0.));
#3399=DIRECTION('',(6.65069703249894E-17,1.,0.));
#3400=DIRECTION('',(0.,0.,1.));
#3401=DIRECTION('',(-6.65069703249894E-17,-1.,0.));
#3402=DIRECTION('',(0.,0.,-1.));
#3403=DIRECTION('',(1.,-6.65069703249894E-17,0.));
#3404=DIRECTION('',(6.65069703249894E-17,1.,0.));
#3405=DIRECTION('',(1.,-6.65069703249894E-17,0.));
#3406=DIRECTION('',(6.65069703249894E-17,1.,0.));
#3407=DIRECTION('',(6.65069703249894E-17,1.,0.));
#3408=DIRECTION('',(1.,-6.65069703249894E-17,0.));
#3409=DIRECTION('',(6.65069703249894E-17,1.,0.));
#3410=DIRECTION('',(1.,-6.65069703249894E-17,0.));
#3411=DIRECTION('',(6.65069703249894E-17,1.,0.));
#3412=DIRECTION('',(0.,0.,1.));
#3413=DIRECTION('',(-6.65069703249894E-17,-1.,0.));
#3414=DIRECTION('',(0.,0.,-1.));
#3415=DIRECTION('',(1.,-6.65069703249894E-17,0.));
#3416=DIRECTION('',(6.65069703249894E-17,1.,0.));
#3417=DIRECTION('',(6.65069703249894E-17,1.,0.));
#3418=DIRECTION('',(0.,0.,-1.));
#3419=DIRECTION('',(-6.65069703249894E-17,-1.,0.));
#3420=DIRECTION('',(0.,0.,1.));
#3421=DIRECTION('',(0.,-1.,0.));
#3422=DIRECTION('',(0.,0.,-1.));
#3423=DIRECTION('',(0.,-1.,0.));
#3424=DIRECTION('',(0.,0.,-1.));
#3425=DIRECTION('',(-1.,0.,0.));
#3426=DIRECTION('',(0.,0.,-1.));
#3427=DIRECTION('',(-1.,0.,0.));
#3428=DIRECTION('',(0.,0.,-1.));
#3429=DIRECTION('',(-1.,0.,0.));
#3430=DIRECTION('',(0.,-1.,0.));
#3431=DIRECTION('',(0.,0.,-1.));
#3432=DIRECTION('',(-1.,6.65069703249894E-17,0.));
#3433=DIRECTION('',(-1.57702134179709E-16,0.,1.));
#3434=DIRECTION('',(1.,0.,0.));
#3435=DIRECTION('',(0.,0.,1.));
#3436=DIRECTION('',(1.,0.,0.));
#3437=DIRECTION('',(0.,0.,1.));
#3438=DIRECTION('',(1.,0.,0.));
#3439=DIRECTION('',(1.5770213417971E-16,0.,-1.));
#3440=DIRECTION('',(1.,0.,1.65211759616839E-16));
#3441=DIRECTION('',(0.,0.,-1.));
#3442=DIRECTION('',(1.,0.,0.));
#3443=DIRECTION('',(0.,0.,-1.));
#3444=DIRECTION('',(1.,0.,1.65211759616839E-16));
#3445=DIRECTION('',(0.,-1.,0.));
#3446=DIRECTION('',(0.,0.,-1.));
#3447=DIRECTION('',(1.5770213417971E-16,0.,1.));
#3448=DIRECTION('',(-1.,0.,0.));
#3449=DIRECTION('',(0.,0.,1.));
#3450=DIRECTION('',(-1.,0.,0.));
#3451=DIRECTION('',(0.,0.,1.));
#3452=DIRECTION('',(-1.,0.,0.));
#3453=DIRECTION('',(-1.5770213417971E-16,0.,-1.));
#3454=DIRECTION('',(-1.,0.,1.65211759616839E-16));
#3455=DIRECTION('',(0.,0.,-1.));
#3456=DIRECTION('',(-1.,0.,0.));
#3457=DIRECTION('',(0.,0.,-1.));
#3458=DIRECTION('',(-1.,0.,1.65211759616839E-16));
#3459=DIRECTION('',(1.,0.,0.));
#3460=DIRECTION('',(0.,-1.,0.));
#3461=DIRECTION('',(0.,0.,-1.));
#3462=DIRECTION('',(-1.,6.65069703249894E-17,0.));
#3463=DIRECTION('',(0.,-1.,0.));
#3464=DIRECTION('',(0.,0.,-1.));
#3465=DIRECTION('',(1.,0.,0.));
#3466=DIRECTION('',(0.,0.,-1.));
#3467=DIRECTION('',(-1.,0.,0.));
#3468=DIRECTION('',(0.,0.,-1.));
#3469=DIRECTION('',(0.,0.,1.));
#3470=DIRECTION('',(1.,0.,0.));
#3471=DIRECTION('',(0.,0.707106781186548,0.707106781186548));
#3472=DIRECTION('',(0.,-0.707106781186548,0.707106781186548));
#3473=DIRECTION('',(0.,0.,-1.));
#3474=DIRECTION('',(0.,0.,1.));
#3475=DIRECTION('',(1.,0.,0.));
#3476=DIRECTION('',(0.,0.,-1.));
#3477=DIRECTION('',(-1.,0.,0.));
#3478=DIRECTION('',(0.,0.,-1.));
#3479=DIRECTION('',(0.,0.707106781186548,-0.707106781186548));
#3480=DIRECTION('',(0.,-0.707106781186548,-0.707106781186548));
#3481=DIRECTION('',(0.,0.,1.));
#3482=DIRECTION('',(1.,0.,0.));
#3483=DIRECTION('',(0.,0.,1.));
#3484=DIRECTION('',(1.,0.,0.));
#3485=DIRECTION('',(0.,1.,0.));
#3486=DIRECTION('',(0.,1.,0.));
#3487=DIRECTION('',(-1.,0.,0.));
#3488=DIRECTION('',(0.,0.,1.));
#3489=DIRECTION('',(1.,0.,0.));
#3490=DIRECTION('',(0.,1.,0.));
#3491=DIRECTION('',(-1.,0.,0.));
#3492=DIRECTION('',(0.,1.,0.));
#3493=DIRECTION('',(-1.,6.65069703249894E-17,0.));
#3494=DIRECTION('',(-6.65069703249894E-17,-1.,0.));
#3495=DIRECTION('',(-1.,7.00898374132043E-17,0.));
#3496=DIRECTION('',(-7.00898374132043E-17,-1.,0.));
#3497=DIRECTION('',(-1.,6.65069703249894E-17,0.));
#3498=DIRECTION('',(-1.,6.65069703249894E-17,0.));
#3499=DIRECTION('',(-6.65069703249894E-17,-1.,0.));
#3500=DIRECTION('',(-1.,6.65069703249894E-17,0.));
#3501=DIRECTION('',(-1.,7.00898374132043E-17,0.));
#3502=DIRECTION('',(-7.00898374132043E-17,-1.,0.));
#3503=DIRECTION('',(1.,0.,-2.89120579329468E-16));
#3504=DIRECTION('',(-2.89120579329468E-16,0.,-1.));
#3505=DIRECTION('',(-9.88850619806649E-17,-0.939692620785909,-0.342020143325668));
#3506=DIRECTION('',(2.71684474913248E-16,-0.342020143325668,0.939692620785909));
#3507=DIRECTION('',(-9.88850619806649E-17,-0.939692620785909,-0.342020143325668));
#3508=DIRECTION('',(0.,1.,0.));
#3509=DIRECTION('',(-2.89120579329468E-16,0.,-1.));
#3510=DIRECTION('',(2.0443912222445E-16,-0.707106781186548,0.707106781186547));
#3511=DIRECTION('',(0.,1.,0.));
#3512=DIRECTION('',(-2.71684474913248E-16,0.342020143325668,-0.939692620785909));
#3513=DIRECTION('',(0.,0.939692620785909,0.342020143325668));
#3514=DIRECTION('',(-9.88850619806649E-17,-0.939692620785909,-0.342020143325668));
#3515=DIRECTION('',(-0.707106781186546,-0.664463024388676,-0.241844762647975));
#3516=DIRECTION('',(-1.,0.,2.89120579329468E-16));
#3517=DIRECTION('',(1.10136331817321E-16,-0.939692620785909,-0.342020143325668));
#3518=DIRECTION('',(-2.71684474913248E-16,0.342020143325668,-0.939692620785909));
#3519=DIRECTION('',(0.,0.939692620785909,0.342020143325668));
#3520=DIRECTION('',(1.1013633181732E-16,-0.939692620785909,-0.342020143325668));
#3521=DIRECTION('',(-1.,0.,2.89120579329468E-16));
#3522=DIRECTION('',(0.707106781186548,-0.664463024388675,-0.241844762647975));
#3523=DIRECTION('',(1.,0.,3.46944695195362E-16));
#3524=DIRECTION('',(-2.71684474913248E-16,0.342020143325668,-0.939692620785909));
#3525=DIRECTION('',(0.,0.939692620785909,0.342020143325668));
#3526=DIRECTION('',(-1.,0.,2.89120579329468E-16));
#3527=DIRECTION('',(0.707106781186546,0.664463024388676,0.241844762647975));
#3528=DIRECTION('',(-9.88850619806649E-17,-0.939692620785909,-0.342020143325668));
#3529=DIRECTION('',(1.,0.,0.));
#3530=DIRECTION('',(-0.707106781186548,0.664463024388675,0.241844762647975));
#3531=DIRECTION('',(-1.,0.,2.89120579329468E-16));
#3532=DIRECTION('',(1.1013633181732E-16,-0.939692620785909,-0.342020143325668));
#3533=DIRECTION('',(2.71684474913248E-16,-0.342020143325668,0.939692620785909));
#3534=DIRECTION('',(0.,-0.939692620785909,-0.342020143325668));
#3535=DIRECTION('',(1.10136331817321E-16,-0.939692620785909,-0.342020143325668));
#3536=DIRECTION('',(0.,-1.,0.));
#3537=DIRECTION('',(0.,0.,-1.));
#3538=DIRECTION('',(1.,0.,-1.65211759616839E-16));
#3539=DIRECTION('',(0.,0.,-1.));
#3540=DIRECTION('',(-1.,0.,0.));
#3541=DIRECTION('',(0.,0.,-1.));
#3542=DIRECTION('',(0.,0.,-1.));
#3543=DIRECTION('',(-1.,0.,0.));
#3544=DIRECTION('',(-2.89120579329468E-16,0.,-1.));
#3545=DIRECTION('',(-1.,0.,-3.46944695195362E-16));
#3546=DIRECTION('',(1.,0.,0.));
#3547=DIRECTION('',(0.,0.,1.));
#3548=DIRECTION('',(-1.,0.,0.));
#3549=DIRECTION('',(0.,0.,1.));
#3550=DIRECTION('',(1.,0.,0.));
#3551=DIRECTION('',(0.,0.,1.));
#3552=DIRECTION('',(1.,0.,0.));
#3553=DIRECTION('',(1.,-6.93889390390723E-16,0.));
#3554=DIRECTION('',(4.33680868994202E-16,1.,0.));
#3555=DIRECTION('',(1.,-6.93889390390723E-16,0.));
#3556=DIRECTION('',(4.33680868994202E-16,1.,0.));
#3557=DIRECTION('',(-1.,1.23908819712629E-16,0.));
#3558=DIRECTION('',(0.,0.,1.));
#3559=DIRECTION('',(1.,0.,0.));
#3560=DIRECTION('',(0.,-1.,0.));
#3561=DIRECTION('',(0.,0.,1.));
#3562=DIRECTION('',(1.,0.,0.));
#3563=DIRECTION('',(-1.,0.,0.));
#3564=DIRECTION('',(0.,0.,1.));
#3565=DIRECTION('',(1.,0.,0.));
#3566=DIRECTION('',(0.,-1.,0.));
#3567=DIRECTION('',(0.,0.,1.));
#3568=DIRECTION('',(1.,0.,0.));
#3569=DIRECTION('',(-1.,0.,0.));
#3570=DIRECTION('',(0.,0.,1.));
#3571=DIRECTION('',(1.,0.,0.));
#3572=DIRECTION('',(0.,-1.,0.));
#3573=DIRECTION('',(0.,0.,1.));
#3574=DIRECTION('',(1.,0.,0.));
#3575=DIRECTION('',(-1.,2.47817639425258E-16,0.));
#3576=DIRECTION('',(0.,0.,1.));
#3577=DIRECTION('',(1.,0.,0.));
#3578=DIRECTION('',(0.,-1.,0.));
#3579=DIRECTION('',(0.,0.,1.));
#3580=DIRECTION('',(1.,0.,0.));
#3581=DIRECTION('',(-1.,3.71726459137888E-16,0.));
#3582=DIRECTION('',(0.,0.,1.));
#3583=DIRECTION('',(1.,0.,0.));
#3584=DIRECTION('',(5.78241158658936E-17,-1.,0.));
#3585=DIRECTION('',(0.,0.,1.));
#3586=DIRECTION('',(1.,0.,0.));
#3587=DIRECTION('',(-1.,1.23908819712629E-16,0.));
#3588=DIRECTION('',(0.,0.,1.));
#3589=DIRECTION('',(1.,0.,0.));
#3590=DIRECTION('',(5.78241158658936E-17,-1.,0.));
#3591=DIRECTION('',(0.,0.,1.));
#3592=DIRECTION('',(1.,0.,0.));
#3593=DIRECTION('',(0.,0.,-1.));
#3594=DIRECTION('',(1.,0.,0.));
#3595=DIRECTION('',(0.,0.,1.));
#3596=DIRECTION('',(1.,0.,0.));
#3597=DIRECTION('',(0.,0.,1.));
#3598=DIRECTION('',(1.,0.,0.));
#3599=DIRECTION('',(7.00898374132043E-17,1.,0.));
#3600=DIRECTION('',(0.,0.,1.));
#3601=DIRECTION('',(1.,0.,0.));
#3602=DIRECTION('',(0.,0.,1.));
#3603=DIRECTION('',(1.,0.,0.));
#3604=DIRECTION('',(7.00898374132043E-17,1.,0.));
#3605=DIRECTION('',(0.,0.,1.));
#3606=DIRECTION('',(1.,0.,0.));
#3607=DIRECTION('',(0.,0.,1.));
#3608=DIRECTION('',(1.,0.,0.));
#3609=DIRECTION('',(0.,0.,-1.));
#3610=DIRECTION('',(1.,0.,0.));
#3611=DIRECTION('',(0.,-1.,0.));
#3612=DIRECTION('',(1.,0.,0.));
#3613=DIRECTION('',(-2.16840434497101E-16,-1.,0.));
#3614=DIRECTION('',(1.,0.,0.));
#3615=DIRECTION('',(-2.16840434497101E-16,-1.,0.));
#3616=DIRECTION('',(1.,0.,0.));
#3617=DIRECTION('',(0.,-1.,0.));
#3618=DIRECTION('',(1.,0.,0.));
#3619=DIRECTION('',(-2.16840434497101E-16,-1.,0.));
#3620=DIRECTION('',(1.,0.,0.));
#3621=DIRECTION('',(-2.16840434497101E-16,-1.,0.));
#3622=DIRECTION('',(1.,0.,0.));
#3623=DIRECTION('',(0.,0.,1.));
#3624=DIRECTION('',(1.,0.,0.));
#3625=DIRECTION('',(6.65069703249894E-17,1.,0.));
#3626=DIRECTION('',(1.,-6.65069703249894E-17,0.));
#3627=DIRECTION('',(0.,0.,1.));
#3628=DIRECTION('',(1.,0.,0.));
#3629=DIRECTION('',(6.65069703249894E-17,1.,0.));
#3630=DIRECTION('',(0.,0.,1.));
#3631=DIRECTION('',(1.,0.,0.));
#3632=DIRECTION('',(-1.,0.,0.));
#3633=DIRECTION('',(1.,-6.65069703249894E-17,0.));
#3634=DIRECTION('',(6.65069703249894E-17,1.,0.));
#3635=DIRECTION('',(1.,-6.65069703249894E-17,0.));
#3636=DIRECTION('',(1.,-6.65069703249894E-17,0.));
#3637=DIRECTION('',(1.,0.,0.));
#3638=DIRECTION('',(0.,0.,1.));
#3639=DIRECTION('',(1.,0.,0.));
#3640=DIRECTION('',(0.,1.,0.));
#3641=DIRECTION('',(0.,0.,1.));
#3642=DIRECTION('',(1.,0.,0.));
#3643=DIRECTION('',(1.,-1.23908819712629E-16,0.));
#3644=DIRECTION('',(0.,0.,1.));
#3645=DIRECTION('',(1.,0.,0.));
#3646=DIRECTION('',(0.,1.,0.));
#3647=DIRECTION('',(0.,0.,1.));
#3648=DIRECTION('',(1.,0.,0.));
#3649=DIRECTION('',(1.,-2.47817639425258E-16,0.));
#3650=DIRECTION('',(0.,0.,1.));
#3651=DIRECTION('',(1.,0.,0.));
#3652=DIRECTION('',(0.,1.,0.));
#3653=DIRECTION('',(0.,0.,1.));
#3654=DIRECTION('',(1.,0.,0.));
#3655=DIRECTION('',(1.,0.,0.));
#3656=DIRECTION('',(0.,0.,1.));
#3657=DIRECTION('',(1.,0.,0.));
#3658=DIRECTION('',(0.,1.,0.));
#3659=DIRECTION('',(0.,0.,1.));
#3660=DIRECTION('',(1.,0.,0.));
#3661=DIRECTION('',(1.,-1.23908819712629E-16,0.));
#3662=DIRECTION('',(0.,0.,1.));
#3663=DIRECTION('',(1.,0.,0.));
#3664=DIRECTION('',(-5.78241158658936E-17,1.,0.));
#3665=DIRECTION('',(0.,0.,1.));
#3666=DIRECTION('',(1.,0.,0.));
#3667=DIRECTION('',(1.,-3.71726459137888E-16,0.));
#3668=DIRECTION('',(0.,0.,1.));
#3669=DIRECTION('',(1.,0.,0.));
#3670=DIRECTION('',(-5.78241158658936E-17,1.,0.));
#3671=DIRECTION('',(0.,0.,1.));
#3672=DIRECTION('',(1.,0.,0.));
#3673=DIRECTION('',(0.,0.,1.));
#3674=DIRECTION('',(1.,0.,0.));
#3675=DIRECTION('',(0.,0.,1.));
#3676=DIRECTION('',(1.,0.,0.));
#3677=DIRECTION('',(0.,0.,1.));
#3678=DIRECTION('',(1.,0.,0.));
#3679=DIRECTION('',(0.,0.,1.));
#3680=DIRECTION('',(1.,0.,0.));
#3681=DIRECTION('',(-1.,7.00898374132043E-17,0.));
#3682=DIRECTION('',(-7.00898374132043E-17,-1.,0.));
#3683=DIRECTION('',(0.,0.,-1.));
#3684=DIRECTION('',(-1.,7.00898374132043E-17,0.));
#3685=DIRECTION('',(-7.00898374132043E-17,-1.,0.));
#3686=DIRECTION('',(0.,0.,-1.));
#3687=DIRECTION('',(-1.,7.00898374132043E-17,0.));
#3688=DIRECTION('',(-7.00898374132043E-17,-1.,0.));
#3689=DIRECTION('',(0.,0.,-1.));
#3690=DIRECTION('',(-1.,7.00898374132043E-17,0.));
#3691=DIRECTION('',(-7.00898374132043E-17,-1.,0.));
#3692=DIRECTION('',(-1.,7.00898374132043E-17,0.));
#3693=DIRECTION('',(-7.00898374132043E-17,-1.,0.));
#3694=DIRECTION('',(-1.,7.00898374132043E-17,0.));
#3695=DIRECTION('',(-7.00898374132043E-17,-1.,0.));
#3696=DIRECTION('',(0.,0.,-1.));
#3697=DIRECTION('',(-1.,6.65069703249894E-17,0.));
#3698=DIRECTION('',(-6.65069703249894E-17,-1.,0.));
#3699=DIRECTION('',(-1.,6.65069703249894E-17,0.));
#3700=DIRECTION('',(-6.65069703249894E-17,-1.,0.));
#3701=DIRECTION('',(0.,0.,-1.));
#3702=DIRECTION('',(0.,0.,-1.));
#3703=DIRECTION('',(0.,-1.,0.));
#3704=DIRECTION('',(0.,0.,-1.));
#3705=DIRECTION('',(1.,0.,0.));
#3706=DIRECTION('',(0.,0.,-1.));
#3707=DIRECTION('',(-1.,0.,0.));
#3708=DIRECTION('',(0.,0.,-1.));
#3709=DIRECTION('',(0.,0.,1.));
#3710=DIRECTION('',(1.,0.,1.65211759616839E-16));
#3711=DIRECTION('',(0.,0.,1.));
#3712=DIRECTION('',(-1.,0.,0.));
#3713=DIRECTION('',(0.,0.,-1.));
#3714=DIRECTION('',(1.65211759616839E-16,0.,-1.));
#3715=DIRECTION('',(-1.,0.,-1.65211759616839E-16));
#3716=DIRECTION('',(0.,-1.,0.));
#3717=DIRECTION('',(-1.,0.,-1.65211759616839E-16));
#3718=DIRECTION('',(0.,-1.,0.));
#3719=DIRECTION('',(0.,0.,-1.));
#3720=DIRECTION('',(-1.,0.,0.));
#3721=DIRECTION('',(0.,-1.,0.));
#3722=DIRECTION('',(1.,0.,0.));
#3723=DIRECTION('',(0.,-1.,0.));
#3724=DIRECTION('',(0.,-1.,0.));
#3725=DIRECTION('',(1.,0.,0.));
#3726=DIRECTION('',(-1.5770213417971E-16,0.,1.));
#3727=DIRECTION('',(-1.,0.,0.));
#3728=DIRECTION('',(-1.57702134179709E-16,0.,1.));
#3729=DIRECTION('',(1.,0.,1.65211759616839E-16));
#3730=DIRECTION('',(-1.65211759616839E-16,0.,-1.));
#3731=DIRECTION('',(-1.,0.,1.65211759616839E-16));
#3732=DIRECTION('',(0.,1.,0.));
#3733=DIRECTION('',(1.,0.,-1.65211759616839E-16));
#3734=DIRECTION('',(0.,1.,0.));
#3735=DIRECTION('',(0.,0.,-1.));
#3736=DIRECTION('',(-1.,0.,0.));
#3737=DIRECTION('',(0.,1.,0.));
#3738=DIRECTION('',(-1.,0.,0.));
#3739=DIRECTION('',(0.,1.,0.));
#3740=DIRECTION('',(0.,1.,0.));
#3741=DIRECTION('',(0.,1.,0.));
#3742=DIRECTION('',(-1.,0.,0.));
#3743=DIRECTION('',(1.5770213417971E-16,0.,1.));
#3744=DIRECTION('',(1.,0.,0.));
#3745=DIRECTION('',(1.5770213417971E-16,0.,1.));
#3746=DIRECTION('',(-1.,0.,1.65211759616839E-16));
#3747=DIRECTION('',(-1.,0.,0.));
#3748=DIRECTION('',(0.,0.,1.));
#3749=DIRECTION('',(0.,1.,0.));
#3750=DIRECTION('',(0.,0.,-1.));
#3751=DIRECTION('',(-1.,0.,0.));
#3752=DIRECTION('',(0.,1.,0.));
#3753=DIRECTION('',(-1.,0.,0.));
#3754=DIRECTION('',(0.,0.,1.));
#3755=DIRECTION('',(1.,0.,0.));
#3756=DIRECTION('',(0.,0.,-1.));
#3757=DIRECTION('',(0.,1.,0.));
#3758=DIRECTION('',(1.,0.,0.));
#3759=DIRECTION('',(0.,0.,-1.));
#3760=DIRECTION('',(0.,1.,0.));
#3761=DIRECTION('',(0.,0.,-1.));
#3762=DIRECTION('',(-1.,0.,0.));
#3763=DIRECTION('',(-1.,0.,0.));
#3764=DIRECTION('',(0.,0.,1.));
#3765=DIRECTION('',(0.,-1.,0.));
#3766=DIRECTION('',(-1.,0.,0.));
#3767=DIRECTION('',(0.,0.,1.));
#3768=DIRECTION('',(0.,-1.,0.));
#3769=DIRECTION('',(0.,0.,-1.));
#3770=DIRECTION('',(-1.,0.,0.));
#3771=DIRECTION('',(1.,0.,0.));
#3772=DIRECTION('',(0.,0.,-1.));
#3773=DIRECTION('',(0.,-1.,0.));
#3774=DIRECTION('',(0.,0.,-1.));
#3775=DIRECTION('',(-1.,0.,0.));
#3776=DIRECTION('',(0.,-1.,0.));
#3777=DIRECTION('',(1.,0.,0.));
#3778=DIRECTION('',(0.,0.,-1.));
#3779=DIRECTION('',(-1.,6.65069703249894E-17,0.));
#3780=DIRECTION('',(-6.65069703249894E-17,-1.,0.));
#3781=DIRECTION('',(-1.,6.65069703249894E-17,0.));
#3782=DIRECTION('',(-6.65069703249894E-17,-1.,0.));
#3783=DIRECTION('',(-1.,6.65069703249894E-17,0.));
#3784=DIRECTION('',(-1.,6.65069703249894E-17,0.));
#3785=DIRECTION('',(0.,0.,1.));
#3786=DIRECTION('',(1.,0.,0.));
#3787=DIRECTION('',(0.,0.,1.));
#3788=DIRECTION('',(1.,0.,0.));
#3789=DIRECTION('',(0.,0.,1.));
#3790=DIRECTION('',(1.,0.,0.));
#3791=DIRECTION('',(0.,0.,1.));
#3792=DIRECTION('',(1.,0.,0.));
#3793=DIRECTION('',(0.,0.707106781186548,0.707106781186548));
#3794=DIRECTION('',(-1.,0.,0.));
#3795=DIRECTION('',(0.577350269189626,0.577350269189626,-0.577350269189626));
#3796=DIRECTION('',(-0.577350269189626,0.577350269189626,-0.577350269189626));
#3797=DIRECTION('',(1.16822355556829E-16,-0.707106781186547,0.707106781186548));
#3798=DIRECTION('',(1.,0.,-1.65211759616839E-16));
#3799=DIRECTION('',(0.577350269189626,0.577350269189626,0.577350269189625));
#3800=DIRECTION('',(-0.577350269189626,0.577350269189626,0.577350269189626));
#3801=DIRECTION('',(0.,-0.707106781186548,0.707106781186548));
#3802=DIRECTION('',(1.,0.,0.));
#3803=DIRECTION('',(0.577350269189626,0.577350269189626,0.577350269189626));
#3804=DIRECTION('',(-0.577350269189626,0.577350269189626,0.577350269189626));
#3805=DIRECTION('',(-1.16822355556828E-16,0.707106781186547,0.707106781186548));
#3806=DIRECTION('',(-1.,0.,-1.65211759616839E-16));
#3807=DIRECTION('',(0.577350269189626,0.577350269189626,-0.577350269189626));
#3808=DIRECTION('',(-0.577350269189626,0.577350269189626,-0.577350269189626));
#3809=DIRECTION('',(-0.707106781186548,-0.707106781186547,1.11512248486064E-16));
#3810=DIRECTION('',(1.5770213417971E-16,0.,1.));
#3811=DIRECTION('',(-0.707106781186548,0.707106781186547,1.11512248486064E-16));
#3812=DIRECTION('',(-1.5770213417971E-16,0.,-1.));
#3813=DIRECTION('',(-0.707106781186548,-0.707106781186547,-1.11512248486064E-16));
#3814=DIRECTION('',(1.57702134179709E-16,0.,-1.));
#3815=DIRECTION('',(-0.707106781186548,0.707106781186547,-1.11512248486064E-16));
#3816=DIRECTION('',(-1.5770213417971E-16,0.,1.));
#3817=DIRECTION('',(3.71726459137888E-16,1.,0.));
#3818=DIRECTION('',(-1.,3.71726459137888E-16,0.));
#3819=DIRECTION('',(0.,0.,1.));
#3820=DIRECTION('',(0.,0.,1.));
#3821=DIRECTION('',(-1.,-5.78241158658936E-17,0.));
#3822=DIRECTION('',(5.78241158658936E-17,-1.,0.));
#3823=DIRECTION('',(0.,0.,1.));
#3824=DIRECTION('',(0.,0.,1.));
#3825=DIRECTION('',(-1.,-5.78241158658936E-17,0.));
#3826=DIRECTION('',(5.78241158658936E-17,-1.,0.));
#3827=DIRECTION('',(0.,0.,1.));
#3828=DIRECTION('',(0.,0.,1.));
#3829=DIRECTION('',(1.23908819712629E-16,1.,0.));
#3830=DIRECTION('',(-1.,1.23908819712629E-16,0.));
#3831=DIRECTION('',(0.,0.,1.));
#3832=DIRECTION('',(0.,0.,1.));
#3833=DIRECTION('',(0.,1.,0.));
#3834=DIRECTION('',(0.,0.,1.));
#3835=DIRECTION('',(0.,0.,1.));
#3836=DIRECTION('',(0.,0.,1.));
#3837=DIRECTION('',(-1.,0.,0.));
#3838=DIRECTION('',(0.,0.,1.));
#3839=DIRECTION('',(0.,0.,1.));
#3840=DIRECTION('',(0.,0.,1.));
#3841=DIRECTION('',(-1.,0.,0.));
#3842=DIRECTION('',(0.,0.,1.));
#3843=DIRECTION('',(0.,0.,1.));
#3844=DIRECTION('',(0.,0.,1.));
#3845=DIRECTION('',(2.47817639425258E-16,1.,0.));
#3846=DIRECTION('',(-1.,2.47817639425258E-16,0.));
#3847=DIRECTION('',(0.,0.,1.));
#3848=DIRECTION('',(0.,0.,1.));
#3849=DIRECTION('',(1.23908819712629E-16,1.,0.));
#3850=DIRECTION('',(-1.,1.23908819712629E-16,0.));
#3851=DIRECTION('',(0.,0.,1.));
#3852=DIRECTION('',(0.,0.,1.));
#3853=DIRECTION('',(-1.,0.,0.));
#3854=DIRECTION('',(0.,0.,1.));
#3855=DIRECTION('',(0.,0.,1.));
#3856=DIRECTION('',(0.,0.,1.));
#3857=DIRECTION('',(-1.,0.,0.));
#3858=DIRECTION('',(0.,0.,1.));
#3859=DIRECTION('',(0.,0.,1.));
#3860=DIRECTION('',(0.,0.,1.));
#3861=DIRECTION('',(0.,1.,0.));
#3862=DIRECTION('',(0.,0.,1.));
#3863=DIRECTION('',(0.,0.,1.));
#3864=DIRECTION('',(0.,0.,1.));
#3865=DIRECTION('',(0.,-1.,0.));
#3866=DIRECTION('',(0.,0.,-1.));
#3867=DIRECTION('',(0.,0.,1.));
#3868=DIRECTION('',(1.,0.,0.));
#3869=DIRECTION('',(0.,0.,1.));
#3870=DIRECTION('',(-1.,0.,0.));
#3871=DIRECTION('',(0.,0.,1.));
#3872=DIRECTION('',(0.,0.,1.));
#3873=DIRECTION('',(0.,-1.,0.));
#3874=DIRECTION('',(0.,-1.,0.));
#3875=DIRECTION('',(0.,0.,-1.));
#3876=DIRECTION('',(0.,0.,1.));
#3877=DIRECTION('',(1.,0.,0.));
#3878=DIRECTION('',(-1.,2.16840434497101E-16,0.));
#3879=DIRECTION('',(-2.16840434497101E-16,-1.,0.));
#3880=DIRECTION('',(0.,0.,1.));
#3881=DIRECTION('',(-2.16840434497101E-16,-1.,0.));
#3882=DIRECTION('',(0.,-1.,0.));
#3883=DIRECTION('',(0.,0.,-1.));
#3884=DIRECTION('',(0.,0.,1.));
#3885=DIRECTION('',(1.,0.,0.));
#3886=DIRECTION('',(-1.,2.16840434497101E-16,0.));
#3887=DIRECTION('',(-2.16840434497101E-16,-1.,0.));
#3888=DIRECTION('',(0.,0.,1.));
#3889=DIRECTION('',(-2.16840434497101E-16,-1.,0.));
#3890=DIRECTION('',(0.,-1.,0.));
#3891=DIRECTION('',(0.,0.,-1.));
#3892=DIRECTION('',(0.,0.,1.));
#3893=DIRECTION('',(1.,0.,0.));
#3894=DIRECTION('',(-1.,0.,0.));
#3895=DIRECTION('',(0.,0.,1.));
#3896=DIRECTION('',(0.,0.,1.));
#3897=DIRECTION('',(0.,-1.,0.));
#3898=DIRECTION('',(0.,-1.,0.));
#3899=DIRECTION('',(0.,0.,-1.));
#3900=DIRECTION('',(0.,0.,1.));
#3901=DIRECTION('',(1.,0.,0.));
#3902=DIRECTION('',(-1.,2.16840434497101E-16,0.));
#3903=DIRECTION('',(-2.16840434497101E-16,-1.,0.));
#3904=DIRECTION('',(0.,0.,1.));
#3905=DIRECTION('',(-2.16840434497101E-16,-1.,0.));
#3906=DIRECTION('',(0.,-1.,0.));
#3907=DIRECTION('',(0.,0.,-1.));
#3908=DIRECTION('',(0.,0.,1.));
#3909=DIRECTION('',(1.,0.,0.));
#3910=DIRECTION('',(-1.,2.16840434497101E-16,0.));
#3911=DIRECTION('',(-2.16840434497101E-16,-1.,0.));
#3912=DIRECTION('',(-2.16840434497101E-16,-1.,0.));
#3913=DIRECTION('',(0.,0.,1.));
#3914=DIRECTION('',(1.,0.,0.));
#3915=DIRECTION('',(-6.93889390390723E-16,-1.,0.));
#3916=DIRECTION('',(1.,-6.93889390390723E-16,0.));
#3917=DIRECTION('',(0.,0.,1.));
#3918=DIRECTION('',(1.,-6.93889390390723E-16,0.));
#3919=DIRECTION('',(0.,0.,1.));
#3920=DIRECTION('',(1.,-4.33680868994202E-16,0.));
#3921=DIRECTION('',(4.33680868994202E-16,1.,0.));
#3922=DIRECTION('',(0.,0.,1.));
#3923=DIRECTION('',(4.33680868994202E-16,1.,0.));
#3924=DIRECTION('',(-6.93889390390723E-16,-1.,0.));
#3925=DIRECTION('',(1.,-6.93889390390723E-16,0.));
#3926=DIRECTION('',(0.,0.,1.));
#3927=DIRECTION('',(1.,-6.93889390390723E-16,0.));
#3928=DIRECTION('',(1.,-4.33680868994202E-16,0.));
#3929=DIRECTION('',(4.33680868994202E-16,1.,0.));
#3930=DIRECTION('',(4.33680868994202E-16,1.,0.));
#3931=DIRECTION('',(0.,0.,1.));
#3932=DIRECTION('',(1.,0.,0.));
#3933=DIRECTION('',(0.,0.,-1.));
#3934=DIRECTION('',(-1.,0.,0.));
#3935=DIRECTION('',(0.,-0.707106781186548,-0.707106781186548));
#3936=DIRECTION('',(0.,0.707106781186548,-0.707106781186548));
#3937=DIRECTION('',(0.,0.,-1.));
#3938=DIRECTION('',(-1.,0.,0.));
#3939=DIRECTION('',(0.,0.,1.));
#3940=DIRECTION('',(1.,0.,0.));
#3941=DIRECTION('',(0.,0.,1.));
#3942=DIRECTION('',(1.,0.,0.));
#3943=DIRECTION('',(0.,0.,-1.));
#3944=DIRECTION('',(-1.,0.,0.));
#3945=DIRECTION('',(-3.46944695195362E-16,0.,1.));
#3946=DIRECTION('',(1.,0.,3.46944695195362E-16));
#3947=DIRECTION('',(1.,0.,3.46944695195362E-16));
#3948=DIRECTION('',(0.,1.,0.));
#3949=DIRECTION('',(1.,0.,-2.89120579329468E-16));
#3950=DIRECTION('',(-2.89120579329468E-16,0.,-1.));
#3951=DIRECTION('',(-2.71684474913248E-16,0.342020143325668,-0.939692620785909));
#3952=DIRECTION('',(-2.0443912222445E-16,0.707106781186548,-0.707106781186547));
#3953=DIRECTION('',(-1.,-1.96415861338352E-16,2.1763105226455E-16));
#3954=DIRECTION('',(2.1763105226455E-16,0.,1.));
#3955=DIRECTION('',(2.71684474913248E-16,-0.342020143325668,0.939692620785908));
#3956=DIRECTION('',(2.71684474913248E-16,-0.342020143325668,0.939692620785908));
#3957=DIRECTION('',(-1.,-1.96415861338352E-16,2.1763105226455E-16));
#3958=DIRECTION('',(2.1763105226455E-16,0.,1.));
#3959=DIRECTION('',(2.71684474913248E-16,-0.342020143325668,0.939692620785908));
#3960=DIRECTION('',(2.71684474913248E-16,-0.342020143325668,0.939692620785908));
#3961=DIRECTION('',(2.71684474913248E-16,-0.342020143325668,0.939692620785908));
#3962=DIRECTION('',(0.,-0.939692620785909,-0.342020143325668));
#3963=DIRECTION('',(-2.4532694666934E-16,0.707106781186547,0.707106781186548));
#3964=DIRECTION('',(1.,0.,3.46944695195362E-16));
#3965=DIRECTION('',(9.88850619806649E-17,0.939692620785909,0.342020143325668));
#3966=DIRECTION('',(0.,-0.342020143325668,0.939692620785909));
#3967=DIRECTION('',(2.71684474913248E-16,-0.342020143325668,0.939692620785909));
#3968=DIRECTION('',(9.88850619806649E-17,0.939692620785909,0.342020143325668));
#3969=DIRECTION('',(0.,-0.342020143325668,0.939692620785909));
#3970=DIRECTION('',(-2.71684474913248E-16,0.342020143325668,-0.939692620785909));
#3971=DIRECTION('',(0.707106781186549,-0.664463024388673,-0.241844762647974));
#3972=DIRECTION('',(-2.71684474913248E-16,0.342020143325668,-0.939692620785909));
#3973=DIRECTION('',(0.707106781186547,0.664463024388675,0.241844762647975));
#3974=DIRECTION('',(-2.71684474913248E-16,0.342020143325668,-0.939692620785909));
#3975=DIRECTION('',(0.,0.,1.));
#3976=DIRECTION('',(1.,0.,0.));
#3977=DIRECTION('',(0.,-0.707106781186548,0.707106781186548));
#3978=DIRECTION('',(0.,0.707106781186548,0.707106781186548));
#3979=DIRECTION('',(-1.,6.65069703249894E-17,0.));
#3980=DIRECTION('',(-6.65069703249894E-17,-1.,0.));
#3981=DIRECTION('',(-1.,6.65069703249894E-17,0.));
#3982=DIRECTION('',(-6.65069703249894E-17,-1.,0.));
#3983=DIRECTION('',(0.,1.,0.));
#3984=DIRECTION('',(0.,0.,1.));
#3985=DIRECTION('',(0.,1.,0.));
#3986=DIRECTION('',(0.,0.,1.));
#3987=DIRECTION('',(0.,1.,0.));
#3988=DIRECTION('',(0.,0.,1.));
#3989=DIRECTION('',(0.,1.,0.));
#3990=DIRECTION('',(0.,0.,1.));
#3991=DIRECTION('',(0.,0.,-1.));
#3992=DIRECTION('',(-1.,0.,0.));
#3993=DIRECTION('',(0.,0.,1.));
#3994=DIRECTION('',(1.,0.,0.));
#3995=DIRECTION('',(0.,0.,-1.));
#3996=DIRECTION('',(-1.,0.,0.));
#3997=DIRECTION('',(0.,0.,1.));
#3998=DIRECTION('',(1.,0.,0.));
#3999=DIRECTION('',(0.,0.,1.));
#4000=DIRECTION('',(1.,0.,0.));
#4001=DIRECTION('',(0.,0.,-1.));
#4002=DIRECTION('',(-1.,0.,0.));
#4003=DIRECTION('',(0.,0.,1.));
#4004=DIRECTION('',(1.,0.,0.));
#4005=DIRECTION('',(0.,0.,-1.));
#4006=DIRECTION('',(-1.,0.,0.));
#4007=DIRECTION('',(0.,0.,1.));
#4008=DIRECTION('',(1.,0.,0.));
#4009=DIRECTION('',(0.,0.,-1.));
#4010=DIRECTION('',(-1.,0.,0.));
#4011=DIRECTION('',(0.,0.,1.));
#4012=DIRECTION('',(1.,0.,0.));
#4013=DIRECTION('',(0.,0.,-1.));
#4014=DIRECTION('',(-1.,0.,0.));
#4015=DIRECTION('',(-6.65069703249894E-17,-1.,0.));
#4016=DIRECTION('',(1.,-6.65069703249894E-17,0.));
#4017=DIRECTION('',(1.,-6.65069703249894E-17,0.));
#4018=DIRECTION('',(0.,0.,-1.));
#4019=DIRECTION('',(1.,-6.65069703249894E-17,0.));
#4020=DIRECTION('',(0.,0.,1.));
#4021=DIRECTION('',(1.,0.,0.));
#4022=DIRECTION('',(1.,-6.65069703249894E-17,0.));
#4023=DIRECTION('',(-6.65069703249894E-17,-1.,0.));
#4024=DIRECTION('',(6.65069703249894E-17,1.,0.));
#4025=DIRECTION('',(-1.,6.65069703249894E-17,0.));
#4026=DIRECTION('',(1.,-6.65069703249894E-17,0.));
#4027=DIRECTION('',(0.,0.,1.));
#4028=DIRECTION('',(1.,-6.65069703249894E-17,0.));
#4029=DIRECTION('',(0.,-0.964297839891188,-0.264820082284537));
#4030=DIRECTION('',(1.,-6.65069703249894E-17,0.));
#4031=DIRECTION('',(1.,-6.65069703249894E-17,0.));
#4032=DIRECTION('',(6.65069703249894E-17,1.,0.));
#4033=DIRECTION('',(1.,-6.65069703249894E-17,0.));
#4034=DIRECTION('',(0.,-0.70710678118655,-0.707106781186545));
#4035=DIRECTION('',(1.,-6.65069703249894E-17,0.));
#4036=DIRECTION('',(1.,-6.65069703249894E-17,0.));
#4037=DIRECTION('',(6.65069703249894E-17,1.,0.));
#4038=DIRECTION('',(1.,-6.65069703249894E-17,0.));
#4039=DIRECTION('',(0.,-0.265178381847933,-0.964199370358907));
#4040=DIRECTION('',(1.,-6.65069703249894E-17,0.));
#4041=DIRECTION('',(6.65069703249894E-17,1.,0.));
#4042=DIRECTION('',(1.,-6.65069703249894E-17,0.));
#4043=DIRECTION('',(0.,0.265178381847923,-0.964199370358909));
#4044=DIRECTION('',(1.,-6.65069703249894E-17,0.));
#4045=DIRECTION('',(1.,-6.65069703249894E-17,0.));
#4046=DIRECTION('',(6.65069703249894E-17,1.,0.));
#4047=DIRECTION('',(1.,-6.65069703249894E-17,0.));
#4048=DIRECTION('',(0.,0.706526558921954,-0.707686527735199));
#4049=DIRECTION('',(1.,-6.65069703249894E-17,0.));
#4050=DIRECTION('',(1.,-6.65069703249894E-17,0.));
#4051=DIRECTION('',(6.65069703249894E-17,1.,0.));
#4052=DIRECTION('',(1.,-6.65069703249894E-17,0.));
#4053=DIRECTION('',(0.,0.964033151014216,-0.265782022991777));
#4054=DIRECTION('',(1.,-6.65069703249894E-17,0.));
#4055=DIRECTION('',(1.,-6.65069703249894E-17,0.));
#4056=DIRECTION('',(6.65069703249894E-17,1.,0.));
#4057=DIRECTION('',(-6.65069703249894E-17,-1.,0.));
#4058=DIRECTION('',(1.,-6.65069703249894E-17,0.));
#4059=DIRECTION('',(1.,-6.65069703249894E-17,0.));
#4060=DIRECTION('',(0.,0.,-1.));
#4061=DIRECTION('',(0.,0.,1.));
#4062=DIRECTION('',(1.,0.,0.));
#4063=DIRECTION('',(1.,-6.65069703249894E-17,0.));
#4064=DIRECTION('',(-6.65069703249894E-17,-1.,0.));
#4065=DIRECTION('',(6.65069703249894E-17,1.,0.));
#4066=DIRECTION('',(-1.,6.65069703249894E-17,0.));
#4067=DIRECTION('',(1.,-6.65069703249894E-17,0.));
#4068=DIRECTION('',(0.,0.,1.));
#4069=DIRECTION('',(1.,-6.65069703249894E-17,0.));
#4070=DIRECTION('',(0.,0.907948943518953,-0.419080798847689));
#4071=DIRECTION('',(1.,-6.65069703249894E-17,0.));
#4072=DIRECTION('',(1.,-6.65069703249894E-17,0.));
#4073=DIRECTION('',(6.65069703249894E-17,1.,0.));
#4074=DIRECTION('',(1.,-6.65069703249894E-17,0.));
#4075=DIRECTION('',(0.,0.360489717501827,-0.932763187296461));
#4076=DIRECTION('',(1.,-6.65069703249894E-17,0.));
#4077=DIRECTION('',(1.,-6.65069703249894E-17,0.));
#4078=DIRECTION('',(6.65069703249894E-17,1.,0.));
#4079=DIRECTION('',(0.,0.,-1.));
#4080=DIRECTION('',(-1.,0.,0.));
#4081=DIRECTION('',(1.,-6.65069703249894E-17,0.));
#4082=DIRECTION('',(6.65069703249894E-17,1.,0.));
#4083=DIRECTION('',(1.,-6.65069703249894E-17,0.));
#4084=DIRECTION('',(0.,-0.382004760381656,-0.924160355699028));
#4085=DIRECTION('',(1.,-6.65069703249894E-17,0.));
#4086=DIRECTION('',(1.,-6.65069703249894E-17,0.));
#4087=DIRECTION('',(6.65069703249894E-17,1.,0.));
#4088=DIRECTION('',(1.,-6.65069703249894E-17,0.));
#4089=DIRECTION('',(0.,-0.924160355699108,-0.382004760381461));
#4090=DIRECTION('',(1.,-6.65069703249894E-17,0.));
#4091=DIRECTION('',(6.65069703249894E-17,1.,0.));
#4092=DIRECTION('',(1.,-6.65069703249894E-17,0.));
#4093=DIRECTION('',(6.65069703249894E-17,1.,0.));
#4094=DIRECTION('',(-6.65069703249894E-17,-1.,0.));
#4095=DIRECTION('',(1.,-6.65069703249894E-17,0.));
#4096=DIRECTION('',(1.,-6.65069703249894E-17,0.));
#4097=DIRECTION('',(0.,0.,-1.));
#4098=DIRECTION('',(1.,-6.65069703249894E-17,0.));
#4099=DIRECTION('',(0.,0.,1.));
#4100=DIRECTION('',(1.,0.,0.));
#4101=DIRECTION('',(1.,-6.65069703249894E-17,0.));
#4102=DIRECTION('',(-6.65069703249894E-17,-1.,0.));
#4103=DIRECTION('',(6.65069703249894E-17,1.,0.));
#4104=DIRECTION('',(-1.,6.65069703249894E-17,0.));
#4105=DIRECTION('',(1.,-6.65069703249894E-17,0.));
#4106=DIRECTION('',(0.,0.,1.));
#4107=DIRECTION('',(1.,-6.65069703249894E-17,0.));
#4108=DIRECTION('',(0.,-0.964297839891164,-0.264820082284625));
#4109=DIRECTION('',(1.,-6.65069703249894E-17,0.));
#4110=DIRECTION('',(1.,-6.65069703249894E-17,0.));
#4111=DIRECTION('',(6.65069703249894E-17,1.,0.));
#4112=DIRECTION('',(1.,-6.65069703249894E-17,0.));
#4113=DIRECTION('',(0.,-0.707106781186551,-0.707106781186544));
#4114=DIRECTION('',(1.,-6.65069703249894E-17,0.));
#4115=DIRECTION('',(1.,-6.65069703249894E-17,0.));
#4116=DIRECTION('',(6.65069703249894E-17,1.,0.));
#4117=DIRECTION('',(1.,-6.65069703249894E-17,0.));
#4118=DIRECTION('',(0.,-0.265178381847925,-0.964199370358909));
#4119=DIRECTION('',(1.,-6.65069703249894E-17,0.));
#4120=DIRECTION('',(6.65069703249894E-17,1.,0.));
#4121=DIRECTION('',(1.,-6.65069703249894E-17,0.));
#4122=DIRECTION('',(0.,0.265178381847809,-0.964199370358941));
#4123=DIRECTION('',(1.,-6.65069703249894E-17,0.));
#4124=DIRECTION('',(1.,-6.65069703249894E-17,0.));
#4125=DIRECTION('',(6.65069703249894E-17,1.,0.));
#4126=DIRECTION('',(1.,-6.65069703249894E-17,0.));
#4127=DIRECTION('',(0.,0.706526558921924,-0.707686527735229));
#4128=DIRECTION('',(1.,-6.65069703249894E-17,0.));
#4129=DIRECTION('',(1.,-6.65069703249894E-17,0.));
#4130=DIRECTION('',(6.65069703249894E-17,1.,0.));
#4131=DIRECTION('',(1.,-6.65069703249894E-17,0.));
#4132=DIRECTION('',(0.,0.96403315101423,-0.265782022991727));
#4133=DIRECTION('',(1.,-6.65069703249894E-17,0.));
#4134=DIRECTION('',(1.,-6.65069703249894E-17,0.));
#4135=DIRECTION('',(6.65069703249894E-17,1.,0.));
#4136=DIRECTION('',(-6.65069703249894E-17,-1.,0.));
#4137=DIRECTION('',(1.,-6.65069703249894E-17,0.));
#4138=DIRECTION('',(1.,-6.65069703249894E-17,0.));
#4139=DIRECTION('',(0.,0.,-1.));
#4140=DIRECTION('',(0.,0.,1.));
#4141=DIRECTION('',(1.,0.,0.));
#4142=DIRECTION('',(1.,-6.65069703249894E-17,0.));
#4143=DIRECTION('',(-6.65069703249894E-17,-1.,0.));
#4144=DIRECTION('',(6.65069703249894E-17,1.,0.));
#4145=DIRECTION('',(-1.,6.65069703249894E-17,0.));
#4146=DIRECTION('',(1.,-6.65069703249894E-17,0.));
#4147=DIRECTION('',(0.,0.,1.));
#4148=DIRECTION('',(1.,-6.65069703249894E-17,0.));
#4149=DIRECTION('',(0.,0.90794894351895,-0.419080798847695));
#4150=DIRECTION('',(1.,-6.65069703249894E-17,0.));
#4151=DIRECTION('',(1.,-6.65069703249894E-17,0.));
#4152=DIRECTION('',(6.65069703249894E-17,1.,0.));
#4153=DIRECTION('',(1.,-6.65069703249894E-17,0.));
#4154=DIRECTION('',(0.,0.36048971750209,-0.932763187296359));
#4155=DIRECTION('',(1.,-6.65069703249894E-17,0.));
#4156=DIRECTION('',(1.,-6.65069703249894E-17,0.));
#4157=DIRECTION('',(6.65069703249894E-17,1.,0.));
#4158=DIRECTION('',(0.,0.,-1.));
#4159=DIRECTION('',(-1.,0.,0.));
#4160=DIRECTION('',(1.,-6.65069703249894E-17,0.));
#4161=DIRECTION('',(6.65069703249894E-17,1.,0.));
#4162=DIRECTION('',(1.,-6.65069703249894E-17,0.));
#4163=DIRECTION('',(0.,-0.382004760381512,-0.924160355699087));
#4164=DIRECTION('',(1.,-6.65069703249894E-17,0.));
#4165=DIRECTION('',(1.,-6.65069703249894E-17,0.));
#4166=DIRECTION('',(6.65069703249894E-17,1.,0.));
#4167=DIRECTION('',(1.,-6.65069703249894E-17,0.));
#4168=DIRECTION('',(0.,-0.92416035569902,-0.382004760381675));
#4169=DIRECTION('',(1.,-6.65069703249894E-17,0.));
#4170=DIRECTION('',(6.65069703249894E-17,1.,0.));
#4171=DIRECTION('',(1.,-6.65069703249894E-17,0.));
#4172=DIRECTION('',(6.65069703249894E-17,1.,0.));
#4173=DIRECTION('',(0.,0.,-1.));
#4174=DIRECTION('',(-1.,0.,0.));
#4175=DIRECTION('',(1.,-6.65069703249894E-17,0.));
#4176=DIRECTION('',(6.65069703249894E-17,1.,0.));
#4177=DIRECTION('',(1.,-6.65069703249894E-17,0.));
#4178=DIRECTION('',(6.65069703249894E-17,1.,0.));
#4179=DIRECTION('',(-1.,6.65069703249894E-17,0.));
#4180=DIRECTION('',(1.,-6.65069703249894E-17,0.));
#4181=DIRECTION('',(0.,0.,1.));
#4182=DIRECTION('',(0.,0.,1.));
#4183=DIRECTION('',(1.,0.,0.));
#4184=DIRECTION('',(1.,-6.65069703249894E-17,0.));
#4185=DIRECTION('',(-6.65069703249894E-17,-1.,0.));
#4186=DIRECTION('',(-6.65069703249894E-17,-1.,0.));
#4187=DIRECTION('',(1.,-6.65069703249894E-17,0.));
#4188=DIRECTION('',(0.,0.,-1.));
#4189=DIRECTION('',(1.,-6.65069703249894E-17,0.));
#4190=DIRECTION('',(6.65069703249894E-17,1.,0.));
#4191=CARTESIAN_POINT('',(0.,0.,0.));
#4192=CARTESIAN_POINT('',(0.01275,0.,0.023));
#4193=CARTESIAN_POINT('',(0.01275,-0.0290952667055663,0.00115935158724119));
#4194=CARTESIAN_POINT('',(0.01275,-0.028088576627038,0.000555284243834457));
#4195=CARTESIAN_POINT('',(0.01275,-0.0284927194168057,0.000151771717648377));
#4196=CARTESIAN_POINT('',(0.01275,-0.0290368955665032,0.00105415356147367));
#4197=CARTESIAN_POINT('',(0.01275,-0.0290480201142336,1.7650931371301E-7));
#4198=CARTESIAN_POINT('',(0.01275,0.,0.));
#4199=CARTESIAN_POINT('',(0.01275,-0.0193425508435643,1.76509313662377E-7));
#4200=CARTESIAN_POINT('',(0.01275,-0.0193536753912939,0.00105415356147608));
#4201=CARTESIAN_POINT('',(0.01275,-0.0198978495343381,0.00015177505800238));
#4202=CARTESIAN_POINT('',(0.01275,-0.0192982479067766,0.00115489001623655));
#4203=CARTESIAN_POINT('',(0.01275,-0.0203013758037414,0.000555280610778546));
#4204=CARTESIAN_POINT('',(0.01275,-0.0193966641225842,0.00110000591421621));
#4205=CARTESIAN_POINT('',(0.01275,-0.0204529465114979,0.001111836055109));
#4206=CARTESIAN_POINT('',(0.01275,-0.0204531379230131,0.00343420585248876));
#4207=CARTESIAN_POINT('',(0.01275,-0.0204531379230131,0.00575657350609974));
#4208=CARTESIAN_POINT('',(0.01275,-0.0199259517208486,0.00575657350609974));
#4209=CARTESIAN_POINT('',(0.01275,-0.0193987655186841,0.00575657350609974));
#4210=CARTESIAN_POINT('',(0.01275,-0.0193987655186841,0.0034579417241502));
#4211=CARTESIAN_POINT('',(0.01275,-0.0193987360514941,0.00115930941017121));
#4212=CARTESIAN_POINT('',(0.01275,-0.0193062455509883,0.00115763949632866));
#4213=CARTESIAN_POINT('',(0.01275,-0.019370626967406,0.00109125529084706));
#4214=CARTESIAN_POINT('',(0.01275,-0.0193042432215064,0.00115563716684904));
#4215=CARTESIAN_POINT('',(0.01275,-0.0193025733076645,0.00106314666634159));
#4216=CARTESIAN_POINT('',(0.01275,-0.0175835959647858,0.00106311719915167));
#4217=CARTESIAN_POINT('',(0.01275,-0.0158646191316278,0.0010630954368137));
#4218=CARTESIAN_POINT('',(0.01275,-0.0158647272953351,0.00116860936200865));
#4219=CARTESIAN_POINT('',(0.01275,-0.0157928391046017,0.00109128951703126));
#4220=CARTESIAN_POINT('',(0.01275,-0.0158482411561892,0.00115892447658151));
#4221=CARTESIAN_POINT('',(0.01275,-0.0157609126515059,0.00115911724834201));
#4222=CARTESIAN_POINT('',(0.01275,-0.0157609308724682,0.0034579417241502));
#4223=CARTESIAN_POINT('',(0.01275,-0.0157609308724682,0.00575657350609974));
#4224=CARTESIAN_POINT('',(0.01275,-0.0152287476446908,0.00575657350609974));
#4225=CARTESIAN_POINT('',(0.01275,-0.0146965644169134,0.00575657350609974));
#4226=CARTESIAN_POINT('',(0.01275,-0.0146965644169134,0.00343420585248876));
#4227=CARTESIAN_POINT('',(0.01275,-0.0146967531339794,0.00111183610363996));
#4228=CARTESIAN_POINT('',(0.01275,-0.0157497351677397,0.00110014533385572));
#4229=CARTESIAN_POINT('',(0.01275,-0.0148489572655699,0.00055528424383446));
#4230=CARTESIAN_POINT('',(0.01275,-0.0158556473440982,0.0011593515872411));
#4231=CARTESIAN_POINT('',(0.01275,-0.0152531000553375,0.000151771717648369));
#4232=CARTESIAN_POINT('',(0.01275,-0.0157972762050359,0.00105415356147617));
#4233=CARTESIAN_POINT('',(0.01275,-0.0158084007527655,1.76509313663028E-7));
#4234=CARTESIAN_POINT('',(0.01275,0.,0.));
#4235=CARTESIAN_POINT('',(0.01275,0.034125,0.));
#4236=CARTESIAN_POINT('',(0.01275,0.034125,0.023));
#4237=CARTESIAN_POINT('',(0.01275,0.034125,0.0191180306019239));
#4238=CARTESIAN_POINT('',(0.01275,-1.69592774328723E-18,0.0485901442307692));
#4239=CARTESIAN_POINT('',(0.01275,-0.034125,0.0191180306019239));
#4240=CARTESIAN_POINT('',(0.01275,-0.034125,0.));
#4241=CARTESIAN_POINT('',(0.01275,-0.034125,0.));
#4242=CARTESIAN_POINT('',(0.01275,0.,0.));
#4243=CARTESIAN_POINT('',(0.01275,-0.0325821702050323,1.76509313662269E-7));
#4244=CARTESIAN_POINT('',(0.01275,-0.032593294752762,0.00105415356147609));
#4245=CARTESIAN_POINT('',(0.01275,-0.0331374688958062,0.000151775058002378));
#4246=CARTESIAN_POINT('',(0.01275,-0.0325378672682446,0.00115489001623657));
#4247=CARTESIAN_POINT('',(0.01275,-0.0335409951652095,0.000555280610778548));
#4248=CARTESIAN_POINT('',(0.01275,-0.0326362834840526,0.00110000591421624));
#4249=CARTESIAN_POINT('',(0.01275,-0.0336925658729661,0.001111836055109));
#4250=CARTESIAN_POINT('',(0.01275,-0.0336927572844812,0.00343420585248876));
#4251=CARTESIAN_POINT('',(0.01275,-0.0336927572844812,0.00575657350609974));
#4252=CARTESIAN_POINT('',(0.01275,-0.0331655710823167,0.00575657350609974));
#4253=CARTESIAN_POINT('',(0.01275,-0.0326383848801522,0.00575657350609974));
#4254=CARTESIAN_POINT('',(0.01275,-0.0326383848801522,0.0034579417241502));
#4255=CARTESIAN_POINT('',(0.01275,-0.0326383554129623,0.00115930941017121));
#4256=CARTESIAN_POINT('',(0.01275,-0.0325458649124549,0.0011576394963293));
#4257=CARTESIAN_POINT('',(0.01275,-0.0326102463288722,0.00109125529084514));
#4258=CARTESIAN_POINT('',(0.01275,-0.0325438625829752,0.00115563716684754));
#4259=CARTESIAN_POINT('',(0.01275,-0.0325421926691326,0.00106314666634163));
#4260=CARTESIAN_POINT('',(0.01275,-0.030823215326254,0.00106311719915167));
#4261=CARTESIAN_POINT('',(0.01275,-0.0291042384930959,0.0010630954368137));
#4262=CARTESIAN_POINT('',(0.01275,-0.0291043466568032,0.00116860936200847));
#4263=CARTESIAN_POINT('',(0.01275,-0.0290324584660698,0.00109128951703126));
#4264=CARTESIAN_POINT('',(0.01275,-0.0290878605176574,0.0011589244765815));
#4265=CARTESIAN_POINT('',(0.01275,-0.0290005320129741,0.00115911724834201));
#4266=CARTESIAN_POINT('',(0.01275,-0.0290005502339364,0.0034579417241502));
#4267=CARTESIAN_POINT('',(0.01275,-0.0290005502339364,0.00575657350609974));
#4268=CARTESIAN_POINT('',(0.01275,-0.0284683670061589,0.00575657350609974));
#4269=CARTESIAN_POINT('',(0.01275,-0.0279361837783815,0.00575657350609974));
#4270=CARTESIAN_POINT('',(0.01275,-0.0279361837783815,0.00343420585248876));
#4271=CARTESIAN_POINT('',(0.01275,-0.0279363724954475,0.00111183610363996));
#4272=CARTESIAN_POINT('',(0.01275,-0.028989354529208,0.0011001453338557));
#4273=CARTESIAN_POINT('',(0.01275,-0.0241866268847445,0.00111183819887777));
#4274=CARTESIAN_POINT('',(0.01275,-0.0276866268847445,0.00111183819887777));
#4275=CARTESIAN_POINT('',(0.01275,-0.0206866268847445,0.00111183819887777));
#4276=CARTESIAN_POINT('',(0.01275,-0.0206866268847445,0.000611838198877772));
#4277=CARTESIAN_POINT('',(0.01275,-0.0206866268847445,0.000111838198877771));
#4278=CARTESIAN_POINT('',(0.01275,-0.0241866268847445,0.000111838198877772));
#4279=CARTESIAN_POINT('',(0.01275,-0.0276866268847445,0.000111838198877772));
#4280=CARTESIAN_POINT('',(0.01275,-0.0276866268847445,0.000611838198877772));
#4281=CARTESIAN_POINT('',(3.46944695195361E-18,0.037125,0.023));
#4282=CARTESIAN_POINT('',(-0.00775,0.037125,0.021));
#4283=CARTESIAN_POINT('',(-0.0101558173896886,0.037125,0.0253831544220426));
#4284=CARTESIAN_POINT('',(-0.00775,0.037125,0.026));
#4285=CARTESIAN_POINT('',(3.46944695195361E-18,0.037125,0.0253831544220426));
#4286=CARTESIAN_POINT('',(-0.00925,0.037125,0.0253831544220426));
#4287=CARTESIAN_POINT('',(-0.00925,0.037125,0.023));
#4288=CARTESIAN_POINT('',(-0.00925,0.037125,0.00175));
#4289=CARTESIAN_POINT('',(3.46944695195361E-18,0.037125,0.00175));
#4290=CARTESIAN_POINT('',(0.00925,0.037125,0.00175));
#4291=CARTESIAN_POINT('',(0.00925,0.037125,0.023));
#4292=CARTESIAN_POINT('',(0.00925,0.037125,0.0253831544220426));
#4293=CARTESIAN_POINT('',(3.46944695195361E-18,0.037125,0.0253831544220426));
#4294=CARTESIAN_POINT('',(0.0101558173896886,0.037125,0.0253831544220426));
#4295=CARTESIAN_POINT('',(0.00775,0.037125,0.021));
#4296=CARTESIAN_POINT('',(0.00775,0.037125,0.026));
#4297=CARTESIAN_POINT('',(0.0727135692642502,0.037125,0.026));
#4298=CARTESIAN_POINT('',(-0.00725,0.037125,0.017875));
#4299=CARTESIAN_POINT('',(-0.00725,0.037125,0.006875));
#4300=CARTESIAN_POINT('',(-0.00725,0.037125,0.017875));
#4301=CARTESIAN_POINT('',(3.46944695195361E-18,0.037125,0.017875));
#4302=CARTESIAN_POINT('',(-0.00525,0.037125,0.017875));
#4303=CARTESIAN_POINT('',(-0.00525,0.037125,0.018375));
#4304=CARTESIAN_POINT('',(-0.00525,0.037125,0.018875));
#4305=CARTESIAN_POINT('',(-8.67361737988404E-19,0.037125,0.018875));
#4306=CARTESIAN_POINT('',(0.00525,0.037125,0.018875));
#4307=CARTESIAN_POINT('',(0.00525,0.037125,0.018375));
#4308=CARTESIAN_POINT('',(0.00525,0.037125,0.017875));
#4309=CARTESIAN_POINT('',(3.46944695195361E-18,0.037125,0.017875));
#4310=CARTESIAN_POINT('',(0.00725,0.037125,0.017875));
#4311=CARTESIAN_POINT('',(0.00725,0.037125,0.023));
#4312=CARTESIAN_POINT('',(0.00725,0.037125,0.006875));
#4313=CARTESIAN_POINT('',(0.,0.037125,0.006875));
#4314=CARTESIAN_POINT('',(0.00525,0.037125,0.006875));
#4315=CARTESIAN_POINT('',(0.00525,0.037125,0.006375));
#4316=CARTESIAN_POINT('',(0.00525,0.037125,0.005875));
#4317=CARTESIAN_POINT('',(0.,0.037125,0.005875));
#4318=CARTESIAN_POINT('',(-0.00525,0.037125,0.005875));
#4319=CARTESIAN_POINT('',(-0.00525,0.037125,0.006375));
#4320=CARTESIAN_POINT('',(-0.00525,0.037125,0.006875));
#4321=CARTESIAN_POINT('',(0.,0.037125,0.006875));
#4322=CARTESIAN_POINT('',(-1.7347234759768E-18,-0.037125,0.023));
#4323=CARTESIAN_POINT('',(0.00725,-0.037125,0.023));
#4324=CARTESIAN_POINT('',(0.00725,-0.037125,0.006875));
#4325=CARTESIAN_POINT('',(0.00725,-0.037125,0.017875));
#4326=CARTESIAN_POINT('',(-1.7347234759768E-18,-0.037125,0.017875));
#4327=CARTESIAN_POINT('',(0.00525,-0.037125,0.017875));
#4328=CARTESIAN_POINT('',(0.00525,-0.037125,0.018375));
#4329=CARTESIAN_POINT('',(0.00525,-0.037125,0.018875));
#4330=CARTESIAN_POINT('',(-8.67361737988404E-19,-0.037125,0.018875));
#4331=CARTESIAN_POINT('',(-0.00525,-0.037125,0.018875));
#4332=CARTESIAN_POINT('',(-0.00525,-0.037125,0.018375));
#4333=CARTESIAN_POINT('',(-0.00525,-0.037125,0.017875));
#4334=CARTESIAN_POINT('',(-1.7347234759768E-18,-0.037125,0.017875));
#4335=CARTESIAN_POINT('',(-0.00725,-0.037125,0.017875));
#4336=CARTESIAN_POINT('',(-0.00725,-0.037125,0.006875));
#4337=CARTESIAN_POINT('',(-0.00725,-0.037125,0.006875));
#4338=CARTESIAN_POINT('',(-4.39876309979833E-18,-0.037125,0.006875));
#4339=CARTESIAN_POINT('',(-0.00525,-0.037125,0.006875));
#4340=CARTESIAN_POINT('',(-0.00525,-0.037125,0.006375));
#4341=CARTESIAN_POINT('',(-0.00525,-0.037125,0.005875));
#4342=CARTESIAN_POINT('',(-2.60208521396521E-18,-0.037125,0.005875));
#4343=CARTESIAN_POINT('',(0.00525,-0.037125,0.005875));
#4344=CARTESIAN_POINT('',(0.00525,-0.037125,0.006375));
#4345=CARTESIAN_POINT('',(0.00525,-0.037125,0.006875));
#4346=CARTESIAN_POINT('',(-4.39876309979833E-18,-0.037125,0.006875));
#4347=CARTESIAN_POINT('',(-0.01175,-0.037125,0.0253831544220426));
#4348=CARTESIAN_POINT('',(-0.00925,-0.037125,0.0253831544220426));
#4349=CARTESIAN_POINT('',(-0.0101558173896887,-0.037125,0.0253831544220426));
#4350=CARTESIAN_POINT('',(-0.00775,-0.037125,0.021));
#4351=CARTESIAN_POINT('',(-0.00775,-0.037125,0.026));
#4352=CARTESIAN_POINT('',(0.0727135692642502,-0.037125,0.026));
#4353=CARTESIAN_POINT('',(0.00775,-0.037125,0.026));
#4354=CARTESIAN_POINT('',(0.00775,-0.037125,0.021));
#4355=CARTESIAN_POINT('',(0.0101558173896886,-0.037125,0.0253831544220426));
#4356=CARTESIAN_POINT('',(0.00925,-0.037125,0.0253831544220426));
#4357=CARTESIAN_POINT('',(0.00925,-0.037125,0.0253831544220426));
#4358=CARTESIAN_POINT('',(0.00925,-0.037125,0.023));
#4359=CARTESIAN_POINT('',(0.00925,-0.037125,0.00175));
#4360=CARTESIAN_POINT('',(-1.7347234759768E-18,-0.037125,0.00175));
#4361=CARTESIAN_POINT('',(-0.00925,-0.037125,0.00175));
#4362=CARTESIAN_POINT('',(-0.00925,-0.037125,0.023));
#4363=CARTESIAN_POINT('',(0.00775,-0.034125,0.023));
#4364=CARTESIAN_POINT('',(0.0125316771792174,-0.0355863566825904,0.0209002123996682));
#4365=CARTESIAN_POINT('',(0.0123248353866352,-0.0362631597458546,0.0217700215187407));
#4366=CARTESIAN_POINT('',(0.012029243966178,-0.0367264434271819,0.022764581821589));
#4367=CARTESIAN_POINT('',(0.0118695133531524,-0.0369586566011427,0.0238336566011426));
#4368=CARTESIAN_POINT('',(0.0125316771792174,-0.0355863566825904,0.0209002123996682));
#4369=CARTESIAN_POINT('',(0.0118695133531524,-0.0369586566011426,0.0238336566011426));
#4370=CARTESIAN_POINT('',(0.00775,-0.034125,0.021));
#4371=CARTESIAN_POINT('',(0.00775,-0.039125,0.026));
#4372=CARTESIAN_POINT('',(0.00775,-0.039125,0.023));
#4373=CARTESIAN_POINT('',(0.00775,-0.039125,0.));
#4374=CARTESIAN_POINT('',(0.00775,-0.034125,0.));
#4375=CARTESIAN_POINT('',(0.0125316771792174,-0.0355863566825905,0.0209002123996682));
#4376=CARTESIAN_POINT('',(0.0126731307764006,-0.0351235090796561,0.0203053730917143));
#4377=CARTESIAN_POINT('',(0.01275,-0.0346324644397931,0.0197056105843447));
#4378=CARTESIAN_POINT('',(0.01275,-0.034125,0.0191180306019239));
#4379=CARTESIAN_POINT('',(0.00775,0.034125,0.023));
#4380=CARTESIAN_POINT('',(0.00775,0.039125,0.023));
#4381=CARTESIAN_POINT('',(0.00775,0.039125,0.026));
#4382=CARTESIAN_POINT('',(0.00775,0.039125,0.));
#4383=CARTESIAN_POINT('',(0.00775,0.034125,0.021));
#4384=CARTESIAN_POINT('',(0.0118695133531524,0.0369586566011426,0.0238336566011426));
#4385=CARTESIAN_POINT('',(0.0118695133531524,0.0369586566011427,0.0238336566011426));
#4386=CARTESIAN_POINT('',(0.012029207817671,0.0367264959791592,0.0227648237630454));
#4387=CARTESIAN_POINT('',(0.0123256576300857,0.036260469298827,0.0217665638284819));
#4388=CARTESIAN_POINT('',(0.0125316771792174,0.0355863566825905,0.0209002123996682));
#4389=CARTESIAN_POINT('',(0.0125316771792174,0.0355863566825905,0.0209002123996682));
#4390=CARTESIAN_POINT('',(0.01275,0.034125,0.0191180306019239));
#4391=CARTESIAN_POINT('',(0.01275,0.0346353814319366,0.0197089880942901));
#4392=CARTESIAN_POINT('',(0.012673699414993,0.0351216484482216,0.0203029818581682));
#4393=CARTESIAN_POINT('',(0.0125316771792174,0.0355863566825905,0.0209002123996683));
#4394=CARTESIAN_POINT('',(0.00775,0.034125,0.));
#4395=CARTESIAN_POINT('',(0.,0.,0.026));
#4396=CARTESIAN_POINT('',(-0.00775,-0.0559081090170644,0.026));
#4397=CARTESIAN_POINT('',(-0.00775,0.039125,0.026));
#4398=CARTESIAN_POINT('',(0.00775,-0.0559081090170644,0.026));
#4399=CARTESIAN_POINT('',(3.46944695195361E-18,0.039125,0.026));
#4400=CARTESIAN_POINT('',(0.,0.,0.026));
#4401=CARTESIAN_POINT('',(-0.00775,-0.0559081090170644,0.026));
#4402=CARTESIAN_POINT('',(-0.00775,-0.039125,0.026));
#4403=CARTESIAN_POINT('',(-1.7347234759768E-18,-0.039125,0.026));
#4404=CARTESIAN_POINT('',(0.00775,-0.0559081090170644,0.026));
#4405=CARTESIAN_POINT('',(0.0727135692642502,0.029825,0.0253831544220426));
#4406=CARTESIAN_POINT('',(0.0101558173896886,0.037125,0.0253831544220426));
#4407=CARTESIAN_POINT('',(0.0108459635646911,0.037125,0.0250043483136158));
#4408=CARTESIAN_POINT('',(0.011437046788015,0.0370952186435362,0.0244623678532954));
#4409=CARTESIAN_POINT('',(0.0118695133531524,0.0369586566011427,0.0238336566011427));
#4410=CARTESIAN_POINT('',(0.01075,0.035625,0.0209503223701823));
#4411=CARTESIAN_POINT('',(0.01075,0.0361399229808342,0.0216240571866378));
#4412=CARTESIAN_POINT('',(0.0102870467313307,0.0368889729956829,0.0230891949008493));
#4413=CARTESIAN_POINT('',(0.00959538883751851,0.037125,0.0246212069173094));
#4414=CARTESIAN_POINT('',(0.00925,0.037125,0.0253831544220426));
#4415=CARTESIAN_POINT('',(0.01075,0.035625,0.0209503223701823));
#4416=CARTESIAN_POINT('',(0.01075,0.029825,0.0253831544220426));
#4417=CARTESIAN_POINT('',(0.01075,0.0355863566825905,0.0209002123996682));
#4418=CARTESIAN_POINT('',(0.0727135692642502,0.0355863566825904,0.0209002123996682));
#4419=CARTESIAN_POINT('',(0.0727135692642502,-0.029825,0.0253831544220426));
#4420=CARTESIAN_POINT('',(0.0118695133531524,-0.0369586566011427,0.0238336566011427));
#4421=CARTESIAN_POINT('',(0.0114363434780974,-0.0370954407310836,0.0244633903112022));
#4422=CARTESIAN_POINT('',(0.010846077226474,-0.037125,0.0250042859271544));
#4423=CARTESIAN_POINT('',(0.0101558173896886,-0.037125,0.0253831544220426));
#4424=CARTESIAN_POINT('',(0.0727135692642502,-0.0355863566825904,0.0209002123996682));
#4425=CARTESIAN_POINT('',(0.01075,-0.0355863566825904,0.0209002123996682));
#4426=CARTESIAN_POINT('',(0.01075,-0.029825,0.0253831544220426));
#4427=CARTESIAN_POINT('',(0.01075,-0.035625,0.0209503223701823));
#4428=CARTESIAN_POINT('',(0.01075,-0.035625,0.0209503223701823));
#4429=CARTESIAN_POINT('',(0.01075,-0.0361399229808341,0.0216240571866378));
#4430=CARTESIAN_POINT('',(0.0102870467312934,-0.0368889729956829,0.0230891949008324));
#4431=CARTESIAN_POINT('',(0.00959538883759305,-0.037125,0.0246212069173431));
#4432=CARTESIAN_POINT('',(0.00925,-0.037125,0.0253831544220426));
#4433=CARTESIAN_POINT('',(-0.005,-0.041125,0.016375));
#4434=CARTESIAN_POINT('',(-0.005,-0.0448837704831437,0.0135069194266973));
#4435=CARTESIAN_POINT('',(-0.005,-0.041125,0.014875));
#4436=CARTESIAN_POINT('',(-0.005,-0.0462688206205786,0.0130028024037047));
#4437=CARTESIAN_POINT('',(-0.005,-0.0467509113278435,0.0143273357360439));
#4438=CARTESIAN_POINT('',(-0.005,-0.0472330020351084,0.0156518690683831));
#4439=CARTESIAN_POINT('',(-0.005,-0.0448837704831437,0.0165069194266973));
#4440=CARTESIAN_POINT('',(-0.005,-0.041125,0.017875));
#4441=CARTESIAN_POINT('',(-0.005,-0.041125,0.017875));
#4442=CARTESIAN_POINT('',(-0.005,-0.039125,0.017875));
#4443=CARTESIAN_POINT('',(-0.005,-0.039125,0.016375));
#4444=CARTESIAN_POINT('',(-0.005,-0.039125,0.013375));
#4445=CARTESIAN_POINT('',(-0.005,-0.041625,0.015875));
#4446=CARTESIAN_POINT('',(-0.005,-0.040625,0.014875));
#4447=CARTESIAN_POINT('',(-0.005,-0.041125,0.014875));
#4448=CARTESIAN_POINT('',(0.005,-0.0448837704831437,0.0135069194266973));
#4449=CARTESIAN_POINT('',(0.005,-0.0448837704831437,0.0135069194266973));
#4450=CARTESIAN_POINT('',(0.005,-0.041125,0.014875));
#4451=CARTESIAN_POINT('',(0.005,-0.0462688206205786,0.0130028024037047));
#4452=CARTESIAN_POINT('',(0.0057369697850115,-0.0455762955518611,0.013254860915201));
#4453=CARTESIAN_POINT('',(0.0035,-0.0476783595517575,0.0124897721887162));
#4454=CARTESIAN_POINT('',(0.02,-0.0476783595517575,0.0124897721887162));
#4455=CARTESIAN_POINT('',(0.0015,-0.0476783595517575,0.0124897721887162));
#4456=CARTESIAN_POINT('',(0.0015,-0.0467533089675283,0.0128264630665662));
#4457=CARTESIAN_POINT('',(0.0015,-0.0458282583832992,0.0131631539444161));
#4458=CARTESIAN_POINT('',(8.81643924860639E-18,-0.0439195890686139,0.0138578527620189));
#4459=CARTESIAN_POINT('',(-0.0015,-0.0458282583832992,0.0131631539444161));
#4460=CARTESIAN_POINT('',(-0.0015,-0.0467533089675283,0.0128264630665662));
#4461=CARTESIAN_POINT('',(-0.0015,-0.0476783595517575,0.0124897721887162));
#4462=CARTESIAN_POINT('',(0.02,-0.0476783595517575,0.0124897721887162));
#4463=CARTESIAN_POINT('',(-0.0035,-0.0476783595517575,0.0124897721887162));
#4464=CARTESIAN_POINT('',(-0.00073696978501149,-0.0502747586557907,0.0115447601985727));
#4465=CARTESIAN_POINT('',(-8.67361737988404E-19,-0.041125,0.014875));
#4466=CARTESIAN_POINT('',(0.005,-0.0448837704831437,0.0165069194266973));
#4467=CARTESIAN_POINT('',(0.005,-0.0486425409662873,0.0151388388533946));
#4468=CARTESIAN_POINT('',(0.0035,-0.0486425409662873,0.0151388388533946));
#4469=CARTESIAN_POINT('',(0.0015,-0.0486425409662873,0.0151388388533946));
#4470=CARTESIAN_POINT('',(0.0035,-0.0486425409662873,0.0151388388533946));
#4471=CARTESIAN_POINT('',(0.005,-0.0472330020351084,0.0156518690683831));
#4472=CARTESIAN_POINT('',(0.005,-0.0448837704831437,0.0165069194266973));
#4473=CARTESIAN_POINT('',(0.005,-0.041125,0.017875));
#4474=CARTESIAN_POINT('',(-8.67361737988404E-19,-0.041125,0.017875));
#4475=CARTESIAN_POINT('',(-0.0035,-0.0486425409662873,0.0151388388533946));
#4476=CARTESIAN_POINT('',(-0.0035,-0.0486425409662873,0.0151388388533946));
#4477=CARTESIAN_POINT('',(0.005,-0.0486425409662873,0.0151388388533946));
#4478=CARTESIAN_POINT('',(-0.0015,-0.0486425409662873,0.0151388388533946));
#4479=CARTESIAN_POINT('',(-0.0015,-0.0477174903820581,0.0154755297312446));
#4480=CARTESIAN_POINT('',(-0.0015,-0.046792439797829,0.0158122206090946));
#4481=CARTESIAN_POINT('',(9.58233893738061E-18,-0.0448837704831437,0.0165069194266973));
#4482=CARTESIAN_POINT('',(0.0015,-0.046792439797829,0.0158122206090946));
#4483=CARTESIAN_POINT('',(0.0015,-0.0477174903820581,0.0154755297312446));
#4484=CARTESIAN_POINT('',(-1.7347234759768E-18,-0.039125,0.023));
#4485=CARTESIAN_POINT('',(-1.7347234759768E-18,-0.039125,0.006875));
#4486=CARTESIAN_POINT('',(-0.00525,-0.039125,0.006875));
#4487=CARTESIAN_POINT('',(0.00525,-0.039125,0.006875));
#4488=CARTESIAN_POINT('',(0.00525,-0.039125,0.006375));
#4489=CARTESIAN_POINT('',(0.00525,-0.039125,0.005875));
#4490=CARTESIAN_POINT('',(-2.60208521396521E-18,-0.039125,0.005875));
#4491=CARTESIAN_POINT('',(-0.00525,-0.039125,0.005875));
#4492=CARTESIAN_POINT('',(-0.00525,-0.039125,0.006375));
#4493=CARTESIAN_POINT('',(-0.00775,-0.039125,0.023));
#4494=CARTESIAN_POINT('',(-0.00775,-0.039125,0.));
#4495=CARTESIAN_POINT('',(-1.7347234759768E-18,-0.039125,0.));
#4496=CARTESIAN_POINT('',(0.005,-0.039125,0.016375));
#4497=CARTESIAN_POINT('',(0.005,-0.039125,0.017875));
#4498=CARTESIAN_POINT('',(0.005,-0.039125,0.013375));
#4499=CARTESIAN_POINT('',(1.60461921527854E-18,-0.039125,0.013375));
#4500=CARTESIAN_POINT('',(-8.67361737988404E-19,-0.039125,0.017875));
#4501=CARTESIAN_POINT('',(-0.00525,-0.039125,0.017875));
#4502=CARTESIAN_POINT('',(-0.00525,-0.039125,0.018375));
#4503=CARTESIAN_POINT('',(-0.00525,-0.039125,0.018875));
#4504=CARTESIAN_POINT('',(-8.67361737988404E-19,-0.039125,0.018875));
#4505=CARTESIAN_POINT('',(0.00525,-0.039125,0.018875));
#4506=CARTESIAN_POINT('',(0.00525,-0.039125,0.018375));
#4507=CARTESIAN_POINT('',(0.00525,-0.039125,0.017875));
#4508=CARTESIAN_POINT('',(-8.67361737988404E-19,-0.039125,0.017875));
#4509=CARTESIAN_POINT('',(0.,0.,0.00175));
#4510=CARTESIAN_POINT('',(3.90312782094781E-18,0.011,0.00175));
#4511=CARTESIAN_POINT('',(-0.0025,0.011,0.00175));
#4512=CARTESIAN_POINT('',(0.0025,0.011,0.00175));
#4513=CARTESIAN_POINT('',(-0.0025,0.0115,0.00175));
#4514=CARTESIAN_POINT('',(-0.0025,0.012,0.00175));
#4515=CARTESIAN_POINT('',(5.20417042793042E-18,0.012,0.00175));
#4516=CARTESIAN_POINT('',(0.0025,0.012,0.00175));
#4517=CARTESIAN_POINT('',(0.0025,0.0115,0.00175));
#4518=CARTESIAN_POINT('',(-3.46944695195361E-18,-0.0155,0.00175));
#4519=CARTESIAN_POINT('',(0.004,-0.0155,0.00175));
#4520=CARTESIAN_POINT('',(-0.004,-0.0155,0.00175));
#4521=CARTESIAN_POINT('',(0.004,-0.0185,0.00175));
#4522=CARTESIAN_POINT('',(0.007,-0.0185,0.00175));
#4523=CARTESIAN_POINT('',(0.007,-0.0225,0.00175));
#4524=CARTESIAN_POINT('',(0.007,-0.0265,0.00175));
#4525=CARTESIAN_POINT('',(0.004,-0.0265,0.00175));
#4526=CARTESIAN_POINT('',(0.004,-0.0295,0.00175));
#4527=CARTESIAN_POINT('',(-8.67361737988404E-19,-0.0295,0.00175));
#4528=CARTESIAN_POINT('',(-0.004,-0.0295,0.00175));
#4529=CARTESIAN_POINT('',(-0.004,-0.0265,0.00175));
#4530=CARTESIAN_POINT('',(-0.007,-0.0265,0.00175));
#4531=CARTESIAN_POINT('',(-0.007,-0.0225,0.00175));
#4532=CARTESIAN_POINT('',(-0.007,-0.0185,0.00175));
#4533=CARTESIAN_POINT('',(-0.004,-0.0185,0.00175));
#4534=CARTESIAN_POINT('',(2.60208521396521E-18,0.0295,0.00175));
#4535=CARTESIAN_POINT('',(0.004,0.0295,0.00175));
#4536=CARTESIAN_POINT('',(-0.004,0.0295,0.00175));
#4537=CARTESIAN_POINT('',(0.004,0.0265,0.00175));
#4538=CARTESIAN_POINT('',(0.007,0.0265,0.00175));
#4539=CARTESIAN_POINT('',(0.007,0.0225,0.00175));
#4540=CARTESIAN_POINT('',(0.007,0.0185,0.00175));
#4541=CARTESIAN_POINT('',(0.004,0.0185,0.00175));
#4542=CARTESIAN_POINT('',(0.004,0.0155,0.00175));
#4543=CARTESIAN_POINT('',(2.60208521396521E-18,0.0155,0.00175));
#4544=CARTESIAN_POINT('',(-0.004,0.0155,0.00175));
#4545=CARTESIAN_POINT('',(-0.004,0.0185,0.00175));
#4546=CARTESIAN_POINT('',(-0.007,0.0185,0.00175));
#4547=CARTESIAN_POINT('',(-0.007,0.0225,0.00175));
#4548=CARTESIAN_POINT('',(-0.007,0.0265,0.00175));
#4549=CARTESIAN_POINT('',(-0.004,0.0265,0.00175));
#4550=CARTESIAN_POINT('',(-5.20417042793042E-18,0.0075,0.00175));
#4551=CARTESIAN_POINT('',(0.004,0.0075,0.00175));
#4552=CARTESIAN_POINT('',(-0.004,0.0075,0.00175));
#4553=CARTESIAN_POINT('',(0.004,0.0045,0.00175));
#4554=CARTESIAN_POINT('',(0.007,0.0045,0.00175));
#4555=CARTESIAN_POINT('',(0.007,1.7347234759768E-18,0.00175));
#4556=CARTESIAN_POINT('',(0.007,-0.0045,0.00175));
#4557=CARTESIAN_POINT('',(0.004,-0.0045,0.00175));
#4558=CARTESIAN_POINT('',(0.004,-0.0075,0.00175));
#4559=CARTESIAN_POINT('',(-4.33680868994202E-18,-0.0075,0.00175));
#4560=CARTESIAN_POINT('',(-0.004,-0.0075,0.00175));
#4561=CARTESIAN_POINT('',(-0.004,-0.0045,0.00175));
#4562=CARTESIAN_POINT('',(-0.007,-0.0045,0.00175));
#4563=CARTESIAN_POINT('',(-0.007,2.60208521396521E-18,0.00175));
#4564=CARTESIAN_POINT('',(-0.007,0.0045,0.00175));
#4565=CARTESIAN_POINT('',(-0.004,0.0045,0.00175));
#4566=CARTESIAN_POINT('',(0.00675,-0.0325,0.00175));
#4567=CARTESIAN_POINT('',(0.007825,-0.0325,0.00175));
#4568=CARTESIAN_POINT('',(-0.00675,-0.0325,0.00175));
#4569=CARTESIAN_POINT('',(-0.005675,-0.0325,0.00175));
#4570=CARTESIAN_POINT('',(0.00925,-0.035625,0.00175));
#4571=CARTESIAN_POINT('',(0.01075,-0.035625,0.00175));
#4572=CARTESIAN_POINT('',(0.01075,0.,0.00175));
#4573=CARTESIAN_POINT('',(0.01075,0.035625,0.00175));
#4574=CARTESIAN_POINT('',(0.00925,0.035625,0.00175));
#4575=CARTESIAN_POINT('',(-0.00925,0.035625,0.00175));
#4576=CARTESIAN_POINT('',(-0.01075,0.035625,0.00175));
#4577=CARTESIAN_POINT('',(-0.01075,0.,0.00175));
#4578=CARTESIAN_POINT('',(-0.01075,-0.035625,0.00175));
#4579=CARTESIAN_POINT('',(-0.00925,-0.035625,0.00175));
#4580=CARTESIAN_POINT('',(0.00675,0.0325,0.00175));
#4581=CARTESIAN_POINT('',(0.007825,0.0325,0.00175));
#4582=CARTESIAN_POINT('',(-0.00675,0.0325,0.00175));
#4583=CARTESIAN_POINT('',(-0.005675,0.0325,0.00175));
#4584=CARTESIAN_POINT('',(-0.0025,-0.0115,0.00175));
#4585=CARTESIAN_POINT('',(-0.0025,-0.011,0.00175));
#4586=CARTESIAN_POINT('',(-0.0025,-0.012,0.00175));
#4587=CARTESIAN_POINT('',(-0.0015,-0.011,0.00175));
#4588=CARTESIAN_POINT('',(-0.0005,-0.011,0.00175));
#4589=CARTESIAN_POINT('',(-0.0005,-0.01,0.00175));
#4590=CARTESIAN_POINT('',(-0.0005,-0.009,0.00175));
#4591=CARTESIAN_POINT('',(-4.01154803819636E-18,-0.009,0.00175));
#4592=CARTESIAN_POINT('',(0.0005,-0.009,0.00175));
#4593=CARTESIAN_POINT('',(0.0005,-0.01,0.00175));
#4594=CARTESIAN_POINT('',(0.0005,-0.011,0.00175));
#4595=CARTESIAN_POINT('',(0.0015,-0.011,0.00175));
#4596=CARTESIAN_POINT('',(0.0025,-0.011,0.00175));
#4597=CARTESIAN_POINT('',(0.0025,-0.0115,0.00175));
#4598=CARTESIAN_POINT('',(0.0025,-0.012,0.00175));
#4599=CARTESIAN_POINT('',(0.0015,-0.012,0.00175));
#4600=CARTESIAN_POINT('',(0.0005,-0.012,0.00175));
#4601=CARTESIAN_POINT('',(0.0005,-0.013,0.00175));
#4602=CARTESIAN_POINT('',(0.0005,-0.014,0.00175));
#4603=CARTESIAN_POINT('',(-4.98732999343332E-18,-0.014,0.00175));
#4604=CARTESIAN_POINT('',(-0.0005,-0.014,0.00175));
#4605=CARTESIAN_POINT('',(-0.0005,-0.013,0.00175));
#4606=CARTESIAN_POINT('',(-0.0005,-0.012,0.00175));
#4607=CARTESIAN_POINT('',(-0.0015,-0.012,0.00175));
#4608=CARTESIAN_POINT('',(0.,0.,0.));
#4609=CARTESIAN_POINT('',(0.01175,6.65069703249894E-20,0.));
#4610=CARTESIAN_POINT('',(0.01175000025,-0.0325821702050323,1.76509313662667E-7));
#4611=CARTESIAN_POINT('',(0.01175,-0.0290480201142336,1.7650931371301E-7));
#4612=CARTESIAN_POINT('',(0.01175,-0.0325821683420067,0.));
#4613=CARTESIAN_POINT('',(-0.00775,-0.034125,0.));
#4614=CARTESIAN_POINT('',(-0.01275,-0.034125,0.));
#4615=CARTESIAN_POINT('',(-0.01275,0.,0.));
#4616=CARTESIAN_POINT('',(-0.01275,0.034125,0.));
#4617=CARTESIAN_POINT('',(-0.00775,0.034125,0.));
#4618=CARTESIAN_POINT('',(-0.00775,0.039125,0.));
#4619=CARTESIAN_POINT('',(3.46944695195361E-18,0.039125,0.));
#4620=CARTESIAN_POINT('',(0.01175,-0.0158084026157911,0.));
#4621=CARTESIAN_POINT('',(0.01175,-0.0158084007527655,1.76509313663028E-7));
#4622=CARTESIAN_POINT('',(0.01175,6.65069703249894E-20,0.));
#4623=CARTESIAN_POINT('',(0.01175000025,-0.0193425508435643,1.76509313662667E-7));
#4624=CARTESIAN_POINT('',(0.01175,-0.0193425489805386,0.));
#4625=CARTESIAN_POINT('',(0.01175,-0.0290480219772592,0.));
#4626=CARTESIAN_POINT('',(-8.67361737988404E-19,-0.0295,0.));
#4627=CARTESIAN_POINT('',(-0.004,-0.0295,0.));
#4628=CARTESIAN_POINT('',(0.004,-0.0295,0.));
#4629=CARTESIAN_POINT('',(0.004,-0.0265,0.));
#4630=CARTESIAN_POINT('',(0.007,-0.0265,0.));
#4631=CARTESIAN_POINT('',(0.007,-0.0225,0.));
#4632=CARTESIAN_POINT('',(0.007,-0.0185,0.));
#4633=CARTESIAN_POINT('',(0.004,-0.0185,0.));
#4634=CARTESIAN_POINT('',(0.004,-0.0155,0.));
#4635=CARTESIAN_POINT('',(-3.46944695195361E-18,-0.0155,0.));
#4636=CARTESIAN_POINT('',(-0.004,-0.0155,0.));
#4637=CARTESIAN_POINT('',(-0.004,-0.0185,0.));
#4638=CARTESIAN_POINT('',(-0.007,-0.0185,0.));
#4639=CARTESIAN_POINT('',(-0.007,-0.0225,0.));
#4640=CARTESIAN_POINT('',(-0.007,-0.0265,0.));
#4641=CARTESIAN_POINT('',(-0.004,-0.0265,0.));
#4642=CARTESIAN_POINT('',(2.60208521396521E-18,0.0155,0.));
#4643=CARTESIAN_POINT('',(-0.004,0.0155,0.));
#4644=CARTESIAN_POINT('',(0.004,0.0155,0.));
#4645=CARTESIAN_POINT('',(0.004,0.0185,0.));
#4646=CARTESIAN_POINT('',(0.007,0.0185,0.));
#4647=CARTESIAN_POINT('',(0.007,0.0225,0.));
#4648=CARTESIAN_POINT('',(0.007,0.0265,0.));
#4649=CARTESIAN_POINT('',(0.004,0.0265,0.));
#4650=CARTESIAN_POINT('',(0.004,0.0295,0.));
#4651=CARTESIAN_POINT('',(2.60208521396521E-18,0.0295,0.));
#4652=CARTESIAN_POINT('',(-0.004,0.0295,0.));
#4653=CARTESIAN_POINT('',(-0.004,0.0265,0.));
#4654=CARTESIAN_POINT('',(-0.007,0.0265,0.));
#4655=CARTESIAN_POINT('',(-0.007,0.0225,0.));
#4656=CARTESIAN_POINT('',(-0.007,0.0185,0.));
#4657=CARTESIAN_POINT('',(-0.004,0.0185,0.));
#4658=CARTESIAN_POINT('',(-4.33680868994202E-18,-0.0075,0.));
#4659=CARTESIAN_POINT('',(-0.004,-0.0075,0.));
#4660=CARTESIAN_POINT('',(0.004,-0.0075,0.));
#4661=CARTESIAN_POINT('',(0.004,-0.0045,0.));
#4662=CARTESIAN_POINT('',(0.007,-0.0045,0.));
#4663=CARTESIAN_POINT('',(0.007,1.7347234759768E-18,0.));
#4664=CARTESIAN_POINT('',(0.007,0.0045,0.));
#4665=CARTESIAN_POINT('',(0.004,0.0045,0.));
#4666=CARTESIAN_POINT('',(0.004,0.0075,0.));
#4667=CARTESIAN_POINT('',(-5.20417042793042E-18,0.0075,0.));
#4668=CARTESIAN_POINT('',(-0.004,0.0075,0.));
#4669=CARTESIAN_POINT('',(-0.004,0.0045,0.));
#4670=CARTESIAN_POINT('',(-0.007,0.0045,0.));
#4671=CARTESIAN_POINT('',(-0.007,2.60208521396521E-18,0.));
#4672=CARTESIAN_POINT('',(-0.007,-0.0045,0.));
#4673=CARTESIAN_POINT('',(-0.004,-0.0045,0.));
#4674=CARTESIAN_POINT('',(0.00675,0.0325,0.));
#4675=CARTESIAN_POINT('',(0.007825,0.0325,0.));
#4676=CARTESIAN_POINT('',(-0.00675,-0.0325,0.));
#4677=CARTESIAN_POINT('',(-0.005675,-0.0325,0.));
#4678=CARTESIAN_POINT('',(0.00675,-0.0325,0.));
#4679=CARTESIAN_POINT('',(0.007825,-0.0325,0.));
#4680=CARTESIAN_POINT('',(-0.00675,0.0325,0.));
#4681=CARTESIAN_POINT('',(-0.005675,0.0325,0.));
#4682=CARTESIAN_POINT('',(0.01075,0.,0.023));
#4683=CARTESIAN_POINT('',(0.01075,-0.035625,0.023));
#4684=CARTESIAN_POINT('',(0.01075,-1.56291380263725E-18,0.0485901442307692));
#4685=CARTESIAN_POINT('',(0.01075,0.035625,0.00175));
#4686=CARTESIAN_POINT('',(-0.01075,0.,0.023));
#4687=CARTESIAN_POINT('',(-0.01075,0.035625,0.023));
#4688=CARTESIAN_POINT('',(-0.01075,0.035625,0.0209503223701823));
#4689=CARTESIAN_POINT('',(-0.01075,0.029825,0.0253831544220426));
#4690=CARTESIAN_POINT('',(-0.01075,0.0355863566825905,0.0209002123996682));
#4691=CARTESIAN_POINT('',(-0.01075,-1.33013940649979E-19,0.0485901442307692));
#4692=CARTESIAN_POINT('',(-0.01075,-0.0355863566825904,0.0209002123996682));
#4693=CARTESIAN_POINT('',(-0.01075,-0.029825,0.0253831544220426));
#4694=CARTESIAN_POINT('',(-0.01075,-0.035625,0.0209503223701823));
#4695=CARTESIAN_POINT('',(-0.01075,-0.035625,0.00175));
#4696=CARTESIAN_POINT('',(-0.01275,0.,0.023));
#4697=CARTESIAN_POINT('',(-0.01275,3.75069438021536E-51,0.0485901442307692));
#4698=CARTESIAN_POINT('',(-0.01275,0.034125,0.0191180306019239));
#4699=CARTESIAN_POINT('',(-0.01275,-0.034125,0.0191180306019239));
#4700=CARTESIAN_POINT('',(-0.01275,0.034125,0.));
#4701=CARTESIAN_POINT('',(-0.01275,-0.034125,0.023));
#4702=CARTESIAN_POINT('',(3.46944695195361E-18,0.039125,0.023));
#4703=CARTESIAN_POINT('',(-1.7347234759768E-18,0.039125,0.017875));
#4704=CARTESIAN_POINT('',(-0.00525,0.039125,0.017875));
#4705=CARTESIAN_POINT('',(0.00525,0.039125,0.017875));
#4706=CARTESIAN_POINT('',(0.00525,0.039125,0.018375));
#4707=CARTESIAN_POINT('',(0.00525,0.039125,0.018875));
#4708=CARTESIAN_POINT('',(-8.67361737988404E-19,0.039125,0.018875));
#4709=CARTESIAN_POINT('',(-0.00525,0.039125,0.018875));
#4710=CARTESIAN_POINT('',(-0.00525,0.039125,0.018375));
#4711=CARTESIAN_POINT('',(0.00525,0.039125,0.006375));
#4712=CARTESIAN_POINT('',(0.00525,0.039125,0.005875));
#4713=CARTESIAN_POINT('',(0.00525,0.039125,0.006875));
#4714=CARTESIAN_POINT('',(0.,0.039125,0.006875));
#4715=CARTESIAN_POINT('',(-0.00525,0.039125,0.006875));
#4716=CARTESIAN_POINT('',(-0.00525,0.039125,0.006375));
#4717=CARTESIAN_POINT('',(-0.00525,0.039125,0.005875));
#4718=CARTESIAN_POINT('',(0.,0.039125,0.005875));
#4719=CARTESIAN_POINT('',(-0.00775,0.039125,0.023));
#4720=CARTESIAN_POINT('',(0.,0.035125,0.006875));
#4721=CARTESIAN_POINT('',(0.00525,0.039127,0.006875));
#4722=CARTESIAN_POINT('',(0.,0.037125,0.006875));
#4723=CARTESIAN_POINT('',(-0.00525,0.039127,0.006875));
#4724=CARTESIAN_POINT('',(-1.7347234759768E-18,0.035125,0.017875));
#4725=CARTESIAN_POINT('',(-0.00525,0.039127,0.017875));
#4726=CARTESIAN_POINT('',(0.00525,0.037125,0.017875));
#4727=CARTESIAN_POINT('',(0.00525,0.039127,0.017875));
#4728=CARTESIAN_POINT('',(3.46944695195361E-18,0.035125,0.012375));
#4729=CARTESIAN_POINT('',(0.00525,0.035125,0.012375));
#4730=CARTESIAN_POINT('',(0.00525,0.035125,0.008875));
#4731=CARTESIAN_POINT('',(0.00525,0.035125,0.015875));
#4732=CARTESIAN_POINT('',(-0.00525,0.035125,0.015875));
#4733=CARTESIAN_POINT('',(-0.00525,0.035125,0.015875));
#4734=CARTESIAN_POINT('',(-0.00525,0.035125,0.012375));
#4735=CARTESIAN_POINT('',(-0.00525,0.035125,0.008875));
#4736=CARTESIAN_POINT('',(4.04768811061255E-18,0.035125,0.008875));
#4737=CARTESIAN_POINT('',(-1.7347234759768E-18,-0.035125,0.006875));
#4738=CARTESIAN_POINT('',(-0.00525,-0.039127,0.006875));
#4739=CARTESIAN_POINT('',(-1.7347234759768E-18,-0.037125,0.006875));
#4740=CARTESIAN_POINT('',(0.00525,-0.039127,0.006875));
#4741=CARTESIAN_POINT('',(-8.67361737988404E-19,-0.035125,0.017875));
#4742=CARTESIAN_POINT('',(0.00525,-0.039127,0.017875));
#4743=CARTESIAN_POINT('',(-0.00525,-0.037125,0.017875));
#4744=CARTESIAN_POINT('',(-0.00525,-0.039127,0.017875));
#4745=CARTESIAN_POINT('',(0.005,-0.041125,0.017875));
#4746=CARTESIAN_POINT('',(0.,-0.035125,0.012375));
#4747=CARTESIAN_POINT('',(-0.00525,-0.035125,0.012375));
#4748=CARTESIAN_POINT('',(-0.00525,-0.035125,0.008875));
#4749=CARTESIAN_POINT('',(-0.00525,-0.035125,0.015875));
#4750=CARTESIAN_POINT('',(0.00525,-0.035125,0.015875));
#4751=CARTESIAN_POINT('',(0.00525,-0.035125,0.015875));
#4752=CARTESIAN_POINT('',(0.00525,-0.035125,0.012375));
#4753=CARTESIAN_POINT('',(0.00525,-0.035125,0.008875));
#4754=CARTESIAN_POINT('',(-5.78241158658936E-19,-0.035125,0.008875));
#4755=CARTESIAN_POINT('',(-0.00525,-0.039127,0.018375));
#4756=CARTESIAN_POINT('',(-0.00525,-0.039127,0.018875));
#4757=CARTESIAN_POINT('',(-8.67361737988404E-19,-0.039127,0.018875));
#4758=CARTESIAN_POINT('',(0.00525,-0.039127,0.018875));
#4759=CARTESIAN_POINT('',(0.00525,-0.039127,0.018375));
#4760=CARTESIAN_POINT('',(-0.00525,-0.039127,0.006375));
#4761=CARTESIAN_POINT('',(-0.00525,-0.039127,0.005875));
#4762=CARTESIAN_POINT('',(0.00525,-0.039127,0.006375));
#4763=CARTESIAN_POINT('',(0.00525,-0.039127,0.005875));
#4764=CARTESIAN_POINT('',(-2.60208521396521E-18,-0.039127,0.005875));
#4765=CARTESIAN_POINT('',(-0.00525,0.039127,0.006375));
#4766=CARTESIAN_POINT('',(-0.00525,0.039127,0.005875));
#4767=CARTESIAN_POINT('',(0.00525,0.039127,0.006375));
#4768=CARTESIAN_POINT('',(0.00525,0.039127,0.005875));
#4769=CARTESIAN_POINT('',(0.,0.039127,0.005875));
#4770=CARTESIAN_POINT('',(0.00525,0.039127,0.018375));
#4771=CARTESIAN_POINT('',(0.00525,0.039127,0.018875));
#4772=CARTESIAN_POINT('',(-8.67361737988404E-19,0.039127,0.018875));
#4773=CARTESIAN_POINT('',(-0.00525,0.039127,0.018875));
#4774=CARTESIAN_POINT('',(-0.00525,0.039127,0.018375));
#4775=CARTESIAN_POINT('',(0.0727135692642502,-5.68392306492516E-18,0.0485901442307692));
#4776=CARTESIAN_POINT('',(0.0727135692642502,-5.68392306492516E-18,0.0485901442307692));
#4777=CARTESIAN_POINT('',(0.0727135692642502,0.0355863566825904,0.0209002123996682));
#4778=CARTESIAN_POINT('',(-0.0125316771792174,0.0355863566825904,0.0209002123996682));
#4779=CARTESIAN_POINT('',(-0.0125316771792174,0.0355863566825905,0.0209002123996682));
#4780=CARTESIAN_POINT('',(-0.0126731307764006,0.0351235090796561,0.0203053730917143));
#4781=CARTESIAN_POINT('',(-0.01275,0.0346324644397931,0.0197056105843447));
#4782=CARTESIAN_POINT('',(-0.01275,0.034125,0.0191180306019239));
#4783=CARTESIAN_POINT('',(-0.01275,-0.034125,0.0191180306019239));
#4784=CARTESIAN_POINT('',(-0.01275,-0.0346353814319365,0.0197089880942901));
#4785=CARTESIAN_POINT('',(-0.012673699414993,-0.0351216484482216,0.0203029818581682));
#4786=CARTESIAN_POINT('',(-0.0125316771792174,-0.0355863566825905,0.0209002123996682));
#4787=CARTESIAN_POINT('',(-0.0125316771792174,-0.0355863566825904,0.0209002123996682));
#4788=CARTESIAN_POINT('',(0.0727135692642502,-0.0355863566825904,0.0209002123996682));
#4789=CARTESIAN_POINT('',(-0.00675,-0.0325,-2.00000000000005E-6));
#4790=CARTESIAN_POINT('',(0.00675,-0.0325,-2.00000000000005E-6));
#4791=CARTESIAN_POINT('',(0.00675,0.0325,-2.00000000000005E-6));
#4792=CARTESIAN_POINT('',(-0.00675,0.0325,-2.00000000000005E-6));
#4793=CARTESIAN_POINT('',(0.,-0.035125,0.015875));
#4794=CARTESIAN_POINT('',(-0.00408333333333334,-0.0339583333333333,0.0147083333333333));
#4795=CARTESIAN_POINT('',(0.00895833333333333,-0.0388333333333334,0.0195833333333334));
#4796=CARTESIAN_POINT('',(-1.7347234759768E-18,-0.037125,0.006875));
#4797=CARTESIAN_POINT('',(-0.00408333333333334,-0.0339583333333333,0.0100416666666667));
#4798=CARTESIAN_POINT('',(0.001875,-0.03175,0.01225));
#4799=CARTESIAN_POINT('',(3.46944695195361E-18,0.035125,0.015875));
#4800=CARTESIAN_POINT('',(0.00408333333333334,0.0339583333333333,0.0147083333333333));
#4801=CARTESIAN_POINT('',(-0.00895833333333334,0.0388333333333334,0.0195833333333334));
#4802=CARTESIAN_POINT('',(0.,0.037125,0.006875));
#4803=CARTESIAN_POINT('',(0.00408333333333334,0.0339583333333333,0.0100416666666667));
#4804=CARTESIAN_POINT('',(-0.001875,0.03175,0.01225));
#4805=CARTESIAN_POINT('',(0.00725,-0.037125,0.023));
#4806=CARTESIAN_POINT('',(-0.00525,-0.035125,0.012375));
#4807=CARTESIAN_POINT('',(-0.00725,0.037125,0.023));
#4808=CARTESIAN_POINT('',(0.00525,0.035125,0.012375));
#4809=CARTESIAN_POINT('',(-5.20417042793042E-18,0.0075,-2.00000000000005E-6));
#4810=CARTESIAN_POINT('',(0.004,0.0075,-2.00000000000005E-6));
#4811=CARTESIAN_POINT('',(-0.004,0.0075,0.));
#4812=CARTESIAN_POINT('',(0.007,1.7347234759768E-18,-2.00000000000005E-6));
#4813=CARTESIAN_POINT('',(0.007,-0.0045,0.00175));
#4814=CARTESIAN_POINT('',(0.007,0.0045,-2.00000000000005E-6));
#4815=CARTESIAN_POINT('',(-0.007,2.60208521396521E-18,-2.00000000000005E-6));
#4816=CARTESIAN_POINT('',(-0.007,-0.0045,-2.00000000000005E-6));
#4817=CARTESIAN_POINT('',(-0.007,0.0045,0.00175));
#4818=CARTESIAN_POINT('',(-4.33680868994202E-18,-0.0075,-2.00000000000005E-6));
#4819=CARTESIAN_POINT('',(-0.004,-0.0075,-2.00000000000005E-6));
#4820=CARTESIAN_POINT('',(0.004,-0.0075,0.));
#4821=CARTESIAN_POINT('',(2.60208521396521E-18,0.0295,-2.00000000000005E-6));
#4822=CARTESIAN_POINT('',(-0.004,0.0295,0.));
#4823=CARTESIAN_POINT('',(0.004,0.0295,-2.00000000000005E-6));
#4824=CARTESIAN_POINT('',(0.007,0.0225,-2.00000000000005E-6));
#4825=CARTESIAN_POINT('',(0.007,0.0265,-2.00000000000005E-6));
#4826=CARTESIAN_POINT('',(0.007,0.0185,0.00175));
#4827=CARTESIAN_POINT('',(-0.007,0.0225,-2.00000000000005E-6));
#4828=CARTESIAN_POINT('',(-0.007,0.0185,-2.00000000000005E-6));
#4829=CARTESIAN_POINT('',(-0.007,0.0265,0.00175));
#4830=CARTESIAN_POINT('',(2.60208521396521E-18,0.0155,-2.00000000000005E-6));
#4831=CARTESIAN_POINT('',(-0.004,0.0155,-2.00000000000005E-6));
#4832=CARTESIAN_POINT('',(0.004,0.0155,0.));
#4833=CARTESIAN_POINT('',(-3.46944695195361E-18,-0.0155,-2.00000000000005E-6));
#4834=CARTESIAN_POINT('',(-0.004,-0.0155,0.));
#4835=CARTESIAN_POINT('',(0.004,-0.0155,-2.00000000000005E-6));
#4836=CARTESIAN_POINT('',(0.007,-0.0225,-2.00000000000005E-6));
#4837=CARTESIAN_POINT('',(0.007,-0.0185,-2.00000000000005E-6));
#4838=CARTESIAN_POINT('',(0.007,-0.0265,0.00175));
#4839=CARTESIAN_POINT('',(-0.007,-0.0225,-2.00000000000005E-6));
#4840=CARTESIAN_POINT('',(-0.007,-0.0185,0.00175));
#4841=CARTESIAN_POINT('',(-0.007,-0.0265,-2.00000000000005E-6));
#4842=CARTESIAN_POINT('',(-8.67361737988404E-19,-0.0295,-2.00000000000005E-6));
#4843=CARTESIAN_POINT('',(0.004,-0.0295,0.));
#4844=CARTESIAN_POINT('',(-0.004,-0.0295,-2.00000000000005E-6));
#4845=CARTESIAN_POINT('',(-0.0015,-0.011,0.00125));
#4846=CARTESIAN_POINT('',(-0.0025,-0.011,0.00125));
#4847=CARTESIAN_POINT('',(-0.0025,-0.011,0.00125));
#4848=CARTESIAN_POINT('',(-0.0015,-0.011,0.00125));
#4849=CARTESIAN_POINT('',(-0.0005,-0.011,0.00125));
#4850=CARTESIAN_POINT('',(-0.0005,-0.011,0.00125));
#4851=CARTESIAN_POINT('',(-0.0025,-0.0115,0.00125));
#4852=CARTESIAN_POINT('',(-0.0025,-0.012,0.00125));
#4853=CARTESIAN_POINT('',(-0.0025,-0.012,0.00125));
#4854=CARTESIAN_POINT('',(-0.0025,-0.0115,0.00125));
#4855=CARTESIAN_POINT('',(-0.0015,-0.012,0.00125));
#4856=CARTESIAN_POINT('',(-0.0005,-0.012,0.00125));
#4857=CARTESIAN_POINT('',(-0.0005,-0.012,0.00125));
#4858=CARTESIAN_POINT('',(-0.0015,-0.012,0.00125));
#4859=CARTESIAN_POINT('',(-0.0005,-0.013,0.00125));
#4860=CARTESIAN_POINT('',(-0.0005,-0.014,0.00125));
#4861=CARTESIAN_POINT('',(-0.0005,-0.014,0.00125));
#4862=CARTESIAN_POINT('',(-0.0005,-0.013,0.00125));
#4863=CARTESIAN_POINT('',(-4.98732999343332E-18,-0.014,0.00125));
#4864=CARTESIAN_POINT('',(0.0005,-0.014,0.00125));
#4865=CARTESIAN_POINT('',(0.0005,-0.014,0.00125));
#4866=CARTESIAN_POINT('',(-4.98732999343332E-18,-0.014,0.00125));
#4867=CARTESIAN_POINT('',(0.0005,-0.013,0.00125));
#4868=CARTESIAN_POINT('',(0.0005,-0.012,0.00125));
#4869=CARTESIAN_POINT('',(0.0005,-0.012,0.00125));
#4870=CARTESIAN_POINT('',(0.0005,-0.013,0.00125));
#4871=CARTESIAN_POINT('',(0.0015,-0.012,0.00125));
#4872=CARTESIAN_POINT('',(0.0025,-0.012,0.00125));
#4873=CARTESIAN_POINT('',(0.0025,-0.012,0.00125));
#4874=CARTESIAN_POINT('',(0.0015,-0.012,0.00125));
#4875=CARTESIAN_POINT('',(0.0025,-0.0115,0.00125));
#4876=CARTESIAN_POINT('',(0.0025,-0.011,0.00125));
#4877=CARTESIAN_POINT('',(0.0025,-0.011,0.00125));
#4878=CARTESIAN_POINT('',(0.0025,-0.0115,0.00125));
#4879=CARTESIAN_POINT('',(0.0015,-0.011,0.00125));
#4880=CARTESIAN_POINT('',(0.0005,-0.011,0.00125));
#4881=CARTESIAN_POINT('',(0.0005,-0.011,0.00125));
#4882=CARTESIAN_POINT('',(0.0015,-0.011,0.00125));
#4883=CARTESIAN_POINT('',(0.0005,-0.01,0.00125));
#4884=CARTESIAN_POINT('',(0.0005,-0.009,0.00125));
#4885=CARTESIAN_POINT('',(0.0005,-0.009,0.00125));
#4886=CARTESIAN_POINT('',(0.0005,-0.01,0.00125));
#4887=CARTESIAN_POINT('',(-4.01154803819636E-18,-0.009,0.00125));
#4888=CARTESIAN_POINT('',(-0.0005,-0.009,0.00125));
#4889=CARTESIAN_POINT('',(-0.0005,-0.009,0.00125));
#4890=CARTESIAN_POINT('',(-4.01154803819636E-18,-0.009,0.00125));
#4891=CARTESIAN_POINT('',(-0.0005,-0.01,0.00125));
#4892=CARTESIAN_POINT('',(-0.0005,-0.01,0.00125));
#4893=CARTESIAN_POINT('',(0.,0.,0.00125));
#4894=CARTESIAN_POINT('',(3.90312782094781E-18,0.011,0.00125));
#4895=CARTESIAN_POINT('',(0.0025,0.011,0.00125));
#4896=CARTESIAN_POINT('',(0.0025,0.011,0.00125));
#4897=CARTESIAN_POINT('',(3.90312782094781E-18,0.011,0.00125));
#4898=CARTESIAN_POINT('',(-0.0025,0.011,0.00125));
#4899=CARTESIAN_POINT('',(-0.0025,0.011,0.00125));
#4900=CARTESIAN_POINT('',(0.0025,0.0115,0.00125));
#4901=CARTESIAN_POINT('',(0.0025,0.012,0.00125));
#4902=CARTESIAN_POINT('',(0.0025,0.012,0.00125));
#4903=CARTESIAN_POINT('',(0.0025,0.0115,0.00125));
#4904=CARTESIAN_POINT('',(5.20417042793042E-18,0.012,0.00125));
#4905=CARTESIAN_POINT('',(-0.0025,0.012,0.00125));
#4906=CARTESIAN_POINT('',(-0.0025,0.012,0.00125));
#4907=CARTESIAN_POINT('',(5.20417042793042E-18,0.012,0.00125));
#4908=CARTESIAN_POINT('',(-0.0025,0.0115,0.00125));
#4909=CARTESIAN_POINT('',(-0.0025,0.0115,0.00125));
#4910=CARTESIAN_POINT('',(0.,0.,0.00125));
#4911=CARTESIAN_POINT('',(-0.00775,-0.034125,0.023));
#4912=CARTESIAN_POINT('',(-0.00775,-0.034125,0.021));
#4913=CARTESIAN_POINT('',(-0.0118695133531524,-0.0369586566011426,0.0238336566011426));
#4914=CARTESIAN_POINT('',(-0.0118695133531524,-0.0369586566011427,0.0238336566011426));
#4915=CARTESIAN_POINT('',(-0.012029207817671,-0.0367264959791592,0.0227648237630454));
#4916=CARTESIAN_POINT('',(-0.0123256576300857,-0.036260469298827,0.0217665638284819));
#4917=CARTESIAN_POINT('',(-0.0125316771792174,-0.0355863566825904,0.0209002123996682));
#4918=CARTESIAN_POINT('',(0.00925,-0.035625,0.023));
#4919=CARTESIAN_POINT('',(-0.00925,-0.035625,0.023));
#4920=CARTESIAN_POINT('',(-0.01075,-0.035625,0.0209503223701823));
#4921=CARTESIAN_POINT('',(-0.01075,-0.0361399229808341,0.0216240571866378));
#4922=CARTESIAN_POINT('',(-0.010287046731289,-0.0368889729956829,0.0230891949008304));
#4923=CARTESIAN_POINT('',(-0.00959538883760181,-0.037125,0.0246212069173471));
#4924=CARTESIAN_POINT('',(-0.00925,-0.037125,0.0253831544220426));
#4925=CARTESIAN_POINT('',(0.00925,0.035625,0.023));
#4926=CARTESIAN_POINT('',(-0.00925,0.035625,0.023));
#4927=CARTESIAN_POINT('',(-0.01075,0.035625,0.0209503223701823));
#4928=CARTESIAN_POINT('',(-0.01075,0.0361399229808342,0.0216240571866378));
#4929=CARTESIAN_POINT('',(-0.0102870467313357,0.0368889729956829,0.0230891949008515));
#4930=CARTESIAN_POINT('',(-0.00959538883750855,0.037125,0.0246212069173049));
#4931=CARTESIAN_POINT('',(-0.00925,0.037125,0.0253831544220427));
#4932=CARTESIAN_POINT('',(-8.67361737988404E-19,-0.041125,0.014875));
#4933=CARTESIAN_POINT('',(-8.67361737988404E-19,-0.040625,0.014875));
#4934=CARTESIAN_POINT('',(0.005,-0.040625,0.014875));
#4935=CARTESIAN_POINT('',(0.005,-0.041125,0.014875));
#4936=CARTESIAN_POINT('',(0.005,-0.041125,0.016375));
#4937=CARTESIAN_POINT('',(0.005,-0.0462688206205786,0.0130028024037047));
#4938=CARTESIAN_POINT('',(0.005,-0.040625,0.014875));
#4939=CARTESIAN_POINT('',(0.0015,-0.032584425360347,-0.0261022247030452));
#4940=CARTESIAN_POINT('',(0.0015,-0.0335094759445762,-0.0264389155808952));
#4941=CARTESIAN_POINT('',(0.0015,-0.0316593747761179,-0.0257655338251952));
#4942=CARTESIAN_POINT('',(-0.0015,-0.032584425360347,-0.0261022247030452));
#4943=CARTESIAN_POINT('',(-0.0015,-0.0316593747761179,-0.0257655338251952));
#4944=CARTESIAN_POINT('',(-0.0015,-0.0335094759445762,-0.0264389155808952));
#4945=CARTESIAN_POINT('',(-2.43864551187962E-18,-0.0297507054614326,-0.0250708350075925));
#4946=CARTESIAN_POINT('',(-8.67361737988404E-19,-0.040625,0.014875));
#4947=CARTESIAN_POINT('',(0.02,-0.0481604502590224,0.0138143055210554));
#4948=CARTESIAN_POINT('',(0.0035,-0.0486425409662873,0.0151388388533946));
#4949=CARTESIAN_POINT('',(0.02,-0.0481604502590224,0.0138143055210554));
#4950=CARTESIAN_POINT('',(-0.0035,-0.0481604502590224,0.0138143055210554));
#4951=CARTESIAN_POINT('',(0.0035,-0.0481604502590224,0.0138143055210554));
#4952=CARTESIAN_POINT('',(-0.0035,-0.0481604502590224,0.0138143055210554));
#4953=CARTESIAN_POINT('',(-0.00775,0.034125,0.023));
#4954=CARTESIAN_POINT('',(-0.00775,0.034125,0.021));
#4955=CARTESIAN_POINT('',(-0.0118695133531524,0.0369586566011426,0.0238336566011427));
#4956=CARTESIAN_POINT('',(-0.0125316771792174,0.0355863566825905,0.0209002123996682));
#4957=CARTESIAN_POINT('',(-0.0123248353866352,0.0362631597458546,0.0217700215187407));
#4958=CARTESIAN_POINT('',(-0.012029243966178,0.0367264434271819,0.0227645818215891));
#4959=CARTESIAN_POINT('',(-0.0118695133531524,0.0369586566011427,0.0238336566011427));
#4960=CARTESIAN_POINT('',(0.0727135692642502,0.029825,0.0253831544220426));
#4961=CARTESIAN_POINT('',(-0.0101558173896886,0.037125,0.0253831544220426));
#4962=CARTESIAN_POINT('',(-0.0108459635646911,0.037125,0.0250043483136158));
#4963=CARTESIAN_POINT('',(-0.011437046788015,0.0370952186435362,0.0244623678532954));
#4964=CARTESIAN_POINT('',(-0.0118695133531523,0.0369586566011427,0.0238336566011427));
#4965=CARTESIAN_POINT('',(0.0727135692642502,-0.029825,0.0253831544220426));
#4966=CARTESIAN_POINT('',(-0.0118695133531524,-0.0369586566011427,0.0238336566011426));
#4967=CARTESIAN_POINT('',(-0.0114363434780974,-0.0370954407310836,0.0244633903112022));
#4968=CARTESIAN_POINT('',(-0.0108460772264741,-0.037125,0.0250042859271544));
#4969=CARTESIAN_POINT('',(-0.0101558173896887,-0.037125,0.0253831544220426));
#4970=CARTESIAN_POINT('',(0.00775,-0.0559081090170644,0.021));
#4971=CARTESIAN_POINT('',(-0.00775,-0.0559081090170644,0.021));
#4972=CARTESIAN_POINT('',(-0.00775,-0.0559081090170644,0.021));
#4973=CARTESIAN_POINT('',(0.00775,-0.0559081090170644,0.021));
#4974=CARTESIAN_POINT('',(-0.004,-0.0185,-2.00000000000005E-6));
#4975=CARTESIAN_POINT('',(0.004,-0.0185,-2.00000000000005E-6));
#4976=CARTESIAN_POINT('',(0.004,-0.0265,-2.00000000000005E-6));
#4977=CARTESIAN_POINT('',(-0.004,-0.0265,-2.00000000000005E-6));
#4978=CARTESIAN_POINT('',(-0.004,-0.0045,-2.00000000000005E-6));
#4979=CARTESIAN_POINT('',(0.004,-0.0045,-2.00000000000005E-6));
#4980=CARTESIAN_POINT('',(0.004,0.0045,-2.00000000000005E-6));
#4981=CARTESIAN_POINT('',(-0.004,0.0045,-2.00000000000005E-6));
#4982=CARTESIAN_POINT('',(-0.004,0.0185,-2.00000000000005E-6));
#4983=CARTESIAN_POINT('',(-0.004,0.0265,-2.00000000000005E-6));
#4984=CARTESIAN_POINT('',(0.004,0.0265,-2.00000000000005E-6));
#4985=CARTESIAN_POINT('',(0.004,0.0185,-2.00000000000005E-6));
#4986=CARTESIAN_POINT('',(0.01175,-0.0193987655186841,0.0034579417241502));
#4987=CARTESIAN_POINT('',(0.01175,-0.0193987655186841,0.00575657350609974));
#4988=CARTESIAN_POINT('',(0.01175,-0.0193987655186841,0.00575657350609974));
#4989=CARTESIAN_POINT('',(0.01175,-0.0193987655186841,0.0034579417241502));
#4990=CARTESIAN_POINT('',(0.01175000025,-0.0193987360514941,0.00115930941017121));
#4991=CARTESIAN_POINT('',(0.01175,-0.0193987655186841,0.00115930994220064));
#4992=CARTESIAN_POINT('',(0.01175,-0.0199259517208486,0.00575657350609974));
#4993=CARTESIAN_POINT('',(0.01175,-0.0204531379230131,0.00575657350609974));
#4994=CARTESIAN_POINT('',(0.01175,-0.0204531379230131,0.00575657350609974));
#4995=CARTESIAN_POINT('',(0.01175,-0.0199259517208486,0.00575657350609974));
#4996=CARTESIAN_POINT('',(0.01175,-0.0204531379230131,0.00343420585248876));
#4997=CARTESIAN_POINT('',(0.01175,-0.0204531379230131,0.00111183819887777));
#4998=CARTESIAN_POINT('',(0.01175,-0.0204529465114979,0.001111836055109));
#4999=CARTESIAN_POINT('',(0.01175,-0.0204531379230131,0.00343420585248876));
#5000=CARTESIAN_POINT('',(0.01175,-0.0193966641225842,0.00110000591421621));
#5001=CARTESIAN_POINT('',(0.01175,-0.0203013532700203,0.000555294471237269));
#5002=CARTESIAN_POINT('',(0.01175,-0.0203013758037414,0.000555280610778546));
#5003=CARTESIAN_POINT('',(0.01175,-0.0193966641225842,0.00110000591421621));
#5004=CARTESIAN_POINT('',(0.01175,-0.0192982479067766,0.00115489001623655));
#5005=CARTESIAN_POINT('',(0.01175,-0.0198978434517759,0.000151784652992865));
#5006=CARTESIAN_POINT('',(0.01175,-0.0198978495343381,0.00015177505800238));
#5007=CARTESIAN_POINT('',(0.01175,-0.0192982479067766,0.00115489001623655));
#5008=CARTESIAN_POINT('',(0.01175,-0.0193536753912939,0.00105415356147608));
#5009=CARTESIAN_POINT('',(0.01175,-0.0193536753912939,0.00105415356147608));
#5010=CARTESIAN_POINT('',(0.01175,-0.0157972762050359,0.00105415356147617));
#5011=CARTESIAN_POINT('',(0.01175,-0.0152531081445539,0.000151784652992865));
#5012=CARTESIAN_POINT('',(0.01175,-0.0152531000553375,0.000151771717648369));
#5013=CARTESIAN_POINT('',(0.01175,-0.0157972762050359,0.00105415356147617));
#5014=CARTESIAN_POINT('',(0.01175,-0.0158556473440982,0.0011593515872411));
#5015=CARTESIAN_POINT('',(0.01175,-0.0148489736981078,0.000555294471237269));
#5016=CARTESIAN_POINT('',(0.01175,-0.0148489572655699,0.000555284243834459));
#5017=CARTESIAN_POINT('',(0.01175,-0.0158556473440982,0.0011593515872411));
#5018=CARTESIAN_POINT('',(0.01175,-0.0157497351677397,0.00110014533385572));
#5019=CARTESIAN_POINT('',(0.01175,-0.0146965644169134,0.00111183819887777));
#5020=CARTESIAN_POINT('',(0.01175000025,-0.0146967531339794,0.00111183610363996));
#5021=CARTESIAN_POINT('',(0.01175,-0.0157497351677397,0.00110014533385572));
#5022=CARTESIAN_POINT('',(0.01175,-0.0146965644169134,0.00343420585248876));
#5023=CARTESIAN_POINT('',(0.01175,-0.0146965644169134,0.00575657350609974));
#5024=CARTESIAN_POINT('',(0.01175,-0.0146965644169134,0.00575657350609974));
#5025=CARTESIAN_POINT('',(0.01175,-0.0146965644169134,0.00343420585248876));
#5026=CARTESIAN_POINT('',(0.01175,-0.0152287476446908,0.00575657350609974));
#5027=CARTESIAN_POINT('',(0.01175,-0.0157609308724682,0.00575657350609974));
#5028=CARTESIAN_POINT('',(0.01175,-0.0157609308724682,0.00575657350609974));
#5029=CARTESIAN_POINT('',(0.01175,-0.0152287476446908,0.00575657350609974));
#5030=CARTESIAN_POINT('',(0.01175,-0.0157609308724682,0.0034579417241502));
#5031=CARTESIAN_POINT('',(0.01175,-0.0157609308724682,0.00115930994220064));
#5032=CARTESIAN_POINT('',(0.01175,-0.0157609126515059,0.00115911724834201));
#5033=CARTESIAN_POINT('',(0.01175,-0.0157609308724682,0.0034579417241502));
#5034=CARTESIAN_POINT('',(0.01175,-0.0158482411561892,0.00115892447658151));
#5035=CARTESIAN_POINT('',(0.01175,-0.0157927869107507,0.00109122546822442));
#5036=CARTESIAN_POINT('',(0.01175,-0.0157928391046017,0.00109128951703126));
#5037=CARTESIAN_POINT('',(0.01175,-0.0158482411561892,0.00115892447658151));
#5038=CARTESIAN_POINT('',(0.01175,-0.0158647272953351,0.00116860936200865));
#5039=CARTESIAN_POINT('',(0.01175,-0.0158646191539366,0.00106311719915167));
#5040=CARTESIAN_POINT('',(0.01175000025,-0.0158646191316278,0.0010630954368137));
#5041=CARTESIAN_POINT('',(0.01175,-0.0158647272953351,0.00116860936200865));
#5042=CARTESIAN_POINT('',(0.01175,-0.0175835959647858,0.00106311719915167));
#5043=CARTESIAN_POINT('',(0.01175,-0.0193025727756351,0.00106311719915167));
#5044=CARTESIAN_POINT('',(0.01175,-0.0193025733076645,0.00106314666634159));
#5045=CARTESIAN_POINT('',(0.01175,-0.0175835959647858,0.00106311719915167));
#5046=CARTESIAN_POINT('',(0.01175,-0.0193042432215064,0.00115563716684904));
#5047=CARTESIAN_POINT('',(0.01175,-0.0193706267340933,0.00109125506457339));
#5048=CARTESIAN_POINT('',(0.01175,-0.019370626967406,0.00109125529084706));
#5049=CARTESIAN_POINT('',(0.01175,-0.0193042432215064,0.00115563716684904));
#5050=CARTESIAN_POINT('',(0.01175,-0.0193062455509883,0.00115763949632866));
#5051=CARTESIAN_POINT('',(0.01175,-0.0193062455509883,0.00115763949632866));
#5052=CARTESIAN_POINT('',(0.01175,-7.81456901318626E-19,0.00903120447059581));
#5053=CARTESIAN_POINT('',(0.01175,-0.0326383848801522,0.0034579417241502));
#5054=CARTESIAN_POINT('',(0.01175,-0.0326383848801522,0.00575657350609974));
#5055=CARTESIAN_POINT('',(0.01175,-0.0326383848801522,0.00575657350609974));
#5056=CARTESIAN_POINT('',(0.01175,-0.0326383848801522,0.0034579417241502));
#5057=CARTESIAN_POINT('',(0.01175000025,-0.0326383554129623,0.00115930941017121));
#5058=CARTESIAN_POINT('',(0.01175,-0.0326383848801522,0.00115930994220064));
#5059=CARTESIAN_POINT('',(0.01175,-0.0331655710823167,0.00575657350609974));
#5060=CARTESIAN_POINT('',(0.01175,-0.0336927572844812,0.00575657350609974));
#5061=CARTESIAN_POINT('',(0.01175,-0.0336927572844812,0.00575657350609974));
#5062=CARTESIAN_POINT('',(0.01175,-0.0331655710823167,0.00575657350609974));
#5063=CARTESIAN_POINT('',(0.01175,-0.0336927572844812,0.00343420585248876));
#5064=CARTESIAN_POINT('',(0.01175,-0.0336927572844812,0.00111183819887777));
#5065=CARTESIAN_POINT('',(0.01175,-0.0336925658729661,0.001111836055109));
#5066=CARTESIAN_POINT('',(0.01175,-0.0336927572844812,0.00343420585248876));
#5067=CARTESIAN_POINT('',(0.01175,-0.0326362834840526,0.00110000591421624));
#5068=CARTESIAN_POINT('',(0.01175,-0.0335409726314883,0.000555294471237269));
#5069=CARTESIAN_POINT('',(0.01175,-0.0335409951652095,0.000555280610778547));
#5070=CARTESIAN_POINT('',(0.01175,-0.0326362834840526,0.00110000591421624));
#5071=CARTESIAN_POINT('',(0.01175,-0.0325378672682446,0.00115489001623657));
#5072=CARTESIAN_POINT('',(0.01175,-0.033137462813244,0.000151784652992865));
#5073=CARTESIAN_POINT('',(0.01175,-0.0331374688958062,0.000151775058002378));
#5074=CARTESIAN_POINT('',(0.01175,-0.0325378672682446,0.00115489001623657));
#5075=CARTESIAN_POINT('',(0.01175,-0.032593294752762,0.00105415356147609));
#5076=CARTESIAN_POINT('',(0.01175,-0.032593294752762,0.00105415356147609));
#5077=CARTESIAN_POINT('',(0.01175,-0.0290368955665032,0.00105415356147367));
#5078=CARTESIAN_POINT('',(0.01175,-0.028492727506022,0.000151784652992865));
#5079=CARTESIAN_POINT('',(0.01175,-0.0284927194168057,0.000151771717648377));
#5080=CARTESIAN_POINT('',(0.01175,-0.0290368955665032,0.00105415356147367));
#5081=CARTESIAN_POINT('',(0.01175,-0.0290952667055663,0.00115935158724119));
#5082=CARTESIAN_POINT('',(0.01175,-0.0280885930595759,0.000555294471237269));
#5083=CARTESIAN_POINT('',(0.01175,-0.028088576627038,0.000555284243834457));
#5084=CARTESIAN_POINT('',(0.01175,-0.0290952667055663,0.00115935158724119));
#5085=CARTESIAN_POINT('',(0.01175,-0.028989354529208,0.0011001453338557));
#5086=CARTESIAN_POINT('',(0.01175,-0.0279361837783815,0.00111183819887777));
#5087=CARTESIAN_POINT('',(0.01175000025,-0.0279363724954475,0.00111183610363996));
#5088=CARTESIAN_POINT('',(0.01175,-0.028989354529208,0.0011001453338557));
#5089=CARTESIAN_POINT('',(0.01175,-0.0279361837783815,0.00343420585248876));
#5090=CARTESIAN_POINT('',(0.01175,-0.0279361837783815,0.00575657350609974));
#5091=CARTESIAN_POINT('',(0.01175,-0.0279361837783815,0.00575657350609974));
#5092=CARTESIAN_POINT('',(0.01175,-0.0279361837783815,0.00343420585248876));
#5093=CARTESIAN_POINT('',(0.01175,-0.0284683670061589,0.00575657350609974));
#5094=CARTESIAN_POINT('',(0.01175,-0.0290005502339364,0.00575657350609974));
#5095=CARTESIAN_POINT('',(0.01175,-0.0290005502339364,0.00575657350609974));
#5096=CARTESIAN_POINT('',(0.01175,-0.0284683670061589,0.00575657350609974));
#5097=CARTESIAN_POINT('',(0.01175,-0.0290005502339364,0.0034579417241502));
#5098=CARTESIAN_POINT('',(0.01175,-0.0290005502339364,0.00115930994220064));
#5099=CARTESIAN_POINT('',(0.01175,-0.0290005320129741,0.00115911724834201));
#5100=CARTESIAN_POINT('',(0.01175,-0.0290005502339364,0.0034579417241502));
#5101=CARTESIAN_POINT('',(0.01175,-0.0290878605176574,0.0011589244765815));
#5102=CARTESIAN_POINT('',(0.01175,-0.0290324062722188,0.00109122546822442));
#5103=CARTESIAN_POINT('',(0.01175,-0.0290324584660698,0.00109128951703126));
#5104=CARTESIAN_POINT('',(0.01175,-0.0290878605176574,0.0011589244765815));
#5105=CARTESIAN_POINT('',(0.01175,-0.0291043466568032,0.00116860936200847));
#5106=CARTESIAN_POINT('',(0.01175,-0.0291042385154048,0.00106311719915167));
#5107=CARTESIAN_POINT('',(0.01175000025,-0.0291042384930959,0.0010630954368137));
#5108=CARTESIAN_POINT('',(0.01175,-0.0291043466568032,0.00116860936200847));
#5109=CARTESIAN_POINT('',(0.01175,-0.030823215326254,0.00106311719915167));
#5110=CARTESIAN_POINT('',(0.01175,-0.0325421921371032,0.00106311719915167));
#5111=CARTESIAN_POINT('',(0.01175,-0.0325421926691326,0.00106314666634163));
#5112=CARTESIAN_POINT('',(0.01175,-0.030823215326254,0.00106311719915167));
#5113=CARTESIAN_POINT('',(0.01175,-0.0325438625829752,0.00115563716684754));
#5114=CARTESIAN_POINT('',(0.01175,-0.0326102460955615,0.00109125506457333));
#5115=CARTESIAN_POINT('',(0.01175,-0.0326102463288722,0.00109125529084514));
#5116=CARTESIAN_POINT('',(0.01175,-0.0325438625829752,0.00115563716684754));
#5117=CARTESIAN_POINT('',(0.01175,-0.0325458649124549,0.0011576394963293));
#5118=CARTESIAN_POINT('',(0.01175,-0.0325458649124549,0.0011576394963293));
#5119=CARTESIAN_POINT('',(0.01175,-7.81456901318626E-19,0.00903120447059581));
#5120=CARTESIAN_POINT('',(0.01175,-0.0241866268847445,0.00111183819887777));
#5121=CARTESIAN_POINT('',(0.01175,-0.0276866268847445,0.00111183819887777));
#5122=CARTESIAN_POINT('',(0.01175,-0.0276866268847445,0.00111183819887777));
#5123=CARTESIAN_POINT('',(0.01175,-0.0241866268847445,0.00111183819887777));
#5124=CARTESIAN_POINT('',(0.01175,-0.0206866268847445,0.00111183819887777));
#5125=CARTESIAN_POINT('',(0.01175,-0.0206866268847445,0.00111183819887777));
#5126=CARTESIAN_POINT('',(0.01175,-0.0276866268847445,0.000611838198877772));
#5127=CARTESIAN_POINT('',(0.01175,-0.0276866268847445,0.000111838198877772));
#5128=CARTESIAN_POINT('',(0.01175,-0.0276866268847445,0.000111838198877772));
#5129=CARTESIAN_POINT('',(0.01175,-0.0276866268847445,0.000611838198877772));
#5130=CARTESIAN_POINT('',(0.01175,-0.0241866268847445,0.000111838198877772));
#5131=CARTESIAN_POINT('',(0.01175,-0.0206866268847445,0.000111838198877772));
#5132=CARTESIAN_POINT('',(0.01175,-0.0206866268847445,0.000111838198877772));
#5133=CARTESIAN_POINT('',(0.01175,-0.0241866268847445,0.000111838198877772));
#5134=CARTESIAN_POINT('',(0.01175,-0.0206866268847445,0.000611838198877772));
#5135=CARTESIAN_POINT('',(0.01175,-0.0206866268847445,0.000611838198877772));
#5136=CARTESIAN_POINT('',(0.01175,-7.81456901318626E-19,0.00955901530096195));
#5137=MECHANICAL_DESIGN_GEOMETRIC_PRESENTATION_REPRESENTATION('',(#3086),
#5138);
#5138=(
GEOMETRIC_REPRESENTATION_CONTEXT(3)
GLOBAL_UNCERTAINTY_ASSIGNED_CONTEXT((#5139))
GLOBAL_UNIT_ASSIGNED_CONTEXT((#5142,#5141,#5140))
REPRESENTATION_CONTEXT('Part 1','TOP_LEVEL_ASSEMBLY_PART')
);
#5139=UNCERTAINTY_MEASURE_WITH_UNIT(LENGTH_MEASURE(2.E-5),#5142,
'DISTANCE_ACCURACY_VALUE','Maximum Tolerance applied to model');
#5140=(
NAMED_UNIT(*)
SI_UNIT($,.STERADIAN.)
SOLID_ANGLE_UNIT()
);
#5141=(
NAMED_UNIT(*)
PLANE_ANGLE_UNIT()
SI_UNIT($,.RADIAN.)
);
#5142=(
LENGTH_UNIT()
NAMED_UNIT(*)
SI_UNIT($,.METRE.)
);
#5143=PRODUCT_DEFINITION_SHAPE('','',#5144);
#5144=PRODUCT_DEFINITION('','',#5146,#5145);
#5145=PRODUCT_DEFINITION_CONTEXT('',#5152,'design');
#5146=PRODUCT_DEFINITION_FORMATION_WITH_SPECIFIED_SOURCE('','',#5148,
 .NOT_KNOWN.);
#5147=PRODUCT_RELATED_PRODUCT_CATEGORY('','',(#5148));
#5148=PRODUCT('Part 1','Part 1','Part 1',(#5150));
#5149=PRODUCT_CATEGORY('','');
#5150=PRODUCT_CONTEXT('',#5152,'mechanical');
#5151=APPLICATION_PROTOCOL_DEFINITION('international standard',
'ap242_managed_model_based_3d_engineering',2020,#5152);
#5152=APPLICATION_CONTEXT('managed model based 3d engineering');
ENDSEC;
END-ISO-10303-21;
