ISO-10303-21;
HEADER;
/* Generated by software containing ST-Developer
 * from STEP Tools, Inc. (www.steptools.com) 
 */
/* OPTION: using custom renumber hook */

FILE_DESCRIPTION(
/* description */ ('STEP AP242 Edition 2',
'CAx-IF Rec.Pracs.---Representation and Presentation of Product Manufa
cturing Information (PMI)---4.0---2014-10-13',
'CAx-IF Rec.Pracs.---3D Tessellated Geometry---0.4---2014-09-14','2;1',
'CAx-IF Rec.Pracs.---User Defined Attributes---1.5---2016-08-15'),
/* implementation_level */ '2;1');

FILE_NAME(
/* name */ 'Part Studio 1',
/* time_stamp */ '2026-09-18T18:31:24Z',
/* author */ (''),
/* organization */ (''),
/* preprocessor_version */ 'ST-DEVELOPER v20',
/* originating_system */ 'ONSHAPE BY PTC INC, 1.221',
/* authorisation */ '  ');

FILE_SCHEMA (('AP242_MANAGED_MODEL_BASED_3D_ENGINEERING_MIM_LF { 1 0 10303 442 3 1 4 }'));
ENDSEC;

DATA;
#10=SHAPE_REPRESENTATION_RELATIONSHIP('','',#5849,#11);
#11=ADVANCED_BREP_SHAPE_REPRESENTATION('',(#5847),#9387);
#12=ELLIPSE('',#5857,0.00346410161513775,0.003);
#13=ELLIPSE('',#5858,0.00346410161513775,0.003);
#14=ELLIPSE('',#5862,0.00316227766016838,0.003);
#15=ELLIPSE('',#5864,0.00346410161513775,0.003);
#16=ELLIPSE('',#5865,0.00316227766016838,0.003);
#17=ELLIPSE('',#5869,0.00346410161513775,0.003);
#18=ELLIPSE('',#5956,0.00346410161513775,0.003);
#19=ELLIPSE('',#5957,0.00346410161513775,0.003);
#20=ELLIPSE('',#5958,0.00316227766016838,0.003);
#21=ELLIPSE('',#5961,0.00346410161513775,0.003);
#22=ELLIPSE('',#5962,0.00346410161513775,0.003);
#23=ELLIPSE('',#5963,0.00346410161513775,0.003);
#24=ELLIPSE('',#5964,0.00346410161513775,0.003);
#25=ELLIPSE('',#5966,0.00346410161513775,0.003);
#26=ELLIPSE('',#5967,0.00346410161513775,0.003);
#27=ELLIPSE('',#5968,0.00346410161513775,0.003);
#28=ELLIPSE('',#5969,0.00346410161513775,0.003);
#29=ELLIPSE('',#5970,0.00346410161513775,0.003);
#30=ELLIPSE('',#5971,0.00346410161513775,0.003);
#31=ELLIPSE('',#5974,0.00316227766016838,0.003);
#32=CYLINDRICAL_SURFACE('',#5856,0.003);
#33=CYLINDRICAL_SURFACE('',#5863,0.003);
#34=CYLINDRICAL_SURFACE('',#5955,0.003);
#35=CYLINDRICAL_SURFACE('',#5965,0.003);
#36=CYLINDRICAL_SURFACE('',#5980,0.003);
#37=CYLINDRICAL_SURFACE('',#5981,0.003);
#38=CYLINDRICAL_SURFACE('',#5982,0.003);
#39=CYLINDRICAL_SURFACE('',#5983,0.003);
#40=CYLINDRICAL_SURFACE('',#6000,0.0015);
#41=CYLINDRICAL_SURFACE('',#6001,0.0015);
#42=CYLINDRICAL_SURFACE('',#6002,0.0015);
#43=CYLINDRICAL_SURFACE('',#6003,0.0015);
#44=CYLINDRICAL_SURFACE('',#6004,0.0015);
#45=CYLINDRICAL_SURFACE('',#6005,0.0015);
#46=CYLINDRICAL_SURFACE('',#6006,0.0015);
#47=CYLINDRICAL_SURFACE('',#6007,0.0015);
#48=CYLINDRICAL_SURFACE('',#6008,0.0015);
#49=CYLINDRICAL_SURFACE('',#6009,0.0015);
#50=CYLINDRICAL_SURFACE('',#6010,0.0015);
#51=CYLINDRICAL_SURFACE('',#6011,0.0015);
#52=CYLINDRICAL_SURFACE('',#6024,0.0015);
#53=CYLINDRICAL_SURFACE('',#6025,0.0015);
#54=CYLINDRICAL_SURFACE('',#6026,0.0015);
#55=CYLINDRICAL_SURFACE('',#6027,0.0015);
#56=CYLINDRICAL_SURFACE('',#6028,0.0015);
#57=CYLINDRICAL_SURFACE('',#6029,0.0015);
#58=CYLINDRICAL_SURFACE('',#6030,0.0015);
#59=CYLINDRICAL_SURFACE('',#6031,0.0015);
#60=CYLINDRICAL_SURFACE('',#6032,0.0015);
#61=CYLINDRICAL_SURFACE('',#6033,0.0015);
#62=CYLINDRICAL_SURFACE('',#6034,0.0015);
#63=CYLINDRICAL_SURFACE('',#6035,0.0015);
#64=CYLINDRICAL_SURFACE('',#6048,0.0015);
#65=CYLINDRICAL_SURFACE('',#6049,0.0015);
#66=CYLINDRICAL_SURFACE('',#6050,0.0015);
#67=CYLINDRICAL_SURFACE('',#6051,0.0015);
#68=CYLINDRICAL_SURFACE('',#6052,0.0015);
#69=CYLINDRICAL_SURFACE('',#6053,0.0015);
#70=CYLINDRICAL_SURFACE('',#6054,0.0015);
#71=CYLINDRICAL_SURFACE('',#6055,0.0015);
#72=CYLINDRICAL_SURFACE('',#6056,0.0015);
#73=CYLINDRICAL_SURFACE('',#6057,0.0015);
#74=CYLINDRICAL_SURFACE('',#6058,0.0015);
#75=CYLINDRICAL_SURFACE('',#6059,0.0015);
#76=CYLINDRICAL_SURFACE('',#6235,0.0005);
#77=CYLINDRICAL_SURFACE('',#6236,0.0005);
#78=CYLINDRICAL_SURFACE('',#6237,0.0005);
#79=CIRCLE('',#5852,0.0005);
#80=CIRCLE('',#5853,0.0005);
#81=CIRCLE('',#5854,0.0005);
#82=CIRCLE('',#5859,0.003);
#83=CIRCLE('',#5860,0.003);
#84=CIRCLE('',#5861,0.003);
#85=CIRCLE('',#5866,0.003);
#86=CIRCLE('',#5867,0.003);
#87=CIRCLE('',#5868,0.003);
#88=CIRCLE('',#5873,0.0015);
#89=CIRCLE('',#5874,0.0015);
#90=CIRCLE('',#5875,0.0015);
#91=CIRCLE('',#5876,0.0015);
#92=CIRCLE('',#5877,0.0015);
#93=CIRCLE('',#5878,0.0015);
#94=CIRCLE('',#5879,0.0015);
#95=CIRCLE('',#5880,0.0015);
#96=CIRCLE('',#5881,0.0015);
#97=CIRCLE('',#5882,0.0015);
#98=CIRCLE('',#5883,0.0015);
#99=CIRCLE('',#5884,0.0015);
#100=CIRCLE('',#5885,0.0015);
#101=CIRCLE('',#5886,0.0015);
#102=CIRCLE('',#5887,0.0015);
#103=CIRCLE('',#5888,0.0015);
#104=CIRCLE('',#5889,0.0015);
#105=CIRCLE('',#5890,0.0015);
#106=CIRCLE('',#5892,0.0015);
#107=CIRCLE('',#5893,0.0015);
#108=CIRCLE('',#5894,0.0015);
#109=CIRCLE('',#5895,0.0015);
#110=CIRCLE('',#5896,0.0015);
#111=CIRCLE('',#5897,0.0015);
#112=CIRCLE('',#5898,0.0015);
#113=CIRCLE('',#5899,0.0015);
#114=CIRCLE('',#5900,0.0015);
#115=CIRCLE('',#5901,0.0015);
#116=CIRCLE('',#5902,0.0015);
#117=CIRCLE('',#5903,0.0015);
#118=CIRCLE('',#5904,0.0015);
#119=CIRCLE('',#5905,0.0015);
#120=CIRCLE('',#5906,0.0015);
#121=CIRCLE('',#5907,0.0015);
#122=CIRCLE('',#5908,0.0015);
#123=CIRCLE('',#5909,0.0015);
#124=CIRCLE('',#5911,0.0015);
#125=CIRCLE('',#5912,0.0015);
#126=CIRCLE('',#5913,0.0015);
#127=CIRCLE('',#5914,0.0015);
#128=CIRCLE('',#5915,0.0015);
#129=CIRCLE('',#5916,0.0015);
#130=CIRCLE('',#5917,0.0015);
#131=CIRCLE('',#5918,0.0015);
#132=CIRCLE('',#5919,0.0015);
#133=CIRCLE('',#5920,0.0015);
#134=CIRCLE('',#5921,0.0015);
#135=CIRCLE('',#5922,0.0015);
#136=CIRCLE('',#5923,0.0015);
#137=CIRCLE('',#5924,0.0015);
#138=CIRCLE('',#5925,0.0015);
#139=CIRCLE('',#5926,0.0015);
#140=CIRCLE('',#5927,0.0015);
#141=CIRCLE('',#5928,0.0015);
#142=CIRCLE('',#5930,0.0015);
#143=CIRCLE('',#5931,0.0015);
#144=CIRCLE('',#5932,0.0015);
#145=CIRCLE('',#5933,0.0015);
#146=CIRCLE('',#5934,0.0015);
#147=CIRCLE('',#5935,0.0015);
#148=CIRCLE('',#5936,0.0015);
#149=CIRCLE('',#5937,0.0015);
#150=CIRCLE('',#5938,0.0015);
#151=CIRCLE('',#5939,0.0015);
#152=CIRCLE('',#5940,0.0015);
#153=CIRCLE('',#5941,0.0015);
#154=CIRCLE('',#5942,0.0015);
#155=CIRCLE('',#5943,0.0015);
#156=CIRCLE('',#5944,0.0015);
#157=CIRCLE('',#5945,0.0015);
#158=CIRCLE('',#5946,0.0015);
#159=CIRCLE('',#5947,0.0015);
#160=CIRCLE('',#5949,0.003);
#161=CIRCLE('',#5950,0.003);
#162=CIRCLE('',#5951,0.003);
#163=CIRCLE('',#5952,0.003);
#164=CIRCLE('',#5953,0.003);
#165=CIRCLE('',#5954,0.003);
#166=CIRCLE('',#5959,0.003);
#167=CIRCLE('',#5960,0.003);
#168=CIRCLE('',#5972,0.003);
#169=CIRCLE('',#5973,0.003);
#170=CIRCLE('',#5976,0.003);
#171=CIRCLE('',#5977,0.003);
#172=CIRCLE('',#5978,0.003);
#173=CIRCLE('',#5979,0.003);
#174=CIRCLE('',#6232,0.0005);
#175=CIRCLE('',#6233,0.0005);
#176=CIRCLE('',#6234,0.0005);
#177=ORIENTED_EDGE('',*,*,#1845,.F.);
#178=ORIENTED_EDGE('',*,*,#1846,.T.);
#179=ORIENTED_EDGE('',*,*,#1847,.T.);
#180=ORIENTED_EDGE('',*,*,#1848,.T.);
#181=ORIENTED_EDGE('',*,*,#1849,.F.);
#182=ORIENTED_EDGE('',*,*,#1850,.T.);
#183=ORIENTED_EDGE('',*,*,#1851,.T.);
#184=ORIENTED_EDGE('',*,*,#1852,.T.);
#185=ORIENTED_EDGE('',*,*,#1853,.T.);
#186=ORIENTED_EDGE('',*,*,#1854,.F.);
#187=ORIENTED_EDGE('',*,*,#1855,.T.);
#188=ORIENTED_EDGE('',*,*,#1856,.T.);
#189=ORIENTED_EDGE('',*,*,#1857,.F.);
#190=ORIENTED_EDGE('',*,*,#1858,.F.);
#191=ORIENTED_EDGE('',*,*,#1859,.T.);
#192=ORIENTED_EDGE('',*,*,#1860,.T.);
#193=ORIENTED_EDGE('',*,*,#1861,.F.);
#194=ORIENTED_EDGE('',*,*,#1862,.F.);
#195=ORIENTED_EDGE('',*,*,#1863,.T.);
#196=ORIENTED_EDGE('',*,*,#1864,.T.);
#197=ORIENTED_EDGE('',*,*,#1865,.F.);
#198=ORIENTED_EDGE('',*,*,#1866,.F.);
#199=ORIENTED_EDGE('',*,*,#1867,.F.);
#200=ORIENTED_EDGE('',*,*,#1868,.F.);
#201=ORIENTED_EDGE('',*,*,#1869,.F.);
#202=ORIENTED_EDGE('',*,*,#1870,.F.);
#203=ORIENTED_EDGE('',*,*,#1871,.F.);
#204=ORIENTED_EDGE('',*,*,#1872,.F.);
#205=ORIENTED_EDGE('',*,*,#1873,.F.);
#206=ORIENTED_EDGE('',*,*,#1874,.F.);
#207=ORIENTED_EDGE('',*,*,#1875,.F.);
#208=ORIENTED_EDGE('',*,*,#1876,.F.);
#209=ORIENTED_EDGE('',*,*,#1877,.F.);
#210=ORIENTED_EDGE('',*,*,#1878,.F.);
#211=ORIENTED_EDGE('',*,*,#1879,.F.);
#212=ORIENTED_EDGE('',*,*,#1880,.F.);
#213=ORIENTED_EDGE('',*,*,#1881,.F.);
#214=ORIENTED_EDGE('',*,*,#1882,.F.);
#215=ORIENTED_EDGE('',*,*,#1883,.F.);
#216=ORIENTED_EDGE('',*,*,#1884,.F.);
#217=ORIENTED_EDGE('',*,*,#1885,.F.);
#218=ORIENTED_EDGE('',*,*,#1886,.F.);
#219=ORIENTED_EDGE('',*,*,#1887,.F.);
#220=ORIENTED_EDGE('',*,*,#1888,.F.);
#221=ORIENTED_EDGE('',*,*,#1889,.F.);
#222=ORIENTED_EDGE('',*,*,#1890,.F.);
#223=ORIENTED_EDGE('',*,*,#1891,.F.);
#224=ORIENTED_EDGE('',*,*,#1892,.F.);
#225=ORIENTED_EDGE('',*,*,#1893,.F.);
#226=ORIENTED_EDGE('',*,*,#1894,.F.);
#227=ORIENTED_EDGE('',*,*,#1895,.F.);
#228=ORIENTED_EDGE('',*,*,#1896,.F.);
#229=ORIENTED_EDGE('',*,*,#1897,.F.);
#230=ORIENTED_EDGE('',*,*,#1898,.F.);
#231=ORIENTED_EDGE('',*,*,#1899,.F.);
#232=ORIENTED_EDGE('',*,*,#1900,.F.);
#233=ORIENTED_EDGE('',*,*,#1901,.F.);
#234=ORIENTED_EDGE('',*,*,#1902,.F.);
#235=ORIENTED_EDGE('',*,*,#1903,.F.);
#236=ORIENTED_EDGE('',*,*,#1904,.F.);
#237=ORIENTED_EDGE('',*,*,#1905,.F.);
#238=ORIENTED_EDGE('',*,*,#1906,.F.);
#239=ORIENTED_EDGE('',*,*,#1907,.F.);
#240=ORIENTED_EDGE('',*,*,#1908,.F.);
#241=ORIENTED_EDGE('',*,*,#1909,.F.);
#242=ORIENTED_EDGE('',*,*,#1910,.F.);
#243=ORIENTED_EDGE('',*,*,#1911,.F.);
#244=ORIENTED_EDGE('',*,*,#1912,.F.);
#245=ORIENTED_EDGE('',*,*,#1913,.F.);
#246=ORIENTED_EDGE('',*,*,#1914,.F.);
#247=ORIENTED_EDGE('',*,*,#1915,.F.);
#248=ORIENTED_EDGE('',*,*,#1916,.F.);
#249=ORIENTED_EDGE('',*,*,#1917,.F.);
#250=ORIENTED_EDGE('',*,*,#1918,.F.);
#251=ORIENTED_EDGE('',*,*,#1919,.F.);
#252=ORIENTED_EDGE('',*,*,#1920,.F.);
#253=ORIENTED_EDGE('',*,*,#1921,.F.);
#254=ORIENTED_EDGE('',*,*,#1922,.T.);
#255=ORIENTED_EDGE('',*,*,#1923,.F.);
#256=ORIENTED_EDGE('',*,*,#1924,.F.);
#257=ORIENTED_EDGE('',*,*,#1925,.T.);
#258=ORIENTED_EDGE('',*,*,#1926,.T.);
#259=ORIENTED_EDGE('',*,*,#1927,.T.);
#260=ORIENTED_EDGE('',*,*,#1928,.T.);
#261=ORIENTED_EDGE('',*,*,#1929,.T.);
#262=ORIENTED_EDGE('',*,*,#1930,.T.);
#263=ORIENTED_EDGE('',*,*,#1931,.F.);
#264=ORIENTED_EDGE('',*,*,#1932,.T.);
#265=ORIENTED_EDGE('',*,*,#1933,.T.);
#266=ORIENTED_EDGE('',*,*,#1934,.T.);
#267=ORIENTED_EDGE('',*,*,#1935,.F.);
#268=ORIENTED_EDGE('',*,*,#1936,.F.);
#269=ORIENTED_EDGE('',*,*,#1937,.F.);
#270=ORIENTED_EDGE('',*,*,#1938,.T.);
#271=ORIENTED_EDGE('',*,*,#1939,.F.);
#272=ORIENTED_EDGE('',*,*,#1940,.T.);
#273=ORIENTED_EDGE('',*,*,#1941,.F.);
#274=ORIENTED_EDGE('',*,*,#1942,.F.);
#275=ORIENTED_EDGE('',*,*,#1943,.F.);
#276=ORIENTED_EDGE('',*,*,#1944,.F.);
#277=ORIENTED_EDGE('',*,*,#1945,.F.);
#278=ORIENTED_EDGE('',*,*,#1946,.F.);
#279=ORIENTED_EDGE('',*,*,#1947,.F.);
#280=ORIENTED_EDGE('',*,*,#1948,.T.);
#281=ORIENTED_EDGE('',*,*,#1949,.F.);
#282=ORIENTED_EDGE('',*,*,#1950,.F.);
#283=ORIENTED_EDGE('',*,*,#1951,.F.);
#284=ORIENTED_EDGE('',*,*,#1952,.F.);
#285=ORIENTED_EDGE('',*,*,#1953,.F.);
#286=ORIENTED_EDGE('',*,*,#1954,.T.);
#287=ORIENTED_EDGE('',*,*,#1955,.T.);
#288=ORIENTED_EDGE('',*,*,#1956,.T.);
#289=ORIENTED_EDGE('',*,*,#1957,.F.);
#290=ORIENTED_EDGE('',*,*,#1958,.F.);
#291=ORIENTED_EDGE('',*,*,#1959,.T.);
#292=ORIENTED_EDGE('',*,*,#1960,.T.);
#293=ORIENTED_EDGE('',*,*,#1961,.F.);
#294=ORIENTED_EDGE('',*,*,#1962,.F.);
#295=ORIENTED_EDGE('',*,*,#1963,.F.);
#296=ORIENTED_EDGE('',*,*,#1964,.F.);
#297=ORIENTED_EDGE('',*,*,#1965,.F.);
#298=ORIENTED_EDGE('',*,*,#1966,.T.);
#299=ORIENTED_EDGE('',*,*,#1967,.T.);
#300=ORIENTED_EDGE('',*,*,#1968,.T.);
#301=ORIENTED_EDGE('',*,*,#1969,.F.);
#302=ORIENTED_EDGE('',*,*,#1970,.T.);
#303=ORIENTED_EDGE('',*,*,#1971,.T.);
#304=ORIENTED_EDGE('',*,*,#1972,.F.);
#305=ORIENTED_EDGE('',*,*,#1973,.T.);
#306=ORIENTED_EDGE('',*,*,#1974,.T.);
#307=ORIENTED_EDGE('',*,*,#1975,.T.);
#308=ORIENTED_EDGE('',*,*,#1976,.F.);
#309=ORIENTED_EDGE('',*,*,#1977,.F.);
#310=ORIENTED_EDGE('',*,*,#1978,.T.);
#311=ORIENTED_EDGE('',*,*,#1979,.F.);
#312=ORIENTED_EDGE('',*,*,#1980,.F.);
#313=ORIENTED_EDGE('',*,*,#1981,.F.);
#314=ORIENTED_EDGE('',*,*,#1982,.F.);
#315=ORIENTED_EDGE('',*,*,#1983,.F.);
#316=ORIENTED_EDGE('',*,*,#1984,.F.);
#317=ORIENTED_EDGE('',*,*,#1985,.F.);
#318=ORIENTED_EDGE('',*,*,#1986,.F.);
#319=ORIENTED_EDGE('',*,*,#1987,.F.);
#320=ORIENTED_EDGE('',*,*,#1988,.F.);
#321=ORIENTED_EDGE('',*,*,#1989,.F.);
#322=ORIENTED_EDGE('',*,*,#1990,.F.);
#323=ORIENTED_EDGE('',*,*,#1991,.F.);
#324=ORIENTED_EDGE('',*,*,#1992,.F.);
#325=ORIENTED_EDGE('',*,*,#1993,.F.);
#326=ORIENTED_EDGE('',*,*,#1994,.F.);
#327=ORIENTED_EDGE('',*,*,#1995,.F.);
#328=ORIENTED_EDGE('',*,*,#1996,.F.);
#329=ORIENTED_EDGE('',*,*,#1997,.F.);
#330=ORIENTED_EDGE('',*,*,#1998,.F.);
#331=ORIENTED_EDGE('',*,*,#1999,.F.);
#332=ORIENTED_EDGE('',*,*,#2000,.F.);
#333=ORIENTED_EDGE('',*,*,#2001,.F.);
#334=ORIENTED_EDGE('',*,*,#2002,.F.);
#335=ORIENTED_EDGE('',*,*,#2003,.F.);
#336=ORIENTED_EDGE('',*,*,#2004,.F.);
#337=ORIENTED_EDGE('',*,*,#2005,.F.);
#338=ORIENTED_EDGE('',*,*,#2006,.F.);
#339=ORIENTED_EDGE('',*,*,#2007,.F.);
#340=ORIENTED_EDGE('',*,*,#2008,.F.);
#341=ORIENTED_EDGE('',*,*,#2009,.F.);
#342=ORIENTED_EDGE('',*,*,#2010,.F.);
#343=ORIENTED_EDGE('',*,*,#2011,.F.);
#344=ORIENTED_EDGE('',*,*,#2012,.F.);
#345=ORIENTED_EDGE('',*,*,#2013,.F.);
#346=ORIENTED_EDGE('',*,*,#2014,.F.);
#347=ORIENTED_EDGE('',*,*,#2015,.F.);
#348=ORIENTED_EDGE('',*,*,#2016,.F.);
#349=ORIENTED_EDGE('',*,*,#2017,.F.);
#350=ORIENTED_EDGE('',*,*,#2018,.F.);
#351=ORIENTED_EDGE('',*,*,#2019,.F.);
#352=ORIENTED_EDGE('',*,*,#2020,.F.);
#353=ORIENTED_EDGE('',*,*,#2021,.T.);
#354=ORIENTED_EDGE('',*,*,#2022,.T.);
#355=ORIENTED_EDGE('',*,*,#2023,.F.);
#356=ORIENTED_EDGE('',*,*,#2024,.F.);
#357=ORIENTED_EDGE('',*,*,#2025,.T.);
#358=ORIENTED_EDGE('',*,*,#2026,.T.);
#359=ORIENTED_EDGE('',*,*,#2027,.F.);
#360=ORIENTED_EDGE('',*,*,#2028,.F.);
#361=ORIENTED_EDGE('',*,*,#2029,.T.);
#362=ORIENTED_EDGE('',*,*,#2030,.T.);
#363=ORIENTED_EDGE('',*,*,#2031,.F.);
#364=ORIENTED_EDGE('',*,*,#2032,.F.);
#365=ORIENTED_EDGE('',*,*,#2033,.T.);
#366=ORIENTED_EDGE('',*,*,#2034,.T.);
#367=ORIENTED_EDGE('',*,*,#2035,.F.);
#368=ORIENTED_EDGE('',*,*,#2036,.T.);
#369=ORIENTED_EDGE('',*,*,#1966,.F.);
#370=ORIENTED_EDGE('',*,*,#2037,.T.);
#371=ORIENTED_EDGE('',*,*,#2038,.T.);
#372=ORIENTED_EDGE('',*,*,#2039,.T.);
#373=ORIENTED_EDGE('',*,*,#1960,.F.);
#374=ORIENTED_EDGE('',*,*,#2040,.F.);
#375=ORIENTED_EDGE('',*,*,#2041,.F.);
#376=ORIENTED_EDGE('',*,*,#2042,.F.);
#377=ORIENTED_EDGE('',*,*,#1971,.F.);
#378=ORIENTED_EDGE('',*,*,#2043,.F.);
#379=ORIENTED_EDGE('',*,*,#2044,.F.);
#380=ORIENTED_EDGE('',*,*,#2045,.T.);
#381=ORIENTED_EDGE('',*,*,#2046,.T.);
#382=ORIENTED_EDGE('',*,*,#2047,.F.);
#383=ORIENTED_EDGE('',*,*,#2048,.F.);
#384=ORIENTED_EDGE('',*,*,#2049,.F.);
#385=ORIENTED_EDGE('',*,*,#2050,.F.);
#386=ORIENTED_EDGE('',*,*,#2051,.F.);
#387=ORIENTED_EDGE('',*,*,#2052,.F.);
#388=ORIENTED_EDGE('',*,*,#2053,.F.);
#389=ORIENTED_EDGE('',*,*,#2054,.F.);
#390=ORIENTED_EDGE('',*,*,#2055,.T.);
#391=ORIENTED_EDGE('',*,*,#2056,.F.);
#392=ORIENTED_EDGE('',*,*,#2057,.F.);
#393=ORIENTED_EDGE('',*,*,#2058,.F.);
#394=ORIENTED_EDGE('',*,*,#2059,.F.);
#395=ORIENTED_EDGE('',*,*,#2060,.F.);
#396=ORIENTED_EDGE('',*,*,#2061,.T.);
#397=ORIENTED_EDGE('',*,*,#2062,.T.);
#398=ORIENTED_EDGE('',*,*,#2063,.T.);
#399=ORIENTED_EDGE('',*,*,#2064,.T.);
#400=ORIENTED_EDGE('',*,*,#2065,.T.);
#401=ORIENTED_EDGE('',*,*,#2066,.F.);
#402=ORIENTED_EDGE('',*,*,#2067,.T.);
#403=ORIENTED_EDGE('',*,*,#2068,.T.);
#404=ORIENTED_EDGE('',*,*,#2069,.F.);
#405=ORIENTED_EDGE('',*,*,#2070,.T.);
#406=ORIENTED_EDGE('',*,*,#2071,.T.);
#407=ORIENTED_EDGE('',*,*,#2072,.T.);
#408=ORIENTED_EDGE('',*,*,#2073,.F.);
#409=ORIENTED_EDGE('',*,*,#2074,.F.);
#410=ORIENTED_EDGE('',*,*,#2075,.T.);
#411=ORIENTED_EDGE('',*,*,#2076,.F.);
#412=ORIENTED_EDGE('',*,*,#2077,.F.);
#413=ORIENTED_EDGE('',*,*,#2078,.F.);
#414=ORIENTED_EDGE('',*,*,#2079,.F.);
#415=ORIENTED_EDGE('',*,*,#2080,.F.);
#416=ORIENTED_EDGE('',*,*,#2081,.F.);
#417=ORIENTED_EDGE('',*,*,#2082,.F.);
#418=ORIENTED_EDGE('',*,*,#2083,.F.);
#419=ORIENTED_EDGE('',*,*,#2084,.F.);
#420=ORIENTED_EDGE('',*,*,#2085,.F.);
#421=ORIENTED_EDGE('',*,*,#2086,.F.);
#422=ORIENTED_EDGE('',*,*,#2087,.F.);
#423=ORIENTED_EDGE('',*,*,#2088,.F.);
#424=ORIENTED_EDGE('',*,*,#2089,.F.);
#425=ORIENTED_EDGE('',*,*,#2090,.F.);
#426=ORIENTED_EDGE('',*,*,#2091,.F.);
#427=ORIENTED_EDGE('',*,*,#2092,.F.);
#428=ORIENTED_EDGE('',*,*,#2093,.F.);
#429=ORIENTED_EDGE('',*,*,#2094,.F.);
#430=ORIENTED_EDGE('',*,*,#2095,.F.);
#431=ORIENTED_EDGE('',*,*,#2096,.F.);
#432=ORIENTED_EDGE('',*,*,#2097,.F.);
#433=ORIENTED_EDGE('',*,*,#2098,.F.);
#434=ORIENTED_EDGE('',*,*,#2099,.F.);
#435=ORIENTED_EDGE('',*,*,#2100,.F.);
#436=ORIENTED_EDGE('',*,*,#2101,.F.);
#437=ORIENTED_EDGE('',*,*,#2102,.F.);
#438=ORIENTED_EDGE('',*,*,#2103,.F.);
#439=ORIENTED_EDGE('',*,*,#2104,.F.);
#440=ORIENTED_EDGE('',*,*,#2105,.F.);
#441=ORIENTED_EDGE('',*,*,#2106,.F.);
#442=ORIENTED_EDGE('',*,*,#2107,.F.);
#443=ORIENTED_EDGE('',*,*,#2108,.F.);
#444=ORIENTED_EDGE('',*,*,#2109,.F.);
#445=ORIENTED_EDGE('',*,*,#2110,.F.);
#446=ORIENTED_EDGE('',*,*,#2111,.F.);
#447=ORIENTED_EDGE('',*,*,#2112,.F.);
#448=ORIENTED_EDGE('',*,*,#2113,.F.);
#449=ORIENTED_EDGE('',*,*,#2114,.F.);
#450=ORIENTED_EDGE('',*,*,#2115,.F.);
#451=ORIENTED_EDGE('',*,*,#2116,.F.);
#452=ORIENTED_EDGE('',*,*,#2117,.F.);
#453=ORIENTED_EDGE('',*,*,#2118,.F.);
#454=ORIENTED_EDGE('',*,*,#2119,.F.);
#455=ORIENTED_EDGE('',*,*,#2120,.F.);
#456=ORIENTED_EDGE('',*,*,#2121,.F.);
#457=ORIENTED_EDGE('',*,*,#2122,.F.);
#458=ORIENTED_EDGE('',*,*,#2123,.F.);
#459=ORIENTED_EDGE('',*,*,#2124,.F.);
#460=ORIENTED_EDGE('',*,*,#2125,.F.);
#461=ORIENTED_EDGE('',*,*,#2126,.F.);
#462=ORIENTED_EDGE('',*,*,#2127,.F.);
#463=ORIENTED_EDGE('',*,*,#2128,.F.);
#464=ORIENTED_EDGE('',*,*,#2129,.F.);
#465=ORIENTED_EDGE('',*,*,#2130,.T.);
#466=ORIENTED_EDGE('',*,*,#2131,.T.);
#467=ORIENTED_EDGE('',*,*,#2132,.F.);
#468=ORIENTED_EDGE('',*,*,#2133,.F.);
#469=ORIENTED_EDGE('',*,*,#2134,.T.);
#470=ORIENTED_EDGE('',*,*,#2135,.T.);
#471=ORIENTED_EDGE('',*,*,#2136,.F.);
#472=ORIENTED_EDGE('',*,*,#2137,.F.);
#473=ORIENTED_EDGE('',*,*,#2138,.T.);
#474=ORIENTED_EDGE('',*,*,#2139,.T.);
#475=ORIENTED_EDGE('',*,*,#2140,.F.);
#476=ORIENTED_EDGE('',*,*,#2141,.F.);
#477=ORIENTED_EDGE('',*,*,#2142,.T.);
#478=ORIENTED_EDGE('',*,*,#2143,.T.);
#479=ORIENTED_EDGE('',*,*,#2144,.F.);
#480=ORIENTED_EDGE('',*,*,#2145,.T.);
#481=ORIENTED_EDGE('',*,*,#2146,.T.);
#482=ORIENTED_EDGE('',*,*,#2147,.T.);
#483=ORIENTED_EDGE('',*,*,#2148,.T.);
#484=ORIENTED_EDGE('',*,*,#2149,.T.);
#485=ORIENTED_EDGE('',*,*,#2150,.T.);
#486=ORIENTED_EDGE('',*,*,#2151,.T.);
#487=ORIENTED_EDGE('',*,*,#2152,.T.);
#488=ORIENTED_EDGE('',*,*,#2153,.T.);
#489=ORIENTED_EDGE('',*,*,#2154,.T.);
#490=ORIENTED_EDGE('',*,*,#2155,.T.);
#491=ORIENTED_EDGE('',*,*,#2156,.T.);
#492=ORIENTED_EDGE('',*,*,#2157,.T.);
#493=ORIENTED_EDGE('',*,*,#2158,.T.);
#494=ORIENTED_EDGE('',*,*,#2159,.T.);
#495=ORIENTED_EDGE('',*,*,#2160,.T.);
#496=ORIENTED_EDGE('',*,*,#2161,.T.);
#497=ORIENTED_EDGE('',*,*,#2162,.T.);
#498=ORIENTED_EDGE('',*,*,#2163,.T.);
#499=ORIENTED_EDGE('',*,*,#2164,.T.);
#500=ORIENTED_EDGE('',*,*,#2165,.T.);
#501=ORIENTED_EDGE('',*,*,#2166,.T.);
#502=ORIENTED_EDGE('',*,*,#2167,.T.);
#503=ORIENTED_EDGE('',*,*,#2168,.T.);
#504=ORIENTED_EDGE('',*,*,#2169,.T.);
#505=ORIENTED_EDGE('',*,*,#2170,.T.);
#506=ORIENTED_EDGE('',*,*,#2171,.T.);
#507=ORIENTED_EDGE('',*,*,#2172,.T.);
#508=ORIENTED_EDGE('',*,*,#2173,.T.);
#509=ORIENTED_EDGE('',*,*,#2174,.T.);
#510=ORIENTED_EDGE('',*,*,#2175,.T.);
#511=ORIENTED_EDGE('',*,*,#2176,.T.);
#512=ORIENTED_EDGE('',*,*,#2177,.T.);
#513=ORIENTED_EDGE('',*,*,#2178,.T.);
#514=ORIENTED_EDGE('',*,*,#2179,.T.);
#515=ORIENTED_EDGE('',*,*,#2180,.T.);
#516=ORIENTED_EDGE('',*,*,#2181,.T.);
#517=ORIENTED_EDGE('',*,*,#2182,.T.);
#518=ORIENTED_EDGE('',*,*,#2183,.T.);
#519=ORIENTED_EDGE('',*,*,#2184,.T.);
#520=ORIENTED_EDGE('',*,*,#2185,.T.);
#521=ORIENTED_EDGE('',*,*,#2186,.T.);
#522=ORIENTED_EDGE('',*,*,#2187,.T.);
#523=ORIENTED_EDGE('',*,*,#2188,.F.);
#524=ORIENTED_EDGE('',*,*,#2189,.F.);
#525=ORIENTED_EDGE('',*,*,#2190,.T.);
#526=ORIENTED_EDGE('',*,*,#2191,.T.);
#527=ORIENTED_EDGE('',*,*,#2192,.T.);
#528=ORIENTED_EDGE('',*,*,#2193,.T.);
#529=ORIENTED_EDGE('',*,*,#2194,.T.);
#530=ORIENTED_EDGE('',*,*,#2195,.T.);
#531=ORIENTED_EDGE('',*,*,#2196,.T.);
#532=ORIENTED_EDGE('',*,*,#2197,.F.);
#533=ORIENTED_EDGE('',*,*,#2198,.F.);
#534=ORIENTED_EDGE('',*,*,#2199,.T.);
#535=ORIENTED_EDGE('',*,*,#2200,.T.);
#536=ORIENTED_EDGE('',*,*,#2050,.T.);
#537=ORIENTED_EDGE('',*,*,#2201,.F.);
#538=ORIENTED_EDGE('',*,*,#2202,.T.);
#539=ORIENTED_EDGE('',*,*,#2203,.F.);
#540=ORIENTED_EDGE('',*,*,#2204,.F.);
#541=ORIENTED_EDGE('',*,*,#2047,.T.);
#542=ORIENTED_EDGE('',*,*,#2205,.T.);
#543=ORIENTED_EDGE('',*,*,#2206,.T.);
#544=ORIENTED_EDGE('',*,*,#2207,.T.);
#545=ORIENTED_EDGE('',*,*,#2208,.T.);
#546=ORIENTED_EDGE('',*,*,#2209,.T.);
#547=ORIENTED_EDGE('',*,*,#2054,.T.);
#548=ORIENTED_EDGE('',*,*,#2210,.F.);
#549=ORIENTED_EDGE('',*,*,#2211,.T.);
#550=ORIENTED_EDGE('',*,*,#2212,.T.);
#551=ORIENTED_EDGE('',*,*,#2213,.T.);
#552=ORIENTED_EDGE('',*,*,#2214,.T.);
#553=ORIENTED_EDGE('',*,*,#2215,.T.);
#554=ORIENTED_EDGE('',*,*,#2216,.T.);
#555=ORIENTED_EDGE('',*,*,#2217,.T.);
#556=ORIENTED_EDGE('',*,*,#2218,.T.);
#557=ORIENTED_EDGE('',*,*,#2219,.F.);
#558=ORIENTED_EDGE('',*,*,#2220,.F.);
#559=ORIENTED_EDGE('',*,*,#2221,.T.);
#560=ORIENTED_EDGE('',*,*,#2222,.T.);
#561=ORIENTED_EDGE('',*,*,#2223,.F.);
#562=ORIENTED_EDGE('',*,*,#2224,.F.);
#563=ORIENTED_EDGE('',*,*,#2225,.T.);
#564=ORIENTED_EDGE('',*,*,#2226,.T.);
#565=ORIENTED_EDGE('',*,*,#2227,.F.);
#566=ORIENTED_EDGE('',*,*,#2228,.F.);
#567=ORIENTED_EDGE('',*,*,#2229,.F.);
#568=ORIENTED_EDGE('',*,*,#2230,.T.);
#569=ORIENTED_EDGE('',*,*,#2231,.F.);
#570=ORIENTED_EDGE('',*,*,#2232,.T.);
#571=ORIENTED_EDGE('',*,*,#2233,.T.);
#572=ORIENTED_EDGE('',*,*,#2234,.T.);
#573=ORIENTED_EDGE('',*,*,#2235,.T.);
#574=ORIENTED_EDGE('',*,*,#2236,.T.);
#575=ORIENTED_EDGE('',*,*,#2237,.F.);
#576=ORIENTED_EDGE('',*,*,#2238,.T.);
#577=ORIENTED_EDGE('',*,*,#2239,.T.);
#578=ORIENTED_EDGE('',*,*,#2240,.T.);
#579=ORIENTED_EDGE('',*,*,#2241,.F.);
#580=ORIENTED_EDGE('',*,*,#2242,.T.);
#581=ORIENTED_EDGE('',*,*,#2243,.T.);
#582=ORIENTED_EDGE('',*,*,#2244,.T.);
#583=ORIENTED_EDGE('',*,*,#2245,.T.);
#584=ORIENTED_EDGE('',*,*,#2246,.T.);
#585=ORIENTED_EDGE('',*,*,#2247,.T.);
#586=ORIENTED_EDGE('',*,*,#2248,.T.);
#587=ORIENTED_EDGE('',*,*,#2249,.F.);
#588=ORIENTED_EDGE('',*,*,#2250,.T.);
#589=ORIENTED_EDGE('',*,*,#2251,.T.);
#590=ORIENTED_EDGE('',*,*,#2252,.T.);
#591=ORIENTED_EDGE('',*,*,#2253,.F.);
#592=ORIENTED_EDGE('',*,*,#2254,.T.);
#593=ORIENTED_EDGE('',*,*,#2255,.F.);
#594=ORIENTED_EDGE('',*,*,#2256,.T.);
#595=ORIENTED_EDGE('',*,*,#2257,.T.);
#596=ORIENTED_EDGE('',*,*,#2258,.T.);
#597=ORIENTED_EDGE('',*,*,#2259,.F.);
#598=ORIENTED_EDGE('',*,*,#2260,.T.);
#599=ORIENTED_EDGE('',*,*,#2261,.F.);
#600=ORIENTED_EDGE('',*,*,#2262,.T.);
#601=ORIENTED_EDGE('',*,*,#2263,.T.);
#602=ORIENTED_EDGE('',*,*,#2264,.T.);
#603=ORIENTED_EDGE('',*,*,#2265,.F.);
#604=ORIENTED_EDGE('',*,*,#2266,.T.);
#605=ORIENTED_EDGE('',*,*,#2267,.T.);
#606=ORIENTED_EDGE('',*,*,#2268,.T.);
#607=ORIENTED_EDGE('',*,*,#2269,.T.);
#608=ORIENTED_EDGE('',*,*,#2270,.T.);
#609=ORIENTED_EDGE('',*,*,#2271,.F.);
#610=ORIENTED_EDGE('',*,*,#2272,.T.);
#611=ORIENTED_EDGE('',*,*,#2273,.T.);
#612=ORIENTED_EDGE('',*,*,#2274,.T.);
#613=ORIENTED_EDGE('',*,*,#2275,.F.);
#614=ORIENTED_EDGE('',*,*,#2276,.T.);
#615=ORIENTED_EDGE('',*,*,#2277,.F.);
#616=ORIENTED_EDGE('',*,*,#2278,.T.);
#617=ORIENTED_EDGE('',*,*,#2279,.F.);
#618=ORIENTED_EDGE('',*,*,#2280,.T.);
#619=ORIENTED_EDGE('',*,*,#2281,.F.);
#620=ORIENTED_EDGE('',*,*,#2282,.T.);
#621=ORIENTED_EDGE('',*,*,#2283,.F.);
#622=ORIENTED_EDGE('',*,*,#2284,.T.);
#623=ORIENTED_EDGE('',*,*,#2285,.T.);
#624=ORIENTED_EDGE('',*,*,#2286,.T.);
#625=ORIENTED_EDGE('',*,*,#2287,.F.);
#626=ORIENTED_EDGE('',*,*,#2288,.T.);
#627=ORIENTED_EDGE('',*,*,#2289,.T.);
#628=ORIENTED_EDGE('',*,*,#2290,.T.);
#629=ORIENTED_EDGE('',*,*,#2291,.T.);
#630=ORIENTED_EDGE('',*,*,#2292,.T.);
#631=ORIENTED_EDGE('',*,*,#2293,.F.);
#632=ORIENTED_EDGE('',*,*,#2294,.T.);
#633=ORIENTED_EDGE('',*,*,#2295,.T.);
#634=ORIENTED_EDGE('',*,*,#2296,.T.);
#635=ORIENTED_EDGE('',*,*,#2297,.T.);
#636=ORIENTED_EDGE('',*,*,#2298,.T.);
#637=ORIENTED_EDGE('',*,*,#2299,.F.);
#638=ORIENTED_EDGE('',*,*,#2300,.T.);
#639=ORIENTED_EDGE('',*,*,#2301,.T.);
#640=ORIENTED_EDGE('',*,*,#2302,.T.);
#641=ORIENTED_EDGE('',*,*,#2303,.T.);
#642=ORIENTED_EDGE('',*,*,#2304,.T.);
#643=ORIENTED_EDGE('',*,*,#2305,.F.);
#644=ORIENTED_EDGE('',*,*,#2306,.T.);
#645=ORIENTED_EDGE('',*,*,#2307,.T.);
#646=ORIENTED_EDGE('',*,*,#2308,.T.);
#647=ORIENTED_EDGE('',*,*,#2309,.F.);
#648=ORIENTED_EDGE('',*,*,#2310,.T.);
#649=ORIENTED_EDGE('',*,*,#2311,.F.);
#650=ORIENTED_EDGE('',*,*,#2312,.T.);
#651=ORIENTED_EDGE('',*,*,#2313,.T.);
#652=ORIENTED_EDGE('',*,*,#2314,.T.);
#653=ORIENTED_EDGE('',*,*,#2315,.F.);
#654=ORIENTED_EDGE('',*,*,#2316,.T.);
#655=ORIENTED_EDGE('',*,*,#2317,.F.);
#656=ORIENTED_EDGE('',*,*,#2318,.T.);
#657=ORIENTED_EDGE('',*,*,#2319,.F.);
#658=ORIENTED_EDGE('',*,*,#2320,.T.);
#659=ORIENTED_EDGE('',*,*,#2321,.F.);
#660=ORIENTED_EDGE('',*,*,#2322,.T.);
#661=ORIENTED_EDGE('',*,*,#2323,.F.);
#662=ORIENTED_EDGE('',*,*,#2324,.T.);
#663=ORIENTED_EDGE('',*,*,#2325,.T.);
#664=ORIENTED_EDGE('',*,*,#2326,.T.);
#665=ORIENTED_EDGE('',*,*,#2327,.F.);
#666=ORIENTED_EDGE('',*,*,#2328,.T.);
#667=ORIENTED_EDGE('',*,*,#2329,.T.);
#668=ORIENTED_EDGE('',*,*,#2330,.T.);
#669=ORIENTED_EDGE('',*,*,#2331,.T.);
#670=ORIENTED_EDGE('',*,*,#2332,.T.);
#671=ORIENTED_EDGE('',*,*,#2333,.F.);
#672=ORIENTED_EDGE('',*,*,#2334,.T.);
#673=ORIENTED_EDGE('',*,*,#2335,.T.);
#674=ORIENTED_EDGE('',*,*,#2336,.T.);
#675=ORIENTED_EDGE('',*,*,#2337,.T.);
#676=ORIENTED_EDGE('',*,*,#2338,.T.);
#677=ORIENTED_EDGE('',*,*,#2339,.F.);
#678=ORIENTED_EDGE('',*,*,#2340,.T.);
#679=ORIENTED_EDGE('',*,*,#2341,.T.);
#680=ORIENTED_EDGE('',*,*,#2342,.T.);
#681=ORIENTED_EDGE('',*,*,#2343,.T.);
#682=ORIENTED_EDGE('',*,*,#2344,.T.);
#683=ORIENTED_EDGE('',*,*,#2345,.F.);
#684=ORIENTED_EDGE('',*,*,#2346,.T.);
#685=ORIENTED_EDGE('',*,*,#2347,.T.);
#686=ORIENTED_EDGE('',*,*,#2348,.T.);
#687=ORIENTED_EDGE('',*,*,#2349,.F.);
#688=ORIENTED_EDGE('',*,*,#2350,.T.);
#689=ORIENTED_EDGE('',*,*,#2351,.F.);
#690=ORIENTED_EDGE('',*,*,#2352,.T.);
#691=ORIENTED_EDGE('',*,*,#2353,.T.);
#692=ORIENTED_EDGE('',*,*,#2354,.T.);
#693=ORIENTED_EDGE('',*,*,#2355,.T.);
#694=ORIENTED_EDGE('',*,*,#2356,.T.);
#695=ORIENTED_EDGE('',*,*,#2357,.F.);
#696=ORIENTED_EDGE('',*,*,#2358,.T.);
#697=ORIENTED_EDGE('',*,*,#2359,.T.);
#698=ORIENTED_EDGE('',*,*,#2360,.T.);
#699=ORIENTED_EDGE('',*,*,#2361,.F.);
#700=ORIENTED_EDGE('',*,*,#2362,.T.);
#701=ORIENTED_EDGE('',*,*,#2363,.T.);
#702=ORIENTED_EDGE('',*,*,#2364,.T.);
#703=ORIENTED_EDGE('',*,*,#2365,.T.);
#704=ORIENTED_EDGE('',*,*,#2366,.T.);
#705=ORIENTED_EDGE('',*,*,#2367,.T.);
#706=ORIENTED_EDGE('',*,*,#2368,.T.);
#707=ORIENTED_EDGE('',*,*,#2369,.F.);
#708=ORIENTED_EDGE('',*,*,#2370,.T.);
#709=ORIENTED_EDGE('',*,*,#2371,.T.);
#710=ORIENTED_EDGE('',*,*,#2372,.T.);
#711=ORIENTED_EDGE('',*,*,#2373,.F.);
#712=ORIENTED_EDGE('',*,*,#2374,.T.);
#713=ORIENTED_EDGE('',*,*,#2052,.T.);
#714=ORIENTED_EDGE('',*,*,#2375,.T.);
#715=ORIENTED_EDGE('',*,*,#2041,.T.);
#716=ORIENTED_EDGE('',*,*,#2376,.F.);
#717=ORIENTED_EDGE('',*,*,#2377,.F.);
#718=ORIENTED_EDGE('',*,*,#2378,.T.);
#719=ORIENTED_EDGE('',*,*,#2379,.F.);
#720=ORIENTED_EDGE('',*,*,#2380,.T.);
#721=ORIENTED_EDGE('',*,*,#2381,.T.);
#722=ORIENTED_EDGE('',*,*,#2382,.T.);
#723=ORIENTED_EDGE('',*,*,#2383,.F.);
#724=ORIENTED_EDGE('',*,*,#2384,.T.);
#725=ORIENTED_EDGE('',*,*,#2385,.T.);
#726=ORIENTED_EDGE('',*,*,#2386,.T.);
#727=ORIENTED_EDGE('',*,*,#2387,.T.);
#728=ORIENTED_EDGE('',*,*,#2388,.T.);
#729=ORIENTED_EDGE('',*,*,#1939,.T.);
#730=ORIENTED_EDGE('',*,*,#2389,.T.);
#731=ORIENTED_EDGE('',*,*,#1955,.F.);
#732=ORIENTED_EDGE('',*,*,#2390,.T.);
#733=ORIENTED_EDGE('',*,*,#2325,.F.);
#734=ORIENTED_EDGE('',*,*,#2391,.T.);
#735=ORIENTED_EDGE('',*,*,#2210,.T.);
#736=ORIENTED_EDGE('',*,*,#2053,.T.);
#737=ORIENTED_EDGE('',*,*,#2376,.T.);
#738=ORIENTED_EDGE('',*,*,#2040,.T.);
#739=ORIENTED_EDGE('',*,*,#1959,.F.);
#740=ORIENTED_EDGE('',*,*,#2392,.F.);
#741=ORIENTED_EDGE('',*,*,#1935,.T.);
#742=ORIENTED_EDGE('',*,*,#2393,.T.);
#743=ORIENTED_EDGE('',*,*,#2285,.F.);
#744=ORIENTED_EDGE('',*,*,#2394,.T.);
#745=ORIENTED_EDGE('',*,*,#2062,.F.);
#746=ORIENTED_EDGE('',*,*,#2395,.T.);
#747=ORIENTED_EDGE('',*,*,#2255,.T.);
#748=ORIENTED_EDGE('',*,*,#2396,.T.);
#749=ORIENTED_EDGE('',*,*,#2397,.T.);
#750=ORIENTED_EDGE('',*,*,#2398,.T.);
#751=ORIENTED_EDGE('',*,*,#1978,.F.);
#752=ORIENTED_EDGE('',*,*,#2399,.T.);
#753=ORIENTED_EDGE('',*,*,#2400,.F.);
#754=ORIENTED_EDGE('',*,*,#1973,.F.);
#755=ORIENTED_EDGE('',*,*,#2401,.F.);
#756=ORIENTED_EDGE('',*,*,#2326,.F.);
#757=ORIENTED_EDGE('',*,*,#2390,.F.);
#758=ORIENTED_EDGE('',*,*,#1954,.F.);
#759=ORIENTED_EDGE('',*,*,#2402,.T.);
#760=ORIENTED_EDGE('',*,*,#2403,.T.);
#761=ORIENTED_EDGE('',*,*,#2404,.T.);
#762=ORIENTED_EDGE('',*,*,#1948,.F.);
#763=ORIENTED_EDGE('',*,*,#2405,.T.);
#764=ORIENTED_EDGE('',*,*,#2406,.T.);
#765=ORIENTED_EDGE('',*,*,#2407,.T.);
#766=ORIENTED_EDGE('',*,*,#2194,.F.);
#767=ORIENTED_EDGE('',*,*,#2408,.T.);
#768=ORIENTED_EDGE('',*,*,#2409,.T.);
#769=ORIENTED_EDGE('',*,*,#2410,.T.);
#770=ORIENTED_EDGE('',*,*,#2411,.T.);
#771=ORIENTED_EDGE('',*,*,#2412,.T.);
#772=ORIENTED_EDGE('',*,*,#2217,.F.);
#773=ORIENTED_EDGE('',*,*,#2413,.T.);
#774=ORIENTED_EDGE('',*,*,#2414,.T.);
#775=ORIENTED_EDGE('',*,*,#2415,.T.);
#776=ORIENTED_EDGE('',*,*,#2211,.F.);
#777=ORIENTED_EDGE('',*,*,#2391,.F.);
#778=ORIENTED_EDGE('',*,*,#2324,.F.);
#779=ORIENTED_EDGE('',*,*,#2416,.F.);
#780=ORIENTED_EDGE('',*,*,#2199,.F.);
#781=ORIENTED_EDGE('',*,*,#2417,.F.);
#782=ORIENTED_EDGE('',*,*,#2418,.T.);
#783=ORIENTED_EDGE('',*,*,#2069,.T.);
#784=ORIENTED_EDGE('',*,*,#2419,.T.);
#785=ORIENTED_EDGE('',*,*,#2283,.T.);
#786=ORIENTED_EDGE('',*,*,#2420,.T.);
#787=ORIENTED_EDGE('',*,*,#1928,.F.);
#788=ORIENTED_EDGE('',*,*,#2421,.T.);
#789=ORIENTED_EDGE('',*,*,#2257,.F.);
#790=ORIENTED_EDGE('',*,*,#2422,.T.);
#791=ORIENTED_EDGE('',*,*,#2394,.F.);
#792=ORIENTED_EDGE('',*,*,#2284,.F.);
#793=ORIENTED_EDGE('',*,*,#2419,.F.);
#794=ORIENTED_EDGE('',*,*,#2068,.F.);
#795=ORIENTED_EDGE('',*,*,#2063,.F.);
#796=ORIENTED_EDGE('',*,*,#2395,.F.);
#797=ORIENTED_EDGE('',*,*,#2061,.F.);
#798=ORIENTED_EDGE('',*,*,#2423,.F.);
#799=ORIENTED_EDGE('',*,*,#2075,.F.);
#800=ORIENTED_EDGE('',*,*,#2070,.F.);
#801=ORIENTED_EDGE('',*,*,#2422,.F.);
#802=ORIENTED_EDGE('',*,*,#2256,.F.);
#803=ORIENTED_EDGE('',*,*,#2396,.F.);
#804=ORIENTED_EDGE('',*,*,#2258,.F.);
#805=ORIENTED_EDGE('',*,*,#2421,.F.);
#806=ORIENTED_EDGE('',*,*,#1927,.F.);
#807=ORIENTED_EDGE('',*,*,#1922,.F.);
#808=ORIENTED_EDGE('',*,*,#2424,.F.);
#809=ORIENTED_EDGE('',*,*,#1940,.F.);
#810=ORIENTED_EDGE('',*,*,#2393,.F.);
#811=ORIENTED_EDGE('',*,*,#1934,.F.);
#812=ORIENTED_EDGE('',*,*,#1929,.F.);
#813=ORIENTED_EDGE('',*,*,#2420,.F.);
#814=ORIENTED_EDGE('',*,*,#2286,.F.);
#815=ORIENTED_EDGE('',*,*,#2323,.T.);
#816=ORIENTED_EDGE('',*,*,#2401,.T.);
#817=ORIENTED_EDGE('',*,*,#1972,.T.);
#818=ORIENTED_EDGE('',*,*,#2042,.T.);
#819=ORIENTED_EDGE('',*,*,#2375,.F.);
#820=ORIENTED_EDGE('',*,*,#2051,.T.);
#821=ORIENTED_EDGE('',*,*,#2200,.F.);
#822=ORIENTED_EDGE('',*,*,#2416,.T.);
#823=ORIENTED_EDGE('',*,*,#1938,.F.);
#824=ORIENTED_EDGE('',*,*,#2425,.F.);
#825=ORIENTED_EDGE('',*,*,#1956,.F.);
#826=ORIENTED_EDGE('',*,*,#2389,.F.);
#827=ORIENTED_EDGE('',*,*,#1957,.T.);
#828=ORIENTED_EDGE('',*,*,#2425,.T.);
#829=ORIENTED_EDGE('',*,*,#1937,.T.);
#830=ORIENTED_EDGE('',*,*,#2426,.F.);
#831=ORIENTED_EDGE('',*,*,#2392,.T.);
#832=ORIENTED_EDGE('',*,*,#1958,.T.);
#833=ORIENTED_EDGE('',*,*,#2426,.T.);
#834=ORIENTED_EDGE('',*,*,#1936,.T.);
#835=ORIENTED_EDGE('',*,*,#2373,.T.);
#836=ORIENTED_EDGE('',*,*,#2427,.T.);
#837=ORIENTED_EDGE('',*,*,#2291,.F.);
#838=ORIENTED_EDGE('',*,*,#2428,.T.);
#839=ORIENTED_EDGE('',*,*,#2371,.F.);
#840=ORIENTED_EDGE('',*,*,#2429,.T.);
#841=ORIENTED_EDGE('',*,*,#2287,.T.);
#842=ORIENTED_EDGE('',*,*,#2430,.T.);
#843=ORIENTED_EDGE('',*,*,#2289,.F.);
#844=ORIENTED_EDGE('',*,*,#2431,.T.);
#845=ORIENTED_EDGE('',*,*,#2369,.T.);
#846=ORIENTED_EDGE('',*,*,#2432,.T.);
#847=ORIENTED_EDGE('',*,*,#2381,.F.);
#848=ORIENTED_EDGE('',*,*,#2433,.T.);
#849=ORIENTED_EDGE('',*,*,#2293,.T.);
#850=ORIENTED_EDGE('',*,*,#2434,.T.);
#851=ORIENTED_EDGE('',*,*,#2379,.T.);
#852=ORIENTED_EDGE('',*,*,#2435,.T.);
#853=ORIENTED_EDGE('',*,*,#2295,.F.);
#854=ORIENTED_EDGE('',*,*,#2436,.T.);
#855=ORIENTED_EDGE('',*,*,#2297,.F.);
#856=ORIENTED_EDGE('',*,*,#2437,.T.);
#857=ORIENTED_EDGE('',*,*,#2377,.T.);
#858=ORIENTED_EDGE('',*,*,#2438,.T.);
#859=ORIENTED_EDGE('',*,*,#2249,.T.);
#860=ORIENTED_EDGE('',*,*,#2439,.T.);
#861=ORIENTED_EDGE('',*,*,#2329,.F.);
#862=ORIENTED_EDGE('',*,*,#2440,.T.);
#863=ORIENTED_EDGE('',*,*,#2251,.F.);
#864=ORIENTED_EDGE('',*,*,#2441,.T.);
#865=ORIENTED_EDGE('',*,*,#2327,.T.);
#866=ORIENTED_EDGE('',*,*,#2442,.T.);
#867=ORIENTED_EDGE('',*,*,#2331,.F.);
#868=ORIENTED_EDGE('',*,*,#2443,.T.);
#869=ORIENTED_EDGE('',*,*,#2253,.T.);
#870=ORIENTED_EDGE('',*,*,#2444,.T.);
#871=ORIENTED_EDGE('',*,*,#2337,.F.);
#872=ORIENTED_EDGE('',*,*,#2445,.T.);
#873=ORIENTED_EDGE('',*,*,#2259,.T.);
#874=ORIENTED_EDGE('',*,*,#2446,.T.);
#875=ORIENTED_EDGE('',*,*,#2261,.T.);
#876=ORIENTED_EDGE('',*,*,#2447,.T.);
#877=ORIENTED_EDGE('',*,*,#2335,.F.);
#878=ORIENTED_EDGE('',*,*,#2448,.T.);
#879=ORIENTED_EDGE('',*,*,#2263,.F.);
#880=ORIENTED_EDGE('',*,*,#2449,.T.);
#881=ORIENTED_EDGE('',*,*,#2333,.T.);
#882=ORIENTED_EDGE('',*,*,#2450,.T.);
#883=ORIENTED_EDGE('',*,*,#2370,.F.);
#884=ORIENTED_EDGE('',*,*,#2431,.F.);
#885=ORIENTED_EDGE('',*,*,#2288,.F.);
#886=ORIENTED_EDGE('',*,*,#2429,.F.);
#887=ORIENTED_EDGE('',*,*,#2372,.F.);
#888=ORIENTED_EDGE('',*,*,#2430,.F.);
#889=ORIENTED_EDGE('',*,*,#2292,.F.);
#890=ORIENTED_EDGE('',*,*,#2427,.F.);
#891=ORIENTED_EDGE('',*,*,#2374,.F.);
#892=ORIENTED_EDGE('',*,*,#2428,.F.);
#893=ORIENTED_EDGE('',*,*,#2290,.F.);
#894=ORIENTED_EDGE('',*,*,#2432,.F.);
#895=ORIENTED_EDGE('',*,*,#2378,.F.);
#896=ORIENTED_EDGE('',*,*,#2437,.F.);
#897=ORIENTED_EDGE('',*,*,#2296,.F.);
#898=ORIENTED_EDGE('',*,*,#2435,.F.);
#899=ORIENTED_EDGE('',*,*,#2380,.F.);
#900=ORIENTED_EDGE('',*,*,#2436,.F.);
#901=ORIENTED_EDGE('',*,*,#2294,.F.);
#902=ORIENTED_EDGE('',*,*,#2433,.F.);
#903=ORIENTED_EDGE('',*,*,#2382,.F.);
#904=ORIENTED_EDGE('',*,*,#2434,.F.);
#905=ORIENTED_EDGE('',*,*,#2298,.F.);
#906=ORIENTED_EDGE('',*,*,#2438,.F.);
#907=ORIENTED_EDGE('',*,*,#2254,.F.);
#908=ORIENTED_EDGE('',*,*,#2443,.F.);
#909=ORIENTED_EDGE('',*,*,#2330,.F.);
#910=ORIENTED_EDGE('',*,*,#2439,.F.);
#911=ORIENTED_EDGE('',*,*,#2260,.F.);
#912=ORIENTED_EDGE('',*,*,#2445,.F.);
#913=ORIENTED_EDGE('',*,*,#2336,.F.);
#914=ORIENTED_EDGE('',*,*,#2447,.F.);
#915=ORIENTED_EDGE('',*,*,#2262,.F.);
#916=ORIENTED_EDGE('',*,*,#2448,.F.);
#917=ORIENTED_EDGE('',*,*,#2334,.F.);
#918=ORIENTED_EDGE('',*,*,#2449,.F.);
#919=ORIENTED_EDGE('',*,*,#2264,.F.);
#920=ORIENTED_EDGE('',*,*,#2450,.F.);
#921=ORIENTED_EDGE('',*,*,#2338,.F.);
#922=ORIENTED_EDGE('',*,*,#2446,.F.);
#923=ORIENTED_EDGE('',*,*,#2250,.F.);
#924=ORIENTED_EDGE('',*,*,#2440,.F.);
#925=ORIENTED_EDGE('',*,*,#2328,.F.);
#926=ORIENTED_EDGE('',*,*,#2441,.F.);
#927=ORIENTED_EDGE('',*,*,#2252,.F.);
#928=ORIENTED_EDGE('',*,*,#2442,.F.);
#929=ORIENTED_EDGE('',*,*,#2332,.F.);
#930=ORIENTED_EDGE('',*,*,#2444,.F.);
#931=ORIENTED_EDGE('',*,*,#2365,.F.);
#932=ORIENTED_EDGE('',*,*,#2451,.T.);
#933=ORIENTED_EDGE('',*,*,#2279,.T.);
#934=ORIENTED_EDGE('',*,*,#2452,.T.);
#935=ORIENTED_EDGE('',*,*,#2281,.T.);
#936=ORIENTED_EDGE('',*,*,#2453,.T.);
#937=ORIENTED_EDGE('',*,*,#2363,.F.);
#938=ORIENTED_EDGE('',*,*,#2454,.T.);
#939=ORIENTED_EDGE('',*,*,#2367,.F.);
#940=ORIENTED_EDGE('',*,*,#2455,.T.);
#941=ORIENTED_EDGE('',*,*,#2277,.T.);
#942=ORIENTED_EDGE('',*,*,#2456,.T.);
#943=ORIENTED_EDGE('',*,*,#2361,.T.);
#944=ORIENTED_EDGE('',*,*,#2457,.T.);
#945=ORIENTED_EDGE('',*,*,#2303,.F.);
#946=ORIENTED_EDGE('',*,*,#2458,.T.);
#947=ORIENTED_EDGE('',*,*,#2299,.T.);
#948=ORIENTED_EDGE('',*,*,#2459,.T.);
#949=ORIENTED_EDGE('',*,*,#2359,.F.);
#950=ORIENTED_EDGE('',*,*,#2460,.T.);
#951=ORIENTED_EDGE('',*,*,#2357,.T.);
#952=ORIENTED_EDGE('',*,*,#2461,.T.);
#953=ORIENTED_EDGE('',*,*,#2301,.F.);
#954=ORIENTED_EDGE('',*,*,#2462,.T.);
#955=ORIENTED_EDGE('',*,*,#2317,.T.);
#956=ORIENTED_EDGE('',*,*,#2463,.T.);
#957=ORIENTED_EDGE('',*,*,#2247,.F.);
#958=ORIENTED_EDGE('',*,*,#2464,.T.);
#959=ORIENTED_EDGE('',*,*,#2243,.F.);
#960=ORIENTED_EDGE('',*,*,#2465,.T.);
#961=ORIENTED_EDGE('',*,*,#2321,.T.);
#962=ORIENTED_EDGE('',*,*,#2466,.T.);
#963=ORIENTED_EDGE('',*,*,#2319,.T.);
#964=ORIENTED_EDGE('',*,*,#2467,.T.);
#965=ORIENTED_EDGE('',*,*,#2245,.F.);
#966=ORIENTED_EDGE('',*,*,#2468,.T.);
#967=ORIENTED_EDGE('',*,*,#2341,.F.);
#968=ORIENTED_EDGE('',*,*,#2469,.T.);
#969=ORIENTED_EDGE('',*,*,#2237,.T.);
#970=ORIENTED_EDGE('',*,*,#2470,.T.);
#971=ORIENTED_EDGE('',*,*,#2339,.T.);
#972=ORIENTED_EDGE('',*,*,#2471,.T.);
#973=ORIENTED_EDGE('',*,*,#2239,.F.);
#974=ORIENTED_EDGE('',*,*,#2472,.T.);
#975=ORIENTED_EDGE('',*,*,#2241,.T.);
#976=ORIENTED_EDGE('',*,*,#2473,.T.);
#977=ORIENTED_EDGE('',*,*,#2343,.F.);
#978=ORIENTED_EDGE('',*,*,#2474,.T.);
#979=ORIENTED_EDGE('',*,*,#2360,.F.);
#980=ORIENTED_EDGE('',*,*,#2459,.F.);
#981=ORIENTED_EDGE('',*,*,#2304,.F.);
#982=ORIENTED_EDGE('',*,*,#2457,.F.);
#983=ORIENTED_EDGE('',*,*,#2362,.F.);
#984=ORIENTED_EDGE('',*,*,#2458,.F.);
#985=ORIENTED_EDGE('',*,*,#2302,.F.);
#986=ORIENTED_EDGE('',*,*,#2461,.F.);
#987=ORIENTED_EDGE('',*,*,#2364,.F.);
#988=ORIENTED_EDGE('',*,*,#2453,.F.);
#989=ORIENTED_EDGE('',*,*,#2280,.F.);
#990=ORIENTED_EDGE('',*,*,#2451,.F.);
#991=ORIENTED_EDGE('',*,*,#2358,.F.);
#992=ORIENTED_EDGE('',*,*,#2462,.F.);
#993=ORIENTED_EDGE('',*,*,#2300,.F.);
#994=ORIENTED_EDGE('',*,*,#2460,.F.);
#995=ORIENTED_EDGE('',*,*,#2366,.F.);
#996=ORIENTED_EDGE('',*,*,#2452,.F.);
#997=ORIENTED_EDGE('',*,*,#2278,.F.);
#998=ORIENTED_EDGE('',*,*,#2455,.F.);
#999=ORIENTED_EDGE('',*,*,#2368,.F.);
#1000=ORIENTED_EDGE('',*,*,#2456,.F.);
#1001=ORIENTED_EDGE('',*,*,#2282,.F.);
#1002=ORIENTED_EDGE('',*,*,#2454,.F.);
#1003=ORIENTED_EDGE('',*,*,#2240,.F.);
#1004=ORIENTED_EDGE('',*,*,#2471,.F.);
#1005=ORIENTED_EDGE('',*,*,#2344,.F.);
#1006=ORIENTED_EDGE('',*,*,#2473,.F.);
#1007=ORIENTED_EDGE('',*,*,#2248,.F.);
#1008=ORIENTED_EDGE('',*,*,#2463,.F.);
#1009=ORIENTED_EDGE('',*,*,#2322,.F.);
#1010=ORIENTED_EDGE('',*,*,#2465,.F.);
#1011=ORIENTED_EDGE('',*,*,#2246,.F.);
#1012=ORIENTED_EDGE('',*,*,#2467,.F.);
#1013=ORIENTED_EDGE('',*,*,#2318,.F.);
#1014=ORIENTED_EDGE('',*,*,#2464,.F.);
#1015=ORIENTED_EDGE('',*,*,#2244,.F.);
#1016=ORIENTED_EDGE('',*,*,#2466,.F.);
#1017=ORIENTED_EDGE('',*,*,#2320,.F.);
#1018=ORIENTED_EDGE('',*,*,#2468,.F.);
#1019=ORIENTED_EDGE('',*,*,#2238,.F.);
#1020=ORIENTED_EDGE('',*,*,#2469,.F.);
#1021=ORIENTED_EDGE('',*,*,#2340,.F.);
#1022=ORIENTED_EDGE('',*,*,#2472,.F.);
#1023=ORIENTED_EDGE('',*,*,#2242,.F.);
#1024=ORIENTED_EDGE('',*,*,#2474,.F.);
#1025=ORIENTED_EDGE('',*,*,#2342,.F.);
#1026=ORIENTED_EDGE('',*,*,#2470,.F.);
#1027=ORIENTED_EDGE('',*,*,#2309,.T.);
#1028=ORIENTED_EDGE('',*,*,#2475,.T.);
#1029=ORIENTED_EDGE('',*,*,#2387,.F.);
#1030=ORIENTED_EDGE('',*,*,#2476,.T.);
#1031=ORIENTED_EDGE('',*,*,#2385,.F.);
#1032=ORIENTED_EDGE('',*,*,#2477,.T.);
#1033=ORIENTED_EDGE('',*,*,#2305,.T.);
#1034=ORIENTED_EDGE('',*,*,#2478,.T.);
#1035=ORIENTED_EDGE('',*,*,#2307,.F.);
#1036=ORIENTED_EDGE('',*,*,#2479,.T.);
#1037=ORIENTED_EDGE('',*,*,#2383,.T.);
#1038=ORIENTED_EDGE('',*,*,#2480,.T.);
#1039=ORIENTED_EDGE('',*,*,#2273,.F.);
#1040=ORIENTED_EDGE('',*,*,#2481,.T.);
#1041=ORIENTED_EDGE('',*,*,#2351,.T.);
#1042=ORIENTED_EDGE('',*,*,#2482,.T.);
#1043=ORIENTED_EDGE('',*,*,#2355,.F.);
#1044=ORIENTED_EDGE('',*,*,#2483,.T.);
#1045=ORIENTED_EDGE('',*,*,#2275,.T.);
#1046=ORIENTED_EDGE('',*,*,#2484,.T.);
#1047=ORIENTED_EDGE('',*,*,#2353,.F.);
#1048=ORIENTED_EDGE('',*,*,#2485,.T.);
#1049=ORIENTED_EDGE('',*,*,#2271,.T.);
#1050=ORIENTED_EDGE('',*,*,#2486,.T.);
#1051=ORIENTED_EDGE('',*,*,#2265,.T.);
#1052=ORIENTED_EDGE('',*,*,#2487,.T.);
#1053=ORIENTED_EDGE('',*,*,#2347,.F.);
#1054=ORIENTED_EDGE('',*,*,#2488,.T.);
#1055=ORIENTED_EDGE('',*,*,#2345,.T.);
#1056=ORIENTED_EDGE('',*,*,#2489,.T.);
#1057=ORIENTED_EDGE('',*,*,#2267,.F.);
#1058=ORIENTED_EDGE('',*,*,#2490,.T.);
#1059=ORIENTED_EDGE('',*,*,#2349,.T.);
#1060=ORIENTED_EDGE('',*,*,#2491,.T.);
#1061=ORIENTED_EDGE('',*,*,#2269,.F.);
#1062=ORIENTED_EDGE('',*,*,#2492,.T.);
#1063=ORIENTED_EDGE('',*,*,#2233,.F.);
#1064=ORIENTED_EDGE('',*,*,#2493,.T.);
#1065=ORIENTED_EDGE('',*,*,#2311,.T.);
#1066=ORIENTED_EDGE('',*,*,#2494,.T.);
#1067=ORIENTED_EDGE('',*,*,#2315,.T.);
#1068=ORIENTED_EDGE('',*,*,#2495,.T.);
#1069=ORIENTED_EDGE('',*,*,#2235,.F.);
#1070=ORIENTED_EDGE('',*,*,#2496,.T.);
#1071=ORIENTED_EDGE('',*,*,#2231,.T.);
#1072=ORIENTED_EDGE('',*,*,#2497,.T.);
#1073=ORIENTED_EDGE('',*,*,#2313,.F.);
#1074=ORIENTED_EDGE('',*,*,#2498,.T.);
#1075=ORIENTED_EDGE('',*,*,#2270,.F.);
#1076=ORIENTED_EDGE('',*,*,#2491,.F.);
#1077=ORIENTED_EDGE('',*,*,#2348,.F.);
#1078=ORIENTED_EDGE('',*,*,#2487,.F.);
#1079=ORIENTED_EDGE('',*,*,#2268,.F.);
#1080=ORIENTED_EDGE('',*,*,#2489,.F.);
#1081=ORIENTED_EDGE('',*,*,#2350,.F.);
#1082=ORIENTED_EDGE('',*,*,#2492,.F.);
#1083=ORIENTED_EDGE('',*,*,#2266,.F.);
#1084=ORIENTED_EDGE('',*,*,#2488,.F.);
#1085=ORIENTED_EDGE('',*,*,#2346,.F.);
#1086=ORIENTED_EDGE('',*,*,#2490,.F.);
#1087=ORIENTED_EDGE('',*,*,#2236,.F.);
#1088=ORIENTED_EDGE('',*,*,#2495,.F.);
#1089=ORIENTED_EDGE('',*,*,#2314,.F.);
#1090=ORIENTED_EDGE('',*,*,#2497,.F.);
#1091=ORIENTED_EDGE('',*,*,#2232,.F.);
#1092=ORIENTED_EDGE('',*,*,#2498,.F.);
#1093=ORIENTED_EDGE('',*,*,#2312,.F.);
#1094=ORIENTED_EDGE('',*,*,#2493,.F.);
#1095=ORIENTED_EDGE('',*,*,#2234,.F.);
#1096=ORIENTED_EDGE('',*,*,#2494,.F.);
#1097=ORIENTED_EDGE('',*,*,#2316,.F.);
#1098=ORIENTED_EDGE('',*,*,#2496,.F.);
#1099=ORIENTED_EDGE('',*,*,#2352,.F.);
#1100=ORIENTED_EDGE('',*,*,#2481,.F.);
#1101=ORIENTED_EDGE('',*,*,#2272,.F.);
#1102=ORIENTED_EDGE('',*,*,#2485,.F.);
#1103=ORIENTED_EDGE('',*,*,#2354,.F.);
#1104=ORIENTED_EDGE('',*,*,#2486,.F.);
#1105=ORIENTED_EDGE('',*,*,#2276,.F.);
#1106=ORIENTED_EDGE('',*,*,#2483,.F.);
#1107=ORIENTED_EDGE('',*,*,#2356,.F.);
#1108=ORIENTED_EDGE('',*,*,#2484,.F.);
#1109=ORIENTED_EDGE('',*,*,#2274,.F.);
#1110=ORIENTED_EDGE('',*,*,#2482,.F.);
#1111=ORIENTED_EDGE('',*,*,#2384,.F.);
#1112=ORIENTED_EDGE('',*,*,#2479,.F.);
#1113=ORIENTED_EDGE('',*,*,#2306,.F.);
#1114=ORIENTED_EDGE('',*,*,#2477,.F.);
#1115=ORIENTED_EDGE('',*,*,#2388,.F.);
#1116=ORIENTED_EDGE('',*,*,#2475,.F.);
#1117=ORIENTED_EDGE('',*,*,#2308,.F.);
#1118=ORIENTED_EDGE('',*,*,#2480,.F.);
#1119=ORIENTED_EDGE('',*,*,#2386,.F.);
#1120=ORIENTED_EDGE('',*,*,#2478,.F.);
#1121=ORIENTED_EDGE('',*,*,#2310,.F.);
#1122=ORIENTED_EDGE('',*,*,#2476,.F.);
#1123=ORIENTED_EDGE('',*,*,#2499,.T.);
#1124=ORIENTED_EDGE('',*,*,#2220,.T.);
#1125=ORIENTED_EDGE('',*,*,#2500,.F.);
#1126=ORIENTED_EDGE('',*,*,#2130,.F.);
#1127=ORIENTED_EDGE('',*,*,#2133,.T.);
#1128=ORIENTED_EDGE('',*,*,#2501,.T.);
#1129=ORIENTED_EDGE('',*,*,#2221,.F.);
#1130=ORIENTED_EDGE('',*,*,#2499,.F.);
#1131=ORIENTED_EDGE('',*,*,#2132,.T.);
#1132=ORIENTED_EDGE('',*,*,#2502,.T.);
#1133=ORIENTED_EDGE('',*,*,#2222,.F.);
#1134=ORIENTED_EDGE('',*,*,#2501,.F.);
#1135=ORIENTED_EDGE('',*,*,#2500,.T.);
#1136=ORIENTED_EDGE('',*,*,#2219,.T.);
#1137=ORIENTED_EDGE('',*,*,#2502,.F.);
#1138=ORIENTED_EDGE('',*,*,#2131,.F.);
#1139=ORIENTED_EDGE('',*,*,#2503,.T.);
#1140=ORIENTED_EDGE('',*,*,#2201,.T.);
#1141=ORIENTED_EDGE('',*,*,#2049,.T.);
#1142=ORIENTED_EDGE('',*,*,#2504,.F.);
#1143=ORIENTED_EDGE('',*,*,#2067,.F.);
#1144=ORIENTED_EDGE('',*,*,#2066,.T.);
#1145=ORIENTED_EDGE('',*,*,#2505,.T.);
#1146=ORIENTED_EDGE('',*,*,#2202,.F.);
#1147=ORIENTED_EDGE('',*,*,#2503,.F.);
#1148=ORIENTED_EDGE('',*,*,#2506,.T.);
#1149=ORIENTED_EDGE('',*,*,#2203,.T.);
#1150=ORIENTED_EDGE('',*,*,#2505,.F.);
#1151=ORIENTED_EDGE('',*,*,#2065,.F.);
#1152=ORIENTED_EDGE('',*,*,#2504,.T.);
#1153=ORIENTED_EDGE('',*,*,#2048,.T.);
#1154=ORIENTED_EDGE('',*,*,#2204,.T.);
#1155=ORIENTED_EDGE('',*,*,#2506,.F.);
#1156=ORIENTED_EDGE('',*,*,#2064,.F.);
#1157=ORIENTED_EDGE('',*,*,#2507,.T.);
#1158=ORIENTED_EDGE('',*,*,#2224,.T.);
#1159=ORIENTED_EDGE('',*,*,#2508,.F.);
#1160=ORIENTED_EDGE('',*,*,#2134,.F.);
#1161=ORIENTED_EDGE('',*,*,#2137,.T.);
#1162=ORIENTED_EDGE('',*,*,#2509,.T.);
#1163=ORIENTED_EDGE('',*,*,#2225,.F.);
#1164=ORIENTED_EDGE('',*,*,#2507,.F.);
#1165=ORIENTED_EDGE('',*,*,#2136,.T.);
#1166=ORIENTED_EDGE('',*,*,#2510,.T.);
#1167=ORIENTED_EDGE('',*,*,#2226,.F.);
#1168=ORIENTED_EDGE('',*,*,#2509,.F.);
#1169=ORIENTED_EDGE('',*,*,#2508,.T.);
#1170=ORIENTED_EDGE('',*,*,#2223,.T.);
#1171=ORIENTED_EDGE('',*,*,#2510,.F.);
#1172=ORIENTED_EDGE('',*,*,#2135,.F.);
#1173=ORIENTED_EDGE('',*,*,#2511,.T.);
#1174=ORIENTED_EDGE('',*,*,#2189,.T.);
#1175=ORIENTED_EDGE('',*,*,#2512,.F.);
#1176=ORIENTED_EDGE('',*,*,#2138,.F.);
#1177=ORIENTED_EDGE('',*,*,#2141,.T.);
#1178=ORIENTED_EDGE('',*,*,#2513,.T.);
#1179=ORIENTED_EDGE('',*,*,#2190,.F.);
#1180=ORIENTED_EDGE('',*,*,#2511,.F.);
#1181=ORIENTED_EDGE('',*,*,#2140,.T.);
#1182=ORIENTED_EDGE('',*,*,#2514,.T.);
#1183=ORIENTED_EDGE('',*,*,#2191,.F.);
#1184=ORIENTED_EDGE('',*,*,#2513,.F.);
#1185=ORIENTED_EDGE('',*,*,#2512,.T.);
#1186=ORIENTED_EDGE('',*,*,#2188,.T.);
#1187=ORIENTED_EDGE('',*,*,#2514,.F.);
#1188=ORIENTED_EDGE('',*,*,#2139,.F.);
#1189=ORIENTED_EDGE('',*,*,#2515,.T.);
#1190=ORIENTED_EDGE('',*,*,#2228,.T.);
#1191=ORIENTED_EDGE('',*,*,#2516,.F.);
#1192=ORIENTED_EDGE('',*,*,#2142,.F.);
#1193=ORIENTED_EDGE('',*,*,#2517,.T.);
#1194=ORIENTED_EDGE('',*,*,#2229,.T.);
#1195=ORIENTED_EDGE('',*,*,#2515,.F.);
#1196=ORIENTED_EDGE('',*,*,#2145,.F.);
#1197=ORIENTED_EDGE('',*,*,#2144,.T.);
#1198=ORIENTED_EDGE('',*,*,#2518,.T.);
#1199=ORIENTED_EDGE('',*,*,#2230,.F.);
#1200=ORIENTED_EDGE('',*,*,#2517,.F.);
#1201=ORIENTED_EDGE('',*,*,#2516,.T.);
#1202=ORIENTED_EDGE('',*,*,#2227,.T.);
#1203=ORIENTED_EDGE('',*,*,#2518,.F.);
#1204=ORIENTED_EDGE('',*,*,#2143,.F.);
#1205=ORIENTED_EDGE('',*,*,#2519,.T.);
#1206=ORIENTED_EDGE('',*,*,#2197,.T.);
#1207=ORIENTED_EDGE('',*,*,#2520,.F.);
#1208=ORIENTED_EDGE('',*,*,#2072,.F.);
#1209=ORIENTED_EDGE('',*,*,#2521,.T.);
#1210=ORIENTED_EDGE('',*,*,#2417,.T.);
#1211=ORIENTED_EDGE('',*,*,#2198,.T.);
#1212=ORIENTED_EDGE('',*,*,#2519,.F.);
#1213=ORIENTED_EDGE('',*,*,#2071,.F.);
#1214=ORIENTED_EDGE('',*,*,#2074,.T.);
#1215=ORIENTED_EDGE('',*,*,#2522,.T.);
#1216=ORIENTED_EDGE('',*,*,#2195,.F.);
#1217=ORIENTED_EDGE('',*,*,#2418,.F.);
#1218=ORIENTED_EDGE('',*,*,#2521,.F.);
#1219=ORIENTED_EDGE('',*,*,#2073,.T.);
#1220=ORIENTED_EDGE('',*,*,#2520,.T.);
#1221=ORIENTED_EDGE('',*,*,#2196,.F.);
#1222=ORIENTED_EDGE('',*,*,#2522,.F.);
#1223=ORIENTED_EDGE('',*,*,#2523,.T.);
#1224=ORIENTED_EDGE('',*,*,#1859,.F.);
#1225=ORIENTED_EDGE('',*,*,#2524,.F.);
#1226=ORIENTED_EDGE('',*,*,#2022,.F.);
#1227=ORIENTED_EDGE('',*,*,#2023,.T.);
#1228=ORIENTED_EDGE('',*,*,#2524,.T.);
#1229=ORIENTED_EDGE('',*,*,#1862,.T.);
#1230=ORIENTED_EDGE('',*,*,#2525,.F.);
#1231=ORIENTED_EDGE('',*,*,#2024,.T.);
#1232=ORIENTED_EDGE('',*,*,#2525,.T.);
#1233=ORIENTED_EDGE('',*,*,#1861,.T.);
#1234=ORIENTED_EDGE('',*,*,#2526,.F.);
#1235=ORIENTED_EDGE('',*,*,#2526,.T.);
#1236=ORIENTED_EDGE('',*,*,#1860,.F.);
#1237=ORIENTED_EDGE('',*,*,#2523,.F.);
#1238=ORIENTED_EDGE('',*,*,#2021,.F.);
#1239=ORIENTED_EDGE('',*,*,#2044,.T.);
#1240=ORIENTED_EDGE('',*,*,#2527,.T.);
#1241=ORIENTED_EDGE('',*,*,#1933,.F.);
#1242=ORIENTED_EDGE('',*,*,#2528,.F.);
#1243=ORIENTED_EDGE('',*,*,#1967,.F.);
#1244=ORIENTED_EDGE('',*,*,#2528,.T.);
#1245=ORIENTED_EDGE('',*,*,#1932,.F.);
#1246=ORIENTED_EDGE('',*,*,#2529,.F.);
#1247=ORIENTED_EDGE('',*,*,#1968,.F.);
#1248=ORIENTED_EDGE('',*,*,#1969,.T.);
#1249=ORIENTED_EDGE('',*,*,#2529,.T.);
#1250=ORIENTED_EDGE('',*,*,#1931,.T.);
#1251=ORIENTED_EDGE('',*,*,#2530,.F.);
#1252=ORIENTED_EDGE('',*,*,#2530,.T.);
#1253=ORIENTED_EDGE('',*,*,#1930,.F.);
#1254=ORIENTED_EDGE('',*,*,#2527,.F.);
#1255=ORIENTED_EDGE('',*,*,#2043,.T.);
#1256=ORIENTED_EDGE('',*,*,#1970,.F.);
#1257=ORIENTED_EDGE('',*,*,#2531,.T.);
#1258=ORIENTED_EDGE('',*,*,#1855,.F.);
#1259=ORIENTED_EDGE('',*,*,#2532,.F.);
#1260=ORIENTED_EDGE('',*,*,#2026,.F.);
#1261=ORIENTED_EDGE('',*,*,#2027,.T.);
#1262=ORIENTED_EDGE('',*,*,#2532,.T.);
#1263=ORIENTED_EDGE('',*,*,#1858,.T.);
#1264=ORIENTED_EDGE('',*,*,#2533,.F.);
#1265=ORIENTED_EDGE('',*,*,#2028,.T.);
#1266=ORIENTED_EDGE('',*,*,#2533,.T.);
#1267=ORIENTED_EDGE('',*,*,#1857,.T.);
#1268=ORIENTED_EDGE('',*,*,#2534,.F.);
#1269=ORIENTED_EDGE('',*,*,#2534,.T.);
#1270=ORIENTED_EDGE('',*,*,#1856,.F.);
#1271=ORIENTED_EDGE('',*,*,#2531,.F.);
#1272=ORIENTED_EDGE('',*,*,#2025,.F.);
#1273=ORIENTED_EDGE('',*,*,#2535,.T.);
#1274=ORIENTED_EDGE('',*,*,#1863,.F.);
#1275=ORIENTED_EDGE('',*,*,#2536,.F.);
#1276=ORIENTED_EDGE('',*,*,#2030,.F.);
#1277=ORIENTED_EDGE('',*,*,#2031,.T.);
#1278=ORIENTED_EDGE('',*,*,#2536,.T.);
#1279=ORIENTED_EDGE('',*,*,#1866,.T.);
#1280=ORIENTED_EDGE('',*,*,#2537,.F.);
#1281=ORIENTED_EDGE('',*,*,#2032,.T.);
#1282=ORIENTED_EDGE('',*,*,#2537,.T.);
#1283=ORIENTED_EDGE('',*,*,#1865,.T.);
#1284=ORIENTED_EDGE('',*,*,#2538,.F.);
#1285=ORIENTED_EDGE('',*,*,#2538,.T.);
#1286=ORIENTED_EDGE('',*,*,#1864,.F.);
#1287=ORIENTED_EDGE('',*,*,#2535,.F.);
#1288=ORIENTED_EDGE('',*,*,#2029,.F.);
#1289=ORIENTED_EDGE('',*,*,#2539,.T.);
#1290=ORIENTED_EDGE('',*,*,#1851,.F.);
#1291=ORIENTED_EDGE('',*,*,#2540,.F.);
#1292=ORIENTED_EDGE('',*,*,#2034,.F.);
#1293=ORIENTED_EDGE('',*,*,#2035,.T.);
#1294=ORIENTED_EDGE('',*,*,#2540,.T.);
#1295=ORIENTED_EDGE('',*,*,#1854,.T.);
#1296=ORIENTED_EDGE('',*,*,#2541,.F.);
#1297=ORIENTED_EDGE('',*,*,#2541,.T.);
#1298=ORIENTED_EDGE('',*,*,#1853,.F.);
#1299=ORIENTED_EDGE('',*,*,#2542,.F.);
#1300=ORIENTED_EDGE('',*,*,#2036,.F.);
#1301=ORIENTED_EDGE('',*,*,#2542,.T.);
#1302=ORIENTED_EDGE('',*,*,#1852,.F.);
#1303=ORIENTED_EDGE('',*,*,#2539,.F.);
#1304=ORIENTED_EDGE('',*,*,#2033,.F.);
#1305=ORIENTED_EDGE('',*,*,#1976,.T.);
#1306=ORIENTED_EDGE('',*,*,#2543,.T.);
#1307=ORIENTED_EDGE('',*,*,#1924,.T.);
#1308=ORIENTED_EDGE('',*,*,#2544,.F.);
#1309=ORIENTED_EDGE('',*,*,#1977,.T.);
#1310=ORIENTED_EDGE('',*,*,#2544,.T.);
#1311=ORIENTED_EDGE('',*,*,#1923,.T.);
#1312=ORIENTED_EDGE('',*,*,#2545,.F.);
#1313=ORIENTED_EDGE('',*,*,#2399,.F.);
#1314=ORIENTED_EDGE('',*,*,#2400,.T.);
#1315=ORIENTED_EDGE('',*,*,#2545,.T.);
#1316=ORIENTED_EDGE('',*,*,#1926,.F.);
#1317=ORIENTED_EDGE('',*,*,#2546,.F.);
#1318=ORIENTED_EDGE('',*,*,#1974,.F.);
#1319=ORIENTED_EDGE('',*,*,#2546,.T.);
#1320=ORIENTED_EDGE('',*,*,#1925,.F.);
#1321=ORIENTED_EDGE('',*,*,#2543,.F.);
#1322=ORIENTED_EDGE('',*,*,#1975,.F.);
#1323=ORIENTED_EDGE('',*,*,#2117,.T.);
#1324=ORIENTED_EDGE('',*,*,#2547,.T.);
#1325=ORIENTED_EDGE('',*,*,#2414,.F.);
#1326=ORIENTED_EDGE('',*,*,#2548,.F.);
#1327=ORIENTED_EDGE('',*,*,#2116,.T.);
#1328=ORIENTED_EDGE('',*,*,#2549,.T.);
#1329=ORIENTED_EDGE('',*,*,#2212,.F.);
#1330=ORIENTED_EDGE('',*,*,#2415,.F.);
#1331=ORIENTED_EDGE('',*,*,#2547,.F.);
#1332=ORIENTED_EDGE('',*,*,#2112,.T.);
#1333=ORIENTED_EDGE('',*,*,#2548,.T.);
#1334=ORIENTED_EDGE('',*,*,#2413,.F.);
#1335=ORIENTED_EDGE('',*,*,#2216,.F.);
#1336=ORIENTED_EDGE('',*,*,#2550,.F.);
#1337=ORIENTED_EDGE('',*,*,#2115,.T.);
#1338=ORIENTED_EDGE('',*,*,#2551,.T.);
#1339=ORIENTED_EDGE('',*,*,#2213,.F.);
#1340=ORIENTED_EDGE('',*,*,#2549,.F.);
#1341=ORIENTED_EDGE('',*,*,#2114,.T.);
#1342=ORIENTED_EDGE('',*,*,#2552,.T.);
#1343=ORIENTED_EDGE('',*,*,#2214,.F.);
#1344=ORIENTED_EDGE('',*,*,#2551,.F.);
#1345=ORIENTED_EDGE('',*,*,#2113,.T.);
#1346=ORIENTED_EDGE('',*,*,#2550,.T.);
#1347=ORIENTED_EDGE('',*,*,#2215,.F.);
#1348=ORIENTED_EDGE('',*,*,#2552,.F.);
#1349=ORIENTED_EDGE('',*,*,#2553,.T.);
#1350=ORIENTED_EDGE('',*,*,#1881,.T.);
#1351=ORIENTED_EDGE('',*,*,#2554,.F.);
#1352=ORIENTED_EDGE('',*,*,#2403,.F.);
#1353=ORIENTED_EDGE('',*,*,#1949,.T.);
#1354=ORIENTED_EDGE('',*,*,#2404,.F.);
#1355=ORIENTED_EDGE('',*,*,#2554,.T.);
#1356=ORIENTED_EDGE('',*,*,#1880,.T.);
#1357=ORIENTED_EDGE('',*,*,#2555,.F.);
#1358=ORIENTED_EDGE('',*,*,#1950,.T.);
#1359=ORIENTED_EDGE('',*,*,#2555,.T.);
#1360=ORIENTED_EDGE('',*,*,#1879,.T.);
#1361=ORIENTED_EDGE('',*,*,#2556,.F.);
#1362=ORIENTED_EDGE('',*,*,#1951,.T.);
#1363=ORIENTED_EDGE('',*,*,#2556,.T.);
#1364=ORIENTED_EDGE('',*,*,#1884,.T.);
#1365=ORIENTED_EDGE('',*,*,#2557,.F.);
#1366=ORIENTED_EDGE('',*,*,#1952,.T.);
#1367=ORIENTED_EDGE('',*,*,#2557,.T.);
#1368=ORIENTED_EDGE('',*,*,#1883,.T.);
#1369=ORIENTED_EDGE('',*,*,#2558,.F.);
#1370=ORIENTED_EDGE('',*,*,#1953,.T.);
#1371=ORIENTED_EDGE('',*,*,#2558,.T.);
#1372=ORIENTED_EDGE('',*,*,#1882,.T.);
#1373=ORIENTED_EDGE('',*,*,#2553,.F.);
#1374=ORIENTED_EDGE('',*,*,#2402,.F.);
#1375=ORIENTED_EDGE('',*,*,#2129,.T.);
#1376=ORIENTED_EDGE('',*,*,#2559,.T.);
#1377=ORIENTED_EDGE('',*,*,#2184,.F.);
#1378=ORIENTED_EDGE('',*,*,#2560,.F.);
#1379=ORIENTED_EDGE('',*,*,#2128,.T.);
#1380=ORIENTED_EDGE('',*,*,#2561,.T.);
#1381=ORIENTED_EDGE('',*,*,#2185,.F.);
#1382=ORIENTED_EDGE('',*,*,#2559,.F.);
#1383=ORIENTED_EDGE('',*,*,#2127,.T.);
#1384=ORIENTED_EDGE('',*,*,#2562,.T.);
#1385=ORIENTED_EDGE('',*,*,#2186,.F.);
#1386=ORIENTED_EDGE('',*,*,#2561,.F.);
#1387=ORIENTED_EDGE('',*,*,#2126,.T.);
#1388=ORIENTED_EDGE('',*,*,#2563,.T.);
#1389=ORIENTED_EDGE('',*,*,#2187,.F.);
#1390=ORIENTED_EDGE('',*,*,#2562,.F.);
#1391=ORIENTED_EDGE('',*,*,#2125,.T.);
#1392=ORIENTED_EDGE('',*,*,#2564,.T.);
#1393=ORIENTED_EDGE('',*,*,#2182,.F.);
#1394=ORIENTED_EDGE('',*,*,#2563,.F.);
#1395=ORIENTED_EDGE('',*,*,#2124,.T.);
#1396=ORIENTED_EDGE('',*,*,#2560,.T.);
#1397=ORIENTED_EDGE('',*,*,#2183,.F.);
#1398=ORIENTED_EDGE('',*,*,#2564,.F.);
#1399=ORIENTED_EDGE('',*,*,#2123,.T.);
#1400=ORIENTED_EDGE('',*,*,#2565,.T.);
#1401=ORIENTED_EDGE('',*,*,#2178,.F.);
#1402=ORIENTED_EDGE('',*,*,#2566,.F.);
#1403=ORIENTED_EDGE('',*,*,#2122,.T.);
#1404=ORIENTED_EDGE('',*,*,#2567,.T.);
#1405=ORIENTED_EDGE('',*,*,#2179,.F.);
#1406=ORIENTED_EDGE('',*,*,#2565,.F.);
#1407=ORIENTED_EDGE('',*,*,#2121,.T.);
#1408=ORIENTED_EDGE('',*,*,#2568,.T.);
#1409=ORIENTED_EDGE('',*,*,#2180,.F.);
#1410=ORIENTED_EDGE('',*,*,#2567,.F.);
#1411=ORIENTED_EDGE('',*,*,#2120,.T.);
#1412=ORIENTED_EDGE('',*,*,#2569,.T.);
#1413=ORIENTED_EDGE('',*,*,#2181,.F.);
#1414=ORIENTED_EDGE('',*,*,#2568,.F.);
#1415=ORIENTED_EDGE('',*,*,#2119,.T.);
#1416=ORIENTED_EDGE('',*,*,#2570,.T.);
#1417=ORIENTED_EDGE('',*,*,#2176,.F.);
#1418=ORIENTED_EDGE('',*,*,#2569,.F.);
#1419=ORIENTED_EDGE('',*,*,#2118,.T.);
#1420=ORIENTED_EDGE('',*,*,#2566,.T.);
#1421=ORIENTED_EDGE('',*,*,#2177,.F.);
#1422=ORIENTED_EDGE('',*,*,#2570,.F.);
#1423=ORIENTED_EDGE('',*,*,#2111,.T.);
#1424=ORIENTED_EDGE('',*,*,#2571,.T.);
#1425=ORIENTED_EDGE('',*,*,#2172,.F.);
#1426=ORIENTED_EDGE('',*,*,#2572,.F.);
#1427=ORIENTED_EDGE('',*,*,#2110,.T.);
#1428=ORIENTED_EDGE('',*,*,#2573,.T.);
#1429=ORIENTED_EDGE('',*,*,#2173,.F.);
#1430=ORIENTED_EDGE('',*,*,#2571,.F.);
#1431=ORIENTED_EDGE('',*,*,#2109,.T.);
#1432=ORIENTED_EDGE('',*,*,#2574,.T.);
#1433=ORIENTED_EDGE('',*,*,#2174,.F.);
#1434=ORIENTED_EDGE('',*,*,#2573,.F.);
#1435=ORIENTED_EDGE('',*,*,#2108,.T.);
#1436=ORIENTED_EDGE('',*,*,#2575,.T.);
#1437=ORIENTED_EDGE('',*,*,#2175,.F.);
#1438=ORIENTED_EDGE('',*,*,#2574,.F.);
#1439=ORIENTED_EDGE('',*,*,#2107,.T.);
#1440=ORIENTED_EDGE('',*,*,#2576,.T.);
#1441=ORIENTED_EDGE('',*,*,#2170,.F.);
#1442=ORIENTED_EDGE('',*,*,#2575,.F.);
#1443=ORIENTED_EDGE('',*,*,#2106,.T.);
#1444=ORIENTED_EDGE('',*,*,#2572,.T.);
#1445=ORIENTED_EDGE('',*,*,#2171,.F.);
#1446=ORIENTED_EDGE('',*,*,#2576,.F.);
#1447=ORIENTED_EDGE('',*,*,#2105,.T.);
#1448=ORIENTED_EDGE('',*,*,#2577,.T.);
#1449=ORIENTED_EDGE('',*,*,#2055,.F.);
#1450=ORIENTED_EDGE('',*,*,#2209,.F.);
#1451=ORIENTED_EDGE('',*,*,#2578,.F.);
#1452=ORIENTED_EDGE('',*,*,#2103,.T.);
#1453=ORIENTED_EDGE('',*,*,#2579,.T.);
#1454=ORIENTED_EDGE('',*,*,#2205,.F.);
#1455=ORIENTED_EDGE('',*,*,#2046,.F.);
#1456=ORIENTED_EDGE('',*,*,#2580,.F.);
#1457=ORIENTED_EDGE('',*,*,#2102,.T.);
#1458=ORIENTED_EDGE('',*,*,#2581,.T.);
#1459=ORIENTED_EDGE('',*,*,#2206,.F.);
#1460=ORIENTED_EDGE('',*,*,#2579,.F.);
#1461=ORIENTED_EDGE('',*,*,#2101,.T.);
#1462=ORIENTED_EDGE('',*,*,#2582,.T.);
#1463=ORIENTED_EDGE('',*,*,#2207,.F.);
#1464=ORIENTED_EDGE('',*,*,#2581,.F.);
#1465=ORIENTED_EDGE('',*,*,#2100,.T.);
#1466=ORIENTED_EDGE('',*,*,#2578,.T.);
#1467=ORIENTED_EDGE('',*,*,#2208,.F.);
#1468=ORIENTED_EDGE('',*,*,#2582,.F.);
#1469=ORIENTED_EDGE('',*,*,#2577,.F.);
#1470=ORIENTED_EDGE('',*,*,#2104,.T.);
#1471=ORIENTED_EDGE('',*,*,#2580,.T.);
#1472=ORIENTED_EDGE('',*,*,#2045,.F.);
#1473=ORIENTED_EDGE('',*,*,#2015,.T.);
#1474=ORIENTED_EDGE('',*,*,#2583,.T.);
#1475=ORIENTED_EDGE('',*,*,#1868,.T.);
#1476=ORIENTED_EDGE('',*,*,#2584,.F.);
#1477=ORIENTED_EDGE('',*,*,#2016,.T.);
#1478=ORIENTED_EDGE('',*,*,#2584,.T.);
#1479=ORIENTED_EDGE('',*,*,#1867,.T.);
#1480=ORIENTED_EDGE('',*,*,#2585,.F.);
#1481=ORIENTED_EDGE('',*,*,#2017,.T.);
#1482=ORIENTED_EDGE('',*,*,#2585,.T.);
#1483=ORIENTED_EDGE('',*,*,#1872,.T.);
#1484=ORIENTED_EDGE('',*,*,#2586,.F.);
#1485=ORIENTED_EDGE('',*,*,#2018,.T.);
#1486=ORIENTED_EDGE('',*,*,#2586,.T.);
#1487=ORIENTED_EDGE('',*,*,#1871,.T.);
#1488=ORIENTED_EDGE('',*,*,#2587,.F.);
#1489=ORIENTED_EDGE('',*,*,#2019,.T.);
#1490=ORIENTED_EDGE('',*,*,#2587,.T.);
#1491=ORIENTED_EDGE('',*,*,#1870,.T.);
#1492=ORIENTED_EDGE('',*,*,#2588,.F.);
#1493=ORIENTED_EDGE('',*,*,#2020,.T.);
#1494=ORIENTED_EDGE('',*,*,#2588,.T.);
#1495=ORIENTED_EDGE('',*,*,#1869,.T.);
#1496=ORIENTED_EDGE('',*,*,#2583,.F.);
#1497=ORIENTED_EDGE('',*,*,#2009,.T.);
#1498=ORIENTED_EDGE('',*,*,#2589,.T.);
#1499=ORIENTED_EDGE('',*,*,#1874,.T.);
#1500=ORIENTED_EDGE('',*,*,#2590,.F.);
#1501=ORIENTED_EDGE('',*,*,#2010,.T.);
#1502=ORIENTED_EDGE('',*,*,#2590,.T.);
#1503=ORIENTED_EDGE('',*,*,#1873,.T.);
#1504=ORIENTED_EDGE('',*,*,#2591,.F.);
#1505=ORIENTED_EDGE('',*,*,#2011,.T.);
#1506=ORIENTED_EDGE('',*,*,#2591,.T.);
#1507=ORIENTED_EDGE('',*,*,#1878,.T.);
#1508=ORIENTED_EDGE('',*,*,#2592,.F.);
#1509=ORIENTED_EDGE('',*,*,#2012,.T.);
#1510=ORIENTED_EDGE('',*,*,#2592,.T.);
#1511=ORIENTED_EDGE('',*,*,#1877,.T.);
#1512=ORIENTED_EDGE('',*,*,#2593,.F.);
#1513=ORIENTED_EDGE('',*,*,#2013,.T.);
#1514=ORIENTED_EDGE('',*,*,#2593,.T.);
#1515=ORIENTED_EDGE('',*,*,#1876,.T.);
#1516=ORIENTED_EDGE('',*,*,#2594,.F.);
#1517=ORIENTED_EDGE('',*,*,#2014,.T.);
#1518=ORIENTED_EDGE('',*,*,#2594,.T.);
#1519=ORIENTED_EDGE('',*,*,#1875,.T.);
#1520=ORIENTED_EDGE('',*,*,#2589,.F.);
#1521=ORIENTED_EDGE('',*,*,#2003,.T.);
#1522=ORIENTED_EDGE('',*,*,#2595,.T.);
#1523=ORIENTED_EDGE('',*,*,#1886,.T.);
#1524=ORIENTED_EDGE('',*,*,#2596,.F.);
#1525=ORIENTED_EDGE('',*,*,#2004,.T.);
#1526=ORIENTED_EDGE('',*,*,#2596,.T.);
#1527=ORIENTED_EDGE('',*,*,#1885,.T.);
#1528=ORIENTED_EDGE('',*,*,#2597,.F.);
#1529=ORIENTED_EDGE('',*,*,#2005,.T.);
#1530=ORIENTED_EDGE('',*,*,#2597,.T.);
#1531=ORIENTED_EDGE('',*,*,#1890,.T.);
#1532=ORIENTED_EDGE('',*,*,#2598,.F.);
#1533=ORIENTED_EDGE('',*,*,#2006,.T.);
#1534=ORIENTED_EDGE('',*,*,#2598,.T.);
#1535=ORIENTED_EDGE('',*,*,#1889,.T.);
#1536=ORIENTED_EDGE('',*,*,#2599,.F.);
#1537=ORIENTED_EDGE('',*,*,#2007,.T.);
#1538=ORIENTED_EDGE('',*,*,#2599,.T.);
#1539=ORIENTED_EDGE('',*,*,#1888,.T.);
#1540=ORIENTED_EDGE('',*,*,#2600,.F.);
#1541=ORIENTED_EDGE('',*,*,#2008,.T.);
#1542=ORIENTED_EDGE('',*,*,#2600,.T.);
#1543=ORIENTED_EDGE('',*,*,#1887,.T.);
#1544=ORIENTED_EDGE('',*,*,#2595,.F.);
#1545=ORIENTED_EDGE('',*,*,#2601,.T.);
#1546=ORIENTED_EDGE('',*,*,#1894,.T.);
#1547=ORIENTED_EDGE('',*,*,#2602,.F.);
#1548=ORIENTED_EDGE('',*,*,#2038,.F.);
#1549=ORIENTED_EDGE('',*,*,#1962,.T.);
#1550=ORIENTED_EDGE('',*,*,#2603,.T.);
#1551=ORIENTED_EDGE('',*,*,#1892,.T.);
#1552=ORIENTED_EDGE('',*,*,#2604,.F.);
#1553=ORIENTED_EDGE('',*,*,#1963,.T.);
#1554=ORIENTED_EDGE('',*,*,#2604,.T.);
#1555=ORIENTED_EDGE('',*,*,#1891,.T.);
#1556=ORIENTED_EDGE('',*,*,#2605,.F.);
#1557=ORIENTED_EDGE('',*,*,#1964,.T.);
#1558=ORIENTED_EDGE('',*,*,#2605,.T.);
#1559=ORIENTED_EDGE('',*,*,#1896,.T.);
#1560=ORIENTED_EDGE('',*,*,#2606,.F.);
#1561=ORIENTED_EDGE('',*,*,#1965,.T.);
#1562=ORIENTED_EDGE('',*,*,#2606,.T.);
#1563=ORIENTED_EDGE('',*,*,#1895,.T.);
#1564=ORIENTED_EDGE('',*,*,#2601,.F.);
#1565=ORIENTED_EDGE('',*,*,#2037,.F.);
#1566=ORIENTED_EDGE('',*,*,#1961,.T.);
#1567=ORIENTED_EDGE('',*,*,#2039,.F.);
#1568=ORIENTED_EDGE('',*,*,#2602,.T.);
#1569=ORIENTED_EDGE('',*,*,#1893,.T.);
#1570=ORIENTED_EDGE('',*,*,#2603,.F.);
#1571=ORIENTED_EDGE('',*,*,#2607,.F.);
#1572=ORIENTED_EDGE('',*,*,#2423,.T.);
#1573=ORIENTED_EDGE('',*,*,#2608,.T.);
#1574=ORIENTED_EDGE('',*,*,#2410,.F.);
#1575=ORIENTED_EDGE('',*,*,#2060,.T.);
#1576=ORIENTED_EDGE('',*,*,#2609,.T.);
#1577=ORIENTED_EDGE('',*,*,#2411,.F.);
#1578=ORIENTED_EDGE('',*,*,#2608,.F.);
#1579=ORIENTED_EDGE('',*,*,#2059,.T.);
#1580=ORIENTED_EDGE('',*,*,#2610,.T.);
#1581=ORIENTED_EDGE('',*,*,#2218,.F.);
#1582=ORIENTED_EDGE('',*,*,#2412,.F.);
#1583=ORIENTED_EDGE('',*,*,#2609,.F.);
#1584=ORIENTED_EDGE('',*,*,#2057,.T.);
#1585=ORIENTED_EDGE('',*,*,#2611,.T.);
#1586=ORIENTED_EDGE('',*,*,#2408,.F.);
#1587=ORIENTED_EDGE('',*,*,#2193,.F.);
#1588=ORIENTED_EDGE('',*,*,#2612,.F.);
#1589=ORIENTED_EDGE('',*,*,#2056,.T.);
#1590=ORIENTED_EDGE('',*,*,#2607,.T.);
#1591=ORIENTED_EDGE('',*,*,#2409,.F.);
#1592=ORIENTED_EDGE('',*,*,#2611,.F.);
#1593=ORIENTED_EDGE('',*,*,#2058,.T.);
#1594=ORIENTED_EDGE('',*,*,#2612,.T.);
#1595=ORIENTED_EDGE('',*,*,#2192,.F.);
#1596=ORIENTED_EDGE('',*,*,#2610,.F.);
#1597=ORIENTED_EDGE('',*,*,#2613,.T.);
#1598=ORIENTED_EDGE('',*,*,#2424,.T.);
#1599=ORIENTED_EDGE('',*,*,#2614,.F.);
#1600=ORIENTED_EDGE('',*,*,#2407,.F.);
#1601=ORIENTED_EDGE('',*,*,#2614,.T.);
#1602=ORIENTED_EDGE('',*,*,#1921,.T.);
#1603=ORIENTED_EDGE('',*,*,#2615,.F.);
#1604=ORIENTED_EDGE('',*,*,#2397,.F.);
#1605=ORIENTED_EDGE('',*,*,#2616,.T.);
#1606=ORIENTED_EDGE('',*,*,#1941,.T.);
#1607=ORIENTED_EDGE('',*,*,#2613,.F.);
#1608=ORIENTED_EDGE('',*,*,#2406,.F.);
#1609=ORIENTED_EDGE('',*,*,#1945,.T.);
#1610=ORIENTED_EDGE('',*,*,#2398,.F.);
#1611=ORIENTED_EDGE('',*,*,#2615,.T.);
#1612=ORIENTED_EDGE('',*,*,#1944,.T.);
#1613=ORIENTED_EDGE('',*,*,#2617,.F.);
#1614=ORIENTED_EDGE('',*,*,#1946,.T.);
#1615=ORIENTED_EDGE('',*,*,#2617,.T.);
#1616=ORIENTED_EDGE('',*,*,#1943,.T.);
#1617=ORIENTED_EDGE('',*,*,#2618,.F.);
#1618=ORIENTED_EDGE('',*,*,#1947,.T.);
#1619=ORIENTED_EDGE('',*,*,#2618,.T.);
#1620=ORIENTED_EDGE('',*,*,#1942,.T.);
#1621=ORIENTED_EDGE('',*,*,#2616,.F.);
#1622=ORIENTED_EDGE('',*,*,#2405,.F.);
#1623=ORIENTED_EDGE('',*,*,#2099,.T.);
#1624=ORIENTED_EDGE('',*,*,#2619,.T.);
#1625=ORIENTED_EDGE('',*,*,#2166,.F.);
#1626=ORIENTED_EDGE('',*,*,#2620,.F.);
#1627=ORIENTED_EDGE('',*,*,#2098,.T.);
#1628=ORIENTED_EDGE('',*,*,#2621,.T.);
#1629=ORIENTED_EDGE('',*,*,#2167,.F.);
#1630=ORIENTED_EDGE('',*,*,#2619,.F.);
#1631=ORIENTED_EDGE('',*,*,#2097,.T.);
#1632=ORIENTED_EDGE('',*,*,#2622,.T.);
#1633=ORIENTED_EDGE('',*,*,#2168,.F.);
#1634=ORIENTED_EDGE('',*,*,#2621,.F.);
#1635=ORIENTED_EDGE('',*,*,#2096,.T.);
#1636=ORIENTED_EDGE('',*,*,#2623,.T.);
#1637=ORIENTED_EDGE('',*,*,#2169,.F.);
#1638=ORIENTED_EDGE('',*,*,#2622,.F.);
#1639=ORIENTED_EDGE('',*,*,#2095,.T.);
#1640=ORIENTED_EDGE('',*,*,#2624,.T.);
#1641=ORIENTED_EDGE('',*,*,#2164,.F.);
#1642=ORIENTED_EDGE('',*,*,#2623,.F.);
#1643=ORIENTED_EDGE('',*,*,#2094,.T.);
#1644=ORIENTED_EDGE('',*,*,#2620,.T.);
#1645=ORIENTED_EDGE('',*,*,#2165,.F.);
#1646=ORIENTED_EDGE('',*,*,#2624,.F.);
#1647=ORIENTED_EDGE('',*,*,#2093,.T.);
#1648=ORIENTED_EDGE('',*,*,#2625,.T.);
#1649=ORIENTED_EDGE('',*,*,#2160,.F.);
#1650=ORIENTED_EDGE('',*,*,#2626,.F.);
#1651=ORIENTED_EDGE('',*,*,#2092,.T.);
#1652=ORIENTED_EDGE('',*,*,#2627,.T.);
#1653=ORIENTED_EDGE('',*,*,#2161,.F.);
#1654=ORIENTED_EDGE('',*,*,#2625,.F.);
#1655=ORIENTED_EDGE('',*,*,#2091,.T.);
#1656=ORIENTED_EDGE('',*,*,#2628,.T.);
#1657=ORIENTED_EDGE('',*,*,#2162,.F.);
#1658=ORIENTED_EDGE('',*,*,#2627,.F.);
#1659=ORIENTED_EDGE('',*,*,#2090,.T.);
#1660=ORIENTED_EDGE('',*,*,#2629,.T.);
#1661=ORIENTED_EDGE('',*,*,#2163,.F.);
#1662=ORIENTED_EDGE('',*,*,#2628,.F.);
#1663=ORIENTED_EDGE('',*,*,#2089,.T.);
#1664=ORIENTED_EDGE('',*,*,#2630,.T.);
#1665=ORIENTED_EDGE('',*,*,#2158,.F.);
#1666=ORIENTED_EDGE('',*,*,#2629,.F.);
#1667=ORIENTED_EDGE('',*,*,#2088,.T.);
#1668=ORIENTED_EDGE('',*,*,#2626,.T.);
#1669=ORIENTED_EDGE('',*,*,#2159,.F.);
#1670=ORIENTED_EDGE('',*,*,#2630,.F.);
#1671=ORIENTED_EDGE('',*,*,#2087,.T.);
#1672=ORIENTED_EDGE('',*,*,#2631,.T.);
#1673=ORIENTED_EDGE('',*,*,#2154,.F.);
#1674=ORIENTED_EDGE('',*,*,#2632,.F.);
#1675=ORIENTED_EDGE('',*,*,#2086,.T.);
#1676=ORIENTED_EDGE('',*,*,#2633,.T.);
#1677=ORIENTED_EDGE('',*,*,#2155,.F.);
#1678=ORIENTED_EDGE('',*,*,#2631,.F.);
#1679=ORIENTED_EDGE('',*,*,#2085,.T.);
#1680=ORIENTED_EDGE('',*,*,#2634,.T.);
#1681=ORIENTED_EDGE('',*,*,#2156,.F.);
#1682=ORIENTED_EDGE('',*,*,#2633,.F.);
#1683=ORIENTED_EDGE('',*,*,#2084,.T.);
#1684=ORIENTED_EDGE('',*,*,#2635,.T.);
#1685=ORIENTED_EDGE('',*,*,#2157,.F.);
#1686=ORIENTED_EDGE('',*,*,#2634,.F.);
#1687=ORIENTED_EDGE('',*,*,#2083,.T.);
#1688=ORIENTED_EDGE('',*,*,#2636,.T.);
#1689=ORIENTED_EDGE('',*,*,#2152,.F.);
#1690=ORIENTED_EDGE('',*,*,#2635,.F.);
#1691=ORIENTED_EDGE('',*,*,#2082,.T.);
#1692=ORIENTED_EDGE('',*,*,#2632,.T.);
#1693=ORIENTED_EDGE('',*,*,#2153,.F.);
#1694=ORIENTED_EDGE('',*,*,#2636,.F.);
#1695=ORIENTED_EDGE('',*,*,#2081,.T.);
#1696=ORIENTED_EDGE('',*,*,#2637,.T.);
#1697=ORIENTED_EDGE('',*,*,#2148,.F.);
#1698=ORIENTED_EDGE('',*,*,#2638,.F.);
#1699=ORIENTED_EDGE('',*,*,#2080,.T.);
#1700=ORIENTED_EDGE('',*,*,#2639,.T.);
#1701=ORIENTED_EDGE('',*,*,#2149,.F.);
#1702=ORIENTED_EDGE('',*,*,#2637,.F.);
#1703=ORIENTED_EDGE('',*,*,#2079,.T.);
#1704=ORIENTED_EDGE('',*,*,#2640,.T.);
#1705=ORIENTED_EDGE('',*,*,#2150,.F.);
#1706=ORIENTED_EDGE('',*,*,#2639,.F.);
#1707=ORIENTED_EDGE('',*,*,#2078,.T.);
#1708=ORIENTED_EDGE('',*,*,#2641,.T.);
#1709=ORIENTED_EDGE('',*,*,#2151,.F.);
#1710=ORIENTED_EDGE('',*,*,#2640,.F.);
#1711=ORIENTED_EDGE('',*,*,#2077,.T.);
#1712=ORIENTED_EDGE('',*,*,#2642,.T.);
#1713=ORIENTED_EDGE('',*,*,#2146,.F.);
#1714=ORIENTED_EDGE('',*,*,#2641,.F.);
#1715=ORIENTED_EDGE('',*,*,#2076,.T.);
#1716=ORIENTED_EDGE('',*,*,#2638,.T.);
#1717=ORIENTED_EDGE('',*,*,#2147,.F.);
#1718=ORIENTED_EDGE('',*,*,#2642,.F.);
#1719=ORIENTED_EDGE('',*,*,#1997,.T.);
#1720=ORIENTED_EDGE('',*,*,#2643,.T.);
#1721=ORIENTED_EDGE('',*,*,#1898,.T.);
#1722=ORIENTED_EDGE('',*,*,#2644,.F.);
#1723=ORIENTED_EDGE('',*,*,#1998,.T.);
#1724=ORIENTED_EDGE('',*,*,#2644,.T.);
#1725=ORIENTED_EDGE('',*,*,#1897,.T.);
#1726=ORIENTED_EDGE('',*,*,#2645,.F.);
#1727=ORIENTED_EDGE('',*,*,#1999,.T.);
#1728=ORIENTED_EDGE('',*,*,#2645,.T.);
#1729=ORIENTED_EDGE('',*,*,#1902,.T.);
#1730=ORIENTED_EDGE('',*,*,#2646,.F.);
#1731=ORIENTED_EDGE('',*,*,#2000,.T.);
#1732=ORIENTED_EDGE('',*,*,#2646,.T.);
#1733=ORIENTED_EDGE('',*,*,#1901,.T.);
#1734=ORIENTED_EDGE('',*,*,#2647,.F.);
#1735=ORIENTED_EDGE('',*,*,#2001,.T.);
#1736=ORIENTED_EDGE('',*,*,#2647,.T.);
#1737=ORIENTED_EDGE('',*,*,#1900,.T.);
#1738=ORIENTED_EDGE('',*,*,#2648,.F.);
#1739=ORIENTED_EDGE('',*,*,#2002,.T.);
#1740=ORIENTED_EDGE('',*,*,#2648,.T.);
#1741=ORIENTED_EDGE('',*,*,#1899,.T.);
#1742=ORIENTED_EDGE('',*,*,#2643,.F.);
#1743=ORIENTED_EDGE('',*,*,#1991,.T.);
#1744=ORIENTED_EDGE('',*,*,#2649,.T.);
#1745=ORIENTED_EDGE('',*,*,#1904,.T.);
#1746=ORIENTED_EDGE('',*,*,#2650,.F.);
#1747=ORIENTED_EDGE('',*,*,#1992,.T.);
#1748=ORIENTED_EDGE('',*,*,#2650,.T.);
#1749=ORIENTED_EDGE('',*,*,#1903,.T.);
#1750=ORIENTED_EDGE('',*,*,#2651,.F.);
#1751=ORIENTED_EDGE('',*,*,#1993,.T.);
#1752=ORIENTED_EDGE('',*,*,#2651,.T.);
#1753=ORIENTED_EDGE('',*,*,#1908,.T.);
#1754=ORIENTED_EDGE('',*,*,#2652,.F.);
#1755=ORIENTED_EDGE('',*,*,#1994,.T.);
#1756=ORIENTED_EDGE('',*,*,#2652,.T.);
#1757=ORIENTED_EDGE('',*,*,#1907,.T.);
#1758=ORIENTED_EDGE('',*,*,#2653,.F.);
#1759=ORIENTED_EDGE('',*,*,#1995,.T.);
#1760=ORIENTED_EDGE('',*,*,#2653,.T.);
#1761=ORIENTED_EDGE('',*,*,#1906,.T.);
#1762=ORIENTED_EDGE('',*,*,#2654,.F.);
#1763=ORIENTED_EDGE('',*,*,#1996,.T.);
#1764=ORIENTED_EDGE('',*,*,#2654,.T.);
#1765=ORIENTED_EDGE('',*,*,#1905,.T.);
#1766=ORIENTED_EDGE('',*,*,#2649,.F.);
#1767=ORIENTED_EDGE('',*,*,#1985,.T.);
#1768=ORIENTED_EDGE('',*,*,#2655,.T.);
#1769=ORIENTED_EDGE('',*,*,#1910,.T.);
#1770=ORIENTED_EDGE('',*,*,#2656,.F.);
#1771=ORIENTED_EDGE('',*,*,#1986,.T.);
#1772=ORIENTED_EDGE('',*,*,#2656,.T.);
#1773=ORIENTED_EDGE('',*,*,#1909,.T.);
#1774=ORIENTED_EDGE('',*,*,#2657,.F.);
#1775=ORIENTED_EDGE('',*,*,#1987,.T.);
#1776=ORIENTED_EDGE('',*,*,#2657,.T.);
#1777=ORIENTED_EDGE('',*,*,#1914,.T.);
#1778=ORIENTED_EDGE('',*,*,#2658,.F.);
#1779=ORIENTED_EDGE('',*,*,#1988,.T.);
#1780=ORIENTED_EDGE('',*,*,#2658,.T.);
#1781=ORIENTED_EDGE('',*,*,#1913,.T.);
#1782=ORIENTED_EDGE('',*,*,#2659,.F.);
#1783=ORIENTED_EDGE('',*,*,#1989,.T.);
#1784=ORIENTED_EDGE('',*,*,#2659,.T.);
#1785=ORIENTED_EDGE('',*,*,#1912,.T.);
#1786=ORIENTED_EDGE('',*,*,#2660,.F.);
#1787=ORIENTED_EDGE('',*,*,#1990,.T.);
#1788=ORIENTED_EDGE('',*,*,#2660,.T.);
#1789=ORIENTED_EDGE('',*,*,#1911,.T.);
#1790=ORIENTED_EDGE('',*,*,#2655,.F.);
#1791=ORIENTED_EDGE('',*,*,#1979,.T.);
#1792=ORIENTED_EDGE('',*,*,#2661,.T.);
#1793=ORIENTED_EDGE('',*,*,#1916,.T.);
#1794=ORIENTED_EDGE('',*,*,#2662,.F.);
#1795=ORIENTED_EDGE('',*,*,#1980,.T.);
#1796=ORIENTED_EDGE('',*,*,#2662,.T.);
#1797=ORIENTED_EDGE('',*,*,#1915,.T.);
#1798=ORIENTED_EDGE('',*,*,#2663,.F.);
#1799=ORIENTED_EDGE('',*,*,#1981,.T.);
#1800=ORIENTED_EDGE('',*,*,#2663,.T.);
#1801=ORIENTED_EDGE('',*,*,#1920,.T.);
#1802=ORIENTED_EDGE('',*,*,#2664,.F.);
#1803=ORIENTED_EDGE('',*,*,#1982,.T.);
#1804=ORIENTED_EDGE('',*,*,#2664,.T.);
#1805=ORIENTED_EDGE('',*,*,#1919,.T.);
#1806=ORIENTED_EDGE('',*,*,#2665,.F.);
#1807=ORIENTED_EDGE('',*,*,#1983,.T.);
#1808=ORIENTED_EDGE('',*,*,#2665,.T.);
#1809=ORIENTED_EDGE('',*,*,#1918,.T.);
#1810=ORIENTED_EDGE('',*,*,#2666,.F.);
#1811=ORIENTED_EDGE('',*,*,#1984,.T.);
#1812=ORIENTED_EDGE('',*,*,#2666,.T.);
#1813=ORIENTED_EDGE('',*,*,#1917,.T.);
#1814=ORIENTED_EDGE('',*,*,#2661,.F.);
#1815=ORIENTED_EDGE('',*,*,#2667,.F.);
#1816=ORIENTED_EDGE('',*,*,#2668,.T.);
#1817=ORIENTED_EDGE('',*,*,#1849,.T.);
#1818=ORIENTED_EDGE('',*,*,#2669,.T.);
#1819=ORIENTED_EDGE('',*,*,#1847,.F.);
#1820=ORIENTED_EDGE('',*,*,#2670,.T.);
#1821=ORIENTED_EDGE('',*,*,#2671,.T.);
#1822=ORIENTED_EDGE('',*,*,#2672,.T.);
#1823=ORIENTED_EDGE('',*,*,#1845,.T.);
#1824=ORIENTED_EDGE('',*,*,#2673,.T.);
#1825=ORIENTED_EDGE('',*,*,#2674,.F.);
#1826=ORIENTED_EDGE('',*,*,#2675,.T.);
#1827=ORIENTED_EDGE('',*,*,#2674,.T.);
#1828=ORIENTED_EDGE('',*,*,#2676,.T.);
#1829=ORIENTED_EDGE('',*,*,#2667,.T.);
#1830=ORIENTED_EDGE('',*,*,#2677,.T.);
#1831=ORIENTED_EDGE('',*,*,#2671,.F.);
#1832=ORIENTED_EDGE('',*,*,#2678,.T.);
#1833=ORIENTED_EDGE('',*,*,#2676,.F.);
#1834=ORIENTED_EDGE('',*,*,#2673,.F.);
#1835=ORIENTED_EDGE('',*,*,#1850,.F.);
#1836=ORIENTED_EDGE('',*,*,#2668,.F.);
#1837=ORIENTED_EDGE('',*,*,#2678,.F.);
#1838=ORIENTED_EDGE('',*,*,#2670,.F.);
#1839=ORIENTED_EDGE('',*,*,#1846,.F.);
#1840=ORIENTED_EDGE('',*,*,#2675,.F.);
#1841=ORIENTED_EDGE('',*,*,#2677,.F.);
#1842=ORIENTED_EDGE('',*,*,#2669,.F.);
#1843=ORIENTED_EDGE('',*,*,#1848,.F.);
#1844=ORIENTED_EDGE('',*,*,#2672,.F.);
#1845=EDGE_CURVE('',#2679,#2680,#3231,.T.);
#1846=EDGE_CURVE('',#2679,#2681,#79,.T.);
#1847=EDGE_CURVE('',#2681,#2682,#3232,.T.);
#1848=EDGE_CURVE('',#2682,#2683,#80,.T.);
#1849=EDGE_CURVE('',#2684,#2683,#3233,.T.);
#1850=EDGE_CURVE('',#2684,#2680,#81,.T.);
#1851=EDGE_CURVE('',#2685,#2686,#3234,.T.);
#1852=EDGE_CURVE('',#2686,#2687,#3235,.T.);
#1853=EDGE_CURVE('',#2687,#2688,#3236,.T.);
#1854=EDGE_CURVE('',#2685,#2688,#3237,.T.);
#1855=EDGE_CURVE('',#2689,#2690,#3238,.T.);
#1856=EDGE_CURVE('',#2690,#2691,#3239,.T.);
#1857=EDGE_CURVE('',#2692,#2691,#3240,.T.);
#1858=EDGE_CURVE('',#2689,#2692,#3241,.T.);
#1859=EDGE_CURVE('',#2693,#2694,#3242,.T.);
#1860=EDGE_CURVE('',#2694,#2695,#3243,.T.);
#1861=EDGE_CURVE('',#2696,#2695,#3244,.T.);
#1862=EDGE_CURVE('',#2693,#2696,#3245,.T.);
#1863=EDGE_CURVE('',#2697,#2698,#3246,.T.);
#1864=EDGE_CURVE('',#2698,#2699,#3247,.T.);
#1865=EDGE_CURVE('',#2700,#2699,#3248,.T.);
#1866=EDGE_CURVE('',#2697,#2700,#3249,.T.);
#1867=EDGE_CURVE('',#2701,#2702,#3250,.T.);
#1868=EDGE_CURVE('',#2703,#2701,#3251,.T.);
#1869=EDGE_CURVE('',#2704,#2703,#3252,.T.);
#1870=EDGE_CURVE('',#2705,#2704,#3253,.T.);
#1871=EDGE_CURVE('',#2706,#2705,#3254,.T.);
#1872=EDGE_CURVE('',#2702,#2706,#3255,.T.);
#1873=EDGE_CURVE('',#2707,#2708,#3256,.T.);
#1874=EDGE_CURVE('',#2709,#2707,#3257,.T.);
#1875=EDGE_CURVE('',#2710,#2709,#3258,.T.);
#1876=EDGE_CURVE('',#2711,#2710,#3259,.T.);
#1877=EDGE_CURVE('',#2712,#2711,#3260,.T.);
#1878=EDGE_CURVE('',#2708,#2712,#3261,.T.);
#1879=EDGE_CURVE('',#2713,#2714,#3262,.T.);
#1880=EDGE_CURVE('',#2715,#2713,#3263,.T.);
#1881=EDGE_CURVE('',#2716,#2715,#3264,.T.);
#1882=EDGE_CURVE('',#2717,#2716,#3265,.T.);
#1883=EDGE_CURVE('',#2718,#2717,#3266,.T.);
#1884=EDGE_CURVE('',#2714,#2718,#3267,.T.);
#1885=EDGE_CURVE('',#2719,#2720,#3268,.T.);
#1886=EDGE_CURVE('',#2721,#2719,#3269,.T.);
#1887=EDGE_CURVE('',#2722,#2721,#3270,.T.);
#1888=EDGE_CURVE('',#2723,#2722,#3271,.T.);
#1889=EDGE_CURVE('',#2724,#2723,#3272,.T.);
#1890=EDGE_CURVE('',#2720,#2724,#3273,.T.);
#1891=EDGE_CURVE('',#2725,#2726,#3274,.T.);
#1892=EDGE_CURVE('',#2727,#2725,#3275,.T.);
#1893=EDGE_CURVE('',#2728,#2727,#3276,.T.);
#1894=EDGE_CURVE('',#2729,#2728,#3277,.T.);
#1895=EDGE_CURVE('',#2730,#2729,#3278,.T.);
#1896=EDGE_CURVE('',#2726,#2730,#3279,.T.);
#1897=EDGE_CURVE('',#2731,#2732,#3280,.T.);
#1898=EDGE_CURVE('',#2733,#2731,#3281,.T.);
#1899=EDGE_CURVE('',#2734,#2733,#3282,.T.);
#1900=EDGE_CURVE('',#2735,#2734,#3283,.T.);
#1901=EDGE_CURVE('',#2736,#2735,#3284,.T.);
#1902=EDGE_CURVE('',#2732,#2736,#3285,.T.);
#1903=EDGE_CURVE('',#2737,#2738,#3286,.T.);
#1904=EDGE_CURVE('',#2739,#2737,#3287,.T.);
#1905=EDGE_CURVE('',#2740,#2739,#3288,.T.);
#1906=EDGE_CURVE('',#2741,#2740,#3289,.T.);
#1907=EDGE_CURVE('',#2742,#2741,#3290,.T.);
#1908=EDGE_CURVE('',#2738,#2742,#3291,.T.);
#1909=EDGE_CURVE('',#2743,#2744,#3292,.T.);
#1910=EDGE_CURVE('',#2745,#2743,#3293,.T.);
#1911=EDGE_CURVE('',#2746,#2745,#3294,.T.);
#1912=EDGE_CURVE('',#2747,#2746,#3295,.T.);
#1913=EDGE_CURVE('',#2748,#2747,#3296,.T.);
#1914=EDGE_CURVE('',#2744,#2748,#3297,.T.);
#1915=EDGE_CURVE('',#2749,#2750,#3298,.T.);
#1916=EDGE_CURVE('',#2751,#2749,#3299,.T.);
#1917=EDGE_CURVE('',#2752,#2751,#3300,.T.);
#1918=EDGE_CURVE('',#2753,#2752,#3301,.T.);
#1919=EDGE_CURVE('',#2754,#2753,#3302,.T.);
#1920=EDGE_CURVE('',#2750,#2754,#3303,.T.);
#1921=EDGE_CURVE('',#2755,#2756,#3304,.T.);
#1922=EDGE_CURVE('',#2755,#2757,#3305,.T.);
#1923=EDGE_CURVE('',#2758,#2757,#3306,.T.);
#1924=EDGE_CURVE('',#2759,#2758,#3307,.T.);
#1925=EDGE_CURVE('',#2759,#2760,#3308,.T.);
#1926=EDGE_CURVE('',#2760,#2757,#3309,.T.);
#1927=EDGE_CURVE('',#2757,#2761,#3310,.T.);
#1928=EDGE_CURVE('',#2761,#2762,#3311,.T.);
#1929=EDGE_CURVE('',#2762,#2763,#3312,.F.);
#1930=EDGE_CURVE('',#2763,#2764,#3313,.T.);
#1931=EDGE_CURVE('',#2765,#2764,#3314,.T.);
#1932=EDGE_CURVE('',#2765,#2766,#3315,.T.);
#1933=EDGE_CURVE('',#2766,#2763,#3316,.T.);
#1934=EDGE_CURVE('',#2763,#2767,#3317,.F.);
#1935=EDGE_CURVE('',#2768,#2767,#3318,.T.);
#1936=EDGE_CURVE('',#2769,#2768,#3319,.T.);
#1937=EDGE_CURVE('',#2770,#2769,#3320,.T.);
#1938=EDGE_CURVE('',#2770,#2771,#3321,.T.);
#1939=EDGE_CURVE('',#2772,#2771,#3322,.T.);
#1940=EDGE_CURVE('',#2772,#2773,#3323,.T.);
#1941=EDGE_CURVE('',#2774,#2773,#3324,.T.);
#1942=EDGE_CURVE('',#2775,#2774,#3325,.T.);
#1943=EDGE_CURVE('',#2776,#2775,#3326,.T.);
#1944=EDGE_CURVE('',#2756,#2776,#3327,.T.);
#1945=EDGE_CURVE('',#2777,#2778,#3328,.T.);
#1946=EDGE_CURVE('',#2779,#2777,#3329,.T.);
#1947=EDGE_CURVE('',#2780,#2779,#3330,.T.);
#1948=EDGE_CURVE('',#2780,#2781,#3331,.F.);
#1949=EDGE_CURVE('',#2782,#2781,#3332,.T.);
#1950=EDGE_CURVE('',#2783,#2782,#3333,.T.);
#1951=EDGE_CURVE('',#2784,#2783,#3334,.T.);
#1952=EDGE_CURVE('',#2785,#2784,#3335,.T.);
#1953=EDGE_CURVE('',#2786,#2785,#3336,.T.);
#1954=EDGE_CURVE('',#2786,#2787,#3337,.F.);
#1955=EDGE_CURVE('',#2787,#2788,#3338,.T.);
#1956=EDGE_CURVE('',#2788,#2789,#3339,.T.);
#1957=EDGE_CURVE('',#2790,#2789,#3340,.T.);
#1958=EDGE_CURVE('',#2791,#2790,#3341,.T.);
#1959=EDGE_CURVE('',#2791,#2792,#3342,.T.);
#1960=EDGE_CURVE('',#2792,#2793,#3343,.T.);
#1961=EDGE_CURVE('',#2794,#2793,#3344,.T.);
#1962=EDGE_CURVE('',#2795,#2794,#3345,.T.);
#1963=EDGE_CURVE('',#2796,#2795,#3346,.T.);
#1964=EDGE_CURVE('',#2797,#2796,#3347,.T.);
#1965=EDGE_CURVE('',#2798,#2797,#3348,.T.);
#1966=EDGE_CURVE('',#2798,#2799,#3349,.T.);
#1967=EDGE_CURVE('',#2799,#2800,#3350,.T.);
#1968=EDGE_CURVE('',#2800,#2801,#3351,.T.);
#1969=EDGE_CURVE('',#2802,#2801,#3352,.T.);
#1970=EDGE_CURVE('',#2802,#2803,#3353,.T.);
#1971=EDGE_CURVE('',#2803,#2804,#3354,.T.);
#1972=EDGE_CURVE('',#2805,#2804,#3355,.T.);
#1973=EDGE_CURVE('',#2805,#2806,#3356,.F.);
#1974=EDGE_CURVE('',#2806,#2807,#3357,.T.);
#1975=EDGE_CURVE('',#2807,#2808,#3358,.T.);
#1976=EDGE_CURVE('',#2809,#2808,#3359,.T.);
#1977=EDGE_CURVE('',#2810,#2809,#3360,.T.);
#1978=EDGE_CURVE('',#2810,#2778,#3361,.F.);
#1979=EDGE_CURVE('',#2811,#2812,#3362,.T.);
#1980=EDGE_CURVE('',#2813,#2811,#3363,.T.);
#1981=EDGE_CURVE('',#2814,#2813,#3364,.T.);
#1982=EDGE_CURVE('',#2815,#2814,#3365,.T.);
#1983=EDGE_CURVE('',#2816,#2815,#3366,.T.);
#1984=EDGE_CURVE('',#2812,#2816,#3367,.T.);
#1985=EDGE_CURVE('',#2817,#2818,#3368,.T.);
#1986=EDGE_CURVE('',#2819,#2817,#3369,.T.);
#1987=EDGE_CURVE('',#2820,#2819,#3370,.T.);
#1988=EDGE_CURVE('',#2821,#2820,#3371,.T.);
#1989=EDGE_CURVE('',#2822,#2821,#3372,.T.);
#1990=EDGE_CURVE('',#2818,#2822,#3373,.T.);
#1991=EDGE_CURVE('',#2823,#2824,#3374,.T.);
#1992=EDGE_CURVE('',#2825,#2823,#3375,.T.);
#1993=EDGE_CURVE('',#2826,#2825,#3376,.T.);
#1994=EDGE_CURVE('',#2827,#2826,#3377,.T.);
#1995=EDGE_CURVE('',#2828,#2827,#3378,.T.);
#1996=EDGE_CURVE('',#2824,#2828,#3379,.T.);
#1997=EDGE_CURVE('',#2829,#2830,#3380,.T.);
#1998=EDGE_CURVE('',#2831,#2829,#3381,.T.);
#1999=EDGE_CURVE('',#2832,#2831,#3382,.T.);
#2000=EDGE_CURVE('',#2833,#2832,#3383,.T.);
#2001=EDGE_CURVE('',#2834,#2833,#3384,.T.);
#2002=EDGE_CURVE('',#2830,#2834,#3385,.T.);
#2003=EDGE_CURVE('',#2835,#2836,#3386,.T.);
#2004=EDGE_CURVE('',#2837,#2835,#3387,.T.);
#2005=EDGE_CURVE('',#2838,#2837,#3388,.T.);
#2006=EDGE_CURVE('',#2839,#2838,#3389,.T.);
#2007=EDGE_CURVE('',#2840,#2839,#3390,.T.);
#2008=EDGE_CURVE('',#2836,#2840,#3391,.T.);
#2009=EDGE_CURVE('',#2841,#2842,#3392,.T.);
#2010=EDGE_CURVE('',#2843,#2841,#3393,.T.);
#2011=EDGE_CURVE('',#2844,#2843,#3394,.T.);
#2012=EDGE_CURVE('',#2845,#2844,#3395,.T.);
#2013=EDGE_CURVE('',#2846,#2845,#3396,.T.);
#2014=EDGE_CURVE('',#2842,#2846,#3397,.T.);
#2015=EDGE_CURVE('',#2847,#2848,#3398,.T.);
#2016=EDGE_CURVE('',#2849,#2847,#3399,.T.);
#2017=EDGE_CURVE('',#2850,#2849,#3400,.T.);
#2018=EDGE_CURVE('',#2851,#2850,#3401,.T.);
#2019=EDGE_CURVE('',#2852,#2851,#3402,.T.);
#2020=EDGE_CURVE('',#2848,#2852,#3403,.T.);
#2021=EDGE_CURVE('',#2853,#2854,#3404,.T.);
#2022=EDGE_CURVE('',#2854,#2855,#3405,.T.);
#2023=EDGE_CURVE('',#2856,#2855,#3406,.T.);
#2024=EDGE_CURVE('',#2853,#2856,#3407,.T.);
#2025=EDGE_CURVE('',#2857,#2858,#3408,.T.);
#2026=EDGE_CURVE('',#2858,#2859,#3409,.T.);
#2027=EDGE_CURVE('',#2860,#2859,#3410,.T.);
#2028=EDGE_CURVE('',#2857,#2860,#3411,.T.);
#2029=EDGE_CURVE('',#2861,#2862,#3412,.T.);
#2030=EDGE_CURVE('',#2862,#2863,#3413,.T.);
#2031=EDGE_CURVE('',#2864,#2863,#3414,.T.);
#2032=EDGE_CURVE('',#2861,#2864,#3415,.T.);
#2033=EDGE_CURVE('',#2865,#2866,#3416,.T.);
#2034=EDGE_CURVE('',#2866,#2867,#3417,.T.);
#2035=EDGE_CURVE('',#2868,#2867,#3418,.T.);
#2036=EDGE_CURVE('',#2868,#2865,#3419,.T.);
#2037=EDGE_CURVE('',#2798,#2869,#12,.F.);
#2038=EDGE_CURVE('',#2869,#2870,#3420,.F.);
#2039=EDGE_CURVE('',#2870,#2793,#13,.F.);
#2040=EDGE_CURVE('',#2871,#2792,#82,.F.);
#2041=EDGE_CURVE('',#2872,#2871,#3421,.F.);
#2042=EDGE_CURVE('',#2804,#2872,#83,.T.);
#2043=EDGE_CURVE('',#2873,#2803,#84,.F.);
#2044=EDGE_CURVE('',#2799,#2873,#14,.F.);
#2045=EDGE_CURVE('',#2874,#2875,#3422,.F.);
#2046=EDGE_CURVE('',#2875,#2876,#15,.F.);
#2047=EDGE_CURVE('',#2877,#2876,#3423,.F.);
#2048=EDGE_CURVE('',#2878,#2877,#16,.F.);
#2049=EDGE_CURVE('',#2879,#2878,#85,.F.);
#2050=EDGE_CURVE('',#2880,#2879,#3424,.F.);
#2051=EDGE_CURVE('',#2881,#2880,#86,.T.);
#2052=EDGE_CURVE('',#2882,#2881,#3425,.T.);
#2053=EDGE_CURVE('',#2883,#2882,#87,.F.);
#2054=EDGE_CURVE('',#2884,#2883,#3426,.F.);
#2055=EDGE_CURVE('',#2884,#2874,#17,.F.);
#2056=EDGE_CURVE('',#2885,#2886,#3427,.T.);
#2057=EDGE_CURVE('',#2887,#2885,#3428,.T.);
#2058=EDGE_CURVE('',#2888,#2887,#3429,.T.);
#2059=EDGE_CURVE('',#2889,#2888,#3430,.T.);
#2060=EDGE_CURVE('',#2890,#2889,#3431,.T.);
#2061=EDGE_CURVE('',#2890,#2891,#3432,.F.);
#2062=EDGE_CURVE('',#2891,#2892,#3433,.T.);
#2063=EDGE_CURVE('',#2892,#2893,#3434,.T.);
#2064=EDGE_CURVE('',#2893,#2894,#3435,.T.);
#2065=EDGE_CURVE('',#2894,#2895,#3436,.T.);
#2066=EDGE_CURVE('',#2896,#2895,#3437,.T.);
#2067=EDGE_CURVE('',#2896,#2893,#3438,.T.);
#2068=EDGE_CURVE('',#2893,#2897,#3439,.T.);
#2069=EDGE_CURVE('',#2898,#2897,#3440,.T.);
#2070=EDGE_CURVE('',#2898,#2899,#3441,.F.);
#2071=EDGE_CURVE('',#2899,#2900,#3442,.T.);
#2072=EDGE_CURVE('',#2900,#2901,#3443,.T.);
#2073=EDGE_CURVE('',#2902,#2901,#3444,.T.);
#2074=EDGE_CURVE('',#2899,#2902,#3445,.T.);
#2075=EDGE_CURVE('',#2899,#2886,#3446,.F.);
#2076=EDGE_CURVE('',#2903,#2904,#3447,.T.);
#2077=EDGE_CURVE('',#2905,#2903,#3448,.T.);
#2078=EDGE_CURVE('',#2906,#2905,#3449,.T.);
#2079=EDGE_CURVE('',#2907,#2906,#3450,.T.);
#2080=EDGE_CURVE('',#2908,#2907,#3451,.T.);
#2081=EDGE_CURVE('',#2904,#2908,#3452,.T.);
#2082=EDGE_CURVE('',#2909,#2910,#3453,.T.);
#2083=EDGE_CURVE('',#2911,#2909,#3454,.T.);
#2084=EDGE_CURVE('',#2912,#2911,#3455,.T.);
#2085=EDGE_CURVE('',#2913,#2912,#3456,.T.);
#2086=EDGE_CURVE('',#2914,#2913,#3457,.T.);
#2087=EDGE_CURVE('',#2910,#2914,#3458,.T.);
#2088=EDGE_CURVE('',#2915,#2916,#3459,.T.);
#2089=EDGE_CURVE('',#2917,#2915,#3460,.T.);
#2090=EDGE_CURVE('',#2918,#2917,#3461,.T.);
#2091=EDGE_CURVE('',#2919,#2918,#3462,.T.);
#2092=EDGE_CURVE('',#2920,#2919,#3463,.T.);
#2093=EDGE_CURVE('',#2916,#2920,#3464,.T.);
#2094=EDGE_CURVE('',#2921,#2922,#3465,.T.);
#2095=EDGE_CURVE('',#2923,#2921,#3466,.T.);
#2096=EDGE_CURVE('',#2924,#2923,#3467,.T.);
#2097=EDGE_CURVE('',#2925,#2924,#3468,.T.);
#2098=EDGE_CURVE('',#2926,#2925,#3469,.T.);
#2099=EDGE_CURVE('',#2922,#2926,#3470,.T.);
#2100=EDGE_CURVE('',#2927,#2928,#3471,.T.);
#2101=EDGE_CURVE('',#2929,#2927,#3472,.T.);
#2102=EDGE_CURVE('',#2930,#2929,#3473,.T.);
#2103=EDGE_CURVE('',#2931,#2930,#3474,.T.);
#2104=EDGE_CURVE('',#2932,#2931,#3475,.T.);
#2105=EDGE_CURVE('',#2928,#2932,#3476,.T.);
#2106=EDGE_CURVE('',#2933,#2934,#3477,.T.);
#2107=EDGE_CURVE('',#2935,#2933,#3478,.T.);
#2108=EDGE_CURVE('',#2936,#2935,#3479,.T.);
#2109=EDGE_CURVE('',#2937,#2936,#3480,.T.);
#2110=EDGE_CURVE('',#2938,#2937,#3481,.T.);
#2111=EDGE_CURVE('',#2934,#2938,#3482,.T.);
#2112=EDGE_CURVE('',#2939,#2940,#3483,.T.);
#2113=EDGE_CURVE('',#2941,#2939,#3484,.T.);
#2114=EDGE_CURVE('',#2942,#2941,#3485,.T.);
#2115=EDGE_CURVE('',#2943,#2942,#3486,.T.);
#2116=EDGE_CURVE('',#2944,#2943,#3487,.T.);
#2117=EDGE_CURVE('',#2940,#2944,#3488,.T.);
#2118=EDGE_CURVE('',#2945,#2946,#3489,.T.);
#2119=EDGE_CURVE('',#2947,#2945,#3490,.T.);
#2120=EDGE_CURVE('',#2948,#2947,#3491,.T.);
#2121=EDGE_CURVE('',#2949,#2948,#3492,.T.);
#2122=EDGE_CURVE('',#2950,#2949,#3493,.T.);
#2123=EDGE_CURVE('',#2946,#2950,#3494,.T.);
#2124=EDGE_CURVE('',#2951,#2952,#3495,.T.);
#2125=EDGE_CURVE('',#2953,#2951,#3496,.T.);
#2126=EDGE_CURVE('',#2954,#2953,#3497,.T.);
#2127=EDGE_CURVE('',#2955,#2954,#3498,.T.);
#2128=EDGE_CURVE('',#2956,#2955,#3499,.T.);
#2129=EDGE_CURVE('',#2952,#2956,#3500,.T.);
#2130=EDGE_CURVE('',#2957,#2958,#3501,.T.);
#2131=EDGE_CURVE('',#2958,#2959,#3502,.T.);
#2132=EDGE_CURVE('',#2960,#2959,#3503,.T.);
#2133=EDGE_CURVE('',#2957,#2960,#3504,.T.);
#2134=EDGE_CURVE('',#2961,#2962,#3505,.T.);
#2135=EDGE_CURVE('',#2962,#2963,#3506,.T.);
#2136=EDGE_CURVE('',#2964,#2963,#3507,.T.);
#2137=EDGE_CURVE('',#2961,#2964,#3508,.T.);
#2138=EDGE_CURVE('',#2965,#2966,#3509,.T.);
#2139=EDGE_CURVE('',#2966,#2967,#3510,.T.);
#2140=EDGE_CURVE('',#2968,#2967,#3511,.T.);
#2141=EDGE_CURVE('',#2965,#2968,#3512,.T.);
#2142=EDGE_CURVE('',#2969,#2970,#3513,.T.);
#2143=EDGE_CURVE('',#2970,#2971,#3514,.T.);
#2144=EDGE_CURVE('',#2972,#2971,#3515,.T.);
#2145=EDGE_CURVE('',#2972,#2969,#3516,.T.);
#2146=EDGE_CURVE('',#2973,#2974,#3517,.T.);
#2147=EDGE_CURVE('',#2974,#2975,#3518,.T.);
#2148=EDGE_CURVE('',#2975,#2976,#3519,.T.);
#2149=EDGE_CURVE('',#2976,#2977,#3520,.T.);
#2150=EDGE_CURVE('',#2977,#2978,#3521,.T.);
#2151=EDGE_CURVE('',#2978,#2973,#3522,.T.);
#2152=EDGE_CURVE('',#2979,#2980,#3523,.T.);
#2153=EDGE_CURVE('',#2980,#2981,#3524,.T.);
#2154=EDGE_CURVE('',#2981,#2982,#3525,.T.);
#2155=EDGE_CURVE('',#2982,#2983,#3526,.T.);
#2156=EDGE_CURVE('',#2983,#2984,#3527,.T.);
#2157=EDGE_CURVE('',#2984,#2979,#3528,.T.);
#2158=EDGE_CURVE('',#2985,#2986,#3529,.T.);
#2159=EDGE_CURVE('',#2986,#2987,#3530,.T.);
#2160=EDGE_CURVE('',#2987,#2988,#3531,.T.);
#2161=EDGE_CURVE('',#2988,#2989,#3532,.T.);
#2162=EDGE_CURVE('',#2989,#2990,#3533,.T.);
#2163=EDGE_CURVE('',#2990,#2985,#3534,.T.);
#2164=EDGE_CURVE('',#2991,#2992,#3535,.T.);
#2165=EDGE_CURVE('',#2992,#2993,#3536,.T.);
#2166=EDGE_CURVE('',#2993,#2994,#3537,.T.);
#2167=EDGE_CURVE('',#2994,#2995,#3538,.T.);
#2168=EDGE_CURVE('',#2995,#2996,#3539,.T.);
#2169=EDGE_CURVE('',#2996,#2991,#3540,.T.);
#2170=EDGE_CURVE('',#2997,#2998,#3541,.T.);
#2171=EDGE_CURVE('',#2998,#2999,#3542,.T.);
#2172=EDGE_CURVE('',#2999,#3000,#3543,.T.);
#2173=EDGE_CURVE('',#3000,#3001,#3544,.T.);
#2174=EDGE_CURVE('',#3001,#3002,#3545,.T.);
#2175=EDGE_CURVE('',#3002,#2997,#3546,.T.);
#2176=EDGE_CURVE('',#3003,#3004,#3547,.T.);
#2177=EDGE_CURVE('',#3004,#3005,#3548,.T.);
#2178=EDGE_CURVE('',#3005,#3006,#3549,.T.);
#2179=EDGE_CURVE('',#3006,#3007,#3550,.T.);
#2180=EDGE_CURVE('',#3007,#3008,#3551,.T.);
#2181=EDGE_CURVE('',#3008,#3003,#3552,.T.);
#2182=EDGE_CURVE('',#3009,#3010,#3553,.T.);
#2183=EDGE_CURVE('',#3010,#3011,#3554,.T.);
#2184=EDGE_CURVE('',#3011,#3012,#3555,.T.);
#2185=EDGE_CURVE('',#3012,#3013,#3556,.T.);
#2186=EDGE_CURVE('',#3013,#3014,#3557,.T.);
#2187=EDGE_CURVE('',#3014,#3009,#3558,.T.);
#2188=EDGE_CURVE('',#3015,#3016,#3559,.T.);
#2189=EDGE_CURVE('',#3017,#3015,#3560,.T.);
#2190=EDGE_CURVE('',#3017,#3018,#3561,.T.);
#2191=EDGE_CURVE('',#3018,#3016,#3562,.T.);
#2192=EDGE_CURVE('',#3019,#3020,#3563,.T.);
#2193=EDGE_CURVE('',#3020,#3021,#3564,.T.);
#2194=EDGE_CURVE('',#3021,#3022,#3565,.T.);
#2195=EDGE_CURVE('',#3022,#3023,#3566,.T.);
#2196=EDGE_CURVE('',#3023,#3024,#3567,.T.);
#2197=EDGE_CURVE('',#3025,#3024,#3568,.T.);
#2198=EDGE_CURVE('',#3026,#3025,#3569,.T.);
#2199=EDGE_CURVE('',#3026,#3027,#3570,.T.);
#2200=EDGE_CURVE('',#3027,#2880,#3571,.T.);
#2201=EDGE_CURVE('',#3028,#2879,#3572,.T.);
#2202=EDGE_CURVE('',#3028,#3029,#3573,.T.);
#2203=EDGE_CURVE('',#3030,#3029,#3574,.T.);
#2204=EDGE_CURVE('',#2877,#3030,#3575,.T.);
#2205=EDGE_CURVE('',#2876,#3031,#3576,.T.);
#2206=EDGE_CURVE('',#3031,#3032,#3577,.T.);
#2207=EDGE_CURVE('',#3032,#3033,#3578,.T.);
#2208=EDGE_CURVE('',#3033,#3034,#3579,.T.);
#2209=EDGE_CURVE('',#3034,#2884,#3580,.T.);
#2210=EDGE_CURVE('',#3035,#2883,#3581,.T.);
#2211=EDGE_CURVE('',#3035,#3036,#3582,.T.);
#2212=EDGE_CURVE('',#3036,#3037,#3583,.T.);
#2213=EDGE_CURVE('',#3037,#3038,#3584,.T.);
#2214=EDGE_CURVE('',#3038,#3039,#3585,.T.);
#2215=EDGE_CURVE('',#3039,#3040,#3586,.T.);
#2216=EDGE_CURVE('',#3040,#3041,#3587,.T.);
#2217=EDGE_CURVE('',#3041,#3042,#3588,.T.);
#2218=EDGE_CURVE('',#3042,#3019,#3589,.T.);
#2219=EDGE_CURVE('',#3043,#3044,#3590,.T.);
#2220=EDGE_CURVE('',#3045,#3043,#3591,.T.);
#2221=EDGE_CURVE('',#3045,#3046,#3592,.T.);
#2222=EDGE_CURVE('',#3046,#3044,#3593,.T.);
#2223=EDGE_CURVE('',#3047,#3048,#3594,.T.);
#2224=EDGE_CURVE('',#3049,#3047,#3595,.T.);
#2225=EDGE_CURVE('',#3049,#3050,#3596,.T.);
#2226=EDGE_CURVE('',#3050,#3048,#3597,.T.);
#2227=EDGE_CURVE('',#3051,#3052,#3598,.T.);
#2228=EDGE_CURVE('',#3053,#3051,#3599,.T.);
#2229=EDGE_CURVE('',#3054,#3053,#3600,.T.);
#2230=EDGE_CURVE('',#3054,#3052,#3601,.T.);
#2231=EDGE_CURVE('',#3055,#3056,#3602,.T.);
#2232=EDGE_CURVE('',#3055,#3057,#88,.T.);
#2233=EDGE_CURVE('',#3057,#3058,#3603,.T.);
#2234=EDGE_CURVE('',#3058,#3059,#89,.T.);
#2235=EDGE_CURVE('',#3059,#3060,#3604,.T.);
#2236=EDGE_CURVE('',#3060,#3056,#90,.T.);
#2237=EDGE_CURVE('',#3061,#3062,#3605,.T.);
#2238=EDGE_CURVE('',#3061,#3063,#91,.T.);
#2239=EDGE_CURVE('',#3063,#3064,#3606,.T.);
#2240=EDGE_CURVE('',#3064,#3065,#92,.T.);
#2241=EDGE_CURVE('',#3066,#3065,#3607,.T.);
#2242=EDGE_CURVE('',#3066,#3062,#93,.T.);
#2243=EDGE_CURVE('',#3067,#3068,#3608,.T.);
#2244=EDGE_CURVE('',#3068,#3069,#94,.T.);
#2245=EDGE_CURVE('',#3069,#3070,#3609,.T.);
#2246=EDGE_CURVE('',#3070,#3071,#95,.T.);
#2247=EDGE_CURVE('',#3071,#3072,#3610,.T.);
#2248=EDGE_CURVE('',#3072,#3067,#96,.T.);
#2249=EDGE_CURVE('',#3073,#3074,#3611,.T.);
#2250=EDGE_CURVE('',#3073,#3075,#97,.T.);
#2251=EDGE_CURVE('',#3075,#3076,#3612,.T.);
#2252=EDGE_CURVE('',#3076,#3077,#98,.T.);
#2253=EDGE_CURVE('',#3078,#3077,#3613,.T.);
#2254=EDGE_CURVE('',#3078,#3074,#99,.T.);
#2255=EDGE_CURVE('',#3079,#3080,#3614,.T.);
#2256=EDGE_CURVE('',#3079,#3081,#3615,.T.);
#2257=EDGE_CURVE('',#3081,#3082,#3616,.T.);
#2258=EDGE_CURVE('',#3082,#3080,#3617,.F.);
#2259=EDGE_CURVE('',#3083,#3084,#3618,.T.);
#2260=EDGE_CURVE('',#3083,#3085,#100,.T.);
#2261=EDGE_CURVE('',#3086,#3085,#3619,.T.);
#2262=EDGE_CURVE('',#3086,#3087,#101,.T.);
#2263=EDGE_CURVE('',#3087,#3088,#3620,.T.);
#2264=EDGE_CURVE('',#3088,#3084,#102,.T.);
#2265=EDGE_CURVE('',#3089,#3090,#3621,.T.);
#2266=EDGE_CURVE('',#3089,#3091,#103,.T.);
#2267=EDGE_CURVE('',#3091,#3092,#3622,.T.);
#2268=EDGE_CURVE('',#3092,#3093,#104,.T.);
#2269=EDGE_CURVE('',#3093,#3094,#3623,.T.);
#2270=EDGE_CURVE('',#3094,#3090,#105,.T.);
#2271=EDGE_CURVE('',#3095,#3096,#3624,.T.);
#2272=EDGE_CURVE('',#3095,#3097,#106,.F.);
#2273=EDGE_CURVE('',#3097,#3098,#3625,.T.);
#2274=EDGE_CURVE('',#3098,#3099,#107,.F.);
#2275=EDGE_CURVE('',#3100,#3099,#3626,.T.);
#2276=EDGE_CURVE('',#3100,#3096,#108,.F.);
#2277=EDGE_CURVE('',#3101,#3102,#3627,.T.);
#2278=EDGE_CURVE('',#3101,#3103,#109,.F.);
#2279=EDGE_CURVE('',#3104,#3103,#3628,.T.);
#2280=EDGE_CURVE('',#3104,#3105,#110,.F.);
#2281=EDGE_CURVE('',#3106,#3105,#3629,.T.);
#2282=EDGE_CURVE('',#3106,#3102,#111,.F.);
#2283=EDGE_CURVE('',#3107,#3108,#3630,.T.);
#2284=EDGE_CURVE('',#3107,#3109,#3631,.F.);
#2285=EDGE_CURVE('',#3109,#3110,#3632,.T.);
#2286=EDGE_CURVE('',#3110,#3108,#3633,.T.);
#2287=EDGE_CURVE('',#3111,#3112,#3634,.T.);
#2288=EDGE_CURVE('',#3111,#3113,#112,.F.);
#2289=EDGE_CURVE('',#3113,#3114,#3635,.T.);
#2290=EDGE_CURVE('',#3114,#3115,#113,.F.);
#2291=EDGE_CURVE('',#3115,#3116,#3636,.T.);
#2292=EDGE_CURVE('',#3116,#3112,#114,.F.);
#2293=EDGE_CURVE('',#3117,#3118,#3637,.T.);
#2294=EDGE_CURVE('',#3117,#3119,#115,.F.);
#2295=EDGE_CURVE('',#3119,#3120,#3638,.T.);
#2296=EDGE_CURVE('',#3120,#3121,#116,.F.);
#2297=EDGE_CURVE('',#3121,#3122,#3639,.T.);
#2298=EDGE_CURVE('',#3122,#3118,#117,.F.);
#2299=EDGE_CURVE('',#3123,#3124,#3640,.T.);
#2300=EDGE_CURVE('',#3123,#3125,#118,.F.);
#2301=EDGE_CURVE('',#3125,#3126,#3641,.T.);
#2302=EDGE_CURVE('',#3126,#3127,#119,.F.);
#2303=EDGE_CURVE('',#3127,#3128,#3642,.T.);
#2304=EDGE_CURVE('',#3128,#3124,#120,.F.);
#2305=EDGE_CURVE('',#3129,#3130,#3643,.T.);
#2306=EDGE_CURVE('',#3129,#3131,#121,.F.);
#2307=EDGE_CURVE('',#3131,#3132,#3644,.T.);
#2308=EDGE_CURVE('',#3132,#3133,#122,.F.);
#2309=EDGE_CURVE('',#3134,#3133,#3645,.T.);
#2310=EDGE_CURVE('',#3134,#3130,#123,.F.);
#2311=EDGE_CURVE('',#3135,#3136,#3646,.T.);
#2312=EDGE_CURVE('',#3135,#3137,#124,.F.);
#2313=EDGE_CURVE('',#3137,#3138,#3647,.T.);
#2314=EDGE_CURVE('',#3138,#3139,#125,.F.);
#2315=EDGE_CURVE('',#3140,#3139,#3648,.T.);
#2316=EDGE_CURVE('',#3140,#3136,#126,.F.);
#2317=EDGE_CURVE('',#3141,#3142,#3649,.T.);
#2318=EDGE_CURVE('',#3141,#3143,#127,.F.);
#2319=EDGE_CURVE('',#3144,#3143,#3650,.T.);
#2320=EDGE_CURVE('',#3144,#3145,#128,.F.);
#2321=EDGE_CURVE('',#3146,#3145,#3651,.T.);
#2322=EDGE_CURVE('',#3146,#3142,#129,.F.);
#2323=EDGE_CURVE('',#3147,#3148,#3652,.T.);
#2324=EDGE_CURVE('',#3147,#3149,#3653,.F.);
#2325=EDGE_CURVE('',#3149,#3150,#3654,.T.);
#2326=EDGE_CURVE('',#3150,#3148,#3655,.T.);
#2327=EDGE_CURVE('',#3151,#3152,#3656,.T.);
#2328=EDGE_CURVE('',#3151,#3153,#130,.F.);
#2329=EDGE_CURVE('',#3153,#3154,#3657,.T.);
#2330=EDGE_CURVE('',#3154,#3155,#131,.F.);
#2331=EDGE_CURVE('',#3155,#3156,#3658,.T.);
#2332=EDGE_CURVE('',#3156,#3152,#132,.F.);
#2333=EDGE_CURVE('',#3157,#3158,#3659,.T.);
#2334=EDGE_CURVE('',#3157,#3159,#133,.F.);
#2335=EDGE_CURVE('',#3159,#3160,#3660,.T.);
#2336=EDGE_CURVE('',#3160,#3161,#134,.F.);
#2337=EDGE_CURVE('',#3161,#3162,#3661,.T.);
#2338=EDGE_CURVE('',#3162,#3158,#135,.F.);
#2339=EDGE_CURVE('',#3163,#3164,#3662,.T.);
#2340=EDGE_CURVE('',#3163,#3165,#136,.F.);
#2341=EDGE_CURVE('',#3165,#3166,#3663,.T.);
#2342=EDGE_CURVE('',#3166,#3167,#137,.F.);
#2343=EDGE_CURVE('',#3167,#3168,#3664,.T.);
#2344=EDGE_CURVE('',#3168,#3164,#138,.F.);
#2345=EDGE_CURVE('',#3169,#3170,#3665,.T.);
#2346=EDGE_CURVE('',#3169,#3171,#139,.F.);
#2347=EDGE_CURVE('',#3171,#3172,#3666,.T.);
#2348=EDGE_CURVE('',#3172,#3173,#140,.F.);
#2349=EDGE_CURVE('',#3174,#3173,#3667,.T.);
#2350=EDGE_CURVE('',#3174,#3170,#141,.F.);
#2351=EDGE_CURVE('',#3175,#3176,#3668,.T.);
#2352=EDGE_CURVE('',#3175,#3177,#142,.T.);
#2353=EDGE_CURVE('',#3177,#3178,#3669,.T.);
#2354=EDGE_CURVE('',#3178,#3179,#143,.T.);
#2355=EDGE_CURVE('',#3179,#3180,#3670,.T.);
#2356=EDGE_CURVE('',#3180,#3176,#144,.T.);
#2357=EDGE_CURVE('',#3181,#3182,#3671,.T.);
#2358=EDGE_CURVE('',#3181,#3183,#145,.T.);
#2359=EDGE_CURVE('',#3183,#3184,#3672,.T.);
#2360=EDGE_CURVE('',#3184,#3185,#146,.T.);
#2361=EDGE_CURVE('',#3186,#3185,#3673,.T.);
#2362=EDGE_CURVE('',#3186,#3182,#147,.T.);
#2363=EDGE_CURVE('',#3187,#3188,#3674,.T.);
#2364=EDGE_CURVE('',#3188,#3189,#148,.T.);
#2365=EDGE_CURVE('',#3189,#3190,#3675,.T.);
#2366=EDGE_CURVE('',#3190,#3191,#149,.T.);
#2367=EDGE_CURVE('',#3191,#3192,#3676,.T.);
#2368=EDGE_CURVE('',#3192,#3187,#150,.T.);
#2369=EDGE_CURVE('',#3193,#3194,#3677,.T.);
#2370=EDGE_CURVE('',#3193,#3195,#151,.T.);
#2371=EDGE_CURVE('',#3195,#3196,#3678,.T.);
#2372=EDGE_CURVE('',#3196,#3197,#152,.T.);
#2373=EDGE_CURVE('',#3198,#3197,#3679,.T.);
#2374=EDGE_CURVE('',#3198,#3194,#153,.T.);
#2375=EDGE_CURVE('',#2881,#2872,#3680,.T.);
#2376=EDGE_CURVE('',#2882,#2871,#3681,.T.);
#2377=EDGE_CURVE('',#3199,#3200,#3682,.T.);
#2378=EDGE_CURVE('',#3199,#3201,#154,.T.);
#2379=EDGE_CURVE('',#3202,#3201,#3683,.T.);
#2380=EDGE_CURVE('',#3202,#3203,#155,.T.);
#2381=EDGE_CURVE('',#3203,#3204,#3684,.T.);
#2382=EDGE_CURVE('',#3204,#3200,#156,.T.);
#2383=EDGE_CURVE('',#3205,#3206,#3685,.T.);
#2384=EDGE_CURVE('',#3205,#3207,#157,.T.);
#2385=EDGE_CURVE('',#3207,#3208,#3686,.T.);
#2386=EDGE_CURVE('',#3208,#3209,#158,.T.);
#2387=EDGE_CURVE('',#3209,#3210,#3687,.T.);
#2388=EDGE_CURVE('',#3210,#3206,#159,.T.);
#2389=EDGE_CURVE('',#2771,#2788,#3688,.T.);
#2390=EDGE_CURVE('',#2787,#3150,#160,.F.);
#2391=EDGE_CURVE('',#3149,#3035,#161,.F.);
#2392=EDGE_CURVE('',#2768,#2791,#3689,.T.);
#2393=EDGE_CURVE('',#2767,#3110,#162,.T.);
#2394=EDGE_CURVE('',#3109,#2892,#163,.T.);
#2395=EDGE_CURVE('',#2891,#3079,#164,.T.);
#2396=EDGE_CURVE('',#3080,#2772,#165,.T.);
#2397=EDGE_CURVE('',#3211,#3212,#18,.F.);
#2398=EDGE_CURVE('',#3212,#2778,#19,.F.);
#2399=EDGE_CURVE('',#2810,#3213,#20,.F.);
#2400=EDGE_CURVE('',#2806,#3213,#166,.F.);
#2401=EDGE_CURVE('',#3148,#2805,#167,.T.);
#2402=EDGE_CURVE('',#2786,#3214,#21,.F.);
#2403=EDGE_CURVE('',#3214,#3215,#3690,.F.);
#2404=EDGE_CURVE('',#3215,#2781,#22,.F.);
#2405=EDGE_CURVE('',#2780,#3216,#23,.F.);
#2406=EDGE_CURVE('',#3216,#3217,#24,.F.);
#2407=EDGE_CURVE('',#3217,#3211,#3691,.F.);
#2408=EDGE_CURVE('',#3021,#3218,#25,.F.);
#2409=EDGE_CURVE('',#3218,#3219,#26,.F.);
#2410=EDGE_CURVE('',#3219,#3220,#3692,.F.);
#2411=EDGE_CURVE('',#3220,#3221,#27,.F.);
#2412=EDGE_CURVE('',#3221,#3042,#28,.F.);
#2413=EDGE_CURVE('',#3041,#3222,#29,.F.);
#2414=EDGE_CURVE('',#3222,#3223,#3693,.F.);
#2415=EDGE_CURVE('',#3223,#3036,#30,.F.);
#2416=EDGE_CURVE('',#3027,#3147,#168,.T.);
#2417=EDGE_CURVE('',#3224,#3026,#169,.F.);
#2418=EDGE_CURVE('',#3224,#3022,#31,.F.);
#2419=EDGE_CURVE('',#2897,#3107,#170,.F.);
#2420=EDGE_CURVE('',#3108,#2762,#171,.F.);
#2421=EDGE_CURVE('',#2761,#3082,#172,.F.);
#2422=EDGE_CURVE('',#3081,#2898,#173,.F.);
#2423=EDGE_CURVE('',#2886,#2890,#3694,.F.);
#2424=EDGE_CURVE('',#2773,#2755,#3695,.T.);
#2425=EDGE_CURVE('',#2789,#2770,#3696,.T.);
#2426=EDGE_CURVE('',#2790,#2769,#3697,.T.);
#2427=EDGE_CURVE('',#3197,#3116,#3698,.T.);
#2428=EDGE_CURVE('',#3115,#3198,#3699,.F.);
#2429=EDGE_CURVE('',#3195,#3111,#3700,.T.);
#2430=EDGE_CURVE('',#3112,#3196,#3701,.F.);
#2431=EDGE_CURVE('',#3113,#3193,#3702,.F.);
#2432=EDGE_CURVE('',#3194,#3114,#3703,.T.);
#2433=EDGE_CURVE('',#3203,#3117,#3704,.T.);
#2434=EDGE_CURVE('',#3118,#3204,#3705,.F.);
#2435=EDGE_CURVE('',#3201,#3120,#3706,.T.);
#2436=EDGE_CURVE('',#3119,#3202,#3707,.F.);
#2437=EDGE_CURVE('',#3121,#3199,#3708,.F.);
#2438=EDGE_CURVE('',#3200,#3122,#3709,.T.);
#2439=EDGE_CURVE('',#3074,#3154,#3710,.T.);
#2440=EDGE_CURVE('',#3153,#3073,#3711,.F.);
#2441=EDGE_CURVE('',#3075,#3151,#3712,.T.);
#2442=EDGE_CURVE('',#3152,#3076,#3713,.F.);
#2443=EDGE_CURVE('',#3155,#3078,#3714,.F.);
#2444=EDGE_CURVE('',#3077,#3156,#3715,.T.);
#2445=EDGE_CURVE('',#3161,#3083,#3716,.F.);
#2446=EDGE_CURVE('',#3084,#3162,#3717,.T.);
#2447=EDGE_CURVE('',#3085,#3160,#3718,.T.);
#2448=EDGE_CURVE('',#3159,#3086,#3719,.F.);
#2449=EDGE_CURVE('',#3087,#3157,#3720,.T.);
#2450=EDGE_CURVE('',#3158,#3088,#3721,.F.);
#2451=EDGE_CURVE('',#3189,#3104,#3722,.T.);
#2452=EDGE_CURVE('',#3103,#3190,#3723,.F.);
#2453=EDGE_CURVE('',#3105,#3188,#3724,.F.);
#2454=EDGE_CURVE('',#3187,#3106,#3725,.T.);
#2455=EDGE_CURVE('',#3191,#3101,#3726,.T.);
#2456=EDGE_CURVE('',#3102,#3192,#3727,.F.);
#2457=EDGE_CURVE('',#3185,#3128,#3728,.T.);
#2458=EDGE_CURVE('',#3127,#3186,#3729,.F.);
#2459=EDGE_CURVE('',#3124,#3184,#3730,.F.);
#2460=EDGE_CURVE('',#3183,#3123,#3731,.T.);
#2461=EDGE_CURVE('',#3182,#3126,#3732,.T.);
#2462=EDGE_CURVE('',#3125,#3181,#3733,.F.);
#2463=EDGE_CURVE('',#3142,#3072,#3734,.F.);
#2464=EDGE_CURVE('',#3071,#3141,#3735,.T.);
#2465=EDGE_CURVE('',#3067,#3146,#3736,.T.);
#2466=EDGE_CURVE('',#3145,#3068,#3737,.F.);
#2467=EDGE_CURVE('',#3143,#3070,#3738,.F.);
#2468=EDGE_CURVE('',#3069,#3144,#3739,.T.);
#2469=EDGE_CURVE('',#3165,#3061,#3740,.F.);
#2470=EDGE_CURVE('',#3062,#3166,#3741,.T.);
#2471=EDGE_CURVE('',#3164,#3064,#3742,.F.);
#2472=EDGE_CURVE('',#3063,#3163,#3743,.T.);
#2473=EDGE_CURVE('',#3065,#3168,#3744,.T.);
#2474=EDGE_CURVE('',#3167,#3066,#3745,.F.);
#2475=EDGE_CURVE('',#3133,#3210,#3746,.F.);
#2476=EDGE_CURVE('',#3209,#3134,#3747,.T.);
#2477=EDGE_CURVE('',#3207,#3129,#3748,.T.);
#2478=EDGE_CURVE('',#3130,#3208,#3749,.F.);
#2479=EDGE_CURVE('',#3131,#3205,#3750,.F.);
#2480=EDGE_CURVE('',#3206,#3132,#3751,.T.);
#2481=EDGE_CURVE('',#3097,#3175,#3752,.F.);
#2482=EDGE_CURVE('',#3176,#3098,#3753,.T.);
#2483=EDGE_CURVE('',#3179,#3100,#3754,.T.);
#2484=EDGE_CURVE('',#3099,#3180,#3755,.F.);
#2485=EDGE_CURVE('',#3177,#3095,#3756,.T.);
#2486=EDGE_CURVE('',#3096,#3178,#3757,.F.);
#2487=EDGE_CURVE('',#3090,#3172,#3758,.T.);
#2488=EDGE_CURVE('',#3171,#3089,#3759,.F.);
#2489=EDGE_CURVE('',#3170,#3092,#3760,.F.);
#2490=EDGE_CURVE('',#3091,#3169,#3761,.T.);
#2491=EDGE_CURVE('',#3173,#3094,#3762,.F.);
#2492=EDGE_CURVE('',#3093,#3174,#3763,.T.);
#2493=EDGE_CURVE('',#3057,#3135,#3764,.T.);
#2494=EDGE_CURVE('',#3136,#3058,#3765,.F.);
#2495=EDGE_CURVE('',#3139,#3060,#3766,.F.);
#2496=EDGE_CURVE('',#3059,#3140,#3767,.T.);
#2497=EDGE_CURVE('',#3056,#3138,#3768,.T.);
#2498=EDGE_CURVE('',#3137,#3055,#3769,.F.);
#2499=EDGE_CURVE('',#2957,#3045,#3770,.T.);
#2500=EDGE_CURVE('',#2958,#3043,#3771,.T.);
#2501=EDGE_CURVE('',#2960,#3046,#3772,.T.);
#2502=EDGE_CURVE('',#2959,#3044,#3773,.T.);
#2503=EDGE_CURVE('',#2896,#3028,#3774,.T.);
#2504=EDGE_CURVE('',#2893,#2878,#3775,.T.);
#2505=EDGE_CURVE('',#2895,#3029,#3776,.T.);
#2506=EDGE_CURVE('',#2894,#3030,#3777,.T.);
#2507=EDGE_CURVE('',#2961,#3049,#3778,.T.);
#2508=EDGE_CURVE('',#2962,#3047,#3779,.T.);
#2509=EDGE_CURVE('',#2964,#3050,#3780,.T.);
#2510=EDGE_CURVE('',#2963,#3048,#3781,.T.);
#2511=EDGE_CURVE('',#2965,#3017,#3782,.T.);
#2512=EDGE_CURVE('',#2966,#3015,#3783,.T.);
#2513=EDGE_CURVE('',#2968,#3018,#3784,.T.);
#2514=EDGE_CURVE('',#2967,#3016,#3785,.T.);
#2515=EDGE_CURVE('',#2969,#3053,#3786,.T.);
#2516=EDGE_CURVE('',#2970,#3051,#3787,.T.);
#2517=EDGE_CURVE('',#2972,#3054,#3788,.T.);
#2518=EDGE_CURVE('',#2971,#3052,#3789,.T.);
#2519=EDGE_CURVE('',#2900,#3025,#3790,.T.);
#2520=EDGE_CURVE('',#2901,#3024,#3791,.T.);
#2521=EDGE_CURVE('',#2899,#3224,#3792,.T.);
#2522=EDGE_CURVE('',#2902,#3023,#3793,.T.);
#2523=EDGE_CURVE('',#2854,#2694,#3794,.T.);
#2524=EDGE_CURVE('',#2855,#2693,#3795,.T.);
#2525=EDGE_CURVE('',#2856,#2696,#3796,.T.);
#2526=EDGE_CURVE('',#2853,#2695,#3797,.T.);
#2527=EDGE_CURVE('',#2873,#2763,#3798,.T.);
#2528=EDGE_CURVE('',#2800,#2766,#3799,.T.);
#2529=EDGE_CURVE('',#2801,#2765,#3800,.T.);
#2530=EDGE_CURVE('',#2802,#2764,#3801,.T.);
#2531=EDGE_CURVE('',#2858,#2690,#3802,.T.);
#2532=EDGE_CURVE('',#2859,#2689,#3803,.T.);
#2533=EDGE_CURVE('',#2860,#2692,#3804,.T.);
#2534=EDGE_CURVE('',#2857,#2691,#3805,.T.);
#2535=EDGE_CURVE('',#2862,#2698,#3806,.T.);
#2536=EDGE_CURVE('',#2863,#2697,#3807,.T.);
#2537=EDGE_CURVE('',#2864,#2700,#3808,.T.);
#2538=EDGE_CURVE('',#2861,#2699,#3809,.T.);
#2539=EDGE_CURVE('',#2866,#2686,#3810,.T.);
#2540=EDGE_CURVE('',#2867,#2685,#3811,.T.);
#2541=EDGE_CURVE('',#2868,#2688,#3812,.T.);
#2542=EDGE_CURVE('',#2865,#2687,#3813,.T.);
#2543=EDGE_CURVE('',#2808,#2759,#3814,.T.);
#2544=EDGE_CURVE('',#2809,#2758,#3815,.T.);
#2545=EDGE_CURVE('',#3213,#2757,#3816,.T.);
#2546=EDGE_CURVE('',#2807,#2760,#3817,.T.);
#2547=EDGE_CURVE('',#2944,#3223,#3818,.T.);
#2548=EDGE_CURVE('',#2940,#3222,#3819,.T.);
#2549=EDGE_CURVE('',#2943,#3037,#3820,.T.);
#2550=EDGE_CURVE('',#2939,#3040,#3821,.T.);
#2551=EDGE_CURVE('',#2942,#3038,#3822,.T.);
#2552=EDGE_CURVE('',#2941,#3039,#3823,.T.);
#2553=EDGE_CURVE('',#3214,#2716,#3824,.T.);
#2554=EDGE_CURVE('',#3215,#2715,#3825,.T.);
#2555=EDGE_CURVE('',#2782,#2713,#3826,.T.);
#2556=EDGE_CURVE('',#2783,#2714,#3827,.T.);
#2557=EDGE_CURVE('',#2784,#2718,#3828,.T.);
#2558=EDGE_CURVE('',#2785,#2717,#3829,.T.);
#2559=EDGE_CURVE('',#2956,#3012,#3830,.T.);
#2560=EDGE_CURVE('',#2952,#3011,#3831,.T.);
#2561=EDGE_CURVE('',#2955,#3013,#3832,.T.);
#2562=EDGE_CURVE('',#2954,#3014,#3833,.T.);
#2563=EDGE_CURVE('',#2953,#3009,#3834,.T.);
#2564=EDGE_CURVE('',#2951,#3010,#3835,.T.);
#2565=EDGE_CURVE('',#2950,#3006,#3836,.T.);
#2566=EDGE_CURVE('',#2946,#3005,#3837,.T.);
#2567=EDGE_CURVE('',#2949,#3007,#3838,.T.);
#2568=EDGE_CURVE('',#2948,#3008,#3839,.T.);
#2569=EDGE_CURVE('',#2947,#3003,#3840,.T.);
#2570=EDGE_CURVE('',#2945,#3004,#3841,.T.);
#2571=EDGE_CURVE('',#2938,#3000,#3842,.T.);
#2572=EDGE_CURVE('',#2934,#2999,#3843,.T.);
#2573=EDGE_CURVE('',#2937,#3001,#3844,.T.);
#2574=EDGE_CURVE('',#2936,#3002,#3845,.T.);
#2575=EDGE_CURVE('',#2935,#2997,#3846,.T.);
#2576=EDGE_CURVE('',#2933,#2998,#3847,.T.);
#2577=EDGE_CURVE('',#2932,#2874,#3848,.T.);
#2578=EDGE_CURVE('',#2928,#3034,#3849,.T.);
#2579=EDGE_CURVE('',#2930,#3031,#3850,.T.);
#2580=EDGE_CURVE('',#2931,#2875,#3851,.T.);
#2581=EDGE_CURVE('',#2929,#3032,#3852,.T.);
#2582=EDGE_CURVE('',#2927,#3033,#3853,.T.);
#2583=EDGE_CURVE('',#2848,#2703,#3854,.T.);
#2584=EDGE_CURVE('',#2847,#2701,#3855,.T.);
#2585=EDGE_CURVE('',#2849,#2702,#3856,.T.);
#2586=EDGE_CURVE('',#2850,#2706,#3857,.T.);
#2587=EDGE_CURVE('',#2851,#2705,#3858,.T.);
#2588=EDGE_CURVE('',#2852,#2704,#3859,.T.);
#2589=EDGE_CURVE('',#2842,#2709,#3860,.T.);
#2590=EDGE_CURVE('',#2841,#2707,#3861,.T.);
#2591=EDGE_CURVE('',#2843,#2708,#3862,.T.);
#2592=EDGE_CURVE('',#2844,#2712,#3863,.T.);
#2593=EDGE_CURVE('',#2845,#2711,#3864,.T.);
#2594=EDGE_CURVE('',#2846,#2710,#3865,.T.);
#2595=EDGE_CURVE('',#2836,#2721,#3866,.T.);
#2596=EDGE_CURVE('',#2835,#2719,#3867,.T.);
#2597=EDGE_CURVE('',#2837,#2720,#3868,.T.);
#2598=EDGE_CURVE('',#2838,#2724,#3869,.T.);
#2599=EDGE_CURVE('',#2839,#2723,#3870,.T.);
#2600=EDGE_CURVE('',#2840,#2722,#3871,.T.);
#2601=EDGE_CURVE('',#2869,#2729,#3872,.T.);
#2602=EDGE_CURVE('',#2870,#2728,#3873,.T.);
#2603=EDGE_CURVE('',#2794,#2727,#3874,.T.);
#2604=EDGE_CURVE('',#2795,#2725,#3875,.T.);
#2605=EDGE_CURVE('',#2796,#2726,#3876,.T.);
#2606=EDGE_CURVE('',#2797,#2730,#3877,.T.);
#2607=EDGE_CURVE('',#2886,#3219,#3878,.T.);
#2608=EDGE_CURVE('',#2890,#3220,#3879,.T.);
#2609=EDGE_CURVE('',#2889,#3221,#3880,.T.);
#2610=EDGE_CURVE('',#2888,#3019,#3881,.T.);
#2611=EDGE_CURVE('',#2885,#3218,#3882,.T.);
#2612=EDGE_CURVE('',#2887,#3020,#3883,.T.);
#2613=EDGE_CURVE('',#3217,#2773,#3884,.T.);
#2614=EDGE_CURVE('',#3211,#2755,#3885,.T.);
#2615=EDGE_CURVE('',#3212,#2756,#3886,.T.);
#2616=EDGE_CURVE('',#3216,#2774,#3887,.T.);
#2617=EDGE_CURVE('',#2777,#2776,#3888,.T.);
#2618=EDGE_CURVE('',#2779,#2775,#3889,.T.);
#2619=EDGE_CURVE('',#2926,#2994,#3890,.T.);
#2620=EDGE_CURVE('',#2922,#2993,#3891,.T.);
#2621=EDGE_CURVE('',#2925,#2995,#3892,.T.);
#2622=EDGE_CURVE('',#2924,#2996,#3893,.T.);
#2623=EDGE_CURVE('',#2923,#2991,#3894,.T.);
#2624=EDGE_CURVE('',#2921,#2992,#3895,.T.);
#2625=EDGE_CURVE('',#2920,#2988,#3896,.T.);
#2626=EDGE_CURVE('',#2916,#2987,#3897,.T.);
#2627=EDGE_CURVE('',#2919,#2989,#3898,.T.);
#2628=EDGE_CURVE('',#2918,#2990,#3899,.T.);
#2629=EDGE_CURVE('',#2917,#2985,#3900,.T.);
#2630=EDGE_CURVE('',#2915,#2986,#3901,.T.);
#2631=EDGE_CURVE('',#2914,#2982,#3902,.T.);
#2632=EDGE_CURVE('',#2910,#2981,#3903,.T.);
#2633=EDGE_CURVE('',#2913,#2983,#3904,.T.);
#2634=EDGE_CURVE('',#2912,#2984,#3905,.T.);
#2635=EDGE_CURVE('',#2911,#2979,#3906,.T.);
#2636=EDGE_CURVE('',#2909,#2980,#3907,.T.);
#2637=EDGE_CURVE('',#2908,#2976,#3908,.T.);
#2638=EDGE_CURVE('',#2904,#2975,#3909,.T.);
#2639=EDGE_CURVE('',#2907,#2977,#3910,.T.);
#2640=EDGE_CURVE('',#2906,#2978,#3911,.T.);
#2641=EDGE_CURVE('',#2905,#2973,#3912,.T.);
#2642=EDGE_CURVE('',#2903,#2974,#3913,.T.);
#2643=EDGE_CURVE('',#2830,#2733,#3914,.T.);
#2644=EDGE_CURVE('',#2829,#2731,#3915,.T.);
#2645=EDGE_CURVE('',#2831,#2732,#3916,.T.);
#2646=EDGE_CURVE('',#2832,#2736,#3917,.T.);
#2647=EDGE_CURVE('',#2833,#2735,#3918,.T.);
#2648=EDGE_CURVE('',#2834,#2734,#3919,.T.);
#2649=EDGE_CURVE('',#2824,#2739,#3920,.T.);
#2650=EDGE_CURVE('',#2823,#2737,#3921,.T.);
#2651=EDGE_CURVE('',#2825,#2738,#3922,.T.);
#2652=EDGE_CURVE('',#2826,#2742,#3923,.T.);
#2653=EDGE_CURVE('',#2827,#2741,#3924,.T.);
#2654=EDGE_CURVE('',#2828,#2740,#3925,.T.);
#2655=EDGE_CURVE('',#2818,#2745,#3926,.T.);
#2656=EDGE_CURVE('',#2817,#2743,#3927,.T.);
#2657=EDGE_CURVE('',#2819,#2744,#3928,.T.);
#2658=EDGE_CURVE('',#2820,#2748,#3929,.T.);
#2659=EDGE_CURVE('',#2821,#2747,#3930,.T.);
#2660=EDGE_CURVE('',#2822,#2746,#3931,.T.);
#2661=EDGE_CURVE('',#2812,#2751,#3932,.T.);
#2662=EDGE_CURVE('',#2811,#2749,#3933,.T.);
#2663=EDGE_CURVE('',#2813,#2750,#3934,.T.);
#2664=EDGE_CURVE('',#2814,#2754,#3935,.T.);
#2665=EDGE_CURVE('',#2815,#2753,#3936,.T.);
#2666=EDGE_CURVE('',#2816,#2752,#3937,.T.);
#2667=EDGE_CURVE('',#3225,#3226,#3938,.T.);
#2668=EDGE_CURVE('',#3225,#2684,#3939,.T.);
#2669=EDGE_CURVE('',#2683,#3226,#3940,.F.);
#2670=EDGE_CURVE('',#2681,#3227,#3941,.F.);
#2671=EDGE_CURVE('',#3227,#3228,#3942,.T.);
#2672=EDGE_CURVE('',#3228,#2682,#3943,.T.);
#2673=EDGE_CURVE('',#2680,#3229,#3944,.F.);
#2674=EDGE_CURVE('',#3230,#3229,#3945,.T.);
#2675=EDGE_CURVE('',#3230,#2679,#3946,.T.);
#2676=EDGE_CURVE('',#3229,#3225,#174,.T.);
#2677=EDGE_CURVE('',#3226,#3228,#175,.T.);
#2678=EDGE_CURVE('',#3227,#3230,#176,.T.);
#2679=VERTEX_POINT('',#7733);
#2680=VERTEX_POINT('',#7734);
#2681=VERTEX_POINT('',#7736);
#2682=VERTEX_POINT('',#7738);
#2683=VERTEX_POINT('',#7740);
#2684=VERTEX_POINT('',#7742);
#2685=VERTEX_POINT('',#7745);
#2686=VERTEX_POINT('',#7746);
#2687=VERTEX_POINT('',#7748);
#2688=VERTEX_POINT('',#7750);
#2689=VERTEX_POINT('',#7753);
#2690=VERTEX_POINT('',#7754);
#2691=VERTEX_POINT('',#7756);
#2692=VERTEX_POINT('',#7758);
#2693=VERTEX_POINT('',#7761);
#2694=VERTEX_POINT('',#7762);
#2695=VERTEX_POINT('',#7764);
#2696=VERTEX_POINT('',#7766);
#2697=VERTEX_POINT('',#7769);
#2698=VERTEX_POINT('',#7770);
#2699=VERTEX_POINT('',#7772);
#2700=VERTEX_POINT('',#7774);
#2701=VERTEX_POINT('',#7777);
#2702=VERTEX_POINT('',#7778);
#2703=VERTEX_POINT('',#7780);
#2704=VERTEX_POINT('',#7782);
#2705=VERTEX_POINT('',#7784);
#2706=VERTEX_POINT('',#7786);
#2707=VERTEX_POINT('',#7789);
#2708=VERTEX_POINT('',#7790);
#2709=VERTEX_POINT('',#7792);
#2710=VERTEX_POINT('',#7794);
#2711=VERTEX_POINT('',#7796);
#2712=VERTEX_POINT('',#7798);
#2713=VERTEX_POINT('',#7801);
#2714=VERTEX_POINT('',#7802);
#2715=VERTEX_POINT('',#7804);
#2716=VERTEX_POINT('',#7806);
#2717=VERTEX_POINT('',#7808);
#2718=VERTEX_POINT('',#7810);
#2719=VERTEX_POINT('',#7813);
#2720=VERTEX_POINT('',#7814);
#2721=VERTEX_POINT('',#7816);
#2722=VERTEX_POINT('',#7818);
#2723=VERTEX_POINT('',#7820);
#2724=VERTEX_POINT('',#7822);
#2725=VERTEX_POINT('',#7825);
#2726=VERTEX_POINT('',#7826);
#2727=VERTEX_POINT('',#7828);
#2728=VERTEX_POINT('',#7830);
#2729=VERTEX_POINT('',#7832);
#2730=VERTEX_POINT('',#7834);
#2731=VERTEX_POINT('',#7837);
#2732=VERTEX_POINT('',#7838);
#2733=VERTEX_POINT('',#7840);
#2734=VERTEX_POINT('',#7842);
#2735=VERTEX_POINT('',#7844);
#2736=VERTEX_POINT('',#7846);
#2737=VERTEX_POINT('',#7849);
#2738=VERTEX_POINT('',#7850);
#2739=VERTEX_POINT('',#7852);
#2740=VERTEX_POINT('',#7854);
#2741=VERTEX_POINT('',#7856);
#2742=VERTEX_POINT('',#7858);
#2743=VERTEX_POINT('',#7861);
#2744=VERTEX_POINT('',#7862);
#2745=VERTEX_POINT('',#7864);
#2746=VERTEX_POINT('',#7866);
#2747=VERTEX_POINT('',#7868);
#2748=VERTEX_POINT('',#7870);
#2749=VERTEX_POINT('',#7873);
#2750=VERTEX_POINT('',#7874);
#2751=VERTEX_POINT('',#7876);
#2752=VERTEX_POINT('',#7878);
#2753=VERTEX_POINT('',#7880);
#2754=VERTEX_POINT('',#7882);
#2755=VERTEX_POINT('',#7885);
#2756=VERTEX_POINT('',#7886);
#2757=VERTEX_POINT('',#7888);
#2758=VERTEX_POINT('',#7890);
#2759=VERTEX_POINT('',#7892);
#2760=VERTEX_POINT('',#7894);
#2761=VERTEX_POINT('',#7897);
#2762=VERTEX_POINT('',#7899);
#2763=VERTEX_POINT('',#7901);
#2764=VERTEX_POINT('',#7903);
#2765=VERTEX_POINT('',#7905);
#2766=VERTEX_POINT('',#7907);
#2767=VERTEX_POINT('',#7910);
#2768=VERTEX_POINT('',#7912);
#2769=VERTEX_POINT('',#7914);
#2770=VERTEX_POINT('',#7916);
#2771=VERTEX_POINT('',#7918);
#2772=VERTEX_POINT('',#7920);
#2773=VERTEX_POINT('',#7922);
#2774=VERTEX_POINT('',#7924);
#2775=VERTEX_POINT('',#7926);
#2776=VERTEX_POINT('',#7928);
#2777=VERTEX_POINT('',#7932);
#2778=VERTEX_POINT('',#7933);
#2779=VERTEX_POINT('',#7935);
#2780=VERTEX_POINT('',#7937);
#2781=VERTEX_POINT('',#7939);
#2782=VERTEX_POINT('',#7941);
#2783=VERTEX_POINT('',#7943);
#2784=VERTEX_POINT('',#7945);
#2785=VERTEX_POINT('',#7947);
#2786=VERTEX_POINT('',#7949);
#2787=VERTEX_POINT('',#7951);
#2788=VERTEX_POINT('',#7953);
#2789=VERTEX_POINT('',#7955);
#2790=VERTEX_POINT('',#7957);
#2791=VERTEX_POINT('',#7959);
#2792=VERTEX_POINT('',#7961);
#2793=VERTEX_POINT('',#7963);
#2794=VERTEX_POINT('',#7965);
#2795=VERTEX_POINT('',#7967);
#2796=VERTEX_POINT('',#7969);
#2797=VERTEX_POINT('',#7971);
#2798=VERTEX_POINT('',#7973);
#2799=VERTEX_POINT('',#7975);
#2800=VERTEX_POINT('',#7977);
#2801=VERTEX_POINT('',#7979);
#2802=VERTEX_POINT('',#7981);
#2803=VERTEX_POINT('',#7983);
#2804=VERTEX_POINT('',#7985);
#2805=VERTEX_POINT('',#7987);
#2806=VERTEX_POINT('',#7989);
#2807=VERTEX_POINT('',#7991);
#2808=VERTEX_POINT('',#7993);
#2809=VERTEX_POINT('',#7995);
#2810=VERTEX_POINT('',#7997);
#2811=VERTEX_POINT('',#8000);
#2812=VERTEX_POINT('',#8001);
#2813=VERTEX_POINT('',#8003);
#2814=VERTEX_POINT('',#8005);
#2815=VERTEX_POINT('',#8007);
#2816=VERTEX_POINT('',#8009);
#2817=VERTEX_POINT('',#8012);
#2818=VERTEX_POINT('',#8013);
#2819=VERTEX_POINT('',#8015);
#2820=VERTEX_POINT('',#8017);
#2821=VERTEX_POINT('',#8019);
#2822=VERTEX_POINT('',#8021);
#2823=VERTEX_POINT('',#8024);
#2824=VERTEX_POINT('',#8025);
#2825=VERTEX_POINT('',#8027);
#2826=VERTEX_POINT('',#8029);
#2827=VERTEX_POINT('',#8031);
#2828=VERTEX_POINT('',#8033);
#2829=VERTEX_POINT('',#8036);
#2830=VERTEX_POINT('',#8037);
#2831=VERTEX_POINT('',#8039);
#2832=VERTEX_POINT('',#8041);
#2833=VERTEX_POINT('',#8043);
#2834=VERTEX_POINT('',#8045);
#2835=VERTEX_POINT('',#8048);
#2836=VERTEX_POINT('',#8049);
#2837=VERTEX_POINT('',#8051);
#2838=VERTEX_POINT('',#8053);
#2839=VERTEX_POINT('',#8055);
#2840=VERTEX_POINT('',#8057);
#2841=VERTEX_POINT('',#8060);
#2842=VERTEX_POINT('',#8061);
#2843=VERTEX_POINT('',#8063);
#2844=VERTEX_POINT('',#8065);
#2845=VERTEX_POINT('',#8067);
#2846=VERTEX_POINT('',#8069);
#2847=VERTEX_POINT('',#8072);
#2848=VERTEX_POINT('',#8073);
#2849=VERTEX_POINT('',#8075);
#2850=VERTEX_POINT('',#8077);
#2851=VERTEX_POINT('',#8079);
#2852=VERTEX_POINT('',#8081);
#2853=VERTEX_POINT('',#8084);
#2854=VERTEX_POINT('',#8085);
#2855=VERTEX_POINT('',#8087);
#2856=VERTEX_POINT('',#8089);
#2857=VERTEX_POINT('',#8092);
#2858=VERTEX_POINT('',#8093);
#2859=VERTEX_POINT('',#8095);
#2860=VERTEX_POINT('',#8097);
#2861=VERTEX_POINT('',#8100);
#2862=VERTEX_POINT('',#8101);
#2863=VERTEX_POINT('',#8103);
#2864=VERTEX_POINT('',#8105);
#2865=VERTEX_POINT('',#8108);
#2866=VERTEX_POINT('',#8109);
#2867=VERTEX_POINT('',#8111);
#2868=VERTEX_POINT('',#8113);
#2869=VERTEX_POINT('',#8117);
#2870=VERTEX_POINT('',#8119);
#2871=VERTEX_POINT('',#8122);
#2872=VERTEX_POINT('',#8124);
#2873=VERTEX_POINT('',#8127);
#2874=VERTEX_POINT('',#8131);
#2875=VERTEX_POINT('',#8132);
#2876=VERTEX_POINT('',#8134);
#2877=VERTEX_POINT('',#8136);
#2878=VERTEX_POINT('',#8138);
#2879=VERTEX_POINT('',#8140);
#2880=VERTEX_POINT('',#8142);
#2881=VERTEX_POINT('',#8144);
#2882=VERTEX_POINT('',#8146);
#2883=VERTEX_POINT('',#8148);
#2884=VERTEX_POINT('',#8150);
#2885=VERTEX_POINT('',#8154);
#2886=VERTEX_POINT('',#8155);
#2887=VERTEX_POINT('',#8157);
#2888=VERTEX_POINT('',#8159);
#2889=VERTEX_POINT('',#8161);
#2890=VERTEX_POINT('',#8163);
#2891=VERTEX_POINT('',#8165);
#2892=VERTEX_POINT('',#8167);
#2893=VERTEX_POINT('',#8169);
#2894=VERTEX_POINT('',#8171);
#2895=VERTEX_POINT('',#8173);
#2896=VERTEX_POINT('',#8175);
#2897=VERTEX_POINT('',#8178);
#2898=VERTEX_POINT('',#8180);
#2899=VERTEX_POINT('',#8182);
#2900=VERTEX_POINT('',#8184);
#2901=VERTEX_POINT('',#8186);
#2902=VERTEX_POINT('',#8188);
#2903=VERTEX_POINT('',#8192);
#2904=VERTEX_POINT('',#8193);
#2905=VERTEX_POINT('',#8195);
#2906=VERTEX_POINT('',#8197);
#2907=VERTEX_POINT('',#8199);
#2908=VERTEX_POINT('',#8201);
#2909=VERTEX_POINT('',#8204);
#2910=VERTEX_POINT('',#8205);
#2911=VERTEX_POINT('',#8207);
#2912=VERTEX_POINT('',#8209);
#2913=VERTEX_POINT('',#8211);
#2914=VERTEX_POINT('',#8213);
#2915=VERTEX_POINT('',#8216);
#2916=VERTEX_POINT('',#8217);
#2917=VERTEX_POINT('',#8219);
#2918=VERTEX_POINT('',#8221);
#2919=VERTEX_POINT('',#8223);
#2920=VERTEX_POINT('',#8225);
#2921=VERTEX_POINT('',#8228);
#2922=VERTEX_POINT('',#8229);
#2923=VERTEX_POINT('',#8231);
#2924=VERTEX_POINT('',#8233);
#2925=VERTEX_POINT('',#8235);
#2926=VERTEX_POINT('',#8237);
#2927=VERTEX_POINT('',#8240);
#2928=VERTEX_POINT('',#8241);
#2929=VERTEX_POINT('',#8243);
#2930=VERTEX_POINT('',#8245);
#2931=VERTEX_POINT('',#8247);
#2932=VERTEX_POINT('',#8249);
#2933=VERTEX_POINT('',#8252);
#2934=VERTEX_POINT('',#8253);
#2935=VERTEX_POINT('',#8255);
#2936=VERTEX_POINT('',#8257);
#2937=VERTEX_POINT('',#8259);
#2938=VERTEX_POINT('',#8261);
#2939=VERTEX_POINT('',#8264);
#2940=VERTEX_POINT('',#8265);
#2941=VERTEX_POINT('',#8267);
#2942=VERTEX_POINT('',#8269);
#2943=VERTEX_POINT('',#8271);
#2944=VERTEX_POINT('',#8273);
#2945=VERTEX_POINT('',#8276);
#2946=VERTEX_POINT('',#8277);
#2947=VERTEX_POINT('',#8279);
#2948=VERTEX_POINT('',#8281);
#2949=VERTEX_POINT('',#8283);
#2950=VERTEX_POINT('',#8285);
#2951=VERTEX_POINT('',#8288);
#2952=VERTEX_POINT('',#8289);
#2953=VERTEX_POINT('',#8291);
#2954=VERTEX_POINT('',#8293);
#2955=VERTEX_POINT('',#8295);
#2956=VERTEX_POINT('',#8297);
#2957=VERTEX_POINT('',#8300);
#2958=VERTEX_POINT('',#8301);
#2959=VERTEX_POINT('',#8303);
#2960=VERTEX_POINT('',#8305);
#2961=VERTEX_POINT('',#8308);
#2962=VERTEX_POINT('',#8309);
#2963=VERTEX_POINT('',#8311);
#2964=VERTEX_POINT('',#8313);
#2965=VERTEX_POINT('',#8316);
#2966=VERTEX_POINT('',#8317);
#2967=VERTEX_POINT('',#8319);
#2968=VERTEX_POINT('',#8321);
#2969=VERTEX_POINT('',#8324);
#2970=VERTEX_POINT('',#8325);
#2971=VERTEX_POINT('',#8327);
#2972=VERTEX_POINT('',#8329);
#2973=VERTEX_POINT('',#8333);
#2974=VERTEX_POINT('',#8334);
#2975=VERTEX_POINT('',#8336);
#2976=VERTEX_POINT('',#8338);
#2977=VERTEX_POINT('',#8340);
#2978=VERTEX_POINT('',#8342);
#2979=VERTEX_POINT('',#8345);
#2980=VERTEX_POINT('',#8346);
#2981=VERTEX_POINT('',#8348);
#2982=VERTEX_POINT('',#8350);
#2983=VERTEX_POINT('',#8352);
#2984=VERTEX_POINT('',#8354);
#2985=VERTEX_POINT('',#8357);
#2986=VERTEX_POINT('',#8358);
#2987=VERTEX_POINT('',#8360);
#2988=VERTEX_POINT('',#8362);
#2989=VERTEX_POINT('',#8364);
#2990=VERTEX_POINT('',#8366);
#2991=VERTEX_POINT('',#8369);
#2992=VERTEX_POINT('',#8370);
#2993=VERTEX_POINT('',#8372);
#2994=VERTEX_POINT('',#8374);
#2995=VERTEX_POINT('',#8376);
#2996=VERTEX_POINT('',#8378);
#2997=VERTEX_POINT('',#8381);
#2998=VERTEX_POINT('',#8382);
#2999=VERTEX_POINT('',#8384);
#3000=VERTEX_POINT('',#8386);
#3001=VERTEX_POINT('',#8388);
#3002=VERTEX_POINT('',#8390);
#3003=VERTEX_POINT('',#8393);
#3004=VERTEX_POINT('',#8394);
#3005=VERTEX_POINT('',#8396);
#3006=VERTEX_POINT('',#8398);
#3007=VERTEX_POINT('',#8400);
#3008=VERTEX_POINT('',#8402);
#3009=VERTEX_POINT('',#8405);
#3010=VERTEX_POINT('',#8406);
#3011=VERTEX_POINT('',#8408);
#3012=VERTEX_POINT('',#8410);
#3013=VERTEX_POINT('',#8412);
#3014=VERTEX_POINT('',#8414);
#3015=VERTEX_POINT('',#8417);
#3016=VERTEX_POINT('',#8418);
#3017=VERTEX_POINT('',#8420);
#3018=VERTEX_POINT('',#8422);
#3019=VERTEX_POINT('',#8425);
#3020=VERTEX_POINT('',#8426);
#3021=VERTEX_POINT('',#8428);
#3022=VERTEX_POINT('',#8430);
#3023=VERTEX_POINT('',#8432);
#3024=VERTEX_POINT('',#8434);
#3025=VERTEX_POINT('',#8436);
#3026=VERTEX_POINT('',#8438);
#3027=VERTEX_POINT('',#8440);
#3028=VERTEX_POINT('',#8443);
#3029=VERTEX_POINT('',#8445);
#3030=VERTEX_POINT('',#8447);
#3031=VERTEX_POINT('',#8450);
#3032=VERTEX_POINT('',#8452);
#3033=VERTEX_POINT('',#8454);
#3034=VERTEX_POINT('',#8456);
#3035=VERTEX_POINT('',#8459);
#3036=VERTEX_POINT('',#8461);
#3037=VERTEX_POINT('',#8463);
#3038=VERTEX_POINT('',#8465);
#3039=VERTEX_POINT('',#8467);
#3040=VERTEX_POINT('',#8469);
#3041=VERTEX_POINT('',#8471);
#3042=VERTEX_POINT('',#8473);
#3043=VERTEX_POINT('',#8476);
#3044=VERTEX_POINT('',#8477);
#3045=VERTEX_POINT('',#8479);
#3046=VERTEX_POINT('',#8481);
#3047=VERTEX_POINT('',#8484);
#3048=VERTEX_POINT('',#8485);
#3049=VERTEX_POINT('',#8487);
#3050=VERTEX_POINT('',#8489);
#3051=VERTEX_POINT('',#8492);
#3052=VERTEX_POINT('',#8493);
#3053=VERTEX_POINT('',#8495);
#3054=VERTEX_POINT('',#8497);
#3055=VERTEX_POINT('',#8501);
#3056=VERTEX_POINT('',#8502);
#3057=VERTEX_POINT('',#8504);
#3058=VERTEX_POINT('',#8506);
#3059=VERTEX_POINT('',#8508);
#3060=VERTEX_POINT('',#8510);
#3061=VERTEX_POINT('',#8513);
#3062=VERTEX_POINT('',#8514);
#3063=VERTEX_POINT('',#8516);
#3064=VERTEX_POINT('',#8518);
#3065=VERTEX_POINT('',#8520);
#3066=VERTEX_POINT('',#8522);
#3067=VERTEX_POINT('',#8525);
#3068=VERTEX_POINT('',#8526);
#3069=VERTEX_POINT('',#8528);
#3070=VERTEX_POINT('',#8530);
#3071=VERTEX_POINT('',#8532);
#3072=VERTEX_POINT('',#8534);
#3073=VERTEX_POINT('',#8537);
#3074=VERTEX_POINT('',#8538);
#3075=VERTEX_POINT('',#8540);
#3076=VERTEX_POINT('',#8542);
#3077=VERTEX_POINT('',#8544);
#3078=VERTEX_POINT('',#8546);
#3079=VERTEX_POINT('',#8549);
#3080=VERTEX_POINT('',#8550);
#3081=VERTEX_POINT('',#8552);
#3082=VERTEX_POINT('',#8554);
#3083=VERTEX_POINT('',#8557);
#3084=VERTEX_POINT('',#8558);
#3085=VERTEX_POINT('',#8560);
#3086=VERTEX_POINT('',#8562);
#3087=VERTEX_POINT('',#8564);
#3088=VERTEX_POINT('',#8566);
#3089=VERTEX_POINT('',#8569);
#3090=VERTEX_POINT('',#8570);
#3091=VERTEX_POINT('',#8572);
#3092=VERTEX_POINT('',#8574);
#3093=VERTEX_POINT('',#8576);
#3094=VERTEX_POINT('',#8578);
#3095=VERTEX_POINT('',#8582);
#3096=VERTEX_POINT('',#8583);
#3097=VERTEX_POINT('',#8585);
#3098=VERTEX_POINT('',#8587);
#3099=VERTEX_POINT('',#8589);
#3100=VERTEX_POINT('',#8591);
#3101=VERTEX_POINT('',#8594);
#3102=VERTEX_POINT('',#8595);
#3103=VERTEX_POINT('',#8597);
#3104=VERTEX_POINT('',#8599);
#3105=VERTEX_POINT('',#8601);
#3106=VERTEX_POINT('',#8603);
#3107=VERTEX_POINT('',#8606);
#3108=VERTEX_POINT('',#8607);
#3109=VERTEX_POINT('',#8609);
#3110=VERTEX_POINT('',#8611);
#3111=VERTEX_POINT('',#8614);
#3112=VERTEX_POINT('',#8615);
#3113=VERTEX_POINT('',#8617);
#3114=VERTEX_POINT('',#8619);
#3115=VERTEX_POINT('',#8621);
#3116=VERTEX_POINT('',#8623);
#3117=VERTEX_POINT('',#8626);
#3118=VERTEX_POINT('',#8627);
#3119=VERTEX_POINT('',#8629);
#3120=VERTEX_POINT('',#8631);
#3121=VERTEX_POINT('',#8633);
#3122=VERTEX_POINT('',#8635);
#3123=VERTEX_POINT('',#8638);
#3124=VERTEX_POINT('',#8639);
#3125=VERTEX_POINT('',#8641);
#3126=VERTEX_POINT('',#8643);
#3127=VERTEX_POINT('',#8645);
#3128=VERTEX_POINT('',#8647);
#3129=VERTEX_POINT('',#8650);
#3130=VERTEX_POINT('',#8651);
#3131=VERTEX_POINT('',#8653);
#3132=VERTEX_POINT('',#8655);
#3133=VERTEX_POINT('',#8657);
#3134=VERTEX_POINT('',#8659);
#3135=VERTEX_POINT('',#8663);
#3136=VERTEX_POINT('',#8664);
#3137=VERTEX_POINT('',#8666);
#3138=VERTEX_POINT('',#8668);
#3139=VERTEX_POINT('',#8670);
#3140=VERTEX_POINT('',#8672);
#3141=VERTEX_POINT('',#8675);
#3142=VERTEX_POINT('',#8676);
#3143=VERTEX_POINT('',#8678);
#3144=VERTEX_POINT('',#8680);
#3145=VERTEX_POINT('',#8682);
#3146=VERTEX_POINT('',#8684);
#3147=VERTEX_POINT('',#8687);
#3148=VERTEX_POINT('',#8688);
#3149=VERTEX_POINT('',#8690);
#3150=VERTEX_POINT('',#8692);
#3151=VERTEX_POINT('',#8695);
#3152=VERTEX_POINT('',#8696);
#3153=VERTEX_POINT('',#8698);
#3154=VERTEX_POINT('',#8700);
#3155=VERTEX_POINT('',#8702);
#3156=VERTEX_POINT('',#8704);
#3157=VERTEX_POINT('',#8707);
#3158=VERTEX_POINT('',#8708);
#3159=VERTEX_POINT('',#8710);
#3160=VERTEX_POINT('',#8712);
#3161=VERTEX_POINT('',#8714);
#3162=VERTEX_POINT('',#8716);
#3163=VERTEX_POINT('',#8719);
#3164=VERTEX_POINT('',#8720);
#3165=VERTEX_POINT('',#8722);
#3166=VERTEX_POINT('',#8724);
#3167=VERTEX_POINT('',#8726);
#3168=VERTEX_POINT('',#8728);
#3169=VERTEX_POINT('',#8731);
#3170=VERTEX_POINT('',#8732);
#3171=VERTEX_POINT('',#8734);
#3172=VERTEX_POINT('',#8736);
#3173=VERTEX_POINT('',#8738);
#3174=VERTEX_POINT('',#8740);
#3175=VERTEX_POINT('',#8744);
#3176=VERTEX_POINT('',#8745);
#3177=VERTEX_POINT('',#8747);
#3178=VERTEX_POINT('',#8749);
#3179=VERTEX_POINT('',#8751);
#3180=VERTEX_POINT('',#8753);
#3181=VERTEX_POINT('',#8756);
#3182=VERTEX_POINT('',#8757);
#3183=VERTEX_POINT('',#8759);
#3184=VERTEX_POINT('',#8761);
#3185=VERTEX_POINT('',#8763);
#3186=VERTEX_POINT('',#8765);
#3187=VERTEX_POINT('',#8768);
#3188=VERTEX_POINT('',#8769);
#3189=VERTEX_POINT('',#8771);
#3190=VERTEX_POINT('',#8773);
#3191=VERTEX_POINT('',#8775);
#3192=VERTEX_POINT('',#8777);
#3193=VERTEX_POINT('',#8780);
#3194=VERTEX_POINT('',#8781);
#3195=VERTEX_POINT('',#8783);
#3196=VERTEX_POINT('',#8785);
#3197=VERTEX_POINT('',#8787);
#3198=VERTEX_POINT('',#8789);
#3199=VERTEX_POINT('',#8794);
#3200=VERTEX_POINT('',#8795);
#3201=VERTEX_POINT('',#8797);
#3202=VERTEX_POINT('',#8799);
#3203=VERTEX_POINT('',#8801);
#3204=VERTEX_POINT('',#8803);
#3205=VERTEX_POINT('',#8806);
#3206=VERTEX_POINT('',#8807);
#3207=VERTEX_POINT('',#8809);
#3208=VERTEX_POINT('',#8811);
#3209=VERTEX_POINT('',#8813);
#3210=VERTEX_POINT('',#8815);
#3211=VERTEX_POINT('',#8828);
#3212=VERTEX_POINT('',#8829);
#3213=VERTEX_POINT('',#8832);
#3214=VERTEX_POINT('',#8836);
#3215=VERTEX_POINT('',#8838);
#3216=VERTEX_POINT('',#8841);
#3217=VERTEX_POINT('',#8843);
#3218=VERTEX_POINT('',#8847);
#3219=VERTEX_POINT('',#8849);
#3220=VERTEX_POINT('',#8851);
#3221=VERTEX_POINT('',#8853);
#3222=VERTEX_POINT('',#8856);
#3223=VERTEX_POINT('',#8858);
#3224=VERTEX_POINT('',#8862);
#3225=VERTEX_POINT('',#9363);
#3226=VERTEX_POINT('',#9364);
#3227=VERTEX_POINT('',#9369);
#3228=VERTEX_POINT('',#9371);
#3229=VERTEX_POINT('',#9375);
#3230=VERTEX_POINT('',#9377);
#3231=LINE('',#7732,#3947);
#3232=LINE('',#7737,#3948);
#3233=LINE('',#7741,#3949);
#3234=LINE('',#7744,#3950);
#3235=LINE('',#7747,#3951);
#3236=LINE('',#7749,#3952);
#3237=LINE('',#7751,#3953);
#3238=LINE('',#7752,#3954);
#3239=LINE('',#7755,#3955);
#3240=LINE('',#7757,#3956);
#3241=LINE('',#7759,#3957);
#3242=LINE('',#7760,#3958);
#3243=LINE('',#7763,#3959);
#3244=LINE('',#7765,#3960);
#3245=LINE('',#7767,#3961);
#3246=LINE('',#7768,#3962);
#3247=LINE('',#7771,#3963);
#3248=LINE('',#7773,#3964);
#3249=LINE('',#7775,#3965);
#3250=LINE('',#7776,#3966);
#3251=LINE('',#7779,#3967);
#3252=LINE('',#7781,#3968);
#3253=LINE('',#7783,#3969);
#3254=LINE('',#7785,#3970);
#3255=LINE('',#7787,#3971);
#3256=LINE('',#7788,#3972);
#3257=LINE('',#7791,#3973);
#3258=LINE('',#7793,#3974);
#3259=LINE('',#7795,#3975);
#3260=LINE('',#7797,#3976);
#3261=LINE('',#7799,#3977);
#3262=LINE('',#7800,#3978);
#3263=LINE('',#7803,#3979);
#3264=LINE('',#7805,#3980);
#3265=LINE('',#7807,#3981);
#3266=LINE('',#7809,#3982);
#3267=LINE('',#7811,#3983);
#3268=LINE('',#7812,#3984);
#3269=LINE('',#7815,#3985);
#3270=LINE('',#7817,#3986);
#3271=LINE('',#7819,#3987);
#3272=LINE('',#7821,#3988);
#3273=LINE('',#7823,#3989);
#3274=LINE('',#7824,#3990);
#3275=LINE('',#7827,#3991);
#3276=LINE('',#7829,#3992);
#3277=LINE('',#7831,#3993);
#3278=LINE('',#7833,#3994);
#3279=LINE('',#7835,#3995);
#3280=LINE('',#7836,#3996);
#3281=LINE('',#7839,#3997);
#3282=LINE('',#7841,#3998);
#3283=LINE('',#7843,#3999);
#3284=LINE('',#7845,#4000);
#3285=LINE('',#7847,#4001);
#3286=LINE('',#7848,#4002);
#3287=LINE('',#7851,#4003);
#3288=LINE('',#7853,#4004);
#3289=LINE('',#7855,#4005);
#3290=LINE('',#7857,#4006);
#3291=LINE('',#7859,#4007);
#3292=LINE('',#7860,#4008);
#3293=LINE('',#7863,#4009);
#3294=LINE('',#7865,#4010);
#3295=LINE('',#7867,#4011);
#3296=LINE('',#7869,#4012);
#3297=LINE('',#7871,#4013);
#3298=LINE('',#7872,#4014);
#3299=LINE('',#7875,#4015);
#3300=LINE('',#7877,#4016);
#3301=LINE('',#7879,#4017);
#3302=LINE('',#7881,#4018);
#3303=LINE('',#7883,#4019);
#3304=LINE('',#7884,#4020);
#3305=LINE('',#7887,#4021);
#3306=LINE('',#7889,#4022);
#3307=LINE('',#7891,#4023);
#3308=LINE('',#7893,#4024);
#3309=LINE('',#7895,#4025);
#3310=LINE('',#7896,#4026);
#3311=LINE('',#7898,#4027);
#3312=LINE('',#7900,#4028);
#3313=LINE('',#7902,#4029);
#3314=LINE('',#7904,#4030);
#3315=LINE('',#7906,#4031);
#3316=LINE('',#7908,#4032);
#3317=LINE('',#7909,#4033);
#3318=LINE('',#7911,#4034);
#3319=LINE('',#7913,#4035);
#3320=LINE('',#7915,#4036);
#3321=LINE('',#7917,#4037);
#3322=LINE('',#7919,#4038);
#3323=LINE('',#7921,#4039);
#3324=LINE('',#7923,#4040);
#3325=LINE('',#7925,#4041);
#3326=LINE('',#7927,#4042);
#3327=LINE('',#7929,#4043);
#3328=LINE('',#7931,#4044);
#3329=LINE('',#7934,#4045);
#3330=LINE('',#7936,#4046);
#3331=LINE('',#7938,#4047);
#3332=LINE('',#7940,#4048);
#3333=LINE('',#7942,#4049);
#3334=LINE('',#7944,#4050);
#3335=LINE('',#7946,#4051);
#3336=LINE('',#7948,#4052);
#3337=LINE('',#7950,#4053);
#3338=LINE('',#7952,#4054);
#3339=LINE('',#7954,#4055);
#3340=LINE('',#7956,#4056);
#3341=LINE('',#7958,#4057);
#3342=LINE('',#7960,#4058);
#3343=LINE('',#7962,#4059);
#3344=LINE('',#7964,#4060);
#3345=LINE('',#7966,#4061);
#3346=LINE('',#7968,#4062);
#3347=LINE('',#7970,#4063);
#3348=LINE('',#7972,#4064);
#3349=LINE('',#7974,#4065);
#3350=LINE('',#7976,#4066);
#3351=LINE('',#7978,#4067);
#3352=LINE('',#7980,#4068);
#3353=LINE('',#7982,#4069);
#3354=LINE('',#7984,#4070);
#3355=LINE('',#7986,#4071);
#3356=LINE('',#7988,#4072);
#3357=LINE('',#7990,#4073);
#3358=LINE('',#7992,#4074);
#3359=LINE('',#7994,#4075);
#3360=LINE('',#7996,#4076);
#3361=LINE('',#7998,#4077);
#3362=LINE('',#7999,#4078);
#3363=LINE('',#8002,#4079);
#3364=LINE('',#8004,#4080);
#3365=LINE('',#8006,#4081);
#3366=LINE('',#8008,#4082);
#3367=LINE('',#8010,#4083);
#3368=LINE('',#8011,#4084);
#3369=LINE('',#8014,#4085);
#3370=LINE('',#8016,#4086);
#3371=LINE('',#8018,#4087);
#3372=LINE('',#8020,#4088);
#3373=LINE('',#8022,#4089);
#3374=LINE('',#8023,#4090);
#3375=LINE('',#8026,#4091);
#3376=LINE('',#8028,#4092);
#3377=LINE('',#8030,#4093);
#3378=LINE('',#8032,#4094);
#3379=LINE('',#8034,#4095);
#3380=LINE('',#8035,#4096);
#3381=LINE('',#8038,#4097);
#3382=LINE('',#8040,#4098);
#3383=LINE('',#8042,#4099);
#3384=LINE('',#8044,#4100);
#3385=LINE('',#8046,#4101);
#3386=LINE('',#8047,#4102);
#3387=LINE('',#8050,#4103);
#3388=LINE('',#8052,#4104);
#3389=LINE('',#8054,#4105);
#3390=LINE('',#8056,#4106);
#3391=LINE('',#8058,#4107);
#3392=LINE('',#8059,#4108);
#3393=LINE('',#8062,#4109);
#3394=LINE('',#8064,#4110);
#3395=LINE('',#8066,#4111);
#3396=LINE('',#8068,#4112);
#3397=LINE('',#8070,#4113);
#3398=LINE('',#8071,#4114);
#3399=LINE('',#8074,#4115);
#3400=LINE('',#8076,#4116);
#3401=LINE('',#8078,#4117);
#3402=LINE('',#8080,#4118);
#3403=LINE('',#8082,#4119);
#3404=LINE('',#8083,#4120);
#3405=LINE('',#8086,#4121);
#3406=LINE('',#8088,#4122);
#3407=LINE('',#8090,#4123);
#3408=LINE('',#8091,#4124);
#3409=LINE('',#8094,#4125);
#3410=LINE('',#8096,#4126);
#3411=LINE('',#8098,#4127);
#3412=LINE('',#8099,#4128);
#3413=LINE('',#8102,#4129);
#3414=LINE('',#8104,#4130);
#3415=LINE('',#8106,#4131);
#3416=LINE('',#8107,#4132);
#3417=LINE('',#8110,#4133);
#3418=LINE('',#8112,#4134);
#3419=LINE('',#8114,#4135);
#3420=LINE('',#8118,#4136);
#3421=LINE('',#8123,#4137);
#3422=LINE('',#8130,#4138);
#3423=LINE('',#8135,#4139);
#3424=LINE('',#8141,#4140);
#3425=LINE('',#8145,#4141);
#3426=LINE('',#8149,#4142);
#3427=LINE('',#8153,#4143);
#3428=LINE('',#8156,#4144);
#3429=LINE('',#8158,#4145);
#3430=LINE('',#8160,#4146);
#3431=LINE('',#8162,#4147);
#3432=LINE('',#8164,#4148);
#3433=LINE('',#8166,#4149);
#3434=LINE('',#8168,#4150);
#3435=LINE('',#8170,#4151);
#3436=LINE('',#8172,#4152);
#3437=LINE('',#8174,#4153);
#3438=LINE('',#8176,#4154);
#3439=LINE('',#8177,#4155);
#3440=LINE('',#8179,#4156);
#3441=LINE('',#8181,#4157);
#3442=LINE('',#8183,#4158);
#3443=LINE('',#8185,#4159);
#3444=LINE('',#8187,#4160);
#3445=LINE('',#8189,#4161);
#3446=LINE('',#8190,#4162);
#3447=LINE('',#8191,#4163);
#3448=LINE('',#8194,#4164);
#3449=LINE('',#8196,#4165);
#3450=LINE('',#8198,#4166);
#3451=LINE('',#8200,#4167);
#3452=LINE('',#8202,#4168);
#3453=LINE('',#8203,#4169);
#3454=LINE('',#8206,#4170);
#3455=LINE('',#8208,#4171);
#3456=LINE('',#8210,#4172);
#3457=LINE('',#8212,#4173);
#3458=LINE('',#8214,#4174);
#3459=LINE('',#8215,#4175);
#3460=LINE('',#8218,#4176);
#3461=LINE('',#8220,#4177);
#3462=LINE('',#8222,#4178);
#3463=LINE('',#8224,#4179);
#3464=LINE('',#8226,#4180);
#3465=LINE('',#8227,#4181);
#3466=LINE('',#8230,#4182);
#3467=LINE('',#8232,#4183);
#3468=LINE('',#8234,#4184);
#3469=LINE('',#8236,#4185);
#3470=LINE('',#8238,#4186);
#3471=LINE('',#8239,#4187);
#3472=LINE('',#8242,#4188);
#3473=LINE('',#8244,#4189);
#3474=LINE('',#8246,#4190);
#3475=LINE('',#8248,#4191);
#3476=LINE('',#8250,#4192);
#3477=LINE('',#8251,#4193);
#3478=LINE('',#8254,#4194);
#3479=LINE('',#8256,#4195);
#3480=LINE('',#8258,#4196);
#3481=LINE('',#8260,#4197);
#3482=LINE('',#8262,#4198);
#3483=LINE('',#8263,#4199);
#3484=LINE('',#8266,#4200);
#3485=LINE('',#8268,#4201);
#3486=LINE('',#8270,#4202);
#3487=LINE('',#8272,#4203);
#3488=LINE('',#8274,#4204);
#3489=LINE('',#8275,#4205);
#3490=LINE('',#8278,#4206);
#3491=LINE('',#8280,#4207);
#3492=LINE('',#8282,#4208);
#3493=LINE('',#8284,#4209);
#3494=LINE('',#8286,#4210);
#3495=LINE('',#8287,#4211);
#3496=LINE('',#8290,#4212);
#3497=LINE('',#8292,#4213);
#3498=LINE('',#8294,#4214);
#3499=LINE('',#8296,#4215);
#3500=LINE('',#8298,#4216);
#3501=LINE('',#8299,#4217);
#3502=LINE('',#8302,#4218);
#3503=LINE('',#8304,#4219);
#3504=LINE('',#8306,#4220);
#3505=LINE('',#8307,#4221);
#3506=LINE('',#8310,#4222);
#3507=LINE('',#8312,#4223);
#3508=LINE('',#8314,#4224);
#3509=LINE('',#8315,#4225);
#3510=LINE('',#8318,#4226);
#3511=LINE('',#8320,#4227);
#3512=LINE('',#8322,#4228);
#3513=LINE('',#8323,#4229);
#3514=LINE('',#8326,#4230);
#3515=LINE('',#8328,#4231);
#3516=LINE('',#8330,#4232);
#3517=LINE('',#8332,#4233);
#3518=LINE('',#8335,#4234);
#3519=LINE('',#8337,#4235);
#3520=LINE('',#8339,#4236);
#3521=LINE('',#8341,#4237);
#3522=LINE('',#8343,#4238);
#3523=LINE('',#8344,#4239);
#3524=LINE('',#8347,#4240);
#3525=LINE('',#8349,#4241);
#3526=LINE('',#8351,#4242);
#3527=LINE('',#8353,#4243);
#3528=LINE('',#8355,#4244);
#3529=LINE('',#8356,#4245);
#3530=LINE('',#8359,#4246);
#3531=LINE('',#8361,#4247);
#3532=LINE('',#8363,#4248);
#3533=LINE('',#8365,#4249);
#3534=LINE('',#8367,#4250);
#3535=LINE('',#8368,#4251);
#3536=LINE('',#8371,#4252);
#3537=LINE('',#8373,#4253);
#3538=LINE('',#8375,#4254);
#3539=LINE('',#8377,#4255);
#3540=LINE('',#8379,#4256);
#3541=LINE('',#8380,#4257);
#3542=LINE('',#8383,#4258);
#3543=LINE('',#8385,#4259);
#3544=LINE('',#8387,#4260);
#3545=LINE('',#8389,#4261);
#3546=LINE('',#8391,#4262);
#3547=LINE('',#8392,#4263);
#3548=LINE('',#8395,#4264);
#3549=LINE('',#8397,#4265);
#3550=LINE('',#8399,#4266);
#3551=LINE('',#8401,#4267);
#3552=LINE('',#8403,#4268);
#3553=LINE('',#8404,#4269);
#3554=LINE('',#8407,#4270);
#3555=LINE('',#8409,#4271);
#3556=LINE('',#8411,#4272);
#3557=LINE('',#8413,#4273);
#3558=LINE('',#8415,#4274);
#3559=LINE('',#8416,#4275);
#3560=LINE('',#8419,#4276);
#3561=LINE('',#8421,#4277);
#3562=LINE('',#8423,#4278);
#3563=LINE('',#8424,#4279);
#3564=LINE('',#8427,#4280);
#3565=LINE('',#8429,#4281);
#3566=LINE('',#8431,#4282);
#3567=LINE('',#8433,#4283);
#3568=LINE('',#8435,#4284);
#3569=LINE('',#8437,#4285);
#3570=LINE('',#8439,#4286);
#3571=LINE('',#8441,#4287);
#3572=LINE('',#8442,#4288);
#3573=LINE('',#8444,#4289);
#3574=LINE('',#8446,#4290);
#3575=LINE('',#8448,#4291);
#3576=LINE('',#8449,#4292);
#3577=LINE('',#8451,#4293);
#3578=LINE('',#8453,#4294);
#3579=LINE('',#8455,#4295);
#3580=LINE('',#8457,#4296);
#3581=LINE('',#8458,#4297);
#3582=LINE('',#8460,#4298);
#3583=LINE('',#8462,#4299);
#3584=LINE('',#8464,#4300);
#3585=LINE('',#8466,#4301);
#3586=LINE('',#8468,#4302);
#3587=LINE('',#8470,#4303);
#3588=LINE('',#8472,#4304);
#3589=LINE('',#8474,#4305);
#3590=LINE('',#8475,#4306);
#3591=LINE('',#8478,#4307);
#3592=LINE('',#8480,#4308);
#3593=LINE('',#8482,#4309);
#3594=LINE('',#8483,#4310);
#3595=LINE('',#8486,#4311);
#3596=LINE('',#8488,#4312);
#3597=LINE('',#8490,#4313);
#3598=LINE('',#8491,#4314);
#3599=LINE('',#8494,#4315);
#3600=LINE('',#8496,#4316);
#3601=LINE('',#8498,#4317);
#3602=LINE('',#8500,#4318);
#3603=LINE('',#8505,#4319);
#3604=LINE('',#8509,#4320);
#3605=LINE('',#8512,#4321);
#3606=LINE('',#8517,#4322);
#3607=LINE('',#8521,#4323);
#3608=LINE('',#8524,#4324);
#3609=LINE('',#8529,#4325);
#3610=LINE('',#8533,#4326);
#3611=LINE('',#8536,#4327);
#3612=LINE('',#8541,#4328);
#3613=LINE('',#8545,#4329);
#3614=LINE('',#8548,#4330);
#3615=LINE('',#8551,#4331);
#3616=LINE('',#8553,#4332);
#3617=LINE('',#8555,#4333);
#3618=LINE('',#8556,#4334);
#3619=LINE('',#8561,#4335);
#3620=LINE('',#8565,#4336);
#3621=LINE('',#8568,#4337);
#3622=LINE('',#8573,#4338);
#3623=LINE('',#8577,#4339);
#3624=LINE('',#8581,#4340);
#3625=LINE('',#8586,#4341);
#3626=LINE('',#8590,#4342);
#3627=LINE('',#8593,#4343);
#3628=LINE('',#8598,#4344);
#3629=LINE('',#8602,#4345);
#3630=LINE('',#8605,#4346);
#3631=LINE('',#8608,#4347);
#3632=LINE('',#8610,#4348);
#3633=LINE('',#8612,#4349);
#3634=LINE('',#8613,#4350);
#3635=LINE('',#8618,#4351);
#3636=LINE('',#8622,#4352);
#3637=LINE('',#8625,#4353);
#3638=LINE('',#8630,#4354);
#3639=LINE('',#8634,#4355);
#3640=LINE('',#8637,#4356);
#3641=LINE('',#8642,#4357);
#3642=LINE('',#8646,#4358);
#3643=LINE('',#8649,#4359);
#3644=LINE('',#8654,#4360);
#3645=LINE('',#8658,#4361);
#3646=LINE('',#8662,#4362);
#3647=LINE('',#8667,#4363);
#3648=LINE('',#8671,#4364);
#3649=LINE('',#8674,#4365);
#3650=LINE('',#8679,#4366);
#3651=LINE('',#8683,#4367);
#3652=LINE('',#8686,#4368);
#3653=LINE('',#8689,#4369);
#3654=LINE('',#8691,#4370);
#3655=LINE('',#8693,#4371);
#3656=LINE('',#8694,#4372);
#3657=LINE('',#8699,#4373);
#3658=LINE('',#8703,#4374);
#3659=LINE('',#8706,#4375);
#3660=LINE('',#8711,#4376);
#3661=LINE('',#8715,#4377);
#3662=LINE('',#8718,#4378);
#3663=LINE('',#8723,#4379);
#3664=LINE('',#8727,#4380);
#3665=LINE('',#8730,#4381);
#3666=LINE('',#8735,#4382);
#3667=LINE('',#8739,#4383);
#3668=LINE('',#8743,#4384);
#3669=LINE('',#8748,#4385);
#3670=LINE('',#8752,#4386);
#3671=LINE('',#8755,#4387);
#3672=LINE('',#8760,#4388);
#3673=LINE('',#8764,#4389);
#3674=LINE('',#8767,#4390);
#3675=LINE('',#8772,#4391);
#3676=LINE('',#8776,#4392);
#3677=LINE('',#8779,#4393);
#3678=LINE('',#8784,#4394);
#3679=LINE('',#8788,#4395);
#3680=LINE('',#8791,#4396);
#3681=LINE('',#8792,#4397);
#3682=LINE('',#8793,#4398);
#3683=LINE('',#8798,#4399);
#3684=LINE('',#8802,#4400);
#3685=LINE('',#8805,#4401);
#3686=LINE('',#8810,#4402);
#3687=LINE('',#8814,#4403);
#3688=LINE('',#8818,#4404);
#3689=LINE('',#8821,#4405);
#3690=LINE('',#8837,#4406);
#3691=LINE('',#8844,#4407);
#3692=LINE('',#8850,#4408);
#3693=LINE('',#8857,#4409);
#3694=LINE('',#8871,#4410);
#3695=LINE('',#8873,#4411);
#3696=LINE('',#8877,#4412);
#3697=LINE('',#8879,#4413);
#3698=LINE('',#8882,#4414);
#3699=LINE('',#8883,#4415);
#3700=LINE('',#8885,#4416);
#3701=LINE('',#8886,#4417);
#3702=LINE('',#8888,#4418);
#3703=LINE('',#8889,#4419);
#3704=LINE('',#8891,#4420);
#3705=LINE('',#8892,#4421);
#3706=LINE('',#8894,#4422);
#3707=LINE('',#8895,#4423);
#3708=LINE('',#8897,#4424);
#3709=LINE('',#8898,#4425);
#3710=LINE('',#8900,#4426);
#3711=LINE('',#8901,#4427);
#3712=LINE('',#8903,#4428);
#3713=LINE('',#8904,#4429);
#3714=LINE('',#8906,#4430);
#3715=LINE('',#8907,#4431);
#3716=LINE('',#8909,#4432);
#3717=LINE('',#8910,#4433);
#3718=LINE('',#8912,#4434);
#3719=LINE('',#8913,#4435);
#3720=LINE('',#8915,#4436);
#3721=LINE('',#8916,#4437);
#3722=LINE('',#8930,#4438);
#3723=LINE('',#8931,#4439);
#3724=LINE('',#8933,#4440);
#3725=LINE('',#8934,#4441);
#3726=LINE('',#8936,#4442);
#3727=LINE('',#8937,#4443);
#3728=LINE('',#8939,#4444);
#3729=LINE('',#8940,#4445);
#3730=LINE('',#8942,#4446);
#3731=LINE('',#8943,#4447);
#3732=LINE('',#8945,#4448);
#3733=LINE('',#8946,#4449);
#3734=LINE('',#8948,#4450);
#3735=LINE('',#8949,#4451);
#3736=LINE('',#8951,#4452);
#3737=LINE('',#8952,#4453);
#3738=LINE('',#8954,#4454);
#3739=LINE('',#8955,#4455);
#3740=LINE('',#8957,#4456);
#3741=LINE('',#8958,#4457);
#3742=LINE('',#8960,#4458);
#3743=LINE('',#8961,#4459);
#3744=LINE('',#8963,#4460);
#3745=LINE('',#8964,#4461);
#3746=LINE('',#8978,#4462);
#3747=LINE('',#8979,#4463);
#3748=LINE('',#8981,#4464);
#3749=LINE('',#8982,#4465);
#3750=LINE('',#8984,#4466);
#3751=LINE('',#8985,#4467);
#3752=LINE('',#8987,#4468);
#3753=LINE('',#8988,#4469);
#3754=LINE('',#8990,#4470);
#3755=LINE('',#8991,#4471);
#3756=LINE('',#8993,#4472);
#3757=LINE('',#8994,#4473);
#3758=LINE('',#8996,#4474);
#3759=LINE('',#8997,#4475);
#3760=LINE('',#8999,#4476);
#3761=LINE('',#9000,#4477);
#3762=LINE('',#9002,#4478);
#3763=LINE('',#9003,#4479);
#3764=LINE('',#9005,#4480);
#3765=LINE('',#9006,#4481);
#3766=LINE('',#9008,#4482);
#3767=LINE('',#9009,#4483);
#3768=LINE('',#9011,#4484);
#3769=LINE('',#9012,#4485);
#3770=LINE('',#9026,#4486);
#3771=LINE('',#9027,#4487);
#3772=LINE('',#9029,#4488);
#3773=LINE('',#9031,#4489);
#3774=LINE('',#9034,#4490);
#3775=LINE('',#9035,#4491);
#3776=LINE('',#9037,#4492);
#3777=LINE('',#9039,#4493);
#3778=LINE('',#9042,#4494);
#3779=LINE('',#9043,#4495);
#3780=LINE('',#9045,#4496);
#3781=LINE('',#9047,#4497);
#3782=LINE('',#9050,#4498);
#3783=LINE('',#9051,#4499);
#3784=LINE('',#9053,#4500);
#3785=LINE('',#9055,#4501);
#3786=LINE('',#9058,#4502);
#3787=LINE('',#9059,#4503);
#3788=LINE('',#9061,#4504);
#3789=LINE('',#9063,#4505);
#3790=LINE('',#9066,#4506);
#3791=LINE('',#9067,#4507);
#3792=LINE('',#9069,#4508);
#3793=LINE('',#9071,#4509);
#3794=LINE('',#9074,#4510);
#3795=LINE('',#9075,#4511);
#3796=LINE('',#9077,#4512);
#3797=LINE('',#9079,#4513);
#3798=LINE('',#9082,#4514);
#3799=LINE('',#9083,#4515);
#3800=LINE('',#9085,#4516);
#3801=LINE('',#9087,#4517);
#3802=LINE('',#9090,#4518);
#3803=LINE('',#9091,#4519);
#3804=LINE('',#9093,#4520);
#3805=LINE('',#9095,#4521);
#3806=LINE('',#9098,#4522);
#3807=LINE('',#9099,#4523);
#3808=LINE('',#9101,#4524);
#3809=LINE('',#9103,#4525);
#3810=LINE('',#9106,#4526);
#3811=LINE('',#9107,#4527);
#3812=LINE('',#9109,#4528);
#3813=LINE('',#9111,#4529);
#3814=LINE('',#9114,#4530);
#3815=LINE('',#9115,#4531);
#3816=LINE('',#9117,#4532);
#3817=LINE('',#9119,#4533);
#3818=LINE('',#9122,#4534);
#3819=LINE('',#9123,#4535);
#3820=LINE('',#9125,#4536);
#3821=LINE('',#9127,#4537);
#3822=LINE('',#9129,#4538);
#3823=LINE('',#9131,#4539);
#3824=LINE('',#9134,#4540);
#3825=LINE('',#9135,#4541);
#3826=LINE('',#9137,#4542);
#3827=LINE('',#9139,#4543);
#3828=LINE('',#9141,#4544);
#3829=LINE('',#9143,#4545);
#3830=LINE('',#9146,#4546);
#3831=LINE('',#9147,#4547);
#3832=LINE('',#9149,#4548);
#3833=LINE('',#9151,#4549);
#3834=LINE('',#9153,#4550);
#3835=LINE('',#9155,#4551);
#3836=LINE('',#9158,#4552);
#3837=LINE('',#9159,#4553);
#3838=LINE('',#9161,#4554);
#3839=LINE('',#9163,#4555);
#3840=LINE('',#9165,#4556);
#3841=LINE('',#9167,#4557);
#3842=LINE('',#9170,#4558);
#3843=LINE('',#9171,#4559);
#3844=LINE('',#9173,#4560);
#3845=LINE('',#9175,#4561);
#3846=LINE('',#9177,#4562);
#3847=LINE('',#9179,#4563);
#3848=LINE('',#9182,#4564);
#3849=LINE('',#9183,#4565);
#3850=LINE('',#9185,#4566);
#3851=LINE('',#9186,#4567);
#3852=LINE('',#9188,#4568);
#3853=LINE('',#9190,#4569);
#3854=LINE('',#9194,#4570);
#3855=LINE('',#9195,#4571);
#3856=LINE('',#9197,#4572);
#3857=LINE('',#9199,#4573);
#3858=LINE('',#9201,#4574);
#3859=LINE('',#9203,#4575);
#3860=LINE('',#9206,#4576);
#3861=LINE('',#9207,#4577);
#3862=LINE('',#9209,#4578);
#3863=LINE('',#9211,#4579);
#3864=LINE('',#9213,#4580);
#3865=LINE('',#9215,#4581);
#3866=LINE('',#9218,#4582);
#3867=LINE('',#9219,#4583);
#3868=LINE('',#9221,#4584);
#3869=LINE('',#9223,#4585);
#3870=LINE('',#9225,#4586);
#3871=LINE('',#9227,#4587);
#3872=LINE('',#9230,#4588);
#3873=LINE('',#9231,#4589);
#3874=LINE('',#9233,#4590);
#3875=LINE('',#9234,#4591);
#3876=LINE('',#9236,#4592);
#3877=LINE('',#9238,#4593);
#3878=LINE('',#9242,#4594);
#3879=LINE('',#9243,#4595);
#3880=LINE('',#9245,#4596);
#3881=LINE('',#9247,#4597);
#3882=LINE('',#9249,#4598);
#3883=LINE('',#9250,#4599);
#3884=LINE('',#9254,#4600);
#3885=LINE('',#9255,#4601);
#3886=LINE('',#9257,#4602);
#3887=LINE('',#9259,#4603);
#3888=LINE('',#9261,#4604);
#3889=LINE('',#9263,#4605);
#3890=LINE('',#9266,#4606);
#3891=LINE('',#9267,#4607);
#3892=LINE('',#9269,#4608);
#3893=LINE('',#9271,#4609);
#3894=LINE('',#9273,#4610);
#3895=LINE('',#9275,#4611);
#3896=LINE('',#9278,#4612);
#3897=LINE('',#9279,#4613);
#3898=LINE('',#9281,#4614);
#3899=LINE('',#9283,#4615);
#3900=LINE('',#9285,#4616);
#3901=LINE('',#9287,#4617);
#3902=LINE('',#9290,#4618);
#3903=LINE('',#9291,#4619);
#3904=LINE('',#9293,#4620);
#3905=LINE('',#9295,#4621);
#3906=LINE('',#9297,#4622);
#3907=LINE('',#9299,#4623);
#3908=LINE('',#9302,#4624);
#3909=LINE('',#9303,#4625);
#3910=LINE('',#9305,#4626);
#3911=LINE('',#9307,#4627);
#3912=LINE('',#9309,#4628);
#3913=LINE('',#9311,#4629);
#3914=LINE('',#9314,#4630);
#3915=LINE('',#9315,#4631);
#3916=LINE('',#9317,#4632);
#3917=LINE('',#9319,#4633);
#3918=LINE('',#9321,#4634);
#3919=LINE('',#9323,#4635);
#3920=LINE('',#9326,#4636);
#3921=LINE('',#9327,#4637);
#3922=LINE('',#9329,#4638);
#3923=LINE('',#9331,#4639);
#3924=LINE('',#9333,#4640);
#3925=LINE('',#9335,#4641);
#3926=LINE('',#9338,#4642);
#3927=LINE('',#9339,#4643);
#3928=LINE('',#9341,#4644);
#3929=LINE('',#9343,#4645);
#3930=LINE('',#9345,#4646);
#3931=LINE('',#9347,#4647);
#3932=LINE('',#9350,#4648);
#3933=LINE('',#9351,#4649);
#3934=LINE('',#9353,#4650);
#3935=LINE('',#9355,#4651);
#3936=LINE('',#9357,#4652);
#3937=LINE('',#9359,#4653);
#3938=LINE('',#9362,#4654);
#3939=LINE('',#9365,#4655);
#3940=LINE('',#9366,#4656);
#3941=LINE('',#9368,#4657);
#3942=LINE('',#9370,#4658);
#3943=LINE('',#9372,#4659);
#3944=LINE('',#9374,#4660);
#3945=LINE('',#9376,#4661);
#3946=LINE('',#9378,#4662);
#3947=VECTOR('',#6242,1.);
#3948=VECTOR('',#6245,1.);
#3949=VECTOR('',#6248,1.);
#3950=VECTOR('',#6251,1.);
#3951=VECTOR('',#6252,1.);
#3952=VECTOR('',#6253,1.);
#3953=VECTOR('',#6254,1.);
#3954=VECTOR('',#6255,1.);
#3955=VECTOR('',#6256,1.);
#3956=VECTOR('',#6257,1.);
#3957=VECTOR('',#6258,1.);
#3958=VECTOR('',#6259,1.);
#3959=VECTOR('',#6260,1.);
#3960=VECTOR('',#6261,1.);
#3961=VECTOR('',#6262,1.);
#3962=VECTOR('',#6263,1.);
#3963=VECTOR('',#6264,1.);
#3964=VECTOR('',#6265,1.);
#3965=VECTOR('',#6266,1.);
#3966=VECTOR('',#6267,1.);
#3967=VECTOR('',#6268,1.);
#3968=VECTOR('',#6269,1.);
#3969=VECTOR('',#6270,1.);
#3970=VECTOR('',#6271,1.);
#3971=VECTOR('',#6272,1.);
#3972=VECTOR('',#6273,1.);
#3973=VECTOR('',#6274,1.);
#3974=VECTOR('',#6275,1.);
#3975=VECTOR('',#6276,1.);
#3976=VECTOR('',#6277,1.);
#3977=VECTOR('',#6278,1.);
#3978=VECTOR('',#6279,1.);
#3979=VECTOR('',#6280,1.);
#3980=VECTOR('',#6281,1.);
#3981=VECTOR('',#6282,1.);
#3982=VECTOR('',#6283,1.);
#3983=VECTOR('',#6284,1.);
#3984=VECTOR('',#6285,1.);
#3985=VECTOR('',#6286,1.);
#3986=VECTOR('',#6287,1.);
#3987=VECTOR('',#6288,1.);
#3988=VECTOR('',#6289,1.);
#3989=VECTOR('',#6290,1.);
#3990=VECTOR('',#6291,1.);
#3991=VECTOR('',#6292,1.);
#3992=VECTOR('',#6293,1.);
#3993=VECTOR('',#6294,1.);
#3994=VECTOR('',#6295,1.);
#3995=VECTOR('',#6296,1.);
#3996=VECTOR('',#6297,1.);
#3997=VECTOR('',#6298,1.);
#3998=VECTOR('',#6299,1.);
#3999=VECTOR('',#6300,1.);
#4000=VECTOR('',#6301,1.);
#4001=VECTOR('',#6302,1.);
#4002=VECTOR('',#6303,1.);
#4003=VECTOR('',#6304,1.);
#4004=VECTOR('',#6305,1.);
#4005=VECTOR('',#6306,1.);
#4006=VECTOR('',#6307,1.);
#4007=VECTOR('',#6308,1.);
#4008=VECTOR('',#6309,1.);
#4009=VECTOR('',#6310,1.);
#4010=VECTOR('',#6311,1.);
#4011=VECTOR('',#6312,1.);
#4012=VECTOR('',#6313,1.);
#4013=VECTOR('',#6314,1.);
#4014=VECTOR('',#6315,1.);
#4015=VECTOR('',#6316,1.);
#4016=VECTOR('',#6317,1.);
#4017=VECTOR('',#6318,1.);
#4018=VECTOR('',#6319,1.);
#4019=VECTOR('',#6320,1.);
#4020=VECTOR('',#6321,1.);
#4021=VECTOR('',#6322,1.);
#4022=VECTOR('',#6323,1.);
#4023=VECTOR('',#6324,1.);
#4024=VECTOR('',#6325,1.);
#4025=VECTOR('',#6326,1.);
#4026=VECTOR('',#6327,1.);
#4027=VECTOR('',#6328,1.);
#4028=VECTOR('',#6329,1.);
#4029=VECTOR('',#6330,1.);
#4030=VECTOR('',#6331,1.);
#4031=VECTOR('',#6332,1.);
#4032=VECTOR('',#6333,1.);
#4033=VECTOR('',#6334,1.);
#4034=VECTOR('',#6335,1.);
#4035=VECTOR('',#6336,1.);
#4036=VECTOR('',#6337,1.);
#4037=VECTOR('',#6338,1.);
#4038=VECTOR('',#6339,1.);
#4039=VECTOR('',#6340,1.);
#4040=VECTOR('',#6341,1.);
#4041=VECTOR('',#6342,1.);
#4042=VECTOR('',#6343,1.);
#4043=VECTOR('',#6344,1.);
#4044=VECTOR('',#6347,1.);
#4045=VECTOR('',#6348,1.);
#4046=VECTOR('',#6349,1.);
#4047=VECTOR('',#6350,1.);
#4048=VECTOR('',#6351,1.);
#4049=VECTOR('',#6352,1.);
#4050=VECTOR('',#6353,1.);
#4051=VECTOR('',#6354,1.);
#4052=VECTOR('',#6355,1.);
#4053=VECTOR('',#6356,1.);
#4054=VECTOR('',#6357,1.);
#4055=VECTOR('',#6358,1.);
#4056=VECTOR('',#6359,1.);
#4057=VECTOR('',#6360,1.);
#4058=VECTOR('',#6361,1.);
#4059=VECTOR('',#6362,1.);
#4060=VECTOR('',#6363,1.);
#4061=VECTOR('',#6364,1.);
#4062=VECTOR('',#6365,1.);
#4063=VECTOR('',#6366,1.);
#4064=VECTOR('',#6367,1.);
#4065=VECTOR('',#6368,1.);
#4066=VECTOR('',#6369,1.);
#4067=VECTOR('',#6370,1.);
#4068=VECTOR('',#6371,1.);
#4069=VECTOR('',#6372,1.);
#4070=VECTOR('',#6373,1.);
#4071=VECTOR('',#6374,1.);
#4072=VECTOR('',#6375,1.);
#4073=VECTOR('',#6376,1.);
#4074=VECTOR('',#6377,1.);
#4075=VECTOR('',#6378,1.);
#4076=VECTOR('',#6379,1.);
#4077=VECTOR('',#6380,1.);
#4078=VECTOR('',#6381,1.);
#4079=VECTOR('',#6382,1.);
#4080=VECTOR('',#6383,1.);
#4081=VECTOR('',#6384,1.);
#4082=VECTOR('',#6385,1.);
#4083=VECTOR('',#6386,1.);
#4084=VECTOR('',#6387,1.);
#4085=VECTOR('',#6388,1.);
#4086=VECTOR('',#6389,1.);
#4087=VECTOR('',#6390,1.);
#4088=VECTOR('',#6391,1.);
#4089=VECTOR('',#6392,1.);
#4090=VECTOR('',#6393,1.);
#4091=VECTOR('',#6394,1.);
#4092=VECTOR('',#6395,1.);
#4093=VECTOR('',#6396,1.);
#4094=VECTOR('',#6397,1.);
#4095=VECTOR('',#6398,1.);
#4096=VECTOR('',#6399,1.);
#4097=VECTOR('',#6400,1.);
#4098=VECTOR('',#6401,1.);
#4099=VECTOR('',#6402,1.);
#4100=VECTOR('',#6403,1.);
#4101=VECTOR('',#6404,1.);
#4102=VECTOR('',#6405,1.);
#4103=VECTOR('',#6406,1.);
#4104=VECTOR('',#6407,1.);
#4105=VECTOR('',#6408,1.);
#4106=VECTOR('',#6409,1.);
#4107=VECTOR('',#6410,1.);
#4108=VECTOR('',#6411,1.);
#4109=VECTOR('',#6412,1.);
#4110=VECTOR('',#6413,1.);
#4111=VECTOR('',#6414,1.);
#4112=VECTOR('',#6415,1.);
#4113=VECTOR('',#6416,1.);
#4114=VECTOR('',#6417,1.);
#4115=VECTOR('',#6418,1.);
#4116=VECTOR('',#6419,1.);
#4117=VECTOR('',#6420,1.);
#4118=VECTOR('',#6421,1.);
#4119=VECTOR('',#6422,1.);
#4120=VECTOR('',#6423,1.);
#4121=VECTOR('',#6424,1.);
#4122=VECTOR('',#6425,1.);
#4123=VECTOR('',#6426,1.);
#4124=VECTOR('',#6427,1.);
#4125=VECTOR('',#6428,1.);
#4126=VECTOR('',#6429,1.);
#4127=VECTOR('',#6430,1.);
#4128=VECTOR('',#6431,1.);
#4129=VECTOR('',#6432,1.);
#4130=VECTOR('',#6433,1.);
#4131=VECTOR('',#6434,1.);
#4132=VECTOR('',#6435,1.);
#4133=VECTOR('',#6436,1.);
#4134=VECTOR('',#6437,1.);
#4135=VECTOR('',#6438,1.);
#4136=VECTOR('',#6443,1.);
#4137=VECTOR('',#6448,1.);
#4138=VECTOR('',#6457,1.);
#4139=VECTOR('',#6460,1.);
#4140=VECTOR('',#6465,1.);
#4141=VECTOR('',#6468,1.);
#4142=VECTOR('',#6471,1.);
#4143=VECTOR('',#6476,1.);
#4144=VECTOR('',#6477,1.);
#4145=VECTOR('',#6478,1.);
#4146=VECTOR('',#6479,1.);
#4147=VECTOR('',#6480,1.);
#4148=VECTOR('',#6481,1.);
#4149=VECTOR('',#6482,1.);
#4150=VECTOR('',#6483,1.);
#4151=VECTOR('',#6484,1.);
#4152=VECTOR('',#6485,1.);
#4153=VECTOR('',#6486,1.);
#4154=VECTOR('',#6487,1.);
#4155=VECTOR('',#6488,1.);
#4156=VECTOR('',#6489,1.);
#4157=VECTOR('',#6490,1.);
#4158=VECTOR('',#6491,1.);
#4159=VECTOR('',#6492,1.);
#4160=VECTOR('',#6493,1.);
#4161=VECTOR('',#6494,1.);
#4162=VECTOR('',#6495,1.);
#4163=VECTOR('',#6496,1.);
#4164=VECTOR('',#6497,1.);
#4165=VECTOR('',#6498,1.);
#4166=VECTOR('',#6499,1.);
#4167=VECTOR('',#6500,1.);
#4168=VECTOR('',#6501,1.);
#4169=VECTOR('',#6502,1.);
#4170=VECTOR('',#6503,1.);
#4171=VECTOR('',#6504,1.);
#4172=VECTOR('',#6505,1.);
#4173=VECTOR('',#6506,1.);
#4174=VECTOR('',#6507,1.);
#4175=VECTOR('',#6508,1.);
#4176=VECTOR('',#6509,1.);
#4177=VECTOR('',#6510,1.);
#4178=VECTOR('',#6511,1.);
#4179=VECTOR('',#6512,1.);
#4180=VECTOR('',#6513,1.);
#4181=VECTOR('',#6514,1.);
#4182=VECTOR('',#6515,1.);
#4183=VECTOR('',#6516,1.);
#4184=VECTOR('',#6517,1.);
#4185=VECTOR('',#6518,1.);
#4186=VECTOR('',#6519,1.);
#4187=VECTOR('',#6520,1.);
#4188=VECTOR('',#6521,1.);
#4189=VECTOR('',#6522,1.);
#4190=VECTOR('',#6523,1.);
#4191=VECTOR('',#6524,1.);
#4192=VECTOR('',#6525,1.);
#4193=VECTOR('',#6526,1.);
#4194=VECTOR('',#6527,1.);
#4195=VECTOR('',#6528,1.);
#4196=VECTOR('',#6529,1.);
#4197=VECTOR('',#6530,1.);
#4198=VECTOR('',#6531,1.);
#4199=VECTOR('',#6532,1.);
#4200=VECTOR('',#6533,1.);
#4201=VECTOR('',#6534,1.);
#4202=VECTOR('',#6535,1.);
#4203=VECTOR('',#6536,1.);
#4204=VECTOR('',#6537,1.);
#4205=VECTOR('',#6538,1.);
#4206=VECTOR('',#6539,1.);
#4207=VECTOR('',#6540,1.);
#4208=VECTOR('',#6541,1.);
#4209=VECTOR('',#6542,1.);
#4210=VECTOR('',#6543,1.);
#4211=VECTOR('',#6544,1.);
#4212=VECTOR('',#6545,1.);
#4213=VECTOR('',#6546,1.);
#4214=VECTOR('',#6547,1.);
#4215=VECTOR('',#6548,1.);
#4216=VECTOR('',#6549,1.);
#4217=VECTOR('',#6550,1.);
#4218=VECTOR('',#6551,1.);
#4219=VECTOR('',#6552,1.);
#4220=VECTOR('',#6553,1.);
#4221=VECTOR('',#6554,1.);
#4222=VECTOR('',#6555,1.);
#4223=VECTOR('',#6556,1.);
#4224=VECTOR('',#6557,1.);
#4225=VECTOR('',#6558,1.);
#4226=VECTOR('',#6559,1.);
#4227=VECTOR('',#6560,1.);
#4228=VECTOR('',#6561,1.);
#4229=VECTOR('',#6562,1.);
#4230=VECTOR('',#6563,1.);
#4231=VECTOR('',#6564,1.);
#4232=VECTOR('',#6565,1.);
#4233=VECTOR('',#6568,1.);
#4234=VECTOR('',#6569,1.);
#4235=VECTOR('',#6570,1.);
#4236=VECTOR('',#6571,1.);
#4237=VECTOR('',#6572,1.);
#4238=VECTOR('',#6573,1.);
#4239=VECTOR('',#6574,1.);
#4240=VECTOR('',#6575,1.);
#4241=VECTOR('',#6576,1.);
#4242=VECTOR('',#6577,1.);
#4243=VECTOR('',#6578,1.);
#4244=VECTOR('',#6579,1.);
#4245=VECTOR('',#6580,1.);
#4246=VECTOR('',#6581,1.);
#4247=VECTOR('',#6582,1.);
#4248=VECTOR('',#6583,1.);
#4249=VECTOR('',#6584,1.);
#4250=VECTOR('',#6585,1.);
#4251=VECTOR('',#6586,1.);
#4252=VECTOR('',#6587,1.);
#4253=VECTOR('',#6588,1.);
#4254=VECTOR('',#6589,1.);
#4255=VECTOR('',#6590,1.);
#4256=VECTOR('',#6591,1.);
#4257=VECTOR('',#6592,1.);
#4258=VECTOR('',#6593,1.);
#4259=VECTOR('',#6594,1.);
#4260=VECTOR('',#6595,1.);
#4261=VECTOR('',#6596,1.);
#4262=VECTOR('',#6597,1.);
#4263=VECTOR('',#6598,1.);
#4264=VECTOR('',#6599,1.);
#4265=VECTOR('',#6600,1.);
#4266=VECTOR('',#6601,1.);
#4267=VECTOR('',#6602,1.);
#4268=VECTOR('',#6603,1.);
#4269=VECTOR('',#6604,1.);
#4270=VECTOR('',#6605,1.);
#4271=VECTOR('',#6606,1.);
#4272=VECTOR('',#6607,1.);
#4273=VECTOR('',#6608,1.);
#4274=VECTOR('',#6609,1.);
#4275=VECTOR('',#6610,1.);
#4276=VECTOR('',#6611,1.);
#4277=VECTOR('',#6612,1.);
#4278=VECTOR('',#6613,1.);
#4279=VECTOR('',#6614,1.);
#4280=VECTOR('',#6615,1.);
#4281=VECTOR('',#6616,1.);
#4282=VECTOR('',#6617,1.);
#4283=VECTOR('',#6618,1.);
#4284=VECTOR('',#6619,1.);
#4285=VECTOR('',#6620,1.);
#4286=VECTOR('',#6621,1.);
#4287=VECTOR('',#6622,1.);
#4288=VECTOR('',#6623,1.);
#4289=VECTOR('',#6624,1.);
#4290=VECTOR('',#6625,1.);
#4291=VECTOR('',#6626,1.);
#4292=VECTOR('',#6627,1.);
#4293=VECTOR('',#6628,1.);
#4294=VECTOR('',#6629,1.);
#4295=VECTOR('',#6630,1.);
#4296=VECTOR('',#6631,1.);
#4297=VECTOR('',#6632,1.);
#4298=VECTOR('',#6633,1.);
#4299=VECTOR('',#6634,1.);
#4300=VECTOR('',#6635,1.);
#4301=VECTOR('',#6636,1.);
#4302=VECTOR('',#6637,1.);
#4303=VECTOR('',#6638,1.);
#4304=VECTOR('',#6639,1.);
#4305=VECTOR('',#6640,1.);
#4306=VECTOR('',#6641,1.);
#4307=VECTOR('',#6642,1.);
#4308=VECTOR('',#6643,1.);
#4309=VECTOR('',#6644,1.);
#4310=VECTOR('',#6645,1.);
#4311=VECTOR('',#6646,1.);
#4312=VECTOR('',#6647,1.);
#4313=VECTOR('',#6648,1.);
#4314=VECTOR('',#6649,1.);
#4315=VECTOR('',#6650,1.);
#4316=VECTOR('',#6651,1.);
#4317=VECTOR('',#6652,1.);
#4318=VECTOR('',#6655,1.);
#4319=VECTOR('',#6658,1.);
#4320=VECTOR('',#6661,1.);
#4321=VECTOR('',#6664,1.);
#4322=VECTOR('',#6667,1.);
#4323=VECTOR('',#6670,1.);
#4324=VECTOR('',#6673,1.);
#4325=VECTOR('',#6676,1.);
#4326=VECTOR('',#6679,1.);
#4327=VECTOR('',#6682,1.);
#4328=VECTOR('',#6685,1.);
#4329=VECTOR('',#6688,1.);
#4330=VECTOR('',#6691,1.);
#4331=VECTOR('',#6692,1.);
#4332=VECTOR('',#6693,1.);
#4333=VECTOR('',#6694,1.);
#4334=VECTOR('',#6695,1.);
#4335=VECTOR('',#6698,1.);
#4336=VECTOR('',#6701,1.);
#4337=VECTOR('',#6704,1.);
#4338=VECTOR('',#6707,1.);
#4339=VECTOR('',#6710,1.);
#4340=VECTOR('',#6715,1.);
#4341=VECTOR('',#6718,1.);
#4342=VECTOR('',#6721,1.);
#4343=VECTOR('',#6724,1.);
#4344=VECTOR('',#6727,1.);
#4345=VECTOR('',#6730,1.);
#4346=VECTOR('',#6733,1.);
#4347=VECTOR('',#6734,1.);
#4348=VECTOR('',#6735,1.);
#4349=VECTOR('',#6736,1.);
#4350=VECTOR('',#6737,1.);
#4351=VECTOR('',#6740,1.);
#4352=VECTOR('',#6743,1.);
#4353=VECTOR('',#6746,1.);
#4354=VECTOR('',#6749,1.);
#4355=VECTOR('',#6752,1.);
#4356=VECTOR('',#6755,1.);
#4357=VECTOR('',#6758,1.);
#4358=VECTOR('',#6761,1.);
#4359=VECTOR('',#6764,1.);
#4360=VECTOR('',#6767,1.);
#4361=VECTOR('',#6770,1.);
#4362=VECTOR('',#6775,1.);
#4363=VECTOR('',#6778,1.);
#4364=VECTOR('',#6781,1.);
#4365=VECTOR('',#6784,1.);
#4366=VECTOR('',#6787,1.);
#4367=VECTOR('',#6790,1.);
#4368=VECTOR('',#6793,1.);
#4369=VECTOR('',#6794,1.);
#4370=VECTOR('',#6795,1.);
#4371=VECTOR('',#6796,1.);
#4372=VECTOR('',#6797,1.);
#4373=VECTOR('',#6800,1.);
#4374=VECTOR('',#6803,1.);
#4375=VECTOR('',#6806,1.);
#4376=VECTOR('',#6809,1.);
#4377=VECTOR('',#6812,1.);
#4378=VECTOR('',#6815,1.);
#4379=VECTOR('',#6818,1.);
#4380=VECTOR('',#6821,1.);
#4381=VECTOR('',#6824,1.);
#4382=VECTOR('',#6827,1.);
#4383=VECTOR('',#6830,1.);
#4384=VECTOR('',#6835,1.);
#4385=VECTOR('',#6838,1.);
#4386=VECTOR('',#6841,1.);
#4387=VECTOR('',#6844,1.);
#4388=VECTOR('',#6847,1.);
#4389=VECTOR('',#6850,1.);
#4390=VECTOR('',#6853,1.);
#4391=VECTOR('',#6856,1.);
#4392=VECTOR('',#6859,1.);
#4393=VECTOR('',#6862,1.);
#4394=VECTOR('',#6865,1.);
#4395=VECTOR('',#6868,1.);
#4396=VECTOR('',#6871,1.);
#4397=VECTOR('',#6872,1.);
#4398=VECTOR('',#6873,1.);
#4399=VECTOR('',#6876,1.);
#4400=VECTOR('',#6879,1.);
#4401=VECTOR('',#6882,1.);
#4402=VECTOR('',#6885,1.);
#4403=VECTOR('',#6888,1.);
#4404=VECTOR('',#6893,1.);
#4405=VECTOR('',#6898,1.);
#4406=VECTOR('',#6921,1.);
#4407=VECTOR('',#6928,1.);
#4408=VECTOR('',#6935,1.);
#4409=VECTOR('',#6942,1.);
#4410=VECTOR('',#6965,1.);
#4411=VECTOR('',#6968,1.);
#4412=VECTOR('',#6975,1.);
#4413=VECTOR('',#6978,1.);
#4414=VECTOR('',#6983,1.);
#4415=VECTOR('',#6984,1.);
#4416=VECTOR('',#6987,1.);
#4417=VECTOR('',#6988,1.);
#4418=VECTOR('',#6991,1.);
#4419=VECTOR('',#6992,1.);
#4420=VECTOR('',#6995,1.);
#4421=VECTOR('',#6996,1.);
#4422=VECTOR('',#6999,1.);
#4423=VECTOR('',#7000,1.);
#4424=VECTOR('',#7003,1.);
#4425=VECTOR('',#7004,1.);
#4426=VECTOR('',#7007,1.);
#4427=VECTOR('',#7008,1.);
#4428=VECTOR('',#7011,1.);
#4429=VECTOR('',#7012,1.);
#4430=VECTOR('',#7015,1.);
#4431=VECTOR('',#7016,1.);
#4432=VECTOR('',#7019,1.);
#4433=VECTOR('',#7020,1.);
#4434=VECTOR('',#7023,1.);
#4435=VECTOR('',#7024,1.);
#4436=VECTOR('',#7027,1.);
#4437=VECTOR('',#7028,1.);
#4438=VECTOR('',#7055,1.);
#4439=VECTOR('',#7056,1.);
#4440=VECTOR('',#7059,1.);
#4441=VECTOR('',#7060,1.);
#4442=VECTOR('',#7063,1.);
#4443=VECTOR('',#7064,1.);
#4444=VECTOR('',#7067,1.);
#4445=VECTOR('',#7068,1.);
#4446=VECTOR('',#7071,1.);
#4447=VECTOR('',#7072,1.);
#4448=VECTOR('',#7075,1.);
#4449=VECTOR('',#7076,1.);
#4450=VECTOR('',#7079,1.);
#4451=VECTOR('',#7080,1.);
#4452=VECTOR('',#7083,1.);
#4453=VECTOR('',#7084,1.);
#4454=VECTOR('',#7087,1.);
#4455=VECTOR('',#7088,1.);
#4456=VECTOR('',#7091,1.);
#4457=VECTOR('',#7092,1.);
#4458=VECTOR('',#7095,1.);
#4459=VECTOR('',#7096,1.);
#4460=VECTOR('',#7099,1.);
#4461=VECTOR('',#7100,1.);
#4462=VECTOR('',#7127,1.);
#4463=VECTOR('',#7128,1.);
#4464=VECTOR('',#7131,1.);
#4465=VECTOR('',#7132,1.);
#4466=VECTOR('',#7135,1.);
#4467=VECTOR('',#7136,1.);
#4468=VECTOR('',#7139,1.);
#4469=VECTOR('',#7140,1.);
#4470=VECTOR('',#7143,1.);
#4471=VECTOR('',#7144,1.);
#4472=VECTOR('',#7147,1.);
#4473=VECTOR('',#7148,1.);
#4474=VECTOR('',#7151,1.);
#4475=VECTOR('',#7152,1.);
#4476=VECTOR('',#7155,1.);
#4477=VECTOR('',#7156,1.);
#4478=VECTOR('',#7159,1.);
#4479=VECTOR('',#7160,1.);
#4480=VECTOR('',#7163,1.);
#4481=VECTOR('',#7164,1.);
#4482=VECTOR('',#7167,1.);
#4483=VECTOR('',#7168,1.);
#4484=VECTOR('',#7171,1.);
#4485=VECTOR('',#7172,1.);
#4486=VECTOR('',#7199,1.);
#4487=VECTOR('',#7200,1.);
#4488=VECTOR('',#7203,1.);
#4489=VECTOR('',#7206,1.);
#4490=VECTOR('',#7211,1.);
#4491=VECTOR('',#7212,1.);
#4492=VECTOR('',#7215,1.);
#4493=VECTOR('',#7218,1.);
#4494=VECTOR('',#7223,1.);
#4495=VECTOR('',#7224,1.);
#4496=VECTOR('',#7227,1.);
#4497=VECTOR('',#7230,1.);
#4498=VECTOR('',#7235,1.);
#4499=VECTOR('',#7236,1.);
#4500=VECTOR('',#7239,1.);
#4501=VECTOR('',#7242,1.);
#4502=VECTOR('',#7247,1.);
#4503=VECTOR('',#7248,1.);
#4504=VECTOR('',#7251,1.);
#4505=VECTOR('',#7254,1.);
#4506=VECTOR('',#7259,1.);
#4507=VECTOR('',#7260,1.);
#4508=VECTOR('',#7263,1.);
#4509=VECTOR('',#7266,1.);
#4510=VECTOR('',#7271,1.);
#4511=VECTOR('',#7272,1.);
#4512=VECTOR('',#7275,1.);
#4513=VECTOR('',#7278,1.);
#4514=VECTOR('',#7283,1.);
#4515=VECTOR('',#7284,1.);
#4516=VECTOR('',#7287,1.);
#4517=VECTOR('',#7290,1.);
#4518=VECTOR('',#7295,1.);
#4519=VECTOR('',#7296,1.);
#4520=VECTOR('',#7299,1.);
#4521=VECTOR('',#7302,1.);
#4522=VECTOR('',#7307,1.);
#4523=VECTOR('',#7308,1.);
#4524=VECTOR('',#7311,1.);
#4525=VECTOR('',#7314,1.);
#4526=VECTOR('',#7319,1.);
#4527=VECTOR('',#7320,1.);
#4528=VECTOR('',#7323,1.);
#4529=VECTOR('',#7326,1.);
#4530=VECTOR('',#7331,1.);
#4531=VECTOR('',#7332,1.);
#4532=VECTOR('',#7335,1.);
#4533=VECTOR('',#7338,1.);
#4534=VECTOR('',#7343,1.);
#4535=VECTOR('',#7344,1.);
#4536=VECTOR('',#7347,1.);
#4537=VECTOR('',#7350,1.);
#4538=VECTOR('',#7353,1.);
#4539=VECTOR('',#7356,1.);
#4540=VECTOR('',#7361,1.);
#4541=VECTOR('',#7362,1.);
#4542=VECTOR('',#7365,1.);
#4543=VECTOR('',#7368,1.);
#4544=VECTOR('',#7371,1.);
#4545=VECTOR('',#7374,1.);
#4546=VECTOR('',#7379,1.);
#4547=VECTOR('',#7380,1.);
#4548=VECTOR('',#7383,1.);
#4549=VECTOR('',#7386,1.);
#4550=VECTOR('',#7389,1.);
#4551=VECTOR('',#7392,1.);
#4552=VECTOR('',#7397,1.);
#4553=VECTOR('',#7398,1.);
#4554=VECTOR('',#7401,1.);
#4555=VECTOR('',#7404,1.);
#4556=VECTOR('',#7407,1.);
#4557=VECTOR('',#7410,1.);
#4558=VECTOR('',#7415,1.);
#4559=VECTOR('',#7416,1.);
#4560=VECTOR('',#7419,1.);
#4561=VECTOR('',#7422,1.);
#4562=VECTOR('',#7425,1.);
#4563=VECTOR('',#7428,1.);
#4564=VECTOR('',#7433,1.);
#4565=VECTOR('',#7434,1.);
#4566=VECTOR('',#7437,1.);
#4567=VECTOR('',#7438,1.);
#4568=VECTOR('',#7441,1.);
#4569=VECTOR('',#7444,1.);
#4570=VECTOR('',#7451,1.);
#4571=VECTOR('',#7452,1.);
#4572=VECTOR('',#7455,1.);
#4573=VECTOR('',#7458,1.);
#4574=VECTOR('',#7461,1.);
#4575=VECTOR('',#7464,1.);
#4576=VECTOR('',#7469,1.);
#4577=VECTOR('',#7470,1.);
#4578=VECTOR('',#7473,1.);
#4579=VECTOR('',#7476,1.);
#4580=VECTOR('',#7479,1.);
#4581=VECTOR('',#7482,1.);
#4582=VECTOR('',#7487,1.);
#4583=VECTOR('',#7488,1.);
#4584=VECTOR('',#7491,1.);
#4585=VECTOR('',#7494,1.);
#4586=VECTOR('',#7497,1.);
#4587=VECTOR('',#7500,1.);
#4588=VECTOR('',#7505,1.);
#4589=VECTOR('',#7506,1.);
#4590=VECTOR('',#7509,1.);
#4591=VECTOR('',#7510,1.);
#4592=VECTOR('',#7513,1.);
#4593=VECTOR('',#7516,1.);
#4594=VECTOR('',#7523,1.);
#4595=VECTOR('',#7524,1.);
#4596=VECTOR('',#7527,1.);
#4597=VECTOR('',#7530,1.);
#4598=VECTOR('',#7533,1.);
#4599=VECTOR('',#7534,1.);
#4600=VECTOR('',#7541,1.);
#4601=VECTOR('',#7542,1.);
#4602=VECTOR('',#7545,1.);
#4603=VECTOR('',#7548,1.);
#4604=VECTOR('',#7551,1.);
#4605=VECTOR('',#7554,1.);
#4606=VECTOR('',#7559,1.);
#4607=VECTOR('',#7560,1.);
#4608=VECTOR('',#7563,1.);
#4609=VECTOR('',#7566,1.);
#4610=VECTOR('',#7569,1.);
#4611=VECTOR('',#7572,1.);
#4612=VECTOR('',#7577,1.);
#4613=VECTOR('',#7578,1.);
#4614=VECTOR('',#7581,1.);
#4615=VECTOR('',#7584,1.);
#4616=VECTOR('',#7587,1.);
#4617=VECTOR('',#7590,1.);
#4618=VECTOR('',#7595,1.);
#4619=VECTOR('',#7596,1.);
#4620=VECTOR('',#7599,1.);
#4621=VECTOR('',#7602,1.);
#4622=VECTOR('',#7605,1.);
#4623=VECTOR('',#7608,1.);
#4624=VECTOR('',#7613,1.);
#4625=VECTOR('',#7614,1.);
#4626=VECTOR('',#7617,1.);
#4627=VECTOR('',#7620,1.);
#4628=VECTOR('',#7623,1.);
#4629=VECTOR('',#7626,1.);
#4630=VECTOR('',#7631,1.);
#4631=VECTOR('',#7632,1.);
#4632=VECTOR('',#7635,1.);
#4633=VECTOR('',#7638,1.);
#4634=VECTOR('',#7641,1.);
#4635=VECTOR('',#7644,1.);
#4636=VECTOR('',#7649,1.);
#4637=VECTOR('',#7650,1.);
#4638=VECTOR('',#7653,1.);
#4639=VECTOR('',#7656,1.);
#4640=VECTOR('',#7659,1.);
#4641=VECTOR('',#7662,1.);
#4642=VECTOR('',#7667,1.);
#4643=VECTOR('',#7668,1.);
#4644=VECTOR('',#7671,1.);
#4645=VECTOR('',#7674,1.);
#4646=VECTOR('',#7677,1.);
#4647=VECTOR('',#7680,1.);
#4648=VECTOR('',#7685,1.);
#4649=VECTOR('',#7686,1.);
#4650=VECTOR('',#7689,1.);
#4651=VECTOR('',#7692,1.);
#4652=VECTOR('',#7695,1.);
#4653=VECTOR('',#7698,1.);
#4654=VECTOR('',#7703,1.);
#4655=VECTOR('',#7704,1.);
#4656=VECTOR('',#7705,1.);
#4657=VECTOR('',#7708,1.);
#4658=VECTOR('',#7709,1.);
#4659=VECTOR('',#7710,1.);
#4660=VECTOR('',#7713,1.);
#4661=VECTOR('',#7714,1.);
#4662=VECTOR('',#7715,1.);
#4663=EDGE_LOOP('',(#177,#178,#179,#180,#181,#182));
#4664=EDGE_LOOP('',(#183,#184,#185,#186));
#4665=EDGE_LOOP('',(#187,#188,#189,#190));
#4666=EDGE_LOOP('',(#191,#192,#193,#194));
#4667=EDGE_LOOP('',(#195,#196,#197,#198));
#4668=EDGE_LOOP('',(#199,#200,#201,#202,#203,#204));
#4669=EDGE_LOOP('',(#205,#206,#207,#208,#209,#210));
#4670=EDGE_LOOP('',(#211,#212,#213,#214,#215,#216));
#4671=EDGE_LOOP('',(#217,#218,#219,#220,#221,#222));
#4672=EDGE_LOOP('',(#223,#224,#225,#226,#227,#228));
#4673=EDGE_LOOP('',(#229,#230,#231,#232,#233,#234));
#4674=EDGE_LOOP('',(#235,#236,#237,#238,#239,#240));
#4675=EDGE_LOOP('',(#241,#242,#243,#244,#245,#246));
#4676=EDGE_LOOP('',(#247,#248,#249,#250,#251,#252));
#4677=EDGE_LOOP('',(#253,#254,#255,#256,#257,#258,#259,#260,#261,#262,#263,
#264,#265,#266,#267,#268,#269,#270,#271,#272,#273,#274,#275,#276));
#4678=EDGE_LOOP('',(#277,#278,#279,#280,#281,#282,#283,#284,#285,#286,#287,
#288,#289,#290,#291,#292,#293,#294,#295,#296,#297,#298,#299,#300,#301,#302,
#303,#304,#305,#306,#307,#308,#309,#310));
#4679=EDGE_LOOP('',(#311,#312,#313,#314,#315,#316));
#4680=EDGE_LOOP('',(#317,#318,#319,#320,#321,#322));
#4681=EDGE_LOOP('',(#323,#324,#325,#326,#327,#328));
#4682=EDGE_LOOP('',(#329,#330,#331,#332,#333,#334));
#4683=EDGE_LOOP('',(#335,#336,#337,#338,#339,#340));
#4684=EDGE_LOOP('',(#341,#342,#343,#344,#345,#346));
#4685=EDGE_LOOP('',(#347,#348,#349,#350,#351,#352));
#4686=EDGE_LOOP('',(#353,#354,#355,#356));
#4687=EDGE_LOOP('',(#357,#358,#359,#360));
#4688=EDGE_LOOP('',(#361,#362,#363,#364));
#4689=EDGE_LOOP('',(#365,#366,#367,#368));
#4690=EDGE_LOOP('',(#369,#370,#371,#372,#373,#374,#375,#376,#377,#378,#379));
#4691=EDGE_LOOP('',(#380,#381,#382,#383,#384,#385,#386,#387,#388,#389,#390));
#4692=EDGE_LOOP('',(#391,#392,#393,#394,#395,#396,#397,#398,#399,#400,#401,
#402,#403,#404,#405,#406,#407,#408,#409,#410));
#4693=EDGE_LOOP('',(#411,#412,#413,#414,#415,#416));
#4694=EDGE_LOOP('',(#417,#418,#419,#420,#421,#422));
#4695=EDGE_LOOP('',(#423,#424,#425,#426,#427,#428));
#4696=EDGE_LOOP('',(#429,#430,#431,#432,#433,#434));
#4697=EDGE_LOOP('',(#435,#436,#437,#438,#439,#440));
#4698=EDGE_LOOP('',(#441,#442,#443,#444,#445,#446));
#4699=EDGE_LOOP('',(#447,#448,#449,#450,#451,#452));
#4700=EDGE_LOOP('',(#453,#454,#455,#456,#457,#458));
#4701=EDGE_LOOP('',(#459,#460,#461,#462,#463,#464));
#4702=EDGE_LOOP('',(#465,#466,#467,#468));
#4703=EDGE_LOOP('',(#469,#470,#471,#472));
#4704=EDGE_LOOP('',(#473,#474,#475,#476));
#4705=EDGE_LOOP('',(#477,#478,#479,#480));
#4706=EDGE_LOOP('',(#481,#482,#483,#484,#485,#486));
#4707=EDGE_LOOP('',(#487,#488,#489,#490,#491,#492));
#4708=EDGE_LOOP('',(#493,#494,#495,#496,#497,#498));
#4709=EDGE_LOOP('',(#499,#500,#501,#502,#503,#504));
#4710=EDGE_LOOP('',(#505,#506,#507,#508,#509,#510));
#4711=EDGE_LOOP('',(#511,#512,#513,#514,#515,#516));
#4712=EDGE_LOOP('',(#517,#518,#519,#520,#521,#522));
#4713=EDGE_LOOP('',(#523,#524,#525,#526));
#4714=EDGE_LOOP('',(#527,#528,#529,#530,#531,#532,#533,#534,#535,#536,#537,
#538,#539,#540,#541,#542,#543,#544,#545,#546,#547,#548,#549,#550,#551,#552,
#553,#554,#555,#556));
#4715=EDGE_LOOP('',(#557,#558,#559,#560));
#4716=EDGE_LOOP('',(#561,#562,#563,#564));
#4717=EDGE_LOOP('',(#565,#566,#567,#568));
#4718=EDGE_LOOP('',(#569,#570,#571,#572,#573,#574));
#4719=EDGE_LOOP('',(#575,#576,#577,#578,#579,#580));
#4720=EDGE_LOOP('',(#581,#582,#583,#584,#585,#586));
#4721=EDGE_LOOP('',(#587,#588,#589,#590,#591,#592));
#4722=EDGE_LOOP('',(#593,#594,#595,#596));
#4723=EDGE_LOOP('',(#597,#598,#599,#600,#601,#602));
#4724=EDGE_LOOP('',(#603,#604,#605,#606,#607,#608));
#4725=EDGE_LOOP('',(#609,#610,#611,#612,#613,#614));
#4726=EDGE_LOOP('',(#615,#616,#617,#618,#619,#620));
#4727=EDGE_LOOP('',(#621,#622,#623,#624));
#4728=EDGE_LOOP('',(#625,#626,#627,#628,#629,#630));
#4729=EDGE_LOOP('',(#631,#632,#633,#634,#635,#636));
#4730=EDGE_LOOP('',(#637,#638,#639,#640,#641,#642));
#4731=EDGE_LOOP('',(#643,#644,#645,#646,#647,#648));
#4732=EDGE_LOOP('',(#649,#650,#651,#652,#653,#654));
#4733=EDGE_LOOP('',(#655,#656,#657,#658,#659,#660));
#4734=EDGE_LOOP('',(#661,#662,#663,#664));
#4735=EDGE_LOOP('',(#665,#666,#667,#668,#669,#670));
#4736=EDGE_LOOP('',(#671,#672,#673,#674,#675,#676));
#4737=EDGE_LOOP('',(#677,#678,#679,#680,#681,#682));
#4738=EDGE_LOOP('',(#683,#684,#685,#686,#687,#688));
#4739=EDGE_LOOP('',(#689,#690,#691,#692,#693,#694));
#4740=EDGE_LOOP('',(#695,#696,#697,#698,#699,#700));
#4741=EDGE_LOOP('',(#701,#702,#703,#704,#705,#706));
#4742=EDGE_LOOP('',(#707,#708,#709,#710,#711,#712));
#4743=EDGE_LOOP('',(#713,#714,#715,#716));
#4744=EDGE_LOOP('',(#717,#718,#719,#720,#721,#722));
#4745=EDGE_LOOP('',(#723,#724,#725,#726,#727,#728));
#4746=EDGE_LOOP('',(#729,#730,#731,#732,#733,#734,#735,#736,#737,#738,#739,
#740,#741,#742,#743,#744,#745,#746,#747,#748));
#4747=EDGE_LOOP('',(#749,#750,#751,#752,#753,#754,#755,#756,#757,#758,#759,
#760,#761,#762,#763,#764,#765));
#4748=EDGE_LOOP('',(#766,#767,#768,#769,#770,#771,#772,#773,#774,#775,#776,
#777,#778,#779,#780,#781,#782));
#4749=EDGE_LOOP('',(#783,#784,#785,#786,#787,#788,#789,#790));
#4750=EDGE_LOOP('',(#791,#792,#793,#794,#795));
#4751=EDGE_LOOP('',(#796,#797,#798,#799,#800,#801,#802));
#4752=EDGE_LOOP('',(#803,#804,#805,#806,#807,#808,#809));
#4753=EDGE_LOOP('',(#810,#811,#812,#813,#814));
#4754=EDGE_LOOP('',(#815,#816,#817,#818,#819,#820,#821,#822));
#4755=EDGE_LOOP('',(#823,#824,#825,#826));
#4756=EDGE_LOOP('',(#827,#828,#829,#830));
#4757=EDGE_LOOP('',(#831,#832,#833,#834));
#4758=EDGE_LOOP('',(#835,#836,#837,#838));
#4759=EDGE_LOOP('',(#839,#840,#841,#842));
#4760=EDGE_LOOP('',(#843,#844,#845,#846));
#4761=EDGE_LOOP('',(#847,#848,#849,#850));
#4762=EDGE_LOOP('',(#851,#852,#853,#854));
#4763=EDGE_LOOP('',(#855,#856,#857,#858));
#4764=EDGE_LOOP('',(#859,#860,#861,#862));
#4765=EDGE_LOOP('',(#863,#864,#865,#866));
#4766=EDGE_LOOP('',(#867,#868,#869,#870));
#4767=EDGE_LOOP('',(#871,#872,#873,#874));
#4768=EDGE_LOOP('',(#875,#876,#877,#878));
#4769=EDGE_LOOP('',(#879,#880,#881,#882));
#4770=EDGE_LOOP('',(#883,#884,#885,#886));
#4771=EDGE_LOOP('',(#887,#888,#889,#890));
#4772=EDGE_LOOP('',(#891,#892,#893,#894));
#4773=EDGE_LOOP('',(#895,#896,#897,#898));
#4774=EDGE_LOOP('',(#899,#900,#901,#902));
#4775=EDGE_LOOP('',(#903,#904,#905,#906));
#4776=EDGE_LOOP('',(#907,#908,#909,#910));
#4777=EDGE_LOOP('',(#911,#912,#913,#914));
#4778=EDGE_LOOP('',(#915,#916,#917,#918));
#4779=EDGE_LOOP('',(#919,#920,#921,#922));
#4780=EDGE_LOOP('',(#923,#924,#925,#926));
#4781=EDGE_LOOP('',(#927,#928,#929,#930));
#4782=EDGE_LOOP('',(#931,#932,#933,#934));
#4783=EDGE_LOOP('',(#935,#936,#937,#938));
#4784=EDGE_LOOP('',(#939,#940,#941,#942));
#4785=EDGE_LOOP('',(#943,#944,#945,#946));
#4786=EDGE_LOOP('',(#947,#948,#949,#950));
#4787=EDGE_LOOP('',(#951,#952,#953,#954));
#4788=EDGE_LOOP('',(#955,#956,#957,#958));
#4789=EDGE_LOOP('',(#959,#960,#961,#962));
#4790=EDGE_LOOP('',(#963,#964,#965,#966));
#4791=EDGE_LOOP('',(#967,#968,#969,#970));
#4792=EDGE_LOOP('',(#971,#972,#973,#974));
#4793=EDGE_LOOP('',(#975,#976,#977,#978));
#4794=EDGE_LOOP('',(#979,#980,#981,#982));
#4795=EDGE_LOOP('',(#983,#984,#985,#986));
#4796=EDGE_LOOP('',(#987,#988,#989,#990));
#4797=EDGE_LOOP('',(#991,#992,#993,#994));
#4798=EDGE_LOOP('',(#995,#996,#997,#998));
#4799=EDGE_LOOP('',(#999,#1000,#1001,#1002));
#4800=EDGE_LOOP('',(#1003,#1004,#1005,#1006));
#4801=EDGE_LOOP('',(#1007,#1008,#1009,#1010));
#4802=EDGE_LOOP('',(#1011,#1012,#1013,#1014));
#4803=EDGE_LOOP('',(#1015,#1016,#1017,#1018));
#4804=EDGE_LOOP('',(#1019,#1020,#1021,#1022));
#4805=EDGE_LOOP('',(#1023,#1024,#1025,#1026));
#4806=EDGE_LOOP('',(#1027,#1028,#1029,#1030));
#4807=EDGE_LOOP('',(#1031,#1032,#1033,#1034));
#4808=EDGE_LOOP('',(#1035,#1036,#1037,#1038));
#4809=EDGE_LOOP('',(#1039,#1040,#1041,#1042));
#4810=EDGE_LOOP('',(#1043,#1044,#1045,#1046));
#4811=EDGE_LOOP('',(#1047,#1048,#1049,#1050));
#4812=EDGE_LOOP('',(#1051,#1052,#1053,#1054));
#4813=EDGE_LOOP('',(#1055,#1056,#1057,#1058));
#4814=EDGE_LOOP('',(#1059,#1060,#1061,#1062));
#4815=EDGE_LOOP('',(#1063,#1064,#1065,#1066));
#4816=EDGE_LOOP('',(#1067,#1068,#1069,#1070));
#4817=EDGE_LOOP('',(#1071,#1072,#1073,#1074));
#4818=EDGE_LOOP('',(#1075,#1076,#1077,#1078));
#4819=EDGE_LOOP('',(#1079,#1080,#1081,#1082));
#4820=EDGE_LOOP('',(#1083,#1084,#1085,#1086));
#4821=EDGE_LOOP('',(#1087,#1088,#1089,#1090));
#4822=EDGE_LOOP('',(#1091,#1092,#1093,#1094));
#4823=EDGE_LOOP('',(#1095,#1096,#1097,#1098));
#4824=EDGE_LOOP('',(#1099,#1100,#1101,#1102));
#4825=EDGE_LOOP('',(#1103,#1104,#1105,#1106));
#4826=EDGE_LOOP('',(#1107,#1108,#1109,#1110));
#4827=EDGE_LOOP('',(#1111,#1112,#1113,#1114));
#4828=EDGE_LOOP('',(#1115,#1116,#1117,#1118));
#4829=EDGE_LOOP('',(#1119,#1120,#1121,#1122));
#4830=EDGE_LOOP('',(#1123,#1124,#1125,#1126));
#4831=EDGE_LOOP('',(#1127,#1128,#1129,#1130));
#4832=EDGE_LOOP('',(#1131,#1132,#1133,#1134));
#4833=EDGE_LOOP('',(#1135,#1136,#1137,#1138));
#4834=EDGE_LOOP('',(#1139,#1140,#1141,#1142,#1143));
#4835=EDGE_LOOP('',(#1144,#1145,#1146,#1147));
#4836=EDGE_LOOP('',(#1148,#1149,#1150,#1151));
#4837=EDGE_LOOP('',(#1152,#1153,#1154,#1155,#1156));
#4838=EDGE_LOOP('',(#1157,#1158,#1159,#1160));
#4839=EDGE_LOOP('',(#1161,#1162,#1163,#1164));
#4840=EDGE_LOOP('',(#1165,#1166,#1167,#1168));
#4841=EDGE_LOOP('',(#1169,#1170,#1171,#1172));
#4842=EDGE_LOOP('',(#1173,#1174,#1175,#1176));
#4843=EDGE_LOOP('',(#1177,#1178,#1179,#1180));
#4844=EDGE_LOOP('',(#1181,#1182,#1183,#1184));
#4845=EDGE_LOOP('',(#1185,#1186,#1187,#1188));
#4846=EDGE_LOOP('',(#1189,#1190,#1191,#1192));
#4847=EDGE_LOOP('',(#1193,#1194,#1195,#1196));
#4848=EDGE_LOOP('',(#1197,#1198,#1199,#1200));
#4849=EDGE_LOOP('',(#1201,#1202,#1203,#1204));
#4850=EDGE_LOOP('',(#1205,#1206,#1207,#1208));
#4851=EDGE_LOOP('',(#1209,#1210,#1211,#1212,#1213));
#4852=EDGE_LOOP('',(#1214,#1215,#1216,#1217,#1218));
#4853=EDGE_LOOP('',(#1219,#1220,#1221,#1222));
#4854=EDGE_LOOP('',(#1223,#1224,#1225,#1226));
#4855=EDGE_LOOP('',(#1227,#1228,#1229,#1230));
#4856=EDGE_LOOP('',(#1231,#1232,#1233,#1234));
#4857=EDGE_LOOP('',(#1235,#1236,#1237,#1238));
#4858=EDGE_LOOP('',(#1239,#1240,#1241,#1242,#1243));
#4859=EDGE_LOOP('',(#1244,#1245,#1246,#1247));
#4860=EDGE_LOOP('',(#1248,#1249,#1250,#1251));
#4861=EDGE_LOOP('',(#1252,#1253,#1254,#1255,#1256));
#4862=EDGE_LOOP('',(#1257,#1258,#1259,#1260));
#4863=EDGE_LOOP('',(#1261,#1262,#1263,#1264));
#4864=EDGE_LOOP('',(#1265,#1266,#1267,#1268));
#4865=EDGE_LOOP('',(#1269,#1270,#1271,#1272));
#4866=EDGE_LOOP('',(#1273,#1274,#1275,#1276));
#4867=EDGE_LOOP('',(#1277,#1278,#1279,#1280));
#4868=EDGE_LOOP('',(#1281,#1282,#1283,#1284));
#4869=EDGE_LOOP('',(#1285,#1286,#1287,#1288));
#4870=EDGE_LOOP('',(#1289,#1290,#1291,#1292));
#4871=EDGE_LOOP('',(#1293,#1294,#1295,#1296));
#4872=EDGE_LOOP('',(#1297,#1298,#1299,#1300));
#4873=EDGE_LOOP('',(#1301,#1302,#1303,#1304));
#4874=EDGE_LOOP('',(#1305,#1306,#1307,#1308));
#4875=EDGE_LOOP('',(#1309,#1310,#1311,#1312,#1313));
#4876=EDGE_LOOP('',(#1314,#1315,#1316,#1317,#1318));
#4877=EDGE_LOOP('',(#1319,#1320,#1321,#1322));
#4878=EDGE_LOOP('',(#1323,#1324,#1325,#1326));
#4879=EDGE_LOOP('',(#1327,#1328,#1329,#1330,#1331));
#4880=EDGE_LOOP('',(#1332,#1333,#1334,#1335,#1336));
#4881=EDGE_LOOP('',(#1337,#1338,#1339,#1340));
#4882=EDGE_LOOP('',(#1341,#1342,#1343,#1344));
#4883=EDGE_LOOP('',(#1345,#1346,#1347,#1348));
#4884=EDGE_LOOP('',(#1349,#1350,#1351,#1352));
#4885=EDGE_LOOP('',(#1353,#1354,#1355,#1356,#1357));
#4886=EDGE_LOOP('',(#1358,#1359,#1360,#1361));
#4887=EDGE_LOOP('',(#1362,#1363,#1364,#1365));
#4888=EDGE_LOOP('',(#1366,#1367,#1368,#1369));
#4889=EDGE_LOOP('',(#1370,#1371,#1372,#1373,#1374));
#4890=EDGE_LOOP('',(#1375,#1376,#1377,#1378));
#4891=EDGE_LOOP('',(#1379,#1380,#1381,#1382));
#4892=EDGE_LOOP('',(#1383,#1384,#1385,#1386));
#4893=EDGE_LOOP('',(#1387,#1388,#1389,#1390));
#4894=EDGE_LOOP('',(#1391,#1392,#1393,#1394));
#4895=EDGE_LOOP('',(#1395,#1396,#1397,#1398));
#4896=EDGE_LOOP('',(#1399,#1400,#1401,#1402));
#4897=EDGE_LOOP('',(#1403,#1404,#1405,#1406));
#4898=EDGE_LOOP('',(#1407,#1408,#1409,#1410));
#4899=EDGE_LOOP('',(#1411,#1412,#1413,#1414));
#4900=EDGE_LOOP('',(#1415,#1416,#1417,#1418));
#4901=EDGE_LOOP('',(#1419,#1420,#1421,#1422));
#4902=EDGE_LOOP('',(#1423,#1424,#1425,#1426));
#4903=EDGE_LOOP('',(#1427,#1428,#1429,#1430));
#4904=EDGE_LOOP('',(#1431,#1432,#1433,#1434));
#4905=EDGE_LOOP('',(#1435,#1436,#1437,#1438));
#4906=EDGE_LOOP('',(#1439,#1440,#1441,#1442));
#4907=EDGE_LOOP('',(#1443,#1444,#1445,#1446));
#4908=EDGE_LOOP('',(#1447,#1448,#1449,#1450,#1451));
#4909=EDGE_LOOP('',(#1452,#1453,#1454,#1455,#1456));
#4910=EDGE_LOOP('',(#1457,#1458,#1459,#1460));
#4911=EDGE_LOOP('',(#1461,#1462,#1463,#1464));
#4912=EDGE_LOOP('',(#1465,#1466,#1467,#1468));
#4913=EDGE_LOOP('',(#1469,#1470,#1471,#1472));
#4914=EDGE_LOOP('',(#1473,#1474,#1475,#1476));
#4915=EDGE_LOOP('',(#1477,#1478,#1479,#1480));
#4916=EDGE_LOOP('',(#1481,#1482,#1483,#1484));
#4917=EDGE_LOOP('',(#1485,#1486,#1487,#1488));
#4918=EDGE_LOOP('',(#1489,#1490,#1491,#1492));
#4919=EDGE_LOOP('',(#1493,#1494,#1495,#1496));
#4920=EDGE_LOOP('',(#1497,#1498,#1499,#1500));
#4921=EDGE_LOOP('',(#1501,#1502,#1503,#1504));
#4922=EDGE_LOOP('',(#1505,#1506,#1507,#1508));
#4923=EDGE_LOOP('',(#1509,#1510,#1511,#1512));
#4924=EDGE_LOOP('',(#1513,#1514,#1515,#1516));
#4925=EDGE_LOOP('',(#1517,#1518,#1519,#1520));
#4926=EDGE_LOOP('',(#1521,#1522,#1523,#1524));
#4927=EDGE_LOOP('',(#1525,#1526,#1527,#1528));
#4928=EDGE_LOOP('',(#1529,#1530,#1531,#1532));
#4929=EDGE_LOOP('',(#1533,#1534,#1535,#1536));
#4930=EDGE_LOOP('',(#1537,#1538,#1539,#1540));
#4931=EDGE_LOOP('',(#1541,#1542,#1543,#1544));
#4932=EDGE_LOOP('',(#1545,#1546,#1547,#1548));
#4933=EDGE_LOOP('',(#1549,#1550,#1551,#1552));
#4934=EDGE_LOOP('',(#1553,#1554,#1555,#1556));
#4935=EDGE_LOOP('',(#1557,#1558,#1559,#1560));
#4936=EDGE_LOOP('',(#1561,#1562,#1563,#1564,#1565));
#4937=EDGE_LOOP('',(#1566,#1567,#1568,#1569,#1570));
#4938=EDGE_LOOP('',(#1571,#1572,#1573,#1574));
#4939=EDGE_LOOP('',(#1575,#1576,#1577,#1578));
#4940=EDGE_LOOP('',(#1579,#1580,#1581,#1582,#1583));
#4941=EDGE_LOOP('',(#1584,#1585,#1586,#1587,#1588));
#4942=EDGE_LOOP('',(#1589,#1590,#1591,#1592));
#4943=EDGE_LOOP('',(#1593,#1594,#1595,#1596));
#4944=EDGE_LOOP('',(#1597,#1598,#1599,#1600));
#4945=EDGE_LOOP('',(#1601,#1602,#1603,#1604));
#4946=EDGE_LOOP('',(#1605,#1606,#1607,#1608));
#4947=EDGE_LOOP('',(#1609,#1610,#1611,#1612,#1613));
#4948=EDGE_LOOP('',(#1614,#1615,#1616,#1617));
#4949=EDGE_LOOP('',(#1618,#1619,#1620,#1621,#1622));
#4950=EDGE_LOOP('',(#1623,#1624,#1625,#1626));
#4951=EDGE_LOOP('',(#1627,#1628,#1629,#1630));
#4952=EDGE_LOOP('',(#1631,#1632,#1633,#1634));
#4953=EDGE_LOOP('',(#1635,#1636,#1637,#1638));
#4954=EDGE_LOOP('',(#1639,#1640,#1641,#1642));
#4955=EDGE_LOOP('',(#1643,#1644,#1645,#1646));
#4956=EDGE_LOOP('',(#1647,#1648,#1649,#1650));
#4957=EDGE_LOOP('',(#1651,#1652,#1653,#1654));
#4958=EDGE_LOOP('',(#1655,#1656,#1657,#1658));
#4959=EDGE_LOOP('',(#1659,#1660,#1661,#1662));
#4960=EDGE_LOOP('',(#1663,#1664,#1665,#1666));
#4961=EDGE_LOOP('',(#1667,#1668,#1669,#1670));
#4962=EDGE_LOOP('',(#1671,#1672,#1673,#1674));
#4963=EDGE_LOOP('',(#1675,#1676,#1677,#1678));
#4964=EDGE_LOOP('',(#1679,#1680,#1681,#1682));
#4965=EDGE_LOOP('',(#1683,#1684,#1685,#1686));
#4966=EDGE_LOOP('',(#1687,#1688,#1689,#1690));
#4967=EDGE_LOOP('',(#1691,#1692,#1693,#1694));
#4968=EDGE_LOOP('',(#1695,#1696,#1697,#1698));
#4969=EDGE_LOOP('',(#1699,#1700,#1701,#1702));
#4970=EDGE_LOOP('',(#1703,#1704,#1705,#1706));
#4971=EDGE_LOOP('',(#1707,#1708,#1709,#1710));
#4972=EDGE_LOOP('',(#1711,#1712,#1713,#1714));
#4973=EDGE_LOOP('',(#1715,#1716,#1717,#1718));
#4974=EDGE_LOOP('',(#1719,#1720,#1721,#1722));
#4975=EDGE_LOOP('',(#1723,#1724,#1725,#1726));
#4976=EDGE_LOOP('',(#1727,#1728,#1729,#1730));
#4977=EDGE_LOOP('',(#1731,#1732,#1733,#1734));
#4978=EDGE_LOOP('',(#1735,#1736,#1737,#1738));
#4979=EDGE_LOOP('',(#1739,#1740,#1741,#1742));
#4980=EDGE_LOOP('',(#1743,#1744,#1745,#1746));
#4981=EDGE_LOOP('',(#1747,#1748,#1749,#1750));
#4982=EDGE_LOOP('',(#1751,#1752,#1753,#1754));
#4983=EDGE_LOOP('',(#1755,#1756,#1757,#1758));
#4984=EDGE_LOOP('',(#1759,#1760,#1761,#1762));
#4985=EDGE_LOOP('',(#1763,#1764,#1765,#1766));
#4986=EDGE_LOOP('',(#1767,#1768,#1769,#1770));
#4987=EDGE_LOOP('',(#1771,#1772,#1773,#1774));
#4988=EDGE_LOOP('',(#1775,#1776,#1777,#1778));
#4989=EDGE_LOOP('',(#1779,#1780,#1781,#1782));
#4990=EDGE_LOOP('',(#1783,#1784,#1785,#1786));
#4991=EDGE_LOOP('',(#1787,#1788,#1789,#1790));
#4992=EDGE_LOOP('',(#1791,#1792,#1793,#1794));
#4993=EDGE_LOOP('',(#1795,#1796,#1797,#1798));
#4994=EDGE_LOOP('',(#1799,#1800,#1801,#1802));
#4995=EDGE_LOOP('',(#1803,#1804,#1805,#1806));
#4996=EDGE_LOOP('',(#1807,#1808,#1809,#1810));
#4997=EDGE_LOOP('',(#1811,#1812,#1813,#1814));
#4998=EDGE_LOOP('',(#1815,#1816,#1817,#1818));
#4999=EDGE_LOOP('',(#1819,#1820,#1821,#1822));
#5000=EDGE_LOOP('',(#1823,#1824,#1825,#1826));
#5001=EDGE_LOOP('',(#1827,#1828,#1829,#1830,#1831,#1832));
#5002=EDGE_LOOP('',(#1833,#1834,#1835,#1836));
#5003=EDGE_LOOP('',(#1837,#1838,#1839,#1840));
#5004=EDGE_LOOP('',(#1841,#1842,#1843,#1844));
#5005=FACE_BOUND('',#4663,.T.);
#5006=FACE_BOUND('',#4664,.T.);
#5007=FACE_BOUND('',#4665,.T.);
#5008=FACE_BOUND('',#4666,.T.);
#5009=FACE_BOUND('',#4667,.T.);
#5010=FACE_BOUND('',#4668,.T.);
#5011=FACE_BOUND('',#4669,.T.);
#5012=FACE_BOUND('',#4670,.T.);
#5013=FACE_BOUND('',#4671,.T.);
#5014=FACE_BOUND('',#4672,.T.);
#5015=FACE_BOUND('',#4673,.T.);
#5016=FACE_BOUND('',#4674,.T.);
#5017=FACE_BOUND('',#4675,.T.);
#5018=FACE_BOUND('',#4676,.T.);
#5019=FACE_BOUND('',#4677,.T.);
#5020=FACE_BOUND('',#4678,.T.);
#5021=FACE_BOUND('',#4679,.T.);
#5022=FACE_BOUND('',#4680,.T.);
#5023=FACE_BOUND('',#4681,.T.);
#5024=FACE_BOUND('',#4682,.T.);
#5025=FACE_BOUND('',#4683,.T.);
#5026=FACE_BOUND('',#4684,.T.);
#5027=FACE_BOUND('',#4685,.T.);
#5028=FACE_BOUND('',#4686,.T.);
#5029=FACE_BOUND('',#4687,.T.);
#5030=FACE_BOUND('',#4688,.T.);
#5031=FACE_BOUND('',#4689,.T.);
#5032=FACE_BOUND('',#4690,.T.);
#5033=FACE_BOUND('',#4691,.T.);
#5034=FACE_BOUND('',#4692,.T.);
#5035=FACE_BOUND('',#4693,.T.);
#5036=FACE_BOUND('',#4694,.T.);
#5037=FACE_BOUND('',#4695,.T.);
#5038=FACE_BOUND('',#4696,.T.);
#5039=FACE_BOUND('',#4697,.T.);
#5040=FACE_BOUND('',#4698,.T.);
#5041=FACE_BOUND('',#4699,.T.);
#5042=FACE_BOUND('',#4700,.T.);
#5043=FACE_BOUND('',#4701,.T.);
#5044=FACE_BOUND('',#4702,.T.);
#5045=FACE_BOUND('',#4703,.T.);
#5046=FACE_BOUND('',#4704,.T.);
#5047=FACE_BOUND('',#4705,.T.);
#5048=FACE_BOUND('',#4706,.T.);
#5049=FACE_BOUND('',#4707,.T.);
#5050=FACE_BOUND('',#4708,.T.);
#5051=FACE_BOUND('',#4709,.T.);
#5052=FACE_BOUND('',#4710,.T.);
#5053=FACE_BOUND('',#4711,.T.);
#5054=FACE_BOUND('',#4712,.T.);
#5055=FACE_BOUND('',#4713,.T.);
#5056=FACE_BOUND('',#4714,.T.);
#5057=FACE_BOUND('',#4715,.T.);
#5058=FACE_BOUND('',#4716,.T.);
#5059=FACE_BOUND('',#4717,.T.);
#5060=FACE_BOUND('',#4718,.T.);
#5061=FACE_BOUND('',#4719,.T.);
#5062=FACE_BOUND('',#4720,.T.);
#5063=FACE_BOUND('',#4721,.T.);
#5064=FACE_BOUND('',#4722,.T.);
#5065=FACE_BOUND('',#4723,.T.);
#5066=FACE_BOUND('',#4724,.T.);
#5067=FACE_BOUND('',#4725,.T.);
#5068=FACE_BOUND('',#4726,.T.);
#5069=FACE_BOUND('',#4727,.T.);
#5070=FACE_BOUND('',#4728,.T.);
#5071=FACE_BOUND('',#4729,.T.);
#5072=FACE_BOUND('',#4730,.T.);
#5073=FACE_BOUND('',#4731,.T.);
#5074=FACE_BOUND('',#4732,.T.);
#5075=FACE_BOUND('',#4733,.T.);
#5076=FACE_BOUND('',#4734,.T.);
#5077=FACE_BOUND('',#4735,.T.);
#5078=FACE_BOUND('',#4736,.T.);
#5079=FACE_BOUND('',#4737,.T.);
#5080=FACE_BOUND('',#4738,.T.);
#5081=FACE_BOUND('',#4739,.T.);
#5082=FACE_BOUND('',#4740,.T.);
#5083=FACE_BOUND('',#4741,.T.);
#5084=FACE_BOUND('',#4742,.T.);
#5085=FACE_BOUND('',#4743,.T.);
#5086=FACE_BOUND('',#4744,.T.);
#5087=FACE_BOUND('',#4745,.T.);
#5088=FACE_BOUND('',#4746,.T.);
#5089=FACE_BOUND('',#4747,.T.);
#5090=FACE_BOUND('',#4748,.T.);
#5091=FACE_BOUND('',#4749,.T.);
#5092=FACE_BOUND('',#4750,.T.);
#5093=FACE_BOUND('',#4751,.T.);
#5094=FACE_BOUND('',#4752,.T.);
#5095=FACE_BOUND('',#4753,.T.);
#5096=FACE_BOUND('',#4754,.T.);
#5097=FACE_BOUND('',#4755,.T.);
#5098=FACE_BOUND('',#4756,.T.);
#5099=FACE_BOUND('',#4757,.T.);
#5100=FACE_BOUND('',#4758,.T.);
#5101=FACE_BOUND('',#4759,.T.);
#5102=FACE_BOUND('',#4760,.T.);
#5103=FACE_BOUND('',#4761,.T.);
#5104=FACE_BOUND('',#4762,.T.);
#5105=FACE_BOUND('',#4763,.T.);
#5106=FACE_BOUND('',#4764,.T.);
#5107=FACE_BOUND('',#4765,.T.);
#5108=FACE_BOUND('',#4766,.T.);
#5109=FACE_BOUND('',#4767,.T.);
#5110=FACE_BOUND('',#4768,.T.);
#5111=FACE_BOUND('',#4769,.T.);
#5112=FACE_BOUND('',#4770,.T.);
#5113=FACE_BOUND('',#4771,.T.);
#5114=FACE_BOUND('',#4772,.T.);
#5115=FACE_BOUND('',#4773,.T.);
#5116=FACE_BOUND('',#4774,.T.);
#5117=FACE_BOUND('',#4775,.T.);
#5118=FACE_BOUND('',#4776,.T.);
#5119=FACE_BOUND('',#4777,.T.);
#5120=FACE_BOUND('',#4778,.T.);
#5121=FACE_BOUND('',#4779,.T.);
#5122=FACE_BOUND('',#4780,.T.);
#5123=FACE_BOUND('',#4781,.T.);
#5124=FACE_BOUND('',#4782,.T.);
#5125=FACE_BOUND('',#4783,.T.);
#5126=FACE_BOUND('',#4784,.T.);
#5127=FACE_BOUND('',#4785,.T.);
#5128=FACE_BOUND('',#4786,.T.);
#5129=FACE_BOUND('',#4787,.T.);
#5130=FACE_BOUND('',#4788,.T.);
#5131=FACE_BOUND('',#4789,.T.);
#5132=FACE_BOUND('',#4790,.T.);
#5133=FACE_BOUND('',#4791,.T.);
#5134=FACE_BOUND('',#4792,.T.);
#5135=FACE_BOUND('',#4793,.T.);
#5136=FACE_BOUND('',#4794,.T.);
#5137=FACE_BOUND('',#4795,.T.);
#5138=FACE_BOUND('',#4796,.T.);
#5139=FACE_BOUND('',#4797,.T.);
#5140=FACE_BOUND('',#4798,.T.);
#5141=FACE_BOUND('',#4799,.T.);
#5142=FACE_BOUND('',#4800,.T.);
#5143=FACE_BOUND('',#4801,.T.);
#5144=FACE_BOUND('',#4802,.T.);
#5145=FACE_BOUND('',#4803,.T.);
#5146=FACE_BOUND('',#4804,.T.);
#5147=FACE_BOUND('',#4805,.T.);
#5148=FACE_BOUND('',#4806,.T.);
#5149=FACE_BOUND('',#4807,.T.);
#5150=FACE_BOUND('',#4808,.T.);
#5151=FACE_BOUND('',#4809,.T.);
#5152=FACE_BOUND('',#4810,.T.);
#5153=FACE_BOUND('',#4811,.T.);
#5154=FACE_BOUND('',#4812,.T.);
#5155=FACE_BOUND('',#4813,.T.);
#5156=FACE_BOUND('',#4814,.T.);
#5157=FACE_BOUND('',#4815,.T.);
#5158=FACE_BOUND('',#4816,.T.);
#5159=FACE_BOUND('',#4817,.T.);
#5160=FACE_BOUND('',#4818,.T.);
#5161=FACE_BOUND('',#4819,.T.);
#5162=FACE_BOUND('',#4820,.T.);
#5163=FACE_BOUND('',#4821,.T.);
#5164=FACE_BOUND('',#4822,.T.);
#5165=FACE_BOUND('',#4823,.T.);
#5166=FACE_BOUND('',#4824,.T.);
#5167=FACE_BOUND('',#4825,.T.);
#5168=FACE_BOUND('',#4826,.T.);
#5169=FACE_BOUND('',#4827,.T.);
#5170=FACE_BOUND('',#4828,.T.);
#5171=FACE_BOUND('',#4829,.T.);
#5172=FACE_BOUND('',#4830,.T.);
#5173=FACE_BOUND('',#4831,.T.);
#5174=FACE_BOUND('',#4832,.T.);
#5175=FACE_BOUND('',#4833,.T.);
#5176=FACE_BOUND('',#4834,.T.);
#5177=FACE_BOUND('',#4835,.T.);
#5178=FACE_BOUND('',#4836,.T.);
#5179=FACE_BOUND('',#4837,.T.);
#5180=FACE_BOUND('',#4838,.T.);
#5181=FACE_BOUND('',#4839,.T.);
#5182=FACE_BOUND('',#4840,.T.);
#5183=FACE_BOUND('',#4841,.T.);
#5184=FACE_BOUND('',#4842,.T.);
#5185=FACE_BOUND('',#4843,.T.);
#5186=FACE_BOUND('',#4844,.T.);
#5187=FACE_BOUND('',#4845,.T.);
#5188=FACE_BOUND('',#4846,.T.);
#5189=FACE_BOUND('',#4847,.T.);
#5190=FACE_BOUND('',#4848,.T.);
#5191=FACE_BOUND('',#4849,.T.);
#5192=FACE_BOUND('',#4850,.T.);
#5193=FACE_BOUND('',#4851,.T.);
#5194=FACE_BOUND('',#4852,.T.);
#5195=FACE_BOUND('',#4853,.T.);
#5196=FACE_BOUND('',#4854,.T.);
#5197=FACE_BOUND('',#4855,.T.);
#5198=FACE_BOUND('',#4856,.T.);
#5199=FACE_BOUND('',#4857,.T.);
#5200=FACE_BOUND('',#4858,.T.);
#5201=FACE_BOUND('',#4859,.T.);
#5202=FACE_BOUND('',#4860,.T.);
#5203=FACE_BOUND('',#4861,.T.);
#5204=FACE_BOUND('',#4862,.T.);
#5205=FACE_BOUND('',#4863,.T.);
#5206=FACE_BOUND('',#4864,.T.);
#5207=FACE_BOUND('',#4865,.T.);
#5208=FACE_BOUND('',#4866,.T.);
#5209=FACE_BOUND('',#4867,.T.);
#5210=FACE_BOUND('',#4868,.T.);
#5211=FACE_BOUND('',#4869,.T.);
#5212=FACE_BOUND('',#4870,.T.);
#5213=FACE_BOUND('',#4871,.T.);
#5214=FACE_BOUND('',#4872,.T.);
#5215=FACE_BOUND('',#4873,.T.);
#5216=FACE_BOUND('',#4874,.T.);
#5217=FACE_BOUND('',#4875,.T.);
#5218=FACE_BOUND('',#4876,.T.);
#5219=FACE_BOUND('',#4877,.T.);
#5220=FACE_BOUND('',#4878,.T.);
#5221=FACE_BOUND('',#4879,.T.);
#5222=FACE_BOUND('',#4880,.T.);
#5223=FACE_BOUND('',#4881,.T.);
#5224=FACE_BOUND('',#4882,.T.);
#5225=FACE_BOUND('',#4883,.T.);
#5226=FACE_BOUND('',#4884,.T.);
#5227=FACE_BOUND('',#4885,.T.);
#5228=FACE_BOUND('',#4886,.T.);
#5229=FACE_BOUND('',#4887,.T.);
#5230=FACE_BOUND('',#4888,.T.);
#5231=FACE_BOUND('',#4889,.T.);
#5232=FACE_BOUND('',#4890,.T.);
#5233=FACE_BOUND('',#4891,.T.);
#5234=FACE_BOUND('',#4892,.T.);
#5235=FACE_BOUND('',#4893,.T.);
#5236=FACE_BOUND('',#4894,.T.);
#5237=FACE_BOUND('',#4895,.T.);
#5238=FACE_BOUND('',#4896,.T.);
#5239=FACE_BOUND('',#4897,.T.);
#5240=FACE_BOUND('',#4898,.T.);
#5241=FACE_BOUND('',#4899,.T.);
#5242=FACE_BOUND('',#4900,.T.);
#5243=FACE_BOUND('',#4901,.T.);
#5244=FACE_BOUND('',#4902,.T.);
#5245=FACE_BOUND('',#4903,.T.);
#5246=FACE_BOUND('',#4904,.T.);
#5247=FACE_BOUND('',#4905,.T.);
#5248=FACE_BOUND('',#4906,.T.);
#5249=FACE_BOUND('',#4907,.T.);
#5250=FACE_BOUND('',#4908,.T.);
#5251=FACE_BOUND('',#4909,.T.);
#5252=FACE_BOUND('',#4910,.T.);
#5253=FACE_BOUND('',#4911,.T.);
#5254=FACE_BOUND('',#4912,.T.);
#5255=FACE_BOUND('',#4913,.T.);
#5256=FACE_BOUND('',#4914,.T.);
#5257=FACE_BOUND('',#4915,.T.);
#5258=FACE_BOUND('',#4916,.T.);
#5259=FACE_BOUND('',#4917,.T.);
#5260=FACE_BOUND('',#4918,.T.);
#5261=FACE_BOUND('',#4919,.T.);
#5262=FACE_BOUND('',#4920,.T.);
#5263=FACE_BOUND('',#4921,.T.);
#5264=FACE_BOUND('',#4922,.T.);
#5265=FACE_BOUND('',#4923,.T.);
#5266=FACE_BOUND('',#4924,.T.);
#5267=FACE_BOUND('',#4925,.T.);
#5268=FACE_BOUND('',#4926,.T.);
#5269=FACE_BOUND('',#4927,.T.);
#5270=FACE_BOUND('',#4928,.T.);
#5271=FACE_BOUND('',#4929,.T.);
#5272=FACE_BOUND('',#4930,.T.);
#5273=FACE_BOUND('',#4931,.T.);
#5274=FACE_BOUND('',#4932,.T.);
#5275=FACE_BOUND('',#4933,.T.);
#5276=FACE_BOUND('',#4934,.T.);
#5277=FACE_BOUND('',#4935,.T.);
#5278=FACE_BOUND('',#4936,.T.);
#5279=FACE_BOUND('',#4937,.T.);
#5280=FACE_BOUND('',#4938,.T.);
#5281=FACE_BOUND('',#4939,.T.);
#5282=FACE_BOUND('',#4940,.T.);
#5283=FACE_BOUND('',#4941,.T.);
#5284=FACE_BOUND('',#4942,.T.);
#5285=FACE_BOUND('',#4943,.T.);
#5286=FACE_BOUND('',#4944,.T.);
#5287=FACE_BOUND('',#4945,.T.);
#5288=FACE_BOUND('',#4946,.T.);
#5289=FACE_BOUND('',#4947,.T.);
#5290=FACE_BOUND('',#4948,.T.);
#5291=FACE_BOUND('',#4949,.T.);
#5292=FACE_BOUND('',#4950,.T.);
#5293=FACE_BOUND('',#4951,.T.);
#5294=FACE_BOUND('',#4952,.T.);
#5295=FACE_BOUND('',#4953,.T.);
#5296=FACE_BOUND('',#4954,.T.);
#5297=FACE_BOUND('',#4955,.T.);
#5298=FACE_BOUND('',#4956,.T.);
#5299=FACE_BOUND('',#4957,.T.);
#5300=FACE_BOUND('',#4958,.T.);
#5301=FACE_BOUND('',#4959,.T.);
#5302=FACE_BOUND('',#4960,.T.);
#5303=FACE_BOUND('',#4961,.T.);
#5304=FACE_BOUND('',#4962,.T.);
#5305=FACE_BOUND('',#4963,.T.);
#5306=FACE_BOUND('',#4964,.T.);
#5307=FACE_BOUND('',#4965,.T.);
#5308=FACE_BOUND('',#4966,.T.);
#5309=FACE_BOUND('',#4967,.T.);
#5310=FACE_BOUND('',#4968,.T.);
#5311=FACE_BOUND('',#4969,.T.);
#5312=FACE_BOUND('',#4970,.T.);
#5313=FACE_BOUND('',#4971,.T.);
#5314=FACE_BOUND('',#4972,.T.);
#5315=FACE_BOUND('',#4973,.T.);
#5316=FACE_BOUND('',#4974,.T.);
#5317=FACE_BOUND('',#4975,.T.);
#5318=FACE_BOUND('',#4976,.T.);
#5319=FACE_BOUND('',#4977,.T.);
#5320=FACE_BOUND('',#4978,.T.);
#5321=FACE_BOUND('',#4979,.T.);
#5322=FACE_BOUND('',#4980,.T.);
#5323=FACE_BOUND('',#4981,.T.);
#5324=FACE_BOUND('',#4982,.T.);
#5325=FACE_BOUND('',#4983,.T.);
#5326=FACE_BOUND('',#4984,.T.);
#5327=FACE_BOUND('',#4985,.T.);
#5328=FACE_BOUND('',#4986,.T.);
#5329=FACE_BOUND('',#4987,.T.);
#5330=FACE_BOUND('',#4988,.T.);
#5331=FACE_BOUND('',#4989,.T.);
#5332=FACE_BOUND('',#4990,.T.);
#5333=FACE_BOUND('',#4991,.T.);
#5334=FACE_BOUND('',#4992,.T.);
#5335=FACE_BOUND('',#4993,.T.);
#5336=FACE_BOUND('',#4994,.T.);
#5337=FACE_BOUND('',#4995,.T.);
#5338=FACE_BOUND('',#4996,.T.);
#5339=FACE_BOUND('',#4997,.T.);
#5340=FACE_BOUND('',#4998,.T.);
#5341=FACE_BOUND('',#4999,.T.);
#5342=FACE_BOUND('',#5000,.T.);
#5343=FACE_BOUND('',#5001,.T.);
#5344=FACE_BOUND('',#5002,.T.);
#5345=FACE_BOUND('',#5003,.T.);
#5346=FACE_BOUND('',#5004,.T.);
#5347=PLANE('',#5851);
#5348=PLANE('',#5855);
#5349=PLANE('',#5870);
#5350=PLANE('',#5871);
#5351=PLANE('',#5872);
#5352=PLANE('',#5891);
#5353=PLANE('',#5910);
#5354=PLANE('',#5929);
#5355=PLANE('',#5948);
#5356=PLANE('',#5975);
#5357=PLANE('',#5984);
#5358=PLANE('',#5985);
#5359=PLANE('',#5986);
#5360=PLANE('',#5987);
#5361=PLANE('',#5988);
#5362=PLANE('',#5989);
#5363=PLANE('',#5990);
#5364=PLANE('',#5991);
#5365=PLANE('',#5992);
#5366=PLANE('',#5993);
#5367=PLANE('',#5994);
#5368=PLANE('',#5995);
#5369=PLANE('',#5996);
#5370=PLANE('',#5997);
#5371=PLANE('',#5998);
#5372=PLANE('',#5999);
#5373=PLANE('',#6012);
#5374=PLANE('',#6013);
#5375=PLANE('',#6014);
#5376=PLANE('',#6015);
#5377=PLANE('',#6016);
#5378=PLANE('',#6017);
#5379=PLANE('',#6018);
#5380=PLANE('',#6019);
#5381=PLANE('',#6020);
#5382=PLANE('',#6021);
#5383=PLANE('',#6022);
#5384=PLANE('',#6023);
#5385=PLANE('',#6036);
#5386=PLANE('',#6037);
#5387=PLANE('',#6038);
#5388=PLANE('',#6039);
#5389=PLANE('',#6040);
#5390=PLANE('',#6041);
#5391=PLANE('',#6042);
#5392=PLANE('',#6043);
#5393=PLANE('',#6044);
#5394=PLANE('',#6045);
#5395=PLANE('',#6046);
#5396=PLANE('',#6047);
#5397=PLANE('',#6060);
#5398=PLANE('',#6061);
#5399=PLANE('',#6062);
#5400=PLANE('',#6063);
#5401=PLANE('',#6064);
#5402=PLANE('',#6065);
#5403=PLANE('',#6066);
#5404=PLANE('',#6067);
#5405=PLANE('',#6068);
#5406=PLANE('',#6069);
#5407=PLANE('',#6070);
#5408=PLANE('',#6071);
#5409=PLANE('',#6072);
#5410=PLANE('',#6073);
#5411=PLANE('',#6074);
#5412=PLANE('',#6075);
#5413=PLANE('',#6076);
#5414=PLANE('',#6077);
#5415=PLANE('',#6078);
#5416=PLANE('',#6079);
#5417=PLANE('',#6080);
#5418=PLANE('',#6081);
#5419=PLANE('',#6082);
#5420=PLANE('',#6083);
#5421=PLANE('',#6084);
#5422=PLANE('',#6085);
#5423=PLANE('',#6086);
#5424=PLANE('',#6087);
#5425=PLANE('',#6088);
#5426=PLANE('',#6089);
#5427=PLANE('',#6090);
#5428=PLANE('',#6091);
#5429=PLANE('',#6092);
#5430=PLANE('',#6093);
#5431=PLANE('',#6094);
#5432=PLANE('',#6095);
#5433=PLANE('',#6096);
#5434=PLANE('',#6097);
#5435=PLANE('',#6098);
#5436=PLANE('',#6099);
#5437=PLANE('',#6100);
#5438=PLANE('',#6101);
#5439=PLANE('',#6102);
#5440=PLANE('',#6103);
#5441=PLANE('',#6104);
#5442=PLANE('',#6105);
#5443=PLANE('',#6106);
#5444=PLANE('',#6107);
#5445=PLANE('',#6108);
#5446=PLANE('',#6109);
#5447=PLANE('',#6110);
#5448=PLANE('',#6111);
#5449=PLANE('',#6112);
#5450=PLANE('',#6113);
#5451=PLANE('',#6114);
#5452=PLANE('',#6115);
#5453=PLANE('',#6116);
#5454=PLANE('',#6117);
#5455=PLANE('',#6118);
#5456=PLANE('',#6119);
#5457=PLANE('',#6120);
#5458=PLANE('',#6121);
#5459=PLANE('',#6122);
#5460=PLANE('',#6123);
#5461=PLANE('',#6124);
#5462=PLANE('',#6125);
#5463=PLANE('',#6126);
#5464=PLANE('',#6127);
#5465=PLANE('',#6128);
#5466=PLANE('',#6129);
#5467=PLANE('',#6130);
#5468=PLANE('',#6131);
#5469=PLANE('',#6132);
#5470=PLANE('',#6133);
#5471=PLANE('',#6134);
#5472=PLANE('',#6135);
#5473=PLANE('',#6136);
#5474=PLANE('',#6137);
#5475=PLANE('',#6138);
#5476=PLANE('',#6139);
#5477=PLANE('',#6140);
#5478=PLANE('',#6141);
#5479=PLANE('',#6142);
#5480=PLANE('',#6143);
#5481=PLANE('',#6144);
#5482=PLANE('',#6145);
#5483=PLANE('',#6146);
#5484=PLANE('',#6147);
#5485=PLANE('',#6148);
#5486=PLANE('',#6149);
#5487=PLANE('',#6150);
#5488=PLANE('',#6151);
#5489=PLANE('',#6152);
#5490=PLANE('',#6153);
#5491=PLANE('',#6154);
#5492=PLANE('',#6155);
#5493=PLANE('',#6156);
#5494=PLANE('',#6157);
#5495=PLANE('',#6158);
#5496=PLANE('',#6159);
#5497=PLANE('',#6160);
#5498=PLANE('',#6161);
#5499=PLANE('',#6162);
#5500=PLANE('',#6163);
#5501=PLANE('',#6164);
#5502=PLANE('',#6165);
#5503=PLANE('',#6166);
#5504=PLANE('',#6167);
#5505=PLANE('',#6168);
#5506=PLANE('',#6169);
#5507=PLANE('',#6170);
#5508=PLANE('',#6171);
#5509=PLANE('',#6172);
#5510=PLANE('',#6173);
#5511=PLANE('',#6174);
#5512=PLANE('',#6175);
#5513=PLANE('',#6176);
#5514=PLANE('',#6177);
#5515=PLANE('',#6178);
#5516=PLANE('',#6179);
#5517=PLANE('',#6180);
#5518=PLANE('',#6181);
#5519=PLANE('',#6182);
#5520=PLANE('',#6183);
#5521=PLANE('',#6184);
#5522=PLANE('',#6185);
#5523=PLANE('',#6186);
#5524=PLANE('',#6187);
#5525=PLANE('',#6188);
#5526=PLANE('',#6189);
#5527=PLANE('',#6190);
#5528=PLANE('',#6191);
#5529=PLANE('',#6192);
#5530=PLANE('',#6193);
#5531=PLANE('',#6194);
#5532=PLANE('',#6195);
#5533=PLANE('',#6196);
#5534=PLANE('',#6197);
#5535=PLANE('',#6198);
#5536=PLANE('',#6199);
#5537=PLANE('',#6200);
#5538=PLANE('',#6201);
#5539=PLANE('',#6202);
#5540=PLANE('',#6203);
#5541=PLANE('',#6204);
#5542=PLANE('',#6205);
#5543=PLANE('',#6206);
#5544=PLANE('',#6207);
#5545=PLANE('',#6208);
#5546=PLANE('',#6209);
#5547=PLANE('',#6210);
#5548=PLANE('',#6211);
#5549=PLANE('',#6212);
#5550=PLANE('',#6213);
#5551=PLANE('',#6214);
#5552=PLANE('',#6215);
#5553=PLANE('',#6216);
#5554=PLANE('',#6217);
#5555=PLANE('',#6218);
#5556=PLANE('',#6219);
#5557=PLANE('',#6220);
#5558=PLANE('',#6221);
#5559=PLANE('',#6222);
#5560=PLANE('',#6223);
#5561=PLANE('',#6224);
#5562=PLANE('',#6225);
#5563=PLANE('',#6226);
#5564=PLANE('',#6227);
#5565=PLANE('',#6228);
#5566=PLANE('',#6229);
#5567=PLANE('',#6230);
#5568=PLANE('',#6231);
#5569=ADVANCED_FACE('',(#5005,#5006,#5007,#5008,#5009,#5010,#5011,#5012,
#5013,#5014,#5015,#5016,#5017,#5018,#5019),#5347,.F.);
#5570=ADVANCED_FACE('',(#5020,#5021,#5022,#5023,#5024,#5025,#5026,#5027,
#5028,#5029,#5030,#5031),#5348,.T.);
#5571=ADVANCED_FACE('',(#5032),#32,.F.);
#5572=ADVANCED_FACE('',(#5033),#33,.F.);
#5573=ADVANCED_FACE('',(#5034,#5035,#5036,#5037,#5038,#5039,#5040,#5041,
#5042,#5043,#5044,#5045,#5046,#5047),#5349,.T.);
#5574=ADVANCED_FACE('',(#5048,#5049,#5050,#5051,#5052,#5053,#5054,#5055,
#5056,#5057,#5058,#5059),#5350,.F.);
#5575=ADVANCED_FACE('',(#5060,#5061,#5062,#5063,#5064,#5065,#5066),#5351,
 .F.);
#5576=ADVANCED_FACE('',(#5067,#5068,#5069,#5070,#5071,#5072,#5073),#5352,
 .T.);
#5577=ADVANCED_FACE('',(#5074,#5075,#5076,#5077,#5078,#5079,#5080),#5353,
 .T.);
#5578=ADVANCED_FACE('',(#5081,#5082,#5083,#5084,#5085,#5086,#5087),#5354,
 .F.);
#5579=ADVANCED_FACE('',(#5088),#5355,.T.);
#5580=ADVANCED_FACE('',(#5089),#34,.F.);
#5581=ADVANCED_FACE('',(#5090),#35,.F.);
#5582=ADVANCED_FACE('',(#5091),#5356,.F.);
#5583=ADVANCED_FACE('',(#5092),#36,.T.);
#5584=ADVANCED_FACE('',(#5093),#37,.T.);
#5585=ADVANCED_FACE('',(#5094),#38,.T.);
#5586=ADVANCED_FACE('',(#5095),#39,.T.);
#5587=ADVANCED_FACE('',(#5096),#5357,.T.);
#5588=ADVANCED_FACE('',(#5097),#5358,.T.);
#5589=ADVANCED_FACE('',(#5098),#5359,.F.);
#5590=ADVANCED_FACE('',(#5099),#5360,.F.);
#5591=ADVANCED_FACE('',(#5100),#5361,.T.);
#5592=ADVANCED_FACE('',(#5101),#5362,.F.);
#5593=ADVANCED_FACE('',(#5102),#5363,.T.);
#5594=ADVANCED_FACE('',(#5103),#5364,.F.);
#5595=ADVANCED_FACE('',(#5104),#5365,.T.);
#5596=ADVANCED_FACE('',(#5105),#5366,.T.);
#5597=ADVANCED_FACE('',(#5106),#5367,.T.);
#5598=ADVANCED_FACE('',(#5107),#5368,.F.);
#5599=ADVANCED_FACE('',(#5108),#5369,.T.);
#5600=ADVANCED_FACE('',(#5109),#5370,.T.);
#5601=ADVANCED_FACE('',(#5110),#5371,.T.);
#5602=ADVANCED_FACE('',(#5111),#5372,.F.);
#5603=ADVANCED_FACE('',(#5112),#40,.F.);
#5604=ADVANCED_FACE('',(#5113),#41,.F.);
#5605=ADVANCED_FACE('',(#5114),#42,.F.);
#5606=ADVANCED_FACE('',(#5115),#43,.F.);
#5607=ADVANCED_FACE('',(#5116),#44,.F.);
#5608=ADVANCED_FACE('',(#5117),#45,.F.);
#5609=ADVANCED_FACE('',(#5118),#46,.F.);
#5610=ADVANCED_FACE('',(#5119),#47,.F.);
#5611=ADVANCED_FACE('',(#5120),#48,.F.);
#5612=ADVANCED_FACE('',(#5121),#49,.F.);
#5613=ADVANCED_FACE('',(#5122),#50,.F.);
#5614=ADVANCED_FACE('',(#5123),#51,.F.);
#5615=ADVANCED_FACE('',(#5124),#5373,.F.);
#5616=ADVANCED_FACE('',(#5125),#5374,.F.);
#5617=ADVANCED_FACE('',(#5126),#5375,.F.);
#5618=ADVANCED_FACE('',(#5127),#5376,.T.);
#5619=ADVANCED_FACE('',(#5128),#5377,.F.);
#5620=ADVANCED_FACE('',(#5129),#5378,.T.);
#5621=ADVANCED_FACE('',(#5130),#5379,.F.);
#5622=ADVANCED_FACE('',(#5131),#5380,.F.);
#5623=ADVANCED_FACE('',(#5132),#5381,.F.);
#5624=ADVANCED_FACE('',(#5133),#5382,.T.);
#5625=ADVANCED_FACE('',(#5134),#5383,.F.);
#5626=ADVANCED_FACE('',(#5135),#5384,.T.);
#5627=ADVANCED_FACE('',(#5136),#52,.F.);
#5628=ADVANCED_FACE('',(#5137),#53,.F.);
#5629=ADVANCED_FACE('',(#5138),#54,.F.);
#5630=ADVANCED_FACE('',(#5139),#55,.F.);
#5631=ADVANCED_FACE('',(#5140),#56,.F.);
#5632=ADVANCED_FACE('',(#5141),#57,.F.);
#5633=ADVANCED_FACE('',(#5142),#58,.F.);
#5634=ADVANCED_FACE('',(#5143),#59,.F.);
#5635=ADVANCED_FACE('',(#5144),#60,.F.);
#5636=ADVANCED_FACE('',(#5145),#61,.F.);
#5637=ADVANCED_FACE('',(#5146),#62,.F.);
#5638=ADVANCED_FACE('',(#5147),#63,.F.);
#5639=ADVANCED_FACE('',(#5148),#5385,.F.);
#5640=ADVANCED_FACE('',(#5149),#5386,.F.);
#5641=ADVANCED_FACE('',(#5150),#5387,.T.);
#5642=ADVANCED_FACE('',(#5151),#5388,.T.);
#5643=ADVANCED_FACE('',(#5152),#5389,.F.);
#5644=ADVANCED_FACE('',(#5153),#5390,.F.);
#5645=ADVANCED_FACE('',(#5154),#5391,.T.);
#5646=ADVANCED_FACE('',(#5155),#5392,.F.);
#5647=ADVANCED_FACE('',(#5156),#5393,.F.);
#5648=ADVANCED_FACE('',(#5157),#5394,.F.);
#5649=ADVANCED_FACE('',(#5158),#5395,.F.);
#5650=ADVANCED_FACE('',(#5159),#5396,.T.);
#5651=ADVANCED_FACE('',(#5160),#64,.F.);
#5652=ADVANCED_FACE('',(#5161),#65,.F.);
#5653=ADVANCED_FACE('',(#5162),#66,.F.);
#5654=ADVANCED_FACE('',(#5163),#67,.F.);
#5655=ADVANCED_FACE('',(#5164),#68,.F.);
#5656=ADVANCED_FACE('',(#5165),#69,.F.);
#5657=ADVANCED_FACE('',(#5166),#70,.F.);
#5658=ADVANCED_FACE('',(#5167),#71,.F.);
#5659=ADVANCED_FACE('',(#5168),#72,.F.);
#5660=ADVANCED_FACE('',(#5169),#73,.F.);
#5661=ADVANCED_FACE('',(#5170),#74,.F.);
#5662=ADVANCED_FACE('',(#5171),#75,.F.);
#5663=ADVANCED_FACE('',(#5172),#5397,.T.);
#5664=ADVANCED_FACE('',(#5173),#5398,.F.);
#5665=ADVANCED_FACE('',(#5174),#5399,.F.);
#5666=ADVANCED_FACE('',(#5175),#5400,.T.);
#5667=ADVANCED_FACE('',(#5176),#5401,.T.);
#5668=ADVANCED_FACE('',(#5177),#5402,.F.);
#5669=ADVANCED_FACE('',(#5178),#5403,.T.);
#5670=ADVANCED_FACE('',(#5179),#5404,.T.);
#5671=ADVANCED_FACE('',(#5180),#5405,.T.);
#5672=ADVANCED_FACE('',(#5181),#5406,.F.);
#5673=ADVANCED_FACE('',(#5182),#5407,.F.);
#5674=ADVANCED_FACE('',(#5183),#5408,.T.);
#5675=ADVANCED_FACE('',(#5184),#5409,.T.);
#5676=ADVANCED_FACE('',(#5185),#5410,.F.);
#5677=ADVANCED_FACE('',(#5186),#5411,.F.);
#5678=ADVANCED_FACE('',(#5187),#5412,.T.);
#5679=ADVANCED_FACE('',(#5188),#5413,.T.);
#5680=ADVANCED_FACE('',(#5189),#5414,.T.);
#5681=ADVANCED_FACE('',(#5190),#5415,.F.);
#5682=ADVANCED_FACE('',(#5191),#5416,.T.);
#5683=ADVANCED_FACE('',(#5192),#5417,.T.);
#5684=ADVANCED_FACE('',(#5193),#5418,.T.);
#5685=ADVANCED_FACE('',(#5194),#5419,.F.);
#5686=ADVANCED_FACE('',(#5195),#5420,.F.);
#5687=ADVANCED_FACE('',(#5196),#5421,.T.);
#5688=ADVANCED_FACE('',(#5197),#5422,.F.);
#5689=ADVANCED_FACE('',(#5198),#5423,.F.);
#5690=ADVANCED_FACE('',(#5199),#5424,.T.);
#5691=ADVANCED_FACE('',(#5200),#5425,.T.);
#5692=ADVANCED_FACE('',(#5201),#5426,.T.);
#5693=ADVANCED_FACE('',(#5202),#5427,.F.);
#5694=ADVANCED_FACE('',(#5203),#5428,.T.);
#5695=ADVANCED_FACE('',(#5204),#5429,.T.);
#5696=ADVANCED_FACE('',(#5205),#5430,.F.);
#5697=ADVANCED_FACE('',(#5206),#5431,.F.);
#5698=ADVANCED_FACE('',(#5207),#5432,.T.);
#5699=ADVANCED_FACE('',(#5208),#5433,.T.);
#5700=ADVANCED_FACE('',(#5209),#5434,.F.);
#5701=ADVANCED_FACE('',(#5210),#5435,.F.);
#5702=ADVANCED_FACE('',(#5211),#5436,.T.);
#5703=ADVANCED_FACE('',(#5212),#5437,.T.);
#5704=ADVANCED_FACE('',(#5213),#5438,.F.);
#5705=ADVANCED_FACE('',(#5214),#5439,.T.);
#5706=ADVANCED_FACE('',(#5215),#5440,.T.);
#5707=ADVANCED_FACE('',(#5216),#5441,.F.);
#5708=ADVANCED_FACE('',(#5217),#5442,.F.);
#5709=ADVANCED_FACE('',(#5218),#5443,.T.);
#5710=ADVANCED_FACE('',(#5219),#5444,.T.);
#5711=ADVANCED_FACE('',(#5220),#5445,.F.);
#5712=ADVANCED_FACE('',(#5221),#5446,.F.);
#5713=ADVANCED_FACE('',(#5222),#5447,.F.);
#5714=ADVANCED_FACE('',(#5223),#5448,.F.);
#5715=ADVANCED_FACE('',(#5224),#5449,.F.);
#5716=ADVANCED_FACE('',(#5225),#5450,.F.);
#5717=ADVANCED_FACE('',(#5226),#5451,.F.);
#5718=ADVANCED_FACE('',(#5227),#5452,.F.);
#5719=ADVANCED_FACE('',(#5228),#5453,.F.);
#5720=ADVANCED_FACE('',(#5229),#5454,.F.);
#5721=ADVANCED_FACE('',(#5230),#5455,.F.);
#5722=ADVANCED_FACE('',(#5231),#5456,.F.);
#5723=ADVANCED_FACE('',(#5232),#5457,.F.);
#5724=ADVANCED_FACE('',(#5233),#5458,.F.);
#5725=ADVANCED_FACE('',(#5234),#5459,.F.);
#5726=ADVANCED_FACE('',(#5235),#5460,.F.);
#5727=ADVANCED_FACE('',(#5236),#5461,.F.);
#5728=ADVANCED_FACE('',(#5237),#5462,.F.);
#5729=ADVANCED_FACE('',(#5238),#5463,.F.);
#5730=ADVANCED_FACE('',(#5239),#5464,.F.);
#5731=ADVANCED_FACE('',(#5240),#5465,.F.);
#5732=ADVANCED_FACE('',(#5241),#5466,.F.);
#5733=ADVANCED_FACE('',(#5242),#5467,.F.);
#5734=ADVANCED_FACE('',(#5243),#5468,.F.);
#5735=ADVANCED_FACE('',(#5244),#5469,.F.);
#5736=ADVANCED_FACE('',(#5245),#5470,.F.);
#5737=ADVANCED_FACE('',(#5246),#5471,.F.);
#5738=ADVANCED_FACE('',(#5247),#5472,.F.);
#5739=ADVANCED_FACE('',(#5248),#5473,.F.);
#5740=ADVANCED_FACE('',(#5249),#5474,.F.);
#5741=ADVANCED_FACE('',(#5250),#5475,.F.);
#5742=ADVANCED_FACE('',(#5251),#5476,.F.);
#5743=ADVANCED_FACE('',(#5252),#5477,.F.);
#5744=ADVANCED_FACE('',(#5253),#5478,.F.);
#5745=ADVANCED_FACE('',(#5254),#5479,.F.);
#5746=ADVANCED_FACE('',(#5255),#5480,.F.);
#5747=ADVANCED_FACE('',(#5256),#5481,.F.);
#5748=ADVANCED_FACE('',(#5257),#5482,.F.);
#5749=ADVANCED_FACE('',(#5258),#5483,.F.);
#5750=ADVANCED_FACE('',(#5259),#5484,.F.);
#5751=ADVANCED_FACE('',(#5260),#5485,.F.);
#5752=ADVANCED_FACE('',(#5261),#5486,.F.);
#5753=ADVANCED_FACE('',(#5262),#5487,.F.);
#5754=ADVANCED_FACE('',(#5263),#5488,.F.);
#5755=ADVANCED_FACE('',(#5264),#5489,.F.);
#5756=ADVANCED_FACE('',(#5265),#5490,.F.);
#5757=ADVANCED_FACE('',(#5266),#5491,.F.);
#5758=ADVANCED_FACE('',(#5267),#5492,.F.);
#5759=ADVANCED_FACE('',(#5268),#5493,.F.);
#5760=ADVANCED_FACE('',(#5269),#5494,.F.);
#5761=ADVANCED_FACE('',(#5270),#5495,.F.);
#5762=ADVANCED_FACE('',(#5271),#5496,.F.);
#5763=ADVANCED_FACE('',(#5272),#5497,.F.);
#5764=ADVANCED_FACE('',(#5273),#5498,.F.);
#5765=ADVANCED_FACE('',(#5274),#5499,.F.);
#5766=ADVANCED_FACE('',(#5275),#5500,.F.);
#5767=ADVANCED_FACE('',(#5276),#5501,.F.);
#5768=ADVANCED_FACE('',(#5277),#5502,.F.);
#5769=ADVANCED_FACE('',(#5278),#5503,.F.);
#5770=ADVANCED_FACE('',(#5279),#5504,.F.);
#5771=ADVANCED_FACE('',(#5280),#5505,.F.);
#5772=ADVANCED_FACE('',(#5281),#5506,.F.);
#5773=ADVANCED_FACE('',(#5282),#5507,.F.);
#5774=ADVANCED_FACE('',(#5283),#5508,.F.);
#5775=ADVANCED_FACE('',(#5284),#5509,.F.);
#5776=ADVANCED_FACE('',(#5285),#5510,.F.);
#5777=ADVANCED_FACE('',(#5286),#5511,.F.);
#5778=ADVANCED_FACE('',(#5287),#5512,.F.);
#5779=ADVANCED_FACE('',(#5288),#5513,.F.);
#5780=ADVANCED_FACE('',(#5289),#5514,.F.);
#5781=ADVANCED_FACE('',(#5290),#5515,.F.);
#5782=ADVANCED_FACE('',(#5291),#5516,.F.);
#5783=ADVANCED_FACE('',(#5292),#5517,.F.);
#5784=ADVANCED_FACE('',(#5293),#5518,.F.);
#5785=ADVANCED_FACE('',(#5294),#5519,.F.);
#5786=ADVANCED_FACE('',(#5295),#5520,.F.);
#5787=ADVANCED_FACE('',(#5296),#5521,.F.);
#5788=ADVANCED_FACE('',(#5297),#5522,.F.);
#5789=ADVANCED_FACE('',(#5298),#5523,.F.);
#5790=ADVANCED_FACE('',(#5299),#5524,.F.);
#5791=ADVANCED_FACE('',(#5300),#5525,.F.);
#5792=ADVANCED_FACE('',(#5301),#5526,.F.);
#5793=ADVANCED_FACE('',(#5302),#5527,.F.);
#5794=ADVANCED_FACE('',(#5303),#5528,.F.);
#5795=ADVANCED_FACE('',(#5304),#5529,.F.);
#5796=ADVANCED_FACE('',(#5305),#5530,.F.);
#5797=ADVANCED_FACE('',(#5306),#5531,.F.);
#5798=ADVANCED_FACE('',(#5307),#5532,.F.);
#5799=ADVANCED_FACE('',(#5308),#5533,.F.);
#5800=ADVANCED_FACE('',(#5309),#5534,.F.);
#5801=ADVANCED_FACE('',(#5310),#5535,.F.);
#5802=ADVANCED_FACE('',(#5311),#5536,.F.);
#5803=ADVANCED_FACE('',(#5312),#5537,.F.);
#5804=ADVANCED_FACE('',(#5313),#5538,.F.);
#5805=ADVANCED_FACE('',(#5314),#5539,.F.);
#5806=ADVANCED_FACE('',(#5315),#5540,.F.);
#5807=ADVANCED_FACE('',(#5316),#5541,.F.);
#5808=ADVANCED_FACE('',(#5317),#5542,.F.);
#5809=ADVANCED_FACE('',(#5318),#5543,.F.);
#5810=ADVANCED_FACE('',(#5319),#5544,.F.);
#5811=ADVANCED_FACE('',(#5320),#5545,.F.);
#5812=ADVANCED_FACE('',(#5321),#5546,.F.);
#5813=ADVANCED_FACE('',(#5322),#5547,.F.);
#5814=ADVANCED_FACE('',(#5323),#5548,.F.);
#5815=ADVANCED_FACE('',(#5324),#5549,.F.);
#5816=ADVANCED_FACE('',(#5325),#5550,.F.);
#5817=ADVANCED_FACE('',(#5326),#5551,.F.);
#5818=ADVANCED_FACE('',(#5327),#5552,.F.);
#5819=ADVANCED_FACE('',(#5328),#5553,.F.);
#5820=ADVANCED_FACE('',(#5329),#5554,.F.);
#5821=ADVANCED_FACE('',(#5330),#5555,.F.);
#5822=ADVANCED_FACE('',(#5331),#5556,.F.);
#5823=ADVANCED_FACE('',(#5332),#5557,.F.);
#5824=ADVANCED_FACE('',(#5333),#5558,.F.);
#5825=ADVANCED_FACE('',(#5334),#5559,.F.);
#5826=ADVANCED_FACE('',(#5335),#5560,.F.);
#5827=ADVANCED_FACE('',(#5336),#5561,.F.);
#5828=ADVANCED_FACE('',(#5337),#5562,.F.);
#5829=ADVANCED_FACE('',(#5338),#5563,.F.);
#5830=ADVANCED_FACE('',(#5339),#5564,.F.);
#5831=ADVANCED_FACE('',(#5340),#5565,.F.);
#5832=ADVANCED_FACE('',(#5341),#5566,.T.);
#5833=ADVANCED_FACE('',(#5342),#5567,.F.);
#5834=ADVANCED_FACE('',(#5343),#5568,.T.);
#5835=ADVANCED_FACE('',(#5344),#76,.F.);
#5836=ADVANCED_FACE('',(#5345),#77,.F.);
#5837=ADVANCED_FACE('',(#5346),#78,.F.);
#5838=CLOSED_SHELL('',(#5569,#5570,#5571,#5572,#5573,#5574,#5575,#5576,
#5577,#5578,#5579,#5580,#5581,#5582,#5583,#5584,#5585,#5586,#5587,#5588,
#5589,#5590,#5591,#5592,#5593,#5594,#5595,#5596,#5597,#5598,#5599,#5600,
#5601,#5602,#5603,#5604,#5605,#5606,#5607,#5608,#5609,#5610,#5611,#5612,
#5613,#5614,#5615,#5616,#5617,#5618,#5619,#5620,#5621,#5622,#5623,#5624,
#5625,#5626,#5627,#5628,#5629,#5630,#5631,#5632,#5633,#5634,#5635,#5636,
#5637,#5638,#5639,#5640,#5641,#5642,#5643,#5644,#5645,#5646,#5647,#5648,
#5649,#5650,#5651,#5652,#5653,#5654,#5655,#5656,#5657,#5658,#5659,#5660,
#5661,#5662,#5663,#5664,#5665,#5666,#5667,#5668,#5669,#5670,#5671,#5672,
#5673,#5674,#5675,#5676,#5677,#5678,#5679,#5680,#5681,#5682,#5683,#5684,
#5685,#5686,#5687,#5688,#5689,#5690,#5691,#5692,#5693,#5694,#5695,#5696,
#5697,#5698,#5699,#5700,#5701,#5702,#5703,#5704,#5705,#5706,#5707,#5708,
#5709,#5710,#5711,#5712,#5713,#5714,#5715,#5716,#5717,#5718,#5719,#5720,
#5721,#5722,#5723,#5724,#5725,#5726,#5727,#5728,#5729,#5730,#5731,#5732,
#5733,#5734,#5735,#5736,#5737,#5738,#5739,#5740,#5741,#5742,#5743,#5744,
#5745,#5746,#5747,#5748,#5749,#5750,#5751,#5752,#5753,#5754,#5755,#5756,
#5757,#5758,#5759,#5760,#5761,#5762,#5763,#5764,#5765,#5766,#5767,#5768,
#5769,#5770,#5771,#5772,#5773,#5774,#5775,#5776,#5777,#5778,#5779,#5780,
#5781,#5782,#5783,#5784,#5785,#5786,#5787,#5788,#5789,#5790,#5791,#5792,
#5793,#5794,#5795,#5796,#5797,#5798,#5799,#5800,#5801,#5802,#5803,#5804,
#5805,#5806,#5807,#5808,#5809,#5810,#5811,#5812,#5813,#5814,#5815,#5816,
#5817,#5818,#5819,#5820,#5821,#5822,#5823,#5824,#5825,#5826,#5827,#5828,
#5829,#5830,#5831,#5832,#5833,#5834,#5835,#5836,#5837));
#5839=STYLED_ITEM('',(#5840),#5847);
#5840=PRESENTATION_STYLE_ASSIGNMENT((#5841));
#5841=SURFACE_STYLE_USAGE(.BOTH.,#5842);
#5842=SURFACE_SIDE_STYLE('',(#5843));
#5843=SURFACE_STYLE_FILL_AREA(#5844);
#5844=FILL_AREA_STYLE('',(#5845));
#5845=FILL_AREA_STYLE_COLOUR('',#5846);
#5846=COLOUR_RGB('',0.615686274509804,0.811764705882353,0.929411764705882);
#5847=MANIFOLD_SOLID_BREP('Part 1',#5838);
#5848=SHAPE_DEFINITION_REPRESENTATION(#9392,#5849);
#5849=SHAPE_REPRESENTATION('Part 1',(#5850),#9387);
#5850=AXIS2_PLACEMENT_3D('',#7730,#6238,#6239);
#5851=AXIS2_PLACEMENT_3D('',#7731,#6240,#6241);
#5852=AXIS2_PLACEMENT_3D('',#7735,#6243,#6244);
#5853=AXIS2_PLACEMENT_3D('',#7739,#6246,#6247);
#5854=AXIS2_PLACEMENT_3D('',#7743,#6249,#6250);
#5855=AXIS2_PLACEMENT_3D('',#7930,#6345,#6346);
#5856=AXIS2_PLACEMENT_3D('',#8115,#6439,#6440);
#5857=AXIS2_PLACEMENT_3D('',#8116,#6441,#6442);
#5858=AXIS2_PLACEMENT_3D('',#8120,#6444,#6445);
#5859=AXIS2_PLACEMENT_3D('',#8121,#6446,#6447);
#5860=AXIS2_PLACEMENT_3D('',#8125,#6449,#6450);
#5861=AXIS2_PLACEMENT_3D('',#8126,#6451,#6452);
#5862=AXIS2_PLACEMENT_3D('',#8128,#6453,#6454);
#5863=AXIS2_PLACEMENT_3D('',#8129,#6455,#6456);
#5864=AXIS2_PLACEMENT_3D('',#8133,#6458,#6459);
#5865=AXIS2_PLACEMENT_3D('',#8137,#6461,#6462);
#5866=AXIS2_PLACEMENT_3D('',#8139,#6463,#6464);
#5867=AXIS2_PLACEMENT_3D('',#8143,#6466,#6467);
#5868=AXIS2_PLACEMENT_3D('',#8147,#6469,#6470);
#5869=AXIS2_PLACEMENT_3D('',#8151,#6472,#6473);
#5870=AXIS2_PLACEMENT_3D('',#8152,#6474,#6475);
#5871=AXIS2_PLACEMENT_3D('',#8331,#6566,#6567);
#5872=AXIS2_PLACEMENT_3D('',#8499,#6653,#6654);
#5873=AXIS2_PLACEMENT_3D('',#8503,#6656,#6657);
#5874=AXIS2_PLACEMENT_3D('',#8507,#6659,#6660);
#5875=AXIS2_PLACEMENT_3D('',#8511,#6662,#6663);
#5876=AXIS2_PLACEMENT_3D('',#8515,#6665,#6666);
#5877=AXIS2_PLACEMENT_3D('',#8519,#6668,#6669);
#5878=AXIS2_PLACEMENT_3D('',#8523,#6671,#6672);
#5879=AXIS2_PLACEMENT_3D('',#8527,#6674,#6675);
#5880=AXIS2_PLACEMENT_3D('',#8531,#6677,#6678);
#5881=AXIS2_PLACEMENT_3D('',#8535,#6680,#6681);
#5882=AXIS2_PLACEMENT_3D('',#8539,#6683,#6684);
#5883=AXIS2_PLACEMENT_3D('',#8543,#6686,#6687);
#5884=AXIS2_PLACEMENT_3D('',#8547,#6689,#6690);
#5885=AXIS2_PLACEMENT_3D('',#8559,#6696,#6697);
#5886=AXIS2_PLACEMENT_3D('',#8563,#6699,#6700);
#5887=AXIS2_PLACEMENT_3D('',#8567,#6702,#6703);
#5888=AXIS2_PLACEMENT_3D('',#8571,#6705,#6706);
#5889=AXIS2_PLACEMENT_3D('',#8575,#6708,#6709);
#5890=AXIS2_PLACEMENT_3D('',#8579,#6711,#6712);
#5891=AXIS2_PLACEMENT_3D('',#8580,#6713,#6714);
#5892=AXIS2_PLACEMENT_3D('',#8584,#6716,#6717);
#5893=AXIS2_PLACEMENT_3D('',#8588,#6719,#6720);
#5894=AXIS2_PLACEMENT_3D('',#8592,#6722,#6723);
#5895=AXIS2_PLACEMENT_3D('',#8596,#6725,#6726);
#5896=AXIS2_PLACEMENT_3D('',#8600,#6728,#6729);
#5897=AXIS2_PLACEMENT_3D('',#8604,#6731,#6732);
#5898=AXIS2_PLACEMENT_3D('',#8616,#6738,#6739);
#5899=AXIS2_PLACEMENT_3D('',#8620,#6741,#6742);
#5900=AXIS2_PLACEMENT_3D('',#8624,#6744,#6745);
#5901=AXIS2_PLACEMENT_3D('',#8628,#6747,#6748);
#5902=AXIS2_PLACEMENT_3D('',#8632,#6750,#6751);
#5903=AXIS2_PLACEMENT_3D('',#8636,#6753,#6754);
#5904=AXIS2_PLACEMENT_3D('',#8640,#6756,#6757);
#5905=AXIS2_PLACEMENT_3D('',#8644,#6759,#6760);
#5906=AXIS2_PLACEMENT_3D('',#8648,#6762,#6763);
#5907=AXIS2_PLACEMENT_3D('',#8652,#6765,#6766);
#5908=AXIS2_PLACEMENT_3D('',#8656,#6768,#6769);
#5909=AXIS2_PLACEMENT_3D('',#8660,#6771,#6772);
#5910=AXIS2_PLACEMENT_3D('',#8661,#6773,#6774);
#5911=AXIS2_PLACEMENT_3D('',#8665,#6776,#6777);
#5912=AXIS2_PLACEMENT_3D('',#8669,#6779,#6780);
#5913=AXIS2_PLACEMENT_3D('',#8673,#6782,#6783);
#5914=AXIS2_PLACEMENT_3D('',#8677,#6785,#6786);
#5915=AXIS2_PLACEMENT_3D('',#8681,#6788,#6789);
#5916=AXIS2_PLACEMENT_3D('',#8685,#6791,#6792);
#5917=AXIS2_PLACEMENT_3D('',#8697,#6798,#6799);
#5918=AXIS2_PLACEMENT_3D('',#8701,#6801,#6802);
#5919=AXIS2_PLACEMENT_3D('',#8705,#6804,#6805);
#5920=AXIS2_PLACEMENT_3D('',#8709,#6807,#6808);
#5921=AXIS2_PLACEMENT_3D('',#8713,#6810,#6811);
#5922=AXIS2_PLACEMENT_3D('',#8717,#6813,#6814);
#5923=AXIS2_PLACEMENT_3D('',#8721,#6816,#6817);
#5924=AXIS2_PLACEMENT_3D('',#8725,#6819,#6820);
#5925=AXIS2_PLACEMENT_3D('',#8729,#6822,#6823);
#5926=AXIS2_PLACEMENT_3D('',#8733,#6825,#6826);
#5927=AXIS2_PLACEMENT_3D('',#8737,#6828,#6829);
#5928=AXIS2_PLACEMENT_3D('',#8741,#6831,#6832);
#5929=AXIS2_PLACEMENT_3D('',#8742,#6833,#6834);
#5930=AXIS2_PLACEMENT_3D('',#8746,#6836,#6837);
#5931=AXIS2_PLACEMENT_3D('',#8750,#6839,#6840);
#5932=AXIS2_PLACEMENT_3D('',#8754,#6842,#6843);
#5933=AXIS2_PLACEMENT_3D('',#8758,#6845,#6846);
#5934=AXIS2_PLACEMENT_3D('',#8762,#6848,#6849);
#5935=AXIS2_PLACEMENT_3D('',#8766,#6851,#6852);
#5936=AXIS2_PLACEMENT_3D('',#8770,#6854,#6855);
#5937=AXIS2_PLACEMENT_3D('',#8774,#6857,#6858);
#5938=AXIS2_PLACEMENT_3D('',#8778,#6860,#6861);
#5939=AXIS2_PLACEMENT_3D('',#8782,#6863,#6864);
#5940=AXIS2_PLACEMENT_3D('',#8786,#6866,#6867);
#5941=AXIS2_PLACEMENT_3D('',#8790,#6869,#6870);
#5942=AXIS2_PLACEMENT_3D('',#8796,#6874,#6875);
#5943=AXIS2_PLACEMENT_3D('',#8800,#6877,#6878);
#5944=AXIS2_PLACEMENT_3D('',#8804,#6880,#6881);
#5945=AXIS2_PLACEMENT_3D('',#8808,#6883,#6884);
#5946=AXIS2_PLACEMENT_3D('',#8812,#6886,#6887);
#5947=AXIS2_PLACEMENT_3D('',#8816,#6889,#6890);
#5948=AXIS2_PLACEMENT_3D('',#8817,#6891,#6892);
#5949=AXIS2_PLACEMENT_3D('',#8819,#6894,#6895);
#5950=AXIS2_PLACEMENT_3D('',#8820,#6896,#6897);
#5951=AXIS2_PLACEMENT_3D('',#8822,#6899,#6900);
#5952=AXIS2_PLACEMENT_3D('',#8823,#6901,#6902);
#5953=AXIS2_PLACEMENT_3D('',#8824,#6903,#6904);
#5954=AXIS2_PLACEMENT_3D('',#8825,#6905,#6906);
#5955=AXIS2_PLACEMENT_3D('',#8826,#6907,#6908);
#5956=AXIS2_PLACEMENT_3D('',#8827,#6909,#6910);
#5957=AXIS2_PLACEMENT_3D('',#8830,#6911,#6912);
#5958=AXIS2_PLACEMENT_3D('',#8831,#6913,#6914);
#5959=AXIS2_PLACEMENT_3D('',#8833,#6915,#6916);
#5960=AXIS2_PLACEMENT_3D('',#8834,#6917,#6918);
#5961=AXIS2_PLACEMENT_3D('',#8835,#6919,#6920);
#5962=AXIS2_PLACEMENT_3D('',#8839,#6922,#6923);
#5963=AXIS2_PLACEMENT_3D('',#8840,#6924,#6925);
#5964=AXIS2_PLACEMENT_3D('',#8842,#6926,#6927);
#5965=AXIS2_PLACEMENT_3D('',#8845,#6929,#6930);
#5966=AXIS2_PLACEMENT_3D('',#8846,#6931,#6932);
#5967=AXIS2_PLACEMENT_3D('',#8848,#6933,#6934);
#5968=AXIS2_PLACEMENT_3D('',#8852,#6936,#6937);
#5969=AXIS2_PLACEMENT_3D('',#8854,#6938,#6939);
#5970=AXIS2_PLACEMENT_3D('',#8855,#6940,#6941);
#5971=AXIS2_PLACEMENT_3D('',#8859,#6943,#6944);
#5972=AXIS2_PLACEMENT_3D('',#8860,#6945,#6946);
#5973=AXIS2_PLACEMENT_3D('',#8861,#6947,#6948);
#5974=AXIS2_PLACEMENT_3D('',#8863,#6949,#6950);
#5975=AXIS2_PLACEMENT_3D('',#8864,#6951,#6952);
#5976=AXIS2_PLACEMENT_3D('',#8865,#6953,#6954);
#5977=AXIS2_PLACEMENT_3D('',#8866,#6955,#6956);
#5978=AXIS2_PLACEMENT_3D('',#8867,#6957,#6958);
#5979=AXIS2_PLACEMENT_3D('',#8868,#6959,#6960);
#5980=AXIS2_PLACEMENT_3D('',#8869,#6961,#6962);
#5981=AXIS2_PLACEMENT_3D('',#8870,#6963,#6964);
#5982=AXIS2_PLACEMENT_3D('',#8872,#6966,#6967);
#5983=AXIS2_PLACEMENT_3D('',#8874,#6969,#6970);
#5984=AXIS2_PLACEMENT_3D('',#8875,#6971,#6972);
#5985=AXIS2_PLACEMENT_3D('',#8876,#6973,#6974);
#5986=AXIS2_PLACEMENT_3D('',#8878,#6976,#6977);
#5987=AXIS2_PLACEMENT_3D('',#8880,#6979,#6980);
#5988=AXIS2_PLACEMENT_3D('',#8881,#6981,#6982);
#5989=AXIS2_PLACEMENT_3D('',#8884,#6985,#6986);
#5990=AXIS2_PLACEMENT_3D('',#8887,#6989,#6990);
#5991=AXIS2_PLACEMENT_3D('',#8890,#6993,#6994);
#5992=AXIS2_PLACEMENT_3D('',#8893,#6997,#6998);
#5993=AXIS2_PLACEMENT_3D('',#8896,#7001,#7002);
#5994=AXIS2_PLACEMENT_3D('',#8899,#7005,#7006);
#5995=AXIS2_PLACEMENT_3D('',#8902,#7009,#7010);
#5996=AXIS2_PLACEMENT_3D('',#8905,#7013,#7014);
#5997=AXIS2_PLACEMENT_3D('',#8908,#7017,#7018);
#5998=AXIS2_PLACEMENT_3D('',#8911,#7021,#7022);
#5999=AXIS2_PLACEMENT_3D('',#8914,#7025,#7026);
#6000=AXIS2_PLACEMENT_3D('',#8917,#7029,#7030);
#6001=AXIS2_PLACEMENT_3D('',#8918,#7031,#7032);
#6002=AXIS2_PLACEMENT_3D('',#8919,#7033,#7034);
#6003=AXIS2_PLACEMENT_3D('',#8920,#7035,#7036);
#6004=AXIS2_PLACEMENT_3D('',#8921,#7037,#7038);
#6005=AXIS2_PLACEMENT_3D('',#8922,#7039,#7040);
#6006=AXIS2_PLACEMENT_3D('',#8923,#7041,#7042);
#6007=AXIS2_PLACEMENT_3D('',#8924,#7043,#7044);
#6008=AXIS2_PLACEMENT_3D('',#8925,#7045,#7046);
#6009=AXIS2_PLACEMENT_3D('',#8926,#7047,#7048);
#6010=AXIS2_PLACEMENT_3D('',#8927,#7049,#7050);
#6011=AXIS2_PLACEMENT_3D('',#8928,#7051,#7052);
#6012=AXIS2_PLACEMENT_3D('',#8929,#7053,#7054);
#6013=AXIS2_PLACEMENT_3D('',#8932,#7057,#7058);
#6014=AXIS2_PLACEMENT_3D('',#8935,#7061,#7062);
#6015=AXIS2_PLACEMENT_3D('',#8938,#7065,#7066);
#6016=AXIS2_PLACEMENT_3D('',#8941,#7069,#7070);
#6017=AXIS2_PLACEMENT_3D('',#8944,#7073,#7074);
#6018=AXIS2_PLACEMENT_3D('',#8947,#7077,#7078);
#6019=AXIS2_PLACEMENT_3D('',#8950,#7081,#7082);
#6020=AXIS2_PLACEMENT_3D('',#8953,#7085,#7086);
#6021=AXIS2_PLACEMENT_3D('',#8956,#7089,#7090);
#6022=AXIS2_PLACEMENT_3D('',#8959,#7093,#7094);
#6023=AXIS2_PLACEMENT_3D('',#8962,#7097,#7098);
#6024=AXIS2_PLACEMENT_3D('',#8965,#7101,#7102);
#6025=AXIS2_PLACEMENT_3D('',#8966,#7103,#7104);
#6026=AXIS2_PLACEMENT_3D('',#8967,#7105,#7106);
#6027=AXIS2_PLACEMENT_3D('',#8968,#7107,#7108);
#6028=AXIS2_PLACEMENT_3D('',#8969,#7109,#7110);
#6029=AXIS2_PLACEMENT_3D('',#8970,#7111,#7112);
#6030=AXIS2_PLACEMENT_3D('',#8971,#7113,#7114);
#6031=AXIS2_PLACEMENT_3D('',#8972,#7115,#7116);
#6032=AXIS2_PLACEMENT_3D('',#8973,#7117,#7118);
#6033=AXIS2_PLACEMENT_3D('',#8974,#7119,#7120);
#6034=AXIS2_PLACEMENT_3D('',#8975,#7121,#7122);
#6035=AXIS2_PLACEMENT_3D('',#8976,#7123,#7124);
#6036=AXIS2_PLACEMENT_3D('',#8977,#7125,#7126);
#6037=AXIS2_PLACEMENT_3D('',#8980,#7129,#7130);
#6038=AXIS2_PLACEMENT_3D('',#8983,#7133,#7134);
#6039=AXIS2_PLACEMENT_3D('',#8986,#7137,#7138);
#6040=AXIS2_PLACEMENT_3D('',#8989,#7141,#7142);
#6041=AXIS2_PLACEMENT_3D('',#8992,#7145,#7146);
#6042=AXIS2_PLACEMENT_3D('',#8995,#7149,#7150);
#6043=AXIS2_PLACEMENT_3D('',#8998,#7153,#7154);
#6044=AXIS2_PLACEMENT_3D('',#9001,#7157,#7158);
#6045=AXIS2_PLACEMENT_3D('',#9004,#7161,#7162);
#6046=AXIS2_PLACEMENT_3D('',#9007,#7165,#7166);
#6047=AXIS2_PLACEMENT_3D('',#9010,#7169,#7170);
#6048=AXIS2_PLACEMENT_3D('',#9013,#7173,#7174);
#6049=AXIS2_PLACEMENT_3D('',#9014,#7175,#7176);
#6050=AXIS2_PLACEMENT_3D('',#9015,#7177,#7178);
#6051=AXIS2_PLACEMENT_3D('',#9016,#7179,#7180);
#6052=AXIS2_PLACEMENT_3D('',#9017,#7181,#7182);
#6053=AXIS2_PLACEMENT_3D('',#9018,#7183,#7184);
#6054=AXIS2_PLACEMENT_3D('',#9019,#7185,#7186);
#6055=AXIS2_PLACEMENT_3D('',#9020,#7187,#7188);
#6056=AXIS2_PLACEMENT_3D('',#9021,#7189,#7190);
#6057=AXIS2_PLACEMENT_3D('',#9022,#7191,#7192);
#6058=AXIS2_PLACEMENT_3D('',#9023,#7193,#7194);
#6059=AXIS2_PLACEMENT_3D('',#9024,#7195,#7196);
#6060=AXIS2_PLACEMENT_3D('',#9025,#7197,#7198);
#6061=AXIS2_PLACEMENT_3D('',#9028,#7201,#7202);
#6062=AXIS2_PLACEMENT_3D('',#9030,#7204,#7205);
#6063=AXIS2_PLACEMENT_3D('',#9032,#7207,#7208);
#6064=AXIS2_PLACEMENT_3D('',#9033,#7209,#7210);
#6065=AXIS2_PLACEMENT_3D('',#9036,#7213,#7214);
#6066=AXIS2_PLACEMENT_3D('',#9038,#7216,#7217);
#6067=AXIS2_PLACEMENT_3D('',#9040,#7219,#7220);
#6068=AXIS2_PLACEMENT_3D('',#9041,#7221,#7222);
#6069=AXIS2_PLACEMENT_3D('',#9044,#7225,#7226);
#6070=AXIS2_PLACEMENT_3D('',#9046,#7228,#7229);
#6071=AXIS2_PLACEMENT_3D('',#9048,#7231,#7232);
#6072=AXIS2_PLACEMENT_3D('',#9049,#7233,#7234);
#6073=AXIS2_PLACEMENT_3D('',#9052,#7237,#7238);
#6074=AXIS2_PLACEMENT_3D('',#9054,#7240,#7241);
#6075=AXIS2_PLACEMENT_3D('',#9056,#7243,#7244);
#6076=AXIS2_PLACEMENT_3D('',#9057,#7245,#7246);
#6077=AXIS2_PLACEMENT_3D('',#9060,#7249,#7250);
#6078=AXIS2_PLACEMENT_3D('',#9062,#7252,#7253);
#6079=AXIS2_PLACEMENT_3D('',#9064,#7255,#7256);
#6080=AXIS2_PLACEMENT_3D('',#9065,#7257,#7258);
#6081=AXIS2_PLACEMENT_3D('',#9068,#7261,#7262);
#6082=AXIS2_PLACEMENT_3D('',#9070,#7264,#7265);
#6083=AXIS2_PLACEMENT_3D('',#9072,#7267,#7268);
#6084=AXIS2_PLACEMENT_3D('',#9073,#7269,#7270);
#6085=AXIS2_PLACEMENT_3D('',#9076,#7273,#7274);
#6086=AXIS2_PLACEMENT_3D('',#9078,#7276,#7277);
#6087=AXIS2_PLACEMENT_3D('',#9080,#7279,#7280);
#6088=AXIS2_PLACEMENT_3D('',#9081,#7281,#7282);
#6089=AXIS2_PLACEMENT_3D('',#9084,#7285,#7286);
#6090=AXIS2_PLACEMENT_3D('',#9086,#7288,#7289);
#6091=AXIS2_PLACEMENT_3D('',#9088,#7291,#7292);
#6092=AXIS2_PLACEMENT_3D('',#9089,#7293,#7294);
#6093=AXIS2_PLACEMENT_3D('',#9092,#7297,#7298);
#6094=AXIS2_PLACEMENT_3D('',#9094,#7300,#7301);
#6095=AXIS2_PLACEMENT_3D('',#9096,#7303,#7304);
#6096=AXIS2_PLACEMENT_3D('',#9097,#7305,#7306);
#6097=AXIS2_PLACEMENT_3D('',#9100,#7309,#7310);
#6098=AXIS2_PLACEMENT_3D('',#9102,#7312,#7313);
#6099=AXIS2_PLACEMENT_3D('',#9104,#7315,#7316);
#6100=AXIS2_PLACEMENT_3D('',#9105,#7317,#7318);
#6101=AXIS2_PLACEMENT_3D('',#9108,#7321,#7322);
#6102=AXIS2_PLACEMENT_3D('',#9110,#7324,#7325);
#6103=AXIS2_PLACEMENT_3D('',#9112,#7327,#7328);
#6104=AXIS2_PLACEMENT_3D('',#9113,#7329,#7330);
#6105=AXIS2_PLACEMENT_3D('',#9116,#7333,#7334);
#6106=AXIS2_PLACEMENT_3D('',#9118,#7336,#7337);
#6107=AXIS2_PLACEMENT_3D('',#9120,#7339,#7340);
#6108=AXIS2_PLACEMENT_3D('',#9121,#7341,#7342);
#6109=AXIS2_PLACEMENT_3D('',#9124,#7345,#7346);
#6110=AXIS2_PLACEMENT_3D('',#9126,#7348,#7349);
#6111=AXIS2_PLACEMENT_3D('',#9128,#7351,#7352);
#6112=AXIS2_PLACEMENT_3D('',#9130,#7354,#7355);
#6113=AXIS2_PLACEMENT_3D('',#9132,#7357,#7358);
#6114=AXIS2_PLACEMENT_3D('',#9133,#7359,#7360);
#6115=AXIS2_PLACEMENT_3D('',#9136,#7363,#7364);
#6116=AXIS2_PLACEMENT_3D('',#9138,#7366,#7367);
#6117=AXIS2_PLACEMENT_3D('',#9140,#7369,#7370);
#6118=AXIS2_PLACEMENT_3D('',#9142,#7372,#7373);
#6119=AXIS2_PLACEMENT_3D('',#9144,#7375,#7376);
#6120=AXIS2_PLACEMENT_3D('',#9145,#7377,#7378);
#6121=AXIS2_PLACEMENT_3D('',#9148,#7381,#7382);
#6122=AXIS2_PLACEMENT_3D('',#9150,#7384,#7385);
#6123=AXIS2_PLACEMENT_3D('',#9152,#7387,#7388);
#6124=AXIS2_PLACEMENT_3D('',#9154,#7390,#7391);
#6125=AXIS2_PLACEMENT_3D('',#9156,#7393,#7394);
#6126=AXIS2_PLACEMENT_3D('',#9157,#7395,#7396);
#6127=AXIS2_PLACEMENT_3D('',#9160,#7399,#7400);
#6128=AXIS2_PLACEMENT_3D('',#9162,#7402,#7403);
#6129=AXIS2_PLACEMENT_3D('',#9164,#7405,#7406);
#6130=AXIS2_PLACEMENT_3D('',#9166,#7408,#7409);
#6131=AXIS2_PLACEMENT_3D('',#9168,#7411,#7412);
#6132=AXIS2_PLACEMENT_3D('',#9169,#7413,#7414);
#6133=AXIS2_PLACEMENT_3D('',#9172,#7417,#7418);
#6134=AXIS2_PLACEMENT_3D('',#9174,#7420,#7421);
#6135=AXIS2_PLACEMENT_3D('',#9176,#7423,#7424);
#6136=AXIS2_PLACEMENT_3D('',#9178,#7426,#7427);
#6137=AXIS2_PLACEMENT_3D('',#9180,#7429,#7430);
#6138=AXIS2_PLACEMENT_3D('',#9181,#7431,#7432);
#6139=AXIS2_PLACEMENT_3D('',#9184,#7435,#7436);
#6140=AXIS2_PLACEMENT_3D('',#9187,#7439,#7440);
#6141=AXIS2_PLACEMENT_3D('',#9189,#7442,#7443);
#6142=AXIS2_PLACEMENT_3D('',#9191,#7445,#7446);
#6143=AXIS2_PLACEMENT_3D('',#9192,#7447,#7448);
#6144=AXIS2_PLACEMENT_3D('',#9193,#7449,#7450);
#6145=AXIS2_PLACEMENT_3D('',#9196,#7453,#7454);
#6146=AXIS2_PLACEMENT_3D('',#9198,#7456,#7457);
#6147=AXIS2_PLACEMENT_3D('',#9200,#7459,#7460);
#6148=AXIS2_PLACEMENT_3D('',#9202,#7462,#7463);
#6149=AXIS2_PLACEMENT_3D('',#9204,#7465,#7466);
#6150=AXIS2_PLACEMENT_3D('',#9205,#7467,#7468);
#6151=AXIS2_PLACEMENT_3D('',#9208,#7471,#7472);
#6152=AXIS2_PLACEMENT_3D('',#9210,#7474,#7475);
#6153=AXIS2_PLACEMENT_3D('',#9212,#7477,#7478);
#6154=AXIS2_PLACEMENT_3D('',#9214,#7480,#7481);
#6155=AXIS2_PLACEMENT_3D('',#9216,#7483,#7484);
#6156=AXIS2_PLACEMENT_3D('',#9217,#7485,#7486);
#6157=AXIS2_PLACEMENT_3D('',#9220,#7489,#7490);
#6158=AXIS2_PLACEMENT_3D('',#9222,#7492,#7493);
#6159=AXIS2_PLACEMENT_3D('',#9224,#7495,#7496);
#6160=AXIS2_PLACEMENT_3D('',#9226,#7498,#7499);
#6161=AXIS2_PLACEMENT_3D('',#9228,#7501,#7502);
#6162=AXIS2_PLACEMENT_3D('',#9229,#7503,#7504);
#6163=AXIS2_PLACEMENT_3D('',#9232,#7507,#7508);
#6164=AXIS2_PLACEMENT_3D('',#9235,#7511,#7512);
#6165=AXIS2_PLACEMENT_3D('',#9237,#7514,#7515);
#6166=AXIS2_PLACEMENT_3D('',#9239,#7517,#7518);
#6167=AXIS2_PLACEMENT_3D('',#9240,#7519,#7520);
#6168=AXIS2_PLACEMENT_3D('',#9241,#7521,#7522);
#6169=AXIS2_PLACEMENT_3D('',#9244,#7525,#7526);
#6170=AXIS2_PLACEMENT_3D('',#9246,#7528,#7529);
#6171=AXIS2_PLACEMENT_3D('',#9248,#7531,#7532);
#6172=AXIS2_PLACEMENT_3D('',#9251,#7535,#7536);
#6173=AXIS2_PLACEMENT_3D('',#9252,#7537,#7538);
#6174=AXIS2_PLACEMENT_3D('',#9253,#7539,#7540);
#6175=AXIS2_PLACEMENT_3D('',#9256,#7543,#7544);
#6176=AXIS2_PLACEMENT_3D('',#9258,#7546,#7547);
#6177=AXIS2_PLACEMENT_3D('',#9260,#7549,#7550);
#6178=AXIS2_PLACEMENT_3D('',#9262,#7552,#7553);
#6179=AXIS2_PLACEMENT_3D('',#9264,#7555,#7556);
#6180=AXIS2_PLACEMENT_3D('',#9265,#7557,#7558);
#6181=AXIS2_PLACEMENT_3D('',#9268,#7561,#7562);
#6182=AXIS2_PLACEMENT_3D('',#9270,#7564,#7565);
#6183=AXIS2_PLACEMENT_3D('',#9272,#7567,#7568);
#6184=AXIS2_PLACEMENT_3D('',#9274,#7570,#7571);
#6185=AXIS2_PLACEMENT_3D('',#9276,#7573,#7574);
#6186=AXIS2_PLACEMENT_3D('',#9277,#7575,#7576);
#6187=AXIS2_PLACEMENT_3D('',#9280,#7579,#7580);
#6188=AXIS2_PLACEMENT_3D('',#9282,#7582,#7583);
#6189=AXIS2_PLACEMENT_3D('',#9284,#7585,#7586);
#6190=AXIS2_PLACEMENT_3D('',#9286,#7588,#7589);
#6191=AXIS2_PLACEMENT_3D('',#9288,#7591,#7592);
#6192=AXIS2_PLACEMENT_3D('',#9289,#7593,#7594);
#6193=AXIS2_PLACEMENT_3D('',#9292,#7597,#7598);
#6194=AXIS2_PLACEMENT_3D('',#9294,#7600,#7601);
#6195=AXIS2_PLACEMENT_3D('',#9296,#7603,#7604);
#6196=AXIS2_PLACEMENT_3D('',#9298,#7606,#7607);
#6197=AXIS2_PLACEMENT_3D('',#9300,#7609,#7610);
#6198=AXIS2_PLACEMENT_3D('',#9301,#7611,#7612);
#6199=AXIS2_PLACEMENT_3D('',#9304,#7615,#7616);
#6200=AXIS2_PLACEMENT_3D('',#9306,#7618,#7619);
#6201=AXIS2_PLACEMENT_3D('',#9308,#7621,#7622);
#6202=AXIS2_PLACEMENT_3D('',#9310,#7624,#7625);
#6203=AXIS2_PLACEMENT_3D('',#9312,#7627,#7628);
#6204=AXIS2_PLACEMENT_3D('',#9313,#7629,#7630);
#6205=AXIS2_PLACEMENT_3D('',#9316,#7633,#7634);
#6206=AXIS2_PLACEMENT_3D('',#9318,#7636,#7637);
#6207=AXIS2_PLACEMENT_3D('',#9320,#7639,#7640);
#6208=AXIS2_PLACEMENT_3D('',#9322,#7642,#7643);
#6209=AXIS2_PLACEMENT_3D('',#9324,#7645,#7646);
#6210=AXIS2_PLACEMENT_3D('',#9325,#7647,#7648);
#6211=AXIS2_PLACEMENT_3D('',#9328,#7651,#7652);
#6212=AXIS2_PLACEMENT_3D('',#9330,#7654,#7655);
#6213=AXIS2_PLACEMENT_3D('',#9332,#7657,#7658);
#6214=AXIS2_PLACEMENT_3D('',#9334,#7660,#7661);
#6215=AXIS2_PLACEMENT_3D('',#9336,#7663,#7664);
#6216=AXIS2_PLACEMENT_3D('',#9337,#7665,#7666);
#6217=AXIS2_PLACEMENT_3D('',#9340,#7669,#7670);
#6218=AXIS2_PLACEMENT_3D('',#9342,#7672,#7673);
#6219=AXIS2_PLACEMENT_3D('',#9344,#7675,#7676);
#6220=AXIS2_PLACEMENT_3D('',#9346,#7678,#7679);
#6221=AXIS2_PLACEMENT_3D('',#9348,#7681,#7682);
#6222=AXIS2_PLACEMENT_3D('',#9349,#7683,#7684);
#6223=AXIS2_PLACEMENT_3D('',#9352,#7687,#7688);
#6224=AXIS2_PLACEMENT_3D('',#9354,#7690,#7691);
#6225=AXIS2_PLACEMENT_3D('',#9356,#7693,#7694);
#6226=AXIS2_PLACEMENT_3D('',#9358,#7696,#7697);
#6227=AXIS2_PLACEMENT_3D('',#9360,#7699,#7700);
#6228=AXIS2_PLACEMENT_3D('',#9361,#7701,#7702);
#6229=AXIS2_PLACEMENT_3D('',#9367,#7706,#7707);
#6230=AXIS2_PLACEMENT_3D('',#9373,#7711,#7712);
#6231=AXIS2_PLACEMENT_3D('',#9379,#7716,#7717);
#6232=AXIS2_PLACEMENT_3D('',#9380,#7718,#7719);
#6233=AXIS2_PLACEMENT_3D('',#9381,#7720,#7721);
#6234=AXIS2_PLACEMENT_3D('',#9382,#7722,#7723);
#6235=AXIS2_PLACEMENT_3D('',#9383,#7724,#7725);
#6236=AXIS2_PLACEMENT_3D('',#9384,#7726,#7727);
#6237=AXIS2_PLACEMENT_3D('',#9385,#7728,#7729);
#6238=DIRECTION('',(0.,0.,1.));
#6239=DIRECTION('',(1.,0.,0.));
#6240=DIRECTION('',(0.,0.,1.));
#6241=DIRECTION('',(1.,0.,0.));
#6242=DIRECTION('',(1.,0.,0.));
#6243=DIRECTION('',(0.,0.,1.));
#6244=DIRECTION('',(1.,0.,0.));
#6245=DIRECTION('',(0.759256602365297,-0.650791373455969,0.));
#6246=DIRECTION('',(0.,0.,1.));
#6247=DIRECTION('',(1.,0.,0.));
#6248=DIRECTION('',(-0.759256602365297,-0.650791373455969,0.));
#6249=DIRECTION('',(0.,0.,1.));
#6250=DIRECTION('',(1.,0.,0.));
#6251=DIRECTION('',(0.948683298050514,-0.316227766016838,0.));
#6252=DIRECTION('',(1.,0.,0.));
#6253=DIRECTION('',(-0.948683298050514,0.316227766016838,0.));
#6254=DIRECTION('',(1.,0.,0.));
#6255=DIRECTION('',(0.948683298050514,0.316227766016838,0.));
#6256=DIRECTION('',(-1.,0.,0.));
#6257=DIRECTION('',(0.948683298050514,0.316227766016838,0.));
#6258=DIRECTION('',(-1.,2.47817639425258E-16,0.));
#6259=DIRECTION('',(0.948683298050514,0.316227766016838,0.));
#6260=DIRECTION('',(-1.,0.,0.));
#6261=DIRECTION('',(0.948683298050514,0.316227766016838,0.));
#6262=DIRECTION('',(-1.,1.23908819712629E-16,0.));
#6263=DIRECTION('',(1.,0.,0.));
#6264=DIRECTION('',(-0.948683298050514,0.316227766016838,0.));
#6265=DIRECTION('',(1.,0.,0.));
#6266=DIRECTION('',(-0.948683298050514,0.316227766016838,0.));
#6267=DIRECTION('',(0.,1.,0.));
#6268=DIRECTION('',(-0.866025403784439,0.5,0.));
#6269=DIRECTION('',(-0.866025403784439,-0.5,0.));
#6270=DIRECTION('',(-2.6757163286856E-16,-1.,0.));
#6271=DIRECTION('',(0.866025403784439,-0.5,0.));
#6272=DIRECTION('',(0.866025403784438,0.5,0.));
#6273=DIRECTION('',(1.3378581643428E-16,1.,0.));
#6274=DIRECTION('',(-0.866025403784439,0.5,0.));
#6275=DIRECTION('',(-0.866025403784439,-0.5,0.));
#6276=DIRECTION('',(-2.6757163286856E-16,-1.,0.));
#6277=DIRECTION('',(0.866025403784439,-0.5,0.));
#6278=DIRECTION('',(0.866025403784438,0.5,0.));
#6279=DIRECTION('',(0.866025403784439,-0.5,0.));
#6280=DIRECTION('',(0.866025403784439,0.5,0.));
#6281=DIRECTION('',(-1.07028653147424E-15,1.,0.));
#6282=DIRECTION('',(-0.866025403784439,0.5,0.));
#6283=DIRECTION('',(-0.866025403784439,-0.5,0.));
#6284=DIRECTION('',(5.35143265737119E-16,-1.,0.));
#6285=DIRECTION('',(0.,1.,0.));
#6286=DIRECTION('',(-0.866025403784439,0.5,0.));
#6287=DIRECTION('',(-0.866025403784438,-0.5,0.));
#6288=DIRECTION('',(-5.35143265737119E-16,-1.,0.));
#6289=DIRECTION('',(0.866025403784439,-0.5,0.));
#6290=DIRECTION('',(0.866025403784439,0.5,0.));
#6291=DIRECTION('',(5.35143265737119E-16,1.,0.));
#6292=DIRECTION('',(-0.866025403784439,0.5,0.));
#6293=DIRECTION('',(-0.866025403784438,-0.5,0.));
#6294=DIRECTION('',(-1.07028653147424E-15,-1.,0.));
#6295=DIRECTION('',(0.866025403784439,-0.5,0.));
#6296=DIRECTION('',(0.866025403784439,0.5,0.));
#6297=DIRECTION('',(2.31296463463574E-15,-1.,0.));
#6298=DIRECTION('',(0.866025403784439,-0.5,0.));
#6299=DIRECTION('',(0.866025403784439,0.5,0.));
#6300=DIRECTION('',(-2.89120579329468E-15,1.,0.));
#6301=DIRECTION('',(-0.866025403784439,0.5,0.));
#6302=DIRECTION('',(-0.866025403784439,-0.5,0.));
#6303=DIRECTION('',(2.89120579329468E-15,-1.,0.));
#6304=DIRECTION('',(0.866025403784439,-0.5,0.));
#6305=DIRECTION('',(0.866025403784439,0.5,0.));
#6306=DIRECTION('',(-2.60208521396521E-15,1.,0.));
#6307=DIRECTION('',(-0.866025403784439,0.5,0.));
#6308=DIRECTION('',(-0.866025403784438,-0.5,0.));
#6309=DIRECTION('',(2.88668828424265E-15,-1.,0.));
#6310=DIRECTION('',(0.866025403784439,-0.5,0.));
#6311=DIRECTION('',(0.866025403784439,0.5,0.));
#6312=DIRECTION('',(-2.60208521396521E-15,1.,0.));
#6313=DIRECTION('',(-0.866025403784439,0.5,0.));
#6314=DIRECTION('',(-0.866025403784439,-0.5,0.));
#6315=DIRECTION('',(2.89120579329467E-15,-1.,0.));
#6316=DIRECTION('',(0.866025403784439,-0.5,0.));
#6317=DIRECTION('',(0.866025403784438,0.5,0.));
#6318=DIRECTION('',(-2.89120579329468E-15,1.,0.));
#6319=DIRECTION('',(-0.866025403784439,0.5,0.));
#6320=DIRECTION('',(-0.866025403784439,-0.5,0.));
#6321=DIRECTION('',(0.866025403784439,0.5,0.));
#6322=DIRECTION('',(0.,1.,0.));
#6323=DIRECTION('',(-0.948683298050514,0.316227766016838,0.));
#6324=DIRECTION('',(-1.,0.,0.));
#6325=DIRECTION('',(-0.948683298050514,0.316227766016838,0.));
#6326=DIRECTION('',(-1.,2.4551353090562E-16,0.));
#6327=DIRECTION('',(0.,1.,0.));
#6328=DIRECTION('',(1.,0.,0.));
#6329=DIRECTION('',(0.,1.,0.));
#6330=DIRECTION('',(-1.,3.17919585758546E-16,0.));
#6331=DIRECTION('',(0.948683298050514,0.316227766016838,0.));
#6332=DIRECTION('',(1.,-1.23908819712629E-16,0.));
#6333=DIRECTION('',(0.948683298050514,0.316227766016838,0.));
#6334=DIRECTION('',(0.,1.,0.));
#6335=DIRECTION('',(1.,0.,0.));
#6336=DIRECTION('',(-2.16840434497101E-16,-1.,0.));
#6337=DIRECTION('',(1.,0.,0.));
#6338=DIRECTION('',(-2.16840434497101E-16,-1.,0.));
#6339=DIRECTION('',(1.,0.,0.));
#6340=DIRECTION('',(0.,1.,0.));
#6341=DIRECTION('',(-0.866025403784439,0.5,0.));
#6342=DIRECTION('',(-0.866025403784439,-0.5,0.));
#6343=DIRECTION('',(0.,-1.,0.));
#6344=DIRECTION('',(0.866025403784439,-0.5,0.));
#6345=DIRECTION('',(0.,0.,1.));
#6346=DIRECTION('',(1.,0.,0.));
#6347=DIRECTION('',(-0.866025403784439,0.5,0.));
#6348=DIRECTION('',(0.,1.,0.));
#6349=DIRECTION('',(0.866025403784439,0.5,0.));
#6350=DIRECTION('',(0.,1.,0.));
#6351=DIRECTION('',(-0.866025403784439,-0.5,0.));
#6352=DIRECTION('',(-0.866025403784439,0.5,0.));
#6353=DIRECTION('',(-5.35143265737119E-16,1.,0.));
#6354=DIRECTION('',(0.866025403784439,0.5,0.));
#6355=DIRECTION('',(0.866025403784439,-0.5,0.));
#6356=DIRECTION('',(0.,1.,0.));
#6357=DIRECTION('',(1.,0.,0.));
#6358=DIRECTION('',(2.16840434497101E-16,1.,0.));
#6359=DIRECTION('',(-1.,0.,0.));
#6360=DIRECTION('',(2.16840434497101E-16,1.,0.));
#6361=DIRECTION('',(1.,0.,0.));
#6362=DIRECTION('',(0.,1.,0.));
#6363=DIRECTION('',(0.866025403784438,0.5,0.));
#6364=DIRECTION('',(0.866025403784439,-0.5,0.));
#6365=DIRECTION('',(-5.35143265737119E-16,-1.,0.));
#6366=DIRECTION('',(-0.866025403784439,-0.5,0.));
#6367=DIRECTION('',(-0.866025403784439,0.5,0.));
#6368=DIRECTION('',(0.,1.,0.));
#6369=DIRECTION('',(-0.948683298050514,-0.316227766016838,0.));
#6370=DIRECTION('',(-1.,1.23908819712629E-16,0.));
#6371=DIRECTION('',(-0.948683298050514,-0.316227766016838,0.));
#6372=DIRECTION('',(1.,-3.17919585758546E-16,0.));
#6373=DIRECTION('',(0.,1.,0.));
#6374=DIRECTION('',(1.,0.,0.));
#6375=DIRECTION('',(0.,1.,0.));
#6376=DIRECTION('',(1.,-2.4551353090562E-16,0.));
#6377=DIRECTION('',(0.948683298050514,-0.316227766016838,0.));
#6378=DIRECTION('',(1.,0.,0.));
#6379=DIRECTION('',(0.948683298050514,-0.316227766016838,0.));
#6380=DIRECTION('',(0.,1.,0.));
#6381=DIRECTION('',(-0.866025403784439,0.5,0.));
#6382=DIRECTION('',(-2.89120579329467E-15,1.,0.));
#6383=DIRECTION('',(0.866025403784439,0.5,0.));
#6384=DIRECTION('',(0.866025403784439,-0.5,0.));
#6385=DIRECTION('',(2.89120579329468E-15,-1.,0.));
#6386=DIRECTION('',(-0.866025403784438,-0.5,0.));
#6387=DIRECTION('',(-0.866025403784439,0.5,0.));
#6388=DIRECTION('',(-2.88668828424265E-15,1.,0.));
#6389=DIRECTION('',(0.866025403784439,0.5,0.));
#6390=DIRECTION('',(0.866025403784439,-0.5,0.));
#6391=DIRECTION('',(2.60208521396521E-15,-1.,0.));
#6392=DIRECTION('',(-0.866025403784439,-0.5,0.));
#6393=DIRECTION('',(-0.866025403784439,0.5,0.));
#6394=DIRECTION('',(-2.89120579329468E-15,1.,0.));
#6395=DIRECTION('',(0.866025403784438,0.5,0.));
#6396=DIRECTION('',(0.866025403784439,-0.5,0.));
#6397=DIRECTION('',(2.60208521396521E-15,-1.,0.));
#6398=DIRECTION('',(-0.866025403784439,-0.5,0.));
#6399=DIRECTION('',(-0.866025403784439,0.5,0.));
#6400=DIRECTION('',(-2.31296463463574E-15,1.,0.));
#6401=DIRECTION('',(0.866025403784439,0.5,0.));
#6402=DIRECTION('',(0.866025403784439,-0.5,0.));
#6403=DIRECTION('',(2.89120579329468E-15,-1.,0.));
#6404=DIRECTION('',(-0.866025403784439,-0.5,0.));
#6405=DIRECTION('',(0.866025403784439,-0.5,0.));
#6406=DIRECTION('',(0.,-1.,0.));
#6407=DIRECTION('',(-0.866025403784439,-0.5,0.));
#6408=DIRECTION('',(-0.866025403784439,0.5,0.));
#6409=DIRECTION('',(5.35143265737119E-16,1.,0.));
#6410=DIRECTION('',(0.866025403784438,0.5,0.));
#6411=DIRECTION('',(0.866025403784439,-0.5,0.));
#6412=DIRECTION('',(-1.3378581643428E-16,-1.,0.));
#6413=DIRECTION('',(-0.866025403784438,-0.5,0.));
#6414=DIRECTION('',(-0.866025403784439,0.5,0.));
#6415=DIRECTION('',(2.6757163286856E-16,1.,0.));
#6416=DIRECTION('',(0.866025403784439,0.5,0.));
#6417=DIRECTION('',(0.866025403784439,-0.5,0.));
#6418=DIRECTION('',(0.,-1.,0.));
#6419=DIRECTION('',(-0.866025403784438,-0.5,0.));
#6420=DIRECTION('',(-0.866025403784439,0.5,0.));
#6421=DIRECTION('',(2.6757163286856E-16,1.,0.));
#6422=DIRECTION('',(0.866025403784439,0.5,0.));
#6423=DIRECTION('',(1.,0.,0.));
#6424=DIRECTION('',(-0.948683298050514,-0.316227766016838,0.));
#6425=DIRECTION('',(1.,-1.23908819712629E-16,0.));
#6426=DIRECTION('',(-0.948683298050514,-0.316227766016838,0.));
#6427=DIRECTION('',(1.,0.,0.));
#6428=DIRECTION('',(-0.948683298050514,-0.316227766016838,0.));
#6429=DIRECTION('',(1.,-2.47817639425258E-16,0.));
#6430=DIRECTION('',(-0.948683298050514,-0.316227766016838,0.));
#6431=DIRECTION('',(0.948683298050514,-0.316227766016838,0.));
#6432=DIRECTION('',(-1.,0.,0.));
#6433=DIRECTION('',(0.948683298050514,-0.316227766016838,0.));
#6434=DIRECTION('',(-1.,0.,0.));
#6435=DIRECTION('',(-1.,0.,0.));
#6436=DIRECTION('',(-0.948683298050514,0.316227766016838,0.));
#6437=DIRECTION('',(-1.,0.,0.));
#6438=DIRECTION('',(0.948683298050514,-0.316227766016838,0.));
#6439=DIRECTION('',(0.,1.,0.));
#6440=DIRECTION('',(0.,0.,1.));
#6441=DIRECTION('',(0.5,0.866025403784439,0.));
#6442=DIRECTION('',(-0.866025403784439,0.5,0.));
#6443=DIRECTION('',(0.,1.,0.));
#6444=DIRECTION('',(0.5,-0.866025403784438,0.));
#6445=DIRECTION('',(0.866025403784438,0.5,0.));
#6446=DIRECTION('',(0.,-1.,0.));
#6447=DIRECTION('',(0.,0.,-1.));
#6448=DIRECTION('',(0.,1.,0.));
#6449=DIRECTION('',(0.,-1.,0.));
#6450=DIRECTION('',(0.,0.,-1.));
#6451=DIRECTION('',(-3.17919585758546E-16,-1.,0.));
#6452=DIRECTION('',(1.,-3.17919585758546E-16,0.));
#6453=DIRECTION('',(-0.316227766016838,0.948683298050514,0.));
#6454=DIRECTION('',(0.948683298050514,0.316227766016838,0.));
#6455=DIRECTION('',(0.,-1.,0.));
#6456=DIRECTION('',(0.,0.,-1.));
#6457=DIRECTION('',(0.,-1.,0.));
#6458=DIRECTION('',(0.5,0.866025403784439,0.));
#6459=DIRECTION('',(0.866025403784439,-0.5,0.));
#6460=DIRECTION('',(0.,1.,0.));
#6461=DIRECTION('',(-0.316227766016838,0.948683298050514,0.));
#6462=DIRECTION('',(-0.948683298050514,-0.316227766016838,0.));
#6463=DIRECTION('',(-3.17919585758546E-16,-1.,0.));
#6464=DIRECTION('',(1.,-3.17919585758546E-16,0.));
#6465=DIRECTION('',(0.,1.,0.));
#6466=DIRECTION('',(0.,-1.,0.));
#6467=DIRECTION('',(0.,0.,-1.));
#6468=DIRECTION('',(0.,1.,0.));
#6469=DIRECTION('',(0.,-1.,0.));
#6470=DIRECTION('',(0.,0.,-1.));
#6471=DIRECTION('',(0.,1.,0.));
#6472=DIRECTION('',(0.5,-0.866025403784438,0.));
#6473=DIRECTION('',(-0.866025403784438,-0.5,0.));
#6474=DIRECTION('',(0.,0.,1.));
#6475=DIRECTION('',(1.,0.,0.));
#6476=DIRECTION('',(-0.866025403784439,-0.5,0.));
#6477=DIRECTION('',(-0.866025403784439,0.5,0.));
#6478=DIRECTION('',(0.,1.,0.));
#6479=DIRECTION('',(0.866025403784439,0.5,0.));
#6480=DIRECTION('',(0.866025403784439,-0.5,0.));
#6481=DIRECTION('',(0.,1.,0.));
#6482=DIRECTION('',(1.,0.,0.));
#6483=DIRECTION('',(0.,1.,0.));
#6484=DIRECTION('',(-0.948683298050514,-0.316227766016838,0.));
#6485=DIRECTION('',(-1.,1.23908819712629E-16,0.));
#6486=DIRECTION('',(-0.948683298050514,-0.316227766016838,0.));
#6487=DIRECTION('',(1.,-3.17919585758546E-16,0.));
#6488=DIRECTION('',(0.,1.,0.));
#6489=DIRECTION('',(1.,0.,0.));
#6490=DIRECTION('',(0.,1.,0.));
#6491=DIRECTION('',(1.,-2.4551353090562E-16,0.));
#6492=DIRECTION('',(0.948683298050514,-0.316227766016838,0.));
#6493=DIRECTION('',(1.,0.,0.));
#6494=DIRECTION('',(0.948683298050514,-0.316227766016838,0.));
#6495=DIRECTION('',(0.,1.,0.));
#6496=DIRECTION('',(-0.866025403784439,0.5,0.));
#6497=DIRECTION('',(-2.89120579329467E-15,1.,0.));
#6498=DIRECTION('',(0.866025403784439,0.5,0.));
#6499=DIRECTION('',(0.866025403784439,-0.5,0.));
#6500=DIRECTION('',(2.89120579329468E-15,-1.,0.));
#6501=DIRECTION('',(-0.866025403784438,-0.5,0.));
#6502=DIRECTION('',(-0.866025403784439,0.5,0.));
#6503=DIRECTION('',(-2.88668828424265E-15,1.,0.));
#6504=DIRECTION('',(0.866025403784439,0.5,0.));
#6505=DIRECTION('',(0.866025403784439,-0.5,0.));
#6506=DIRECTION('',(2.60208521396521E-15,-1.,0.));
#6507=DIRECTION('',(-0.866025403784439,-0.5,0.));
#6508=DIRECTION('',(-0.866025403784439,0.5,0.));
#6509=DIRECTION('',(-2.89120579329468E-15,1.,0.));
#6510=DIRECTION('',(0.866025403784438,0.5,0.));
#6511=DIRECTION('',(0.866025403784439,-0.5,0.));
#6512=DIRECTION('',(2.60208521396521E-15,-1.,0.));
#6513=DIRECTION('',(-0.866025403784439,-0.5,0.));
#6514=DIRECTION('',(-0.866025403784439,0.5,0.));
#6515=DIRECTION('',(-2.31296463463574E-15,1.,0.));
#6516=DIRECTION('',(0.866025403784439,0.5,0.));
#6517=DIRECTION('',(0.866025403784439,-0.5,0.));
#6518=DIRECTION('',(2.89120579329468E-15,-1.,0.));
#6519=DIRECTION('',(-0.866025403784439,-0.5,0.));
#6520=DIRECTION('',(0.866025403784439,-0.5,0.));
#6521=DIRECTION('',(-5.35143265737119E-16,-1.,0.));
#6522=DIRECTION('',(-0.866025403784439,-0.5,0.));
#6523=DIRECTION('',(-0.866025403784439,0.5,0.));
#6524=DIRECTION('',(1.07028653147424E-15,1.,0.));
#6525=DIRECTION('',(0.866025403784438,0.5,0.));
#6526=DIRECTION('',(0.866025403784439,-0.5,0.));
#6527=DIRECTION('',(0.,-1.,0.));
#6528=DIRECTION('',(-0.866025403784439,-0.5,0.));
#6529=DIRECTION('',(-0.866025403784439,0.5,0.));
#6530=DIRECTION('',(5.35143265737119E-16,1.,0.));
#6531=DIRECTION('',(0.866025403784438,0.5,0.));
#6532=DIRECTION('',(-0.866025403784439,-0.5,0.));
#6533=DIRECTION('',(-0.866025403784439,0.5,0.));
#6534=DIRECTION('',(-5.35143265737119E-16,1.,0.));
#6535=DIRECTION('',(0.866025403784439,0.5,0.));
#6536=DIRECTION('',(0.866025403784439,-0.5,0.));
#6537=DIRECTION('',(1.07028653147424E-15,-1.,0.));
#6538=DIRECTION('',(0.866025403784439,-0.5,0.));
#6539=DIRECTION('',(-1.3378581643428E-16,-1.,0.));
#6540=DIRECTION('',(-0.866025403784438,-0.5,0.));
#6541=DIRECTION('',(-0.866025403784439,0.5,0.));
#6542=DIRECTION('',(2.6757163286856E-16,1.,0.));
#6543=DIRECTION('',(0.866025403784439,0.5,0.));
#6544=DIRECTION('',(0.866025403784439,-0.5,0.));
#6545=DIRECTION('',(0.,-1.,0.));
#6546=DIRECTION('',(-0.866025403784438,-0.5,0.));
#6547=DIRECTION('',(-0.866025403784439,0.5,0.));
#6548=DIRECTION('',(2.6757163286856E-16,1.,0.));
#6549=DIRECTION('',(0.866025403784439,0.5,0.));
#6550=DIRECTION('',(1.,0.,0.));
#6551=DIRECTION('',(-0.948683298050514,-0.316227766016838,0.));
#6552=DIRECTION('',(1.,-1.23908819712629E-16,0.));
#6553=DIRECTION('',(-0.948683298050514,-0.316227766016838,0.));
#6554=DIRECTION('',(1.,0.,0.));
#6555=DIRECTION('',(-0.948683298050514,-0.316227766016838,0.));
#6556=DIRECTION('',(1.,-2.47817639425258E-16,0.));
#6557=DIRECTION('',(-0.948683298050514,-0.316227766016838,0.));
#6558=DIRECTION('',(0.948683298050514,-0.316227766016838,0.));
#6559=DIRECTION('',(-1.,0.,0.));
#6560=DIRECTION('',(0.948683298050514,-0.316227766016838,0.));
#6561=DIRECTION('',(-1.,0.,0.));
#6562=DIRECTION('',(-1.,0.,0.));
#6563=DIRECTION('',(-0.948683298050514,0.316227766016838,0.));
#6564=DIRECTION('',(-1.,0.,0.));
#6565=DIRECTION('',(0.948683298050514,-0.316227766016838,0.));
#6566=DIRECTION('',(0.,0.,1.));
#6567=DIRECTION('',(1.,0.,0.));
#6568=DIRECTION('',(-2.89120579329467E-15,1.,0.));
#6569=DIRECTION('',(-0.866025403784439,0.5,0.));
#6570=DIRECTION('',(-0.866025403784438,-0.5,0.));
#6571=DIRECTION('',(2.89120579329468E-15,-1.,0.));
#6572=DIRECTION('',(0.866025403784439,-0.5,0.));
#6573=DIRECTION('',(0.866025403784439,0.5,0.));
#6574=DIRECTION('',(-2.88668828424265E-15,1.,0.));
#6575=DIRECTION('',(-0.866025403784439,0.5,0.));
#6576=DIRECTION('',(-0.866025403784439,-0.5,0.));
#6577=DIRECTION('',(2.60208521396521E-15,-1.,0.));
#6578=DIRECTION('',(0.866025403784439,-0.5,0.));
#6579=DIRECTION('',(0.866025403784439,0.5,0.));
#6580=DIRECTION('',(-2.89120579329468E-15,1.,0.));
#6581=DIRECTION('',(-0.866025403784439,0.5,0.));
#6582=DIRECTION('',(-0.866025403784439,-0.5,0.));
#6583=DIRECTION('',(2.60208521396521E-15,-1.,0.));
#6584=DIRECTION('',(0.866025403784439,-0.5,0.));
#6585=DIRECTION('',(0.866025403784438,0.5,0.));
#6586=DIRECTION('',(-2.31296463463574E-15,1.,0.));
#6587=DIRECTION('',(-0.866025403784439,0.5,0.));
#6588=DIRECTION('',(-0.866025403784439,-0.5,0.));
#6589=DIRECTION('',(2.89120579329468E-15,-1.,0.));
#6590=DIRECTION('',(0.866025403784439,-0.5,0.));
#6591=DIRECTION('',(0.866025403784439,0.5,0.));
#6592=DIRECTION('',(0.,-1.,0.));
#6593=DIRECTION('',(0.866025403784439,-0.5,0.));
#6594=DIRECTION('',(0.866025403784438,0.5,0.));
#6595=DIRECTION('',(5.35143265737119E-16,1.,0.));
#6596=DIRECTION('',(-0.866025403784439,0.5,0.));
#6597=DIRECTION('',(-0.866025403784439,-0.5,0.));
#6598=DIRECTION('',(-1.3378581643428E-16,-1.,0.));
#6599=DIRECTION('',(0.866025403784439,-0.5,0.));
#6600=DIRECTION('',(0.866025403784439,0.5,0.));
#6601=DIRECTION('',(2.6757163286856E-16,1.,0.));
#6602=DIRECTION('',(-0.866025403784439,0.5,0.));
#6603=DIRECTION('',(-0.866025403784438,-0.5,0.));
#6604=DIRECTION('',(0.,-1.,0.));
#6605=DIRECTION('',(0.866025403784439,-0.5,0.));
#6606=DIRECTION('',(0.866025403784439,0.5,0.));
#6607=DIRECTION('',(2.6757163286856E-16,1.,0.));
#6608=DIRECTION('',(-0.866025403784439,0.5,0.));
#6609=DIRECTION('',(-0.866025403784438,-0.5,0.));
#6610=DIRECTION('',(-1.,0.,0.));
#6611=DIRECTION('',(0.948683298050514,-0.316227766016838,0.));
#6612=DIRECTION('',(-1.,0.,0.));
#6613=DIRECTION('',(0.948683298050514,-0.316227766016838,0.));
#6614=DIRECTION('',(0.,1.,0.));
#6615=DIRECTION('',(-0.866025403784439,0.5,0.));
#6616=DIRECTION('',(0.,1.,0.));
#6617=DIRECTION('',(0.948683298050514,-0.316227766016838,0.));
#6618=DIRECTION('',(1.,0.,0.));
#6619=DIRECTION('',(0.948683298050514,-0.316227766016838,0.));
#6620=DIRECTION('',(1.,-2.4551353090562E-16,0.));
#6621=DIRECTION('',(0.,1.,0.));
#6622=DIRECTION('',(1.,0.,0.));
#6623=DIRECTION('',(1.,-3.17919585758546E-16,0.));
#6624=DIRECTION('',(-0.948683298050514,-0.316227766016838,0.));
#6625=DIRECTION('',(-1.,1.23908819712629E-16,0.));
#6626=DIRECTION('',(-0.948683298050514,-0.316227766016838,0.));
#6627=DIRECTION('',(-0.866025403784439,0.5,0.));
#6628=DIRECTION('',(-0.866025403784439,-0.5,0.));
#6629=DIRECTION('',(-5.35143265737119E-16,-1.,0.));
#6630=DIRECTION('',(0.866025403784439,-0.5,0.));
#6631=DIRECTION('',(0.866025403784438,0.5,0.));
#6632=DIRECTION('',(1.,0.,0.));
#6633=DIRECTION('',(0.,1.,0.));
#6634=DIRECTION('',(0.866025403784439,-0.5,0.));
#6635=DIRECTION('',(0.866025403784439,0.5,0.));
#6636=DIRECTION('',(-5.35143265737119E-16,1.,0.));
#6637=DIRECTION('',(-0.866025403784439,0.5,0.));
#6638=DIRECTION('',(-0.866025403784439,-0.5,0.));
#6639=DIRECTION('',(0.,1.,0.));
#6640=DIRECTION('',(0.866025403784439,0.5,0.));
#6641=DIRECTION('',(-0.948683298050514,-0.316227766016838,0.));
#6642=DIRECTION('',(1.,0.,0.));
#6643=DIRECTION('',(-0.948683298050514,-0.316227766016838,0.));
#6644=DIRECTION('',(1.,-1.23908819712629E-16,0.));
#6645=DIRECTION('',(-0.948683298050514,-0.316227766016838,0.));
#6646=DIRECTION('',(1.,0.,0.));
#6647=DIRECTION('',(-0.948683298050514,-0.316227766016838,0.));
#6648=DIRECTION('',(1.,-2.47817639425258E-16,0.));
#6649=DIRECTION('',(-0.948683298050514,0.316227766016838,0.));
#6650=DIRECTION('',(-1.,0.,0.));
#6651=DIRECTION('',(0.948683298050514,-0.316227766016838,0.));
#6652=DIRECTION('',(-1.,0.,0.));
#6653=DIRECTION('',(1.,0.,-1.85037170770859E-16));
#6654=DIRECTION('',(-1.85037170770859E-16,0.,-1.));
#6655=DIRECTION('',(1.85037170770859E-16,0.,1.));
#6656=DIRECTION('',(1.,0.,-1.85037170770859E-16));
#6657=DIRECTION('',(-1.85037170770859E-16,0.,-1.));
#6658=DIRECTION('',(0.,1.,0.));
#6659=DIRECTION('',(1.,0.,-1.85037170770859E-16));
#6660=DIRECTION('',(-1.85037170770859E-16,0.,-1.));
#6661=DIRECTION('',(1.34850298491561E-16,-0.684754192471691,0.728774104844871));
#6662=DIRECTION('',(1.,0.,-1.85037170770859E-16));
#6663=DIRECTION('',(-1.85037170770859E-16,0.,-1.));
#6664=DIRECTION('',(-1.85037170770859E-16,2.32848788721719E-16,-1.));
#6665=DIRECTION('',(1.,0.,-1.85037170770859E-16));
#6666=DIRECTION('',(-1.85037170770859E-16,0.,-1.));
#6667=DIRECTION('',(-1.34850298491561E-16,-0.684754192471691,-0.728774104844871));
#6668=DIRECTION('',(1.,0.,-1.85037170770859E-16));
#6669=DIRECTION('',(-1.85037170770859E-16,0.,-1.));
#6670=DIRECTION('',(0.,-1.,0.));
#6671=DIRECTION('',(1.,0.,-1.85037170770859E-16));
#6672=DIRECTION('',(-1.85037170770859E-16,0.,-1.));
#6673=DIRECTION('',(1.34850298491561E-16,0.68475419247169,0.728774104844871));
#6674=DIRECTION('',(1.,0.,-1.85037170770859E-16));
#6675=DIRECTION('',(-1.85037170770859E-16,0.,-1.));
#6676=DIRECTION('',(0.,-1.,0.));
#6677=DIRECTION('',(1.,0.,-1.85037170770859E-16));
#6678=DIRECTION('',(-1.85037170770859E-16,0.,-1.));
#6679=DIRECTION('',(-1.85037170770859E-16,2.32848788721719E-16,-1.));
#6680=DIRECTION('',(1.,0.,-1.85037170770859E-16));
#6681=DIRECTION('',(-1.85037170770859E-16,0.,-1.));
#6682=DIRECTION('',(1.34850298491561E-16,-0.684754192471691,0.728774104844871));
#6683=DIRECTION('',(1.,0.,-1.85037170770859E-16));
#6684=DIRECTION('',(-1.85037170770859E-16,0.,-1.));
#6685=DIRECTION('',(1.85037170770859E-16,-2.25288763113871E-16,1.));
#6686=DIRECTION('',(1.,0.,-1.85037170770859E-16));
#6687=DIRECTION('',(-1.85037170770859E-16,0.,-1.));
#6688=DIRECTION('',(0.,1.,0.));
#6689=DIRECTION('',(1.,0.,-1.85037170770859E-16));
#6690=DIRECTION('',(-1.85037170770859E-16,0.,-1.));
#6691=DIRECTION('',(-1.85037170770859E-16,0.,-1.));
#6692=DIRECTION('',(0.,1.,0.));
#6693=DIRECTION('',(-1.85037170770859E-16,0.,-1.));
#6694=DIRECTION('',(0.,1.,0.));
#6695=DIRECTION('',(-1.34850298491561E-16,0.684754192471691,-0.728774104844871));
#6696=DIRECTION('',(1.,0.,-1.85037170770859E-16));
#6697=DIRECTION('',(-1.85037170770859E-16,0.,-1.));
#6698=DIRECTION('',(1.85037170770859E-16,-2.25288763113871E-16,1.));
#6699=DIRECTION('',(1.,0.,-1.85037170770859E-16));
#6700=DIRECTION('',(-1.85037170770859E-16,0.,-1.));
#6701=DIRECTION('',(0.,1.,0.));
#6702=DIRECTION('',(1.,0.,-1.85037170770859E-16));
#6703=DIRECTION('',(-1.85037170770859E-16,0.,-1.));
#6704=DIRECTION('',(0.,1.,0.));
#6705=DIRECTION('',(1.,0.,-1.85037170770859E-16));
#6706=DIRECTION('',(-1.85037170770859E-16,0.,-1.));
#6707=DIRECTION('',(-1.34850298491561E-16,0.684754192471691,-0.728774104844871));
#6708=DIRECTION('',(1.,0.,-1.85037170770859E-16));
#6709=DIRECTION('',(-1.85037170770859E-16,0.,-1.));
#6710=DIRECTION('',(1.85037170770859E-16,0.,1.));
#6711=DIRECTION('',(1.,0.,-1.85037170770859E-16));
#6712=DIRECTION('',(-1.85037170770859E-16,0.,-1.));
#6713=DIRECTION('',(1.,0.,-1.85037170770859E-16));
#6714=DIRECTION('',(-1.85037170770859E-16,0.,-1.));
#6715=DIRECTION('',(0.,1.,0.));
#6716=DIRECTION('',(1.,0.,-1.85037170770859E-16));
#6717=DIRECTION('',(-1.85037170770859E-16,0.,-1.));
#6718=DIRECTION('',(1.85037170770859E-16,0.,1.));
#6719=DIRECTION('',(1.,0.,-1.85037170770859E-16));
#6720=DIRECTION('',(-1.85037170770859E-16,0.,-1.));
#6721=DIRECTION('',(1.34850298491561E-16,-0.684754192471691,0.728774104844871));
#6722=DIRECTION('',(1.,0.,-1.85037170770859E-16));
#6723=DIRECTION('',(-1.85037170770859E-16,0.,-1.));
#6724=DIRECTION('',(-1.85037170770859E-16,2.32848788721719E-16,-1.));
#6725=DIRECTION('',(1.,0.,-1.85037170770859E-16));
#6726=DIRECTION('',(-1.85037170770859E-16,0.,-1.));
#6727=DIRECTION('',(0.,-1.,0.));
#6728=DIRECTION('',(1.,0.,-1.85037170770859E-16));
#6729=DIRECTION('',(-1.85037170770859E-16,0.,-1.));
#6730=DIRECTION('',(1.34850298491561E-16,0.68475419247169,0.728774104844871));
#6731=DIRECTION('',(1.,0.,-1.85037170770859E-16));
#6732=DIRECTION('',(-1.85037170770859E-16,0.,-1.));
#6733=DIRECTION('',(-1.85037170770859E-16,0.,-1.));
#6734=DIRECTION('',(0.,1.,0.));
#6735=DIRECTION('',(-1.85037170770859E-16,0.,-1.));
#6736=DIRECTION('',(0.,1.,0.));
#6737=DIRECTION('',(1.85037170770859E-16,-2.25288763113871E-16,1.));
#6738=DIRECTION('',(1.,0.,-1.85037170770859E-16));
#6739=DIRECTION('',(-1.85037170770859E-16,0.,-1.));
#6740=DIRECTION('',(1.34850298491561E-16,-0.684754192471691,0.728774104844871));
#6741=DIRECTION('',(1.,0.,-1.85037170770859E-16));
#6742=DIRECTION('',(-1.85037170770859E-16,0.,-1.));
#6743=DIRECTION('',(0.,1.,0.));
#6744=DIRECTION('',(1.,0.,-1.85037170770859E-16));
#6745=DIRECTION('',(-1.85037170770859E-16,0.,-1.));
#6746=DIRECTION('',(0.,1.,0.));
#6747=DIRECTION('',(1.,0.,-1.85037170770859E-16));
#6748=DIRECTION('',(-1.85037170770859E-16,0.,-1.));
#6749=DIRECTION('',(1.85037170770859E-16,-2.25288763113871E-16,1.));
#6750=DIRECTION('',(1.,0.,-1.85037170770859E-16));
#6751=DIRECTION('',(-1.85037170770859E-16,0.,-1.));
#6752=DIRECTION('',(-1.34850298491561E-16,0.684754192471691,-0.728774104844871));
#6753=DIRECTION('',(1.,0.,-1.85037170770859E-16));
#6754=DIRECTION('',(-1.85037170770859E-16,0.,-1.));
#6755=DIRECTION('',(-1.34850298491561E-16,-0.684754192471691,-0.728774104844871));
#6756=DIRECTION('',(1.,0.,-1.85037170770859E-16));
#6757=DIRECTION('',(-1.85037170770859E-16,0.,-1.));
#6758=DIRECTION('',(-1.85037170770859E-16,2.32848788721719E-16,-1.));
#6759=DIRECTION('',(1.,0.,-1.85037170770859E-16));
#6760=DIRECTION('',(-1.85037170770859E-16,0.,-1.));
#6761=DIRECTION('',(0.,-1.,0.));
#6762=DIRECTION('',(1.,0.,-1.85037170770859E-16));
#6763=DIRECTION('',(-1.85037170770859E-16,0.,-1.));
#6764=DIRECTION('',(-1.34850298491561E-16,0.684754192471691,-0.728774104844871));
#6765=DIRECTION('',(1.,0.,-1.85037170770859E-16));
#6766=DIRECTION('',(-1.85037170770859E-16,0.,-1.));
#6767=DIRECTION('',(0.,1.,0.));
#6768=DIRECTION('',(1.,0.,-1.85037170770859E-16));
#6769=DIRECTION('',(-1.85037170770859E-16,0.,-1.));
#6770=DIRECTION('',(1.85037170770859E-16,0.,1.));
#6771=DIRECTION('',(1.,0.,-1.85037170770859E-16));
#6772=DIRECTION('',(-1.85037170770859E-16,0.,-1.));
#6773=DIRECTION('',(1.,0.,-1.85037170770859E-16));
#6774=DIRECTION('',(-1.85037170770859E-16,0.,-1.));
#6775=DIRECTION('',(0.,1.,0.));
#6776=DIRECTION('',(1.,0.,-1.85037170770859E-16));
#6777=DIRECTION('',(-1.85037170770859E-16,0.,-1.));
#6778=DIRECTION('',(1.85037170770859E-16,0.,1.));
#6779=DIRECTION('',(1.,0.,-1.85037170770859E-16));
#6780=DIRECTION('',(-1.85037170770859E-16,0.,-1.));
#6781=DIRECTION('',(1.34850298491561E-16,-0.684754192471691,0.728774104844871));
#6782=DIRECTION('',(1.,0.,-1.85037170770859E-16));
#6783=DIRECTION('',(-1.85037170770859E-16,0.,-1.));
#6784=DIRECTION('',(-1.85037170770859E-16,2.32848788721719E-16,-1.));
#6785=DIRECTION('',(1.,0.,-1.85037170770859E-16));
#6786=DIRECTION('',(-1.85037170770859E-16,0.,-1.));
#6787=DIRECTION('',(0.,-1.,0.));
#6788=DIRECTION('',(1.,0.,-1.85037170770859E-16));
#6789=DIRECTION('',(-1.85037170770859E-16,0.,-1.));
#6790=DIRECTION('',(1.34850298491561E-16,0.68475419247169,0.728774104844871));
#6791=DIRECTION('',(1.,0.,-1.85037170770859E-16));
#6792=DIRECTION('',(-1.85037170770859E-16,0.,-1.));
#6793=DIRECTION('',(-1.85037170770859E-16,0.,-1.));
#6794=DIRECTION('',(0.,1.,0.));
#6795=DIRECTION('',(-1.85037170770859E-16,0.,-1.));
#6796=DIRECTION('',(0.,1.,0.));
#6797=DIRECTION('',(1.85037170770859E-16,-2.25288763113871E-16,1.));
#6798=DIRECTION('',(1.,0.,-1.85037170770859E-16));
#6799=DIRECTION('',(-1.85037170770859E-16,0.,-1.));
#6800=DIRECTION('',(1.34850298491561E-16,-0.684754192471691,0.728774104844871));
#6801=DIRECTION('',(1.,0.,-1.85037170770859E-16));
#6802=DIRECTION('',(-1.85037170770859E-16,0.,-1.));
#6803=DIRECTION('',(0.,1.,0.));
#6804=DIRECTION('',(1.,0.,-1.85037170770859E-16));
#6805=DIRECTION('',(-1.85037170770859E-16,0.,-1.));
#6806=DIRECTION('',(0.,1.,0.));
#6807=DIRECTION('',(1.,0.,-1.85037170770859E-16));
#6808=DIRECTION('',(-1.85037170770859E-16,0.,-1.));
#6809=DIRECTION('',(1.85037170770859E-16,-2.25288763113871E-16,1.));
#6810=DIRECTION('',(1.,0.,-1.85037170770859E-16));
#6811=DIRECTION('',(-1.85037170770859E-16,0.,-1.));
#6812=DIRECTION('',(-1.34850298491561E-16,0.684754192471691,-0.728774104844871));
#6813=DIRECTION('',(1.,0.,-1.85037170770859E-16));
#6814=DIRECTION('',(-1.85037170770859E-16,0.,-1.));
#6815=DIRECTION('',(-1.34850298491561E-16,-0.684754192471691,-0.728774104844871));
#6816=DIRECTION('',(1.,0.,-1.85037170770859E-16));
#6817=DIRECTION('',(-1.85037170770859E-16,0.,-1.));
#6818=DIRECTION('',(-1.85037170770859E-16,2.32848788721719E-16,-1.));
#6819=DIRECTION('',(1.,0.,-1.85037170770859E-16));
#6820=DIRECTION('',(-1.85037170770859E-16,0.,-1.));
#6821=DIRECTION('',(0.,-1.,0.));
#6822=DIRECTION('',(1.,0.,-1.85037170770859E-16));
#6823=DIRECTION('',(-1.85037170770859E-16,0.,-1.));
#6824=DIRECTION('',(-1.34850298491561E-16,0.684754192471691,-0.728774104844871));
#6825=DIRECTION('',(1.,0.,-1.85037170770859E-16));
#6826=DIRECTION('',(-1.85037170770859E-16,0.,-1.));
#6827=DIRECTION('',(0.,1.,0.));
#6828=DIRECTION('',(1.,0.,-1.85037170770859E-16));
#6829=DIRECTION('',(-1.85037170770859E-16,0.,-1.));
#6830=DIRECTION('',(1.85037170770859E-16,0.,1.));
#6831=DIRECTION('',(1.,0.,-1.85037170770859E-16));
#6832=DIRECTION('',(-1.85037170770859E-16,0.,-1.));
#6833=DIRECTION('',(1.,0.,-1.85037170770859E-16));
#6834=DIRECTION('',(-1.85037170770859E-16,0.,-1.));
#6835=DIRECTION('',(1.85037170770859E-16,0.,1.));
#6836=DIRECTION('',(1.,0.,-1.85037170770859E-16));
#6837=DIRECTION('',(-1.85037170770859E-16,0.,-1.));
#6838=DIRECTION('',(0.,1.,0.));
#6839=DIRECTION('',(1.,0.,-1.85037170770859E-16));
#6840=DIRECTION('',(-1.85037170770859E-16,0.,-1.));
#6841=DIRECTION('',(1.34850298491561E-16,-0.684754192471691,0.728774104844871));
#6842=DIRECTION('',(1.,0.,-1.85037170770859E-16));
#6843=DIRECTION('',(-1.85037170770859E-16,0.,-1.));
#6844=DIRECTION('',(-1.85037170770859E-16,2.32848788721719E-16,-1.));
#6845=DIRECTION('',(1.,0.,-1.85037170770859E-16));
#6846=DIRECTION('',(-1.85037170770859E-16,0.,-1.));
#6847=DIRECTION('',(-1.34850298491561E-16,-0.684754192471691,-0.728774104844871));
#6848=DIRECTION('',(1.,0.,-1.85037170770859E-16));
#6849=DIRECTION('',(-1.85037170770859E-16,0.,-1.));
#6850=DIRECTION('',(0.,-1.,0.));
#6851=DIRECTION('',(1.,0.,-1.85037170770859E-16));
#6852=DIRECTION('',(-1.85037170770859E-16,0.,-1.));
#6853=DIRECTION('',(1.34850298491561E-16,0.68475419247169,0.728774104844871));
#6854=DIRECTION('',(1.,0.,-1.85037170770859E-16));
#6855=DIRECTION('',(-1.85037170770859E-16,0.,-1.));
#6856=DIRECTION('',(0.,-1.,0.));
#6857=DIRECTION('',(1.,0.,-1.85037170770859E-16));
#6858=DIRECTION('',(-1.85037170770859E-16,0.,-1.));
#6859=DIRECTION('',(-1.85037170770859E-16,2.32848788721719E-16,-1.));
#6860=DIRECTION('',(1.,0.,-1.85037170770859E-16));
#6861=DIRECTION('',(-1.85037170770859E-16,0.,-1.));
#6862=DIRECTION('',(1.34850298491561E-16,-0.684754192471691,0.728774104844871));
#6863=DIRECTION('',(1.,0.,-1.85037170770859E-16));
#6864=DIRECTION('',(-1.85037170770859E-16,0.,-1.));
#6865=DIRECTION('',(1.85037170770859E-16,-2.25288763113871E-16,1.));
#6866=DIRECTION('',(1.,0.,-1.85037170770859E-16));
#6867=DIRECTION('',(-1.85037170770859E-16,0.,-1.));
#6868=DIRECTION('',(0.,1.,0.));
#6869=DIRECTION('',(1.,0.,-1.85037170770859E-16));
#6870=DIRECTION('',(-1.85037170770859E-16,0.,-1.));
#6871=DIRECTION('',(-1.85037170770859E-16,0.,-1.));
#6872=DIRECTION('',(-1.85037170770859E-16,0.,-1.));
#6873=DIRECTION('',(-1.34850298491561E-16,0.684754192471691,-0.728774104844871));
#6874=DIRECTION('',(1.,0.,-1.85037170770859E-16));
#6875=DIRECTION('',(-1.85037170770859E-16,0.,-1.));
#6876=DIRECTION('',(1.85037170770859E-16,-2.25288763113871E-16,1.));
#6877=DIRECTION('',(1.,0.,-1.85037170770859E-16));
#6878=DIRECTION('',(-1.85037170770859E-16,0.,-1.));
#6879=DIRECTION('',(0.,1.,0.));
#6880=DIRECTION('',(1.,0.,-1.85037170770859E-16));
#6881=DIRECTION('',(-1.85037170770859E-16,0.,-1.));
#6882=DIRECTION('',(0.,1.,0.));
#6883=DIRECTION('',(1.,0.,-1.85037170770859E-16));
#6884=DIRECTION('',(-1.85037170770859E-16,0.,-1.));
#6885=DIRECTION('',(-1.34850298491561E-16,0.684754192471691,-0.728774104844871));
#6886=DIRECTION('',(1.,0.,-1.85037170770859E-16));
#6887=DIRECTION('',(-1.85037170770859E-16,0.,-1.));
#6888=DIRECTION('',(1.85037170770859E-16,0.,1.));
#6889=DIRECTION('',(1.,0.,-1.85037170770859E-16));
#6890=DIRECTION('',(-1.85037170770859E-16,0.,-1.));
#6891=DIRECTION('',(0.,-1.,0.));
#6892=DIRECTION('',(1.,0.,0.));
#6893=DIRECTION('',(0.,0.,1.));
#6894=DIRECTION('',(0.,-1.,0.));
#6895=DIRECTION('',(0.,0.,-1.));
#6896=DIRECTION('',(0.,-1.,0.));
#6897=DIRECTION('',(0.,0.,-1.));
#6898=DIRECTION('',(0.,0.,1.));
#6899=DIRECTION('',(0.,-1.,0.));
#6900=DIRECTION('',(0.,0.,-1.));
#6901=DIRECTION('',(0.,-1.,0.));
#6902=DIRECTION('',(0.,0.,-1.));
#6903=DIRECTION('',(0.,-1.,0.));
#6904=DIRECTION('',(0.,0.,-1.));
#6905=DIRECTION('',(0.,-1.,0.));
#6906=DIRECTION('',(0.,0.,-1.));
#6907=DIRECTION('',(0.,-1.,0.));
#6908=DIRECTION('',(0.,0.,-1.));
#6909=DIRECTION('',(-0.5,0.866025403784439,0.));
#6910=DIRECTION('',(-0.866025403784439,-0.5,0.));
#6911=DIRECTION('',(0.5,0.866025403784439,0.));
#6912=DIRECTION('',(0.866025403784439,-0.5,0.));
#6913=DIRECTION('',(-0.316227766016838,-0.948683298050514,0.));
#6914=DIRECTION('',(0.948683298050514,-0.316227766016838,0.));
#6915=DIRECTION('',(-2.4551353090562E-16,-1.,0.));
#6916=DIRECTION('',(1.,-2.4551353090562E-16,0.));
#6917=DIRECTION('',(0.,-1.,0.));
#6918=DIRECTION('',(0.,0.,-1.));
#6919=DIRECTION('',(-0.5,-0.866025403784439,0.));
#6920=DIRECTION('',(0.866025403784439,-0.5,0.));
#6921=DIRECTION('',(0.,-1.,0.));
#6922=DIRECTION('',(-0.5,0.866025403784439,0.));
#6923=DIRECTION('',(-0.866025403784439,-0.5,0.));
#6924=DIRECTION('',(0.5,-0.866025403784439,0.));
#6925=DIRECTION('',(-0.866025403784439,-0.5,0.));
#6926=DIRECTION('',(-0.5,-0.866025403784439,0.));
#6927=DIRECTION('',(0.866025403784439,-0.5,0.));
#6928=DIRECTION('',(0.,-1.,0.));
#6929=DIRECTION('',(0.,1.,0.));
#6930=DIRECTION('',(0.,0.,1.));
#6931=DIRECTION('',(0.5,0.866025403784439,0.));
#6932=DIRECTION('',(-0.866025403784439,0.5,0.));
#6933=DIRECTION('',(-0.5,0.866025403784439,0.));
#6934=DIRECTION('',(0.866025403784439,0.5,0.));
#6935=DIRECTION('',(0.,1.,0.));
#6936=DIRECTION('',(-0.5,-0.866025403784439,0.));
#6937=DIRECTION('',(-0.866025403784439,0.5,0.));
#6938=DIRECTION('',(0.5,-0.866025403784439,0.));
#6939=DIRECTION('',(0.866025403784439,0.5,0.));
#6940=DIRECTION('',(-0.5,0.866025403784439,0.));
#6941=DIRECTION('',(0.866025403784439,0.5,0.));
#6942=DIRECTION('',(0.,1.,0.));
#6943=DIRECTION('',(-0.5,-0.866025403784439,0.));
#6944=DIRECTION('',(-0.866025403784439,0.5,0.));
#6945=DIRECTION('',(0.,-1.,0.));
#6946=DIRECTION('',(0.,0.,-1.));
#6947=DIRECTION('',(-2.4551353090562E-16,-1.,0.));
#6948=DIRECTION('',(1.,-2.4551353090562E-16,0.));
#6949=DIRECTION('',(-0.316227766016838,-0.948683298050514,0.));
#6950=DIRECTION('',(-0.948683298050514,0.316227766016838,0.));
#6951=DIRECTION('',(0.,-1.,0.));
#6952=DIRECTION('',(1.,0.,0.));
#6953=DIRECTION('',(0.,-1.,0.));
#6954=DIRECTION('',(0.,0.,-1.));
#6955=DIRECTION('',(0.,-1.,0.));
#6956=DIRECTION('',(0.,0.,-1.));
#6957=DIRECTION('',(0.,-1.,0.));
#6958=DIRECTION('',(0.,0.,-1.));
#6959=DIRECTION('',(0.,-1.,0.));
#6960=DIRECTION('',(0.,0.,-1.));
#6961=DIRECTION('',(0.,1.,0.));
#6962=DIRECTION('',(0.,0.,1.));
#6963=DIRECTION('',(0.,-1.,0.));
#6964=DIRECTION('',(0.,0.,-1.));
#6965=DIRECTION('',(0.,1.,0.));
#6966=DIRECTION('',(0.,1.,0.));
#6967=DIRECTION('',(0.,0.,1.));
#6968=DIRECTION('',(0.,1.,0.));
#6969=DIRECTION('',(0.,-1.,0.));
#6970=DIRECTION('',(0.,0.,-1.));
#6971=DIRECTION('',(0.,-1.,0.));
#6972=DIRECTION('',(1.,0.,0.));
#6973=DIRECTION('',(1.,-2.16840434497101E-16,0.));
#6974=DIRECTION('',(2.16840434497101E-16,1.,0.));
#6975=DIRECTION('',(0.,0.,-1.));
#6976=DIRECTION('',(0.,1.,0.));
#6977=DIRECTION('',(0.,0.,1.));
#6978=DIRECTION('',(0.,0.,-1.));
#6979=DIRECTION('',(1.,-2.16840434497101E-16,0.));
#6980=DIRECTION('',(2.16840434497101E-16,1.,0.));
#6981=DIRECTION('',(-1.85037170770859E-16,0.,-1.));
#6982=DIRECTION('',(-1.,0.,1.85037170770859E-16));
#6983=DIRECTION('',(1.,5.47382212626882E-48,-1.85037170770859E-16));
#6984=DIRECTION('',(1.,5.53271197926575E-32,-1.85037170770859E-16));
#6985=DIRECTION('',(4.1686795333057E-32,1.,2.25288763113871E-16));
#6986=DIRECTION('',(0.,-2.25288763113871E-16,1.));
#6987=DIRECTION('',(1.,-1.09476442525376E-47,-1.85037170770859E-16));
#6988=DIRECTION('',(1.,5.47382212626882E-48,-1.85037170770859E-16));
#6989=DIRECTION('',(1.26704978448446E-16,0.728774104844871,0.684754192471691));
#6990=DIRECTION('',(0.,-0.684754192471691,0.728774104844871));
#6991=DIRECTION('',(1.,1.79656687515487E-32,-1.85037170770859E-16));
#6992=DIRECTION('',(1.,9.19213786160185E-32,-1.85037170770859E-16));
#6993=DIRECTION('',(-1.85037170770859E-16,0.,-1.));
#6994=DIRECTION('',(-1.,0.,1.85037170770859E-16));
#6995=DIRECTION('',(1.,5.47382212626882E-48,-1.85037170770859E-16));
#6996=DIRECTION('',(1.,5.53271197926575E-32,-1.85037170770859E-16));
#6997=DIRECTION('',(4.1686795333057E-32,1.,2.25288763113871E-16));
#6998=DIRECTION('',(0.,-2.25288763113871E-16,1.));
#6999=DIRECTION('',(1.,-1.09476442525376E-47,-1.85037170770859E-16));
#7000=DIRECTION('',(1.,5.47382212626882E-48,-1.85037170770859E-16));
#7001=DIRECTION('',(-1.26704978448446E-16,-0.728774104844871,-0.684754192471691));
#7002=DIRECTION('',(0.,0.684754192471691,-0.728774104844871));
#7003=DIRECTION('',(1.,-1.68804941289719E-32,-1.85037170770859E-16));
#7004=DIRECTION('',(1.,9.19213786160185E-32,-1.85037170770859E-16));
#7005=DIRECTION('',(1.26704978448446E-16,0.728774104844871,0.684754192471691));
#7006=DIRECTION('',(0.,-0.684754192471691,0.728774104844871));
#7007=DIRECTION('',(1.,9.19213786160185E-32,-1.85037170770859E-16));
#7008=DIRECTION('',(1.,1.79656687515487E-32,-1.85037170770859E-16));
#7009=DIRECTION('',(4.1686795333057E-32,1.,2.25288763113871E-16));
#7010=DIRECTION('',(0.,-2.25288763113871E-16,1.));
#7011=DIRECTION('',(1.,-1.09476442525376E-47,-1.85037170770859E-16));
#7012=DIRECTION('',(1.,5.47382212626882E-48,-1.85037170770859E-16));
#7013=DIRECTION('',(-1.85037170770859E-16,0.,-1.));
#7014=DIRECTION('',(-1.,0.,1.85037170770859E-16));
#7015=DIRECTION('',(1.,5.53271197926575E-32,-1.85037170770859E-16));
#7016=DIRECTION('',(1.,5.47382212626882E-48,-1.85037170770859E-16));
#7017=DIRECTION('',(-1.26704978448446E-16,-0.728774104844871,-0.684754192471691));
#7018=DIRECTION('',(0.,0.684754192471691,-0.728774104844871));
#7019=DIRECTION('',(1.,-1.68804941289719E-32,-1.85037170770859E-16));
#7020=DIRECTION('',(1.,9.19213786160185E-32,-1.85037170770859E-16));
#7021=DIRECTION('',(4.1686795333057E-32,1.,2.25288763113871E-16));
#7022=DIRECTION('',(0.,-2.25288763113871E-16,1.));
#7023=DIRECTION('',(1.,-1.09476442525376E-47,-1.85037170770859E-16));
#7024=DIRECTION('',(1.,5.47382212626882E-48,-1.85037170770859E-16));
#7025=DIRECTION('',(-1.85037170770859E-16,0.,-1.));
#7026=DIRECTION('',(-1.,0.,1.85037170770859E-16));
#7027=DIRECTION('',(1.,5.47382212626882E-48,-1.85037170770859E-16));
#7028=DIRECTION('',(1.,5.53271197926575E-32,-1.85037170770859E-16));
#7029=DIRECTION('',(1.,-7.99384974411108E-48,-1.85037170770859E-16));
#7030=DIRECTION('',(-1.85037170770859E-16,0.,-1.));
#7031=DIRECTION('',(1.,5.47382212626882E-48,-1.85037170770859E-16));
#7032=DIRECTION('',(-1.85037170770859E-16,0.,-1.));
#7033=DIRECTION('',(-1.,-5.53271197926575E-32,1.85037170770859E-16));
#7034=DIRECTION('',(1.85037170770859E-16,0.,1.));
#7035=DIRECTION('',(-1.,7.99384974411108E-48,1.85037170770859E-16));
#7036=DIRECTION('',(1.85037170770859E-16,0.,1.));
#7037=DIRECTION('',(1.,5.47382212626882E-48,-1.85037170770859E-16));
#7038=DIRECTION('',(-1.85037170770859E-16,0.,-1.));
#7039=DIRECTION('',(1.,5.53271197926575E-32,-1.85037170770859E-16));
#7040=DIRECTION('',(-1.85037170770859E-16,0.,-1.));
#7041=DIRECTION('',(-1.,-5.53271197926575E-32,1.85037170770859E-16));
#7042=DIRECTION('',(1.85037170770859E-16,0.,1.));
#7043=DIRECTION('',(-1.,7.99384974411108E-48,1.85037170770859E-16));
#7044=DIRECTION('',(1.85037170770859E-16,0.,1.));
#7045=DIRECTION('',(1.,5.47382212626882E-48,-1.85037170770859E-16));
#7046=DIRECTION('',(-1.85037170770859E-16,0.,-1.));
#7047=DIRECTION('',(1.,5.53271197926575E-32,-1.85037170770859E-16));
#7048=DIRECTION('',(-1.85037170770859E-16,0.,-1.));
#7049=DIRECTION('',(1.,-7.99384974411108E-48,-1.85037170770859E-16));
#7050=DIRECTION('',(-1.85037170770859E-16,0.,-1.));
#7051=DIRECTION('',(1.,5.47382212626882E-48,-1.85037170770859E-16));
#7052=DIRECTION('',(-1.85037170770859E-16,0.,-1.));
#7053=DIRECTION('',(1.85037170770859E-16,0.,1.));
#7054=DIRECTION('',(1.,0.,-1.85037170770859E-16));
#7055=DIRECTION('',(1.,0.,-1.85037170770859E-16));
#7056=DIRECTION('',(1.,0.,-1.85037170770859E-16));
#7057=DIRECTION('',(-1.26704978448446E-16,0.728774104844871,-0.68475419247169));
#7058=DIRECTION('',(0.,0.68475419247169,0.728774104844871));
#7059=DIRECTION('',(1.,-1.68804941289719E-32,-1.85037170770859E-16));
#7060=DIRECTION('',(1.,3.0291620395627E-32,-1.85037170770859E-16));
#7061=DIRECTION('',(-4.30856810824885E-32,-1.,-2.32848788721719E-16));
#7062=DIRECTION('',(0.,2.32848788721719E-16,-1.));
#7063=DIRECTION('',(1.,0.,-1.85037170770859E-16));
#7064=DIRECTION('',(1.,-1.09476442525376E-47,-1.85037170770859E-16));
#7065=DIRECTION('',(1.85037170770859E-16,0.,1.));
#7066=DIRECTION('',(1.,0.,-1.85037170770859E-16));
#7067=DIRECTION('',(1.,0.,-1.85037170770859E-16));
#7068=DIRECTION('',(1.,0.,-1.85037170770859E-16));
#7069=DIRECTION('',(1.26704978448446E-16,-0.728774104844871,0.684754192471691));
#7070=DIRECTION('',(0.,-0.684754192471691,-0.728774104844871));
#7071=DIRECTION('',(1.,-2.92064457730502E-32,-1.85037170770859E-16));
#7072=DIRECTION('',(1.,3.0291620395627E-32,-1.85037170770859E-16));
#7073=DIRECTION('',(-4.30856810824885E-32,-1.,-2.32848788721719E-16));
#7074=DIRECTION('',(0.,2.32848788721719E-16,-1.));
#7075=DIRECTION('',(1.,0.,-1.85037170770859E-16));
#7076=DIRECTION('',(1.,-5.47382212626882E-48,-1.85037170770859E-16));
#7077=DIRECTION('',(-4.30856810824885E-32,-1.,-2.32848788721719E-16));
#7078=DIRECTION('',(0.,2.32848788721719E-16,-1.));
#7079=DIRECTION('',(1.,-1.09476442525376E-47,-1.85037170770859E-16));
#7080=DIRECTION('',(1.,0.,-1.85037170770859E-16));
#7081=DIRECTION('',(-1.26704978448446E-16,0.728774104844871,-0.68475419247169));
#7082=DIRECTION('',(0.,0.68475419247169,0.728774104844871));
#7083=DIRECTION('',(1.,3.0291620395627E-32,-1.85037170770859E-16));
#7084=DIRECTION('',(1.,-1.68804941289719E-32,-1.85037170770859E-16));
#7085=DIRECTION('',(1.85037170770859E-16,0.,1.));
#7086=DIRECTION('',(1.,0.,-1.85037170770859E-16));
#7087=DIRECTION('',(1.,0.,-1.85037170770859E-16));
#7088=DIRECTION('',(1.,0.,-1.85037170770859E-16));
#7089=DIRECTION('',(-4.30856810824885E-32,-1.,-2.32848788721719E-16));
#7090=DIRECTION('',(0.,2.32848788721719E-16,-1.));
#7091=DIRECTION('',(1.,-5.47382212626882E-48,-1.85037170770859E-16));
#7092=DIRECTION('',(1.,0.,-1.85037170770859E-16));
#7093=DIRECTION('',(1.26704978448446E-16,-0.728774104844871,0.684754192471691));
#7094=DIRECTION('',(0.,-0.684754192471691,-0.728774104844871));
#7095=DIRECTION('',(1.,-2.92064457730502E-32,-1.85037170770859E-16));
#7096=DIRECTION('',(1.,3.0291620395627E-32,-1.85037170770859E-16));
#7097=DIRECTION('',(1.85037170770859E-16,0.,1.));
#7098=DIRECTION('',(1.,0.,-1.85037170770859E-16));
#7099=DIRECTION('',(1.,0.,-1.85037170770859E-16));
#7100=DIRECTION('',(1.,0.,-1.85037170770859E-16));
#7101=DIRECTION('',(1.,0.,-1.85037170770859E-16));
#7102=DIRECTION('',(-1.85037170770859E-16,0.,-1.));
#7103=DIRECTION('',(-1.,0.,1.85037170770859E-16));
#7104=DIRECTION('',(1.85037170770859E-16,0.,1.));
#7105=DIRECTION('',(-1.,0.,1.85037170770859E-16));
#7106=DIRECTION('',(1.85037170770859E-16,0.,1.));
#7107=DIRECTION('',(1.,-3.99692487205554E-48,-1.85037170770859E-16));
#7108=DIRECTION('',(-1.85037170770859E-16,0.,-1.));
#7109=DIRECTION('',(-1.,0.,1.85037170770859E-16));
#7110=DIRECTION('',(1.85037170770859E-16,0.,1.));
#7111=DIRECTION('',(-1.,3.99692487205554E-48,1.85037170770859E-16));
#7112=DIRECTION('',(1.85037170770859E-16,0.,1.));
#7113=DIRECTION('',(1.,0.,-1.85037170770859E-16));
#7114=DIRECTION('',(-1.85037170770859E-16,0.,-1.));
#7115=DIRECTION('',(-1.,3.99692487205554E-48,1.85037170770859E-16));
#7116=DIRECTION('',(1.85037170770859E-16,0.,1.));
#7117=DIRECTION('',(-1.,0.,1.85037170770859E-16));
#7118=DIRECTION('',(1.85037170770859E-16,0.,1.));
#7119=DIRECTION('',(-1.,0.,1.85037170770859E-16));
#7120=DIRECTION('',(1.85037170770859E-16,0.,1.));
#7121=DIRECTION('',(1.,-3.99692487205554E-48,-1.85037170770859E-16));
#7122=DIRECTION('',(-1.85037170770859E-16,0.,-1.));
#7123=DIRECTION('',(-1.,0.,1.85037170770859E-16));
#7124=DIRECTION('',(1.85037170770859E-16,0.,1.));
#7125=DIRECTION('',(0.,1.,0.));
#7126=DIRECTION('',(0.,0.,1.));
#7127=DIRECTION('',(1.,0.,-1.85037170770859E-16));
#7128=DIRECTION('',(1.,0.,-1.85037170770859E-16));
#7129=DIRECTION('',(-1.26704978448446E-16,-0.728774104844871,-0.684754192471691));
#7130=DIRECTION('',(0.,0.684754192471691,-0.728774104844871));
#7131=DIRECTION('',(1.,-1.23259516440783E-32,-1.85037170770859E-16));
#7132=DIRECTION('',(1.,1.68804941289719E-32,-1.85037170770859E-16));
#7133=DIRECTION('',(-1.85037170770859E-16,0.,-1.));
#7134=DIRECTION('',(-1.,0.,1.85037170770859E-16));
#7135=DIRECTION('',(1.,-1.23259516440783E-32,-1.85037170770859E-16));
#7136=DIRECTION('',(1.,0.,-1.85037170770859E-16));
#7137=DIRECTION('',(0.,1.,0.));
#7138=DIRECTION('',(0.,0.,1.));
#7139=DIRECTION('',(1.,0.,-1.85037170770859E-16));
#7140=DIRECTION('',(1.,0.,-1.85037170770859E-16));
#7141=DIRECTION('',(1.26704978448446E-16,0.728774104844871,0.684754192471691));
#7142=DIRECTION('',(0.,-0.684754192471691,0.728774104844871));
#7143=DIRECTION('',(1.,3.0291620395627E-32,-1.85037170770859E-16));
#7144=DIRECTION('',(1.,3.0291620395627E-32,-1.85037170770859E-16));
#7145=DIRECTION('',(-1.85037170770859E-16,0.,-1.));
#7146=DIRECTION('',(-1.,0.,1.85037170770859E-16));
#7147=DIRECTION('',(1.,0.,-1.85037170770859E-16));
#7148=DIRECTION('',(1.,-1.23259516440783E-32,-1.85037170770859E-16));
#7149=DIRECTION('',(-1.85037170770859E-16,0.,-1.));
#7150=DIRECTION('',(-1.,0.,1.85037170770859E-16));
#7151=DIRECTION('',(1.,0.,-1.85037170770859E-16));
#7152=DIRECTION('',(1.,-1.23259516440783E-32,-1.85037170770859E-16));
#7153=DIRECTION('',(-1.26704978448446E-16,-0.728774104844871,-0.684754192471691));
#7154=DIRECTION('',(0.,0.684754192471691,-0.728774104844871));
#7155=DIRECTION('',(1.,1.68804941289719E-32,-1.85037170770859E-16));
#7156=DIRECTION('',(1.,-1.23259516440783E-32,-1.85037170770859E-16));
#7157=DIRECTION('',(0.,1.,0.));
#7158=DIRECTION('',(0.,0.,1.));
#7159=DIRECTION('',(1.,0.,-1.85037170770859E-16));
#7160=DIRECTION('',(1.,0.,-1.85037170770859E-16));
#7161=DIRECTION('',(-1.85037170770859E-16,0.,-1.));
#7162=DIRECTION('',(-1.,0.,1.85037170770859E-16));
#7163=DIRECTION('',(1.,0.,-1.85037170770859E-16));
#7164=DIRECTION('',(1.,-1.23259516440783E-32,-1.85037170770859E-16));
#7165=DIRECTION('',(1.26704978448446E-16,0.728774104844871,0.684754192471691));
#7166=DIRECTION('',(0.,-0.684754192471691,0.728774104844871));
#7167=DIRECTION('',(1.,3.0291620395627E-32,-1.85037170770859E-16));
#7168=DIRECTION('',(1.,3.0291620395627E-32,-1.85037170770859E-16));
#7169=DIRECTION('',(0.,1.,0.));
#7170=DIRECTION('',(0.,0.,1.));
#7171=DIRECTION('',(1.,0.,-1.85037170770859E-16));
#7172=DIRECTION('',(1.,0.,-1.85037170770859E-16));
#7173=DIRECTION('',(1.,0.,-1.85037170770859E-16));
#7174=DIRECTION('',(-1.85037170770859E-16,0.,-1.));
#7175=DIRECTION('',(-1.,0.,1.85037170770859E-16));
#7176=DIRECTION('',(1.85037170770859E-16,0.,1.));
#7177=DIRECTION('',(1.,-1.23259516440783E-32,-1.85037170770859E-16));
#7178=DIRECTION('',(-1.85037170770859E-16,0.,-1.));
#7179=DIRECTION('',(1.,0.,-1.85037170770859E-16));
#7180=DIRECTION('',(-1.85037170770859E-16,0.,-1.));
#7181=DIRECTION('',(1.,0.,-1.85037170770859E-16));
#7182=DIRECTION('',(-1.85037170770859E-16,0.,-1.));
#7183=DIRECTION('',(-1.,1.23259516440783E-32,1.85037170770859E-16));
#7184=DIRECTION('',(1.85037170770859E-16,0.,1.));
#7185=DIRECTION('',(1.,0.,-1.85037170770859E-16));
#7186=DIRECTION('',(-1.85037170770859E-16,0.,-1.));
#7187=DIRECTION('',(-1.,1.23259516440783E-32,1.85037170770859E-16));
#7188=DIRECTION('',(1.85037170770859E-16,0.,1.));
#7189=DIRECTION('',(1.,0.,-1.85037170770859E-16));
#7190=DIRECTION('',(-1.85037170770859E-16,0.,-1.));
#7191=DIRECTION('',(1.,-1.23259516440783E-32,-1.85037170770859E-16));
#7192=DIRECTION('',(-1.85037170770859E-16,0.,-1.));
#7193=DIRECTION('',(1.,0.,-1.85037170770859E-16));
#7194=DIRECTION('',(-1.85037170770859E-16,0.,-1.));
#7195=DIRECTION('',(-1.,0.,1.85037170770859E-16));
#7196=DIRECTION('',(1.85037170770859E-16,0.,1.));
#7197=DIRECTION('',(0.,-1.,0.));
#7198=DIRECTION('',(0.,0.,-1.));
#7199=DIRECTION('',(0.,0.,-1.));
#7200=DIRECTION('',(0.,0.,-1.));
#7201=DIRECTION('',(-0.316227766016838,0.948683298050514,0.));
#7202=DIRECTION('',(-0.948683298050514,-0.316227766016838,0.));
#7203=DIRECTION('',(0.,0.,-1.));
#7204=DIRECTION('',(-1.23908819712629E-16,-1.,0.));
#7205=DIRECTION('',(1.,-1.23908819712629E-16,0.));
#7206=DIRECTION('',(0.,0.,-1.));
#7207=DIRECTION('',(-0.316227766016838,0.948683298050514,0.));
#7208=DIRECTION('',(-0.948683298050514,-0.316227766016838,0.));
#7209=DIRECTION('',(-3.17919585758546E-16,-1.,0.));
#7210=DIRECTION('',(1.,-3.17919585758546E-16,0.));
#7211=DIRECTION('',(0.,0.,-1.));
#7212=DIRECTION('',(0.,0.,-1.));
#7213=DIRECTION('',(-0.316227766016838,0.948683298050514,0.));
#7214=DIRECTION('',(-0.948683298050514,-0.316227766016838,0.));
#7215=DIRECTION('',(0.,0.,-1.));
#7216=DIRECTION('',(1.23908819712629E-16,1.,0.));
#7217=DIRECTION('',(-1.,1.23908819712629E-16,0.));
#7218=DIRECTION('',(0.,0.,-1.));
#7219=DIRECTION('',(-0.316227766016838,0.948683298050514,0.));
#7220=DIRECTION('',(-0.948683298050514,-0.316227766016838,0.));
#7221=DIRECTION('',(0.,-1.,0.));
#7222=DIRECTION('',(0.,0.,-1.));
#7223=DIRECTION('',(0.,0.,-1.));
#7224=DIRECTION('',(0.,0.,-1.));
#7225=DIRECTION('',(-0.316227766016838,0.948683298050514,0.));
#7226=DIRECTION('',(-0.948683298050514,-0.316227766016838,0.));
#7227=DIRECTION('',(0.,0.,-1.));
#7228=DIRECTION('',(-2.47817639425258E-16,-1.,0.));
#7229=DIRECTION('',(1.,-2.47817639425258E-16,0.));
#7230=DIRECTION('',(0.,0.,-1.));
#7231=DIRECTION('',(-0.316227766016838,0.948683298050514,0.));
#7232=DIRECTION('',(-0.948683298050514,-0.316227766016838,0.));
#7233=DIRECTION('',(-0.316227766016838,-0.948683298050514,0.));
#7234=DIRECTION('',(0.948683298050514,-0.316227766016838,0.));
#7235=DIRECTION('',(0.,0.,-1.));
#7236=DIRECTION('',(0.,0.,-1.));
#7237=DIRECTION('',(0.,1.,0.));
#7238=DIRECTION('',(0.,0.,1.));
#7239=DIRECTION('',(0.,0.,-1.));
#7240=DIRECTION('',(-0.316227766016838,-0.948683298050514,0.));
#7241=DIRECTION('',(0.948683298050514,-0.316227766016838,0.));
#7242=DIRECTION('',(0.,0.,-1.));
#7243=DIRECTION('',(0.,1.,0.));
#7244=DIRECTION('',(0.,0.,1.));
#7245=DIRECTION('',(0.,1.,0.));
#7246=DIRECTION('',(0.,0.,1.));
#7247=DIRECTION('',(0.,0.,-1.));
#7248=DIRECTION('',(0.,0.,-1.));
#7249=DIRECTION('',(-0.316227766016838,-0.948683298050514,0.));
#7250=DIRECTION('',(0.948683298050514,-0.316227766016838,0.));
#7251=DIRECTION('',(0.,0.,-1.));
#7252=DIRECTION('',(0.,1.,0.));
#7253=DIRECTION('',(0.,0.,1.));
#7254=DIRECTION('',(0.,0.,-1.));
#7255=DIRECTION('',(0.316227766016838,0.948683298050514,0.));
#7256=DIRECTION('',(-0.948683298050514,0.316227766016838,0.));
#7257=DIRECTION('',(-0.316227766016838,-0.948683298050514,0.));
#7258=DIRECTION('',(0.948683298050514,-0.316227766016838,0.));
#7259=DIRECTION('',(0.,0.,-1.));
#7260=DIRECTION('',(0.,0.,-1.));
#7261=DIRECTION('',(-2.4551353090562E-16,-1.,0.));
#7262=DIRECTION('',(1.,-2.4551353090562E-16,0.));
#7263=DIRECTION('',(0.,0.,-1.));
#7264=DIRECTION('',(-0.316227766016838,-0.948683298050514,0.));
#7265=DIRECTION('',(0.948683298050514,-0.316227766016838,0.));
#7266=DIRECTION('',(0.,0.,-1.));
#7267=DIRECTION('',(0.,-1.,0.));
#7268=DIRECTION('',(0.,0.,-1.));
#7269=DIRECTION('',(-0.316227766016838,0.948683298050514,0.));
#7270=DIRECTION('',(-0.948683298050514,-0.316227766016838,0.));
#7271=DIRECTION('',(0.,0.,-1.));
#7272=DIRECTION('',(0.,0.,-1.));
#7273=DIRECTION('',(-1.23908819712629E-16,-1.,0.));
#7274=DIRECTION('',(1.,-1.23908819712629E-16,0.));
#7275=DIRECTION('',(0.,0.,-1.));
#7276=DIRECTION('',(-0.316227766016838,0.948683298050514,0.));
#7277=DIRECTION('',(-0.948683298050514,-0.316227766016838,0.));
#7278=DIRECTION('',(0.,0.,-1.));
#7279=DIRECTION('',(0.,-1.,0.));
#7280=DIRECTION('',(0.,0.,-1.));
#7281=DIRECTION('',(-0.316227766016838,0.948683298050514,0.));
#7282=DIRECTION('',(-0.948683298050514,-0.316227766016838,0.));
#7283=DIRECTION('',(0.,0.,-1.));
#7284=DIRECTION('',(0.,0.,-1.));
#7285=DIRECTION('',(1.23908819712629E-16,1.,0.));
#7286=DIRECTION('',(-1.,1.23908819712629E-16,0.));
#7287=DIRECTION('',(0.,0.,-1.));
#7288=DIRECTION('',(-0.316227766016838,0.948683298050514,0.));
#7289=DIRECTION('',(-0.948683298050514,-0.316227766016838,0.));
#7290=DIRECTION('',(0.,0.,-1.));
#7291=DIRECTION('',(-3.17919585758546E-16,-1.,0.));
#7292=DIRECTION('',(1.,-3.17919585758546E-16,0.));
#7293=DIRECTION('',(-0.316227766016838,0.948683298050514,0.));
#7294=DIRECTION('',(-0.948683298050514,-0.316227766016838,0.));
#7295=DIRECTION('',(0.,0.,-1.));
#7296=DIRECTION('',(0.,0.,-1.));
#7297=DIRECTION('',(-2.47817639425258E-16,-1.,0.));
#7298=DIRECTION('',(1.,-2.47817639425258E-16,0.));
#7299=DIRECTION('',(0.,0.,-1.));
#7300=DIRECTION('',(-0.316227766016838,0.948683298050514,0.));
#7301=DIRECTION('',(-0.948683298050514,-0.316227766016838,0.));
#7302=DIRECTION('',(0.,0.,-1.));
#7303=DIRECTION('',(0.,-1.,0.));
#7304=DIRECTION('',(0.,0.,-1.));
#7305=DIRECTION('',(0.,1.,0.));
#7306=DIRECTION('',(0.,0.,1.));
#7307=DIRECTION('',(0.,0.,-1.));
#7308=DIRECTION('',(0.,0.,-1.));
#7309=DIRECTION('',(-0.316227766016838,-0.948683298050514,0.));
#7310=DIRECTION('',(0.948683298050514,-0.316227766016838,0.));
#7311=DIRECTION('',(0.,0.,-1.));
#7312=DIRECTION('',(0.,1.,0.));
#7313=DIRECTION('',(0.,0.,1.));
#7314=DIRECTION('',(0.,0.,-1.));
#7315=DIRECTION('',(-0.316227766016838,-0.948683298050514,0.));
#7316=DIRECTION('',(0.948683298050514,-0.316227766016838,0.));
#7317=DIRECTION('',(0.316227766016838,0.948683298050514,0.));
#7318=DIRECTION('',(-0.948683298050514,0.316227766016838,0.));
#7319=DIRECTION('',(0.,0.,-1.));
#7320=DIRECTION('',(0.,0.,-1.));
#7321=DIRECTION('',(0.,1.,0.));
#7322=DIRECTION('',(0.,0.,1.));
#7323=DIRECTION('',(0.,0.,-1.));
#7324=DIRECTION('',(-0.316227766016838,-0.948683298050514,0.));
#7325=DIRECTION('',(0.948683298050514,-0.316227766016838,0.));
#7326=DIRECTION('',(0.,0.,-1.));
#7327=DIRECTION('',(0.,1.,0.));
#7328=DIRECTION('',(0.,0.,1.));
#7329=DIRECTION('',(0.,-1.,0.));
#7330=DIRECTION('',(0.,0.,-1.));
#7331=DIRECTION('',(0.,0.,-1.));
#7332=DIRECTION('',(0.,0.,-1.));
#7333=DIRECTION('',(-0.316227766016838,-0.948683298050514,0.));
#7334=DIRECTION('',(0.948683298050514,-0.316227766016838,0.));
#7335=DIRECTION('',(0.,0.,-1.));
#7336=DIRECTION('',(-2.4551353090562E-16,-1.,0.));
#7337=DIRECTION('',(1.,-2.4551353090562E-16,0.));
#7338=DIRECTION('',(0.,0.,-1.));
#7339=DIRECTION('',(-0.316227766016838,-0.948683298050514,0.));
#7340=DIRECTION('',(0.948683298050514,-0.316227766016838,0.));
#7341=DIRECTION('',(-1.,-1.07028653147424E-15,0.));
#7342=DIRECTION('',(1.07028653147424E-15,-1.,0.));
#7343=DIRECTION('',(0.,0.,-1.));
#7344=DIRECTION('',(0.,0.,-1.));
#7345=DIRECTION('',(-0.5,-0.866025403784439,0.));
#7346=DIRECTION('',(0.866025403784439,-0.5,0.));
#7347=DIRECTION('',(0.,0.,-1.));
#7348=DIRECTION('',(-0.5,0.866025403784439,0.));
#7349=DIRECTION('',(-0.866025403784439,-0.5,0.));
#7350=DIRECTION('',(0.,0.,-1.));
#7351=DIRECTION('',(0.5,-0.866025403784439,0.));
#7352=DIRECTION('',(0.866025403784439,0.5,0.));
#7353=DIRECTION('',(0.,0.,-1.));
#7354=DIRECTION('',(1.,5.35143265737119E-16,0.));
#7355=DIRECTION('',(-5.35143265737119E-16,1.,0.));
#7356=DIRECTION('',(0.,0.,-1.));
#7357=DIRECTION('',(0.5,0.866025403784439,0.));
#7358=DIRECTION('',(-0.866025403784439,0.5,0.));
#7359=DIRECTION('',(-1.,-1.07028653147424E-15,0.));
#7360=DIRECTION('',(1.07028653147424E-15,-1.,0.));
#7361=DIRECTION('',(0.,0.,-1.));
#7362=DIRECTION('',(0.,0.,-1.));
#7363=DIRECTION('',(-0.5,0.866025403784439,0.));
#7364=DIRECTION('',(-0.866025403784439,-0.5,0.));
#7365=DIRECTION('',(0.,0.,-1.));
#7366=DIRECTION('',(0.5,0.866025403784439,0.));
#7367=DIRECTION('',(-0.866025403784439,0.5,0.));
#7368=DIRECTION('',(0.,0.,-1.));
#7369=DIRECTION('',(1.,5.35143265737119E-16,0.));
#7370=DIRECTION('',(-5.35143265737119E-16,1.,0.));
#7371=DIRECTION('',(0.,0.,-1.));
#7372=DIRECTION('',(0.5,-0.866025403784439,0.));
#7373=DIRECTION('',(0.866025403784439,0.5,0.));
#7374=DIRECTION('',(0.,0.,-1.));
#7375=DIRECTION('',(-0.5,-0.866025403784439,0.));
#7376=DIRECTION('',(0.866025403784439,-0.5,0.));
#7377=DIRECTION('',(0.5,-0.866025403784439,0.));
#7378=DIRECTION('',(0.866025403784439,0.5,0.));
#7379=DIRECTION('',(0.,0.,-1.));
#7380=DIRECTION('',(0.,0.,-1.));
#7381=DIRECTION('',(1.,-2.6757163286856E-16,0.));
#7382=DIRECTION('',(2.6757163286856E-16,1.,0.));
#7383=DIRECTION('',(0.,0.,-1.));
#7384=DIRECTION('',(0.5,0.866025403784439,0.));
#7385=DIRECTION('',(-0.866025403784439,0.5,0.));
#7386=DIRECTION('',(0.,0.,-1.));
#7387=DIRECTION('',(-0.5,0.866025403784438,0.));
#7388=DIRECTION('',(-0.866025403784438,-0.5,0.));
#7389=DIRECTION('',(0.,0.,-1.));
#7390=DIRECTION('',(-1.,0.,0.));
#7391=DIRECTION('',(0.,0.,1.));
#7392=DIRECTION('',(0.,0.,-1.));
#7393=DIRECTION('',(-0.5,-0.866025403784439,0.));
#7394=DIRECTION('',(0.866025403784439,-0.5,0.));
#7395=DIRECTION('',(0.5,-0.866025403784439,0.));
#7396=DIRECTION('',(0.866025403784439,0.5,0.));
#7397=DIRECTION('',(0.,0.,-1.));
#7398=DIRECTION('',(0.,0.,-1.));
#7399=DIRECTION('',(1.,-2.6757163286856E-16,0.));
#7400=DIRECTION('',(2.6757163286856E-16,1.,0.));
#7401=DIRECTION('',(0.,0.,-1.));
#7402=DIRECTION('',(0.5,0.866025403784439,0.));
#7403=DIRECTION('',(-0.866025403784439,0.5,0.));
#7404=DIRECTION('',(0.,0.,-1.));
#7405=DIRECTION('',(-0.5,0.866025403784438,0.));
#7406=DIRECTION('',(-0.866025403784438,-0.5,0.));
#7407=DIRECTION('',(0.,0.,-1.));
#7408=DIRECTION('',(-1.,1.3378581643428E-16,0.));
#7409=DIRECTION('',(-1.3378581643428E-16,-1.,0.));
#7410=DIRECTION('',(0.,0.,-1.));
#7411=DIRECTION('',(-0.5,-0.866025403784439,0.));
#7412=DIRECTION('',(0.866025403784439,-0.5,0.));
#7413=DIRECTION('',(0.5,-0.866025403784438,0.));
#7414=DIRECTION('',(0.866025403784438,0.5,0.));
#7415=DIRECTION('',(0.,0.,-1.));
#7416=DIRECTION('',(0.,0.,-1.));
#7417=DIRECTION('',(1.,-5.35143265737119E-16,0.));
#7418=DIRECTION('',(5.35143265737119E-16,1.,0.));
#7419=DIRECTION('',(0.,0.,-1.));
#7420=DIRECTION('',(0.5,0.866025403784439,0.));
#7421=DIRECTION('',(-0.866025403784439,0.5,0.));
#7422=DIRECTION('',(0.,0.,-1.));
#7423=DIRECTION('',(-0.5,0.866025403784439,0.));
#7424=DIRECTION('',(-0.866025403784439,-0.5,0.));
#7425=DIRECTION('',(0.,0.,-1.));
#7426=DIRECTION('',(-1.,0.,0.));
#7427=DIRECTION('',(0.,0.,1.));
#7428=DIRECTION('',(0.,0.,-1.));
#7429=DIRECTION('',(-0.5,-0.866025403784439,0.));
#7430=DIRECTION('',(0.866025403784439,-0.5,0.));
#7431=DIRECTION('',(0.5,-0.866025403784438,0.));
#7432=DIRECTION('',(0.866025403784438,0.5,0.));
#7433=DIRECTION('',(0.,0.,-1.));
#7434=DIRECTION('',(0.,0.,-1.));
#7435=DIRECTION('',(0.5,0.866025403784439,0.));
#7436=DIRECTION('',(-0.866025403784439,0.5,0.));
#7437=DIRECTION('',(0.,0.,-1.));
#7438=DIRECTION('',(0.,0.,-1.));
#7439=DIRECTION('',(-0.5,0.866025403784439,0.));
#7440=DIRECTION('',(-0.866025403784439,-0.5,0.));
#7441=DIRECTION('',(0.,0.,-1.));
#7442=DIRECTION('',(-1.,5.35143265737119E-16,0.));
#7443=DIRECTION('',(-5.35143265737119E-16,-1.,0.));
#7444=DIRECTION('',(0.,0.,-1.));
#7445=DIRECTION('',(-0.5,-0.866025403784439,0.));
#7446=DIRECTION('',(0.866025403784439,-0.5,0.));
#7447=DIRECTION('',(1.,-1.07028653147424E-15,0.));
#7448=DIRECTION('',(1.07028653147424E-15,1.,0.));
#7449=DIRECTION('',(-0.5,-0.866025403784439,0.));
#7450=DIRECTION('',(0.866025403784439,-0.5,0.));
#7451=DIRECTION('',(0.,0.,-1.));
#7452=DIRECTION('',(0.,0.,-1.));
#7453=DIRECTION('',(-1.,0.,0.));
#7454=DIRECTION('',(0.,0.,1.));
#7455=DIRECTION('',(0.,0.,-1.));
#7456=DIRECTION('',(-0.5,0.866025403784438,0.));
#7457=DIRECTION('',(-0.866025403784438,-0.5,0.));
#7458=DIRECTION('',(0.,0.,-1.));
#7459=DIRECTION('',(0.5,0.866025403784439,0.));
#7460=DIRECTION('',(-0.866025403784439,0.5,0.));
#7461=DIRECTION('',(0.,0.,-1.));
#7462=DIRECTION('',(1.,-2.6757163286856E-16,0.));
#7463=DIRECTION('',(2.6757163286856E-16,1.,0.));
#7464=DIRECTION('',(0.,0.,-1.));
#7465=DIRECTION('',(0.5,-0.866025403784439,0.));
#7466=DIRECTION('',(0.866025403784439,0.5,0.));
#7467=DIRECTION('',(-0.5,-0.866025403784439,0.));
#7468=DIRECTION('',(0.866025403784439,-0.5,0.));
#7469=DIRECTION('',(0.,0.,-1.));
#7470=DIRECTION('',(0.,0.,-1.));
#7471=DIRECTION('',(-1.,1.3378581643428E-16,0.));
#7472=DIRECTION('',(-1.3378581643428E-16,-1.,0.));
#7473=DIRECTION('',(0.,0.,-1.));
#7474=DIRECTION('',(-0.5,0.866025403784438,0.));
#7475=DIRECTION('',(-0.866025403784438,-0.5,0.));
#7476=DIRECTION('',(0.,0.,-1.));
#7477=DIRECTION('',(0.5,0.866025403784439,0.));
#7478=DIRECTION('',(-0.866025403784439,0.5,0.));
#7479=DIRECTION('',(0.,0.,-1.));
#7480=DIRECTION('',(1.,-2.6757163286856E-16,0.));
#7481=DIRECTION('',(2.6757163286856E-16,1.,0.));
#7482=DIRECTION('',(0.,0.,-1.));
#7483=DIRECTION('',(0.5,-0.866025403784439,0.));
#7484=DIRECTION('',(0.866025403784439,0.5,0.));
#7485=DIRECTION('',(-0.5,-0.866025403784439,0.));
#7486=DIRECTION('',(0.866025403784439,-0.5,0.));
#7487=DIRECTION('',(0.,0.,-1.));
#7488=DIRECTION('',(0.,0.,-1.));
#7489=DIRECTION('',(-1.,0.,0.));
#7490=DIRECTION('',(0.,0.,1.));
#7491=DIRECTION('',(0.,0.,-1.));
#7492=DIRECTION('',(-0.5,0.866025403784439,0.));
#7493=DIRECTION('',(-0.866025403784439,-0.5,0.));
#7494=DIRECTION('',(0.,0.,-1.));
#7495=DIRECTION('',(0.5,0.866025403784439,0.));
#7496=DIRECTION('',(-0.866025403784439,0.5,0.));
#7497=DIRECTION('',(0.,0.,-1.));
#7498=DIRECTION('',(1.,-5.35143265737119E-16,0.));
#7499=DIRECTION('',(5.35143265737119E-16,1.,0.));
#7500=DIRECTION('',(0.,0.,-1.));
#7501=DIRECTION('',(0.5,-0.866025403784438,0.));
#7502=DIRECTION('',(0.866025403784438,0.5,0.));
#7503=DIRECTION('',(1.,-1.07028653147424E-15,0.));
#7504=DIRECTION('',(1.07028653147424E-15,1.,0.));
#7505=DIRECTION('',(0.,0.,-1.));
#7506=DIRECTION('',(0.,0.,-1.));
#7507=DIRECTION('',(-0.5,-0.866025403784439,0.));
#7508=DIRECTION('',(0.866025403784439,-0.5,0.));
#7509=DIRECTION('',(0.,0.,-1.));
#7510=DIRECTION('',(0.,0.,-1.));
#7511=DIRECTION('',(-1.,5.35143265737119E-16,0.));
#7512=DIRECTION('',(-5.35143265737119E-16,-1.,0.));
#7513=DIRECTION('',(0.,0.,-1.));
#7514=DIRECTION('',(-0.5,0.866025403784439,0.));
#7515=DIRECTION('',(-0.866025403784439,-0.5,0.));
#7516=DIRECTION('',(0.,0.,-1.));
#7517=DIRECTION('',(0.5,0.866025403784439,0.));
#7518=DIRECTION('',(-0.866025403784439,0.5,0.));
#7519=DIRECTION('',(0.5,-0.866025403784438,0.));
#7520=DIRECTION('',(0.866025403784438,0.5,0.));
#7521=DIRECTION('',(-1.,0.,0.));
#7522=DIRECTION('',(0.,0.,1.));
#7523=DIRECTION('',(0.,0.,-1.));
#7524=DIRECTION('',(0.,0.,-1.));
#7525=DIRECTION('',(-0.5,-0.866025403784439,0.));
#7526=DIRECTION('',(0.866025403784439,-0.5,0.));
#7527=DIRECTION('',(0.,0.,-1.));
#7528=DIRECTION('',(0.5,-0.866025403784439,0.));
#7529=DIRECTION('',(0.866025403784439,0.5,0.));
#7530=DIRECTION('',(0.,0.,-1.));
#7531=DIRECTION('',(0.5,0.866025403784439,0.));
#7532=DIRECTION('',(-0.866025403784439,0.5,0.));
#7533=DIRECTION('',(0.,0.,-1.));
#7534=DIRECTION('',(0.,0.,-1.));
#7535=DIRECTION('',(-0.5,0.866025403784439,0.));
#7536=DIRECTION('',(-0.866025403784439,-0.5,0.));
#7537=DIRECTION('',(1.,0.,0.));
#7538=DIRECTION('',(0.,0.,-1.));
#7539=DIRECTION('',(-1.,0.,0.));
#7540=DIRECTION('',(0.,0.,1.));
#7541=DIRECTION('',(0.,0.,-1.));
#7542=DIRECTION('',(0.,0.,-1.));
#7543=DIRECTION('',(-0.5,0.866025403784439,0.));
#7544=DIRECTION('',(-0.866025403784439,-0.5,0.));
#7545=DIRECTION('',(0.,0.,-1.));
#7546=DIRECTION('',(-0.5,-0.866025403784439,0.));
#7547=DIRECTION('',(0.866025403784439,-0.5,0.));
#7548=DIRECTION('',(0.,0.,-1.));
#7549=DIRECTION('',(0.5,0.866025403784439,0.));
#7550=DIRECTION('',(-0.866025403784439,0.5,0.));
#7551=DIRECTION('',(0.,0.,-1.));
#7552=DIRECTION('',(1.,0.,0.));
#7553=DIRECTION('',(0.,0.,-1.));
#7554=DIRECTION('',(0.,0.,-1.));
#7555=DIRECTION('',(0.5,-0.866025403784439,0.));
#7556=DIRECTION('',(0.866025403784439,0.5,0.));
#7557=DIRECTION('',(-0.5,0.866025403784439,0.));
#7558=DIRECTION('',(-0.866025403784439,-0.5,0.));
#7559=DIRECTION('',(0.,0.,-1.));
#7560=DIRECTION('',(0.,0.,-1.));
#7561=DIRECTION('',(-1.,-2.89120579329468E-15,0.));
#7562=DIRECTION('',(2.89120579329468E-15,-1.,0.));
#7563=DIRECTION('',(0.,0.,-1.));
#7564=DIRECTION('',(-0.5,-0.866025403784439,0.));
#7565=DIRECTION('',(0.866025403784439,-0.5,0.));
#7566=DIRECTION('',(0.,0.,-1.));
#7567=DIRECTION('',(0.5,-0.866025403784439,0.));
#7568=DIRECTION('',(0.866025403784439,0.5,0.));
#7569=DIRECTION('',(0.,0.,-1.));
#7570=DIRECTION('',(1.,2.31296463463574E-15,0.));
#7571=DIRECTION('',(-2.31296463463574E-15,1.,0.));
#7572=DIRECTION('',(0.,0.,-1.));
#7573=DIRECTION('',(0.5,0.866025403784439,0.));
#7574=DIRECTION('',(-0.866025403784439,0.5,0.));
#7575=DIRECTION('',(-0.5,0.866025403784439,0.));
#7576=DIRECTION('',(-0.866025403784439,-0.5,0.));
#7577=DIRECTION('',(0.,0.,-1.));
#7578=DIRECTION('',(0.,0.,-1.));
#7579=DIRECTION('',(-1.,-2.60208521396521E-15,0.));
#7580=DIRECTION('',(2.60208521396521E-15,-1.,0.));
#7581=DIRECTION('',(0.,0.,-1.));
#7582=DIRECTION('',(-0.5,-0.866025403784439,0.));
#7583=DIRECTION('',(0.866025403784439,-0.5,0.));
#7584=DIRECTION('',(0.,0.,-1.));
#7585=DIRECTION('',(0.5,-0.866025403784438,0.));
#7586=DIRECTION('',(0.866025403784438,0.5,0.));
#7587=DIRECTION('',(0.,0.,-1.));
#7588=DIRECTION('',(1.,2.89120579329468E-15,0.));
#7589=DIRECTION('',(-2.89120579329468E-15,1.,0.));
#7590=DIRECTION('',(0.,0.,-1.));
#7591=DIRECTION('',(0.5,0.866025403784439,0.));
#7592=DIRECTION('',(-0.866025403784439,0.5,0.));
#7593=DIRECTION('',(-0.5,0.866025403784439,0.));
#7594=DIRECTION('',(-0.866025403784439,-0.5,0.));
#7595=DIRECTION('',(0.,0.,-1.));
#7596=DIRECTION('',(0.,0.,-1.));
#7597=DIRECTION('',(-1.,-2.60208521396521E-15,0.));
#7598=DIRECTION('',(2.60208521396521E-15,-1.,0.));
#7599=DIRECTION('',(0.,0.,-1.));
#7600=DIRECTION('',(-0.5,-0.866025403784439,0.));
#7601=DIRECTION('',(0.866025403784439,-0.5,0.));
#7602=DIRECTION('',(0.,0.,-1.));
#7603=DIRECTION('',(0.5,-0.866025403784439,0.));
#7604=DIRECTION('',(0.866025403784439,0.5,0.));
#7605=DIRECTION('',(0.,0.,-1.));
#7606=DIRECTION('',(1.,2.88668828424265E-15,0.));
#7607=DIRECTION('',(-2.88668828424265E-15,1.,0.));
#7608=DIRECTION('',(0.,0.,-1.));
#7609=DIRECTION('',(0.5,0.866025403784439,0.));
#7610=DIRECTION('',(-0.866025403784439,0.5,0.));
#7611=DIRECTION('',(-0.5,0.866025403784438,0.));
#7612=DIRECTION('',(-0.866025403784438,-0.5,0.));
#7613=DIRECTION('',(0.,0.,-1.));
#7614=DIRECTION('',(0.,0.,-1.));
#7615=DIRECTION('',(-1.,-2.89120579329468E-15,0.));
#7616=DIRECTION('',(2.89120579329468E-15,-1.,0.));
#7617=DIRECTION('',(0.,0.,-1.));
#7618=DIRECTION('',(-0.5,-0.866025403784439,0.));
#7619=DIRECTION('',(0.866025403784439,-0.5,0.));
#7620=DIRECTION('',(0.,0.,-1.));
#7621=DIRECTION('',(0.5,-0.866025403784439,0.));
#7622=DIRECTION('',(0.866025403784439,0.5,0.));
#7623=DIRECTION('',(0.,0.,-1.));
#7624=DIRECTION('',(1.,2.89120579329467E-15,0.));
#7625=DIRECTION('',(-2.89120579329467E-15,1.,0.));
#7626=DIRECTION('',(0.,0.,-1.));
#7627=DIRECTION('',(0.5,0.866025403784439,0.));
#7628=DIRECTION('',(-0.866025403784439,0.5,0.));
#7629=DIRECTION('',(0.5,0.866025403784439,0.));
#7630=DIRECTION('',(-0.866025403784439,0.5,0.));
#7631=DIRECTION('',(0.,0.,-1.));
#7632=DIRECTION('',(0.,0.,-1.));
#7633=DIRECTION('',(1.,2.31296463463574E-15,0.));
#7634=DIRECTION('',(-2.31296463463574E-15,1.,0.));
#7635=DIRECTION('',(0.,0.,-1.));
#7636=DIRECTION('',(0.5,-0.866025403784439,0.));
#7637=DIRECTION('',(0.866025403784439,0.5,0.));
#7638=DIRECTION('',(0.,0.,-1.));
#7639=DIRECTION('',(-0.5,-0.866025403784439,0.));
#7640=DIRECTION('',(0.866025403784439,-0.5,0.));
#7641=DIRECTION('',(0.,0.,-1.));
#7642=DIRECTION('',(-1.,-2.89120579329468E-15,0.));
#7643=DIRECTION('',(2.89120579329468E-15,-1.,0.));
#7644=DIRECTION('',(0.,0.,-1.));
#7645=DIRECTION('',(-0.5,0.866025403784439,0.));
#7646=DIRECTION('',(-0.866025403784439,-0.5,0.));
#7647=DIRECTION('',(0.5,0.866025403784439,0.));
#7648=DIRECTION('',(-0.866025403784439,0.5,0.));
#7649=DIRECTION('',(0.,0.,-1.));
#7650=DIRECTION('',(0.,0.,-1.));
#7651=DIRECTION('',(1.,2.89120579329468E-15,0.));
#7652=DIRECTION('',(-2.89120579329468E-15,1.,0.));
#7653=DIRECTION('',(0.,0.,-1.));
#7654=DIRECTION('',(0.5,-0.866025403784438,0.));
#7655=DIRECTION('',(0.866025403784438,0.5,0.));
#7656=DIRECTION('',(0.,0.,-1.));
#7657=DIRECTION('',(-0.5,-0.866025403784439,0.));
#7658=DIRECTION('',(0.866025403784439,-0.5,0.));
#7659=DIRECTION('',(0.,0.,-1.));
#7660=DIRECTION('',(-1.,-2.60208521396521E-15,0.));
#7661=DIRECTION('',(2.60208521396521E-15,-1.,0.));
#7662=DIRECTION('',(0.,0.,-1.));
#7663=DIRECTION('',(-0.5,0.866025403784439,0.));
#7664=DIRECTION('',(-0.866025403784439,-0.5,0.));
#7665=DIRECTION('',(0.5,0.866025403784439,0.));
#7666=DIRECTION('',(-0.866025403784439,0.5,0.));
#7667=DIRECTION('',(0.,0.,-1.));
#7668=DIRECTION('',(0.,0.,-1.));
#7669=DIRECTION('',(1.,2.88668828424265E-15,0.));
#7670=DIRECTION('',(-2.88668828424265E-15,1.,0.));
#7671=DIRECTION('',(0.,0.,-1.));
#7672=DIRECTION('',(0.5,-0.866025403784439,0.));
#7673=DIRECTION('',(0.866025403784439,0.5,0.));
#7674=DIRECTION('',(0.,0.,-1.));
#7675=DIRECTION('',(-0.5,-0.866025403784439,0.));
#7676=DIRECTION('',(0.866025403784439,-0.5,0.));
#7677=DIRECTION('',(0.,0.,-1.));
#7678=DIRECTION('',(-1.,-2.60208521396521E-15,0.));
#7679=DIRECTION('',(2.60208521396521E-15,-1.,0.));
#7680=DIRECTION('',(0.,0.,-1.));
#7681=DIRECTION('',(-0.5,0.866025403784439,0.));
#7682=DIRECTION('',(-0.866025403784439,-0.5,0.));
#7683=DIRECTION('',(0.5,0.866025403784439,0.));
#7684=DIRECTION('',(-0.866025403784439,0.5,0.));
#7685=DIRECTION('',(0.,0.,-1.));
#7686=DIRECTION('',(0.,0.,-1.));
#7687=DIRECTION('',(1.,2.89120579329467E-15,0.));
#7688=DIRECTION('',(-2.89120579329467E-15,1.,0.));
#7689=DIRECTION('',(0.,0.,-1.));
#7690=DIRECTION('',(0.5,-0.866025403784439,0.));
#7691=DIRECTION('',(0.866025403784439,0.5,0.));
#7692=DIRECTION('',(0.,0.,-1.));
#7693=DIRECTION('',(-0.5,-0.866025403784439,0.));
#7694=DIRECTION('',(0.866025403784439,-0.5,0.));
#7695=DIRECTION('',(0.,0.,-1.));
#7696=DIRECTION('',(-1.,-2.89120579329468E-15,0.));
#7697=DIRECTION('',(2.89120579329468E-15,-1.,0.));
#7698=DIRECTION('',(0.,0.,-1.));
#7699=DIRECTION('',(-0.5,0.866025403784438,0.));
#7700=DIRECTION('',(-0.866025403784438,-0.5,0.));
#7701=DIRECTION('',(0.650791373455969,-0.759256602365297,0.));
#7702=DIRECTION('',(0.759256602365297,0.650791373455969,0.));
#7703=DIRECTION('',(-0.759256602365297,-0.650791373455969,0.));
#7704=DIRECTION('',(0.,0.,-1.));
#7705=DIRECTION('',(0.,0.,-1.));
#7706=DIRECTION('',(0.650791373455969,0.759256602365297,0.));
#7707=DIRECTION('',(-0.759256602365297,0.650791373455969,0.));
#7708=DIRECTION('',(0.,0.,-1.));
#7709=DIRECTION('',(0.759256602365297,-0.650791373455969,0.));
#7710=DIRECTION('',(0.,0.,-1.));
#7711=DIRECTION('',(0.,1.,0.));
#7712=DIRECTION('',(0.,0.,1.));
#7713=DIRECTION('',(0.,0.,-1.));
#7714=DIRECTION('',(1.,0.,0.));
#7715=DIRECTION('',(0.,0.,-1.));
#7716=DIRECTION('',(0.,0.,-1.));
#7717=DIRECTION('',(1.,0.,0.));
#7718=DIRECTION('',(0.,0.,-1.));
#7719=DIRECTION('',(-1.,0.,0.));
#7720=DIRECTION('',(0.,0.,-1.));
#7721=DIRECTION('',(-1.,0.,0.));
#7722=DIRECTION('',(0.,0.,-1.));
#7723=DIRECTION('',(-1.,0.,0.));
#7724=DIRECTION('',(0.,0.,1.));
#7725=DIRECTION('',(1.,0.,0.));
#7726=DIRECTION('',(0.,0.,-1.));
#7727=DIRECTION('',(-1.,0.,0.));
#7728=DIRECTION('',(0.,0.,-1.));
#7729=DIRECTION('',(-1.,0.,0.));
#7730=CARTESIAN_POINT('',(0.,0.,0.));
#7731=CARTESIAN_POINT('',(-6.93889390390723E-18,-0.027,-0.0375));
#7732=CARTESIAN_POINT('',(0.00225,-0.005,-0.0375));
#7733=CARTESIAN_POINT('',(-0.0021483712952256,-0.005,-0.0375));
#7734=CARTESIAN_POINT('',(0.00214837129522559,-0.005,-0.0375));
#7735=CARTESIAN_POINT('',(-0.0021483712952256,-0.0055,-0.0375));
#7736=CARTESIAN_POINT('',(-0.00247376698195358,-0.00587962830118265,-0.0375));
#7737=CARTESIAN_POINT('',(-0.0005,-0.00757142857142858,-0.0375));
#7738=CARTESIAN_POINT('',(-0.000325395686727988,-0.00772108941137602,-0.0375));
#7739=CARTESIAN_POINT('',(-4.09286320113278E-18,-0.00734146111019337,-0.0375));
#7740=CARTESIAN_POINT('',(0.00032539568672798,-0.00772108941137602,-0.0375));
#7741=CARTESIAN_POINT('',(0.00225,-0.00607142857142858,-0.0375));
#7742=CARTESIAN_POINT('',(0.00247376698195357,-0.00587962830118265,-0.0375));
#7743=CARTESIAN_POINT('',(0.00214837129522559,-0.0055,-0.0375));
#7744=CARTESIAN_POINT('',(-0.012,-0.0075,-0.0375));
#7745=CARTESIAN_POINT('',(-0.0135,-0.007,-0.0375));
#7746=CARTESIAN_POINT('',(-0.0105,-0.008,-0.0375));
#7747=CARTESIAN_POINT('',(-0.007,-0.008,-0.0375));
#7748=CARTESIAN_POINT('',(-0.0035,-0.008,-0.0375));
#7749=CARTESIAN_POINT('',(-0.005,-0.0075,-0.0375));
#7750=CARTESIAN_POINT('',(-0.0065,-0.007,-0.0375));
#7751=CARTESIAN_POINT('',(-0.01,-0.007,-0.0375));
#7752=CARTESIAN_POINT('',(0.012,-0.0075,-0.0375));
#7753=CARTESIAN_POINT('',(0.0105,-0.008,-0.0375));
#7754=CARTESIAN_POINT('',(0.0135,-0.007,-0.0375));
#7755=CARTESIAN_POINT('',(0.01,-0.007,-0.0375));
#7756=CARTESIAN_POINT('',(0.0065,-0.007,-0.0375));
#7757=CARTESIAN_POINT('',(0.005,-0.0075,-0.0375));
#7758=CARTESIAN_POINT('',(0.0035,-0.008,-0.0375));
#7759=CARTESIAN_POINT('',(0.007,-0.008,-0.0375));
#7760=CARTESIAN_POINT('',(0.015,-0.006,-0.0375));
#7761=CARTESIAN_POINT('',(0.0135,-0.0065,-0.0375));
#7762=CARTESIAN_POINT('',(0.0165,-0.0055,-0.0375));
#7763=CARTESIAN_POINT('',(0.013,-0.0055,-0.0375));
#7764=CARTESIAN_POINT('',(0.0095,-0.0055,-0.0375));
#7765=CARTESIAN_POINT('',(0.008,-0.006,-0.0375));
#7766=CARTESIAN_POINT('',(0.0065,-0.0065,-0.0375));
#7767=CARTESIAN_POINT('',(0.01,-0.0065,-0.0375));
#7768=CARTESIAN_POINT('',(-0.01,-0.0065,-0.0375));
#7769=CARTESIAN_POINT('',(-0.0135,-0.0065,-0.0375));
#7770=CARTESIAN_POINT('',(-0.0065,-0.0065,-0.0375));
#7771=CARTESIAN_POINT('',(-0.008,-0.006,-0.0375));
#7772=CARTESIAN_POINT('',(-0.0095,-0.0055,-0.0375));
#7773=CARTESIAN_POINT('',(-0.013,-0.0055,-0.0375));
#7774=CARTESIAN_POINT('',(-0.0165,-0.0055,-0.0375));
#7775=CARTESIAN_POINT('',(-0.015,-0.006,-0.0375));
#7776=CARTESIAN_POINT('',(-0.0107744659230025,-0.0177583942711353,-0.0375));
#7777=CARTESIAN_POINT('',(-0.0107744659230025,-0.0193791971355677,-0.0375));
#7778=CARTESIAN_POINT('',(-0.0107744659230025,-0.016137591406703,-0.0375));
#7779=CARTESIAN_POINT('',(-0.00937080946787754,-0.0201895985677839,-0.0375));
#7780=CARTESIAN_POINT('',(-0.00796715301275253,-0.021,-0.0375));
#7781=CARTESIAN_POINT('',(-0.00656349655762753,-0.0201895985677838,-0.0375));
#7782=CARTESIAN_POINT('',(-0.00515984010250256,-0.0193791971355677,-0.0375));
#7783=CARTESIAN_POINT('',(-0.00515984010250256,-0.0177583942711353,-0.0375));
#7784=CARTESIAN_POINT('',(-0.00515984010250254,-0.016137591406703,-0.0375));
#7785=CARTESIAN_POINT('',(-0.00656349655762754,-0.0153271899744867,-0.0375));
#7786=CARTESIAN_POINT('',(-0.00796715301275254,-0.0145167885422706,-0.0375));
#7787=CARTESIAN_POINT('',(-0.00937080946787754,-0.0153271899744868,-0.0375));
#7788=CARTESIAN_POINT('',(-0.00277446592300251,-0.0177583942711353,-0.0375));
#7789=CARTESIAN_POINT('',(-0.00277446592300254,-0.0193791971355677,-0.0375));
#7790=CARTESIAN_POINT('',(-0.00277446592300253,-0.016137591406703,-0.0375));
#7791=CARTESIAN_POINT('',(-0.00137080946787754,-0.0201895985677839,-0.0375));
#7792=CARTESIAN_POINT('',(3.28469872474674E-5,-0.021,-0.0375));
#7793=CARTESIAN_POINT('',(0.00143650344237247,-0.0201895985677838,-0.0375));
#7794=CARTESIAN_POINT('',(0.00284015989749743,-0.0193791971355677,-0.0375));
#7795=CARTESIAN_POINT('',(0.00284015989749743,-0.0177583942711353,-0.0375));
#7796=CARTESIAN_POINT('',(0.00284015989749746,-0.016137591406703,-0.0375));
#7797=CARTESIAN_POINT('',(0.00143650344237246,-0.0153271899744867,-0.0375));
#7798=CARTESIAN_POINT('',(3.28469872474604E-5,-0.0145167885422706,-0.0375));
#7799=CARTESIAN_POINT('',(-0.00137080946787754,-0.0153271899744868,-0.0375));
#7800=CARTESIAN_POINT('',(-0.0145634965576275,-0.0153271899744867,-0.0375));
#7801=CARTESIAN_POINT('',(-0.0159671530127526,-0.0145167885422706,-0.0375));
#7802=CARTESIAN_POINT('',(-0.0131598401025025,-0.016137591406703,-0.0375));
#7803=CARTESIAN_POINT('',(-0.0173708094678776,-0.0153271899744868,-0.0375));
#7804=CARTESIAN_POINT('',(-0.0187744659230025,-0.016137591406703,-0.0375));
#7805=CARTESIAN_POINT('',(-0.0187744659230025,-0.0177583942711353,-0.0375));
#7806=CARTESIAN_POINT('',(-0.0187744659230025,-0.0193791971355677,-0.0375));
#7807=CARTESIAN_POINT('',(-0.0173708094678776,-0.0201895985677839,-0.0375));
#7808=CARTESIAN_POINT('',(-0.0159671530127526,-0.021,-0.0375));
#7809=CARTESIAN_POINT('',(-0.0145634965576275,-0.0201895985677838,-0.0375));
#7810=CARTESIAN_POINT('',(-0.0131598401025025,-0.0193791971355677,-0.0375));
#7811=CARTESIAN_POINT('',(-0.0131598401025025,-0.0177583942711353,-0.0375));
#7812=CARTESIAN_POINT('',(0.00522553407699748,-0.0177583942711353,-0.0375));
#7813=CARTESIAN_POINT('',(0.00522553407699747,-0.0193791971355677,-0.0375));
#7814=CARTESIAN_POINT('',(0.00522553407699746,-0.016137591406703,-0.0375));
#7815=CARTESIAN_POINT('',(0.00662919053212247,-0.0201895985677839,-0.0375));
#7816=CARTESIAN_POINT('',(0.00803284698724747,-0.021,-0.0375));
#7817=CARTESIAN_POINT('',(0.00943650344237247,-0.0201895985677838,-0.0375));
#7818=CARTESIAN_POINT('',(0.0108401598974974,-0.0193791971355677,-0.0375));
#7819=CARTESIAN_POINT('',(0.0108401598974974,-0.0177583942711353,-0.0375));
#7820=CARTESIAN_POINT('',(0.0108401598974975,-0.016137591406703,-0.0375));
#7821=CARTESIAN_POINT('',(0.00943650344237246,-0.0153271899744867,-0.0375));
#7822=CARTESIAN_POINT('',(0.00803284698724746,-0.0145167885422706,-0.0375));
#7823=CARTESIAN_POINT('',(0.00662919053212246,-0.0153271899744868,-0.0375));
#7824=CARTESIAN_POINT('',(0.0132255340769975,-0.0177583942711353,-0.0375));
#7825=CARTESIAN_POINT('',(0.0132255340769975,-0.0193791971355677,-0.0375));
#7826=CARTESIAN_POINT('',(0.0132255340769975,-0.016137591406703,-0.0375));
#7827=CARTESIAN_POINT('',(0.0146291905321225,-0.0201895985677839,-0.0375));
#7828=CARTESIAN_POINT('',(0.0160328469872475,-0.021,-0.0375));
#7829=CARTESIAN_POINT('',(0.0174365034423725,-0.0201895985677839,-0.0375));
#7830=CARTESIAN_POINT('',(0.0188401598974975,-0.0193791971355677,-0.0375));
#7831=CARTESIAN_POINT('',(0.0188401598974975,-0.0177583942711353,-0.0375));
#7832=CARTESIAN_POINT('',(0.0188401598974975,-0.016137591406703,-0.0375));
#7833=CARTESIAN_POINT('',(0.0174365034423725,-0.0153271899744867,-0.0375));
#7834=CARTESIAN_POINT('',(0.0160328469872475,-0.0145167885422706,-0.0375));
#7835=CARTESIAN_POINT('',(0.0146291905321225,-0.0153271899744868,-0.0375));
#7836=CARTESIAN_POINT('',(0.0160495782811842,-0.0115167885422706,-0.0375));
#7837=CARTESIAN_POINT('',(0.0160495782811842,-0.0100167885422706,-0.0375));
#7838=CARTESIAN_POINT('',(0.0160495782811842,-0.0130167885422706,-0.0375));
#7839=CARTESIAN_POINT('',(0.0147505401755075,-0.00926678854227059,-0.0375));
#7840=CARTESIAN_POINT('',(0.0134515020698309,-0.00851678854227059,-0.0375));
#7841=CARTESIAN_POINT('',(0.0121524639641542,-0.00926678854227059,-0.0375));
#7842=CARTESIAN_POINT('',(0.0108534258584776,-0.0100167885422706,-0.0375));
#7843=CARTESIAN_POINT('',(0.0108534258584776,-0.0115167885422706,-0.0375));
#7844=CARTESIAN_POINT('',(0.0108534258584776,-0.0130167885422706,-0.0375));
#7845=CARTESIAN_POINT('',(0.0121524639641542,-0.0137667885422706,-0.0375));
#7846=CARTESIAN_POINT('',(0.0134515020698309,-0.0145167885422706,-0.0375));
#7847=CARTESIAN_POINT('',(0.0147505401755076,-0.0137667885422706,-0.0375));
#7848=CARTESIAN_POINT('',(0.00804957828118421,-0.0115167885422706,-0.0375));
#7849=CARTESIAN_POINT('',(0.00804957828118421,-0.0100167885422706,-0.0375));
#7850=CARTESIAN_POINT('',(0.00804957828118421,-0.0130167885422706,-0.0375));
#7851=CARTESIAN_POINT('',(0.00675054017550755,-0.00926678854227059,-0.0375));
#7852=CARTESIAN_POINT('',(0.00545150206983089,-0.00851678854227059,-0.0375));
#7853=CARTESIAN_POINT('',(0.00415246396415424,-0.00926678854227059,-0.0375));
#7854=CARTESIAN_POINT('',(0.00285342585847757,-0.0100167885422706,-0.0375));
#7855=CARTESIAN_POINT('',(0.00285342585847758,-0.0115167885422706,-0.0375));
#7856=CARTESIAN_POINT('',(0.00285342585847758,-0.0130167885422706,-0.0375));
#7857=CARTESIAN_POINT('',(0.00415246396415424,-0.0137667885422706,-0.0375));
#7858=CARTESIAN_POINT('',(0.0054515020698309,-0.0145167885422706,-0.0375));
#7859=CARTESIAN_POINT('',(0.00675054017550755,-0.0137667885422706,-0.0375));
#7860=CARTESIAN_POINT('',(4.95782811842127E-5,-0.0115167885422706,-0.0375));
#7861=CARTESIAN_POINT('',(4.95782811842076E-5,-0.0100167885422706,-0.0375));
#7862=CARTESIAN_POINT('',(4.95782811842163E-5,-0.0130167885422706,-0.0375));
#7863=CARTESIAN_POINT('',(-0.00124945982449245,-0.00926678854227059,-0.0375));
#7864=CARTESIAN_POINT('',(-0.00254849793016911,-0.00851678854227059,-0.0375));
#7865=CARTESIAN_POINT('',(-0.00384753603584576,-0.00926678854227059,-0.0375));
#7866=CARTESIAN_POINT('',(-0.00514657414152242,-0.0100167885422706,-0.0375));
#7867=CARTESIAN_POINT('',(-0.00514657414152242,-0.0115167885422706,-0.0375));
#7868=CARTESIAN_POINT('',(-0.00514657414152242,-0.0130167885422706,-0.0375));
#7869=CARTESIAN_POINT('',(-0.00384753603584576,-0.0137667885422706,-0.0375));
#7870=CARTESIAN_POINT('',(-0.0025484979301691,-0.0145167885422706,-0.0375));
#7871=CARTESIAN_POINT('',(-0.00124945982449244,-0.0137667885422706,-0.0375));
#7872=CARTESIAN_POINT('',(-0.00795042171881579,-0.0115167885422706,-0.0375));
#7873=CARTESIAN_POINT('',(-0.00795042171881579,-0.0100167885422706,-0.0375));
#7874=CARTESIAN_POINT('',(-0.00795042171881579,-0.0130167885422706,-0.0375));
#7875=CARTESIAN_POINT('',(-0.00924945982449245,-0.00926678854227059,-0.0375));
#7876=CARTESIAN_POINT('',(-0.0105484979301691,-0.00851678854227059,-0.0375));
#7877=CARTESIAN_POINT('',(-0.0118475360358458,-0.00926678854227059,-0.0375));
#7878=CARTESIAN_POINT('',(-0.0131465741415224,-0.0100167885422706,-0.0375));
#7879=CARTESIAN_POINT('',(-0.0131465741415224,-0.0115167885422706,-0.0375));
#7880=CARTESIAN_POINT('',(-0.0131465741415224,-0.0130167885422706,-0.0375));
#7881=CARTESIAN_POINT('',(-0.0118475360358458,-0.0137667885422706,-0.0375));
#7882=CARTESIAN_POINT('',(-0.0105484979301691,-0.0145167885422706,-0.0375));
#7883=CARTESIAN_POINT('',(-0.00924945982449244,-0.0137667885422706,-0.0375));
#7884=CARTESIAN_POINT('',(-0.0198475360358458,-0.00926678854227058,-0.0375));
#7885=CARTESIAN_POINT('',(-0.0195,-0.00906613851842194,-0.0375));
#7886=CARTESIAN_POINT('',(-0.0185484979301691,-0.00851678854227058,-0.0375));
#7887=CARTESIAN_POINT('',(-0.0195,-0.027,-0.0375));
#7888=CARTESIAN_POINT('',(-0.0195,-0.004,-0.0375));
#7889=CARTESIAN_POINT('',(-0.018,-0.0045,-0.0375));
#7890=CARTESIAN_POINT('',(-0.0165,-0.005,-0.0375));
#7891=CARTESIAN_POINT('',(-0.013,-0.005,-0.0375));
#7892=CARTESIAN_POINT('',(-0.0095,-0.005,-0.0375));
#7893=CARTESIAN_POINT('',(-0.011,-0.0045,-0.0375));
#7894=CARTESIAN_POINT('',(-0.0125,-0.004,-0.0375));
#7895=CARTESIAN_POINT('',(-0.0177335765063763,-0.004,-0.0375));
#7896=CARTESIAN_POINT('',(-0.0195,-0.027,-0.0375));
#7897=CARTESIAN_POINT('',(-0.0195,0.,-0.0375));
#7898=CARTESIAN_POINT('',(-6.93889390390723E-18,0.,-0.0375));
#7899=CARTESIAN_POINT('',(0.0195,0.,-0.0375));
#7900=CARTESIAN_POINT('',(0.0195,-0.027,-0.0375));
#7901=CARTESIAN_POINT('',(0.0195,-0.004,-0.0375));
#7902=CARTESIAN_POINT('',(0.00176642349362373,-0.004,-0.0375));
#7903=CARTESIAN_POINT('',(0.0125,-0.004,-0.0375));
#7904=CARTESIAN_POINT('',(0.011,-0.0045,-0.0375));
#7905=CARTESIAN_POINT('',(0.0095,-0.005,-0.0375));
#7906=CARTESIAN_POINT('',(0.013,-0.005,-0.0375));
#7907=CARTESIAN_POINT('',(0.0165,-0.005,-0.0375));
#7908=CARTESIAN_POINT('',(0.018,-0.0045,-0.0375));
#7909=CARTESIAN_POINT('',(0.0195,-0.027,-0.0375));
#7910=CARTESIAN_POINT('',(0.0195,-0.027,-0.0375));
#7911=CARTESIAN_POINT('',(-6.93889390390723E-18,-0.027,-0.0375));
#7912=CARTESIAN_POINT('',(0.0055,-0.027,-0.0375));
#7913=CARTESIAN_POINT('',(0.0055,-0.029,-0.0375));
#7914=CARTESIAN_POINT('',(0.0055,-0.023,-0.0375));
#7915=CARTESIAN_POINT('',(-0.000500000000000007,-0.023,-0.0375));
#7916=CARTESIAN_POINT('',(-0.0065,-0.023,-0.0375));
#7917=CARTESIAN_POINT('',(-0.0065,-0.029,-0.0375));
#7918=CARTESIAN_POINT('',(-0.0065,-0.027,-0.0375));
#7919=CARTESIAN_POINT('',(-6.93889390390723E-18,-0.027,-0.0375));
#7920=CARTESIAN_POINT('',(-0.0195,-0.027,-0.0375));
#7921=CARTESIAN_POINT('',(-0.0195,-0.027,-0.0375));
#7922=CARTESIAN_POINT('',(-0.0195,-0.0139674385661192,-0.0375));
#7923=CARTESIAN_POINT('',(-0.0198475360358458,-0.0137667885422706,-0.0375));
#7924=CARTESIAN_POINT('',(-0.0185484979301691,-0.0145167885422706,-0.0375));
#7925=CARTESIAN_POINT('',(-0.0172494598244925,-0.0137667885422706,-0.0375));
#7926=CARTESIAN_POINT('',(-0.0159504217188158,-0.0130167885422706,-0.0375));
#7927=CARTESIAN_POINT('',(-0.0159504217188158,-0.0115167885422706,-0.0375));
#7928=CARTESIAN_POINT('',(-0.0159504217188158,-0.0100167885422706,-0.0375));
#7929=CARTESIAN_POINT('',(-0.0172494598244925,-0.00926678854227058,-0.0375));
#7930=CARTESIAN_POINT('',(-6.93889390390723E-18,-0.027,-0.0355));
#7931=CARTESIAN_POINT('',(0.00336634085041436,-0.0211693266114877,-0.0355));
#7932=CARTESIAN_POINT('',(-0.0159504217188158,-0.0100167885422706,-0.0355));
#7933=CARTESIAN_POINT('',(-0.0175,-0.00912213910449848,-0.0355));
#7934=CARTESIAN_POINT('',(-0.0159504217188158,-0.027,-0.0355));
#7935=CARTESIAN_POINT('',(-0.0159504217188158,-0.0130167885422706,-0.0355));
#7936=CARTESIAN_POINT('',(-0.0100425136041456,-0.00960585620191818,-0.0355));
#7937=CARTESIAN_POINT('',(-0.0175,-0.0139114379800427,-0.0355));
#7938=CARTESIAN_POINT('',(-0.0175,-0.027,-0.0355));
#7939=CARTESIAN_POINT('',(-0.0175,-0.0154017781629845,-0.0355));
#7940=CARTESIAN_POINT('',(-0.00939717737479146,-0.0107236113391245,-0.0355));
#7941=CARTESIAN_POINT('',(-0.0159671530127526,-0.0145167885422706,-0.0355));
#7942=CARTESIAN_POINT('',(0.00141360086841518,-0.0245515714742814,-0.0355));
#7943=CARTESIAN_POINT('',(-0.0131598401025025,-0.016137591406703,-0.0355));
#7944=CARTESIAN_POINT('',(-0.0131598401025025,-0.027,-0.0355));
#7945=CARTESIAN_POINT('',(-0.0131598401025025,-0.0193791971355677,-0.0355));
#7946=CARTESIAN_POINT('',(-0.00658986446454146,-0.0155860199324216,-0.0355));
#7947=CARTESIAN_POINT('',(-0.0159671530127526,-0.021,-0.0355));
#7948=CARTESIAN_POINT('',(-0.00139371204183482,-0.0294139800675784,-0.0355));
#7949=CARTESIAN_POINT('',(-0.0175,-0.0201150103792862,-0.0355));
#7950=CARTESIAN_POINT('',(-0.0175,-0.027,-0.0355));
#7951=CARTESIAN_POINT('',(-0.0175,-0.027,-0.0355));
#7952=CARTESIAN_POINT('',(-6.93889390390723E-18,-0.027,-0.0355));
#7953=CARTESIAN_POINT('',(-0.0065,-0.027,-0.0355));
#7954=CARTESIAN_POINT('',(-0.0065,-0.027,-0.0355));
#7955=CARTESIAN_POINT('',(-0.0065,-0.023,-0.0355));
#7956=CARTESIAN_POINT('',(-6.93889390390723E-18,-0.023,-0.0355));
#7957=CARTESIAN_POINT('',(0.0055,-0.023,-0.0355));
#7958=CARTESIAN_POINT('',(0.0055,-0.027,-0.0355));
#7959=CARTESIAN_POINT('',(0.0055,-0.027,-0.0355));
#7960=CARTESIAN_POINT('',(-6.93889390390723E-18,-0.027,-0.0355));
#7961=CARTESIAN_POINT('',(0.0175,-0.027,-0.0355));
#7962=CARTESIAN_POINT('',(0.0175,-0.027,-0.0355));
#7963=CARTESIAN_POINT('',(0.0175,-0.0201529388131449,-0.0355));
#7964=CARTESIAN_POINT('',(0.00141013553545856,-0.0294424263929726,-0.0355));
#7965=CARTESIAN_POINT('',(0.0160328469872475,-0.021,-0.0355));
#7966=CARTESIAN_POINT('',(0.00660628795816516,-0.0155575736070274,-0.0355));
#7967=CARTESIAN_POINT('',(0.0132255340769975,-0.0193791971355677,-0.0355));
#7968=CARTESIAN_POINT('',(0.0132255340769975,-0.027,-0.0355));
#7969=CARTESIAN_POINT('',(0.0132255340769975,-0.016137591406703,-0.0355));
#7970=CARTESIAN_POINT('',(-0.00139717737479146,-0.0245800177996755,-0.0355));
#7971=CARTESIAN_POINT('',(0.0160328469872475,-0.0145167885422706,-0.0355));
#7972=CARTESIAN_POINT('',(0.00941360086841519,-0.0106951650137304,-0.0355));
#7973=CARTESIAN_POINT('',(0.0175,-0.0153638497291256,-0.0355));
#7974=CARTESIAN_POINT('',(0.0175,-0.027,-0.0355));
#7975=CARTESIAN_POINT('',(0.0175,-0.00466666666666667,-0.0355));
#7976=CARTESIAN_POINT('',(-0.00495,-0.01215,-0.0355));
#7977=CARTESIAN_POINT('',(0.0165,-0.005,-0.0355));
#7978=CARTESIAN_POINT('',(-4.21289987022939E-18,-0.005,-0.0355));
#7979=CARTESIAN_POINT('',(0.0095,-0.005,-0.0355));
#7980=CARTESIAN_POINT('',(-0.00565,-0.01005,-0.0355));
#7981=CARTESIAN_POINT('',(0.0125,-0.004,-0.0355));
#7982=CARTESIAN_POINT('',(3.73256568539325E-19,-0.004,-0.0355));
#7983=CARTESIAN_POINT('',(0.0175,-0.004,-0.0355));
#7984=CARTESIAN_POINT('',(0.0175,-0.027,-0.0355));
#7985=CARTESIAN_POINT('',(0.0175,-0.0035,-0.0355));
#7986=CARTESIAN_POINT('',(-6.93889390390723E-18,-0.0035,-0.0355));
#7987=CARTESIAN_POINT('',(-0.0175,-0.0035,-0.0355));
#7988=CARTESIAN_POINT('',(-0.0175,-0.027,-0.0355));
#7989=CARTESIAN_POINT('',(-0.0175,-0.004,-0.0355));
#7990=CARTESIAN_POINT('',(-1.29208269307798E-18,-0.004,-0.0355));
#7991=CARTESIAN_POINT('',(-0.0125,-0.004,-0.0355));
#7992=CARTESIAN_POINT('',(0.00565,-0.01005,-0.0355));
#7993=CARTESIAN_POINT('',(-0.0095,-0.005,-0.0355));
#7994=CARTESIAN_POINT('',(-6.93889390390723E-18,-0.005,-0.0355));
#7995=CARTESIAN_POINT('',(-0.0165,-0.005,-0.0355));
#7996=CARTESIAN_POINT('',(0.00495,-0.01215,-0.0355));
#7997=CARTESIAN_POINT('',(-0.0175,-0.00466666666666667,-0.0355));
#7998=CARTESIAN_POINT('',(-0.0175,-0.027,-0.0355));
#7999=CARTESIAN_POINT('',(0.00536634085041436,-0.0177052249963499,-0.0355));
#8000=CARTESIAN_POINT('',(-0.00795042171881579,-0.0100167885422706,-0.0355));
#8001=CARTESIAN_POINT('',(-0.0105484979301691,-0.00851678854227059,-0.0355));
#8002=CARTESIAN_POINT('',(-0.00795042171881574,-0.027,-0.0355));
#8003=CARTESIAN_POINT('',(-0.00795042171881579,-0.0130167885422706,-0.0355));
#8004=CARTESIAN_POINT('',(-0.00804251360414561,-0.0130699578170559,-0.0355));
#8005=CARTESIAN_POINT('',(-0.0105484979301691,-0.0145167885422706,-0.0355));
#8006=CARTESIAN_POINT('',(0.00276826463906104,-0.0222052249963499,-0.0355));
#8007=CARTESIAN_POINT('',(-0.0131465741415224,-0.0130167885422706,-0.0355));
#8008=CARTESIAN_POINT('',(-0.0131465741415224,-0.027,-0.0355));
#8009=CARTESIAN_POINT('',(-0.0131465741415224,-0.0100167885422706,-0.0355));
#8010=CARTESIAN_POINT('',(-0.0106405898154989,-0.00856995781705595,-0.0355));
#8011=CARTESIAN_POINT('',(0.00736634085041436,-0.0142411233812122,-0.0355));
#8012=CARTESIAN_POINT('',(4.95782811842076E-5,-0.0100167885422706,-0.0355));
#8013=CARTESIAN_POINT('',(-0.00254849793016911,-0.00851678854227059,-0.0355));
#8014=CARTESIAN_POINT('',(4.95782811842574E-5,-0.027,-0.0355));
#8015=CARTESIAN_POINT('',(4.95782811842163E-5,-0.0130167885422706,-0.0355));
#8016=CARTESIAN_POINT('',(-0.0060425136041456,-0.0165340594321937,-0.0355));
#8017=CARTESIAN_POINT('',(-0.0025484979301691,-0.0145167885422706,-0.0355));
#8018=CARTESIAN_POINT('',(0.00476826463906104,-0.0187411233812122,-0.0355));
#8019=CARTESIAN_POINT('',(-0.00514657414152242,-0.0130167885422706,-0.0355));
#8020=CARTESIAN_POINT('',(-0.00514657414152238,-0.027,-0.0355));
#8021=CARTESIAN_POINT('',(-0.00514657414152242,-0.0100167885422706,-0.0355));
#8022=CARTESIAN_POINT('',(-0.00864058981549892,-0.0120340594321937,-0.0355));
#8023=CARTESIAN_POINT('',(0.00936634085041435,-0.0107770217660744,-0.0355));
#8024=CARTESIAN_POINT('',(0.00804957828118421,-0.0100167885422706,-0.0355));
#8025=CARTESIAN_POINT('',(0.00545150206983089,-0.00851678854227059,-0.0355));
#8026=CARTESIAN_POINT('',(0.00804957828118426,-0.027,-0.0355));
#8027=CARTESIAN_POINT('',(0.00804957828118421,-0.0130167885422706,-0.0355));
#8028=CARTESIAN_POINT('',(-0.00404251360414561,-0.0199981610473315,-0.0355));
#8029=CARTESIAN_POINT('',(0.0054515020698309,-0.0145167885422706,-0.0355));
#8030=CARTESIAN_POINT('',(0.00676826463906103,-0.0152770217660745,-0.0355));
#8031=CARTESIAN_POINT('',(0.00285342585847758,-0.0130167885422706,-0.0355));
#8032=CARTESIAN_POINT('',(0.00285342585847762,-0.027,-0.0355));
#8033=CARTESIAN_POINT('',(0.00285342585847758,-0.0100167885422706,-0.0355));
#8034=CARTESIAN_POINT('',(-0.00664058981549892,-0.0154981610473314,-0.0355));
#8035=CARTESIAN_POINT('',(0.0113663408504143,-0.00731292015093668,-0.0355));
#8036=CARTESIAN_POINT('',(0.0160495782811842,-0.0100167885422706,-0.0355));
#8037=CARTESIAN_POINT('',(0.0134515020698309,-0.00851678854227059,-0.0355));
#8038=CARTESIAN_POINT('',(0.0160495782811843,-0.027,-0.0355));
#8039=CARTESIAN_POINT('',(0.0160495782811842,-0.0130167885422706,-0.0355));
#8040=CARTESIAN_POINT('',(-0.0020425136041456,-0.0234622626624692,-0.0355));
#8041=CARTESIAN_POINT('',(0.0134515020698309,-0.0145167885422706,-0.0355));
#8042=CARTESIAN_POINT('',(0.00876826463906103,-0.0118129201509367,-0.0355));
#8043=CARTESIAN_POINT('',(0.0108534258584776,-0.0130167885422706,-0.0355));
#8044=CARTESIAN_POINT('',(0.0108534258584776,-0.027,-0.0355));
#8045=CARTESIAN_POINT('',(0.0108534258584776,-0.0100167885422706,-0.0355));
#8046=CARTESIAN_POINT('',(-0.00464058981549892,-0.0189622626624692,-0.0355));
#8047=CARTESIAN_POINT('',(0.00460628795816517,-0.0190216752221652,-0.0355));
#8048=CARTESIAN_POINT('',(0.00522553407699747,-0.0193791971355677,-0.0355));
#8049=CARTESIAN_POINT('',(0.00803284698724747,-0.021,-0.0355));
#8050=CARTESIAN_POINT('',(0.00522553407699748,-0.027,-0.0355));
#8051=CARTESIAN_POINT('',(0.00522553407699746,-0.016137591406703,-0.0355));
#8052=CARTESIAN_POINT('',(-0.00339717737479146,-0.0211159161845377,-0.0355));
#8053=CARTESIAN_POINT('',(0.00803284698724746,-0.0145167885422706,-0.0355));
#8054=CARTESIAN_POINT('',(0.00741360086841518,-0.0141592666288681,-0.0355));
#8055=CARTESIAN_POINT('',(0.0108401598974975,-0.016137591406703,-0.0355));
#8056=CARTESIAN_POINT('',(0.0108401598974974,-0.027,-0.0355));
#8057=CARTESIAN_POINT('',(0.0108401598974974,-0.0193791971355677,-0.0355));
#8058=CARTESIAN_POINT('',(-0.000589864464541451,-0.0259783247778348,-0.0355));
#8059=CARTESIAN_POINT('',(0.00260628795816518,-0.0224857768373029,-0.0355));
#8060=CARTESIAN_POINT('',(-0.00277446592300254,-0.0193791971355677,-0.0355));
#8061=CARTESIAN_POINT('',(3.28469872474669E-5,-0.021,-0.0355));
#8062=CARTESIAN_POINT('',(-0.00277446592300251,-0.027,-0.0355));
#8063=CARTESIAN_POINT('',(-0.00277446592300253,-0.016137591406703,-0.0355));
#8064=CARTESIAN_POINT('',(-0.00539717737479146,-0.0176518145694,-0.0355));
#8065=CARTESIAN_POINT('',(3.28469872474604E-5,-0.0145167885422706,-0.0355));
#8066=CARTESIAN_POINT('',(0.00541360086841518,-0.0176233682440059,-0.0355));
#8067=CARTESIAN_POINT('',(0.00284015989749746,-0.016137591406703,-0.0355));
#8068=CARTESIAN_POINT('',(0.00284015989749743,-0.027,-0.0355));
#8069=CARTESIAN_POINT('',(0.00284015989749743,-0.0193791971355677,-0.0355));
#8070=CARTESIAN_POINT('',(-0.00258986446454146,-0.0225142231626971,-0.0355));
#8071=CARTESIAN_POINT('',(0.000606287958165176,-0.0259498784524407,-0.0355));
#8072=CARTESIAN_POINT('',(-0.0107744659230025,-0.0193791971355677,-0.0355));
#8073=CARTESIAN_POINT('',(-0.00796715301275253,-0.021,-0.0355));
#8074=CARTESIAN_POINT('',(-0.0107744659230025,-0.027,-0.0355));
#8075=CARTESIAN_POINT('',(-0.0107744659230025,-0.016137591406703,-0.0355));
#8076=CARTESIAN_POINT('',(-0.00739717737479147,-0.0141877129542622,-0.0355));
#8077=CARTESIAN_POINT('',(-0.00796715301275254,-0.0145167885422706,-0.0355));
#8078=CARTESIAN_POINT('',(0.00341360086841518,-0.0210874698591436,-0.0355));
#8079=CARTESIAN_POINT('',(-0.00515984010250254,-0.016137591406703,-0.0355));
#8080=CARTESIAN_POINT('',(-0.00515984010250257,-0.027,-0.0355));
#8081=CARTESIAN_POINT('',(-0.00515984010250256,-0.0193791971355677,-0.0355));
#8082=CARTESIAN_POINT('',(-0.00458986446454146,-0.0190501215475593,-0.0355));
#8083=CARTESIAN_POINT('',(-6.93889390390723E-18,-0.0055,-0.0355));
#8084=CARTESIAN_POINT('',(0.0095,-0.0055,-0.0355));
#8085=CARTESIAN_POINT('',(0.0165,-0.0055,-0.0355));
#8086=CARTESIAN_POINT('',(-0.0048,-0.0126,-0.0355));
#8087=CARTESIAN_POINT('',(0.0135,-0.0065,-0.0355));
#8088=CARTESIAN_POINT('',(-4.39876309979834E-18,-0.0065,-0.0355));
#8089=CARTESIAN_POINT('',(0.0065,-0.0065,-0.0355));
#8090=CARTESIAN_POINT('',(-0.0055,-0.0105,-0.0355));
#8091=CARTESIAN_POINT('',(-6.93889390390723E-18,-0.007,-0.0355));
#8092=CARTESIAN_POINT('',(0.0065,-0.007,-0.0355));
#8093=CARTESIAN_POINT('',(0.0135,-0.007,-0.0355));
#8094=CARTESIAN_POINT('',(-0.00465,-0.01305,-0.0355));
#8095=CARTESIAN_POINT('',(0.0105,-0.008,-0.0355));
#8096=CARTESIAN_POINT('',(-2.23035875482732E-18,-0.008,-0.0355));
#8097=CARTESIAN_POINT('',(0.0035,-0.008,-0.0355));
#8098=CARTESIAN_POINT('',(-0.00535,-0.01095,-0.0355));
#8099=CARTESIAN_POINT('',(0.0055,-0.0105,-0.0355));
#8100=CARTESIAN_POINT('',(-0.0095,-0.0055,-0.0355));
#8101=CARTESIAN_POINT('',(-0.0065,-0.0065,-0.0355));
#8102=CARTESIAN_POINT('',(-6.93889390390723E-18,-0.0065,-0.0355));
#8103=CARTESIAN_POINT('',(-0.0135,-0.0065,-0.0355));
#8104=CARTESIAN_POINT('',(0.0048,-0.0126,-0.0355));
#8105=CARTESIAN_POINT('',(-0.0165,-0.0055,-0.0355));
#8106=CARTESIAN_POINT('',(-6.93889390390723E-18,-0.0055,-0.0355));
#8107=CARTESIAN_POINT('',(-6.93889390390723E-18,-0.008,-0.0355));
#8108=CARTESIAN_POINT('',(-0.0035,-0.008,-0.0355));
#8109=CARTESIAN_POINT('',(-0.0105,-0.008,-0.0355));
#8110=CARTESIAN_POINT('',(0.00465,-0.01305,-0.0355));
#8111=CARTESIAN_POINT('',(-0.0135,-0.007,-0.0355));
#8112=CARTESIAN_POINT('',(-6.93889390390723E-18,-0.007,-0.0355));
#8113=CARTESIAN_POINT('',(-0.0065,-0.007,-0.0355));
#8114=CARTESIAN_POINT('',(0.00535,-0.01095,-0.0355));
#8115=CARTESIAN_POINT('',(0.0175,-0.027,-0.0325));
#8116=CARTESIAN_POINT('',(0.0175,-0.0153638497291256,-0.0325));
#8117=CARTESIAN_POINT('',(0.0188401598974975,-0.016137591406703,-0.0351840215068326));
#8118=CARTESIAN_POINT('',(0.0188401598974974,-0.027,-0.0351840215068326));
#8119=CARTESIAN_POINT('',(0.0188401598974975,-0.0193791971355677,-0.0351840215068325));
#8120=CARTESIAN_POINT('',(0.0175,-0.0201529388131449,-0.0325));
#8121=CARTESIAN_POINT('',(0.0175,-0.027,-0.0325));
#8122=CARTESIAN_POINT('',(0.0205,-0.027,-0.0325));
#8123=CARTESIAN_POINT('',(0.0205,-0.027,-0.0325));
#8124=CARTESIAN_POINT('',(0.0205,-0.0035,-0.0325));
#8125=CARTESIAN_POINT('',(0.0175,-0.0035,-0.0325));
#8126=CARTESIAN_POINT('',(0.0175,-0.004,-0.0325));
#8127=CARTESIAN_POINT('',(0.0195,-0.004,-0.0347360679774998));
#8128=CARTESIAN_POINT('',(0.0175,-0.00466666666666667,-0.0325));
#8129=CARTESIAN_POINT('',(0.0175,-0.027,0.0325));
#8130=CARTESIAN_POINT('',(0.0188401598974974,-0.027,0.0351840215068326));
#8131=CARTESIAN_POINT('',(0.0188401598974975,-0.0193791971355677,0.0351840215068326));
#8132=CARTESIAN_POINT('',(0.0188401598974975,-0.016137591406703,0.0351840215068326));
#8133=CARTESIAN_POINT('',(0.0175,-0.0153638497291256,0.0325));
#8134=CARTESIAN_POINT('',(0.0175,-0.0153638497291256,0.0355));
#8135=CARTESIAN_POINT('',(0.0175,-0.027,0.0355));
#8136=CARTESIAN_POINT('',(0.0175,-0.00466666666666667,0.0355));
#8137=CARTESIAN_POINT('',(0.0175,-0.00466666666666666,0.0325));
#8138=CARTESIAN_POINT('',(0.0195,-0.004,0.0347360679774998));
#8139=CARTESIAN_POINT('',(0.0175,-0.004,0.0325));
#8140=CARTESIAN_POINT('',(0.0175,-0.004,0.0355));
#8141=CARTESIAN_POINT('',(0.0175,-0.027,0.0355));
#8142=CARTESIAN_POINT('',(0.0175,-0.0035,0.0355));
#8143=CARTESIAN_POINT('',(0.0175,-0.0035,0.0325));
#8144=CARTESIAN_POINT('',(0.0205,-0.0035,0.0325));
#8145=CARTESIAN_POINT('',(0.0205,-0.002,0.0325));
#8146=CARTESIAN_POINT('',(0.0205,-0.027,0.0325));
#8147=CARTESIAN_POINT('',(0.0175,-0.027,0.0325));
#8148=CARTESIAN_POINT('',(0.0175,-0.027,0.0355));
#8149=CARTESIAN_POINT('',(0.0175,-0.027,0.0355));
#8150=CARTESIAN_POINT('',(0.0175,-0.0201529388131449,0.0355));
#8151=CARTESIAN_POINT('',(0.0175,-0.0201529388131449,0.0325));
#8152=CARTESIAN_POINT('',(6.93889390390723E-18,-0.027,0.0375));
#8153=CARTESIAN_POINT('',(-0.0126405898154989,-0.00510585620191818,0.0375));
#8154=CARTESIAN_POINT('',(-0.0185484979301691,-0.00851678854227058,0.0375));
#8155=CARTESIAN_POINT('',(-0.0195,-0.00906613851842194,0.0375));
#8156=CARTESIAN_POINT('',(0.00336634085041437,-0.0211693266114877,0.0375));
#8157=CARTESIAN_POINT('',(-0.0159504217188158,-0.0100167885422706,0.0375));
#8158=CARTESIAN_POINT('',(-0.0159504217188158,-0.027,0.0375));
#8159=CARTESIAN_POINT('',(-0.0159504217188158,-0.0130167885422706,0.0375));
#8160=CARTESIAN_POINT('',(-0.0100425136041456,-0.00960585620191818,0.0375));
#8161=CARTESIAN_POINT('',(-0.0185484979301691,-0.0145167885422706,0.0375));
#8162=CARTESIAN_POINT('',(0.000768264639061056,-0.0256693266114877,0.0375));
#8163=CARTESIAN_POINT('',(-0.0195,-0.0139674385661192,0.0375));
#8164=CARTESIAN_POINT('',(-0.0195,-0.027,0.0375));
#8165=CARTESIAN_POINT('',(-0.0195,-0.027,0.0375));
#8166=CARTESIAN_POINT('',(6.93889390390723E-18,-0.027,0.0375));
#8167=CARTESIAN_POINT('',(0.0195,-0.027,0.0375));
#8168=CARTESIAN_POINT('',(0.0195,-0.027,0.0375));
#8169=CARTESIAN_POINT('',(0.0195,-0.004,0.0375));
#8170=CARTESIAN_POINT('',(-0.00495,-0.01215,0.0375));
#8171=CARTESIAN_POINT('',(0.0165,-0.005,0.0375));
#8172=CARTESIAN_POINT('',(9.66488793758507E-18,-0.005,0.0375));
#8173=CARTESIAN_POINT('',(0.0095,-0.005,0.0375));
#8174=CARTESIAN_POINT('',(-0.00565,-0.01005,0.0375));
#8175=CARTESIAN_POINT('',(0.0125,-0.004,0.0375));
#8176=CARTESIAN_POINT('',(1.42510443763538E-17,-0.004,0.0375));
#8177=CARTESIAN_POINT('',(0.0195,-0.027,0.0375));
#8178=CARTESIAN_POINT('',(0.0195,0.,0.0375));
#8179=CARTESIAN_POINT('',(6.93889390390723E-18,0.,0.0375));
#8180=CARTESIAN_POINT('',(-0.0195,0.,0.0375));
#8181=CARTESIAN_POINT('',(-0.0195,-0.027,0.0375));
#8182=CARTESIAN_POINT('',(-0.0195,-0.004,0.0375));
#8183=CARTESIAN_POINT('',(1.25857051147365E-17,-0.004,0.0375));
#8184=CARTESIAN_POINT('',(-0.0125,-0.004,0.0375));
#8185=CARTESIAN_POINT('',(0.00565,-0.01005,0.0375));
#8186=CARTESIAN_POINT('',(-0.0095,-0.005,0.0375));
#8187=CARTESIAN_POINT('',(6.93889390390723E-18,-0.005,0.0375));
#8188=CARTESIAN_POINT('',(-0.0165,-0.005,0.0375));
#8189=CARTESIAN_POINT('',(0.00495,-0.01215,0.0375));
#8190=CARTESIAN_POINT('',(-0.0195,-0.027,0.0375));
#8191=CARTESIAN_POINT('',(0.00536634085041437,-0.0177052249963499,0.0375));
#8192=CARTESIAN_POINT('',(-0.00795042171881579,-0.0100167885422706,0.0375));
#8193=CARTESIAN_POINT('',(-0.0105484979301691,-0.00851678854227059,0.0375));
#8194=CARTESIAN_POINT('',(-0.00795042171881574,-0.027,0.0375));
#8195=CARTESIAN_POINT('',(-0.00795042171881579,-0.0130167885422706,0.0375));
#8196=CARTESIAN_POINT('',(-0.0080425136041456,-0.0130699578170559,0.0375));
#8197=CARTESIAN_POINT('',(-0.0105484979301691,-0.0145167885422706,0.0375));
#8198=CARTESIAN_POINT('',(0.00276826463906105,-0.0222052249963499,0.0375));
#8199=CARTESIAN_POINT('',(-0.0131465741415224,-0.0130167885422706,0.0375));
#8200=CARTESIAN_POINT('',(-0.0131465741415224,-0.027,0.0375));
#8201=CARTESIAN_POINT('',(-0.0131465741415224,-0.0100167885422706,0.0375));
#8202=CARTESIAN_POINT('',(-0.0106405898154989,-0.00856995781705594,0.0375));
#8203=CARTESIAN_POINT('',(0.00736634085041437,-0.0142411233812122,0.0375));
#8204=CARTESIAN_POINT('',(4.95782811842076E-5,-0.0100167885422706,0.0375));
#8205=CARTESIAN_POINT('',(-0.00254849793016911,-0.00851678854227059,0.0375));
#8206=CARTESIAN_POINT('',(4.95782811842574E-5,-0.027,0.0375));
#8207=CARTESIAN_POINT('',(4.95782811842163E-5,-0.0130167885422706,0.0375));
#8208=CARTESIAN_POINT('',(-0.00604251360414559,-0.0165340594321937,0.0375));
#8209=CARTESIAN_POINT('',(-0.0025484979301691,-0.0145167885422706,0.0375));
#8210=CARTESIAN_POINT('',(0.00476826463906105,-0.0187411233812122,0.0375));
#8211=CARTESIAN_POINT('',(-0.00514657414152242,-0.0130167885422706,0.0375));
#8212=CARTESIAN_POINT('',(-0.00514657414152238,-0.027,0.0375));
#8213=CARTESIAN_POINT('',(-0.00514657414152242,-0.0100167885422706,0.0375));
#8214=CARTESIAN_POINT('',(-0.00864058981549891,-0.0120340594321937,0.0375));
#8215=CARTESIAN_POINT('',(0.00936634085041436,-0.0107770217660744,0.0375));
#8216=CARTESIAN_POINT('',(0.00804957828118421,-0.0100167885422706,0.0375));
#8217=CARTESIAN_POINT('',(0.00545150206983089,-0.00851678854227059,0.0375));
#8218=CARTESIAN_POINT('',(0.00804957828118426,-0.027,0.0375));
#8219=CARTESIAN_POINT('',(0.00804957828118421,-0.0130167885422706,0.0375));
#8220=CARTESIAN_POINT('',(-0.0040425136041456,-0.0199981610473315,0.0375));
#8221=CARTESIAN_POINT('',(0.0054515020698309,-0.0145167885422706,0.0375));
#8222=CARTESIAN_POINT('',(0.00676826463906104,-0.0152770217660745,0.0375));
#8223=CARTESIAN_POINT('',(0.00285342585847758,-0.0130167885422706,0.0375));
#8224=CARTESIAN_POINT('',(0.00285342585847762,-0.027,0.0375));
#8225=CARTESIAN_POINT('',(0.00285342585847758,-0.0100167885422706,0.0375));
#8226=CARTESIAN_POINT('',(-0.00664058981549891,-0.0154981610473314,0.0375));
#8227=CARTESIAN_POINT('',(0.0113663408504144,-0.00731292015093669,0.0375));
#8228=CARTESIAN_POINT('',(0.0160495782811842,-0.0100167885422706,0.0375));
#8229=CARTESIAN_POINT('',(0.0134515020698309,-0.00851678854227059,0.0375));
#8230=CARTESIAN_POINT('',(0.0160495782811843,-0.027,0.0375));
#8231=CARTESIAN_POINT('',(0.0160495782811842,-0.0130167885422706,0.0375));
#8232=CARTESIAN_POINT('',(-0.00204251360414559,-0.0234622626624692,0.0375));
#8233=CARTESIAN_POINT('',(0.0134515020698309,-0.0145167885422706,0.0375));
#8234=CARTESIAN_POINT('',(0.00876826463906104,-0.0118129201509367,0.0375));
#8235=CARTESIAN_POINT('',(0.0108534258584776,-0.0130167885422706,0.0375));
#8236=CARTESIAN_POINT('',(0.0108534258584776,-0.027,0.0375));
#8237=CARTESIAN_POINT('',(0.0108534258584776,-0.0100167885422706,0.0375));
#8238=CARTESIAN_POINT('',(-0.00464058981549891,-0.0189622626624692,0.0375));
#8239=CARTESIAN_POINT('',(0.00660628795816517,-0.0155575736070274,0.0375));
#8240=CARTESIAN_POINT('',(0.0132255340769975,-0.0193791971355677,0.0375));
#8241=CARTESIAN_POINT('',(0.0160328469872475,-0.021,0.0375));
#8242=CARTESIAN_POINT('',(0.0132255340769975,-0.027,0.0375));
#8243=CARTESIAN_POINT('',(0.0132255340769975,-0.016137591406703,0.0375));
#8244=CARTESIAN_POINT('',(-0.00139717737479144,-0.0245800177996755,0.0375));
#8245=CARTESIAN_POINT('',(0.0160328469872475,-0.0145167885422706,0.0375));
#8246=CARTESIAN_POINT('',(0.0094136008684152,-0.0106951650137304,0.0375));
#8247=CARTESIAN_POINT('',(0.0188401598974975,-0.016137591406703,0.0375));
#8248=CARTESIAN_POINT('',(0.0188401598974974,-0.027,0.0375));
#8249=CARTESIAN_POINT('',(0.0188401598974975,-0.0193791971355677,0.0375));
#8250=CARTESIAN_POINT('',(0.00141013553545857,-0.0294424263929726,0.0375));
#8251=CARTESIAN_POINT('',(0.00460628795816518,-0.0190216752221652,0.0375));
#8252=CARTESIAN_POINT('',(0.00522553407699747,-0.0193791971355677,0.0375));
#8253=CARTESIAN_POINT('',(0.00803284698724747,-0.021,0.0375));
#8254=CARTESIAN_POINT('',(0.00522553407699748,-0.027,0.0375));
#8255=CARTESIAN_POINT('',(0.00522553407699746,-0.016137591406703,0.0375));
#8256=CARTESIAN_POINT('',(-0.00339717737479145,-0.0211159161845377,0.0375));
#8257=CARTESIAN_POINT('',(0.00803284698724746,-0.0145167885422706,0.0375));
#8258=CARTESIAN_POINT('',(0.00741360086841519,-0.0141592666288682,0.0375));
#8259=CARTESIAN_POINT('',(0.0108401598974975,-0.016137591406703,0.0375));
#8260=CARTESIAN_POINT('',(0.0108401598974974,-0.027,0.0375));
#8261=CARTESIAN_POINT('',(0.0108401598974974,-0.0193791971355677,0.0375));
#8262=CARTESIAN_POINT('',(-0.000589864464541441,-0.0259783247778348,0.0375));
#8263=CARTESIAN_POINT('',(-0.00939717737479145,-0.0107236113391245,0.0375));
#8264=CARTESIAN_POINT('',(-0.0159671530127526,-0.0145167885422706,0.0375));
#8265=CARTESIAN_POINT('',(-0.0187744659230025,-0.016137591406703,0.0375));
#8266=CARTESIAN_POINT('',(0.00141360086841519,-0.0245515714742814,0.0375));
#8267=CARTESIAN_POINT('',(-0.0131598401025025,-0.016137591406703,0.0375));
#8268=CARTESIAN_POINT('',(-0.0131598401025025,-0.027,0.0375));
#8269=CARTESIAN_POINT('',(-0.0131598401025025,-0.0193791971355677,0.0375));
#8270=CARTESIAN_POINT('',(-0.00658986446454145,-0.0155860199324216,0.0375));
#8271=CARTESIAN_POINT('',(-0.0159671530127526,-0.021,0.0375));
#8272=CARTESIAN_POINT('',(-0.00139371204183481,-0.0294139800675784,0.0375));
#8273=CARTESIAN_POINT('',(-0.0187744659230025,-0.0193791971355677,0.0375));
#8274=CARTESIAN_POINT('',(-0.0187744659230025,-0.027,0.0375));
#8275=CARTESIAN_POINT('',(0.00260628795816519,-0.0224857768373029,0.0375));
#8276=CARTESIAN_POINT('',(-0.00277446592300254,-0.0193791971355677,0.0375));
#8277=CARTESIAN_POINT('',(3.28469872474674E-5,-0.021,0.0375));
#8278=CARTESIAN_POINT('',(-0.00277446592300251,-0.027,0.0375));
#8279=CARTESIAN_POINT('',(-0.00277446592300253,-0.016137591406703,0.0375));
#8280=CARTESIAN_POINT('',(-0.00539717737479145,-0.0176518145694,0.0375));
#8281=CARTESIAN_POINT('',(3.28469872474604E-5,-0.0145167885422706,0.0375));
#8282=CARTESIAN_POINT('',(0.00541360086841519,-0.0176233682440059,0.0375));
#8283=CARTESIAN_POINT('',(0.00284015989749746,-0.016137591406703,0.0375));
#8284=CARTESIAN_POINT('',(0.00284015989749743,-0.027,0.0375));
#8285=CARTESIAN_POINT('',(0.00284015989749743,-0.0193791971355677,0.0375));
#8286=CARTESIAN_POINT('',(-0.00258986446454145,-0.0225142231626971,0.0375));
#8287=CARTESIAN_POINT('',(0.000606287958165186,-0.0259498784524407,0.0375));
#8288=CARTESIAN_POINT('',(-0.0107744659230025,-0.0193791971355677,0.0375));
#8289=CARTESIAN_POINT('',(-0.00796715301275253,-0.021,0.0375));
#8290=CARTESIAN_POINT('',(-0.0107744659230025,-0.027,0.0375));
#8291=CARTESIAN_POINT('',(-0.0107744659230025,-0.016137591406703,0.0375));
#8292=CARTESIAN_POINT('',(-0.00739717737479146,-0.0141877129542622,0.0375));
#8293=CARTESIAN_POINT('',(-0.00796715301275254,-0.0145167885422706,0.0375));
#8294=CARTESIAN_POINT('',(0.00341360086841519,-0.0210874698591436,0.0375));
#8295=CARTESIAN_POINT('',(-0.00515984010250254,-0.016137591406703,0.0375));
#8296=CARTESIAN_POINT('',(-0.00515984010250257,-0.027,0.0375));
#8297=CARTESIAN_POINT('',(-0.00515984010250256,-0.0193791971355677,0.0375));
#8298=CARTESIAN_POINT('',(-0.00458986446454145,-0.0190501215475593,0.0375));
#8299=CARTESIAN_POINT('',(6.93889390390723E-18,-0.0055,0.0375));
#8300=CARTESIAN_POINT('',(0.0095,-0.0055,0.0375));
#8301=CARTESIAN_POINT('',(0.0165,-0.0055,0.0375));
#8302=CARTESIAN_POINT('',(-0.0048,-0.0126,0.0375));
#8303=CARTESIAN_POINT('',(0.0135,-0.0065,0.0375));
#8304=CARTESIAN_POINT('',(9.47902470801612E-18,-0.0065,0.0375));
#8305=CARTESIAN_POINT('',(0.0065,-0.0065,0.0375));
#8306=CARTESIAN_POINT('',(-0.0055,-0.0105,0.0375));
#8307=CARTESIAN_POINT('',(6.93889390390723E-18,-0.007,0.0375));
#8308=CARTESIAN_POINT('',(0.0065,-0.007,0.0375));
#8309=CARTESIAN_POINT('',(0.0135,-0.007,0.0375));
#8310=CARTESIAN_POINT('',(-0.00465,-0.01305,0.0375));
#8311=CARTESIAN_POINT('',(0.0105,-0.008,0.0375));
#8312=CARTESIAN_POINT('',(1.16474290529871E-17,-0.008,0.0375));
#8313=CARTESIAN_POINT('',(0.0035,-0.008,0.0375));
#8314=CARTESIAN_POINT('',(-0.00535,-0.01095,0.0375));
#8315=CARTESIAN_POINT('',(0.0055,-0.0105,0.0375));
#8316=CARTESIAN_POINT('',(-0.0095,-0.0055,0.0375));
#8317=CARTESIAN_POINT('',(-0.0065,-0.0065,0.0375));
#8318=CARTESIAN_POINT('',(6.93889390390723E-18,-0.0065,0.0375));
#8319=CARTESIAN_POINT('',(-0.0135,-0.0065,0.0375));
#8320=CARTESIAN_POINT('',(0.0048,-0.0126,0.0375));
#8321=CARTESIAN_POINT('',(-0.0165,-0.0055,0.0375));
#8322=CARTESIAN_POINT('',(6.93889390390723E-18,-0.0055,0.0375));
#8323=CARTESIAN_POINT('',(6.93889390390723E-18,-0.008,0.0375));
#8324=CARTESIAN_POINT('',(-0.0035,-0.008,0.0375));
#8325=CARTESIAN_POINT('',(-0.0105,-0.008,0.0375));
#8326=CARTESIAN_POINT('',(0.00465,-0.01305,0.0375));
#8327=CARTESIAN_POINT('',(-0.0135,-0.007,0.0375));
#8328=CARTESIAN_POINT('',(6.93889390390723E-18,-0.007,0.0375));
#8329=CARTESIAN_POINT('',(-0.0065,-0.007,0.0375));
#8330=CARTESIAN_POINT('',(0.00535,-0.01095,0.0375));
#8331=CARTESIAN_POINT('',(6.93889390390723E-18,-0.027,0.0355));
#8332=CARTESIAN_POINT('',(-0.00795042171881574,-0.027,0.0355));
#8333=CARTESIAN_POINT('',(-0.00795042171881579,-0.0130167885422706,0.0355));
#8334=CARTESIAN_POINT('',(-0.00795042171881579,-0.0100167885422706,0.0355));
#8335=CARTESIAN_POINT('',(0.00536634085041437,-0.0177052249963499,0.0355));
#8336=CARTESIAN_POINT('',(-0.0105484979301691,-0.00851678854227059,0.0355));
#8337=CARTESIAN_POINT('',(-0.0106405898154989,-0.00856995781705594,0.0355));
#8338=CARTESIAN_POINT('',(-0.0131465741415224,-0.0100167885422706,0.0355));
#8339=CARTESIAN_POINT('',(-0.0131465741415224,-0.027,0.0355));
#8340=CARTESIAN_POINT('',(-0.0131465741415224,-0.0130167885422706,0.0355));
#8341=CARTESIAN_POINT('',(0.00276826463906105,-0.0222052249963499,0.0355));
#8342=CARTESIAN_POINT('',(-0.0105484979301691,-0.0145167885422706,0.0355));
#8343=CARTESIAN_POINT('',(-0.0080425136041456,-0.0130699578170559,0.0355));
#8344=CARTESIAN_POINT('',(4.95782811842574E-5,-0.027,0.0355));
#8345=CARTESIAN_POINT('',(4.95782811842163E-5,-0.0130167885422706,0.0355));
#8346=CARTESIAN_POINT('',(4.95782811842076E-5,-0.0100167885422706,0.0355));
#8347=CARTESIAN_POINT('',(0.00736634085041437,-0.0142411233812122,0.0355));
#8348=CARTESIAN_POINT('',(-0.00254849793016911,-0.00851678854227059,0.0355));
#8349=CARTESIAN_POINT('',(-0.00864058981549891,-0.0120340594321937,0.0355));
#8350=CARTESIAN_POINT('',(-0.00514657414152242,-0.0100167885422706,0.0355));
#8351=CARTESIAN_POINT('',(-0.00514657414152238,-0.027,0.0355));
#8352=CARTESIAN_POINT('',(-0.00514657414152242,-0.0130167885422706,0.0355));
#8353=CARTESIAN_POINT('',(0.00476826463906105,-0.0187411233812122,0.0355));
#8354=CARTESIAN_POINT('',(-0.0025484979301691,-0.0145167885422706,0.0355));
#8355=CARTESIAN_POINT('',(-0.00604251360414559,-0.0165340594321937,0.0355));
#8356=CARTESIAN_POINT('',(0.00804957828118426,-0.027,0.0355));
#8357=CARTESIAN_POINT('',(0.00804957828118421,-0.0130167885422706,0.0355));
#8358=CARTESIAN_POINT('',(0.00804957828118421,-0.0100167885422706,0.0355));
#8359=CARTESIAN_POINT('',(0.00936634085041436,-0.0107770217660744,0.0355));
#8360=CARTESIAN_POINT('',(0.00545150206983089,-0.00851678854227059,0.0355));
#8361=CARTESIAN_POINT('',(-0.00664058981549891,-0.0154981610473314,0.0355));
#8362=CARTESIAN_POINT('',(0.00285342585847757,-0.0100167885422706,0.0355));
#8363=CARTESIAN_POINT('',(0.00285342585847762,-0.027,0.0355));
#8364=CARTESIAN_POINT('',(0.00285342585847758,-0.0130167885422706,0.0355));
#8365=CARTESIAN_POINT('',(0.00676826463906104,-0.0152770217660745,0.0355));
#8366=CARTESIAN_POINT('',(0.0054515020698309,-0.0145167885422706,0.0355));
#8367=CARTESIAN_POINT('',(-0.0040425136041456,-0.0199981610473315,0.0355));
#8368=CARTESIAN_POINT('',(0.0160495782811843,-0.027,0.0355));
#8369=CARTESIAN_POINT('',(0.0160495782811842,-0.0130167885422706,0.0355));
#8370=CARTESIAN_POINT('',(0.0160495782811842,-0.0100167885422706,0.0355));
#8371=CARTESIAN_POINT('',(0.0113663408504144,-0.00731292015093669,0.0355));
#8372=CARTESIAN_POINT('',(0.0134515020698309,-0.00851678854227059,0.0355));
#8373=CARTESIAN_POINT('',(-0.00464058981549891,-0.0189622626624692,0.0355));
#8374=CARTESIAN_POINT('',(0.0108534258584776,-0.0100167885422706,0.0355));
#8375=CARTESIAN_POINT('',(0.0108534258584776,-0.027,0.0355));
#8376=CARTESIAN_POINT('',(0.0108534258584776,-0.0130167885422706,0.0355));
#8377=CARTESIAN_POINT('',(0.00876826463906104,-0.0118129201509367,0.0355));
#8378=CARTESIAN_POINT('',(0.0134515020698309,-0.0145167885422706,0.0355));
#8379=CARTESIAN_POINT('',(-0.00204251360414559,-0.0234622626624692,0.0355));
#8380=CARTESIAN_POINT('',(0.00522553407699748,-0.027,0.0355));
#8381=CARTESIAN_POINT('',(0.00522553407699746,-0.016137591406703,0.0355));
#8382=CARTESIAN_POINT('',(0.00522553407699747,-0.0193791971355677,0.0355));
#8383=CARTESIAN_POINT('',(0.00460628795816518,-0.0190216752221652,0.0355));
#8384=CARTESIAN_POINT('',(0.00803284698724747,-0.021,0.0355));
#8385=CARTESIAN_POINT('',(-0.000589864464541441,-0.0259783247778348,0.0355));
#8386=CARTESIAN_POINT('',(0.0108401598974974,-0.0193791971355677,0.0355));
#8387=CARTESIAN_POINT('',(0.0108401598974974,-0.027,0.0355));
#8388=CARTESIAN_POINT('',(0.0108401598974975,-0.016137591406703,0.0355));
#8389=CARTESIAN_POINT('',(0.00741360086841519,-0.0141592666288682,0.0355));
#8390=CARTESIAN_POINT('',(0.00803284698724746,-0.0145167885422706,0.0355));
#8391=CARTESIAN_POINT('',(-0.00339717737479145,-0.0211159161845377,0.0355));
#8392=CARTESIAN_POINT('',(-0.00277446592300251,-0.027,0.0355));
#8393=CARTESIAN_POINT('',(-0.00277446592300253,-0.016137591406703,0.0355));
#8394=CARTESIAN_POINT('',(-0.00277446592300254,-0.0193791971355677,0.0355));
#8395=CARTESIAN_POINT('',(0.00260628795816519,-0.0224857768373029,0.0355));
#8396=CARTESIAN_POINT('',(3.28469872474674E-5,-0.021,0.0355));
#8397=CARTESIAN_POINT('',(-0.00258986446454145,-0.0225142231626971,0.0355));
#8398=CARTESIAN_POINT('',(0.00284015989749743,-0.0193791971355677,0.0355));
#8399=CARTESIAN_POINT('',(0.00284015989749743,-0.027,0.0355));
#8400=CARTESIAN_POINT('',(0.00284015989749746,-0.016137591406703,0.0355));
#8401=CARTESIAN_POINT('',(0.00541360086841519,-0.0176233682440059,0.0355));
#8402=CARTESIAN_POINT('',(3.28469872474604E-5,-0.0145167885422706,0.0355));
#8403=CARTESIAN_POINT('',(-0.00539717737479145,-0.0176518145694,0.0355));
#8404=CARTESIAN_POINT('',(-0.0107744659230025,-0.027,0.0355));
#8405=CARTESIAN_POINT('',(-0.0107744659230025,-0.016137591406703,0.0355));
#8406=CARTESIAN_POINT('',(-0.0107744659230025,-0.0193791971355677,0.0355));
#8407=CARTESIAN_POINT('',(0.000606287958165186,-0.0259498784524407,0.0355));
#8408=CARTESIAN_POINT('',(-0.00796715301275253,-0.021,0.0355));
#8409=CARTESIAN_POINT('',(-0.00458986446454145,-0.0190501215475593,0.0355));
#8410=CARTESIAN_POINT('',(-0.00515984010250256,-0.0193791971355677,0.0355));
#8411=CARTESIAN_POINT('',(-0.00515984010250257,-0.027,0.0355));
#8412=CARTESIAN_POINT('',(-0.00515984010250254,-0.016137591406703,0.0355));
#8413=CARTESIAN_POINT('',(0.00341360086841519,-0.0210874698591436,0.0355));
#8414=CARTESIAN_POINT('',(-0.00796715301275254,-0.0145167885422706,0.0355));
#8415=CARTESIAN_POINT('',(-0.00739717737479146,-0.0141877129542622,0.0355));
#8416=CARTESIAN_POINT('',(6.93889390390723E-18,-0.0065,0.0355));
#8417=CARTESIAN_POINT('',(-0.0065,-0.0065,0.0355));
#8418=CARTESIAN_POINT('',(-0.0135,-0.0065,0.0355));
#8419=CARTESIAN_POINT('',(0.0055,-0.0105,0.0355));
#8420=CARTESIAN_POINT('',(-0.0095,-0.0055,0.0355));
#8421=CARTESIAN_POINT('',(6.93889390390723E-18,-0.0055,0.0355));
#8422=CARTESIAN_POINT('',(-0.0165,-0.0055,0.0355));
#8423=CARTESIAN_POINT('',(0.0048,-0.0126,0.0355));
#8424=CARTESIAN_POINT('',(-0.0159504217188158,-0.027,0.0355));
#8425=CARTESIAN_POINT('',(-0.0159504217188158,-0.0130167885422706,0.0355));
#8426=CARTESIAN_POINT('',(-0.0159504217188158,-0.0100167885422706,0.0355));
#8427=CARTESIAN_POINT('',(0.00336634085041437,-0.0211693266114877,0.0355));
#8428=CARTESIAN_POINT('',(-0.0175,-0.00912213910449849,0.0355));
#8429=CARTESIAN_POINT('',(-0.0175,-0.027,0.0355));
#8430=CARTESIAN_POINT('',(-0.0175,-0.00466666666666667,0.0355));
#8431=CARTESIAN_POINT('',(0.00495,-0.01215,0.0355));
#8432=CARTESIAN_POINT('',(-0.0165,-0.005,0.0355));
#8433=CARTESIAN_POINT('',(6.93889390390723E-18,-0.005,0.0355));
#8434=CARTESIAN_POINT('',(-0.0095,-0.005,0.0355));
#8435=CARTESIAN_POINT('',(0.00565,-0.01005,0.0355));
#8436=CARTESIAN_POINT('',(-0.0125,-0.004,0.0355));
#8437=CARTESIAN_POINT('',(1.25857051147365E-17,-0.004,0.0355));
#8438=CARTESIAN_POINT('',(-0.0175,-0.004,0.0355));
#8439=CARTESIAN_POINT('',(-0.0175,-0.027,0.0355));
#8440=CARTESIAN_POINT('',(-0.0175,-0.0035,0.0355));
#8441=CARTESIAN_POINT('',(6.93889390390723E-18,-0.0035,0.0355));
#8442=CARTESIAN_POINT('',(1.42510443763538E-17,-0.004,0.0355));
#8443=CARTESIAN_POINT('',(0.0125,-0.004,0.0355));
#8444=CARTESIAN_POINT('',(-0.00565,-0.01005,0.0355));
#8445=CARTESIAN_POINT('',(0.0095,-0.005,0.0355));
#8446=CARTESIAN_POINT('',(9.66488793758507E-18,-0.005,0.0355));
#8447=CARTESIAN_POINT('',(0.0165,-0.005,0.0355));
#8448=CARTESIAN_POINT('',(-0.00495,-0.01215,0.0355));
#8449=CARTESIAN_POINT('',(0.0094136008684152,-0.0106951650137304,0.0355));
#8450=CARTESIAN_POINT('',(0.0160328469872475,-0.0145167885422706,0.0355));
#8451=CARTESIAN_POINT('',(-0.00139717737479144,-0.0245800177996755,0.0355));
#8452=CARTESIAN_POINT('',(0.0132255340769975,-0.016137591406703,0.0355));
#8453=CARTESIAN_POINT('',(0.0132255340769975,-0.027,0.0355));
#8454=CARTESIAN_POINT('',(0.0132255340769975,-0.0193791971355677,0.0355));
#8455=CARTESIAN_POINT('',(0.00660628795816517,-0.0155575736070274,0.0355));
#8456=CARTESIAN_POINT('',(0.0160328469872475,-0.021,0.0355));
#8457=CARTESIAN_POINT('',(0.00141013553545857,-0.0294424263929726,0.0355));
#8458=CARTESIAN_POINT('',(6.93889390390723E-18,-0.027,0.0355));
#8459=CARTESIAN_POINT('',(-0.0175,-0.027,0.0355));
#8460=CARTESIAN_POINT('',(-0.0175,-0.027,0.0355));
#8461=CARTESIAN_POINT('',(-0.0175,-0.0201150103792862,0.0355));
#8462=CARTESIAN_POINT('',(-0.00139371204183481,-0.0294139800675784,0.0355));
#8463=CARTESIAN_POINT('',(-0.0159671530127526,-0.021,0.0355));
#8464=CARTESIAN_POINT('',(-0.00658986446454145,-0.0155860199324216,0.0355));
#8465=CARTESIAN_POINT('',(-0.0131598401025025,-0.0193791971355677,0.0355));
#8466=CARTESIAN_POINT('',(-0.0131598401025025,-0.027,0.0355));
#8467=CARTESIAN_POINT('',(-0.0131598401025025,-0.016137591406703,0.0355));
#8468=CARTESIAN_POINT('',(0.00141360086841519,-0.0245515714742814,0.0355));
#8469=CARTESIAN_POINT('',(-0.0159671530127526,-0.0145167885422706,0.0355));
#8470=CARTESIAN_POINT('',(-0.00939717737479145,-0.0107236113391245,0.0355));
#8471=CARTESIAN_POINT('',(-0.0175,-0.0154017781629844,0.0355));
#8472=CARTESIAN_POINT('',(-0.0175,-0.027,0.0355));
#8473=CARTESIAN_POINT('',(-0.0175,-0.0139114379800427,0.0355));
#8474=CARTESIAN_POINT('',(-0.0100425136041456,-0.00960585620191818,0.0355));
#8475=CARTESIAN_POINT('',(-0.0048,-0.0126,0.0355));
#8476=CARTESIAN_POINT('',(0.0165,-0.0055,0.0355));
#8477=CARTESIAN_POINT('',(0.0135,-0.0065,0.0355));
#8478=CARTESIAN_POINT('',(6.93889390390723E-18,-0.0055,0.0355));
#8479=CARTESIAN_POINT('',(0.0095,-0.0055,0.0355));
#8480=CARTESIAN_POINT('',(-0.0055,-0.0105,0.0355));
#8481=CARTESIAN_POINT('',(0.0065,-0.0065,0.0355));
#8482=CARTESIAN_POINT('',(9.47902470801612E-18,-0.0065,0.0355));
#8483=CARTESIAN_POINT('',(-0.00465,-0.01305,0.0355));
#8484=CARTESIAN_POINT('',(0.0135,-0.007,0.0355));
#8485=CARTESIAN_POINT('',(0.0105,-0.008,0.0355));
#8486=CARTESIAN_POINT('',(6.93889390390723E-18,-0.007,0.0355));
#8487=CARTESIAN_POINT('',(0.0065,-0.007,0.0355));
#8488=CARTESIAN_POINT('',(-0.00535,-0.01095,0.0355));
#8489=CARTESIAN_POINT('',(0.0035,-0.008,0.0355));
#8490=CARTESIAN_POINT('',(1.16474290529871E-17,-0.008,0.0355));
#8491=CARTESIAN_POINT('',(0.00465,-0.01305,0.0355));
#8492=CARTESIAN_POINT('',(-0.0105,-0.008,0.0355));
#8493=CARTESIAN_POINT('',(-0.0135,-0.007,0.0355));
#8494=CARTESIAN_POINT('',(6.93889390390723E-18,-0.008,0.0355));
#8495=CARTESIAN_POINT('',(-0.0035,-0.008,0.0355));
#8496=CARTESIAN_POINT('',(0.00535,-0.01095,0.0355));
#8497=CARTESIAN_POINT('',(-0.0065,-0.007,0.0355));
#8498=CARTESIAN_POINT('',(6.93889390390723E-18,-0.007,0.0355));
#8499=CARTESIAN_POINT('',(-0.0225,-0.027,0.));
#8500=CARTESIAN_POINT('',(-0.0225,-0.022,0.));
#8501=CARTESIAN_POINT('',(-0.0225,-0.022,-0.0295));
#8502=CARTESIAN_POINT('',(-0.0225,-0.022,-0.0198869956632277));
#8503=CARTESIAN_POINT('',(-0.0225,-0.0205,-0.0295));
#8504=CARTESIAN_POINT('',(-0.0225,-0.0205,-0.031));
#8505=CARTESIAN_POINT('',(-0.0225,-0.027,-0.031));
#8506=CARTESIAN_POINT('',(-0.0225,-0.0114676469318918,-0.031));
#8507=CARTESIAN_POINT('',(-0.0225,-0.0114676469318918,-0.0295));
#8508=CARTESIAN_POINT('',(-0.0225,-0.0103744857746245,-0.0284728687112925));
#8509=CARTESIAN_POINT('',(-0.0225,-0.0323788426114208,-0.00505394607784502));
#8510=CARTESIAN_POINT('',(-0.0225,-0.0194068388427327,-0.0188598643745202));
#8511=CARTESIAN_POINT('',(-0.0225,-0.0205,-0.0198869956632277));
#8512=CARTESIAN_POINT('',(-0.0225,-0.0075,4.54055138007352E-18));
#8513=CARTESIAN_POINT('',(-0.0225,-0.0075,0.00341300433677227));
#8514=CARTESIAN_POINT('',(-0.0225,-0.0075,-0.0062));
#8515=CARTESIAN_POINT('',(-0.0225,-0.009,0.00341300433677227));
#8516=CARTESIAN_POINT('',(-0.0225,-0.0100931611572673,0.0044401356254798));
#8517=CARTESIAN_POINT('',(-0.0225,-0.0202363460204301,-0.0063551111217435));
#8518=CARTESIAN_POINT('',(-0.0225,-0.0191255142253755,-0.00517286871129245));
#8519=CARTESIAN_POINT('',(-0.0225,-0.0180323530681081,-0.0062));
#8520=CARTESIAN_POINT('',(-0.0225,-0.0180323530681081,-0.0077));
#8521=CARTESIAN_POINT('',(-0.0225,-0.027,-0.0077));
#8522=CARTESIAN_POINT('',(-0.0225,-0.009,-0.0077));
#8523=CARTESIAN_POINT('',(-0.0225,-0.009,-0.0062));
#8524=CARTESIAN_POINT('',(-0.0225,-0.0207015143178393,-0.0059180402382718));
#8525=CARTESIAN_POINT('',(-0.0225,-0.0194068388427327,-0.00454013562547978));
#8526=CARTESIAN_POINT('',(-0.0225,-0.0103744857746245,0.00507286871129248));
#8527=CARTESIAN_POINT('',(-0.0225,-0.0114676469318918,0.0061));
#8528=CARTESIAN_POINT('',(-0.0225,-0.0114676469318918,0.0076));
#8529=CARTESIAN_POINT('',(-0.0225,-0.027,0.0076));
#8530=CARTESIAN_POINT('',(-0.0225,-0.0205,0.0076));
#8531=CARTESIAN_POINT('',(-0.0225,-0.0205,0.0061));
#8532=CARTESIAN_POINT('',(-0.0225,-0.022,0.0061));
#8533=CARTESIAN_POINT('',(-0.0225,-0.022,1.16424394360859E-18));
#8534=CARTESIAN_POINT('',(-0.0225,-0.022,-0.00351300433677225));
#8535=CARTESIAN_POINT('',(-0.0225,-0.0205,-0.00351300433677225));
#8536=CARTESIAN_POINT('',(-0.0225,-0.0091079519628717,0.0168113203033421));
#8537=CARTESIAN_POINT('',(-0.0225,-0.0100931611572673,0.0178598643745202));
#8538=CARTESIAN_POINT('',(-0.0225,-0.0191255142253755,0.0274728687112925));
#8539=CARTESIAN_POINT('',(-0.0225,-0.009,0.0188869956632278));
#8540=CARTESIAN_POINT('',(-0.0225,-0.0075,0.0188869956632278));
#8541=CARTESIAN_POINT('',(-0.0225,-0.0075,4.39313088072048E-18));
#8542=CARTESIAN_POINT('',(-0.0225,-0.0075,0.0285));
#8543=CARTESIAN_POINT('',(-0.0225,-0.009,0.0285));
#8544=CARTESIAN_POINT('',(-0.0225,-0.009,0.03));
#8545=CARTESIAN_POINT('',(-0.0225,-0.027,0.03));
#8546=CARTESIAN_POINT('',(-0.0225,-0.0180323530681081,0.03));
#8547=CARTESIAN_POINT('',(-0.0225,-0.0180323530681081,0.0285));
#8548=CARTESIAN_POINT('',(-0.0225,-0.027,0.));
#8549=CARTESIAN_POINT('',(-0.0225,-0.027,0.0345));
#8550=CARTESIAN_POINT('',(-0.0225,-0.027,-0.0345));
#8551=CARTESIAN_POINT('',(-0.0225,0.,0.0345));
#8552=CARTESIAN_POINT('',(-0.0225,0.,0.0345));
#8553=CARTESIAN_POINT('',(-0.0225,0.,0.));
#8554=CARTESIAN_POINT('',(-0.0225,0.,-0.0345));
#8555=CARTESIAN_POINT('',(-0.0225,-0.027,-0.0345));
#8556=CARTESIAN_POINT('',(-0.0225,-0.00962302337264658,0.0163273605894596));
#8557=CARTESIAN_POINT('',(-0.0225,-0.0194068388427327,0.0267401356254798));
#8558=CARTESIAN_POINT('',(-0.0225,-0.0103744857746245,0.0171271312887075));
#8559=CARTESIAN_POINT('',(-0.0225,-0.0205,0.0257130043367723));
#8560=CARTESIAN_POINT('',(-0.0225,-0.022,0.0257130043367723));
#8561=CARTESIAN_POINT('',(-0.0225,-0.022,1.12644381556935E-18));
#8562=CARTESIAN_POINT('',(-0.0225,-0.022,0.0161));
#8563=CARTESIAN_POINT('',(-0.0225,-0.0205,0.0161));
#8564=CARTESIAN_POINT('',(-0.0225,-0.0205,0.0146));
#8565=CARTESIAN_POINT('',(-0.0225,-0.027,0.0146));
#8566=CARTESIAN_POINT('',(-0.0225,-0.0114676469318918,0.0146));
#8567=CARTESIAN_POINT('',(-0.0225,-0.0114676469318918,0.0161));
#8568=CARTESIAN_POINT('',(-0.0225,-0.027,-0.0157));
#8569=CARTESIAN_POINT('',(-0.0225,-0.0180323530681081,-0.0157));
#8570=CARTESIAN_POINT('',(-0.0225,-0.009,-0.0157));
#8571=CARTESIAN_POINT('',(-0.0225,-0.0180323530681081,-0.0172));
#8572=CARTESIAN_POINT('',(-0.0225,-0.0191255142253755,-0.0182271312887075));
#8573=CARTESIAN_POINT('',(-0.0225,-0.0319136743140117,-0.00461687519437334));
#8574=CARTESIAN_POINT('',(-0.0225,-0.0100931611572673,-0.0278401356254798));
#8575=CARTESIAN_POINT('',(-0.0225,-0.009,-0.0268130043367722));
#8576=CARTESIAN_POINT('',(-0.0225,-0.0075,-0.0268130043367722));
#8577=CARTESIAN_POINT('',(-0.0225,-0.0075,0.));
#8578=CARTESIAN_POINT('',(-0.0225,-0.0075,-0.0172));
#8579=CARTESIAN_POINT('',(-0.0225,-0.009,-0.0172));
#8580=CARTESIAN_POINT('',(0.0225,-0.027,0.));
#8581=CARTESIAN_POINT('',(0.0225,-0.01475,-0.031));
#8582=CARTESIAN_POINT('',(0.0225,-0.0205,-0.031));
#8583=CARTESIAN_POINT('',(0.0225,-0.0114676469318918,-0.031));
#8584=CARTESIAN_POINT('',(0.0225,-0.0205,-0.0295));
#8585=CARTESIAN_POINT('',(0.0225,-0.022,-0.0295));
#8586=CARTESIAN_POINT('',(0.0225,-0.022,-0.02335));
#8587=CARTESIAN_POINT('',(0.0225,-0.022,-0.0198869956632278));
#8588=CARTESIAN_POINT('',(0.0225,-0.0205,-0.0198869956632278));
#8589=CARTESIAN_POINT('',(0.0225,-0.0194068388427327,-0.0188598643745202));
#8590=CARTESIAN_POINT('',(0.0225,-0.015,-0.02355));
#8591=CARTESIAN_POINT('',(0.0225,-0.0103744857746245,-0.0284728687112925));
#8592=CARTESIAN_POINT('',(0.0225,-0.0114676469318918,-0.0295));
#8593=CARTESIAN_POINT('',(0.0225,-0.022,0.000150000000000006));
#8594=CARTESIAN_POINT('',(0.0225,-0.022,0.0061));
#8595=CARTESIAN_POINT('',(0.0225,-0.022,-0.00351300433677226));
#8596=CARTESIAN_POINT('',(0.0225,-0.0205,0.0061));
#8597=CARTESIAN_POINT('',(0.0225,-0.0205,0.0076));
#8598=CARTESIAN_POINT('',(0.0225,-0.015,0.0076));
#8599=CARTESIAN_POINT('',(0.0225,-0.0114676469318918,0.0076));
#8600=CARTESIAN_POINT('',(0.0225,-0.0114676469318918,0.0061));
#8601=CARTESIAN_POINT('',(0.0225,-0.0103744857746245,0.00507286871129247));
#8602=CARTESIAN_POINT('',(0.0225,-0.015,0.000150000000000006));
#8603=CARTESIAN_POINT('',(0.0225,-0.0194068388427327,-0.00454013562547979));
#8604=CARTESIAN_POINT('',(0.0225,-0.0205,-0.00351300433677226));
#8605=CARTESIAN_POINT('',(0.0225,0.,0.));
#8606=CARTESIAN_POINT('',(0.0225,0.,0.0345));
#8607=CARTESIAN_POINT('',(0.0225,0.,-0.0345));
#8608=CARTESIAN_POINT('',(0.0225,-0.027,0.0345));
#8609=CARTESIAN_POINT('',(0.0225,-0.027,0.0345));
#8610=CARTESIAN_POINT('',(0.0225,-0.027,0.));
#8611=CARTESIAN_POINT('',(0.0225,-0.027,-0.0345));
#8612=CARTESIAN_POINT('',(0.0225,0.,-0.0345));
#8613=CARTESIAN_POINT('',(0.0225,-0.0075,0.0223));
#8614=CARTESIAN_POINT('',(0.0225,-0.0075,0.0188869956632278));
#8615=CARTESIAN_POINT('',(0.0225,-0.0075,0.0285));
#8616=CARTESIAN_POINT('',(0.0225,-0.009,0.0188869956632278));
#8617=CARTESIAN_POINT('',(0.0225,-0.0100931611572673,0.0178598643745202));
#8618=CARTESIAN_POINT('',(0.0225,-0.0145,0.02255));
#8619=CARTESIAN_POINT('',(0.0225,-0.0191255142253755,0.0274728687112925));
#8620=CARTESIAN_POINT('',(0.0225,-0.0180323530681081,0.0285));
#8621=CARTESIAN_POINT('',(0.0225,-0.0180323530681081,0.03));
#8622=CARTESIAN_POINT('',(0.0225,-0.01475,0.03));
#8623=CARTESIAN_POINT('',(0.0225,-0.009,0.03));
#8624=CARTESIAN_POINT('',(0.0225,-0.009,0.0285));
#8625=CARTESIAN_POINT('',(0.0225,-0.01475,0.0146));
#8626=CARTESIAN_POINT('',(0.0225,-0.0205,0.0146));
#8627=CARTESIAN_POINT('',(0.0225,-0.0114676469318918,0.0146));
#8628=CARTESIAN_POINT('',(0.0225,-0.0205,0.0161));
#8629=CARTESIAN_POINT('',(0.0225,-0.022,0.0161));
#8630=CARTESIAN_POINT('',(0.0225,-0.022,0.0223));
#8631=CARTESIAN_POINT('',(0.0225,-0.022,0.0257130043367723));
#8632=CARTESIAN_POINT('',(0.0225,-0.0205,0.0257130043367723));
#8633=CARTESIAN_POINT('',(0.0225,-0.0194068388427327,0.0267401356254798));
#8634=CARTESIAN_POINT('',(0.0225,-0.015,0.02205));
#8635=CARTESIAN_POINT('',(0.0225,-0.0103744857746245,0.0171271312887075));
#8636=CARTESIAN_POINT('',(0.0225,-0.0114676469318918,0.0161));
#8637=CARTESIAN_POINT('',(0.0225,-0.0145,-0.000249999999999996));
#8638=CARTESIAN_POINT('',(0.0225,-0.0100931611572673,0.0044401356254798));
#8639=CARTESIAN_POINT('',(0.0225,-0.0191255142253755,-0.00517286871129246));
#8640=CARTESIAN_POINT('',(0.0225,-0.009,0.00341300433677226));
#8641=CARTESIAN_POINT('',(0.0225,-0.0075,0.00341300433677226));
#8642=CARTESIAN_POINT('',(0.0225,-0.0075,-0.000249999999999995));
#8643=CARTESIAN_POINT('',(0.0225,-0.0075,-0.0062));
#8644=CARTESIAN_POINT('',(0.0225,-0.009,-0.0062));
#8645=CARTESIAN_POINT('',(0.0225,-0.009,-0.0077));
#8646=CARTESIAN_POINT('',(0.0225,-0.0145,-0.0077));
#8647=CARTESIAN_POINT('',(0.0225,-0.0180323530681081,-0.0077));
#8648=CARTESIAN_POINT('',(0.0225,-0.0180323530681081,-0.0062));
#8649=CARTESIAN_POINT('',(0.0225,-0.0145,-0.02315));
#8650=CARTESIAN_POINT('',(0.0225,-0.0191255142253755,-0.0182271312887075));
#8651=CARTESIAN_POINT('',(0.0225,-0.0100931611572673,-0.0278401356254798));
#8652=CARTESIAN_POINT('',(0.0225,-0.0180323530681081,-0.0172));
#8653=CARTESIAN_POINT('',(0.0225,-0.0180323530681081,-0.0157));
#8654=CARTESIAN_POINT('',(0.0225,-0.01475,-0.0157));
#8655=CARTESIAN_POINT('',(0.0225,-0.009,-0.0157));
#8656=CARTESIAN_POINT('',(0.0225,-0.009,-0.0172));
#8657=CARTESIAN_POINT('',(0.0225,-0.0075,-0.0172));
#8658=CARTESIAN_POINT('',(0.0225,-0.0075,-0.02335));
#8659=CARTESIAN_POINT('',(0.0225,-0.0075,-0.0268130043367722));
#8660=CARTESIAN_POINT('',(0.0225,-0.009,-0.0268130043367722));
#8661=CARTESIAN_POINT('',(-0.0205,-0.027,-3.70074341541719E-19));
#8662=CARTESIAN_POINT('',(-0.0205,-0.027,-0.031));
#8663=CARTESIAN_POINT('',(-0.0205,-0.0205,-0.031));
#8664=CARTESIAN_POINT('',(-0.0205,-0.0114676469318918,-0.031));
#8665=CARTESIAN_POINT('',(-0.0205,-0.0205,-0.0295));
#8666=CARTESIAN_POINT('',(-0.0205,-0.022,-0.0295));
#8667=CARTESIAN_POINT('',(-0.0205,-0.022,-3.70074341541719E-19));
#8668=CARTESIAN_POINT('',(-0.0205,-0.022,-0.0198869956632277));
#8669=CARTESIAN_POINT('',(-0.0205,-0.0205,-0.0198869956632277));
#8670=CARTESIAN_POINT('',(-0.0205,-0.0194068388427327,-0.0188598643745202));
#8671=CARTESIAN_POINT('',(-0.0205,-0.0323788426114208,-0.00505394607784502));
#8672=CARTESIAN_POINT('',(-0.0205,-0.0103744857746245,-0.0284728687112925));
#8673=CARTESIAN_POINT('',(-0.0205,-0.0114676469318918,-0.0295));
#8674=CARTESIAN_POINT('',(-0.0205,-0.022,7.94169602066877E-19));
#8675=CARTESIAN_POINT('',(-0.0205,-0.022,0.0061));
#8676=CARTESIAN_POINT('',(-0.0205,-0.022,-0.00351300433677225));
#8677=CARTESIAN_POINT('',(-0.0205,-0.0205,0.0061));
#8678=CARTESIAN_POINT('',(-0.0205,-0.0205,0.0076));
#8679=CARTESIAN_POINT('',(-0.0205,-0.027,0.0076));
#8680=CARTESIAN_POINT('',(-0.0205,-0.0114676469318918,0.0076));
#8681=CARTESIAN_POINT('',(-0.0205,-0.0114676469318918,0.0061));
#8682=CARTESIAN_POINT('',(-0.0205,-0.0103744857746245,0.00507286871129248));
#8683=CARTESIAN_POINT('',(-0.0205,-0.0207015143178393,-0.00591804023827181));
#8684=CARTESIAN_POINT('',(-0.0205,-0.0194068388427327,-0.00454013562547979));
#8685=CARTESIAN_POINT('',(-0.0205,-0.0205,-0.00351300433677225));
#8686=CARTESIAN_POINT('',(-0.0205,-0.0035,-3.70074341541719E-19));
#8687=CARTESIAN_POINT('',(-0.0205,-0.0035,0.0325));
#8688=CARTESIAN_POINT('',(-0.0205,-0.0035,-0.0325));
#8689=CARTESIAN_POINT('',(-0.0205,-0.027,0.0325));
#8690=CARTESIAN_POINT('',(-0.0205,-0.027,0.0325));
#8691=CARTESIAN_POINT('',(-0.0205,-0.027,-3.70074341541719E-19));
#8692=CARTESIAN_POINT('',(-0.0205,-0.027,-0.0325));
#8693=CARTESIAN_POINT('',(-0.0205,-0.002,-0.0325));
#8694=CARTESIAN_POINT('',(-0.0205,-0.0075,4.02305653917876E-18));
#8695=CARTESIAN_POINT('',(-0.0205,-0.0075,0.0188869956632278));
#8696=CARTESIAN_POINT('',(-0.0205,-0.0075,0.0285));
#8697=CARTESIAN_POINT('',(-0.0205,-0.009,0.0188869956632278));
#8698=CARTESIAN_POINT('',(-0.0205,-0.0100931611572673,0.0178598643745202));
#8699=CARTESIAN_POINT('',(-0.0205,-0.0091079519628717,0.0168113203033421));
#8700=CARTESIAN_POINT('',(-0.0205,-0.0191255142253755,0.0274728687112925));
#8701=CARTESIAN_POINT('',(-0.0205,-0.0180323530681081,0.0285));
#8702=CARTESIAN_POINT('',(-0.0205,-0.0180323530681081,0.03));
#8703=CARTESIAN_POINT('',(-0.0205,-0.027,0.03));
#8704=CARTESIAN_POINT('',(-0.0205,-0.009,0.03));
#8705=CARTESIAN_POINT('',(-0.0205,-0.009,0.0285));
#8706=CARTESIAN_POINT('',(-0.0205,-0.027,0.0146));
#8707=CARTESIAN_POINT('',(-0.0205,-0.0205,0.0146));
#8708=CARTESIAN_POINT('',(-0.0205,-0.0114676469318918,0.0146));
#8709=CARTESIAN_POINT('',(-0.0205,-0.0205,0.0161));
#8710=CARTESIAN_POINT('',(-0.0205,-0.022,0.0161));
#8711=CARTESIAN_POINT('',(-0.0205,-0.022,7.56369474027636E-19));
#8712=CARTESIAN_POINT('',(-0.0205,-0.022,0.0257130043367723));
#8713=CARTESIAN_POINT('',(-0.0205,-0.0205,0.0257130043367723));
#8714=CARTESIAN_POINT('',(-0.0205,-0.0194068388427327,0.0267401356254798));
#8715=CARTESIAN_POINT('',(-0.0205,-0.00962302337264659,0.0163273605894596));
#8716=CARTESIAN_POINT('',(-0.0205,-0.0103744857746245,0.0171271312887075));
#8717=CARTESIAN_POINT('',(-0.0205,-0.0114676469318918,0.0161));
#8718=CARTESIAN_POINT('',(-0.0205,-0.0202363460204301,-0.0063551111217435));
#8719=CARTESIAN_POINT('',(-0.0205,-0.0100931611572673,0.0044401356254798));
#8720=CARTESIAN_POINT('',(-0.0205,-0.0191255142253755,-0.00517286871129245));
#8721=CARTESIAN_POINT('',(-0.0205,-0.009,0.00341300433677227));
#8722=CARTESIAN_POINT('',(-0.0205,-0.0075,0.00341300433677227));
#8723=CARTESIAN_POINT('',(-0.0205,-0.0075,4.1704770385318E-18));
#8724=CARTESIAN_POINT('',(-0.0205,-0.0075,-0.0062));
#8725=CARTESIAN_POINT('',(-0.0205,-0.009,-0.0062));
#8726=CARTESIAN_POINT('',(-0.0205,-0.009,-0.0077));
#8727=CARTESIAN_POINT('',(-0.0205,-0.027,-0.0077));
#8728=CARTESIAN_POINT('',(-0.0205,-0.0180323530681081,-0.0077));
#8729=CARTESIAN_POINT('',(-0.0205,-0.0180323530681081,-0.0062));
#8730=CARTESIAN_POINT('',(-0.0205,-0.0319136743140117,-0.00461687519437334));
#8731=CARTESIAN_POINT('',(-0.0205,-0.0191255142253755,-0.0182271312887075));
#8732=CARTESIAN_POINT('',(-0.0205,-0.0100931611572673,-0.0278401356254798));
#8733=CARTESIAN_POINT('',(-0.0205,-0.0180323530681081,-0.0172));
#8734=CARTESIAN_POINT('',(-0.0205,-0.0180323530681081,-0.0157));
#8735=CARTESIAN_POINT('',(-0.0205,-0.027,-0.0157));
#8736=CARTESIAN_POINT('',(-0.0205,-0.009,-0.0157));
#8737=CARTESIAN_POINT('',(-0.0205,-0.009,-0.0172));
#8738=CARTESIAN_POINT('',(-0.0205,-0.0075,-0.0172));
#8739=CARTESIAN_POINT('',(-0.0205,-0.0075,-3.70074341541719E-19));
#8740=CARTESIAN_POINT('',(-0.0205,-0.0075,-0.0268130043367722));
#8741=CARTESIAN_POINT('',(-0.0205,-0.009,-0.0268130043367722));
#8742=CARTESIAN_POINT('',(0.0205,-0.027,3.70074341541719E-19));
#8743=CARTESIAN_POINT('',(0.0205,-0.022,3.70074341541719E-19));
#8744=CARTESIAN_POINT('',(0.0205,-0.022,-0.0295));
#8745=CARTESIAN_POINT('',(0.0205,-0.022,-0.0198869956632278));
#8746=CARTESIAN_POINT('',(0.0205,-0.0205,-0.0295));
#8747=CARTESIAN_POINT('',(0.0205,-0.0205,-0.031));
#8748=CARTESIAN_POINT('',(0.0205,-0.027,-0.031));
#8749=CARTESIAN_POINT('',(0.0205,-0.0114676469318918,-0.031));
#8750=CARTESIAN_POINT('',(0.0205,-0.0114676469318918,-0.0295));
#8751=CARTESIAN_POINT('',(0.0205,-0.0103744857746245,-0.0284728687112925));
#8752=CARTESIAN_POINT('',(0.0205,-0.0323788426114208,-0.00505394607784503));
#8753=CARTESIAN_POINT('',(0.0205,-0.0194068388427327,-0.0188598643745202));
#8754=CARTESIAN_POINT('',(0.0205,-0.0205,-0.0198869956632278));
#8755=CARTESIAN_POINT('',(0.0205,-0.0075,4.91062572161524E-18));
#8756=CARTESIAN_POINT('',(0.0205,-0.0075,0.00341300433677226));
#8757=CARTESIAN_POINT('',(0.0205,-0.0075,-0.0062));
#8758=CARTESIAN_POINT('',(0.0205,-0.009,0.00341300433677226));
#8759=CARTESIAN_POINT('',(0.0205,-0.0100931611572673,0.0044401356254798));
#8760=CARTESIAN_POINT('',(0.0205,-0.0202363460204301,-0.0063551111217435));
#8761=CARTESIAN_POINT('',(0.0205,-0.0191255142253755,-0.00517286871129246));
#8762=CARTESIAN_POINT('',(0.0205,-0.0180323530681081,-0.0062));
#8763=CARTESIAN_POINT('',(0.0205,-0.0180323530681081,-0.0077));
#8764=CARTESIAN_POINT('',(0.0205,-0.027,-0.0077));
#8765=CARTESIAN_POINT('',(0.0205,-0.009,-0.0077));
#8766=CARTESIAN_POINT('',(0.0205,-0.009,-0.0062));
#8767=CARTESIAN_POINT('',(0.0205,-0.0207015143178393,-0.00591804023827181));
#8768=CARTESIAN_POINT('',(0.0205,-0.0194068388427327,-0.00454013562547979));
#8769=CARTESIAN_POINT('',(0.0205,-0.0103744857746245,0.00507286871129248));
#8770=CARTESIAN_POINT('',(0.0205,-0.0114676469318918,0.0061));
#8771=CARTESIAN_POINT('',(0.0205,-0.0114676469318918,0.0076));
#8772=CARTESIAN_POINT('',(0.0205,-0.027,0.0076));
#8773=CARTESIAN_POINT('',(0.0205,-0.0205,0.0076));
#8774=CARTESIAN_POINT('',(0.0205,-0.0205,0.0061));
#8775=CARTESIAN_POINT('',(0.0205,-0.022,0.0061));
#8776=CARTESIAN_POINT('',(0.0205,-0.022,1.53431828515031E-18));
#8777=CARTESIAN_POINT('',(0.0205,-0.022,-0.00351300433677226));
#8778=CARTESIAN_POINT('',(0.0205,-0.0205,-0.00351300433677226));
#8779=CARTESIAN_POINT('',(0.0205,-0.0091079519628717,0.0168113203033421));
#8780=CARTESIAN_POINT('',(0.0205,-0.0100931611572673,0.0178598643745202));
#8781=CARTESIAN_POINT('',(0.0205,-0.0191255142253755,0.0274728687112924));
#8782=CARTESIAN_POINT('',(0.0205,-0.009,0.0188869956632278));
#8783=CARTESIAN_POINT('',(0.0205,-0.0075,0.0188869956632278));
#8784=CARTESIAN_POINT('',(0.0205,-0.0075,4.76320522226221E-18));
#8785=CARTESIAN_POINT('',(0.0205,-0.0075,0.0285));
#8786=CARTESIAN_POINT('',(0.0205,-0.009,0.0285));
#8787=CARTESIAN_POINT('',(0.0205,-0.009,0.03));
#8788=CARTESIAN_POINT('',(0.0205,-0.027,0.03));
#8789=CARTESIAN_POINT('',(0.0205,-0.0180323530681081,0.03));
#8790=CARTESIAN_POINT('',(0.0205,-0.0180323530681081,0.0285));
#8791=CARTESIAN_POINT('',(0.0205,-0.0035,3.70074341541719E-19));
#8792=CARTESIAN_POINT('',(0.0205,-0.027,3.70074341541719E-19));
#8793=CARTESIAN_POINT('',(0.0205,-0.00962302337264659,0.0163273605894596));
#8794=CARTESIAN_POINT('',(0.0205,-0.0194068388427327,0.0267401356254798));
#8795=CARTESIAN_POINT('',(0.0205,-0.0103744857746245,0.0171271312887075));
#8796=CARTESIAN_POINT('',(0.0205,-0.0205,0.0257130043367723));
#8797=CARTESIAN_POINT('',(0.0205,-0.022,0.0257130043367723));
#8798=CARTESIAN_POINT('',(0.0205,-0.022,1.49651815711107E-18));
#8799=CARTESIAN_POINT('',(0.0205,-0.022,0.0161));
#8800=CARTESIAN_POINT('',(0.0205,-0.0205,0.0161));
#8801=CARTESIAN_POINT('',(0.0205,-0.0205,0.0146));
#8802=CARTESIAN_POINT('',(0.0205,-0.027,0.0146));
#8803=CARTESIAN_POINT('',(0.0205,-0.0114676469318918,0.0146));
#8804=CARTESIAN_POINT('',(0.0205,-0.0114676469318918,0.0161));
#8805=CARTESIAN_POINT('',(0.0205,-0.027,-0.0157));
#8806=CARTESIAN_POINT('',(0.0205,-0.0180323530681081,-0.0157));
#8807=CARTESIAN_POINT('',(0.0205,-0.009,-0.0157));
#8808=CARTESIAN_POINT('',(0.0205,-0.0180323530681081,-0.0172));
#8809=CARTESIAN_POINT('',(0.0205,-0.0191255142253755,-0.0182271312887075));
#8810=CARTESIAN_POINT('',(0.0205,-0.0319136743140117,-0.00461687519437334));
#8811=CARTESIAN_POINT('',(0.0205,-0.0100931611572673,-0.0278401356254798));
#8812=CARTESIAN_POINT('',(0.0205,-0.009,-0.0268130043367722));
#8813=CARTESIAN_POINT('',(0.0205,-0.0075,-0.0268130043367722));
#8814=CARTESIAN_POINT('',(0.0205,-0.0075,3.70074341541719E-19));
#8815=CARTESIAN_POINT('',(0.0205,-0.0075,-0.0172));
#8816=CARTESIAN_POINT('',(0.0205,-0.009,-0.0172));
#8817=CARTESIAN_POINT('',(0.,-0.027,0.));
#8818=CARTESIAN_POINT('',(-0.0065,-0.027,0.));
#8819=CARTESIAN_POINT('',(-0.0175,-0.027,-0.0325));
#8820=CARTESIAN_POINT('',(-0.0175,-0.027,0.0325));
#8821=CARTESIAN_POINT('',(0.0055,-0.027,0.));
#8822=CARTESIAN_POINT('',(0.0195,-0.027,-0.0345));
#8823=CARTESIAN_POINT('',(0.0195,-0.027,0.0345));
#8824=CARTESIAN_POINT('',(-0.0195,-0.027,0.0345));
#8825=CARTESIAN_POINT('',(-0.0195,-0.027,-0.0345));
#8826=CARTESIAN_POINT('',(-0.0175,-0.027,-0.0325));
#8827=CARTESIAN_POINT('',(-0.0175,-0.00791143798004269,-0.0325));
#8828=CARTESIAN_POINT('',(-0.0195,-0.00906613851842194,-0.0347360679774998));
#8829=CARTESIAN_POINT('',(-0.0185484979301691,-0.00851678854227058,-0.0353108098637993));
#8830=CARTESIAN_POINT('',(-0.0175,-0.00912213910449848,-0.0325));
#8831=CARTESIAN_POINT('',(-0.0175,-0.00466666666666667,-0.0325));
#8832=CARTESIAN_POINT('',(-0.0195,-0.004,-0.0347360679774998));
#8833=CARTESIAN_POINT('',(-0.0175,-0.004,-0.0325));
#8834=CARTESIAN_POINT('',(-0.0175,-0.0035,-0.0325));
#8835=CARTESIAN_POINT('',(-0.0175,-0.0201150103792862,-0.0325));
#8836=CARTESIAN_POINT('',(-0.0187744659230025,-0.0193791971355677,-0.0352158307405111));
#8837=CARTESIAN_POINT('',(-0.0187744659230025,-0.027,-0.0352158307405111));
#8838=CARTESIAN_POINT('',(-0.0187744659230025,-0.016137591406703,-0.0352158307405111));
#8839=CARTESIAN_POINT('',(-0.0175,-0.0154017781629845,-0.0325));
#8840=CARTESIAN_POINT('',(-0.0175,-0.0139114379800427,-0.0325));
#8841=CARTESIAN_POINT('',(-0.0185484979301691,-0.0145167885422706,-0.0353108098637992));
#8842=CARTESIAN_POINT('',(-0.0175,-0.0151221391044985,-0.0325));
#8843=CARTESIAN_POINT('',(-0.0195,-0.0139674385661192,-0.0347360679774998));
#8844=CARTESIAN_POINT('',(-0.0195,-0.027,-0.0347360679774998));
#8845=CARTESIAN_POINT('',(-0.0175,-0.027,0.0325));
#8846=CARTESIAN_POINT('',(-0.0175,-0.00912213910449849,0.0325));
#8847=CARTESIAN_POINT('',(-0.0185484979301691,-0.00851678854227058,0.0353108098637993));
#8848=CARTESIAN_POINT('',(-0.0175,-0.00791143798004268,0.0325));
#8849=CARTESIAN_POINT('',(-0.0195,-0.00906613851842194,0.0347360679774998));
#8850=CARTESIAN_POINT('',(-0.0195,-0.027,0.0347360679774998));
#8851=CARTESIAN_POINT('',(-0.0195,-0.0139674385661192,0.0347360679774998));
#8852=CARTESIAN_POINT('',(-0.0175,-0.0151221391044985,0.0325));
#8853=CARTESIAN_POINT('',(-0.0185484979301691,-0.0145167885422706,0.0353108098637993));
#8854=CARTESIAN_POINT('',(-0.0175,-0.0139114379800427,0.0325));
#8855=CARTESIAN_POINT('',(-0.0175,-0.0154017781629844,0.0325));
#8856=CARTESIAN_POINT('',(-0.0187744659230025,-0.016137591406703,0.0352158307405111));
#8857=CARTESIAN_POINT('',(-0.0187744659230025,-0.027,0.0352158307405111));
#8858=CARTESIAN_POINT('',(-0.0187744659230025,-0.0193791971355677,0.0352158307405111));
#8859=CARTESIAN_POINT('',(-0.0175,-0.0201150103792862,0.0325));
#8860=CARTESIAN_POINT('',(-0.0175,-0.0035,0.0325));
#8861=CARTESIAN_POINT('',(-0.0175,-0.004,0.0325));
#8862=CARTESIAN_POINT('',(-0.0195,-0.004,0.0347360679774998));
#8863=CARTESIAN_POINT('',(-0.0175,-0.00466666666666667,0.0325));
#8864=CARTESIAN_POINT('',(0.,0.,0.));
#8865=CARTESIAN_POINT('',(0.0195,0.,0.0345));
#8866=CARTESIAN_POINT('',(0.0195,0.,-0.0345));
#8867=CARTESIAN_POINT('',(-0.0195,0.,-0.0345));
#8868=CARTESIAN_POINT('',(-0.0195,0.,0.0345));
#8869=CARTESIAN_POINT('',(0.0195,-0.027,0.0345));
#8870=CARTESIAN_POINT('',(-0.0195,-0.027,0.0345));
#8871=CARTESIAN_POINT('',(-0.0195,-0.027,0.0375));
#8872=CARTESIAN_POINT('',(-0.0195,-0.027,-0.0345));
#8873=CARTESIAN_POINT('',(-0.0195,-0.027,-0.0375));
#8874=CARTESIAN_POINT('',(0.0195,-0.027,-0.0345));
#8875=CARTESIAN_POINT('',(0.,-0.0035,0.));
#8876=CARTESIAN_POINT('',(-0.0065,-0.029,-0.0335));
#8877=CARTESIAN_POINT('',(-0.0065,-0.023,-0.0335));
#8878=CARTESIAN_POINT('',(-0.000500000000000007,-0.023,-0.0335));
#8879=CARTESIAN_POINT('',(0.0055,-0.023,-0.0335));
#8880=CARTESIAN_POINT('',(0.0055,-0.029,-0.0335));
#8881=CARTESIAN_POINT('',(-0.0275,-0.01475,0.03));
#8882=CARTESIAN_POINT('',(-0.0275,-0.009,0.03));
#8883=CARTESIAN_POINT('',(0.0205,-0.0180323530681081,0.03));
#8884=CARTESIAN_POINT('',(-0.0275,-0.0075,0.0223));
#8885=CARTESIAN_POINT('',(-0.0275,-0.0075,0.0188869956632278));
#8886=CARTESIAN_POINT('',(-0.0275,-0.0075,0.0285));
#8887=CARTESIAN_POINT('',(-0.0275,-0.0145,0.02255));
#8888=CARTESIAN_POINT('',(-0.0275,-0.0100931611572673,0.0178598643745202));
#8889=CARTESIAN_POINT('',(0.0225,-0.0191255142253755,0.0274728687112924));
#8890=CARTESIAN_POINT('',(-0.0275,-0.01475,0.0146));
#8891=CARTESIAN_POINT('',(-0.0275,-0.0205,0.0146));
#8892=CARTESIAN_POINT('',(-0.0275,-0.0114676469318918,0.0146));
#8893=CARTESIAN_POINT('',(-0.0275,-0.022,0.0223));
#8894=CARTESIAN_POINT('',(0.0225,-0.022,0.0257130043367723));
#8895=CARTESIAN_POINT('',(-0.0275,-0.022,0.0161));
#8896=CARTESIAN_POINT('',(-0.0275,-0.015,0.02205));
#8897=CARTESIAN_POINT('',(0.0205,-0.0194068388427327,0.0267401356254798));
#8898=CARTESIAN_POINT('',(-0.0275,-0.0103744857746245,0.0171271312887075));
#8899=CARTESIAN_POINT('',(-0.0275,-0.0145,0.02255));
#8900=CARTESIAN_POINT('',(-0.0205,-0.0191255142253755,0.0274728687112925));
#8901=CARTESIAN_POINT('',(-0.0275,-0.0100931611572673,0.0178598643745202));
#8902=CARTESIAN_POINT('',(-0.0275,-0.0075,0.0223));
#8903=CARTESIAN_POINT('',(-0.0275,-0.0075,0.0188869956632278));
#8904=CARTESIAN_POINT('',(-0.0275,-0.0075,0.0285));
#8905=CARTESIAN_POINT('',(-0.0275,-0.01475,0.03));
#8906=CARTESIAN_POINT('',(-0.0225,-0.0180323530681081,0.03));
#8907=CARTESIAN_POINT('',(-0.0275,-0.009,0.03));
#8908=CARTESIAN_POINT('',(-0.0275,-0.015,0.02205));
#8909=CARTESIAN_POINT('',(-0.0225,-0.0194068388427327,0.0267401356254798));
#8910=CARTESIAN_POINT('',(-0.0275,-0.0103744857746245,0.0171271312887075));
#8911=CARTESIAN_POINT('',(-0.0275,-0.022,0.0223));
#8912=CARTESIAN_POINT('',(-0.0205,-0.022,0.0257130043367723));
#8913=CARTESIAN_POINT('',(-0.0275,-0.022,0.0161));
#8914=CARTESIAN_POINT('',(-0.0275,-0.01475,0.0146));
#8915=CARTESIAN_POINT('',(-0.0275,-0.0205,0.0146));
#8916=CARTESIAN_POINT('',(-0.0275,-0.0114676469318918,0.0146));
#8917=CARTESIAN_POINT('',(-0.0275,-0.009,0.0188869956632278));
#8918=CARTESIAN_POINT('',(-0.0275,-0.009,0.0285));
#8919=CARTESIAN_POINT('',(-0.0275,-0.0180323530681081,0.0285));
#8920=CARTESIAN_POINT('',(-0.0275,-0.0205,0.0257130043367723));
#8921=CARTESIAN_POINT('',(-0.0275,-0.0205,0.0161));
#8922=CARTESIAN_POINT('',(-0.0275,-0.0114676469318918,0.0161));
#8923=CARTESIAN_POINT('',(-0.0275,-0.0180323530681081,0.0285));
#8924=CARTESIAN_POINT('',(-0.0275,-0.0205,0.0257130043367723));
#8925=CARTESIAN_POINT('',(-0.0275,-0.0205,0.0161));
#8926=CARTESIAN_POINT('',(-0.0275,-0.0114676469318918,0.0161));
#8927=CARTESIAN_POINT('',(-0.0275,-0.009,0.0188869956632278));
#8928=CARTESIAN_POINT('',(-0.0275,-0.009,0.0285));
#8929=CARTESIAN_POINT('',(-0.0275,-0.015,0.0076));
#8930=CARTESIAN_POINT('',(0.0225,-0.0114676469318918,0.0076));
#8931=CARTESIAN_POINT('',(0.0205,-0.0205,0.0076));
#8932=CARTESIAN_POINT('',(-0.0275,-0.015,0.000150000000000015));
#8933=CARTESIAN_POINT('',(0.0205,-0.0103744857746245,0.00507286871129247));
#8934=CARTESIAN_POINT('',(0.0225,-0.0194068388427327,-0.00454013562547979));
#8935=CARTESIAN_POINT('',(-0.0275,-0.022,0.000150000000000015));
#8936=CARTESIAN_POINT('',(0.0225,-0.022,0.0061));
#8937=CARTESIAN_POINT('',(0.0205,-0.022,-0.00351300433677226));
#8938=CARTESIAN_POINT('',(-0.0275,-0.0145,-0.0077));
#8939=CARTESIAN_POINT('',(-0.0275,-0.0180323530681081,-0.0077));
#8940=CARTESIAN_POINT('',(0.0205,-0.009,-0.0077));
#8941=CARTESIAN_POINT('',(-0.0275,-0.0145,-0.000249999999999986));
#8942=CARTESIAN_POINT('',(-0.0275,-0.0191255142253755,-0.00517286871129245));
#8943=CARTESIAN_POINT('',(-0.0275,-0.0100931611572673,0.00444013562547981));
#8944=CARTESIAN_POINT('',(-0.0275,-0.0075,-0.000249999999999986));
#8945=CARTESIAN_POINT('',(0.0225,-0.0075,-0.0062));
#8946=CARTESIAN_POINT('',(-0.0275,-0.0075,0.00341300433677227));
#8947=CARTESIAN_POINT('',(-0.0275,-0.022,0.000150000000000015));
#8948=CARTESIAN_POINT('',(-0.0225,-0.022,-0.00351300433677225));
#8949=CARTESIAN_POINT('',(-0.0205,-0.022,0.0061));
#8950=CARTESIAN_POINT('',(-0.0275,-0.015,0.000150000000000015));
#8951=CARTESIAN_POINT('',(-0.0205,-0.0194068388427327,-0.00454013562547979));
#8952=CARTESIAN_POINT('',(-0.0225,-0.0103744857746245,0.00507286871129248));
#8953=CARTESIAN_POINT('',(-0.0275,-0.015,0.0076));
#8954=CARTESIAN_POINT('',(-0.0225,-0.0205,0.0076));
#8955=CARTESIAN_POINT('',(-0.0205,-0.0114676469318918,0.0076));
#8956=CARTESIAN_POINT('',(-0.0275,-0.0075,-0.000249999999999986));
#8957=CARTESIAN_POINT('',(-0.0275,-0.0075,0.00341300433677227));
#8958=CARTESIAN_POINT('',(-0.0205,-0.0075,-0.0062));
#8959=CARTESIAN_POINT('',(-0.0275,-0.0145,-0.000249999999999986));
#8960=CARTESIAN_POINT('',(-0.0275,-0.0191255142253755,-0.00517286871129245));
#8961=CARTESIAN_POINT('',(-0.0275,-0.0100931611572673,0.00444013562547981));
#8962=CARTESIAN_POINT('',(-0.0275,-0.0145,-0.0077));
#8963=CARTESIAN_POINT('',(-0.0275,-0.0180323530681081,-0.0077));
#8964=CARTESIAN_POINT('',(-0.0225,-0.009,-0.0077));
#8965=CARTESIAN_POINT('',(-0.0275,-0.0180323530681081,-0.0062));
#8966=CARTESIAN_POINT('',(-0.0275,-0.009,-0.0062));
#8967=CARTESIAN_POINT('',(-0.0275,-0.0114676469318918,0.0061));
#8968=CARTESIAN_POINT('',(-0.0275,-0.009,0.00341300433677227));
#8969=CARTESIAN_POINT('',(-0.0275,-0.0205,0.0061));
#8970=CARTESIAN_POINT('',(-0.0275,-0.0205,-0.00351300433677225));
#8971=CARTESIAN_POINT('',(-0.0275,-0.0180323530681081,-0.0062));
#8972=CARTESIAN_POINT('',(-0.0275,-0.0205,-0.00351300433677225));
#8973=CARTESIAN_POINT('',(-0.0275,-0.0205,0.0061));
#8974=CARTESIAN_POINT('',(-0.0275,-0.0114676469318918,0.0061));
#8975=CARTESIAN_POINT('',(-0.0275,-0.009,0.00341300433677227));
#8976=CARTESIAN_POINT('',(-0.0275,-0.009,-0.0062));
#8977=CARTESIAN_POINT('',(-0.0275,-0.0075,-0.02335));
#8978=CARTESIAN_POINT('',(-0.0275,-0.0075,-0.0172));
#8979=CARTESIAN_POINT('',(0.0225,-0.0075,-0.0268130043367722));
#8980=CARTESIAN_POINT('',(-0.0275,-0.0145,-0.02315));
#8981=CARTESIAN_POINT('',(-0.0275,-0.0191255142253755,-0.0182271312887075));
#8982=CARTESIAN_POINT('',(0.0205,-0.0100931611572673,-0.0278401356254798));
#8983=CARTESIAN_POINT('',(-0.0275,-0.01475,-0.0157));
#8984=CARTESIAN_POINT('',(-0.0275,-0.0180323530681081,-0.0157));
#8985=CARTESIAN_POINT('',(-0.0275,-0.009,-0.0157));
#8986=CARTESIAN_POINT('',(-0.0275,-0.022,-0.02335));
#8987=CARTESIAN_POINT('',(-0.0275,-0.022,-0.0295));
#8988=CARTESIAN_POINT('',(-0.0275,-0.022,-0.0198869956632277));
#8989=CARTESIAN_POINT('',(-0.0275,-0.015,-0.02355));
#8990=CARTESIAN_POINT('',(0.0225,-0.0103744857746245,-0.0284728687112925));
#8991=CARTESIAN_POINT('',(-0.0275,-0.0194068388427327,-0.0188598643745202));
#8992=CARTESIAN_POINT('',(-0.0275,-0.01475,-0.031));
#8993=CARTESIAN_POINT('',(-0.0275,-0.0205,-0.031));
#8994=CARTESIAN_POINT('',(0.0205,-0.0114676469318918,-0.031));
#8995=CARTESIAN_POINT('',(-0.0275,-0.01475,-0.0157));
#8996=CARTESIAN_POINT('',(-0.0275,-0.009,-0.0157));
#8997=CARTESIAN_POINT('',(-0.0275,-0.0180323530681081,-0.0157));
#8998=CARTESIAN_POINT('',(-0.0275,-0.0145,-0.02315));
#8999=CARTESIAN_POINT('',(-0.0225,-0.0100931611572673,-0.0278401356254798));
#9000=CARTESIAN_POINT('',(-0.0275,-0.0191255142253755,-0.0182271312887075));
#9001=CARTESIAN_POINT('',(-0.0275,-0.0075,-0.02335));
#9002=CARTESIAN_POINT('',(-0.0275,-0.0075,-0.0172));
#9003=CARTESIAN_POINT('',(-0.0205,-0.0075,-0.0268130043367722));
#9004=CARTESIAN_POINT('',(-0.0275,-0.01475,-0.031));
#9005=CARTESIAN_POINT('',(-0.0275,-0.0205,-0.031));
#9006=CARTESIAN_POINT('',(-0.0225,-0.0114676469318918,-0.031));
#9007=CARTESIAN_POINT('',(-0.0275,-0.015,-0.02355));
#9008=CARTESIAN_POINT('',(-0.0275,-0.0194068388427327,-0.0188598643745202));
#9009=CARTESIAN_POINT('',(-0.0205,-0.0103744857746245,-0.0284728687112925));
#9010=CARTESIAN_POINT('',(-0.0275,-0.022,-0.02335));
#9011=CARTESIAN_POINT('',(-0.0275,-0.022,-0.0198869956632277));
#9012=CARTESIAN_POINT('',(-0.0275,-0.022,-0.0295));
#9013=CARTESIAN_POINT('',(-0.0275,-0.009,-0.0172));
#9014=CARTESIAN_POINT('',(-0.0275,-0.009,-0.0268130043367722));
#9015=CARTESIAN_POINT('',(-0.0275,-0.0180323530681081,-0.0172));
#9016=CARTESIAN_POINT('',(-0.0275,-0.0205,-0.0198869956632277));
#9017=CARTESIAN_POINT('',(-0.0275,-0.0205,-0.0295));
#9018=CARTESIAN_POINT('',(-0.0275,-0.0114676469318918,-0.0295));
#9019=CARTESIAN_POINT('',(-0.0275,-0.0205,-0.0295));
#9020=CARTESIAN_POINT('',(-0.0275,-0.0114676469318918,-0.0295));
#9021=CARTESIAN_POINT('',(-0.0275,-0.0205,-0.0198869956632277));
#9022=CARTESIAN_POINT('',(-0.0275,-0.0180323530681081,-0.0172));
#9023=CARTESIAN_POINT('',(-0.0275,-0.009,-0.0172));
#9024=CARTESIAN_POINT('',(-0.0275,-0.009,-0.0268130043367722));
#9025=CARTESIAN_POINT('',(0.013,-0.0055,0.0625));
#9026=CARTESIAN_POINT('',(0.0095,-0.0055,0.0625));
#9027=CARTESIAN_POINT('',(0.0165,-0.0055,0.0625));
#9028=CARTESIAN_POINT('',(0.008,-0.006,0.0625));
#9029=CARTESIAN_POINT('',(0.0065,-0.0065,0.0625));
#9030=CARTESIAN_POINT('',(0.01,-0.0065,0.0625));
#9031=CARTESIAN_POINT('',(0.0135,-0.0065,0.0625));
#9032=CARTESIAN_POINT('',(0.015,-0.006,0.0625));
#9033=CARTESIAN_POINT('',(0.00176642349362373,-0.004,0.0625));
#9034=CARTESIAN_POINT('',(0.0125,-0.004,0.0625));
#9035=CARTESIAN_POINT('',(0.0195,-0.004,0.0625));
#9036=CARTESIAN_POINT('',(0.011,-0.0045,0.0625));
#9037=CARTESIAN_POINT('',(0.0095,-0.005,0.0625));
#9038=CARTESIAN_POINT('',(0.013,-0.005,0.0625));
#9039=CARTESIAN_POINT('',(0.0165,-0.005,0.0625));
#9040=CARTESIAN_POINT('',(0.018,-0.0045,0.0625));
#9041=CARTESIAN_POINT('',(0.01,-0.007,0.0625));
#9042=CARTESIAN_POINT('',(0.0065,-0.007,0.0625));
#9043=CARTESIAN_POINT('',(0.0135,-0.007,0.0625));
#9044=CARTESIAN_POINT('',(0.005,-0.0075,0.0625));
#9045=CARTESIAN_POINT('',(0.0035,-0.008,0.0625));
#9046=CARTESIAN_POINT('',(0.007,-0.008,0.0625));
#9047=CARTESIAN_POINT('',(0.0105,-0.008,0.0625));
#9048=CARTESIAN_POINT('',(0.012,-0.0075,0.0625));
#9049=CARTESIAN_POINT('',(-0.008,-0.006,0.0625));
#9050=CARTESIAN_POINT('',(-0.0095,-0.0055,0.0625));
#9051=CARTESIAN_POINT('',(-0.0065,-0.0065,0.0625));
#9052=CARTESIAN_POINT('',(-0.013,-0.0055,0.0625));
#9053=CARTESIAN_POINT('',(-0.0165,-0.0055,0.0625));
#9054=CARTESIAN_POINT('',(-0.015,-0.006,0.0625));
#9055=CARTESIAN_POINT('',(-0.0135,-0.0065,0.0625));
#9056=CARTESIAN_POINT('',(-0.01,-0.0065,0.0625));
#9057=CARTESIAN_POINT('',(-0.007,-0.008,0.0625));
#9058=CARTESIAN_POINT('',(-0.0035,-0.008,0.0625));
#9059=CARTESIAN_POINT('',(-0.0105,-0.008,0.0625));
#9060=CARTESIAN_POINT('',(-0.005,-0.0075,0.0625));
#9061=CARTESIAN_POINT('',(-0.0065,-0.007,0.0625));
#9062=CARTESIAN_POINT('',(-0.01,-0.007,0.0625));
#9063=CARTESIAN_POINT('',(-0.0135,-0.007,0.0625));
#9064=CARTESIAN_POINT('',(-0.012,-0.0075,0.0625));
#9065=CARTESIAN_POINT('',(-0.011,-0.0045,0.0625));
#9066=CARTESIAN_POINT('',(-0.0125,-0.004,0.0625));
#9067=CARTESIAN_POINT('',(-0.0095,-0.005,0.0625));
#9068=CARTESIAN_POINT('',(-0.0177335765063763,-0.004,0.0625));
#9069=CARTESIAN_POINT('',(-0.0195,-0.004,0.0625));
#9070=CARTESIAN_POINT('',(-0.018,-0.0045,0.0625));
#9071=CARTESIAN_POINT('',(-0.0165,-0.005,0.0625));
#9072=CARTESIAN_POINT('',(-0.013,-0.005,0.0625));
#9073=CARTESIAN_POINT('',(0.015,-0.006,0.0625));
#9074=CARTESIAN_POINT('',(0.0165,-0.0055,0.0625));
#9075=CARTESIAN_POINT('',(0.0135,-0.0065,0.0625));
#9076=CARTESIAN_POINT('',(0.01,-0.0065,0.0625));
#9077=CARTESIAN_POINT('',(0.0065,-0.0065,0.0625));
#9078=CARTESIAN_POINT('',(0.008,-0.006,0.0625));
#9079=CARTESIAN_POINT('',(0.0095,-0.0055,0.0625));
#9080=CARTESIAN_POINT('',(0.013,-0.0055,0.0625));
#9081=CARTESIAN_POINT('',(0.018,-0.0045,0.0625));
#9082=CARTESIAN_POINT('',(0.0195,-0.004,0.0625));
#9083=CARTESIAN_POINT('',(0.0165,-0.005,0.0625));
#9084=CARTESIAN_POINT('',(0.013,-0.005,0.0625));
#9085=CARTESIAN_POINT('',(0.0095,-0.005,0.0625));
#9086=CARTESIAN_POINT('',(0.011,-0.0045,0.0625));
#9087=CARTESIAN_POINT('',(0.0125,-0.004,0.0625));
#9088=CARTESIAN_POINT('',(0.00176642349362373,-0.004,0.0625));
#9089=CARTESIAN_POINT('',(0.012,-0.0075,0.0625));
#9090=CARTESIAN_POINT('',(0.0135,-0.007,0.0625));
#9091=CARTESIAN_POINT('',(0.0105,-0.008,0.0625));
#9092=CARTESIAN_POINT('',(0.007,-0.008,0.0625));
#9093=CARTESIAN_POINT('',(0.0035,-0.008,0.0625));
#9094=CARTESIAN_POINT('',(0.005,-0.0075,0.0625));
#9095=CARTESIAN_POINT('',(0.0065,-0.007,0.0625));
#9096=CARTESIAN_POINT('',(0.01,-0.007,0.0625));
#9097=CARTESIAN_POINT('',(-0.01,-0.0065,0.0625));
#9098=CARTESIAN_POINT('',(-0.0065,-0.0065,0.0625));
#9099=CARTESIAN_POINT('',(-0.0135,-0.0065,0.0625));
#9100=CARTESIAN_POINT('',(-0.015,-0.006,0.0625));
#9101=CARTESIAN_POINT('',(-0.0165,-0.0055,0.0625));
#9102=CARTESIAN_POINT('',(-0.013,-0.0055,0.0625));
#9103=CARTESIAN_POINT('',(-0.0095,-0.0055,0.0625));
#9104=CARTESIAN_POINT('',(-0.008,-0.006,0.0625));
#9105=CARTESIAN_POINT('',(-0.012,-0.0075,0.0625));
#9106=CARTESIAN_POINT('',(-0.0105,-0.008,0.0625));
#9107=CARTESIAN_POINT('',(-0.0135,-0.007,0.0625));
#9108=CARTESIAN_POINT('',(-0.01,-0.007,0.0625));
#9109=CARTESIAN_POINT('',(-0.0065,-0.007,0.0625));
#9110=CARTESIAN_POINT('',(-0.005,-0.0075,0.0625));
#9111=CARTESIAN_POINT('',(-0.0035,-0.008,0.0625));
#9112=CARTESIAN_POINT('',(-0.007,-0.008,0.0625));
#9113=CARTESIAN_POINT('',(-0.013,-0.005,0.0625));
#9114=CARTESIAN_POINT('',(-0.0095,-0.005,0.0625));
#9115=CARTESIAN_POINT('',(-0.0165,-0.005,0.0625));
#9116=CARTESIAN_POINT('',(-0.018,-0.0045,0.0625));
#9117=CARTESIAN_POINT('',(-0.0195,-0.004,0.0625));
#9118=CARTESIAN_POINT('',(-0.0177335765063763,-0.004,0.0625));
#9119=CARTESIAN_POINT('',(-0.0125,-0.004,0.0625));
#9120=CARTESIAN_POINT('',(-0.011,-0.0045,0.0625));
#9121=CARTESIAN_POINT('',(-0.0187744659230025,-0.0177583942711353,0.0625));
#9122=CARTESIAN_POINT('',(-0.0187744659230025,-0.0193791971355677,0.0625));
#9123=CARTESIAN_POINT('',(-0.0187744659230025,-0.016137591406703,0.0625));
#9124=CARTESIAN_POINT('',(-0.0173708094678776,-0.0201895985677839,0.0625));
#9125=CARTESIAN_POINT('',(-0.0159671530127526,-0.021,0.0625));
#9126=CARTESIAN_POINT('',(-0.0173708094678776,-0.0153271899744868,0.0625));
#9127=CARTESIAN_POINT('',(-0.0159671530127526,-0.0145167885422706,0.0625));
#9128=CARTESIAN_POINT('',(-0.0145634965576275,-0.0201895985677838,0.0625));
#9129=CARTESIAN_POINT('',(-0.0131598401025025,-0.0193791971355677,0.0625));
#9130=CARTESIAN_POINT('',(-0.0131598401025025,-0.0177583942711353,0.0625));
#9131=CARTESIAN_POINT('',(-0.0131598401025025,-0.016137591406703,0.0625));
#9132=CARTESIAN_POINT('',(-0.0145634965576275,-0.0153271899744867,0.0625));
#9133=CARTESIAN_POINT('',(-0.0187744659230025,-0.0177583942711353,0.0625));
#9134=CARTESIAN_POINT('',(-0.0187744659230025,-0.0193791971355677,0.0625));
#9135=CARTESIAN_POINT('',(-0.0187744659230025,-0.016137591406703,0.0625));
#9136=CARTESIAN_POINT('',(-0.0173708094678776,-0.0153271899744868,0.0625));
#9137=CARTESIAN_POINT('',(-0.0159671530127526,-0.0145167885422706,0.0625));
#9138=CARTESIAN_POINT('',(-0.0145634965576275,-0.0153271899744867,0.0625));
#9139=CARTESIAN_POINT('',(-0.0131598401025025,-0.016137591406703,0.0625));
#9140=CARTESIAN_POINT('',(-0.0131598401025025,-0.0177583942711353,0.0625));
#9141=CARTESIAN_POINT('',(-0.0131598401025025,-0.0193791971355677,0.0625));
#9142=CARTESIAN_POINT('',(-0.0145634965576275,-0.0201895985677838,0.0625));
#9143=CARTESIAN_POINT('',(-0.0159671530127526,-0.021,0.0625));
#9144=CARTESIAN_POINT('',(-0.0173708094678776,-0.0201895985677839,0.0625));
#9145=CARTESIAN_POINT('',(-0.00656349655762753,-0.0201895985677838,0.0625));
#9146=CARTESIAN_POINT('',(-0.00515984010250256,-0.0193791971355677,0.0625));
#9147=CARTESIAN_POINT('',(-0.00796715301275253,-0.021,0.0625));
#9148=CARTESIAN_POINT('',(-0.00515984010250256,-0.0177583942711353,0.0625));
#9149=CARTESIAN_POINT('',(-0.00515984010250254,-0.016137591406703,0.0625));
#9150=CARTESIAN_POINT('',(-0.00656349655762754,-0.0153271899744867,0.0625));
#9151=CARTESIAN_POINT('',(-0.00796715301275254,-0.0145167885422706,0.0625));
#9152=CARTESIAN_POINT('',(-0.00937080946787754,-0.0153271899744868,0.0625));
#9153=CARTESIAN_POINT('',(-0.0107744659230025,-0.016137591406703,0.0625));
#9154=CARTESIAN_POINT('',(-0.0107744659230025,-0.0177583942711353,0.0625));
#9155=CARTESIAN_POINT('',(-0.0107744659230025,-0.0193791971355677,0.0625));
#9156=CARTESIAN_POINT('',(-0.00937080946787754,-0.0201895985677839,0.0625));
#9157=CARTESIAN_POINT('',(0.00143650344237247,-0.0201895985677838,0.0625));
#9158=CARTESIAN_POINT('',(0.00284015989749743,-0.0193791971355677,0.0625));
#9159=CARTESIAN_POINT('',(3.28469872474674E-5,-0.021,0.0625));
#9160=CARTESIAN_POINT('',(0.00284015989749743,-0.0177583942711353,0.0625));
#9161=CARTESIAN_POINT('',(0.00284015989749746,-0.016137591406703,0.0625));
#9162=CARTESIAN_POINT('',(0.00143650344237246,-0.0153271899744867,0.0625));
#9163=CARTESIAN_POINT('',(3.28469872474604E-5,-0.0145167885422706,0.0625));
#9164=CARTESIAN_POINT('',(-0.00137080946787754,-0.0153271899744868,0.0625));
#9165=CARTESIAN_POINT('',(-0.00277446592300253,-0.016137591406703,0.0625));
#9166=CARTESIAN_POINT('',(-0.00277446592300251,-0.0177583942711353,0.0625));
#9167=CARTESIAN_POINT('',(-0.00277446592300254,-0.0193791971355677,0.0625));
#9168=CARTESIAN_POINT('',(-0.00137080946787754,-0.0201895985677839,0.0625));
#9169=CARTESIAN_POINT('',(0.00943650344237247,-0.0201895985677838,0.0625));
#9170=CARTESIAN_POINT('',(0.0108401598974974,-0.0193791971355677,0.0625));
#9171=CARTESIAN_POINT('',(0.00803284698724747,-0.021,0.0625));
#9172=CARTESIAN_POINT('',(0.0108401598974974,-0.0177583942711353,0.0625));
#9173=CARTESIAN_POINT('',(0.0108401598974975,-0.016137591406703,0.0625));
#9174=CARTESIAN_POINT('',(0.00943650344237246,-0.0153271899744867,0.0625));
#9175=CARTESIAN_POINT('',(0.00803284698724746,-0.0145167885422706,0.0625));
#9176=CARTESIAN_POINT('',(0.00662919053212246,-0.0153271899744868,0.0625));
#9177=CARTESIAN_POINT('',(0.00522553407699746,-0.016137591406703,0.0625));
#9178=CARTESIAN_POINT('',(0.00522553407699748,-0.0177583942711353,0.0625));
#9179=CARTESIAN_POINT('',(0.00522553407699747,-0.0193791971355677,0.0625));
#9180=CARTESIAN_POINT('',(0.00662919053212247,-0.0201895985677839,0.0625));
#9181=CARTESIAN_POINT('',(0.0174365034423725,-0.0201895985677839,0.0625));
#9182=CARTESIAN_POINT('',(0.0188401598974975,-0.0193791971355677,0.0625));
#9183=CARTESIAN_POINT('',(0.0160328469872475,-0.021,0.0625));
#9184=CARTESIAN_POINT('',(0.0174365034423725,-0.0153271899744867,0.0625));
#9185=CARTESIAN_POINT('',(0.0160328469872475,-0.0145167885422706,0.0625));
#9186=CARTESIAN_POINT('',(0.0188401598974975,-0.016137591406703,0.0625));
#9187=CARTESIAN_POINT('',(0.0146291905321225,-0.0153271899744868,0.0625));
#9188=CARTESIAN_POINT('',(0.0132255340769975,-0.016137591406703,0.0625));
#9189=CARTESIAN_POINT('',(0.0132255340769975,-0.0177583942711353,0.0625));
#9190=CARTESIAN_POINT('',(0.0132255340769975,-0.0193791971355677,0.0625));
#9191=CARTESIAN_POINT('',(0.0146291905321225,-0.0201895985677839,0.0625));
#9192=CARTESIAN_POINT('',(0.0188401598974975,-0.0177583942711353,0.0625));
#9193=CARTESIAN_POINT('',(-0.00937080946787754,-0.0201895985677839,0.0625));
#9194=CARTESIAN_POINT('',(-0.00796715301275253,-0.021,0.0625));
#9195=CARTESIAN_POINT('',(-0.0107744659230025,-0.0193791971355677,0.0625));
#9196=CARTESIAN_POINT('',(-0.0107744659230025,-0.0177583942711353,0.0625));
#9197=CARTESIAN_POINT('',(-0.0107744659230025,-0.016137591406703,0.0625));
#9198=CARTESIAN_POINT('',(-0.00937080946787754,-0.0153271899744868,0.0625));
#9199=CARTESIAN_POINT('',(-0.00796715301275254,-0.0145167885422706,0.0625));
#9200=CARTESIAN_POINT('',(-0.00656349655762754,-0.0153271899744867,0.0625));
#9201=CARTESIAN_POINT('',(-0.00515984010250254,-0.016137591406703,0.0625));
#9202=CARTESIAN_POINT('',(-0.00515984010250256,-0.0177583942711353,0.0625));
#9203=CARTESIAN_POINT('',(-0.00515984010250256,-0.0193791971355677,0.0625));
#9204=CARTESIAN_POINT('',(-0.00656349655762753,-0.0201895985677838,0.0625));
#9205=CARTESIAN_POINT('',(-0.00137080946787754,-0.0201895985677839,0.0625));
#9206=CARTESIAN_POINT('',(3.28469872474674E-5,-0.021,0.0625));
#9207=CARTESIAN_POINT('',(-0.00277446592300254,-0.0193791971355677,0.0625));
#9208=CARTESIAN_POINT('',(-0.00277446592300251,-0.0177583942711353,0.0625));
#9209=CARTESIAN_POINT('',(-0.00277446592300253,-0.016137591406703,0.0625));
#9210=CARTESIAN_POINT('',(-0.00137080946787754,-0.0153271899744868,0.0625));
#9211=CARTESIAN_POINT('',(3.28469872474604E-5,-0.0145167885422706,0.0625));
#9212=CARTESIAN_POINT('',(0.00143650344237246,-0.0153271899744867,0.0625));
#9213=CARTESIAN_POINT('',(0.00284015989749746,-0.016137591406703,0.0625));
#9214=CARTESIAN_POINT('',(0.00284015989749743,-0.0177583942711353,0.0625));
#9215=CARTESIAN_POINT('',(0.00284015989749743,-0.0193791971355677,0.0625));
#9216=CARTESIAN_POINT('',(0.00143650344237247,-0.0201895985677838,0.0625));
#9217=CARTESIAN_POINT('',(0.00662919053212247,-0.0201895985677839,0.0625));
#9218=CARTESIAN_POINT('',(0.00803284698724747,-0.021,0.0625));
#9219=CARTESIAN_POINT('',(0.00522553407699747,-0.0193791971355677,0.0625));
#9220=CARTESIAN_POINT('',(0.00522553407699748,-0.0177583942711353,0.0625));
#9221=CARTESIAN_POINT('',(0.00522553407699746,-0.016137591406703,0.0625));
#9222=CARTESIAN_POINT('',(0.00662919053212246,-0.0153271899744868,0.0625));
#9223=CARTESIAN_POINT('',(0.00803284698724746,-0.0145167885422706,0.0625));
#9224=CARTESIAN_POINT('',(0.00943650344237246,-0.0153271899744867,0.0625));
#9225=CARTESIAN_POINT('',(0.0108401598974975,-0.016137591406703,0.0625));
#9226=CARTESIAN_POINT('',(0.0108401598974974,-0.0177583942711353,0.0625));
#9227=CARTESIAN_POINT('',(0.0108401598974974,-0.0193791971355677,0.0625));
#9228=CARTESIAN_POINT('',(0.00943650344237247,-0.0201895985677838,0.0625));
#9229=CARTESIAN_POINT('',(0.0188401598974975,-0.0177583942711353,0.0625));
#9230=CARTESIAN_POINT('',(0.0188401598974975,-0.016137591406703,0.0625));
#9231=CARTESIAN_POINT('',(0.0188401598974975,-0.0193791971355677,0.0625));
#9232=CARTESIAN_POINT('',(0.0146291905321225,-0.0201895985677839,0.0625));
#9233=CARTESIAN_POINT('',(0.0160328469872475,-0.021,0.0625));
#9234=CARTESIAN_POINT('',(0.0132255340769975,-0.0193791971355677,0.0625));
#9235=CARTESIAN_POINT('',(0.0132255340769975,-0.0177583942711353,0.0625));
#9236=CARTESIAN_POINT('',(0.0132255340769975,-0.016137591406703,0.0625));
#9237=CARTESIAN_POINT('',(0.0146291905321225,-0.0153271899744868,0.0625));
#9238=CARTESIAN_POINT('',(0.0160328469872475,-0.0145167885422706,0.0625));
#9239=CARTESIAN_POINT('',(0.0174365034423725,-0.0153271899744867,0.0625));
#9240=CARTESIAN_POINT('',(0.0174365034423725,-0.0201895985677839,0.0625));
#9241=CARTESIAN_POINT('',(-0.0195,-0.027,0.0625));
#9242=CARTESIAN_POINT('',(-0.0195,-0.00906613851842194,0.0625));
#9243=CARTESIAN_POINT('',(-0.0195,-0.0139674385661192,0.0625));
#9244=CARTESIAN_POINT('',(-0.0198475360358458,-0.0137667885422706,0.0625));
#9245=CARTESIAN_POINT('',(-0.0185484979301691,-0.0145167885422706,0.0625));
#9246=CARTESIAN_POINT('',(-0.0172494598244925,-0.0137667885422706,0.0625));
#9247=CARTESIAN_POINT('',(-0.0159504217188158,-0.0130167885422706,0.0625));
#9248=CARTESIAN_POINT('',(-0.0172494598244925,-0.00926678854227058,0.0625));
#9249=CARTESIAN_POINT('',(-0.0185484979301691,-0.00851678854227058,0.0625));
#9250=CARTESIAN_POINT('',(-0.0159504217188158,-0.0100167885422706,0.0625));
#9251=CARTESIAN_POINT('',(-0.0198475360358458,-0.00926678854227058,0.0625));
#9252=CARTESIAN_POINT('',(-0.0159504217188158,-0.0115167885422706,0.0625));
#9253=CARTESIAN_POINT('',(-0.0195,-0.027,0.0625));
#9254=CARTESIAN_POINT('',(-0.0195,-0.0139674385661192,0.0625));
#9255=CARTESIAN_POINT('',(-0.0195,-0.00906613851842194,0.0625));
#9256=CARTESIAN_POINT('',(-0.0198475360358458,-0.00926678854227058,0.0625));
#9257=CARTESIAN_POINT('',(-0.0185484979301691,-0.00851678854227058,0.0625));
#9258=CARTESIAN_POINT('',(-0.0198475360358458,-0.0137667885422706,0.0625));
#9259=CARTESIAN_POINT('',(-0.0185484979301691,-0.0145167885422706,0.0625));
#9260=CARTESIAN_POINT('',(-0.0172494598244925,-0.00926678854227058,0.0625));
#9261=CARTESIAN_POINT('',(-0.0159504217188158,-0.0100167885422706,0.0625));
#9262=CARTESIAN_POINT('',(-0.0159504217188158,-0.0115167885422706,0.0625));
#9263=CARTESIAN_POINT('',(-0.0159504217188158,-0.0130167885422706,0.0625));
#9264=CARTESIAN_POINT('',(-0.0172494598244925,-0.0137667885422706,0.0625));
#9265=CARTESIAN_POINT('',(0.0121524639641542,-0.00926678854227059,0.0625));
#9266=CARTESIAN_POINT('',(0.0108534258584776,-0.0100167885422706,0.0625));
#9267=CARTESIAN_POINT('',(0.0134515020698309,-0.00851678854227059,0.0625));
#9268=CARTESIAN_POINT('',(0.0108534258584776,-0.0115167885422706,0.0625));
#9269=CARTESIAN_POINT('',(0.0108534258584776,-0.0130167885422706,0.0625));
#9270=CARTESIAN_POINT('',(0.0121524639641542,-0.0137667885422706,0.0625));
#9271=CARTESIAN_POINT('',(0.0134515020698309,-0.0145167885422706,0.0625));
#9272=CARTESIAN_POINT('',(0.0147505401755076,-0.0137667885422706,0.0625));
#9273=CARTESIAN_POINT('',(0.0160495782811842,-0.0130167885422706,0.0625));
#9274=CARTESIAN_POINT('',(0.0160495782811842,-0.0115167885422706,0.0625));
#9275=CARTESIAN_POINT('',(0.0160495782811842,-0.0100167885422706,0.0625));
#9276=CARTESIAN_POINT('',(0.0147505401755075,-0.00926678854227059,0.0625));
#9277=CARTESIAN_POINT('',(0.00415246396415424,-0.00926678854227059,0.0625));
#9278=CARTESIAN_POINT('',(0.00285342585847758,-0.0100167885422706,0.0625));
#9279=CARTESIAN_POINT('',(0.00545150206983089,-0.00851678854227059,0.0625));
#9280=CARTESIAN_POINT('',(0.00285342585847758,-0.0115167885422706,0.0625));
#9281=CARTESIAN_POINT('',(0.00285342585847758,-0.0130167885422706,0.0625));
#9282=CARTESIAN_POINT('',(0.00415246396415424,-0.0137667885422706,0.0625));
#9283=CARTESIAN_POINT('',(0.0054515020698309,-0.0145167885422706,0.0625));
#9284=CARTESIAN_POINT('',(0.00675054017550755,-0.0137667885422706,0.0625));
#9285=CARTESIAN_POINT('',(0.00804957828118421,-0.0130167885422706,0.0625));
#9286=CARTESIAN_POINT('',(0.00804957828118421,-0.0115167885422706,0.0625));
#9287=CARTESIAN_POINT('',(0.00804957828118421,-0.0100167885422706,0.0625));
#9288=CARTESIAN_POINT('',(0.00675054017550755,-0.00926678854227059,0.0625));
#9289=CARTESIAN_POINT('',(-0.00384753603584576,-0.00926678854227059,0.0625));
#9290=CARTESIAN_POINT('',(-0.00514657414152242,-0.0100167885422706,0.0625));
#9291=CARTESIAN_POINT('',(-0.00254849793016911,-0.00851678854227059,0.0625));
#9292=CARTESIAN_POINT('',(-0.00514657414152242,-0.0115167885422706,0.0625));
#9293=CARTESIAN_POINT('',(-0.00514657414152242,-0.0130167885422706,0.0625));
#9294=CARTESIAN_POINT('',(-0.00384753603584576,-0.0137667885422706,0.0625));
#9295=CARTESIAN_POINT('',(-0.0025484979301691,-0.0145167885422706,0.0625));
#9296=CARTESIAN_POINT('',(-0.00124945982449244,-0.0137667885422706,0.0625));
#9297=CARTESIAN_POINT('',(4.95782811842163E-5,-0.0130167885422706,0.0625));
#9298=CARTESIAN_POINT('',(4.95782811842127E-5,-0.0115167885422706,0.0625));
#9299=CARTESIAN_POINT('',(4.95782811842076E-5,-0.0100167885422706,0.0625));
#9300=CARTESIAN_POINT('',(-0.00124945982449245,-0.00926678854227059,0.0625));
#9301=CARTESIAN_POINT('',(-0.0118475360358458,-0.00926678854227059,0.0625));
#9302=CARTESIAN_POINT('',(-0.0131465741415224,-0.0100167885422706,0.0625));
#9303=CARTESIAN_POINT('',(-0.0105484979301691,-0.00851678854227059,0.0625));
#9304=CARTESIAN_POINT('',(-0.0131465741415224,-0.0115167885422706,0.0625));
#9305=CARTESIAN_POINT('',(-0.0131465741415224,-0.0130167885422706,0.0625));
#9306=CARTESIAN_POINT('',(-0.0118475360358458,-0.0137667885422706,0.0625));
#9307=CARTESIAN_POINT('',(-0.0105484979301691,-0.0145167885422706,0.0625));
#9308=CARTESIAN_POINT('',(-0.00924945982449244,-0.0137667885422706,0.0625));
#9309=CARTESIAN_POINT('',(-0.00795042171881579,-0.0130167885422706,0.0625));
#9310=CARTESIAN_POINT('',(-0.00795042171881579,-0.0115167885422706,0.0625));
#9311=CARTESIAN_POINT('',(-0.00795042171881579,-0.0100167885422706,0.0625));
#9312=CARTESIAN_POINT('',(-0.00924945982449245,-0.00926678854227059,0.0625));
#9313=CARTESIAN_POINT('',(0.0147505401755075,-0.00926678854227059,0.0625));
#9314=CARTESIAN_POINT('',(0.0134515020698309,-0.00851678854227059,0.0625));
#9315=CARTESIAN_POINT('',(0.0160495782811842,-0.0100167885422706,0.0625));
#9316=CARTESIAN_POINT('',(0.0160495782811842,-0.0115167885422706,0.0625));
#9317=CARTESIAN_POINT('',(0.0160495782811842,-0.0130167885422706,0.0625));
#9318=CARTESIAN_POINT('',(0.0147505401755076,-0.0137667885422706,0.0625));
#9319=CARTESIAN_POINT('',(0.0134515020698309,-0.0145167885422706,0.0625));
#9320=CARTESIAN_POINT('',(0.0121524639641542,-0.0137667885422706,0.0625));
#9321=CARTESIAN_POINT('',(0.0108534258584776,-0.0130167885422706,0.0625));
#9322=CARTESIAN_POINT('',(0.0108534258584776,-0.0115167885422706,0.0625));
#9323=CARTESIAN_POINT('',(0.0108534258584776,-0.0100167885422706,0.0625));
#9324=CARTESIAN_POINT('',(0.0121524639641542,-0.00926678854227059,0.0625));
#9325=CARTESIAN_POINT('',(0.00675054017550755,-0.00926678854227059,0.0625));
#9326=CARTESIAN_POINT('',(0.00545150206983089,-0.00851678854227059,0.0625));
#9327=CARTESIAN_POINT('',(0.00804957828118421,-0.0100167885422706,0.0625));
#9328=CARTESIAN_POINT('',(0.00804957828118421,-0.0115167885422706,0.0625));
#9329=CARTESIAN_POINT('',(0.00804957828118421,-0.0130167885422706,0.0625));
#9330=CARTESIAN_POINT('',(0.00675054017550755,-0.0137667885422706,0.0625));
#9331=CARTESIAN_POINT('',(0.0054515020698309,-0.0145167885422706,0.0625));
#9332=CARTESIAN_POINT('',(0.00415246396415424,-0.0137667885422706,0.0625));
#9333=CARTESIAN_POINT('',(0.00285342585847758,-0.0130167885422706,0.0625));
#9334=CARTESIAN_POINT('',(0.00285342585847758,-0.0115167885422706,0.0625));
#9335=CARTESIAN_POINT('',(0.00285342585847758,-0.0100167885422706,0.0625));
#9336=CARTESIAN_POINT('',(0.00415246396415424,-0.00926678854227059,0.0625));
#9337=CARTESIAN_POINT('',(-0.00124945982449245,-0.00926678854227059,0.0625));
#9338=CARTESIAN_POINT('',(-0.00254849793016911,-0.00851678854227059,0.0625));
#9339=CARTESIAN_POINT('',(4.95782811842076E-5,-0.0100167885422706,0.0625));
#9340=CARTESIAN_POINT('',(4.95782811842127E-5,-0.0115167885422706,0.0625));
#9341=CARTESIAN_POINT('',(4.95782811842163E-5,-0.0130167885422706,0.0625));
#9342=CARTESIAN_POINT('',(-0.00124945982449244,-0.0137667885422706,0.0625));
#9343=CARTESIAN_POINT('',(-0.0025484979301691,-0.0145167885422706,0.0625));
#9344=CARTESIAN_POINT('',(-0.00384753603584576,-0.0137667885422706,0.0625));
#9345=CARTESIAN_POINT('',(-0.00514657414152242,-0.0130167885422706,0.0625));
#9346=CARTESIAN_POINT('',(-0.00514657414152242,-0.0115167885422706,0.0625));
#9347=CARTESIAN_POINT('',(-0.00514657414152242,-0.0100167885422706,0.0625));
#9348=CARTESIAN_POINT('',(-0.00384753603584576,-0.00926678854227059,0.0625));
#9349=CARTESIAN_POINT('',(-0.00924945982449245,-0.00926678854227059,0.0625));
#9350=CARTESIAN_POINT('',(-0.0105484979301691,-0.00851678854227059,0.0625));
#9351=CARTESIAN_POINT('',(-0.00795042171881579,-0.0100167885422706,0.0625));
#9352=CARTESIAN_POINT('',(-0.00795042171881579,-0.0115167885422706,0.0625));
#9353=CARTESIAN_POINT('',(-0.00795042171881579,-0.0130167885422706,0.0625));
#9354=CARTESIAN_POINT('',(-0.00924945982449244,-0.0137667885422706,0.0625));
#9355=CARTESIAN_POINT('',(-0.0105484979301691,-0.0145167885422706,0.0625));
#9356=CARTESIAN_POINT('',(-0.0118475360358458,-0.0137667885422706,0.0625));
#9357=CARTESIAN_POINT('',(-0.0131465741415224,-0.0130167885422706,0.0625));
#9358=CARTESIAN_POINT('',(-0.0131465741415224,-0.0115167885422706,0.0625));
#9359=CARTESIAN_POINT('',(-0.0131465741415224,-0.0100167885422706,0.0625));
#9360=CARTESIAN_POINT('',(-0.0118475360358458,-0.00926678854227059,0.0625));
#9361=CARTESIAN_POINT('',(0.00225,-0.00607142857142858,-0.037));
#9362=CARTESIAN_POINT('',(0.00225,-0.00607142857142858,-0.037));
#9363=CARTESIAN_POINT('',(0.00247376698195357,-0.00587962830118265,-0.037));
#9364=CARTESIAN_POINT('',(0.00032539568672798,-0.00772108941137602,-0.037));
#9365=CARTESIAN_POINT('',(0.00247376698195357,-0.00587962830118265,-0.0375));
#9366=CARTESIAN_POINT('',(0.00032539568672798,-0.00772108941137602,-0.037));
#9367=CARTESIAN_POINT('',(-0.0005,-0.00757142857142858,-0.037));
#9368=CARTESIAN_POINT('',(-0.00247376698195358,-0.00587962830118265,-0.037));
#9369=CARTESIAN_POINT('',(-0.00247376698195358,-0.00587962830118265,-0.037));
#9370=CARTESIAN_POINT('',(-0.0005,-0.00757142857142858,-0.037));
#9371=CARTESIAN_POINT('',(-0.000325395686727988,-0.00772108941137602,-0.037));
#9372=CARTESIAN_POINT('',(-0.000325395686727988,-0.00772108941137602,-0.037));
#9373=CARTESIAN_POINT('',(0.00225,-0.005,-0.037));
#9374=CARTESIAN_POINT('',(0.00214837129522559,-0.005,-0.037));
#9375=CARTESIAN_POINT('',(0.00214837129522559,-0.005,-0.037));
#9376=CARTESIAN_POINT('',(0.00225,-0.005,-0.037));
#9377=CARTESIAN_POINT('',(-0.0021483712952256,-0.005,-0.037));
#9378=CARTESIAN_POINT('',(-0.0021483712952256,-0.005,-0.037));
#9379=CARTESIAN_POINT('',(-6.93889390390723E-18,-0.0135,-0.037));
#9380=CARTESIAN_POINT('',(0.00214837129522559,-0.0055,-0.037));
#9381=CARTESIAN_POINT('',(-4.09286320113278E-18,-0.00734146111019337,-0.037));
#9382=CARTESIAN_POINT('',(-0.0021483712952256,-0.0055,-0.037));
#9383=CARTESIAN_POINT('',(0.00214837129522559,-0.0055,-0.037));
#9384=CARTESIAN_POINT('',(-0.0021483712952256,-0.0055,-0.037));
#9385=CARTESIAN_POINT('',(-4.09286320113278E-18,-0.00734146111019337,-0.037));
#9386=MECHANICAL_DESIGN_GEOMETRIC_PRESENTATION_REPRESENTATION('',(#5839),
#9387);
#9387=(
GEOMETRIC_REPRESENTATION_CONTEXT(3)
GLOBAL_UNCERTAINTY_ASSIGNED_CONTEXT((#9388))
GLOBAL_UNIT_ASSIGNED_CONTEXT((#9391,#9390,#9389))
REPRESENTATION_CONTEXT('Part 1','TOP_LEVEL_ASSEMBLY_PART')
);
#9388=UNCERTAINTY_MEASURE_WITH_UNIT(LENGTH_MEASURE(1.E-8),#9391,
'DISTANCE_ACCURACY_VALUE','Maximum Tolerance applied to model');
#9389=(
NAMED_UNIT(*)
SI_UNIT($,.STERADIAN.)
SOLID_ANGLE_UNIT()
);
#9390=(
NAMED_UNIT(*)
PLANE_ANGLE_UNIT()
SI_UNIT($,.RADIAN.)
);
#9391=(
LENGTH_UNIT()
NAMED_UNIT(*)
SI_UNIT($,.METRE.)
);
#9392=PRODUCT_DEFINITION_SHAPE('','',#9393);
#9393=PRODUCT_DEFINITION('','',#9395,#9394);
#9394=PRODUCT_DEFINITION_CONTEXT('',#9401,'design');
#9395=PRODUCT_DEFINITION_FORMATION_WITH_SPECIFIED_SOURCE('','',#9397,
 .NOT_KNOWN.);
#9396=PRODUCT_RELATED_PRODUCT_CATEGORY('','',(#9397));
#9397=PRODUCT('Part 1','Part 1','Part 1',(#9399));
#9398=PRODUCT_CATEGORY('','');
#9399=PRODUCT_CONTEXT('',#9401,'mechanical');
#9400=APPLICATION_PROTOCOL_DEFINITION('international standard',
'ap242_managed_model_based_3d_engineering',2020,#9401);
#9401=APPLICATION_CONTEXT('managed model based 3d engineering');
ENDSEC;
END-ISO-10303-21;
