ISO-10303-21;
HEADER;
/* Generated by software containing ST-Developer
 * from STEP Tools, Inc. (www.steptools.com) 
 */
/* OPTION: using custom renumber hook */

FILE_DESCRIPTION(
/* description */ ('STEP AP242 Edition 2',
'CAx-IF Rec.Pracs.---Representation and Presentation of Product Manufa
cturing Information (PMI)---4.0---2014-10-13',
'CAx-IF Rec.Pracs.---3D Tessellated Geometry---0.4---2014-09-14','2;1',
'CAx-IF Rec.Pracs.---User Defined Attributes---1.5---2016-08-15'),
/* implementation_level */ '2;1');

FILE_NAME(
/* name */ 'Part Studio 2',
/* time_stamp */ '2026-09-18T18:31:42Z',
/* author */ (''),
/* organization */ (''),
/* preprocessor_version */ 'ST-DEVELOPER v20',
/* originating_system */ 'ONSHAPE BY PTC INC, 1.221',
/* authorisation */ '  ');

FILE_SCHEMA (('AP242_MANAGED_MODEL_BASED_3D_ENGINEERING_MIM_LF { 1 0 10303 442 3 1 4 }'));
ENDSEC;

DATA;
#10=SHAPE_REPRESENTATION_RELATIONSHIP('','',#7755,#11);
#11=ADVANCED_BREP_SHAPE_REPRESENTATION('',(#7753),#12729);
#12=PLANE('',#7766);
#13=PLANE('',#7767);
#14=PLANE('',#7768);
#15=PLANE('',#7769);
#16=PLANE('',#7770);
#17=PLANE('',#7771);
#18=PLANE('',#7781);
#19=PLANE('',#7782);
#20=PLANE('',#7783);
#21=PLANE('',#7784);
#22=PLANE('',#7785);
#23=PLANE('',#7786);
#24=PLANE('',#7796);
#25=PLANE('',#7797);
#26=PLANE('',#7798);
#27=PLANE('',#7799);
#28=PLANE('',#7800);
#29=PLANE('',#7801);
#30=PLANE('',#7811);
#31=PLANE('',#7812);
#32=PLANE('',#7813);
#33=PLANE('',#7814);
#34=PLANE('',#7815);
#35=PLANE('',#7816);
#36=PLANE('',#7826);
#37=PLANE('',#7827);
#38=PLANE('',#7828);
#39=PLANE('',#7829);
#40=PLANE('',#7830);
#41=PLANE('',#7831);
#42=PLANE('',#7841);
#43=PLANE('',#7842);
#44=PLANE('',#7843);
#45=PLANE('',#7844);
#46=PLANE('',#7845);
#47=PLANE('',#7846);
#48=PLANE('',#7856);
#49=PLANE('',#7857);
#50=PLANE('',#7858);
#51=PLANE('',#7859);
#52=PLANE('',#7860);
#53=PLANE('',#7861);
#54=PLANE('',#7871);
#55=PLANE('',#7872);
#56=PLANE('',#7873);
#57=PLANE('',#7874);
#58=PLANE('',#7875);
#59=PLANE('',#7876);
#60=PLANE('',#7886);
#61=PLANE('',#7887);
#62=PLANE('',#7888);
#63=PLANE('',#7889);
#64=PLANE('',#7890);
#65=PLANE('',#7891);
#66=PLANE('',#7901);
#67=PLANE('',#7902);
#68=PLANE('',#7903);
#69=PLANE('',#7904);
#70=PLANE('',#7905);
#71=PLANE('',#7906);
#72=PLANE('',#7916);
#73=PLANE('',#7917);
#74=PLANE('',#7918);
#75=PLANE('',#7919);
#76=PLANE('',#7920);
#77=PLANE('',#7921);
#78=PLANE('',#7931);
#79=PLANE('',#7932);
#80=PLANE('',#7933);
#81=PLANE('',#7934);
#82=PLANE('',#7935);
#83=PLANE('',#7936);
#84=PLANE('',#7946);
#85=PLANE('',#7947);
#86=PLANE('',#7948);
#87=PLANE('',#7949);
#88=PLANE('',#7950);
#89=PLANE('',#7951);
#90=PLANE('',#7961);
#91=PLANE('',#7962);
#92=PLANE('',#7963);
#93=PLANE('',#7964);
#94=PLANE('',#7965);
#95=PLANE('',#7966);
#96=PLANE('',#7976);
#97=PLANE('',#7977);
#98=PLANE('',#7978);
#99=PLANE('',#7979);
#100=PLANE('',#7980);
#101=PLANE('',#7981);
#102=PLANE('',#7982);
#103=PLANE('',#8062);
#104=PLANE('',#8145);
#105=PLANE('',#8146);
#106=PLANE('',#8147);
#107=PLANE('',#8148);
#108=PLANE('',#8149);
#109=PLANE('',#8150);
#110=PLANE('',#8154);
#111=PLANE('',#8155);
#112=PLANE('',#8156);
#113=PLANE('',#8157);
#114=PLANE('',#8158);
#115=PLANE('',#8159);
#116=PLANE('',#8163);
#117=PLANE('',#8164);
#118=PLANE('',#8165);
#119=PLANE('',#8166);
#120=PLANE('',#8167);
#121=PLANE('',#8168);
#122=PLANE('',#8172);
#123=PLANE('',#8173);
#124=PLANE('',#8174);
#125=PLANE('',#8175);
#126=PLANE('',#8176);
#127=PLANE('',#8177);
#128=PLANE('',#8181);
#129=PLANE('',#8182);
#130=PLANE('',#8183);
#131=PLANE('',#8184);
#132=PLANE('',#8185);
#133=PLANE('',#8186);
#134=PLANE('',#8190);
#135=PLANE('',#8191);
#136=PLANE('',#8192);
#137=PLANE('',#8193);
#138=PLANE('',#8194);
#139=PLANE('',#8195);
#140=PLANE('',#8199);
#141=PLANE('',#8200);
#142=PLANE('',#8201);
#143=PLANE('',#8202);
#144=PLANE('',#8203);
#145=PLANE('',#8204);
#146=PLANE('',#8208);
#147=PLANE('',#8209);
#148=PLANE('',#8210);
#149=PLANE('',#8211);
#150=PLANE('',#8212);
#151=PLANE('',#8213);
#152=PLANE('',#8217);
#153=PLANE('',#8218);
#154=PLANE('',#8219);
#155=PLANE('',#8220);
#156=PLANE('',#8221);
#157=PLANE('',#8222);
#158=PLANE('',#8226);
#159=PLANE('',#8227);
#160=PLANE('',#8228);
#161=PLANE('',#8229);
#162=PLANE('',#8230);
#163=PLANE('',#8231);
#164=PLANE('',#8235);
#165=PLANE('',#8236);
#166=PLANE('',#8237);
#167=PLANE('',#8238);
#168=PLANE('',#8239);
#169=PLANE('',#8240);
#170=PLANE('',#8244);
#171=PLANE('',#8245);
#172=PLANE('',#8246);
#173=PLANE('',#8247);
#174=PLANE('',#8248);
#175=PLANE('',#8249);
#176=PLANE('',#8253);
#177=PLANE('',#8254);
#178=PLANE('',#8255);
#179=PLANE('',#8256);
#180=PLANE('',#8257);
#181=PLANE('',#8258);
#182=PLANE('',#8262);
#183=PLANE('',#8263);
#184=PLANE('',#8264);
#185=PLANE('',#8265);
#186=PLANE('',#8266);
#187=PLANE('',#8267);
#188=PLANE('',#8271);
#189=PLANE('',#8272);
#190=PLANE('',#8273);
#191=PLANE('',#8274);
#192=PLANE('',#8275);
#193=PLANE('',#8276);
#194=PLANE('',#8280);
#195=PLANE('',#8281);
#196=PLANE('',#8282);
#197=PLANE('',#8283);
#198=PLANE('',#8284);
#199=PLANE('',#8285);
#200=PLANE('',#8289);
#201=PLANE('',#8290);
#202=PLANE('',#8291);
#203=PLANE('',#8292);
#204=PLANE('',#8293);
#205=PLANE('',#8294);
#206=PLANE('',#8298);
#207=PLANE('',#8299);
#208=PLANE('',#8300);
#209=PLANE('',#8301);
#210=PLANE('',#8302);
#211=PLANE('',#8303);
#212=PLANE('',#8307);
#213=PLANE('',#8308);
#214=PLANE('',#8309);
#215=PLANE('',#8310);
#216=PLANE('',#8311);
#217=PLANE('',#8312);
#218=PLANE('',#8316);
#219=PLANE('',#8317);
#220=PLANE('',#8318);
#221=PLANE('',#8319);
#222=PLANE('',#8320);
#223=PLANE('',#8321);
#224=PLANE('',#8325);
#225=PLANE('',#8326);
#226=PLANE('',#8327);
#227=PLANE('',#8328);
#228=PLANE('',#8329);
#229=PLANE('',#8330);
#230=PLANE('',#8334);
#231=PLANE('',#8335);
#232=PLANE('',#8336);
#233=PLANE('',#8337);
#234=PLANE('',#8338);
#235=PLANE('',#8339);
#236=PLANE('',#8343);
#237=PLANE('',#8344);
#238=PLANE('',#8345);
#239=PLANE('',#8346);
#240=PLANE('',#8347);
#241=PLANE('',#8348);
#242=PLANE('',#8349);
#243=PLANE('',#8350);
#244=PLANE('',#8351);
#245=PLANE('',#8352);
#246=PLANE('',#8353);
#247=PLANE('',#8358);
#248=PLANE('',#8359);
#249=PLANE('',#8360);
#250=PLANE('',#8361);
#251=PLANE('',#8362);
#252=PLANE('',#8364);
#253=PLANE('',#8365);
#254=PLANE('',#8367);
#255=PLANE('',#8368);
#256=PLANE('',#8370);
#257=PLANE('',#8371);
#258=PLANE('',#8373);
#259=PLANE('',#8374);
#260=PLANE('',#8376);
#261=PLANE('',#8377);
#262=LINE('',#10498,#1130);
#263=LINE('',#10502,#1131);
#264=LINE('',#10507,#1132);
#265=LINE('',#10511,#1133);
#266=LINE('',#10516,#1134);
#267=LINE('',#10520,#1135);
#268=LINE('',#10522,#1136);
#269=LINE('',#10524,#1137);
#270=LINE('',#10526,#1138);
#271=LINE('',#10528,#1139);
#272=LINE('',#10529,#1140);
#273=LINE('',#10531,#1141);
#274=LINE('',#10533,#1142);
#275=LINE('',#10535,#1143);
#276=LINE('',#10537,#1144);
#277=LINE('',#10538,#1145);
#278=LINE('',#10540,#1146);
#279=LINE('',#10543,#1147);
#280=LINE('',#10544,#1148);
#281=LINE('',#10546,#1149);
#282=LINE('',#10547,#1150);
#283=LINE('',#10552,#1151);
#284=LINE('',#10556,#1152);
#285=LINE('',#10561,#1153);
#286=LINE('',#10565,#1154);
#287=LINE('',#10570,#1155);
#288=LINE('',#10574,#1156);
#289=LINE('',#10576,#1157);
#290=LINE('',#10578,#1158);
#291=LINE('',#10580,#1159);
#292=LINE('',#10582,#1160);
#293=LINE('',#10583,#1161);
#294=LINE('',#10585,#1162);
#295=LINE('',#10587,#1163);
#296=LINE('',#10589,#1164);
#297=LINE('',#10591,#1165);
#298=LINE('',#10592,#1166);
#299=LINE('',#10594,#1167);
#300=LINE('',#10597,#1168);
#301=LINE('',#10598,#1169);
#302=LINE('',#10600,#1170);
#303=LINE('',#10601,#1171);
#304=LINE('',#10606,#1172);
#305=LINE('',#10610,#1173);
#306=LINE('',#10615,#1174);
#307=LINE('',#10619,#1175);
#308=LINE('',#10624,#1176);
#309=LINE('',#10628,#1177);
#310=LINE('',#10630,#1178);
#311=LINE('',#10632,#1179);
#312=LINE('',#10634,#1180);
#313=LINE('',#10636,#1181);
#314=LINE('',#10637,#1182);
#315=LINE('',#10639,#1183);
#316=LINE('',#10641,#1184);
#317=LINE('',#10643,#1185);
#318=LINE('',#10645,#1186);
#319=LINE('',#10646,#1187);
#320=LINE('',#10648,#1188);
#321=LINE('',#10651,#1189);
#322=LINE('',#10652,#1190);
#323=LINE('',#10654,#1191);
#324=LINE('',#10655,#1192);
#325=LINE('',#10660,#1193);
#326=LINE('',#10664,#1194);
#327=LINE('',#10669,#1195);
#328=LINE('',#10673,#1196);
#329=LINE('',#10678,#1197);
#330=LINE('',#10682,#1198);
#331=LINE('',#10684,#1199);
#332=LINE('',#10686,#1200);
#333=LINE('',#10688,#1201);
#334=LINE('',#10690,#1202);
#335=LINE('',#10691,#1203);
#336=LINE('',#10693,#1204);
#337=LINE('',#10695,#1205);
#338=LINE('',#10697,#1206);
#339=LINE('',#10699,#1207);
#340=LINE('',#10700,#1208);
#341=LINE('',#10702,#1209);
#342=LINE('',#10705,#1210);
#343=LINE('',#10706,#1211);
#344=LINE('',#10708,#1212);
#345=LINE('',#10709,#1213);
#346=LINE('',#10714,#1214);
#347=LINE('',#10718,#1215);
#348=LINE('',#10723,#1216);
#349=LINE('',#10727,#1217);
#350=LINE('',#10732,#1218);
#351=LINE('',#10736,#1219);
#352=LINE('',#10738,#1220);
#353=LINE('',#10740,#1221);
#354=LINE('',#10742,#1222);
#355=LINE('',#10744,#1223);
#356=LINE('',#10745,#1224);
#357=LINE('',#10747,#1225);
#358=LINE('',#10749,#1226);
#359=LINE('',#10751,#1227);
#360=LINE('',#10753,#1228);
#361=LINE('',#10754,#1229);
#362=LINE('',#10756,#1230);
#363=LINE('',#10759,#1231);
#364=LINE('',#10760,#1232);
#365=LINE('',#10762,#1233);
#366=LINE('',#10763,#1234);
#367=LINE('',#10768,#1235);
#368=LINE('',#10772,#1236);
#369=LINE('',#10777,#1237);
#370=LINE('',#10781,#1238);
#371=LINE('',#10786,#1239);
#372=LINE('',#10790,#1240);
#373=LINE('',#10792,#1241);
#374=LINE('',#10794,#1242);
#375=LINE('',#10796,#1243);
#376=LINE('',#10798,#1244);
#377=LINE('',#10799,#1245);
#378=LINE('',#10801,#1246);
#379=LINE('',#10803,#1247);
#380=LINE('',#10805,#1248);
#381=LINE('',#10807,#1249);
#382=LINE('',#10808,#1250);
#383=LINE('',#10810,#1251);
#384=LINE('',#10813,#1252);
#385=LINE('',#10814,#1253);
#386=LINE('',#10816,#1254);
#387=LINE('',#10817,#1255);
#388=LINE('',#10822,#1256);
#389=LINE('',#10826,#1257);
#390=LINE('',#10831,#1258);
#391=LINE('',#10835,#1259);
#392=LINE('',#10840,#1260);
#393=LINE('',#10844,#1261);
#394=LINE('',#10846,#1262);
#395=LINE('',#10848,#1263);
#396=LINE('',#10850,#1264);
#397=LINE('',#10852,#1265);
#398=LINE('',#10853,#1266);
#399=LINE('',#10855,#1267);
#400=LINE('',#10857,#1268);
#401=LINE('',#10859,#1269);
#402=LINE('',#10861,#1270);
#403=LINE('',#10862,#1271);
#404=LINE('',#10864,#1272);
#405=LINE('',#10867,#1273);
#406=LINE('',#10868,#1274);
#407=LINE('',#10870,#1275);
#408=LINE('',#10871,#1276);
#409=LINE('',#10876,#1277);
#410=LINE('',#10880,#1278);
#411=LINE('',#10885,#1279);
#412=LINE('',#10889,#1280);
#413=LINE('',#10894,#1281);
#414=LINE('',#10898,#1282);
#415=LINE('',#10900,#1283);
#416=LINE('',#10902,#1284);
#417=LINE('',#10904,#1285);
#418=LINE('',#10906,#1286);
#419=LINE('',#10907,#1287);
#420=LINE('',#10909,#1288);
#421=LINE('',#10911,#1289);
#422=LINE('',#10913,#1290);
#423=LINE('',#10915,#1291);
#424=LINE('',#10916,#1292);
#425=LINE('',#10918,#1293);
#426=LINE('',#10921,#1294);
#427=LINE('',#10922,#1295);
#428=LINE('',#10924,#1296);
#429=LINE('',#10925,#1297);
#430=LINE('',#10930,#1298);
#431=LINE('',#10934,#1299);
#432=LINE('',#10939,#1300);
#433=LINE('',#10943,#1301);
#434=LINE('',#10948,#1302);
#435=LINE('',#10952,#1303);
#436=LINE('',#10954,#1304);
#437=LINE('',#10956,#1305);
#438=LINE('',#10958,#1306);
#439=LINE('',#10960,#1307);
#440=LINE('',#10961,#1308);
#441=LINE('',#10963,#1309);
#442=LINE('',#10965,#1310);
#443=LINE('',#10967,#1311);
#444=LINE('',#10969,#1312);
#445=LINE('',#10970,#1313);
#446=LINE('',#10972,#1314);
#447=LINE('',#10975,#1315);
#448=LINE('',#10976,#1316);
#449=LINE('',#10978,#1317);
#450=LINE('',#10979,#1318);
#451=LINE('',#10984,#1319);
#452=LINE('',#10988,#1320);
#453=LINE('',#10993,#1321);
#454=LINE('',#10997,#1322);
#455=LINE('',#11002,#1323);
#456=LINE('',#11006,#1324);
#457=LINE('',#11008,#1325);
#458=LINE('',#11010,#1326);
#459=LINE('',#11012,#1327);
#460=LINE('',#11014,#1328);
#461=LINE('',#11015,#1329);
#462=LINE('',#11017,#1330);
#463=LINE('',#11019,#1331);
#464=LINE('',#11021,#1332);
#465=LINE('',#11023,#1333);
#466=LINE('',#11024,#1334);
#467=LINE('',#11026,#1335);
#468=LINE('',#11029,#1336);
#469=LINE('',#11030,#1337);
#470=LINE('',#11032,#1338);
#471=LINE('',#11033,#1339);
#472=LINE('',#11038,#1340);
#473=LINE('',#11042,#1341);
#474=LINE('',#11047,#1342);
#475=LINE('',#11051,#1343);
#476=LINE('',#11056,#1344);
#477=LINE('',#11060,#1345);
#478=LINE('',#11062,#1346);
#479=LINE('',#11064,#1347);
#480=LINE('',#11066,#1348);
#481=LINE('',#11068,#1349);
#482=LINE('',#11069,#1350);
#483=LINE('',#11071,#1351);
#484=LINE('',#11073,#1352);
#485=LINE('',#11075,#1353);
#486=LINE('',#11077,#1354);
#487=LINE('',#11078,#1355);
#488=LINE('',#11080,#1356);
#489=LINE('',#11083,#1357);
#490=LINE('',#11084,#1358);
#491=LINE('',#11086,#1359);
#492=LINE('',#11087,#1360);
#493=LINE('',#11092,#1361);
#494=LINE('',#11096,#1362);
#495=LINE('',#11101,#1363);
#496=LINE('',#11105,#1364);
#497=LINE('',#11110,#1365);
#498=LINE('',#11114,#1366);
#499=LINE('',#11116,#1367);
#500=LINE('',#11118,#1368);
#501=LINE('',#11120,#1369);
#502=LINE('',#11122,#1370);
#503=LINE('',#11123,#1371);
#504=LINE('',#11125,#1372);
#505=LINE('',#11127,#1373);
#506=LINE('',#11129,#1374);
#507=LINE('',#11131,#1375);
#508=LINE('',#11132,#1376);
#509=LINE('',#11134,#1377);
#510=LINE('',#11137,#1378);
#511=LINE('',#11138,#1379);
#512=LINE('',#11140,#1380);
#513=LINE('',#11141,#1381);
#514=LINE('',#11146,#1382);
#515=LINE('',#11150,#1383);
#516=LINE('',#11155,#1384);
#517=LINE('',#11159,#1385);
#518=LINE('',#11164,#1386);
#519=LINE('',#11168,#1387);
#520=LINE('',#11170,#1388);
#521=LINE('',#11172,#1389);
#522=LINE('',#11174,#1390);
#523=LINE('',#11176,#1391);
#524=LINE('',#11177,#1392);
#525=LINE('',#11179,#1393);
#526=LINE('',#11181,#1394);
#527=LINE('',#11183,#1395);
#528=LINE('',#11185,#1396);
#529=LINE('',#11186,#1397);
#530=LINE('',#11188,#1398);
#531=LINE('',#11191,#1399);
#532=LINE('',#11192,#1400);
#533=LINE('',#11194,#1401);
#534=LINE('',#11195,#1402);
#535=LINE('',#11200,#1403);
#536=LINE('',#11204,#1404);
#537=LINE('',#11209,#1405);
#538=LINE('',#11213,#1406);
#539=LINE('',#11218,#1407);
#540=LINE('',#11222,#1408);
#541=LINE('',#11224,#1409);
#542=LINE('',#11226,#1410);
#543=LINE('',#11228,#1411);
#544=LINE('',#11230,#1412);
#545=LINE('',#11231,#1413);
#546=LINE('',#11233,#1414);
#547=LINE('',#11235,#1415);
#548=LINE('',#11237,#1416);
#549=LINE('',#11239,#1417);
#550=LINE('',#11240,#1418);
#551=LINE('',#11242,#1419);
#552=LINE('',#11245,#1420);
#553=LINE('',#11246,#1421);
#554=LINE('',#11248,#1422);
#555=LINE('',#11249,#1423);
#556=LINE('',#11254,#1424);
#557=LINE('',#11258,#1425);
#558=LINE('',#11263,#1426);
#559=LINE('',#11267,#1427);
#560=LINE('',#11272,#1428);
#561=LINE('',#11276,#1429);
#562=LINE('',#11278,#1430);
#563=LINE('',#11280,#1431);
#564=LINE('',#11282,#1432);
#565=LINE('',#11284,#1433);
#566=LINE('',#11285,#1434);
#567=LINE('',#11287,#1435);
#568=LINE('',#11289,#1436);
#569=LINE('',#11291,#1437);
#570=LINE('',#11293,#1438);
#571=LINE('',#11294,#1439);
#572=LINE('',#11296,#1440);
#573=LINE('',#11299,#1441);
#574=LINE('',#11300,#1442);
#575=LINE('',#11302,#1443);
#576=LINE('',#11303,#1444);
#577=LINE('',#11305,#1445);
#578=LINE('',#11308,#1446);
#579=LINE('',#11310,#1447);
#580=LINE('',#11314,#1448);
#581=LINE('',#11318,#1449);
#582=LINE('',#11322,#1450);
#583=LINE('',#11326,#1451);
#584=LINE('',#11328,#1452);
#585=LINE('',#11329,#1453);
#586=LINE('',#11332,#1454);
#587=LINE('',#11336,#1455);
#588=LINE('',#11338,#1456);
#589=LINE('',#11342,#1457);
#590=LINE('',#11344,#1458);
#591=LINE('',#11347,#1459);
#592=LINE('',#11350,#1460);
#593=LINE('',#11354,#1461);
#594=LINE('',#11356,#1462);
#595=LINE('',#11360,#1463);
#596=LINE('',#11362,#1464);
#597=LINE('',#11365,#1465);
#598=LINE('',#11368,#1466);
#599=LINE('',#11372,#1467);
#600=LINE('',#11374,#1468);
#601=LINE('',#11378,#1469);
#602=LINE('',#11380,#1470);
#603=LINE('',#11383,#1471);
#604=LINE('',#11386,#1472);
#605=LINE('',#11390,#1473);
#606=LINE('',#11392,#1474);
#607=LINE('',#11396,#1475);
#608=LINE('',#11398,#1476);
#609=LINE('',#11401,#1477);
#610=LINE('',#11404,#1478);
#611=LINE('',#11408,#1479);
#612=LINE('',#11410,#1480);
#613=LINE('',#11414,#1481);
#614=LINE('',#11416,#1482);
#615=LINE('',#11419,#1483);
#616=LINE('',#11422,#1484);
#617=LINE('',#11426,#1485);
#618=LINE('',#11428,#1486);
#619=LINE('',#11432,#1487);
#620=LINE('',#11434,#1488);
#621=LINE('',#11437,#1489);
#622=LINE('',#11440,#1490);
#623=LINE('',#11444,#1491);
#624=LINE('',#11446,#1492);
#625=LINE('',#11450,#1493);
#626=LINE('',#11452,#1494);
#627=LINE('',#11455,#1495);
#628=LINE('',#11458,#1496);
#629=LINE('',#11462,#1497);
#630=LINE('',#11464,#1498);
#631=LINE('',#11468,#1499);
#632=LINE('',#11470,#1500);
#633=LINE('',#11473,#1501);
#634=LINE('',#11476,#1502);
#635=LINE('',#11480,#1503);
#636=LINE('',#11482,#1504);
#637=LINE('',#11486,#1505);
#638=LINE('',#11488,#1506);
#639=LINE('',#11491,#1507);
#640=LINE('',#11494,#1508);
#641=LINE('',#11498,#1509);
#642=LINE('',#11500,#1510);
#643=LINE('',#11504,#1511);
#644=LINE('',#11506,#1512);
#645=LINE('',#11509,#1513);
#646=LINE('',#11512,#1514);
#647=LINE('',#11516,#1515);
#648=LINE('',#11518,#1516);
#649=LINE('',#11522,#1517);
#650=LINE('',#11524,#1518);
#651=LINE('',#11527,#1519);
#652=LINE('',#11530,#1520);
#653=LINE('',#11534,#1521);
#654=LINE('',#11536,#1522);
#655=LINE('',#11540,#1523);
#656=LINE('',#11542,#1524);
#657=LINE('',#11545,#1525);
#658=LINE('',#11548,#1526);
#659=LINE('',#11552,#1527);
#660=LINE('',#11554,#1528);
#661=LINE('',#11558,#1529);
#662=LINE('',#11560,#1530);
#663=LINE('',#11563,#1531);
#664=LINE('',#11566,#1532);
#665=LINE('',#11570,#1533);
#666=LINE('',#11572,#1534);
#667=LINE('',#11576,#1535);
#668=LINE('',#11578,#1536);
#669=LINE('',#11581,#1537);
#670=LINE('',#11584,#1538);
#671=LINE('',#11588,#1539);
#672=LINE('',#11590,#1540);
#673=LINE('',#11594,#1541);
#674=LINE('',#11596,#1542);
#675=LINE('',#11599,#1543);
#676=LINE('',#11602,#1544);
#677=LINE('',#11606,#1545);
#678=LINE('',#11608,#1546);
#679=LINE('',#11612,#1547);
#680=LINE('',#11614,#1548);
#681=LINE('',#11617,#1549);
#682=LINE('',#11620,#1550);
#683=LINE('',#11624,#1551);
#684=LINE('',#11626,#1552);
#685=LINE('',#11630,#1553);
#686=LINE('',#11632,#1554);
#687=LINE('',#11635,#1555);
#688=LINE('',#11638,#1556);
#689=LINE('',#11642,#1557);
#690=LINE('',#11644,#1558);
#691=LINE('',#11648,#1559);
#692=LINE('',#11650,#1560);
#693=LINE('',#11653,#1561);
#694=LINE('',#11656,#1562);
#695=LINE('',#11660,#1563);
#696=LINE('',#11662,#1564);
#697=LINE('',#11666,#1565);
#698=LINE('',#11668,#1566);
#699=LINE('',#11671,#1567);
#700=LINE('',#11674,#1568);
#701=LINE('',#11678,#1569);
#702=LINE('',#11680,#1570);
#703=LINE('',#11684,#1571);
#704=LINE('',#11686,#1572);
#705=LINE('',#11689,#1573);
#706=LINE('',#11692,#1574);
#707=LINE('',#11696,#1575);
#708=LINE('',#11698,#1576);
#709=LINE('',#11702,#1577);
#710=LINE('',#11704,#1578);
#711=LINE('',#11707,#1579);
#712=LINE('',#11710,#1580);
#713=LINE('',#11714,#1581);
#714=LINE('',#11716,#1582);
#715=LINE('',#11720,#1583);
#716=LINE('',#11722,#1584);
#717=LINE('',#11725,#1585);
#718=LINE('',#11728,#1586);
#719=LINE('',#11732,#1587);
#720=LINE('',#11734,#1588);
#721=LINE('',#11738,#1589);
#722=LINE('',#11740,#1590);
#723=LINE('',#11743,#1591);
#724=LINE('',#11746,#1592);
#725=LINE('',#11750,#1593);
#726=LINE('',#11752,#1594);
#727=LINE('',#11756,#1595);
#728=LINE('',#11758,#1596);
#729=LINE('',#11761,#1597);
#730=LINE('',#11766,#1598);
#731=LINE('',#11768,#1599);
#732=LINE('',#11772,#1600);
#733=LINE('',#11774,#1601);
#734=LINE('',#11778,#1602);
#735=LINE('',#11780,#1603);
#736=LINE('',#11783,#1604);
#737=LINE('',#11787,#1605);
#738=LINE('',#11789,#1606);
#739=LINE('',#11793,#1607);
#740=LINE('',#11795,#1608);
#741=LINE('',#11798,#1609);
#742=LINE('',#11801,#1610);
#743=LINE('',#11805,#1611);
#744=LINE('',#11807,#1612);
#745=LINE('',#11811,#1613);
#746=LINE('',#11813,#1614);
#747=LINE('',#11816,#1615);
#748=LINE('',#11819,#1616);
#749=LINE('',#11823,#1617);
#750=LINE('',#11825,#1618);
#751=LINE('',#11829,#1619);
#752=LINE('',#11831,#1620);
#753=LINE('',#11834,#1621);
#754=LINE('',#11837,#1622);
#755=LINE('',#11841,#1623);
#756=LINE('',#11843,#1624);
#757=LINE('',#11847,#1625);
#758=LINE('',#11849,#1626);
#759=LINE('',#11852,#1627);
#760=LINE('',#11855,#1628);
#761=LINE('',#11859,#1629);
#762=LINE('',#11861,#1630);
#763=LINE('',#11865,#1631);
#764=LINE('',#11867,#1632);
#765=LINE('',#11870,#1633);
#766=LINE('',#11873,#1634);
#767=LINE('',#11877,#1635);
#768=LINE('',#11879,#1636);
#769=LINE('',#11883,#1637);
#770=LINE('',#11885,#1638);
#771=LINE('',#11888,#1639);
#772=LINE('',#11891,#1640);
#773=LINE('',#11895,#1641);
#774=LINE('',#11897,#1642);
#775=LINE('',#11901,#1643);
#776=LINE('',#11903,#1644);
#777=LINE('',#11906,#1645);
#778=LINE('',#11909,#1646);
#779=LINE('',#11913,#1647);
#780=LINE('',#11915,#1648);
#781=LINE('',#11919,#1649);
#782=LINE('',#11921,#1650);
#783=LINE('',#11924,#1651);
#784=LINE('',#11927,#1652);
#785=LINE('',#11931,#1653);
#786=LINE('',#11933,#1654);
#787=LINE('',#11937,#1655);
#788=LINE('',#11939,#1656);
#789=LINE('',#11942,#1657);
#790=LINE('',#11945,#1658);
#791=LINE('',#11949,#1659);
#792=LINE('',#11951,#1660);
#793=LINE('',#11955,#1661);
#794=LINE('',#11957,#1662);
#795=LINE('',#11960,#1663);
#796=LINE('',#11963,#1664);
#797=LINE('',#11967,#1665);
#798=LINE('',#11969,#1666);
#799=LINE('',#11973,#1667);
#800=LINE('',#11975,#1668);
#801=LINE('',#11978,#1669);
#802=LINE('',#11981,#1670);
#803=LINE('',#11985,#1671);
#804=LINE('',#11987,#1672);
#805=LINE('',#11991,#1673);
#806=LINE('',#11993,#1674);
#807=LINE('',#11996,#1675);
#808=LINE('',#11999,#1676);
#809=LINE('',#12003,#1677);
#810=LINE('',#12005,#1678);
#811=LINE('',#12009,#1679);
#812=LINE('',#12011,#1680);
#813=LINE('',#12014,#1681);
#814=LINE('',#12017,#1682);
#815=LINE('',#12021,#1683);
#816=LINE('',#12023,#1684);
#817=LINE('',#12027,#1685);
#818=LINE('',#12029,#1686);
#819=LINE('',#12032,#1687);
#820=LINE('',#12035,#1688);
#821=LINE('',#12039,#1689);
#822=LINE('',#12041,#1690);
#823=LINE('',#12045,#1691);
#824=LINE('',#12047,#1692);
#825=LINE('',#12050,#1693);
#826=LINE('',#12053,#1694);
#827=LINE('',#12057,#1695);
#828=LINE('',#12059,#1696);
#829=LINE('',#12063,#1697);
#830=LINE('',#12065,#1698);
#831=LINE('',#12068,#1699);
#832=LINE('',#12071,#1700);
#833=LINE('',#12075,#1701);
#834=LINE('',#12077,#1702);
#835=LINE('',#12081,#1703);
#836=LINE('',#12083,#1704);
#837=LINE('',#12086,#1705);
#838=LINE('',#12089,#1706);
#839=LINE('',#12093,#1707);
#840=LINE('',#12095,#1708);
#841=LINE('',#12099,#1709);
#842=LINE('',#12101,#1710);
#843=LINE('',#12104,#1711);
#844=LINE('',#12107,#1712);
#845=LINE('',#12111,#1713);
#846=LINE('',#12113,#1714);
#847=LINE('',#12117,#1715);
#848=LINE('',#12119,#1716);
#849=LINE('',#12122,#1717);
#850=LINE('',#12125,#1718);
#851=LINE('',#12129,#1719);
#852=LINE('',#12131,#1720);
#853=LINE('',#12135,#1721);
#854=LINE('',#12137,#1722);
#855=LINE('',#12140,#1723);
#856=LINE('',#12143,#1724);
#857=LINE('',#12147,#1725);
#858=LINE('',#12149,#1726);
#859=LINE('',#12153,#1727);
#860=LINE('',#12155,#1728);
#861=LINE('',#12158,#1729);
#862=LINE('',#12161,#1730);
#863=LINE('',#12165,#1731);
#864=LINE('',#12167,#1732);
#865=LINE('',#12171,#1733);
#866=LINE('',#12173,#1734);
#867=LINE('',#12176,#1735);
#868=LINE('',#12179,#1736);
#869=LINE('',#12183,#1737);
#870=LINE('',#12185,#1738);
#871=LINE('',#12189,#1739);
#872=LINE('',#12191,#1740);
#873=LINE('',#12194,#1741);
#874=LINE('',#12197,#1742);
#875=LINE('',#12201,#1743);
#876=LINE('',#12203,#1744);
#877=LINE('',#12207,#1745);
#878=LINE('',#12209,#1746);
#879=LINE('',#12212,#1747);
#880=LINE('',#12215,#1748);
#881=LINE('',#12217,#1749);
#882=LINE('',#12219,#1750);
#883=LINE('',#12223,#1751);
#884=LINE('',#12227,#1752);
#885=LINE('',#12231,#1753);
#886=LINE('',#12235,#1754);
#887=LINE('',#12239,#1755);
#888=LINE('',#12241,#1756);
#889=LINE('',#12245,#1757);
#890=LINE('',#12247,#1758);
#891=LINE('',#12251,#1759);
#892=LINE('',#12253,#1760);
#893=LINE('',#12255,#1761);
#894=LINE('',#12256,#1762);
#895=LINE('',#12258,#1763);
#896=LINE('',#12259,#1764);
#897=LINE('',#12261,#1765);
#898=LINE('',#12262,#1766);
#899=LINE('',#12264,#1767);
#900=LINE('',#12267,#1768);
#901=LINE('',#12270,#1769);
#902=LINE('',#12273,#1770);
#903=LINE('',#12274,#1771);
#904=LINE('',#12276,#1772);
#905=LINE('',#12277,#1773);
#906=LINE('',#12279,#1774);
#907=LINE('',#12280,#1775);
#908=LINE('',#12282,#1776);
#909=LINE('',#12285,#1777);
#910=LINE('',#12288,#1778);
#911=LINE('',#12291,#1779);
#912=LINE('',#12292,#1780);
#913=LINE('',#12294,#1781);
#914=LINE('',#12295,#1782);
#915=LINE('',#12297,#1783);
#916=LINE('',#12298,#1784);
#917=LINE('',#12300,#1785);
#918=LINE('',#12303,#1786);
#919=LINE('',#12306,#1787);
#920=LINE('',#12309,#1788);
#921=LINE('',#12310,#1789);
#922=LINE('',#12312,#1790);
#923=LINE('',#12313,#1791);
#924=LINE('',#12315,#1792);
#925=LINE('',#12316,#1793);
#926=LINE('',#12318,#1794);
#927=LINE('',#12321,#1795);
#928=LINE('',#12324,#1796);
#929=LINE('',#12327,#1797);
#930=LINE('',#12328,#1798);
#931=LINE('',#12330,#1799);
#932=LINE('',#12331,#1800);
#933=LINE('',#12333,#1801);
#934=LINE('',#12334,#1802);
#935=LINE('',#12336,#1803);
#936=LINE('',#12339,#1804);
#937=LINE('',#12342,#1805);
#938=LINE('',#12345,#1806);
#939=LINE('',#12346,#1807);
#940=LINE('',#12348,#1808);
#941=LINE('',#12349,#1809);
#942=LINE('',#12351,#1810);
#943=LINE('',#12352,#1811);
#944=LINE('',#12354,#1812);
#945=LINE('',#12357,#1813);
#946=LINE('',#12360,#1814);
#947=LINE('',#12363,#1815);
#948=LINE('',#12364,#1816);
#949=LINE('',#12366,#1817);
#950=LINE('',#12367,#1818);
#951=LINE('',#12369,#1819);
#952=LINE('',#12370,#1820);
#953=LINE('',#12372,#1821);
#954=LINE('',#12375,#1822);
#955=LINE('',#12378,#1823);
#956=LINE('',#12381,#1824);
#957=LINE('',#12382,#1825);
#958=LINE('',#12384,#1826);
#959=LINE('',#12385,#1827);
#960=LINE('',#12387,#1828);
#961=LINE('',#12388,#1829);
#962=LINE('',#12390,#1830);
#963=LINE('',#12393,#1831);
#964=LINE('',#12396,#1832);
#965=LINE('',#12399,#1833);
#966=LINE('',#12400,#1834);
#967=LINE('',#12402,#1835);
#968=LINE('',#12403,#1836);
#969=LINE('',#12405,#1837);
#970=LINE('',#12406,#1838);
#971=LINE('',#12408,#1839);
#972=LINE('',#12411,#1840);
#973=LINE('',#12414,#1841);
#974=LINE('',#12417,#1842);
#975=LINE('',#12418,#1843);
#976=LINE('',#12420,#1844);
#977=LINE('',#12421,#1845);
#978=LINE('',#12423,#1846);
#979=LINE('',#12424,#1847);
#980=LINE('',#12426,#1848);
#981=LINE('',#12429,#1849);
#982=LINE('',#12432,#1850);
#983=LINE('',#12435,#1851);
#984=LINE('',#12436,#1852);
#985=LINE('',#12438,#1853);
#986=LINE('',#12439,#1854);
#987=LINE('',#12441,#1855);
#988=LINE('',#12442,#1856);
#989=LINE('',#12444,#1857);
#990=LINE('',#12447,#1858);
#991=LINE('',#12450,#1859);
#992=LINE('',#12453,#1860);
#993=LINE('',#12454,#1861);
#994=LINE('',#12456,#1862);
#995=LINE('',#12457,#1863);
#996=LINE('',#12459,#1864);
#997=LINE('',#12460,#1865);
#998=LINE('',#12462,#1866);
#999=LINE('',#12465,#1867);
#1000=LINE('',#12468,#1868);
#1001=LINE('',#12471,#1869);
#1002=LINE('',#12472,#1870);
#1003=LINE('',#12474,#1871);
#1004=LINE('',#12475,#1872);
#1005=LINE('',#12477,#1873);
#1006=LINE('',#12478,#1874);
#1007=LINE('',#12480,#1875);
#1008=LINE('',#12483,#1876);
#1009=LINE('',#12486,#1877);
#1010=LINE('',#12489,#1878);
#1011=LINE('',#12490,#1879);
#1012=LINE('',#12492,#1880);
#1013=LINE('',#12493,#1881);
#1014=LINE('',#12495,#1882);
#1015=LINE('',#12496,#1883);
#1016=LINE('',#12498,#1884);
#1017=LINE('',#12501,#1885);
#1018=LINE('',#12504,#1886);
#1019=LINE('',#12507,#1887);
#1020=LINE('',#12508,#1888);
#1021=LINE('',#12510,#1889);
#1022=LINE('',#12511,#1890);
#1023=LINE('',#12513,#1891);
#1024=LINE('',#12514,#1892);
#1025=LINE('',#12516,#1893);
#1026=LINE('',#12519,#1894);
#1027=LINE('',#12522,#1895);
#1028=LINE('',#12525,#1896);
#1029=LINE('',#12526,#1897);
#1030=LINE('',#12528,#1898);
#1031=LINE('',#12529,#1899);
#1032=LINE('',#12531,#1900);
#1033=LINE('',#12532,#1901);
#1034=LINE('',#12534,#1902);
#1035=LINE('',#12537,#1903);
#1036=LINE('',#12540,#1904);
#1037=LINE('',#12543,#1905);
#1038=LINE('',#12544,#1906);
#1039=LINE('',#12546,#1907);
#1040=LINE('',#12547,#1908);
#1041=LINE('',#12549,#1909);
#1042=LINE('',#12550,#1910);
#1043=LINE('',#12552,#1911);
#1044=LINE('',#12555,#1912);
#1045=LINE('',#12558,#1913);
#1046=LINE('',#12561,#1914);
#1047=LINE('',#12562,#1915);
#1048=LINE('',#12564,#1916);
#1049=LINE('',#12565,#1917);
#1050=LINE('',#12567,#1918);
#1051=LINE('',#12568,#1919);
#1052=LINE('',#12570,#1920);
#1053=LINE('',#12573,#1921);
#1054=LINE('',#12576,#1922);
#1055=LINE('',#12579,#1923);
#1056=LINE('',#12580,#1924);
#1057=LINE('',#12582,#1925);
#1058=LINE('',#12583,#1926);
#1059=LINE('',#12585,#1927);
#1060=LINE('',#12586,#1928);
#1061=LINE('',#12588,#1929);
#1062=LINE('',#12591,#1930);
#1063=LINE('',#12594,#1931);
#1064=LINE('',#12597,#1932);
#1065=LINE('',#12598,#1933);
#1066=LINE('',#12600,#1934);
#1067=LINE('',#12601,#1935);
#1068=LINE('',#12603,#1936);
#1069=LINE('',#12604,#1937);
#1070=LINE('',#12606,#1938);
#1071=LINE('',#12609,#1939);
#1072=LINE('',#12612,#1940);
#1073=LINE('',#12615,#1941);
#1074=LINE('',#12616,#1942);
#1075=LINE('',#12618,#1943);
#1076=LINE('',#12619,#1944);
#1077=LINE('',#12621,#1945);
#1078=LINE('',#12622,#1946);
#1079=LINE('',#12624,#1947);
#1080=LINE('',#12627,#1948);
#1081=LINE('',#12630,#1949);
#1082=LINE('',#12633,#1950);
#1083=LINE('',#12634,#1951);
#1084=LINE('',#12636,#1952);
#1085=LINE('',#12637,#1953);
#1086=LINE('',#12639,#1954);
#1087=LINE('',#12640,#1955);
#1088=LINE('',#12642,#1956);
#1089=LINE('',#12645,#1957);
#1090=LINE('',#12648,#1958);
#1091=LINE('',#12651,#1959);
#1092=LINE('',#12652,#1960);
#1093=LINE('',#12654,#1961);
#1094=LINE('',#12655,#1962);
#1095=LINE('',#12657,#1963);
#1096=LINE('',#12658,#1964);
#1097=LINE('',#12660,#1965);
#1098=LINE('',#12663,#1966);
#1099=LINE('',#12666,#1967);
#1100=LINE('',#12669,#1968);
#1101=LINE('',#12670,#1969);
#1102=LINE('',#12672,#1970);
#1103=LINE('',#12673,#1971);
#1104=LINE('',#12675,#1972);
#1105=LINE('',#12676,#1973);
#1106=LINE('',#12678,#1974);
#1107=LINE('',#12679,#1975);
#1108=LINE('',#12681,#1976);
#1109=LINE('',#12682,#1977);
#1110=LINE('',#12688,#1978);
#1111=LINE('',#12690,#1979);
#1112=LINE('',#12693,#1980);
#1113=LINE('',#12694,#1981);
#1114=LINE('',#12696,#1982);
#1115=LINE('',#12698,#1983);
#1116=LINE('',#12700,#1984);
#1117=LINE('',#12702,#1985);
#1118=LINE('',#12704,#1986);
#1119=LINE('',#12706,#1987);
#1120=LINE('',#12708,#1988);
#1121=LINE('',#12711,#1989);
#1122=LINE('',#12712,#1990);
#1123=LINE('',#12714,#1991);
#1124=LINE('',#12716,#1992);
#1125=LINE('',#12718,#1993);
#1126=LINE('',#12720,#1994);
#1127=LINE('',#12722,#1995);
#1128=LINE('',#12724,#1996);
#1129=LINE('',#12726,#1997);
#1130=VECTOR('',#8385,1.);
#1131=VECTOR('',#8388,1.);
#1132=VECTOR('',#8393,1.);
#1133=VECTOR('',#8396,1.);
#1134=VECTOR('',#8401,1.);
#1135=VECTOR('',#8404,1.);
#1136=VECTOR('',#8407,1.);
#1137=VECTOR('',#8408,1.);
#1138=VECTOR('',#8409,1.);
#1139=VECTOR('',#8412,1.);
#1140=VECTOR('',#8413,1.);
#1141=VECTOR('',#8416,1.);
#1142=VECTOR('',#8417,1.);
#1143=VECTOR('',#8418,1.);
#1144=VECTOR('',#8421,1.);
#1145=VECTOR('',#8422,1.);
#1146=VECTOR('',#8425,1.);
#1147=VECTOR('',#8426,1.);
#1148=VECTOR('',#8427,1.);
#1149=VECTOR('',#8430,1.);
#1150=VECTOR('',#8431,1.);
#1151=VECTOR('',#8436,1.);
#1152=VECTOR('',#8439,1.);
#1153=VECTOR('',#8444,1.);
#1154=VECTOR('',#8447,1.);
#1155=VECTOR('',#8452,1.);
#1156=VECTOR('',#8455,1.);
#1157=VECTOR('',#8458,1.);
#1158=VECTOR('',#8459,1.);
#1159=VECTOR('',#8460,1.);
#1160=VECTOR('',#8463,1.);
#1161=VECTOR('',#8464,1.);
#1162=VECTOR('',#8467,1.);
#1163=VECTOR('',#8468,1.);
#1164=VECTOR('',#8469,1.);
#1165=VECTOR('',#8472,1.);
#1166=VECTOR('',#8473,1.);
#1167=VECTOR('',#8476,1.);
#1168=VECTOR('',#8477,1.);
#1169=VECTOR('',#8478,1.);
#1170=VECTOR('',#8481,1.);
#1171=VECTOR('',#8482,1.);
#1172=VECTOR('',#8487,1.);
#1173=VECTOR('',#8490,1.);
#1174=VECTOR('',#8495,1.);
#1175=VECTOR('',#8498,1.);
#1176=VECTOR('',#8503,1.);
#1177=VECTOR('',#8506,1.);
#1178=VECTOR('',#8509,1.);
#1179=VECTOR('',#8510,1.);
#1180=VECTOR('',#8511,1.);
#1181=VECTOR('',#8514,1.);
#1182=VECTOR('',#8515,1.);
#1183=VECTOR('',#8518,1.);
#1184=VECTOR('',#8519,1.);
#1185=VECTOR('',#8520,1.);
#1186=VECTOR('',#8523,1.);
#1187=VECTOR('',#8524,1.);
#1188=VECTOR('',#8527,1.);
#1189=VECTOR('',#8528,1.);
#1190=VECTOR('',#8529,1.);
#1191=VECTOR('',#8532,1.);
#1192=VECTOR('',#8533,1.);
#1193=VECTOR('',#8538,1.);
#1194=VECTOR('',#8541,1.);
#1195=VECTOR('',#8546,1.);
#1196=VECTOR('',#8549,1.);
#1197=VECTOR('',#8554,1.);
#1198=VECTOR('',#8557,1.);
#1199=VECTOR('',#8560,1.);
#1200=VECTOR('',#8561,1.);
#1201=VECTOR('',#8562,1.);
#1202=VECTOR('',#8565,1.);
#1203=VECTOR('',#8566,1.);
#1204=VECTOR('',#8569,1.);
#1205=VECTOR('',#8570,1.);
#1206=VECTOR('',#8571,1.);
#1207=VECTOR('',#8574,1.);
#1208=VECTOR('',#8575,1.);
#1209=VECTOR('',#8578,1.);
#1210=VECTOR('',#8579,1.);
#1211=VECTOR('',#8580,1.);
#1212=VECTOR('',#8583,1.);
#1213=VECTOR('',#8584,1.);
#1214=VECTOR('',#8589,1.);
#1215=VECTOR('',#8592,1.);
#1216=VECTOR('',#8597,1.);
#1217=VECTOR('',#8600,1.);
#1218=VECTOR('',#8605,1.);
#1219=VECTOR('',#8608,1.);
#1220=VECTOR('',#8611,1.);
#1221=VECTOR('',#8612,1.);
#1222=VECTOR('',#8613,1.);
#1223=VECTOR('',#8616,1.);
#1224=VECTOR('',#8617,1.);
#1225=VECTOR('',#8620,1.);
#1226=VECTOR('',#8621,1.);
#1227=VECTOR('',#8622,1.);
#1228=VECTOR('',#8625,1.);
#1229=VECTOR('',#8626,1.);
#1230=VECTOR('',#8629,1.);
#1231=VECTOR('',#8630,1.);
#1232=VECTOR('',#8631,1.);
#1233=VECTOR('',#8634,1.);
#1234=VECTOR('',#8635,1.);
#1235=VECTOR('',#8640,1.);
#1236=VECTOR('',#8643,1.);
#1237=VECTOR('',#8648,1.);
#1238=VECTOR('',#8651,1.);
#1239=VECTOR('',#8656,1.);
#1240=VECTOR('',#8659,1.);
#1241=VECTOR('',#8662,1.);
#1242=VECTOR('',#8663,1.);
#1243=VECTOR('',#8664,1.);
#1244=VECTOR('',#8667,1.);
#1245=VECTOR('',#8668,1.);
#1246=VECTOR('',#8671,1.);
#1247=VECTOR('',#8672,1.);
#1248=VECTOR('',#8673,1.);
#1249=VECTOR('',#8676,1.);
#1250=VECTOR('',#8677,1.);
#1251=VECTOR('',#8680,1.);
#1252=VECTOR('',#8681,1.);
#1253=VECTOR('',#8682,1.);
#1254=VECTOR('',#8685,1.);
#1255=VECTOR('',#8686,1.);
#1256=VECTOR('',#8691,1.);
#1257=VECTOR('',#8694,1.);
#1258=VECTOR('',#8699,1.);
#1259=VECTOR('',#8702,1.);
#1260=VECTOR('',#8707,1.);
#1261=VECTOR('',#8710,1.);
#1262=VECTOR('',#8713,1.);
#1263=VECTOR('',#8714,1.);
#1264=VECTOR('',#8715,1.);
#1265=VECTOR('',#8718,1.);
#1266=VECTOR('',#8719,1.);
#1267=VECTOR('',#8722,1.);
#1268=VECTOR('',#8723,1.);
#1269=VECTOR('',#8724,1.);
#1270=VECTOR('',#8727,1.);
#1271=VECTOR('',#8728,1.);
#1272=VECTOR('',#8731,1.);
#1273=VECTOR('',#8732,1.);
#1274=VECTOR('',#8733,1.);
#1275=VECTOR('',#8736,1.);
#1276=VECTOR('',#8737,1.);
#1277=VECTOR('',#8742,1.);
#1278=VECTOR('',#8745,1.);
#1279=VECTOR('',#8750,1.);
#1280=VECTOR('',#8753,1.);
#1281=VECTOR('',#8758,1.);
#1282=VECTOR('',#8761,1.);
#1283=VECTOR('',#8764,1.);
#1284=VECTOR('',#8765,1.);
#1285=VECTOR('',#8766,1.);
#1286=VECTOR('',#8769,1.);
#1287=VECTOR('',#8770,1.);
#1288=VECTOR('',#8773,1.);
#1289=VECTOR('',#8774,1.);
#1290=VECTOR('',#8775,1.);
#1291=VECTOR('',#8778,1.);
#1292=VECTOR('',#8779,1.);
#1293=VECTOR('',#8782,1.);
#1294=VECTOR('',#8783,1.);
#1295=VECTOR('',#8784,1.);
#1296=VECTOR('',#8787,1.);
#1297=VECTOR('',#8788,1.);
#1298=VECTOR('',#8793,1.);
#1299=VECTOR('',#8796,1.);
#1300=VECTOR('',#8801,1.);
#1301=VECTOR('',#8804,1.);
#1302=VECTOR('',#8809,1.);
#1303=VECTOR('',#8812,1.);
#1304=VECTOR('',#8815,1.);
#1305=VECTOR('',#8816,1.);
#1306=VECTOR('',#8817,1.);
#1307=VECTOR('',#8820,1.);
#1308=VECTOR('',#8821,1.);
#1309=VECTOR('',#8824,1.);
#1310=VECTOR('',#8825,1.);
#1311=VECTOR('',#8826,1.);
#1312=VECTOR('',#8829,1.);
#1313=VECTOR('',#8830,1.);
#1314=VECTOR('',#8833,1.);
#1315=VECTOR('',#8834,1.);
#1316=VECTOR('',#8835,1.);
#1317=VECTOR('',#8838,1.);
#1318=VECTOR('',#8839,1.);
#1319=VECTOR('',#8844,1.);
#1320=VECTOR('',#8847,1.);
#1321=VECTOR('',#8852,1.);
#1322=VECTOR('',#8855,1.);
#1323=VECTOR('',#8860,1.);
#1324=VECTOR('',#8863,1.);
#1325=VECTOR('',#8866,1.);
#1326=VECTOR('',#8867,1.);
#1327=VECTOR('',#8868,1.);
#1328=VECTOR('',#8871,1.);
#1329=VECTOR('',#8872,1.);
#1330=VECTOR('',#8875,1.);
#1331=VECTOR('',#8876,1.);
#1332=VECTOR('',#8877,1.);
#1333=VECTOR('',#8880,1.);
#1334=VECTOR('',#8881,1.);
#1335=VECTOR('',#8884,1.);
#1336=VECTOR('',#8885,1.);
#1337=VECTOR('',#8886,1.);
#1338=VECTOR('',#8889,1.);
#1339=VECTOR('',#8890,1.);
#1340=VECTOR('',#8895,1.);
#1341=VECTOR('',#8898,1.);
#1342=VECTOR('',#8903,1.);
#1343=VECTOR('',#8906,1.);
#1344=VECTOR('',#8911,1.);
#1345=VECTOR('',#8914,1.);
#1346=VECTOR('',#8917,1.);
#1347=VECTOR('',#8918,1.);
#1348=VECTOR('',#8919,1.);
#1349=VECTOR('',#8922,1.);
#1350=VECTOR('',#8923,1.);
#1351=VECTOR('',#8926,1.);
#1352=VECTOR('',#8927,1.);
#1353=VECTOR('',#8928,1.);
#1354=VECTOR('',#8931,1.);
#1355=VECTOR('',#8932,1.);
#1356=VECTOR('',#8935,1.);
#1357=VECTOR('',#8936,1.);
#1358=VECTOR('',#8937,1.);
#1359=VECTOR('',#8940,1.);
#1360=VECTOR('',#8941,1.);
#1361=VECTOR('',#8946,1.);
#1362=VECTOR('',#8949,1.);
#1363=VECTOR('',#8954,1.);
#1364=VECTOR('',#8957,1.);
#1365=VECTOR('',#8962,1.);
#1366=VECTOR('',#8965,1.);
#1367=VECTOR('',#8968,1.);
#1368=VECTOR('',#8969,1.);
#1369=VECTOR('',#8970,1.);
#1370=VECTOR('',#8973,1.);
#1371=VECTOR('',#8974,1.);
#1372=VECTOR('',#8977,1.);
#1373=VECTOR('',#8978,1.);
#1374=VECTOR('',#8979,1.);
#1375=VECTOR('',#8982,1.);
#1376=VECTOR('',#8983,1.);
#1377=VECTOR('',#8986,1.);
#1378=VECTOR('',#8987,1.);
#1379=VECTOR('',#8988,1.);
#1380=VECTOR('',#8991,1.);
#1381=VECTOR('',#8992,1.);
#1382=VECTOR('',#8997,1.);
#1383=VECTOR('',#9000,1.);
#1384=VECTOR('',#9005,1.);
#1385=VECTOR('',#9008,1.);
#1386=VECTOR('',#9013,1.);
#1387=VECTOR('',#9016,1.);
#1388=VECTOR('',#9019,1.);
#1389=VECTOR('',#9020,1.);
#1390=VECTOR('',#9021,1.);
#1391=VECTOR('',#9024,1.);
#1392=VECTOR('',#9025,1.);
#1393=VECTOR('',#9028,1.);
#1394=VECTOR('',#9029,1.);
#1395=VECTOR('',#9030,1.);
#1396=VECTOR('',#9033,1.);
#1397=VECTOR('',#9034,1.);
#1398=VECTOR('',#9037,1.);
#1399=VECTOR('',#9038,1.);
#1400=VECTOR('',#9039,1.);
#1401=VECTOR('',#9042,1.);
#1402=VECTOR('',#9043,1.);
#1403=VECTOR('',#9048,1.);
#1404=VECTOR('',#9051,1.);
#1405=VECTOR('',#9056,1.);
#1406=VECTOR('',#9059,1.);
#1407=VECTOR('',#9064,1.);
#1408=VECTOR('',#9067,1.);
#1409=VECTOR('',#9070,1.);
#1410=VECTOR('',#9071,1.);
#1411=VECTOR('',#9072,1.);
#1412=VECTOR('',#9075,1.);
#1413=VECTOR('',#9076,1.);
#1414=VECTOR('',#9079,1.);
#1415=VECTOR('',#9080,1.);
#1416=VECTOR('',#9081,1.);
#1417=VECTOR('',#9084,1.);
#1418=VECTOR('',#9085,1.);
#1419=VECTOR('',#9088,1.);
#1420=VECTOR('',#9089,1.);
#1421=VECTOR('',#9090,1.);
#1422=VECTOR('',#9093,1.);
#1423=VECTOR('',#9094,1.);
#1424=VECTOR('',#9099,1.);
#1425=VECTOR('',#9102,1.);
#1426=VECTOR('',#9107,1.);
#1427=VECTOR('',#9110,1.);
#1428=VECTOR('',#9115,1.);
#1429=VECTOR('',#9118,1.);
#1430=VECTOR('',#9121,1.);
#1431=VECTOR('',#9122,1.);
#1432=VECTOR('',#9123,1.);
#1433=VECTOR('',#9126,1.);
#1434=VECTOR('',#9127,1.);
#1435=VECTOR('',#9130,1.);
#1436=VECTOR('',#9131,1.);
#1437=VECTOR('',#9132,1.);
#1438=VECTOR('',#9135,1.);
#1439=VECTOR('',#9136,1.);
#1440=VECTOR('',#9139,1.);
#1441=VECTOR('',#9140,1.);
#1442=VECTOR('',#9141,1.);
#1443=VECTOR('',#9144,1.);
#1444=VECTOR('',#9145,1.);
#1445=VECTOR('',#9148,1.);
#1446=VECTOR('',#9149,1.);
#1447=VECTOR('',#9150,1.);
#1448=VECTOR('',#9153,1.);
#1449=VECTOR('',#9156,1.);
#1450=VECTOR('',#9159,1.);
#1451=VECTOR('',#9162,1.);
#1452=VECTOR('',#9163,1.);
#1453=VECTOR('',#9164,1.);
#1454=VECTOR('',#9165,1.);
#1455=VECTOR('',#9168,1.);
#1456=VECTOR('',#9169,1.);
#1457=VECTOR('',#9172,1.);
#1458=VECTOR('',#9173,1.);
#1459=VECTOR('',#9176,1.);
#1460=VECTOR('',#9177,1.);
#1461=VECTOR('',#9180,1.);
#1462=VECTOR('',#9181,1.);
#1463=VECTOR('',#9184,1.);
#1464=VECTOR('',#9185,1.);
#1465=VECTOR('',#9188,1.);
#1466=VECTOR('',#9189,1.);
#1467=VECTOR('',#9192,1.);
#1468=VECTOR('',#9193,1.);
#1469=VECTOR('',#9196,1.);
#1470=VECTOR('',#9197,1.);
#1471=VECTOR('',#9200,1.);
#1472=VECTOR('',#9201,1.);
#1473=VECTOR('',#9204,1.);
#1474=VECTOR('',#9205,1.);
#1475=VECTOR('',#9208,1.);
#1476=VECTOR('',#9209,1.);
#1477=VECTOR('',#9212,1.);
#1478=VECTOR('',#9213,1.);
#1479=VECTOR('',#9216,1.);
#1480=VECTOR('',#9217,1.);
#1481=VECTOR('',#9220,1.);
#1482=VECTOR('',#9221,1.);
#1483=VECTOR('',#9224,1.);
#1484=VECTOR('',#9225,1.);
#1485=VECTOR('',#9228,1.);
#1486=VECTOR('',#9229,1.);
#1487=VECTOR('',#9232,1.);
#1488=VECTOR('',#9233,1.);
#1489=VECTOR('',#9236,1.);
#1490=VECTOR('',#9237,1.);
#1491=VECTOR('',#9240,1.);
#1492=VECTOR('',#9241,1.);
#1493=VECTOR('',#9244,1.);
#1494=VECTOR('',#9245,1.);
#1495=VECTOR('',#9248,1.);
#1496=VECTOR('',#9249,1.);
#1497=VECTOR('',#9252,1.);
#1498=VECTOR('',#9253,1.);
#1499=VECTOR('',#9256,1.);
#1500=VECTOR('',#9257,1.);
#1501=VECTOR('',#9260,1.);
#1502=VECTOR('',#9261,1.);
#1503=VECTOR('',#9264,1.);
#1504=VECTOR('',#9265,1.);
#1505=VECTOR('',#9268,1.);
#1506=VECTOR('',#9269,1.);
#1507=VECTOR('',#9272,1.);
#1508=VECTOR('',#9273,1.);
#1509=VECTOR('',#9276,1.);
#1510=VECTOR('',#9277,1.);
#1511=VECTOR('',#9280,1.);
#1512=VECTOR('',#9281,1.);
#1513=VECTOR('',#9284,1.);
#1514=VECTOR('',#9285,1.);
#1515=VECTOR('',#9288,1.);
#1516=VECTOR('',#9289,1.);
#1517=VECTOR('',#9292,1.);
#1518=VECTOR('',#9293,1.);
#1519=VECTOR('',#9296,1.);
#1520=VECTOR('',#9297,1.);
#1521=VECTOR('',#9300,1.);
#1522=VECTOR('',#9301,1.);
#1523=VECTOR('',#9304,1.);
#1524=VECTOR('',#9305,1.);
#1525=VECTOR('',#9308,1.);
#1526=VECTOR('',#9309,1.);
#1527=VECTOR('',#9312,1.);
#1528=VECTOR('',#9313,1.);
#1529=VECTOR('',#9316,1.);
#1530=VECTOR('',#9317,1.);
#1531=VECTOR('',#9320,1.);
#1532=VECTOR('',#9321,1.);
#1533=VECTOR('',#9324,1.);
#1534=VECTOR('',#9325,1.);
#1535=VECTOR('',#9328,1.);
#1536=VECTOR('',#9329,1.);
#1537=VECTOR('',#9332,1.);
#1538=VECTOR('',#9333,1.);
#1539=VECTOR('',#9336,1.);
#1540=VECTOR('',#9337,1.);
#1541=VECTOR('',#9340,1.);
#1542=VECTOR('',#9341,1.);
#1543=VECTOR('',#9344,1.);
#1544=VECTOR('',#9345,1.);
#1545=VECTOR('',#9348,1.);
#1546=VECTOR('',#9349,1.);
#1547=VECTOR('',#9352,1.);
#1548=VECTOR('',#9353,1.);
#1549=VECTOR('',#9356,1.);
#1550=VECTOR('',#9357,1.);
#1551=VECTOR('',#9360,1.);
#1552=VECTOR('',#9361,1.);
#1553=VECTOR('',#9364,1.);
#1554=VECTOR('',#9365,1.);
#1555=VECTOR('',#9368,1.);
#1556=VECTOR('',#9369,1.);
#1557=VECTOR('',#9372,1.);
#1558=VECTOR('',#9373,1.);
#1559=VECTOR('',#9376,1.);
#1560=VECTOR('',#9377,1.);
#1561=VECTOR('',#9380,1.);
#1562=VECTOR('',#9381,1.);
#1563=VECTOR('',#9384,1.);
#1564=VECTOR('',#9385,1.);
#1565=VECTOR('',#9388,1.);
#1566=VECTOR('',#9389,1.);
#1567=VECTOR('',#9392,1.);
#1568=VECTOR('',#9393,1.);
#1569=VECTOR('',#9396,1.);
#1570=VECTOR('',#9397,1.);
#1571=VECTOR('',#9400,1.);
#1572=VECTOR('',#9401,1.);
#1573=VECTOR('',#9404,1.);
#1574=VECTOR('',#9405,1.);
#1575=VECTOR('',#9408,1.);
#1576=VECTOR('',#9409,1.);
#1577=VECTOR('',#9412,1.);
#1578=VECTOR('',#9413,1.);
#1579=VECTOR('',#9416,1.);
#1580=VECTOR('',#9417,1.);
#1581=VECTOR('',#9420,1.);
#1582=VECTOR('',#9421,1.);
#1583=VECTOR('',#9424,1.);
#1584=VECTOR('',#9425,1.);
#1585=VECTOR('',#9428,1.);
#1586=VECTOR('',#9429,1.);
#1587=VECTOR('',#9432,1.);
#1588=VECTOR('',#9433,1.);
#1589=VECTOR('',#9436,1.);
#1590=VECTOR('',#9437,1.);
#1591=VECTOR('',#9440,1.);
#1592=VECTOR('',#9441,1.);
#1593=VECTOR('',#9444,1.);
#1594=VECTOR('',#9445,1.);
#1595=VECTOR('',#9448,1.);
#1596=VECTOR('',#9449,1.);
#1597=VECTOR('',#9452,1.);
#1598=VECTOR('',#9455,1.);
#1599=VECTOR('',#9456,1.);
#1600=VECTOR('',#9459,1.);
#1601=VECTOR('',#9460,1.);
#1602=VECTOR('',#9463,1.);
#1603=VECTOR('',#9466,1.);
#1604=VECTOR('',#9467,1.);
#1605=VECTOR('',#9470,1.);
#1606=VECTOR('',#9471,1.);
#1607=VECTOR('',#9474,1.);
#1608=VECTOR('',#9475,1.);
#1609=VECTOR('',#9478,1.);
#1610=VECTOR('',#9479,1.);
#1611=VECTOR('',#9482,1.);
#1612=VECTOR('',#9483,1.);
#1613=VECTOR('',#9486,1.);
#1614=VECTOR('',#9487,1.);
#1615=VECTOR('',#9490,1.);
#1616=VECTOR('',#9491,1.);
#1617=VECTOR('',#9494,1.);
#1618=VECTOR('',#9495,1.);
#1619=VECTOR('',#9498,1.);
#1620=VECTOR('',#9499,1.);
#1621=VECTOR('',#9502,1.);
#1622=VECTOR('',#9503,1.);
#1623=VECTOR('',#9506,1.);
#1624=VECTOR('',#9507,1.);
#1625=VECTOR('',#9510,1.);
#1626=VECTOR('',#9511,1.);
#1627=VECTOR('',#9514,1.);
#1628=VECTOR('',#9515,1.);
#1629=VECTOR('',#9518,1.);
#1630=VECTOR('',#9519,1.);
#1631=VECTOR('',#9522,1.);
#1632=VECTOR('',#9523,1.);
#1633=VECTOR('',#9526,1.);
#1634=VECTOR('',#9527,1.);
#1635=VECTOR('',#9530,1.);
#1636=VECTOR('',#9531,1.);
#1637=VECTOR('',#9534,1.);
#1638=VECTOR('',#9535,1.);
#1639=VECTOR('',#9538,1.);
#1640=VECTOR('',#9539,1.);
#1641=VECTOR('',#9542,1.);
#1642=VECTOR('',#9543,1.);
#1643=VECTOR('',#9546,1.);
#1644=VECTOR('',#9547,1.);
#1645=VECTOR('',#9550,1.);
#1646=VECTOR('',#9551,1.);
#1647=VECTOR('',#9554,1.);
#1648=VECTOR('',#9555,1.);
#1649=VECTOR('',#9558,1.);
#1650=VECTOR('',#9559,1.);
#1651=VECTOR('',#9562,1.);
#1652=VECTOR('',#9563,1.);
#1653=VECTOR('',#9566,1.);
#1654=VECTOR('',#9567,1.);
#1655=VECTOR('',#9570,1.);
#1656=VECTOR('',#9571,1.);
#1657=VECTOR('',#9574,1.);
#1658=VECTOR('',#9575,1.);
#1659=VECTOR('',#9578,1.);
#1660=VECTOR('',#9579,1.);
#1661=VECTOR('',#9582,1.);
#1662=VECTOR('',#9583,1.);
#1663=VECTOR('',#9586,1.);
#1664=VECTOR('',#9587,1.);
#1665=VECTOR('',#9590,1.);
#1666=VECTOR('',#9591,1.);
#1667=VECTOR('',#9594,1.);
#1668=VECTOR('',#9595,1.);
#1669=VECTOR('',#9598,1.);
#1670=VECTOR('',#9599,1.);
#1671=VECTOR('',#9602,1.);
#1672=VECTOR('',#9603,1.);
#1673=VECTOR('',#9606,1.);
#1674=VECTOR('',#9607,1.);
#1675=VECTOR('',#9610,1.);
#1676=VECTOR('',#9611,1.);
#1677=VECTOR('',#9614,1.);
#1678=VECTOR('',#9615,1.);
#1679=VECTOR('',#9618,1.);
#1680=VECTOR('',#9619,1.);
#1681=VECTOR('',#9622,1.);
#1682=VECTOR('',#9623,1.);
#1683=VECTOR('',#9626,1.);
#1684=VECTOR('',#9627,1.);
#1685=VECTOR('',#9630,1.);
#1686=VECTOR('',#9631,1.);
#1687=VECTOR('',#9634,1.);
#1688=VECTOR('',#9635,1.);
#1689=VECTOR('',#9638,1.);
#1690=VECTOR('',#9639,1.);
#1691=VECTOR('',#9642,1.);
#1692=VECTOR('',#9643,1.);
#1693=VECTOR('',#9646,1.);
#1694=VECTOR('',#9647,1.);
#1695=VECTOR('',#9650,1.);
#1696=VECTOR('',#9651,1.);
#1697=VECTOR('',#9654,1.);
#1698=VECTOR('',#9655,1.);
#1699=VECTOR('',#9658,1.);
#1700=VECTOR('',#9659,1.);
#1701=VECTOR('',#9662,1.);
#1702=VECTOR('',#9663,1.);
#1703=VECTOR('',#9666,1.);
#1704=VECTOR('',#9667,1.);
#1705=VECTOR('',#9670,1.);
#1706=VECTOR('',#9671,1.);
#1707=VECTOR('',#9674,1.);
#1708=VECTOR('',#9675,1.);
#1709=VECTOR('',#9678,1.);
#1710=VECTOR('',#9679,1.);
#1711=VECTOR('',#9682,1.);
#1712=VECTOR('',#9683,1.);
#1713=VECTOR('',#9686,1.);
#1714=VECTOR('',#9687,1.);
#1715=VECTOR('',#9690,1.);
#1716=VECTOR('',#9691,1.);
#1717=VECTOR('',#9694,1.);
#1718=VECTOR('',#9695,1.);
#1719=VECTOR('',#9698,1.);
#1720=VECTOR('',#9699,1.);
#1721=VECTOR('',#9702,1.);
#1722=VECTOR('',#9703,1.);
#1723=VECTOR('',#9706,1.);
#1724=VECTOR('',#9707,1.);
#1725=VECTOR('',#9710,1.);
#1726=VECTOR('',#9711,1.);
#1727=VECTOR('',#9714,1.);
#1728=VECTOR('',#9715,1.);
#1729=VECTOR('',#9718,1.);
#1730=VECTOR('',#9719,1.);
#1731=VECTOR('',#9722,1.);
#1732=VECTOR('',#9723,1.);
#1733=VECTOR('',#9726,1.);
#1734=VECTOR('',#9727,1.);
#1735=VECTOR('',#9730,1.);
#1736=VECTOR('',#9731,1.);
#1737=VECTOR('',#9734,1.);
#1738=VECTOR('',#9735,1.);
#1739=VECTOR('',#9738,1.);
#1740=VECTOR('',#9739,1.);
#1741=VECTOR('',#9742,1.);
#1742=VECTOR('',#9743,1.);
#1743=VECTOR('',#9746,1.);
#1744=VECTOR('',#9747,1.);
#1745=VECTOR('',#9750,1.);
#1746=VECTOR('',#9751,1.);
#1747=VECTOR('',#9754,1.);
#1748=VECTOR('',#9755,1.);
#1749=VECTOR('',#9756,1.);
#1750=VECTOR('',#9757,1.);
#1751=VECTOR('',#9760,1.);
#1752=VECTOR('',#9763,1.);
#1753=VECTOR('',#9766,1.);
#1754=VECTOR('',#9769,1.);
#1755=VECTOR('',#9772,1.);
#1756=VECTOR('',#9773,1.);
#1757=VECTOR('',#9776,1.);
#1758=VECTOR('',#9777,1.);
#1759=VECTOR('',#9780,1.);
#1760=VECTOR('',#9781,1.);
#1761=VECTOR('',#9784,1.);
#1762=VECTOR('',#9785,1.);
#1763=VECTOR('',#9788,1.);
#1764=VECTOR('',#9789,1.);
#1765=VECTOR('',#9792,1.);
#1766=VECTOR('',#9793,1.);
#1767=VECTOR('',#9796,1.);
#1768=VECTOR('',#9801,1.);
#1769=VECTOR('',#9806,1.);
#1770=VECTOR('',#9811,1.);
#1771=VECTOR('',#9812,1.);
#1772=VECTOR('',#9815,1.);
#1773=VECTOR('',#9816,1.);
#1774=VECTOR('',#9819,1.);
#1775=VECTOR('',#9820,1.);
#1776=VECTOR('',#9823,1.);
#1777=VECTOR('',#9828,1.);
#1778=VECTOR('',#9833,1.);
#1779=VECTOR('',#9838,1.);
#1780=VECTOR('',#9839,1.);
#1781=VECTOR('',#9842,1.);
#1782=VECTOR('',#9843,1.);
#1783=VECTOR('',#9846,1.);
#1784=VECTOR('',#9847,1.);
#1785=VECTOR('',#9850,1.);
#1786=VECTOR('',#9855,1.);
#1787=VECTOR('',#9860,1.);
#1788=VECTOR('',#9865,1.);
#1789=VECTOR('',#9866,1.);
#1790=VECTOR('',#9869,1.);
#1791=VECTOR('',#9870,1.);
#1792=VECTOR('',#9873,1.);
#1793=VECTOR('',#9874,1.);
#1794=VECTOR('',#9877,1.);
#1795=VECTOR('',#9882,1.);
#1796=VECTOR('',#9887,1.);
#1797=VECTOR('',#9892,1.);
#1798=VECTOR('',#9893,1.);
#1799=VECTOR('',#9896,1.);
#1800=VECTOR('',#9897,1.);
#1801=VECTOR('',#9900,1.);
#1802=VECTOR('',#9901,1.);
#1803=VECTOR('',#9904,1.);
#1804=VECTOR('',#9909,1.);
#1805=VECTOR('',#9914,1.);
#1806=VECTOR('',#9919,1.);
#1807=VECTOR('',#9920,1.);
#1808=VECTOR('',#9923,1.);
#1809=VECTOR('',#9924,1.);
#1810=VECTOR('',#9927,1.);
#1811=VECTOR('',#9928,1.);
#1812=VECTOR('',#9931,1.);
#1813=VECTOR('',#9936,1.);
#1814=VECTOR('',#9941,1.);
#1815=VECTOR('',#9946,1.);
#1816=VECTOR('',#9947,1.);
#1817=VECTOR('',#9950,1.);
#1818=VECTOR('',#9951,1.);
#1819=VECTOR('',#9954,1.);
#1820=VECTOR('',#9955,1.);
#1821=VECTOR('',#9958,1.);
#1822=VECTOR('',#9963,1.);
#1823=VECTOR('',#9968,1.);
#1824=VECTOR('',#9973,1.);
#1825=VECTOR('',#9974,1.);
#1826=VECTOR('',#9977,1.);
#1827=VECTOR('',#9978,1.);
#1828=VECTOR('',#9981,1.);
#1829=VECTOR('',#9982,1.);
#1830=VECTOR('',#9985,1.);
#1831=VECTOR('',#9990,1.);
#1832=VECTOR('',#9995,1.);
#1833=VECTOR('',#10000,1.);
#1834=VECTOR('',#10001,1.);
#1835=VECTOR('',#10004,1.);
#1836=VECTOR('',#10005,1.);
#1837=VECTOR('',#10008,1.);
#1838=VECTOR('',#10009,1.);
#1839=VECTOR('',#10012,1.);
#1840=VECTOR('',#10017,1.);
#1841=VECTOR('',#10022,1.);
#1842=VECTOR('',#10027,1.);
#1843=VECTOR('',#10028,1.);
#1844=VECTOR('',#10031,1.);
#1845=VECTOR('',#10032,1.);
#1846=VECTOR('',#10035,1.);
#1847=VECTOR('',#10036,1.);
#1848=VECTOR('',#10039,1.);
#1849=VECTOR('',#10044,1.);
#1850=VECTOR('',#10049,1.);
#1851=VECTOR('',#10054,1.);
#1852=VECTOR('',#10055,1.);
#1853=VECTOR('',#10058,1.);
#1854=VECTOR('',#10059,1.);
#1855=VECTOR('',#10062,1.);
#1856=VECTOR('',#10063,1.);
#1857=VECTOR('',#10066,1.);
#1858=VECTOR('',#10071,1.);
#1859=VECTOR('',#10076,1.);
#1860=VECTOR('',#10081,1.);
#1861=VECTOR('',#10082,1.);
#1862=VECTOR('',#10085,1.);
#1863=VECTOR('',#10086,1.);
#1864=VECTOR('',#10089,1.);
#1865=VECTOR('',#10090,1.);
#1866=VECTOR('',#10093,1.);
#1867=VECTOR('',#10098,1.);
#1868=VECTOR('',#10103,1.);
#1869=VECTOR('',#10108,1.);
#1870=VECTOR('',#10109,1.);
#1871=VECTOR('',#10112,1.);
#1872=VECTOR('',#10113,1.);
#1873=VECTOR('',#10116,1.);
#1874=VECTOR('',#10117,1.);
#1875=VECTOR('',#10120,1.);
#1876=VECTOR('',#10125,1.);
#1877=VECTOR('',#10130,1.);
#1878=VECTOR('',#10135,1.);
#1879=VECTOR('',#10136,1.);
#1880=VECTOR('',#10139,1.);
#1881=VECTOR('',#10140,1.);
#1882=VECTOR('',#10143,1.);
#1883=VECTOR('',#10144,1.);
#1884=VECTOR('',#10147,1.);
#1885=VECTOR('',#10152,1.);
#1886=VECTOR('',#10157,1.);
#1887=VECTOR('',#10162,1.);
#1888=VECTOR('',#10163,1.);
#1889=VECTOR('',#10166,1.);
#1890=VECTOR('',#10167,1.);
#1891=VECTOR('',#10170,1.);
#1892=VECTOR('',#10171,1.);
#1893=VECTOR('',#10174,1.);
#1894=VECTOR('',#10179,1.);
#1895=VECTOR('',#10184,1.);
#1896=VECTOR('',#10189,1.);
#1897=VECTOR('',#10190,1.);
#1898=VECTOR('',#10193,1.);
#1899=VECTOR('',#10194,1.);
#1900=VECTOR('',#10197,1.);
#1901=VECTOR('',#10198,1.);
#1902=VECTOR('',#10201,1.);
#1903=VECTOR('',#10206,1.);
#1904=VECTOR('',#10211,1.);
#1905=VECTOR('',#10216,1.);
#1906=VECTOR('',#10217,1.);
#1907=VECTOR('',#10220,1.);
#1908=VECTOR('',#10221,1.);
#1909=VECTOR('',#10224,1.);
#1910=VECTOR('',#10225,1.);
#1911=VECTOR('',#10228,1.);
#1912=VECTOR('',#10233,1.);
#1913=VECTOR('',#10238,1.);
#1914=VECTOR('',#10243,1.);
#1915=VECTOR('',#10244,1.);
#1916=VECTOR('',#10247,1.);
#1917=VECTOR('',#10248,1.);
#1918=VECTOR('',#10251,1.);
#1919=VECTOR('',#10252,1.);
#1920=VECTOR('',#10255,1.);
#1921=VECTOR('',#10260,1.);
#1922=VECTOR('',#10265,1.);
#1923=VECTOR('',#10270,1.);
#1924=VECTOR('',#10271,1.);
#1925=VECTOR('',#10274,1.);
#1926=VECTOR('',#10275,1.);
#1927=VECTOR('',#10278,1.);
#1928=VECTOR('',#10279,1.);
#1929=VECTOR('',#10282,1.);
#1930=VECTOR('',#10287,1.);
#1931=VECTOR('',#10292,1.);
#1932=VECTOR('',#10297,1.);
#1933=VECTOR('',#10298,1.);
#1934=VECTOR('',#10301,1.);
#1935=VECTOR('',#10302,1.);
#1936=VECTOR('',#10305,1.);
#1937=VECTOR('',#10306,1.);
#1938=VECTOR('',#10309,1.);
#1939=VECTOR('',#10314,1.);
#1940=VECTOR('',#10319,1.);
#1941=VECTOR('',#10324,1.);
#1942=VECTOR('',#10325,1.);
#1943=VECTOR('',#10328,1.);
#1944=VECTOR('',#10329,1.);
#1945=VECTOR('',#10332,1.);
#1946=VECTOR('',#10333,1.);
#1947=VECTOR('',#10336,1.);
#1948=VECTOR('',#10341,1.);
#1949=VECTOR('',#10346,1.);
#1950=VECTOR('',#10351,1.);
#1951=VECTOR('',#10352,1.);
#1952=VECTOR('',#10355,1.);
#1953=VECTOR('',#10356,1.);
#1954=VECTOR('',#10359,1.);
#1955=VECTOR('',#10360,1.);
#1956=VECTOR('',#10363,1.);
#1957=VECTOR('',#10368,1.);
#1958=VECTOR('',#10373,1.);
#1959=VECTOR('',#10378,1.);
#1960=VECTOR('',#10379,1.);
#1961=VECTOR('',#10382,1.);
#1962=VECTOR('',#10383,1.);
#1963=VECTOR('',#10386,1.);
#1964=VECTOR('',#10387,1.);
#1965=VECTOR('',#10390,1.);
#1966=VECTOR('',#10395,1.);
#1967=VECTOR('',#10400,1.);
#1968=VECTOR('',#10405,1.);
#1969=VECTOR('',#10406,1.);
#1970=VECTOR('',#10409,1.);
#1971=VECTOR('',#10410,1.);
#1972=VECTOR('',#10413,1.);
#1973=VECTOR('',#10414,1.);
#1974=VECTOR('',#10417,1.);
#1975=VECTOR('',#10418,1.);
#1976=VECTOR('',#10421,1.);
#1977=VECTOR('',#10422,1.);
#1978=VECTOR('',#10433,1.);
#1979=VECTOR('',#10436,1.);
#1980=VECTOR('',#10441,1.);
#1981=VECTOR('',#10442,1.);
#1982=VECTOR('',#10445,1.);
#1983=VECTOR('',#10448,1.);
#1984=VECTOR('',#10451,1.);
#1985=VECTOR('',#10454,1.);
#1986=VECTOR('',#10457,1.);
#1987=VECTOR('',#10460,1.);
#1988=VECTOR('',#10463,1.);
#1989=VECTOR('',#10468,1.);
#1990=VECTOR('',#10469,1.);
#1991=VECTOR('',#10472,1.);
#1992=VECTOR('',#10475,1.);
#1993=VECTOR('',#10478,1.);
#1994=VECTOR('',#10481,1.);
#1995=VECTOR('',#10484,1.);
#1996=VECTOR('',#10487,1.);
#1997=VECTOR('',#10490,1.);
#1998=ORIENTED_EDGE('',*,*,#4230,.T.);
#1999=ORIENTED_EDGE('',*,*,#4231,.T.);
#2000=ORIENTED_EDGE('',*,*,#4232,.F.);
#2001=ORIENTED_EDGE('',*,*,#4233,.F.);
#2002=ORIENTED_EDGE('',*,*,#4234,.T.);
#2003=ORIENTED_EDGE('',*,*,#4235,.T.);
#2004=ORIENTED_EDGE('',*,*,#4236,.F.);
#2005=ORIENTED_EDGE('',*,*,#4237,.F.);
#2006=ORIENTED_EDGE('',*,*,#4238,.T.);
#2007=ORIENTED_EDGE('',*,*,#4239,.T.);
#2008=ORIENTED_EDGE('',*,*,#4240,.F.);
#2009=ORIENTED_EDGE('',*,*,#4241,.F.);
#2010=ORIENTED_EDGE('',*,*,#4242,.T.);
#2011=ORIENTED_EDGE('',*,*,#4233,.T.);
#2012=ORIENTED_EDGE('',*,*,#4243,.F.);
#2013=ORIENTED_EDGE('',*,*,#4244,.F.);
#2014=ORIENTED_EDGE('',*,*,#4245,.T.);
#2015=ORIENTED_EDGE('',*,*,#4244,.T.);
#2016=ORIENTED_EDGE('',*,*,#4246,.F.);
#2017=ORIENTED_EDGE('',*,*,#4235,.F.);
#2018=ORIENTED_EDGE('',*,*,#4247,.T.);
#2019=ORIENTED_EDGE('',*,*,#4241,.T.);
#2020=ORIENTED_EDGE('',*,*,#4248,.F.);
#2021=ORIENTED_EDGE('',*,*,#4249,.F.);
#2022=ORIENTED_EDGE('',*,*,#4249,.T.);
#2023=ORIENTED_EDGE('',*,*,#4250,.T.);
#2024=ORIENTED_EDGE('',*,*,#4231,.F.);
#2025=ORIENTED_EDGE('',*,*,#4251,.F.);
#2026=ORIENTED_EDGE('',*,*,#4252,.T.);
#2027=ORIENTED_EDGE('',*,*,#4253,.T.);
#2028=ORIENTED_EDGE('',*,*,#4239,.F.);
#2029=ORIENTED_EDGE('',*,*,#4254,.F.);
#2030=ORIENTED_EDGE('',*,*,#4237,.T.);
#2031=ORIENTED_EDGE('',*,*,#4255,.T.);
#2032=ORIENTED_EDGE('',*,*,#4252,.F.);
#2033=ORIENTED_EDGE('',*,*,#4256,.F.);
#2034=ORIENTED_EDGE('',*,*,#4257,.T.);
#2035=ORIENTED_EDGE('',*,*,#4258,.T.);
#2036=ORIENTED_EDGE('',*,*,#4259,.F.);
#2037=ORIENTED_EDGE('',*,*,#4260,.F.);
#2038=ORIENTED_EDGE('',*,*,#4261,.T.);
#2039=ORIENTED_EDGE('',*,*,#4262,.T.);
#2040=ORIENTED_EDGE('',*,*,#4263,.F.);
#2041=ORIENTED_EDGE('',*,*,#4264,.F.);
#2042=ORIENTED_EDGE('',*,*,#4265,.T.);
#2043=ORIENTED_EDGE('',*,*,#4266,.T.);
#2044=ORIENTED_EDGE('',*,*,#4267,.F.);
#2045=ORIENTED_EDGE('',*,*,#4268,.F.);
#2046=ORIENTED_EDGE('',*,*,#4269,.T.);
#2047=ORIENTED_EDGE('',*,*,#4260,.T.);
#2048=ORIENTED_EDGE('',*,*,#4270,.F.);
#2049=ORIENTED_EDGE('',*,*,#4271,.F.);
#2050=ORIENTED_EDGE('',*,*,#4272,.T.);
#2051=ORIENTED_EDGE('',*,*,#4271,.T.);
#2052=ORIENTED_EDGE('',*,*,#4273,.F.);
#2053=ORIENTED_EDGE('',*,*,#4262,.F.);
#2054=ORIENTED_EDGE('',*,*,#4274,.T.);
#2055=ORIENTED_EDGE('',*,*,#4268,.T.);
#2056=ORIENTED_EDGE('',*,*,#4275,.F.);
#2057=ORIENTED_EDGE('',*,*,#4276,.F.);
#2058=ORIENTED_EDGE('',*,*,#4276,.T.);
#2059=ORIENTED_EDGE('',*,*,#4277,.T.);
#2060=ORIENTED_EDGE('',*,*,#4258,.F.);
#2061=ORIENTED_EDGE('',*,*,#4278,.F.);
#2062=ORIENTED_EDGE('',*,*,#4279,.T.);
#2063=ORIENTED_EDGE('',*,*,#4280,.T.);
#2064=ORIENTED_EDGE('',*,*,#4266,.F.);
#2065=ORIENTED_EDGE('',*,*,#4281,.F.);
#2066=ORIENTED_EDGE('',*,*,#4264,.T.);
#2067=ORIENTED_EDGE('',*,*,#4282,.T.);
#2068=ORIENTED_EDGE('',*,*,#4279,.F.);
#2069=ORIENTED_EDGE('',*,*,#4283,.F.);
#2070=ORIENTED_EDGE('',*,*,#4284,.T.);
#2071=ORIENTED_EDGE('',*,*,#4285,.T.);
#2072=ORIENTED_EDGE('',*,*,#4286,.F.);
#2073=ORIENTED_EDGE('',*,*,#4287,.F.);
#2074=ORIENTED_EDGE('',*,*,#4288,.T.);
#2075=ORIENTED_EDGE('',*,*,#4289,.T.);
#2076=ORIENTED_EDGE('',*,*,#4290,.F.);
#2077=ORIENTED_EDGE('',*,*,#4291,.F.);
#2078=ORIENTED_EDGE('',*,*,#4292,.T.);
#2079=ORIENTED_EDGE('',*,*,#4293,.T.);
#2080=ORIENTED_EDGE('',*,*,#4294,.F.);
#2081=ORIENTED_EDGE('',*,*,#4295,.F.);
#2082=ORIENTED_EDGE('',*,*,#4296,.T.);
#2083=ORIENTED_EDGE('',*,*,#4287,.T.);
#2084=ORIENTED_EDGE('',*,*,#4297,.F.);
#2085=ORIENTED_EDGE('',*,*,#4298,.F.);
#2086=ORIENTED_EDGE('',*,*,#4299,.T.);
#2087=ORIENTED_EDGE('',*,*,#4298,.T.);
#2088=ORIENTED_EDGE('',*,*,#4300,.F.);
#2089=ORIENTED_EDGE('',*,*,#4289,.F.);
#2090=ORIENTED_EDGE('',*,*,#4301,.T.);
#2091=ORIENTED_EDGE('',*,*,#4295,.T.);
#2092=ORIENTED_EDGE('',*,*,#4302,.F.);
#2093=ORIENTED_EDGE('',*,*,#4303,.F.);
#2094=ORIENTED_EDGE('',*,*,#4303,.T.);
#2095=ORIENTED_EDGE('',*,*,#4304,.T.);
#2096=ORIENTED_EDGE('',*,*,#4285,.F.);
#2097=ORIENTED_EDGE('',*,*,#4305,.F.);
#2098=ORIENTED_EDGE('',*,*,#4306,.T.);
#2099=ORIENTED_EDGE('',*,*,#4307,.T.);
#2100=ORIENTED_EDGE('',*,*,#4293,.F.);
#2101=ORIENTED_EDGE('',*,*,#4308,.F.);
#2102=ORIENTED_EDGE('',*,*,#4291,.T.);
#2103=ORIENTED_EDGE('',*,*,#4309,.T.);
#2104=ORIENTED_EDGE('',*,*,#4306,.F.);
#2105=ORIENTED_EDGE('',*,*,#4310,.F.);
#2106=ORIENTED_EDGE('',*,*,#4311,.T.);
#2107=ORIENTED_EDGE('',*,*,#4312,.T.);
#2108=ORIENTED_EDGE('',*,*,#4313,.F.);
#2109=ORIENTED_EDGE('',*,*,#4314,.F.);
#2110=ORIENTED_EDGE('',*,*,#4315,.T.);
#2111=ORIENTED_EDGE('',*,*,#4316,.T.);
#2112=ORIENTED_EDGE('',*,*,#4317,.F.);
#2113=ORIENTED_EDGE('',*,*,#4318,.F.);
#2114=ORIENTED_EDGE('',*,*,#4319,.T.);
#2115=ORIENTED_EDGE('',*,*,#4320,.T.);
#2116=ORIENTED_EDGE('',*,*,#4321,.F.);
#2117=ORIENTED_EDGE('',*,*,#4322,.F.);
#2118=ORIENTED_EDGE('',*,*,#4323,.T.);
#2119=ORIENTED_EDGE('',*,*,#4314,.T.);
#2120=ORIENTED_EDGE('',*,*,#4324,.F.);
#2121=ORIENTED_EDGE('',*,*,#4325,.F.);
#2122=ORIENTED_EDGE('',*,*,#4326,.T.);
#2123=ORIENTED_EDGE('',*,*,#4325,.T.);
#2124=ORIENTED_EDGE('',*,*,#4327,.F.);
#2125=ORIENTED_EDGE('',*,*,#4316,.F.);
#2126=ORIENTED_EDGE('',*,*,#4328,.T.);
#2127=ORIENTED_EDGE('',*,*,#4322,.T.);
#2128=ORIENTED_EDGE('',*,*,#4329,.F.);
#2129=ORIENTED_EDGE('',*,*,#4330,.F.);
#2130=ORIENTED_EDGE('',*,*,#4330,.T.);
#2131=ORIENTED_EDGE('',*,*,#4331,.T.);
#2132=ORIENTED_EDGE('',*,*,#4312,.F.);
#2133=ORIENTED_EDGE('',*,*,#4332,.F.);
#2134=ORIENTED_EDGE('',*,*,#4333,.T.);
#2135=ORIENTED_EDGE('',*,*,#4334,.T.);
#2136=ORIENTED_EDGE('',*,*,#4320,.F.);
#2137=ORIENTED_EDGE('',*,*,#4335,.F.);
#2138=ORIENTED_EDGE('',*,*,#4318,.T.);
#2139=ORIENTED_EDGE('',*,*,#4336,.T.);
#2140=ORIENTED_EDGE('',*,*,#4333,.F.);
#2141=ORIENTED_EDGE('',*,*,#4337,.F.);
#2142=ORIENTED_EDGE('',*,*,#4338,.T.);
#2143=ORIENTED_EDGE('',*,*,#4339,.T.);
#2144=ORIENTED_EDGE('',*,*,#4340,.F.);
#2145=ORIENTED_EDGE('',*,*,#4341,.F.);
#2146=ORIENTED_EDGE('',*,*,#4342,.T.);
#2147=ORIENTED_EDGE('',*,*,#4343,.T.);
#2148=ORIENTED_EDGE('',*,*,#4344,.F.);
#2149=ORIENTED_EDGE('',*,*,#4345,.F.);
#2150=ORIENTED_EDGE('',*,*,#4346,.T.);
#2151=ORIENTED_EDGE('',*,*,#4347,.T.);
#2152=ORIENTED_EDGE('',*,*,#4348,.F.);
#2153=ORIENTED_EDGE('',*,*,#4349,.F.);
#2154=ORIENTED_EDGE('',*,*,#4350,.T.);
#2155=ORIENTED_EDGE('',*,*,#4341,.T.);
#2156=ORIENTED_EDGE('',*,*,#4351,.F.);
#2157=ORIENTED_EDGE('',*,*,#4352,.F.);
#2158=ORIENTED_EDGE('',*,*,#4353,.T.);
#2159=ORIENTED_EDGE('',*,*,#4352,.T.);
#2160=ORIENTED_EDGE('',*,*,#4354,.F.);
#2161=ORIENTED_EDGE('',*,*,#4343,.F.);
#2162=ORIENTED_EDGE('',*,*,#4355,.T.);
#2163=ORIENTED_EDGE('',*,*,#4349,.T.);
#2164=ORIENTED_EDGE('',*,*,#4356,.F.);
#2165=ORIENTED_EDGE('',*,*,#4357,.F.);
#2166=ORIENTED_EDGE('',*,*,#4357,.T.);
#2167=ORIENTED_EDGE('',*,*,#4358,.T.);
#2168=ORIENTED_EDGE('',*,*,#4339,.F.);
#2169=ORIENTED_EDGE('',*,*,#4359,.F.);
#2170=ORIENTED_EDGE('',*,*,#4360,.T.);
#2171=ORIENTED_EDGE('',*,*,#4361,.T.);
#2172=ORIENTED_EDGE('',*,*,#4347,.F.);
#2173=ORIENTED_EDGE('',*,*,#4362,.F.);
#2174=ORIENTED_EDGE('',*,*,#4345,.T.);
#2175=ORIENTED_EDGE('',*,*,#4363,.T.);
#2176=ORIENTED_EDGE('',*,*,#4360,.F.);
#2177=ORIENTED_EDGE('',*,*,#4364,.F.);
#2178=ORIENTED_EDGE('',*,*,#4365,.T.);
#2179=ORIENTED_EDGE('',*,*,#4366,.T.);
#2180=ORIENTED_EDGE('',*,*,#4367,.F.);
#2181=ORIENTED_EDGE('',*,*,#4368,.F.);
#2182=ORIENTED_EDGE('',*,*,#4369,.T.);
#2183=ORIENTED_EDGE('',*,*,#4370,.T.);
#2184=ORIENTED_EDGE('',*,*,#4371,.F.);
#2185=ORIENTED_EDGE('',*,*,#4372,.F.);
#2186=ORIENTED_EDGE('',*,*,#4373,.T.);
#2187=ORIENTED_EDGE('',*,*,#4374,.T.);
#2188=ORIENTED_EDGE('',*,*,#4375,.F.);
#2189=ORIENTED_EDGE('',*,*,#4376,.F.);
#2190=ORIENTED_EDGE('',*,*,#4377,.T.);
#2191=ORIENTED_EDGE('',*,*,#4368,.T.);
#2192=ORIENTED_EDGE('',*,*,#4378,.F.);
#2193=ORIENTED_EDGE('',*,*,#4379,.F.);
#2194=ORIENTED_EDGE('',*,*,#4380,.T.);
#2195=ORIENTED_EDGE('',*,*,#4379,.T.);
#2196=ORIENTED_EDGE('',*,*,#4381,.F.);
#2197=ORIENTED_EDGE('',*,*,#4370,.F.);
#2198=ORIENTED_EDGE('',*,*,#4382,.T.);
#2199=ORIENTED_EDGE('',*,*,#4376,.T.);
#2200=ORIENTED_EDGE('',*,*,#4383,.F.);
#2201=ORIENTED_EDGE('',*,*,#4384,.F.);
#2202=ORIENTED_EDGE('',*,*,#4384,.T.);
#2203=ORIENTED_EDGE('',*,*,#4385,.T.);
#2204=ORIENTED_EDGE('',*,*,#4366,.F.);
#2205=ORIENTED_EDGE('',*,*,#4386,.F.);
#2206=ORIENTED_EDGE('',*,*,#4387,.T.);
#2207=ORIENTED_EDGE('',*,*,#4388,.T.);
#2208=ORIENTED_EDGE('',*,*,#4374,.F.);
#2209=ORIENTED_EDGE('',*,*,#4389,.F.);
#2210=ORIENTED_EDGE('',*,*,#4372,.T.);
#2211=ORIENTED_EDGE('',*,*,#4390,.T.);
#2212=ORIENTED_EDGE('',*,*,#4387,.F.);
#2213=ORIENTED_EDGE('',*,*,#4391,.F.);
#2214=ORIENTED_EDGE('',*,*,#4392,.T.);
#2215=ORIENTED_EDGE('',*,*,#4393,.T.);
#2216=ORIENTED_EDGE('',*,*,#4394,.F.);
#2217=ORIENTED_EDGE('',*,*,#4395,.F.);
#2218=ORIENTED_EDGE('',*,*,#4396,.T.);
#2219=ORIENTED_EDGE('',*,*,#4397,.T.);
#2220=ORIENTED_EDGE('',*,*,#4398,.F.);
#2221=ORIENTED_EDGE('',*,*,#4399,.F.);
#2222=ORIENTED_EDGE('',*,*,#4400,.T.);
#2223=ORIENTED_EDGE('',*,*,#4401,.T.);
#2224=ORIENTED_EDGE('',*,*,#4402,.F.);
#2225=ORIENTED_EDGE('',*,*,#4403,.F.);
#2226=ORIENTED_EDGE('',*,*,#4404,.T.);
#2227=ORIENTED_EDGE('',*,*,#4395,.T.);
#2228=ORIENTED_EDGE('',*,*,#4405,.F.);
#2229=ORIENTED_EDGE('',*,*,#4406,.F.);
#2230=ORIENTED_EDGE('',*,*,#4407,.T.);
#2231=ORIENTED_EDGE('',*,*,#4406,.T.);
#2232=ORIENTED_EDGE('',*,*,#4408,.F.);
#2233=ORIENTED_EDGE('',*,*,#4397,.F.);
#2234=ORIENTED_EDGE('',*,*,#4409,.T.);
#2235=ORIENTED_EDGE('',*,*,#4403,.T.);
#2236=ORIENTED_EDGE('',*,*,#4410,.F.);
#2237=ORIENTED_EDGE('',*,*,#4411,.F.);
#2238=ORIENTED_EDGE('',*,*,#4411,.T.);
#2239=ORIENTED_EDGE('',*,*,#4412,.T.);
#2240=ORIENTED_EDGE('',*,*,#4393,.F.);
#2241=ORIENTED_EDGE('',*,*,#4413,.F.);
#2242=ORIENTED_EDGE('',*,*,#4414,.T.);
#2243=ORIENTED_EDGE('',*,*,#4415,.T.);
#2244=ORIENTED_EDGE('',*,*,#4401,.F.);
#2245=ORIENTED_EDGE('',*,*,#4416,.F.);
#2246=ORIENTED_EDGE('',*,*,#4399,.T.);
#2247=ORIENTED_EDGE('',*,*,#4417,.T.);
#2248=ORIENTED_EDGE('',*,*,#4414,.F.);
#2249=ORIENTED_EDGE('',*,*,#4418,.F.);
#2250=ORIENTED_EDGE('',*,*,#4419,.T.);
#2251=ORIENTED_EDGE('',*,*,#4420,.T.);
#2252=ORIENTED_EDGE('',*,*,#4421,.F.);
#2253=ORIENTED_EDGE('',*,*,#4422,.F.);
#2254=ORIENTED_EDGE('',*,*,#4423,.T.);
#2255=ORIENTED_EDGE('',*,*,#4424,.T.);
#2256=ORIENTED_EDGE('',*,*,#4425,.F.);
#2257=ORIENTED_EDGE('',*,*,#4426,.F.);
#2258=ORIENTED_EDGE('',*,*,#4427,.T.);
#2259=ORIENTED_EDGE('',*,*,#4428,.T.);
#2260=ORIENTED_EDGE('',*,*,#4429,.F.);
#2261=ORIENTED_EDGE('',*,*,#4430,.F.);
#2262=ORIENTED_EDGE('',*,*,#4431,.T.);
#2263=ORIENTED_EDGE('',*,*,#4422,.T.);
#2264=ORIENTED_EDGE('',*,*,#4432,.F.);
#2265=ORIENTED_EDGE('',*,*,#4433,.F.);
#2266=ORIENTED_EDGE('',*,*,#4434,.T.);
#2267=ORIENTED_EDGE('',*,*,#4433,.T.);
#2268=ORIENTED_EDGE('',*,*,#4435,.F.);
#2269=ORIENTED_EDGE('',*,*,#4424,.F.);
#2270=ORIENTED_EDGE('',*,*,#4436,.T.);
#2271=ORIENTED_EDGE('',*,*,#4430,.T.);
#2272=ORIENTED_EDGE('',*,*,#4437,.F.);
#2273=ORIENTED_EDGE('',*,*,#4438,.F.);
#2274=ORIENTED_EDGE('',*,*,#4438,.T.);
#2275=ORIENTED_EDGE('',*,*,#4439,.T.);
#2276=ORIENTED_EDGE('',*,*,#4420,.F.);
#2277=ORIENTED_EDGE('',*,*,#4440,.F.);
#2278=ORIENTED_EDGE('',*,*,#4441,.T.);
#2279=ORIENTED_EDGE('',*,*,#4442,.T.);
#2280=ORIENTED_EDGE('',*,*,#4428,.F.);
#2281=ORIENTED_EDGE('',*,*,#4443,.F.);
#2282=ORIENTED_EDGE('',*,*,#4426,.T.);
#2283=ORIENTED_EDGE('',*,*,#4444,.T.);
#2284=ORIENTED_EDGE('',*,*,#4441,.F.);
#2285=ORIENTED_EDGE('',*,*,#4445,.F.);
#2286=ORIENTED_EDGE('',*,*,#4446,.T.);
#2287=ORIENTED_EDGE('',*,*,#4447,.T.);
#2288=ORIENTED_EDGE('',*,*,#4448,.F.);
#2289=ORIENTED_EDGE('',*,*,#4449,.F.);
#2290=ORIENTED_EDGE('',*,*,#4450,.T.);
#2291=ORIENTED_EDGE('',*,*,#4451,.T.);
#2292=ORIENTED_EDGE('',*,*,#4452,.F.);
#2293=ORIENTED_EDGE('',*,*,#4453,.F.);
#2294=ORIENTED_EDGE('',*,*,#4454,.T.);
#2295=ORIENTED_EDGE('',*,*,#4455,.T.);
#2296=ORIENTED_EDGE('',*,*,#4456,.F.);
#2297=ORIENTED_EDGE('',*,*,#4457,.F.);
#2298=ORIENTED_EDGE('',*,*,#4458,.T.);
#2299=ORIENTED_EDGE('',*,*,#4449,.T.);
#2300=ORIENTED_EDGE('',*,*,#4459,.F.);
#2301=ORIENTED_EDGE('',*,*,#4460,.F.);
#2302=ORIENTED_EDGE('',*,*,#4461,.T.);
#2303=ORIENTED_EDGE('',*,*,#4460,.T.);
#2304=ORIENTED_EDGE('',*,*,#4462,.F.);
#2305=ORIENTED_EDGE('',*,*,#4451,.F.);
#2306=ORIENTED_EDGE('',*,*,#4463,.T.);
#2307=ORIENTED_EDGE('',*,*,#4457,.T.);
#2308=ORIENTED_EDGE('',*,*,#4464,.F.);
#2309=ORIENTED_EDGE('',*,*,#4465,.F.);
#2310=ORIENTED_EDGE('',*,*,#4465,.T.);
#2311=ORIENTED_EDGE('',*,*,#4466,.T.);
#2312=ORIENTED_EDGE('',*,*,#4447,.F.);
#2313=ORIENTED_EDGE('',*,*,#4467,.F.);
#2314=ORIENTED_EDGE('',*,*,#4468,.T.);
#2315=ORIENTED_EDGE('',*,*,#4469,.T.);
#2316=ORIENTED_EDGE('',*,*,#4455,.F.);
#2317=ORIENTED_EDGE('',*,*,#4470,.F.);
#2318=ORIENTED_EDGE('',*,*,#4453,.T.);
#2319=ORIENTED_EDGE('',*,*,#4471,.T.);
#2320=ORIENTED_EDGE('',*,*,#4468,.F.);
#2321=ORIENTED_EDGE('',*,*,#4472,.F.);
#2322=ORIENTED_EDGE('',*,*,#4473,.T.);
#2323=ORIENTED_EDGE('',*,*,#4474,.T.);
#2324=ORIENTED_EDGE('',*,*,#4475,.F.);
#2325=ORIENTED_EDGE('',*,*,#4476,.F.);
#2326=ORIENTED_EDGE('',*,*,#4477,.T.);
#2327=ORIENTED_EDGE('',*,*,#4478,.T.);
#2328=ORIENTED_EDGE('',*,*,#4479,.F.);
#2329=ORIENTED_EDGE('',*,*,#4480,.F.);
#2330=ORIENTED_EDGE('',*,*,#4481,.T.);
#2331=ORIENTED_EDGE('',*,*,#4482,.T.);
#2332=ORIENTED_EDGE('',*,*,#4483,.F.);
#2333=ORIENTED_EDGE('',*,*,#4484,.F.);
#2334=ORIENTED_EDGE('',*,*,#4485,.T.);
#2335=ORIENTED_EDGE('',*,*,#4476,.T.);
#2336=ORIENTED_EDGE('',*,*,#4486,.F.);
#2337=ORIENTED_EDGE('',*,*,#4487,.F.);
#2338=ORIENTED_EDGE('',*,*,#4488,.T.);
#2339=ORIENTED_EDGE('',*,*,#4487,.T.);
#2340=ORIENTED_EDGE('',*,*,#4489,.F.);
#2341=ORIENTED_EDGE('',*,*,#4478,.F.);
#2342=ORIENTED_EDGE('',*,*,#4490,.T.);
#2343=ORIENTED_EDGE('',*,*,#4484,.T.);
#2344=ORIENTED_EDGE('',*,*,#4491,.F.);
#2345=ORIENTED_EDGE('',*,*,#4492,.F.);
#2346=ORIENTED_EDGE('',*,*,#4492,.T.);
#2347=ORIENTED_EDGE('',*,*,#4493,.T.);
#2348=ORIENTED_EDGE('',*,*,#4474,.F.);
#2349=ORIENTED_EDGE('',*,*,#4494,.F.);
#2350=ORIENTED_EDGE('',*,*,#4495,.T.);
#2351=ORIENTED_EDGE('',*,*,#4496,.T.);
#2352=ORIENTED_EDGE('',*,*,#4482,.F.);
#2353=ORIENTED_EDGE('',*,*,#4497,.F.);
#2354=ORIENTED_EDGE('',*,*,#4480,.T.);
#2355=ORIENTED_EDGE('',*,*,#4498,.T.);
#2356=ORIENTED_EDGE('',*,*,#4495,.F.);
#2357=ORIENTED_EDGE('',*,*,#4499,.F.);
#2358=ORIENTED_EDGE('',*,*,#4500,.T.);
#2359=ORIENTED_EDGE('',*,*,#4501,.T.);
#2360=ORIENTED_EDGE('',*,*,#4502,.F.);
#2361=ORIENTED_EDGE('',*,*,#4503,.F.);
#2362=ORIENTED_EDGE('',*,*,#4504,.T.);
#2363=ORIENTED_EDGE('',*,*,#4505,.T.);
#2364=ORIENTED_EDGE('',*,*,#4506,.F.);
#2365=ORIENTED_EDGE('',*,*,#4507,.F.);
#2366=ORIENTED_EDGE('',*,*,#4508,.T.);
#2367=ORIENTED_EDGE('',*,*,#4509,.T.);
#2368=ORIENTED_EDGE('',*,*,#4510,.F.);
#2369=ORIENTED_EDGE('',*,*,#4511,.F.);
#2370=ORIENTED_EDGE('',*,*,#4512,.T.);
#2371=ORIENTED_EDGE('',*,*,#4503,.T.);
#2372=ORIENTED_EDGE('',*,*,#4513,.F.);
#2373=ORIENTED_EDGE('',*,*,#4514,.F.);
#2374=ORIENTED_EDGE('',*,*,#4515,.T.);
#2375=ORIENTED_EDGE('',*,*,#4514,.T.);
#2376=ORIENTED_EDGE('',*,*,#4516,.F.);
#2377=ORIENTED_EDGE('',*,*,#4505,.F.);
#2378=ORIENTED_EDGE('',*,*,#4517,.T.);
#2379=ORIENTED_EDGE('',*,*,#4511,.T.);
#2380=ORIENTED_EDGE('',*,*,#4518,.F.);
#2381=ORIENTED_EDGE('',*,*,#4519,.F.);
#2382=ORIENTED_EDGE('',*,*,#4519,.T.);
#2383=ORIENTED_EDGE('',*,*,#4520,.T.);
#2384=ORIENTED_EDGE('',*,*,#4501,.F.);
#2385=ORIENTED_EDGE('',*,*,#4521,.F.);
#2386=ORIENTED_EDGE('',*,*,#4522,.T.);
#2387=ORIENTED_EDGE('',*,*,#4523,.T.);
#2388=ORIENTED_EDGE('',*,*,#4509,.F.);
#2389=ORIENTED_EDGE('',*,*,#4524,.F.);
#2390=ORIENTED_EDGE('',*,*,#4507,.T.);
#2391=ORIENTED_EDGE('',*,*,#4525,.T.);
#2392=ORIENTED_EDGE('',*,*,#4522,.F.);
#2393=ORIENTED_EDGE('',*,*,#4526,.F.);
#2394=ORIENTED_EDGE('',*,*,#4527,.T.);
#2395=ORIENTED_EDGE('',*,*,#4528,.T.);
#2396=ORIENTED_EDGE('',*,*,#4529,.F.);
#2397=ORIENTED_EDGE('',*,*,#4530,.F.);
#2398=ORIENTED_EDGE('',*,*,#4531,.T.);
#2399=ORIENTED_EDGE('',*,*,#4532,.T.);
#2400=ORIENTED_EDGE('',*,*,#4533,.F.);
#2401=ORIENTED_EDGE('',*,*,#4534,.F.);
#2402=ORIENTED_EDGE('',*,*,#4535,.T.);
#2403=ORIENTED_EDGE('',*,*,#4536,.T.);
#2404=ORIENTED_EDGE('',*,*,#4537,.F.);
#2405=ORIENTED_EDGE('',*,*,#4538,.F.);
#2406=ORIENTED_EDGE('',*,*,#4539,.T.);
#2407=ORIENTED_EDGE('',*,*,#4530,.T.);
#2408=ORIENTED_EDGE('',*,*,#4540,.F.);
#2409=ORIENTED_EDGE('',*,*,#4541,.F.);
#2410=ORIENTED_EDGE('',*,*,#4542,.T.);
#2411=ORIENTED_EDGE('',*,*,#4541,.T.);
#2412=ORIENTED_EDGE('',*,*,#4543,.F.);
#2413=ORIENTED_EDGE('',*,*,#4532,.F.);
#2414=ORIENTED_EDGE('',*,*,#4544,.T.);
#2415=ORIENTED_EDGE('',*,*,#4538,.T.);
#2416=ORIENTED_EDGE('',*,*,#4545,.F.);
#2417=ORIENTED_EDGE('',*,*,#4546,.F.);
#2418=ORIENTED_EDGE('',*,*,#4546,.T.);
#2419=ORIENTED_EDGE('',*,*,#4547,.T.);
#2420=ORIENTED_EDGE('',*,*,#4528,.F.);
#2421=ORIENTED_EDGE('',*,*,#4548,.F.);
#2422=ORIENTED_EDGE('',*,*,#4549,.T.);
#2423=ORIENTED_EDGE('',*,*,#4550,.T.);
#2424=ORIENTED_EDGE('',*,*,#4536,.F.);
#2425=ORIENTED_EDGE('',*,*,#4551,.F.);
#2426=ORIENTED_EDGE('',*,*,#4534,.T.);
#2427=ORIENTED_EDGE('',*,*,#4552,.T.);
#2428=ORIENTED_EDGE('',*,*,#4549,.F.);
#2429=ORIENTED_EDGE('',*,*,#4553,.F.);
#2430=ORIENTED_EDGE('',*,*,#4554,.T.);
#2431=ORIENTED_EDGE('',*,*,#4555,.T.);
#2432=ORIENTED_EDGE('',*,*,#4556,.F.);
#2433=ORIENTED_EDGE('',*,*,#4557,.F.);
#2434=ORIENTED_EDGE('',*,*,#4558,.T.);
#2435=ORIENTED_EDGE('',*,*,#4559,.T.);
#2436=ORIENTED_EDGE('',*,*,#4560,.F.);
#2437=ORIENTED_EDGE('',*,*,#4561,.F.);
#2438=ORIENTED_EDGE('',*,*,#4562,.T.);
#2439=ORIENTED_EDGE('',*,*,#4563,.T.);
#2440=ORIENTED_EDGE('',*,*,#4564,.F.);
#2441=ORIENTED_EDGE('',*,*,#4565,.F.);
#2442=ORIENTED_EDGE('',*,*,#4566,.T.);
#2443=ORIENTED_EDGE('',*,*,#4557,.T.);
#2444=ORIENTED_EDGE('',*,*,#4567,.F.);
#2445=ORIENTED_EDGE('',*,*,#4568,.F.);
#2446=ORIENTED_EDGE('',*,*,#4569,.T.);
#2447=ORIENTED_EDGE('',*,*,#4568,.T.);
#2448=ORIENTED_EDGE('',*,*,#4570,.F.);
#2449=ORIENTED_EDGE('',*,*,#4559,.F.);
#2450=ORIENTED_EDGE('',*,*,#4571,.T.);
#2451=ORIENTED_EDGE('',*,*,#4565,.T.);
#2452=ORIENTED_EDGE('',*,*,#4572,.F.);
#2453=ORIENTED_EDGE('',*,*,#4573,.F.);
#2454=ORIENTED_EDGE('',*,*,#4573,.T.);
#2455=ORIENTED_EDGE('',*,*,#4574,.T.);
#2456=ORIENTED_EDGE('',*,*,#4555,.F.);
#2457=ORIENTED_EDGE('',*,*,#4575,.F.);
#2458=ORIENTED_EDGE('',*,*,#4576,.T.);
#2459=ORIENTED_EDGE('',*,*,#4577,.T.);
#2460=ORIENTED_EDGE('',*,*,#4563,.F.);
#2461=ORIENTED_EDGE('',*,*,#4578,.F.);
#2462=ORIENTED_EDGE('',*,*,#4561,.T.);
#2463=ORIENTED_EDGE('',*,*,#4579,.T.);
#2464=ORIENTED_EDGE('',*,*,#4576,.F.);
#2465=ORIENTED_EDGE('',*,*,#4580,.F.);
#2466=ORIENTED_EDGE('',*,*,#4581,.T.);
#2467=ORIENTED_EDGE('',*,*,#4582,.T.);
#2468=ORIENTED_EDGE('',*,*,#4583,.F.);
#2469=ORIENTED_EDGE('',*,*,#4584,.F.);
#2470=ORIENTED_EDGE('',*,*,#4585,.T.);
#2471=ORIENTED_EDGE('',*,*,#4586,.T.);
#2472=ORIENTED_EDGE('',*,*,#4587,.F.);
#2473=ORIENTED_EDGE('',*,*,#4588,.F.);
#2474=ORIENTED_EDGE('',*,*,#4589,.T.);
#2475=ORIENTED_EDGE('',*,*,#4590,.T.);
#2476=ORIENTED_EDGE('',*,*,#4591,.F.);
#2477=ORIENTED_EDGE('',*,*,#4592,.F.);
#2478=ORIENTED_EDGE('',*,*,#4593,.T.);
#2479=ORIENTED_EDGE('',*,*,#4584,.T.);
#2480=ORIENTED_EDGE('',*,*,#4594,.F.);
#2481=ORIENTED_EDGE('',*,*,#4595,.F.);
#2482=ORIENTED_EDGE('',*,*,#4596,.T.);
#2483=ORIENTED_EDGE('',*,*,#4595,.T.);
#2484=ORIENTED_EDGE('',*,*,#4597,.F.);
#2485=ORIENTED_EDGE('',*,*,#4586,.F.);
#2486=ORIENTED_EDGE('',*,*,#4598,.T.);
#2487=ORIENTED_EDGE('',*,*,#4592,.T.);
#2488=ORIENTED_EDGE('',*,*,#4599,.F.);
#2489=ORIENTED_EDGE('',*,*,#4600,.F.);
#2490=ORIENTED_EDGE('',*,*,#4600,.T.);
#2491=ORIENTED_EDGE('',*,*,#4601,.T.);
#2492=ORIENTED_EDGE('',*,*,#4582,.F.);
#2493=ORIENTED_EDGE('',*,*,#4602,.F.);
#2494=ORIENTED_EDGE('',*,*,#4603,.T.);
#2495=ORIENTED_EDGE('',*,*,#4604,.T.);
#2496=ORIENTED_EDGE('',*,*,#4590,.F.);
#2497=ORIENTED_EDGE('',*,*,#4605,.F.);
#2498=ORIENTED_EDGE('',*,*,#4588,.T.);
#2499=ORIENTED_EDGE('',*,*,#4606,.T.);
#2500=ORIENTED_EDGE('',*,*,#4603,.F.);
#2501=ORIENTED_EDGE('',*,*,#4607,.F.);
#2502=ORIENTED_EDGE('',*,*,#4608,.T.);
#2503=ORIENTED_EDGE('',*,*,#4609,.T.);
#2504=ORIENTED_EDGE('',*,*,#4610,.F.);
#2505=ORIENTED_EDGE('',*,*,#4611,.F.);
#2506=ORIENTED_EDGE('',*,*,#4612,.T.);
#2507=ORIENTED_EDGE('',*,*,#4613,.T.);
#2508=ORIENTED_EDGE('',*,*,#4614,.F.);
#2509=ORIENTED_EDGE('',*,*,#4615,.F.);
#2510=ORIENTED_EDGE('',*,*,#4616,.T.);
#2511=ORIENTED_EDGE('',*,*,#4617,.T.);
#2512=ORIENTED_EDGE('',*,*,#4618,.F.);
#2513=ORIENTED_EDGE('',*,*,#4619,.F.);
#2514=ORIENTED_EDGE('',*,*,#4620,.T.);
#2515=ORIENTED_EDGE('',*,*,#4611,.T.);
#2516=ORIENTED_EDGE('',*,*,#4621,.F.);
#2517=ORIENTED_EDGE('',*,*,#4622,.F.);
#2518=ORIENTED_EDGE('',*,*,#4623,.T.);
#2519=ORIENTED_EDGE('',*,*,#4622,.T.);
#2520=ORIENTED_EDGE('',*,*,#4624,.F.);
#2521=ORIENTED_EDGE('',*,*,#4613,.F.);
#2522=ORIENTED_EDGE('',*,*,#4625,.T.);
#2523=ORIENTED_EDGE('',*,*,#4619,.T.);
#2524=ORIENTED_EDGE('',*,*,#4626,.F.);
#2525=ORIENTED_EDGE('',*,*,#4627,.F.);
#2526=ORIENTED_EDGE('',*,*,#4627,.T.);
#2527=ORIENTED_EDGE('',*,*,#4628,.T.);
#2528=ORIENTED_EDGE('',*,*,#4609,.F.);
#2529=ORIENTED_EDGE('',*,*,#4629,.F.);
#2530=ORIENTED_EDGE('',*,*,#4630,.T.);
#2531=ORIENTED_EDGE('',*,*,#4631,.T.);
#2532=ORIENTED_EDGE('',*,*,#4617,.F.);
#2533=ORIENTED_EDGE('',*,*,#4632,.F.);
#2534=ORIENTED_EDGE('',*,*,#4615,.T.);
#2535=ORIENTED_EDGE('',*,*,#4633,.T.);
#2536=ORIENTED_EDGE('',*,*,#4630,.F.);
#2537=ORIENTED_EDGE('',*,*,#4634,.F.);
#2538=ORIENTED_EDGE('',*,*,#4255,.F.);
#2539=ORIENTED_EDGE('',*,*,#4236,.T.);
#2540=ORIENTED_EDGE('',*,*,#4246,.T.);
#2541=ORIENTED_EDGE('',*,*,#4243,.T.);
#2542=ORIENTED_EDGE('',*,*,#4232,.T.);
#2543=ORIENTED_EDGE('',*,*,#4250,.F.);
#2544=ORIENTED_EDGE('',*,*,#4248,.T.);
#2545=ORIENTED_EDGE('',*,*,#4240,.T.);
#2546=ORIENTED_EDGE('',*,*,#4253,.F.);
#2547=ORIENTED_EDGE('',*,*,#4444,.F.);
#2548=ORIENTED_EDGE('',*,*,#4425,.T.);
#2549=ORIENTED_EDGE('',*,*,#4435,.T.);
#2550=ORIENTED_EDGE('',*,*,#4432,.T.);
#2551=ORIENTED_EDGE('',*,*,#4421,.T.);
#2552=ORIENTED_EDGE('',*,*,#4439,.F.);
#2553=ORIENTED_EDGE('',*,*,#4437,.T.);
#2554=ORIENTED_EDGE('',*,*,#4429,.T.);
#2555=ORIENTED_EDGE('',*,*,#4442,.F.);
#2556=ORIENTED_EDGE('',*,*,#4417,.F.);
#2557=ORIENTED_EDGE('',*,*,#4398,.T.);
#2558=ORIENTED_EDGE('',*,*,#4408,.T.);
#2559=ORIENTED_EDGE('',*,*,#4405,.T.);
#2560=ORIENTED_EDGE('',*,*,#4394,.T.);
#2561=ORIENTED_EDGE('',*,*,#4412,.F.);
#2562=ORIENTED_EDGE('',*,*,#4410,.T.);
#2563=ORIENTED_EDGE('',*,*,#4402,.T.);
#2564=ORIENTED_EDGE('',*,*,#4415,.F.);
#2565=ORIENTED_EDGE('',*,*,#4390,.F.);
#2566=ORIENTED_EDGE('',*,*,#4371,.T.);
#2567=ORIENTED_EDGE('',*,*,#4381,.T.);
#2568=ORIENTED_EDGE('',*,*,#4378,.T.);
#2569=ORIENTED_EDGE('',*,*,#4367,.T.);
#2570=ORIENTED_EDGE('',*,*,#4385,.F.);
#2571=ORIENTED_EDGE('',*,*,#4383,.T.);
#2572=ORIENTED_EDGE('',*,*,#4375,.T.);
#2573=ORIENTED_EDGE('',*,*,#4388,.F.);
#2574=ORIENTED_EDGE('',*,*,#4363,.F.);
#2575=ORIENTED_EDGE('',*,*,#4344,.T.);
#2576=ORIENTED_EDGE('',*,*,#4354,.T.);
#2577=ORIENTED_EDGE('',*,*,#4351,.T.);
#2578=ORIENTED_EDGE('',*,*,#4340,.T.);
#2579=ORIENTED_EDGE('',*,*,#4358,.F.);
#2580=ORIENTED_EDGE('',*,*,#4356,.T.);
#2581=ORIENTED_EDGE('',*,*,#4348,.T.);
#2582=ORIENTED_EDGE('',*,*,#4361,.F.);
#2583=ORIENTED_EDGE('',*,*,#4336,.F.);
#2584=ORIENTED_EDGE('',*,*,#4317,.T.);
#2585=ORIENTED_EDGE('',*,*,#4327,.T.);
#2586=ORIENTED_EDGE('',*,*,#4324,.T.);
#2587=ORIENTED_EDGE('',*,*,#4313,.T.);
#2588=ORIENTED_EDGE('',*,*,#4331,.F.);
#2589=ORIENTED_EDGE('',*,*,#4329,.T.);
#2590=ORIENTED_EDGE('',*,*,#4321,.T.);
#2591=ORIENTED_EDGE('',*,*,#4334,.F.);
#2592=ORIENTED_EDGE('',*,*,#4309,.F.);
#2593=ORIENTED_EDGE('',*,*,#4290,.T.);
#2594=ORIENTED_EDGE('',*,*,#4300,.T.);
#2595=ORIENTED_EDGE('',*,*,#4297,.T.);
#2596=ORIENTED_EDGE('',*,*,#4286,.T.);
#2597=ORIENTED_EDGE('',*,*,#4304,.F.);
#2598=ORIENTED_EDGE('',*,*,#4302,.T.);
#2599=ORIENTED_EDGE('',*,*,#4294,.T.);
#2600=ORIENTED_EDGE('',*,*,#4307,.F.);
#2601=ORIENTED_EDGE('',*,*,#4282,.F.);
#2602=ORIENTED_EDGE('',*,*,#4263,.T.);
#2603=ORIENTED_EDGE('',*,*,#4273,.T.);
#2604=ORIENTED_EDGE('',*,*,#4270,.T.);
#2605=ORIENTED_EDGE('',*,*,#4259,.T.);
#2606=ORIENTED_EDGE('',*,*,#4277,.F.);
#2607=ORIENTED_EDGE('',*,*,#4275,.T.);
#2608=ORIENTED_EDGE('',*,*,#4267,.T.);
#2609=ORIENTED_EDGE('',*,*,#4280,.F.);
#2610=ORIENTED_EDGE('',*,*,#4471,.F.);
#2611=ORIENTED_EDGE('',*,*,#4452,.T.);
#2612=ORIENTED_EDGE('',*,*,#4462,.T.);
#2613=ORIENTED_EDGE('',*,*,#4459,.T.);
#2614=ORIENTED_EDGE('',*,*,#4448,.T.);
#2615=ORIENTED_EDGE('',*,*,#4466,.F.);
#2616=ORIENTED_EDGE('',*,*,#4464,.T.);
#2617=ORIENTED_EDGE('',*,*,#4456,.T.);
#2618=ORIENTED_EDGE('',*,*,#4469,.F.);
#2619=ORIENTED_EDGE('',*,*,#4498,.F.);
#2620=ORIENTED_EDGE('',*,*,#4479,.T.);
#2621=ORIENTED_EDGE('',*,*,#4489,.T.);
#2622=ORIENTED_EDGE('',*,*,#4486,.T.);
#2623=ORIENTED_EDGE('',*,*,#4475,.T.);
#2624=ORIENTED_EDGE('',*,*,#4493,.F.);
#2625=ORIENTED_EDGE('',*,*,#4491,.T.);
#2626=ORIENTED_EDGE('',*,*,#4483,.T.);
#2627=ORIENTED_EDGE('',*,*,#4496,.F.);
#2628=ORIENTED_EDGE('',*,*,#4525,.F.);
#2629=ORIENTED_EDGE('',*,*,#4506,.T.);
#2630=ORIENTED_EDGE('',*,*,#4516,.T.);
#2631=ORIENTED_EDGE('',*,*,#4513,.T.);
#2632=ORIENTED_EDGE('',*,*,#4502,.T.);
#2633=ORIENTED_EDGE('',*,*,#4520,.F.);
#2634=ORIENTED_EDGE('',*,*,#4518,.T.);
#2635=ORIENTED_EDGE('',*,*,#4510,.T.);
#2636=ORIENTED_EDGE('',*,*,#4523,.F.);
#2637=ORIENTED_EDGE('',*,*,#4552,.F.);
#2638=ORIENTED_EDGE('',*,*,#4533,.T.);
#2639=ORIENTED_EDGE('',*,*,#4543,.T.);
#2640=ORIENTED_EDGE('',*,*,#4540,.T.);
#2641=ORIENTED_EDGE('',*,*,#4529,.T.);
#2642=ORIENTED_EDGE('',*,*,#4547,.F.);
#2643=ORIENTED_EDGE('',*,*,#4545,.T.);
#2644=ORIENTED_EDGE('',*,*,#4537,.T.);
#2645=ORIENTED_EDGE('',*,*,#4550,.F.);
#2646=ORIENTED_EDGE('',*,*,#4579,.F.);
#2647=ORIENTED_EDGE('',*,*,#4560,.T.);
#2648=ORIENTED_EDGE('',*,*,#4570,.T.);
#2649=ORIENTED_EDGE('',*,*,#4567,.T.);
#2650=ORIENTED_EDGE('',*,*,#4556,.T.);
#2651=ORIENTED_EDGE('',*,*,#4574,.F.);
#2652=ORIENTED_EDGE('',*,*,#4572,.T.);
#2653=ORIENTED_EDGE('',*,*,#4564,.T.);
#2654=ORIENTED_EDGE('',*,*,#4577,.F.);
#2655=ORIENTED_EDGE('',*,*,#4606,.F.);
#2656=ORIENTED_EDGE('',*,*,#4587,.T.);
#2657=ORIENTED_EDGE('',*,*,#4597,.T.);
#2658=ORIENTED_EDGE('',*,*,#4594,.T.);
#2659=ORIENTED_EDGE('',*,*,#4583,.T.);
#2660=ORIENTED_EDGE('',*,*,#4601,.F.);
#2661=ORIENTED_EDGE('',*,*,#4599,.T.);
#2662=ORIENTED_EDGE('',*,*,#4591,.T.);
#2663=ORIENTED_EDGE('',*,*,#4604,.F.);
#2664=ORIENTED_EDGE('',*,*,#4633,.F.);
#2665=ORIENTED_EDGE('',*,*,#4614,.T.);
#2666=ORIENTED_EDGE('',*,*,#4624,.T.);
#2667=ORIENTED_EDGE('',*,*,#4621,.T.);
#2668=ORIENTED_EDGE('',*,*,#4610,.T.);
#2669=ORIENTED_EDGE('',*,*,#4628,.F.);
#2670=ORIENTED_EDGE('',*,*,#4626,.T.);
#2671=ORIENTED_EDGE('',*,*,#4618,.T.);
#2672=ORIENTED_EDGE('',*,*,#4631,.F.);
#2673=ORIENTED_EDGE('',*,*,#4635,.T.);
#2674=ORIENTED_EDGE('',*,*,#4636,.T.);
#2675=ORIENTED_EDGE('',*,*,#4637,.T.);
#2676=ORIENTED_EDGE('',*,*,#4638,.T.);
#2677=ORIENTED_EDGE('',*,*,#4639,.F.);
#2678=ORIENTED_EDGE('',*,*,#4640,.T.);
#2679=ORIENTED_EDGE('',*,*,#4641,.F.);
#2680=ORIENTED_EDGE('',*,*,#4642,.T.);
#2681=ORIENTED_EDGE('',*,*,#4643,.T.);
#2682=ORIENTED_EDGE('',*,*,#4644,.T.);
#2683=ORIENTED_EDGE('',*,*,#4645,.T.);
#2684=ORIENTED_EDGE('',*,*,#4646,.F.);
#2685=ORIENTED_EDGE('',*,*,#4647,.F.);
#2686=ORIENTED_EDGE('',*,*,#4648,.T.);
#2687=ORIENTED_EDGE('',*,*,#4649,.T.);
#2688=ORIENTED_EDGE('',*,*,#4650,.F.);
#2689=ORIENTED_EDGE('',*,*,#4651,.T.);
#2690=ORIENTED_EDGE('',*,*,#4652,.T.);
#2691=ORIENTED_EDGE('',*,*,#4653,.F.);
#2692=ORIENTED_EDGE('',*,*,#4654,.T.);
#2693=ORIENTED_EDGE('',*,*,#4655,.T.);
#2694=ORIENTED_EDGE('',*,*,#4656,.F.);
#2695=ORIENTED_EDGE('',*,*,#4657,.T.);
#2696=ORIENTED_EDGE('',*,*,#4658,.T.);
#2697=ORIENTED_EDGE('',*,*,#4659,.F.);
#2698=ORIENTED_EDGE('',*,*,#4660,.T.);
#2699=ORIENTED_EDGE('',*,*,#4661,.T.);
#2700=ORIENTED_EDGE('',*,*,#4662,.F.);
#2701=ORIENTED_EDGE('',*,*,#4663,.T.);
#2702=ORIENTED_EDGE('',*,*,#4664,.T.);
#2703=ORIENTED_EDGE('',*,*,#4665,.F.);
#2704=ORIENTED_EDGE('',*,*,#4666,.T.);
#2705=ORIENTED_EDGE('',*,*,#4667,.T.);
#2706=ORIENTED_EDGE('',*,*,#4668,.F.);
#2707=ORIENTED_EDGE('',*,*,#4669,.T.);
#2708=ORIENTED_EDGE('',*,*,#4670,.T.);
#2709=ORIENTED_EDGE('',*,*,#4671,.F.);
#2710=ORIENTED_EDGE('',*,*,#4672,.T.);
#2711=ORIENTED_EDGE('',*,*,#4673,.T.);
#2712=ORIENTED_EDGE('',*,*,#4674,.F.);
#2713=ORIENTED_EDGE('',*,*,#4675,.T.);
#2714=ORIENTED_EDGE('',*,*,#4676,.T.);
#2715=ORIENTED_EDGE('',*,*,#4677,.F.);
#2716=ORIENTED_EDGE('',*,*,#4678,.T.);
#2717=ORIENTED_EDGE('',*,*,#4679,.T.);
#2718=ORIENTED_EDGE('',*,*,#4680,.F.);
#2719=ORIENTED_EDGE('',*,*,#4681,.T.);
#2720=ORIENTED_EDGE('',*,*,#4682,.T.);
#2721=ORIENTED_EDGE('',*,*,#4683,.F.);
#2722=ORIENTED_EDGE('',*,*,#4684,.T.);
#2723=ORIENTED_EDGE('',*,*,#4685,.T.);
#2724=ORIENTED_EDGE('',*,*,#4686,.F.);
#2725=ORIENTED_EDGE('',*,*,#4687,.T.);
#2726=ORIENTED_EDGE('',*,*,#4688,.T.);
#2727=ORIENTED_EDGE('',*,*,#4689,.F.);
#2728=ORIENTED_EDGE('',*,*,#4690,.T.);
#2729=ORIENTED_EDGE('',*,*,#4691,.T.);
#2730=ORIENTED_EDGE('',*,*,#4692,.F.);
#2731=ORIENTED_EDGE('',*,*,#4693,.T.);
#2732=ORIENTED_EDGE('',*,*,#4694,.T.);
#2733=ORIENTED_EDGE('',*,*,#4695,.F.);
#2734=ORIENTED_EDGE('',*,*,#4696,.T.);
#2735=ORIENTED_EDGE('',*,*,#4697,.T.);
#2736=ORIENTED_EDGE('',*,*,#4698,.F.);
#2737=ORIENTED_EDGE('',*,*,#4699,.T.);
#2738=ORIENTED_EDGE('',*,*,#4700,.T.);
#2739=ORIENTED_EDGE('',*,*,#4701,.F.);
#2740=ORIENTED_EDGE('',*,*,#4702,.T.);
#2741=ORIENTED_EDGE('',*,*,#4703,.T.);
#2742=ORIENTED_EDGE('',*,*,#4704,.F.);
#2743=ORIENTED_EDGE('',*,*,#4705,.T.);
#2744=ORIENTED_EDGE('',*,*,#4706,.T.);
#2745=ORIENTED_EDGE('',*,*,#4707,.F.);
#2746=ORIENTED_EDGE('',*,*,#4708,.T.);
#2747=ORIENTED_EDGE('',*,*,#4709,.T.);
#2748=ORIENTED_EDGE('',*,*,#4710,.F.);
#2749=ORIENTED_EDGE('',*,*,#4711,.T.);
#2750=ORIENTED_EDGE('',*,*,#4712,.T.);
#2751=ORIENTED_EDGE('',*,*,#4713,.F.);
#2752=ORIENTED_EDGE('',*,*,#4714,.T.);
#2753=ORIENTED_EDGE('',*,*,#4715,.T.);
#2754=ORIENTED_EDGE('',*,*,#4716,.F.);
#2755=ORIENTED_EDGE('',*,*,#4717,.T.);
#2756=ORIENTED_EDGE('',*,*,#4718,.T.);
#2757=ORIENTED_EDGE('',*,*,#4719,.F.);
#2758=ORIENTED_EDGE('',*,*,#4720,.T.);
#2759=ORIENTED_EDGE('',*,*,#4721,.T.);
#2760=ORIENTED_EDGE('',*,*,#4722,.F.);
#2761=ORIENTED_EDGE('',*,*,#4723,.T.);
#2762=ORIENTED_EDGE('',*,*,#4724,.T.);
#2763=ORIENTED_EDGE('',*,*,#4725,.F.);
#2764=ORIENTED_EDGE('',*,*,#4726,.T.);
#2765=ORIENTED_EDGE('',*,*,#4727,.T.);
#2766=ORIENTED_EDGE('',*,*,#4728,.F.);
#2767=ORIENTED_EDGE('',*,*,#4729,.T.);
#2768=ORIENTED_EDGE('',*,*,#4730,.T.);
#2769=ORIENTED_EDGE('',*,*,#4731,.F.);
#2770=ORIENTED_EDGE('',*,*,#4732,.T.);
#2771=ORIENTED_EDGE('',*,*,#4733,.T.);
#2772=ORIENTED_EDGE('',*,*,#4734,.F.);
#2773=ORIENTED_EDGE('',*,*,#4735,.T.);
#2774=ORIENTED_EDGE('',*,*,#4736,.T.);
#2775=ORIENTED_EDGE('',*,*,#4737,.F.);
#2776=ORIENTED_EDGE('',*,*,#4738,.T.);
#2777=ORIENTED_EDGE('',*,*,#4739,.T.);
#2778=ORIENTED_EDGE('',*,*,#4740,.F.);
#2779=ORIENTED_EDGE('',*,*,#4741,.T.);
#2780=ORIENTED_EDGE('',*,*,#4742,.T.);
#2781=ORIENTED_EDGE('',*,*,#4743,.F.);
#2782=ORIENTED_EDGE('',*,*,#4744,.T.);
#2783=ORIENTED_EDGE('',*,*,#4745,.T.);
#2784=ORIENTED_EDGE('',*,*,#4746,.F.);
#2785=ORIENTED_EDGE('',*,*,#4747,.T.);
#2786=ORIENTED_EDGE('',*,*,#4748,.T.);
#2787=ORIENTED_EDGE('',*,*,#4749,.F.);
#2788=ORIENTED_EDGE('',*,*,#4750,.T.);
#2789=ORIENTED_EDGE('',*,*,#4751,.T.);
#2790=ORIENTED_EDGE('',*,*,#4752,.F.);
#2791=ORIENTED_EDGE('',*,*,#4753,.T.);
#2792=ORIENTED_EDGE('',*,*,#4754,.T.);
#2793=ORIENTED_EDGE('',*,*,#4755,.F.);
#2794=ORIENTED_EDGE('',*,*,#4756,.T.);
#2795=ORIENTED_EDGE('',*,*,#4757,.T.);
#2796=ORIENTED_EDGE('',*,*,#4758,.F.);
#2797=ORIENTED_EDGE('',*,*,#4759,.T.);
#2798=ORIENTED_EDGE('',*,*,#4760,.T.);
#2799=ORIENTED_EDGE('',*,*,#4761,.F.);
#2800=ORIENTED_EDGE('',*,*,#4762,.T.);
#2801=ORIENTED_EDGE('',*,*,#4763,.T.);
#2802=ORIENTED_EDGE('',*,*,#4764,.F.);
#2803=ORIENTED_EDGE('',*,*,#4765,.T.);
#2804=ORIENTED_EDGE('',*,*,#4766,.T.);
#2805=ORIENTED_EDGE('',*,*,#4767,.F.);
#2806=ORIENTED_EDGE('',*,*,#4768,.T.);
#2807=ORIENTED_EDGE('',*,*,#4769,.T.);
#2808=ORIENTED_EDGE('',*,*,#4770,.F.);
#2809=ORIENTED_EDGE('',*,*,#4771,.T.);
#2810=ORIENTED_EDGE('',*,*,#4772,.T.);
#2811=ORIENTED_EDGE('',*,*,#4773,.F.);
#2812=ORIENTED_EDGE('',*,*,#4774,.T.);
#2813=ORIENTED_EDGE('',*,*,#4775,.T.);
#2814=ORIENTED_EDGE('',*,*,#4776,.F.);
#2815=ORIENTED_EDGE('',*,*,#4777,.T.);
#2816=ORIENTED_EDGE('',*,*,#4778,.T.);
#2817=ORIENTED_EDGE('',*,*,#4779,.F.);
#2818=ORIENTED_EDGE('',*,*,#4780,.T.);
#2819=ORIENTED_EDGE('',*,*,#4781,.T.);
#2820=ORIENTED_EDGE('',*,*,#4782,.F.);
#2821=ORIENTED_EDGE('',*,*,#4783,.T.);
#2822=ORIENTED_EDGE('',*,*,#4784,.T.);
#2823=ORIENTED_EDGE('',*,*,#4785,.F.);
#2824=ORIENTED_EDGE('',*,*,#4786,.T.);
#2825=ORIENTED_EDGE('',*,*,#4787,.T.);
#2826=ORIENTED_EDGE('',*,*,#4788,.F.);
#2827=ORIENTED_EDGE('',*,*,#4789,.T.);
#2828=ORIENTED_EDGE('',*,*,#4790,.T.);
#2829=ORIENTED_EDGE('',*,*,#4791,.F.);
#2830=ORIENTED_EDGE('',*,*,#4792,.T.);
#2831=ORIENTED_EDGE('',*,*,#4793,.T.);
#2832=ORIENTED_EDGE('',*,*,#4794,.F.);
#2833=ORIENTED_EDGE('',*,*,#4795,.T.);
#2834=ORIENTED_EDGE('',*,*,#4796,.T.);
#2835=ORIENTED_EDGE('',*,*,#4797,.F.);
#2836=ORIENTED_EDGE('',*,*,#4798,.T.);
#2837=ORIENTED_EDGE('',*,*,#4799,.T.);
#2838=ORIENTED_EDGE('',*,*,#4800,.F.);
#2839=ORIENTED_EDGE('',*,*,#4801,.T.);
#2840=ORIENTED_EDGE('',*,*,#4802,.T.);
#2841=ORIENTED_EDGE('',*,*,#4803,.F.);
#2842=ORIENTED_EDGE('',*,*,#4804,.T.);
#2843=ORIENTED_EDGE('',*,*,#4805,.T.);
#2844=ORIENTED_EDGE('',*,*,#4806,.F.);
#2845=ORIENTED_EDGE('',*,*,#4807,.T.);
#2846=ORIENTED_EDGE('',*,*,#4808,.T.);
#2847=ORIENTED_EDGE('',*,*,#4809,.F.);
#2848=ORIENTED_EDGE('',*,*,#4810,.T.);
#2849=ORIENTED_EDGE('',*,*,#4811,.T.);
#2850=ORIENTED_EDGE('',*,*,#4812,.F.);
#2851=ORIENTED_EDGE('',*,*,#4813,.T.);
#2852=ORIENTED_EDGE('',*,*,#4814,.T.);
#2853=ORIENTED_EDGE('',*,*,#4815,.F.);
#2854=ORIENTED_EDGE('',*,*,#4816,.T.);
#2855=ORIENTED_EDGE('',*,*,#4817,.T.);
#2856=ORIENTED_EDGE('',*,*,#4818,.F.);
#2857=ORIENTED_EDGE('',*,*,#4819,.T.);
#2858=ORIENTED_EDGE('',*,*,#4820,.T.);
#2859=ORIENTED_EDGE('',*,*,#4821,.F.);
#2860=ORIENTED_EDGE('',*,*,#4822,.T.);
#2861=ORIENTED_EDGE('',*,*,#4823,.T.);
#2862=ORIENTED_EDGE('',*,*,#4824,.F.);
#2863=ORIENTED_EDGE('',*,*,#4825,.T.);
#2864=ORIENTED_EDGE('',*,*,#4826,.T.);
#2865=ORIENTED_EDGE('',*,*,#4827,.F.);
#2866=ORIENTED_EDGE('',*,*,#4828,.T.);
#2867=ORIENTED_EDGE('',*,*,#4829,.T.);
#2868=ORIENTED_EDGE('',*,*,#4830,.F.);
#2869=ORIENTED_EDGE('',*,*,#4831,.T.);
#2870=ORIENTED_EDGE('',*,*,#4832,.T.);
#2871=ORIENTED_EDGE('',*,*,#4833,.F.);
#2872=ORIENTED_EDGE('',*,*,#4834,.T.);
#2873=ORIENTED_EDGE('',*,*,#4835,.T.);
#2874=ORIENTED_EDGE('',*,*,#4836,.F.);
#2875=ORIENTED_EDGE('',*,*,#4837,.T.);
#2876=ORIENTED_EDGE('',*,*,#4838,.T.);
#2877=ORIENTED_EDGE('',*,*,#4839,.F.);
#2878=ORIENTED_EDGE('',*,*,#4840,.T.);
#2879=ORIENTED_EDGE('',*,*,#4841,.T.);
#2880=ORIENTED_EDGE('',*,*,#4842,.F.);
#2881=ORIENTED_EDGE('',*,*,#4843,.T.);
#2882=ORIENTED_EDGE('',*,*,#4844,.T.);
#2883=ORIENTED_EDGE('',*,*,#4845,.F.);
#2884=ORIENTED_EDGE('',*,*,#4846,.T.);
#2885=ORIENTED_EDGE('',*,*,#4847,.T.);
#2886=ORIENTED_EDGE('',*,*,#4848,.F.);
#2887=ORIENTED_EDGE('',*,*,#4849,.T.);
#2888=ORIENTED_EDGE('',*,*,#4850,.T.);
#2889=ORIENTED_EDGE('',*,*,#4851,.F.);
#2890=ORIENTED_EDGE('',*,*,#4852,.T.);
#2891=ORIENTED_EDGE('',*,*,#4853,.T.);
#2892=ORIENTED_EDGE('',*,*,#4854,.F.);
#2893=ORIENTED_EDGE('',*,*,#4855,.T.);
#2894=ORIENTED_EDGE('',*,*,#4856,.T.);
#2895=ORIENTED_EDGE('',*,*,#4857,.F.);
#2896=ORIENTED_EDGE('',*,*,#4858,.T.);
#2897=ORIENTED_EDGE('',*,*,#4859,.T.);
#2898=ORIENTED_EDGE('',*,*,#4860,.F.);
#2899=ORIENTED_EDGE('',*,*,#4861,.T.);
#2900=ORIENTED_EDGE('',*,*,#4862,.T.);
#2901=ORIENTED_EDGE('',*,*,#4863,.F.);
#2902=ORIENTED_EDGE('',*,*,#4864,.T.);
#2903=ORIENTED_EDGE('',*,*,#4865,.T.);
#2904=ORIENTED_EDGE('',*,*,#4866,.T.);
#2905=ORIENTED_EDGE('',*,*,#4867,.T.);
#2906=ORIENTED_EDGE('',*,*,#4868,.F.);
#2907=ORIENTED_EDGE('',*,*,#4869,.T.);
#2908=ORIENTED_EDGE('',*,*,#4870,.T.);
#2909=ORIENTED_EDGE('',*,*,#4871,.F.);
#2910=ORIENTED_EDGE('',*,*,#4234,.F.);
#2911=ORIENTED_EDGE('',*,*,#4256,.T.);
#2912=ORIENTED_EDGE('',*,*,#4254,.T.);
#2913=ORIENTED_EDGE('',*,*,#4238,.F.);
#2914=ORIENTED_EDGE('',*,*,#4247,.F.);
#2915=ORIENTED_EDGE('',*,*,#4251,.T.);
#2916=ORIENTED_EDGE('',*,*,#4230,.F.);
#2917=ORIENTED_EDGE('',*,*,#4242,.F.);
#2918=ORIENTED_EDGE('',*,*,#4245,.F.);
#2919=ORIENTED_EDGE('',*,*,#4423,.F.);
#2920=ORIENTED_EDGE('',*,*,#4445,.T.);
#2921=ORIENTED_EDGE('',*,*,#4443,.T.);
#2922=ORIENTED_EDGE('',*,*,#4427,.F.);
#2923=ORIENTED_EDGE('',*,*,#4436,.F.);
#2924=ORIENTED_EDGE('',*,*,#4440,.T.);
#2925=ORIENTED_EDGE('',*,*,#4419,.F.);
#2926=ORIENTED_EDGE('',*,*,#4431,.F.);
#2927=ORIENTED_EDGE('',*,*,#4434,.F.);
#2928=ORIENTED_EDGE('',*,*,#4396,.F.);
#2929=ORIENTED_EDGE('',*,*,#4418,.T.);
#2930=ORIENTED_EDGE('',*,*,#4416,.T.);
#2931=ORIENTED_EDGE('',*,*,#4400,.F.);
#2932=ORIENTED_EDGE('',*,*,#4409,.F.);
#2933=ORIENTED_EDGE('',*,*,#4413,.T.);
#2934=ORIENTED_EDGE('',*,*,#4392,.F.);
#2935=ORIENTED_EDGE('',*,*,#4404,.F.);
#2936=ORIENTED_EDGE('',*,*,#4407,.F.);
#2937=ORIENTED_EDGE('',*,*,#4369,.F.);
#2938=ORIENTED_EDGE('',*,*,#4391,.T.);
#2939=ORIENTED_EDGE('',*,*,#4389,.T.);
#2940=ORIENTED_EDGE('',*,*,#4373,.F.);
#2941=ORIENTED_EDGE('',*,*,#4382,.F.);
#2942=ORIENTED_EDGE('',*,*,#4386,.T.);
#2943=ORIENTED_EDGE('',*,*,#4365,.F.);
#2944=ORIENTED_EDGE('',*,*,#4377,.F.);
#2945=ORIENTED_EDGE('',*,*,#4380,.F.);
#2946=ORIENTED_EDGE('',*,*,#4342,.F.);
#2947=ORIENTED_EDGE('',*,*,#4364,.T.);
#2948=ORIENTED_EDGE('',*,*,#4362,.T.);
#2949=ORIENTED_EDGE('',*,*,#4346,.F.);
#2950=ORIENTED_EDGE('',*,*,#4355,.F.);
#2951=ORIENTED_EDGE('',*,*,#4359,.T.);
#2952=ORIENTED_EDGE('',*,*,#4338,.F.);
#2953=ORIENTED_EDGE('',*,*,#4350,.F.);
#2954=ORIENTED_EDGE('',*,*,#4353,.F.);
#2955=ORIENTED_EDGE('',*,*,#4315,.F.);
#2956=ORIENTED_EDGE('',*,*,#4337,.T.);
#2957=ORIENTED_EDGE('',*,*,#4335,.T.);
#2958=ORIENTED_EDGE('',*,*,#4319,.F.);
#2959=ORIENTED_EDGE('',*,*,#4328,.F.);
#2960=ORIENTED_EDGE('',*,*,#4332,.T.);
#2961=ORIENTED_EDGE('',*,*,#4311,.F.);
#2962=ORIENTED_EDGE('',*,*,#4323,.F.);
#2963=ORIENTED_EDGE('',*,*,#4326,.F.);
#2964=ORIENTED_EDGE('',*,*,#4288,.F.);
#2965=ORIENTED_EDGE('',*,*,#4310,.T.);
#2966=ORIENTED_EDGE('',*,*,#4308,.T.);
#2967=ORIENTED_EDGE('',*,*,#4292,.F.);
#2968=ORIENTED_EDGE('',*,*,#4301,.F.);
#2969=ORIENTED_EDGE('',*,*,#4305,.T.);
#2970=ORIENTED_EDGE('',*,*,#4284,.F.);
#2971=ORIENTED_EDGE('',*,*,#4296,.F.);
#2972=ORIENTED_EDGE('',*,*,#4299,.F.);
#2973=ORIENTED_EDGE('',*,*,#4261,.F.);
#2974=ORIENTED_EDGE('',*,*,#4283,.T.);
#2975=ORIENTED_EDGE('',*,*,#4281,.T.);
#2976=ORIENTED_EDGE('',*,*,#4265,.F.);
#2977=ORIENTED_EDGE('',*,*,#4274,.F.);
#2978=ORIENTED_EDGE('',*,*,#4278,.T.);
#2979=ORIENTED_EDGE('',*,*,#4257,.F.);
#2980=ORIENTED_EDGE('',*,*,#4269,.F.);
#2981=ORIENTED_EDGE('',*,*,#4272,.F.);
#2982=ORIENTED_EDGE('',*,*,#4450,.F.);
#2983=ORIENTED_EDGE('',*,*,#4472,.T.);
#2984=ORIENTED_EDGE('',*,*,#4470,.T.);
#2985=ORIENTED_EDGE('',*,*,#4454,.F.);
#2986=ORIENTED_EDGE('',*,*,#4463,.F.);
#2987=ORIENTED_EDGE('',*,*,#4467,.T.);
#2988=ORIENTED_EDGE('',*,*,#4446,.F.);
#2989=ORIENTED_EDGE('',*,*,#4458,.F.);
#2990=ORIENTED_EDGE('',*,*,#4461,.F.);
#2991=ORIENTED_EDGE('',*,*,#4477,.F.);
#2992=ORIENTED_EDGE('',*,*,#4499,.T.);
#2993=ORIENTED_EDGE('',*,*,#4497,.T.);
#2994=ORIENTED_EDGE('',*,*,#4481,.F.);
#2995=ORIENTED_EDGE('',*,*,#4490,.F.);
#2996=ORIENTED_EDGE('',*,*,#4494,.T.);
#2997=ORIENTED_EDGE('',*,*,#4473,.F.);
#2998=ORIENTED_EDGE('',*,*,#4485,.F.);
#2999=ORIENTED_EDGE('',*,*,#4488,.F.);
#3000=ORIENTED_EDGE('',*,*,#4504,.F.);
#3001=ORIENTED_EDGE('',*,*,#4526,.T.);
#3002=ORIENTED_EDGE('',*,*,#4524,.T.);
#3003=ORIENTED_EDGE('',*,*,#4508,.F.);
#3004=ORIENTED_EDGE('',*,*,#4517,.F.);
#3005=ORIENTED_EDGE('',*,*,#4521,.T.);
#3006=ORIENTED_EDGE('',*,*,#4500,.F.);
#3007=ORIENTED_EDGE('',*,*,#4512,.F.);
#3008=ORIENTED_EDGE('',*,*,#4515,.F.);
#3009=ORIENTED_EDGE('',*,*,#4531,.F.);
#3010=ORIENTED_EDGE('',*,*,#4553,.T.);
#3011=ORIENTED_EDGE('',*,*,#4551,.T.);
#3012=ORIENTED_EDGE('',*,*,#4535,.F.);
#3013=ORIENTED_EDGE('',*,*,#4544,.F.);
#3014=ORIENTED_EDGE('',*,*,#4548,.T.);
#3015=ORIENTED_EDGE('',*,*,#4527,.F.);
#3016=ORIENTED_EDGE('',*,*,#4539,.F.);
#3017=ORIENTED_EDGE('',*,*,#4542,.F.);
#3018=ORIENTED_EDGE('',*,*,#4558,.F.);
#3019=ORIENTED_EDGE('',*,*,#4580,.T.);
#3020=ORIENTED_EDGE('',*,*,#4578,.T.);
#3021=ORIENTED_EDGE('',*,*,#4562,.F.);
#3022=ORIENTED_EDGE('',*,*,#4571,.F.);
#3023=ORIENTED_EDGE('',*,*,#4575,.T.);
#3024=ORIENTED_EDGE('',*,*,#4554,.F.);
#3025=ORIENTED_EDGE('',*,*,#4566,.F.);
#3026=ORIENTED_EDGE('',*,*,#4569,.F.);
#3027=ORIENTED_EDGE('',*,*,#4585,.F.);
#3028=ORIENTED_EDGE('',*,*,#4607,.T.);
#3029=ORIENTED_EDGE('',*,*,#4605,.T.);
#3030=ORIENTED_EDGE('',*,*,#4589,.F.);
#3031=ORIENTED_EDGE('',*,*,#4598,.F.);
#3032=ORIENTED_EDGE('',*,*,#4602,.T.);
#3033=ORIENTED_EDGE('',*,*,#4581,.F.);
#3034=ORIENTED_EDGE('',*,*,#4593,.F.);
#3035=ORIENTED_EDGE('',*,*,#4596,.F.);
#3036=ORIENTED_EDGE('',*,*,#4612,.F.);
#3037=ORIENTED_EDGE('',*,*,#4634,.T.);
#3038=ORIENTED_EDGE('',*,*,#4632,.T.);
#3039=ORIENTED_EDGE('',*,*,#4616,.F.);
#3040=ORIENTED_EDGE('',*,*,#4625,.F.);
#3041=ORIENTED_EDGE('',*,*,#4629,.T.);
#3042=ORIENTED_EDGE('',*,*,#4608,.F.);
#3043=ORIENTED_EDGE('',*,*,#4620,.F.);
#3044=ORIENTED_EDGE('',*,*,#4623,.F.);
#3045=ORIENTED_EDGE('',*,*,#4872,.F.);
#3046=ORIENTED_EDGE('',*,*,#4873,.T.);
#3047=ORIENTED_EDGE('',*,*,#4874,.F.);
#3048=ORIENTED_EDGE('',*,*,#4875,.F.);
#3049=ORIENTED_EDGE('',*,*,#4876,.T.);
#3050=ORIENTED_EDGE('',*,*,#4877,.F.);
#3051=ORIENTED_EDGE('',*,*,#4878,.F.);
#3052=ORIENTED_EDGE('',*,*,#4879,.T.);
#3053=ORIENTED_EDGE('',*,*,#4880,.F.);
#3054=ORIENTED_EDGE('',*,*,#4881,.F.);
#3055=ORIENTED_EDGE('',*,*,#4882,.T.);
#3056=ORIENTED_EDGE('',*,*,#4883,.F.);
#3057=ORIENTED_EDGE('',*,*,#4884,.F.);
#3058=ORIENTED_EDGE('',*,*,#4885,.T.);
#3059=ORIENTED_EDGE('',*,*,#4886,.F.);
#3060=ORIENTED_EDGE('',*,*,#4887,.F.);
#3061=ORIENTED_EDGE('',*,*,#4888,.T.);
#3062=ORIENTED_EDGE('',*,*,#4889,.F.);
#3063=ORIENTED_EDGE('',*,*,#4890,.F.);
#3064=ORIENTED_EDGE('',*,*,#4891,.T.);
#3065=ORIENTED_EDGE('',*,*,#4892,.F.);
#3066=ORIENTED_EDGE('',*,*,#4893,.F.);
#3067=ORIENTED_EDGE('',*,*,#4894,.T.);
#3068=ORIENTED_EDGE('',*,*,#4895,.F.);
#3069=ORIENTED_EDGE('',*,*,#4896,.F.);
#3070=ORIENTED_EDGE('',*,*,#4897,.T.);
#3071=ORIENTED_EDGE('',*,*,#4898,.F.);
#3072=ORIENTED_EDGE('',*,*,#4899,.F.);
#3073=ORIENTED_EDGE('',*,*,#4900,.T.);
#3074=ORIENTED_EDGE('',*,*,#4901,.F.);
#3075=ORIENTED_EDGE('',*,*,#4902,.F.);
#3076=ORIENTED_EDGE('',*,*,#4903,.T.);
#3077=ORIENTED_EDGE('',*,*,#4904,.F.);
#3078=ORIENTED_EDGE('',*,*,#4905,.F.);
#3079=ORIENTED_EDGE('',*,*,#4906,.T.);
#3080=ORIENTED_EDGE('',*,*,#4907,.F.);
#3081=ORIENTED_EDGE('',*,*,#4908,.F.);
#3082=ORIENTED_EDGE('',*,*,#4909,.T.);
#3083=ORIENTED_EDGE('',*,*,#4910,.F.);
#3084=ORIENTED_EDGE('',*,*,#4911,.F.);
#3085=ORIENTED_EDGE('',*,*,#4912,.T.);
#3086=ORIENTED_EDGE('',*,*,#4913,.F.);
#3087=ORIENTED_EDGE('',*,*,#4914,.F.);
#3088=ORIENTED_EDGE('',*,*,#4915,.T.);
#3089=ORIENTED_EDGE('',*,*,#4916,.F.);
#3090=ORIENTED_EDGE('',*,*,#4917,.F.);
#3091=ORIENTED_EDGE('',*,*,#4918,.T.);
#3092=ORIENTED_EDGE('',*,*,#4919,.F.);
#3093=ORIENTED_EDGE('',*,*,#4920,.F.);
#3094=ORIENTED_EDGE('',*,*,#4921,.T.);
#3095=ORIENTED_EDGE('',*,*,#4922,.F.);
#3096=ORIENTED_EDGE('',*,*,#4923,.F.);
#3097=ORIENTED_EDGE('',*,*,#4924,.T.);
#3098=ORIENTED_EDGE('',*,*,#4925,.F.);
#3099=ORIENTED_EDGE('',*,*,#4926,.F.);
#3100=ORIENTED_EDGE('',*,*,#4927,.T.);
#3101=ORIENTED_EDGE('',*,*,#4928,.F.);
#3102=ORIENTED_EDGE('',*,*,#4929,.F.);
#3103=ORIENTED_EDGE('',*,*,#4930,.T.);
#3104=ORIENTED_EDGE('',*,*,#4931,.F.);
#3105=ORIENTED_EDGE('',*,*,#4932,.F.);
#3106=ORIENTED_EDGE('',*,*,#4933,.T.);
#3107=ORIENTED_EDGE('',*,*,#4934,.F.);
#3108=ORIENTED_EDGE('',*,*,#4935,.F.);
#3109=ORIENTED_EDGE('',*,*,#4936,.T.);
#3110=ORIENTED_EDGE('',*,*,#4937,.F.);
#3111=ORIENTED_EDGE('',*,*,#4938,.F.);
#3112=ORIENTED_EDGE('',*,*,#4939,.T.);
#3113=ORIENTED_EDGE('',*,*,#4940,.F.);
#3114=ORIENTED_EDGE('',*,*,#4941,.F.);
#3115=ORIENTED_EDGE('',*,*,#4942,.T.);
#3116=ORIENTED_EDGE('',*,*,#4943,.F.);
#3117=ORIENTED_EDGE('',*,*,#4944,.F.);
#3118=ORIENTED_EDGE('',*,*,#4945,.T.);
#3119=ORIENTED_EDGE('',*,*,#4946,.F.);
#3120=ORIENTED_EDGE('',*,*,#4947,.F.);
#3121=ORIENTED_EDGE('',*,*,#4948,.T.);
#3122=ORIENTED_EDGE('',*,*,#4949,.F.);
#3123=ORIENTED_EDGE('',*,*,#4950,.F.);
#3124=ORIENTED_EDGE('',*,*,#4951,.T.);
#3125=ORIENTED_EDGE('',*,*,#4952,.F.);
#3126=ORIENTED_EDGE('',*,*,#4953,.F.);
#3127=ORIENTED_EDGE('',*,*,#4954,.T.);
#3128=ORIENTED_EDGE('',*,*,#4955,.F.);
#3129=ORIENTED_EDGE('',*,*,#4956,.F.);
#3130=ORIENTED_EDGE('',*,*,#4957,.T.);
#3131=ORIENTED_EDGE('',*,*,#4958,.F.);
#3132=ORIENTED_EDGE('',*,*,#4959,.F.);
#3133=ORIENTED_EDGE('',*,*,#4960,.T.);
#3134=ORIENTED_EDGE('',*,*,#4961,.F.);
#3135=ORIENTED_EDGE('',*,*,#4962,.F.);
#3136=ORIENTED_EDGE('',*,*,#4963,.T.);
#3137=ORIENTED_EDGE('',*,*,#4964,.F.);
#3138=ORIENTED_EDGE('',*,*,#4965,.F.);
#3139=ORIENTED_EDGE('',*,*,#4966,.T.);
#3140=ORIENTED_EDGE('',*,*,#4967,.F.);
#3141=ORIENTED_EDGE('',*,*,#4968,.F.);
#3142=ORIENTED_EDGE('',*,*,#4969,.T.);
#3143=ORIENTED_EDGE('',*,*,#4970,.F.);
#3144=ORIENTED_EDGE('',*,*,#4971,.F.);
#3145=ORIENTED_EDGE('',*,*,#4972,.T.);
#3146=ORIENTED_EDGE('',*,*,#4973,.F.);
#3147=ORIENTED_EDGE('',*,*,#4974,.F.);
#3148=ORIENTED_EDGE('',*,*,#4975,.T.);
#3149=ORIENTED_EDGE('',*,*,#4976,.F.);
#3150=ORIENTED_EDGE('',*,*,#4977,.F.);
#3151=ORIENTED_EDGE('',*,*,#4978,.T.);
#3152=ORIENTED_EDGE('',*,*,#4979,.F.);
#3153=ORIENTED_EDGE('',*,*,#4980,.F.);
#3154=ORIENTED_EDGE('',*,*,#4981,.T.);
#3155=ORIENTED_EDGE('',*,*,#4982,.F.);
#3156=ORIENTED_EDGE('',*,*,#4983,.F.);
#3157=ORIENTED_EDGE('',*,*,#4984,.T.);
#3158=ORIENTED_EDGE('',*,*,#4985,.F.);
#3159=ORIENTED_EDGE('',*,*,#4986,.F.);
#3160=ORIENTED_EDGE('',*,*,#4987,.T.);
#3161=ORIENTED_EDGE('',*,*,#4988,.F.);
#3162=ORIENTED_EDGE('',*,*,#4989,.F.);
#3163=ORIENTED_EDGE('',*,*,#4990,.T.);
#3164=ORIENTED_EDGE('',*,*,#4991,.F.);
#3165=ORIENTED_EDGE('',*,*,#4992,.F.);
#3166=ORIENTED_EDGE('',*,*,#4993,.T.);
#3167=ORIENTED_EDGE('',*,*,#4994,.F.);
#3168=ORIENTED_EDGE('',*,*,#4995,.F.);
#3169=ORIENTED_EDGE('',*,*,#4996,.T.);
#3170=ORIENTED_EDGE('',*,*,#4997,.F.);
#3171=ORIENTED_EDGE('',*,*,#4998,.F.);
#3172=ORIENTED_EDGE('',*,*,#4999,.T.);
#3173=ORIENTED_EDGE('',*,*,#5000,.F.);
#3174=ORIENTED_EDGE('',*,*,#5001,.F.);
#3175=ORIENTED_EDGE('',*,*,#5002,.T.);
#3176=ORIENTED_EDGE('',*,*,#5003,.F.);
#3177=ORIENTED_EDGE('',*,*,#5004,.F.);
#3178=ORIENTED_EDGE('',*,*,#5005,.T.);
#3179=ORIENTED_EDGE('',*,*,#5006,.F.);
#3180=ORIENTED_EDGE('',*,*,#5007,.F.);
#3181=ORIENTED_EDGE('',*,*,#5008,.T.);
#3182=ORIENTED_EDGE('',*,*,#5009,.F.);
#3183=ORIENTED_EDGE('',*,*,#5010,.F.);
#3184=ORIENTED_EDGE('',*,*,#5011,.T.);
#3185=ORIENTED_EDGE('',*,*,#5012,.F.);
#3186=ORIENTED_EDGE('',*,*,#5013,.F.);
#3187=ORIENTED_EDGE('',*,*,#5014,.T.);
#3188=ORIENTED_EDGE('',*,*,#5015,.F.);
#3189=ORIENTED_EDGE('',*,*,#5016,.F.);
#3190=ORIENTED_EDGE('',*,*,#5017,.T.);
#3191=ORIENTED_EDGE('',*,*,#5018,.F.);
#3192=ORIENTED_EDGE('',*,*,#5019,.F.);
#3193=ORIENTED_EDGE('',*,*,#5020,.T.);
#3194=ORIENTED_EDGE('',*,*,#5021,.F.);
#3195=ORIENTED_EDGE('',*,*,#5022,.F.);
#3196=ORIENTED_EDGE('',*,*,#5023,.T.);
#3197=ORIENTED_EDGE('',*,*,#5024,.F.);
#3198=ORIENTED_EDGE('',*,*,#5025,.F.);
#3199=ORIENTED_EDGE('',*,*,#5026,.T.);
#3200=ORIENTED_EDGE('',*,*,#5027,.F.);
#3201=ORIENTED_EDGE('',*,*,#5028,.F.);
#3202=ORIENTED_EDGE('',*,*,#5029,.T.);
#3203=ORIENTED_EDGE('',*,*,#5030,.F.);
#3204=ORIENTED_EDGE('',*,*,#5031,.F.);
#3205=ORIENTED_EDGE('',*,*,#5032,.T.);
#3206=ORIENTED_EDGE('',*,*,#5033,.F.);
#3207=ORIENTED_EDGE('',*,*,#5034,.F.);
#3208=ORIENTED_EDGE('',*,*,#5035,.T.);
#3209=ORIENTED_EDGE('',*,*,#5036,.F.);
#3210=ORIENTED_EDGE('',*,*,#5037,.F.);
#3211=ORIENTED_EDGE('',*,*,#5038,.T.);
#3212=ORIENTED_EDGE('',*,*,#5039,.F.);
#3213=ORIENTED_EDGE('',*,*,#5040,.F.);
#3214=ORIENTED_EDGE('',*,*,#5041,.T.);
#3215=ORIENTED_EDGE('',*,*,#5042,.F.);
#3216=ORIENTED_EDGE('',*,*,#5043,.F.);
#3217=ORIENTED_EDGE('',*,*,#5044,.T.);
#3218=ORIENTED_EDGE('',*,*,#5045,.F.);
#3219=ORIENTED_EDGE('',*,*,#5046,.F.);
#3220=ORIENTED_EDGE('',*,*,#5047,.T.);
#3221=ORIENTED_EDGE('',*,*,#5048,.F.);
#3222=ORIENTED_EDGE('',*,*,#5049,.F.);
#3223=ORIENTED_EDGE('',*,*,#5050,.T.);
#3224=ORIENTED_EDGE('',*,*,#5051,.F.);
#3225=ORIENTED_EDGE('',*,*,#5052,.F.);
#3226=ORIENTED_EDGE('',*,*,#5053,.T.);
#3227=ORIENTED_EDGE('',*,*,#5054,.F.);
#3228=ORIENTED_EDGE('',*,*,#5055,.F.);
#3229=ORIENTED_EDGE('',*,*,#5056,.T.);
#3230=ORIENTED_EDGE('',*,*,#5057,.F.);
#3231=ORIENTED_EDGE('',*,*,#5058,.F.);
#3232=ORIENTED_EDGE('',*,*,#5059,.T.);
#3233=ORIENTED_EDGE('',*,*,#5060,.F.);
#3234=ORIENTED_EDGE('',*,*,#5061,.F.);
#3235=ORIENTED_EDGE('',*,*,#5062,.T.);
#3236=ORIENTED_EDGE('',*,*,#5063,.F.);
#3237=ORIENTED_EDGE('',*,*,#5064,.F.);
#3238=ORIENTED_EDGE('',*,*,#5065,.T.);
#3239=ORIENTED_EDGE('',*,*,#5066,.F.);
#3240=ORIENTED_EDGE('',*,*,#5067,.F.);
#3241=ORIENTED_EDGE('',*,*,#5068,.T.);
#3242=ORIENTED_EDGE('',*,*,#5069,.F.);
#3243=ORIENTED_EDGE('',*,*,#5070,.F.);
#3244=ORIENTED_EDGE('',*,*,#5071,.T.);
#3245=ORIENTED_EDGE('',*,*,#5072,.F.);
#3246=ORIENTED_EDGE('',*,*,#5073,.F.);
#3247=ORIENTED_EDGE('',*,*,#5074,.T.);
#3248=ORIENTED_EDGE('',*,*,#5075,.F.);
#3249=ORIENTED_EDGE('',*,*,#5076,.F.);
#3250=ORIENTED_EDGE('',*,*,#5077,.T.);
#3251=ORIENTED_EDGE('',*,*,#5078,.F.);
#3252=ORIENTED_EDGE('',*,*,#5079,.F.);
#3253=ORIENTED_EDGE('',*,*,#5080,.T.);
#3254=ORIENTED_EDGE('',*,*,#5081,.F.);
#3255=ORIENTED_EDGE('',*,*,#5082,.F.);
#3256=ORIENTED_EDGE('',*,*,#5083,.T.);
#3257=ORIENTED_EDGE('',*,*,#5084,.F.);
#3258=ORIENTED_EDGE('',*,*,#5085,.F.);
#3259=ORIENTED_EDGE('',*,*,#5086,.T.);
#3260=ORIENTED_EDGE('',*,*,#5087,.F.);
#3261=ORIENTED_EDGE('',*,*,#5088,.F.);
#3262=ORIENTED_EDGE('',*,*,#5089,.F.);
#3263=ORIENTED_EDGE('',*,*,#5090,.T.);
#3264=ORIENTED_EDGE('',*,*,#5091,.F.);
#3265=ORIENTED_EDGE('',*,*,#5092,.T.);
#3266=ORIENTED_EDGE('',*,*,#5093,.F.);
#3267=ORIENTED_EDGE('',*,*,#5094,.T.);
#3268=ORIENTED_EDGE('',*,*,#5095,.T.);
#3269=ORIENTED_EDGE('',*,*,#5096,.T.);
#3270=ORIENTED_EDGE('',*,*,#5097,.T.);
#3271=ORIENTED_EDGE('',*,*,#5098,.T.);
#3272=ORIENTED_EDGE('',*,*,#5099,.F.);
#3273=ORIENTED_EDGE('',*,*,#5100,.F.);
#3274=ORIENTED_EDGE('',*,*,#5101,.T.);
#3275=ORIENTED_EDGE('',*,*,#5102,.T.);
#3276=ORIENTED_EDGE('',*,*,#5103,.F.);
#3277=ORIENTED_EDGE('',*,*,#5104,.F.);
#3278=ORIENTED_EDGE('',*,*,#5105,.T.);
#3279=ORIENTED_EDGE('',*,*,#5106,.F.);
#3280=ORIENTED_EDGE('',*,*,#5107,.F.);
#3281=ORIENTED_EDGE('',*,*,#5108,.F.);
#3282=ORIENTED_EDGE('',*,*,#4877,.T.);
#3283=ORIENTED_EDGE('',*,*,#5109,.T.);
#3284=ORIENTED_EDGE('',*,*,#4859,.F.);
#3285=ORIENTED_EDGE('',*,*,#5110,.F.);
#3286=ORIENTED_EDGE('',*,*,#4880,.T.);
#3287=ORIENTED_EDGE('',*,*,#5111,.T.);
#3288=ORIENTED_EDGE('',*,*,#4856,.F.);
#3289=ORIENTED_EDGE('',*,*,#5112,.F.);
#3290=ORIENTED_EDGE('',*,*,#4874,.T.);
#3291=ORIENTED_EDGE('',*,*,#5113,.T.);
#3292=ORIENTED_EDGE('',*,*,#4862,.F.);
#3293=ORIENTED_EDGE('',*,*,#5114,.F.);
#3294=ORIENTED_EDGE('',*,*,#4878,.T.);
#3295=ORIENTED_EDGE('',*,*,#5110,.T.);
#3296=ORIENTED_EDGE('',*,*,#4858,.F.);
#3297=ORIENTED_EDGE('',*,*,#5115,.F.);
#3298=ORIENTED_EDGE('',*,*,#5115,.T.);
#3299=ORIENTED_EDGE('',*,*,#4857,.T.);
#3300=ORIENTED_EDGE('',*,*,#5111,.F.);
#3301=ORIENTED_EDGE('',*,*,#4879,.F.);
#3302=ORIENTED_EDGE('',*,*,#5116,.T.);
#3303=ORIENTED_EDGE('',*,*,#4860,.T.);
#3304=ORIENTED_EDGE('',*,*,#5109,.F.);
#3305=ORIENTED_EDGE('',*,*,#4876,.F.);
#3306=ORIENTED_EDGE('',*,*,#4875,.T.);
#3307=ORIENTED_EDGE('',*,*,#5114,.T.);
#3308=ORIENTED_EDGE('',*,*,#4861,.F.);
#3309=ORIENTED_EDGE('',*,*,#5116,.F.);
#3310=ORIENTED_EDGE('',*,*,#5117,.T.);
#3311=ORIENTED_EDGE('',*,*,#4854,.T.);
#3312=ORIENTED_EDGE('',*,*,#5113,.F.);
#3313=ORIENTED_EDGE('',*,*,#4873,.F.);
#3314=ORIENTED_EDGE('',*,*,#4872,.T.);
#3315=ORIENTED_EDGE('',*,*,#5112,.T.);
#3316=ORIENTED_EDGE('',*,*,#4855,.F.);
#3317=ORIENTED_EDGE('',*,*,#5117,.F.);
#3318=ORIENTED_EDGE('',*,*,#4886,.T.);
#3319=ORIENTED_EDGE('',*,*,#5118,.T.);
#3320=ORIENTED_EDGE('',*,*,#4850,.F.);
#3321=ORIENTED_EDGE('',*,*,#5119,.F.);
#3322=ORIENTED_EDGE('',*,*,#4889,.T.);
#3323=ORIENTED_EDGE('',*,*,#5120,.T.);
#3324=ORIENTED_EDGE('',*,*,#4847,.F.);
#3325=ORIENTED_EDGE('',*,*,#5121,.F.);
#3326=ORIENTED_EDGE('',*,*,#4883,.T.);
#3327=ORIENTED_EDGE('',*,*,#5122,.T.);
#3328=ORIENTED_EDGE('',*,*,#4853,.F.);
#3329=ORIENTED_EDGE('',*,*,#5123,.F.);
#3330=ORIENTED_EDGE('',*,*,#4887,.T.);
#3331=ORIENTED_EDGE('',*,*,#5119,.T.);
#3332=ORIENTED_EDGE('',*,*,#4849,.F.);
#3333=ORIENTED_EDGE('',*,*,#5124,.F.);
#3334=ORIENTED_EDGE('',*,*,#5124,.T.);
#3335=ORIENTED_EDGE('',*,*,#4848,.T.);
#3336=ORIENTED_EDGE('',*,*,#5120,.F.);
#3337=ORIENTED_EDGE('',*,*,#4888,.F.);
#3338=ORIENTED_EDGE('',*,*,#5125,.T.);
#3339=ORIENTED_EDGE('',*,*,#4851,.T.);
#3340=ORIENTED_EDGE('',*,*,#5118,.F.);
#3341=ORIENTED_EDGE('',*,*,#4885,.F.);
#3342=ORIENTED_EDGE('',*,*,#4884,.T.);
#3343=ORIENTED_EDGE('',*,*,#5123,.T.);
#3344=ORIENTED_EDGE('',*,*,#4852,.F.);
#3345=ORIENTED_EDGE('',*,*,#5125,.F.);
#3346=ORIENTED_EDGE('',*,*,#5126,.T.);
#3347=ORIENTED_EDGE('',*,*,#4845,.T.);
#3348=ORIENTED_EDGE('',*,*,#5122,.F.);
#3349=ORIENTED_EDGE('',*,*,#4882,.F.);
#3350=ORIENTED_EDGE('',*,*,#4881,.T.);
#3351=ORIENTED_EDGE('',*,*,#5121,.T.);
#3352=ORIENTED_EDGE('',*,*,#4846,.F.);
#3353=ORIENTED_EDGE('',*,*,#5126,.F.);
#3354=ORIENTED_EDGE('',*,*,#4895,.T.);
#3355=ORIENTED_EDGE('',*,*,#5127,.T.);
#3356=ORIENTED_EDGE('',*,*,#4841,.F.);
#3357=ORIENTED_EDGE('',*,*,#5128,.F.);
#3358=ORIENTED_EDGE('',*,*,#4898,.T.);
#3359=ORIENTED_EDGE('',*,*,#5129,.T.);
#3360=ORIENTED_EDGE('',*,*,#4838,.F.);
#3361=ORIENTED_EDGE('',*,*,#5130,.F.);
#3362=ORIENTED_EDGE('',*,*,#4892,.T.);
#3363=ORIENTED_EDGE('',*,*,#5131,.T.);
#3364=ORIENTED_EDGE('',*,*,#4844,.F.);
#3365=ORIENTED_EDGE('',*,*,#5132,.F.);
#3366=ORIENTED_EDGE('',*,*,#4896,.T.);
#3367=ORIENTED_EDGE('',*,*,#5128,.T.);
#3368=ORIENTED_EDGE('',*,*,#4840,.F.);
#3369=ORIENTED_EDGE('',*,*,#5133,.F.);
#3370=ORIENTED_EDGE('',*,*,#5133,.T.);
#3371=ORIENTED_EDGE('',*,*,#4839,.T.);
#3372=ORIENTED_EDGE('',*,*,#5129,.F.);
#3373=ORIENTED_EDGE('',*,*,#4897,.F.);
#3374=ORIENTED_EDGE('',*,*,#5134,.T.);
#3375=ORIENTED_EDGE('',*,*,#4842,.T.);
#3376=ORIENTED_EDGE('',*,*,#5127,.F.);
#3377=ORIENTED_EDGE('',*,*,#4894,.F.);
#3378=ORIENTED_EDGE('',*,*,#4893,.T.);
#3379=ORIENTED_EDGE('',*,*,#5132,.T.);
#3380=ORIENTED_EDGE('',*,*,#4843,.F.);
#3381=ORIENTED_EDGE('',*,*,#5134,.F.);
#3382=ORIENTED_EDGE('',*,*,#5135,.T.);
#3383=ORIENTED_EDGE('',*,*,#4836,.T.);
#3384=ORIENTED_EDGE('',*,*,#5131,.F.);
#3385=ORIENTED_EDGE('',*,*,#4891,.F.);
#3386=ORIENTED_EDGE('',*,*,#4890,.T.);
#3387=ORIENTED_EDGE('',*,*,#5130,.T.);
#3388=ORIENTED_EDGE('',*,*,#4837,.F.);
#3389=ORIENTED_EDGE('',*,*,#5135,.F.);
#3390=ORIENTED_EDGE('',*,*,#4904,.T.);
#3391=ORIENTED_EDGE('',*,*,#5136,.T.);
#3392=ORIENTED_EDGE('',*,*,#4832,.F.);
#3393=ORIENTED_EDGE('',*,*,#5137,.F.);
#3394=ORIENTED_EDGE('',*,*,#4907,.T.);
#3395=ORIENTED_EDGE('',*,*,#5138,.T.);
#3396=ORIENTED_EDGE('',*,*,#4829,.F.);
#3397=ORIENTED_EDGE('',*,*,#5139,.F.);
#3398=ORIENTED_EDGE('',*,*,#4901,.T.);
#3399=ORIENTED_EDGE('',*,*,#5140,.T.);
#3400=ORIENTED_EDGE('',*,*,#4835,.F.);
#3401=ORIENTED_EDGE('',*,*,#5141,.F.);
#3402=ORIENTED_EDGE('',*,*,#4905,.T.);
#3403=ORIENTED_EDGE('',*,*,#5137,.T.);
#3404=ORIENTED_EDGE('',*,*,#4831,.F.);
#3405=ORIENTED_EDGE('',*,*,#5142,.F.);
#3406=ORIENTED_EDGE('',*,*,#5142,.T.);
#3407=ORIENTED_EDGE('',*,*,#4830,.T.);
#3408=ORIENTED_EDGE('',*,*,#5138,.F.);
#3409=ORIENTED_EDGE('',*,*,#4906,.F.);
#3410=ORIENTED_EDGE('',*,*,#5143,.T.);
#3411=ORIENTED_EDGE('',*,*,#4833,.T.);
#3412=ORIENTED_EDGE('',*,*,#5136,.F.);
#3413=ORIENTED_EDGE('',*,*,#4903,.F.);
#3414=ORIENTED_EDGE('',*,*,#4902,.T.);
#3415=ORIENTED_EDGE('',*,*,#5141,.T.);
#3416=ORIENTED_EDGE('',*,*,#4834,.F.);
#3417=ORIENTED_EDGE('',*,*,#5143,.F.);
#3418=ORIENTED_EDGE('',*,*,#5144,.T.);
#3419=ORIENTED_EDGE('',*,*,#4827,.T.);
#3420=ORIENTED_EDGE('',*,*,#5140,.F.);
#3421=ORIENTED_EDGE('',*,*,#4900,.F.);
#3422=ORIENTED_EDGE('',*,*,#4899,.T.);
#3423=ORIENTED_EDGE('',*,*,#5139,.T.);
#3424=ORIENTED_EDGE('',*,*,#4828,.F.);
#3425=ORIENTED_EDGE('',*,*,#5144,.F.);
#3426=ORIENTED_EDGE('',*,*,#4913,.T.);
#3427=ORIENTED_EDGE('',*,*,#5145,.T.);
#3428=ORIENTED_EDGE('',*,*,#4823,.F.);
#3429=ORIENTED_EDGE('',*,*,#5146,.F.);
#3430=ORIENTED_EDGE('',*,*,#4916,.T.);
#3431=ORIENTED_EDGE('',*,*,#5147,.T.);
#3432=ORIENTED_EDGE('',*,*,#4820,.F.);
#3433=ORIENTED_EDGE('',*,*,#5148,.F.);
#3434=ORIENTED_EDGE('',*,*,#4910,.T.);
#3435=ORIENTED_EDGE('',*,*,#5149,.T.);
#3436=ORIENTED_EDGE('',*,*,#4826,.F.);
#3437=ORIENTED_EDGE('',*,*,#5150,.F.);
#3438=ORIENTED_EDGE('',*,*,#4914,.T.);
#3439=ORIENTED_EDGE('',*,*,#5146,.T.);
#3440=ORIENTED_EDGE('',*,*,#4822,.F.);
#3441=ORIENTED_EDGE('',*,*,#5151,.F.);
#3442=ORIENTED_EDGE('',*,*,#5151,.T.);
#3443=ORIENTED_EDGE('',*,*,#4821,.T.);
#3444=ORIENTED_EDGE('',*,*,#5147,.F.);
#3445=ORIENTED_EDGE('',*,*,#4915,.F.);
#3446=ORIENTED_EDGE('',*,*,#5152,.T.);
#3447=ORIENTED_EDGE('',*,*,#4824,.T.);
#3448=ORIENTED_EDGE('',*,*,#5145,.F.);
#3449=ORIENTED_EDGE('',*,*,#4912,.F.);
#3450=ORIENTED_EDGE('',*,*,#4911,.T.);
#3451=ORIENTED_EDGE('',*,*,#5150,.T.);
#3452=ORIENTED_EDGE('',*,*,#4825,.F.);
#3453=ORIENTED_EDGE('',*,*,#5152,.F.);
#3454=ORIENTED_EDGE('',*,*,#5153,.T.);
#3455=ORIENTED_EDGE('',*,*,#4818,.T.);
#3456=ORIENTED_EDGE('',*,*,#5149,.F.);
#3457=ORIENTED_EDGE('',*,*,#4909,.F.);
#3458=ORIENTED_EDGE('',*,*,#4908,.T.);
#3459=ORIENTED_EDGE('',*,*,#5148,.T.);
#3460=ORIENTED_EDGE('',*,*,#4819,.F.);
#3461=ORIENTED_EDGE('',*,*,#5153,.F.);
#3462=ORIENTED_EDGE('',*,*,#4922,.T.);
#3463=ORIENTED_EDGE('',*,*,#5154,.T.);
#3464=ORIENTED_EDGE('',*,*,#4814,.F.);
#3465=ORIENTED_EDGE('',*,*,#5155,.F.);
#3466=ORIENTED_EDGE('',*,*,#4925,.T.);
#3467=ORIENTED_EDGE('',*,*,#5156,.T.);
#3468=ORIENTED_EDGE('',*,*,#4811,.F.);
#3469=ORIENTED_EDGE('',*,*,#5157,.F.);
#3470=ORIENTED_EDGE('',*,*,#4919,.T.);
#3471=ORIENTED_EDGE('',*,*,#5158,.T.);
#3472=ORIENTED_EDGE('',*,*,#4817,.F.);
#3473=ORIENTED_EDGE('',*,*,#5159,.F.);
#3474=ORIENTED_EDGE('',*,*,#4923,.T.);
#3475=ORIENTED_EDGE('',*,*,#5155,.T.);
#3476=ORIENTED_EDGE('',*,*,#4813,.F.);
#3477=ORIENTED_EDGE('',*,*,#5160,.F.);
#3478=ORIENTED_EDGE('',*,*,#5160,.T.);
#3479=ORIENTED_EDGE('',*,*,#4812,.T.);
#3480=ORIENTED_EDGE('',*,*,#5156,.F.);
#3481=ORIENTED_EDGE('',*,*,#4924,.F.);
#3482=ORIENTED_EDGE('',*,*,#5161,.T.);
#3483=ORIENTED_EDGE('',*,*,#4815,.T.);
#3484=ORIENTED_EDGE('',*,*,#5154,.F.);
#3485=ORIENTED_EDGE('',*,*,#4921,.F.);
#3486=ORIENTED_EDGE('',*,*,#4920,.T.);
#3487=ORIENTED_EDGE('',*,*,#5159,.T.);
#3488=ORIENTED_EDGE('',*,*,#4816,.F.);
#3489=ORIENTED_EDGE('',*,*,#5161,.F.);
#3490=ORIENTED_EDGE('',*,*,#5162,.T.);
#3491=ORIENTED_EDGE('',*,*,#4809,.T.);
#3492=ORIENTED_EDGE('',*,*,#5158,.F.);
#3493=ORIENTED_EDGE('',*,*,#4918,.F.);
#3494=ORIENTED_EDGE('',*,*,#4917,.T.);
#3495=ORIENTED_EDGE('',*,*,#5157,.T.);
#3496=ORIENTED_EDGE('',*,*,#4810,.F.);
#3497=ORIENTED_EDGE('',*,*,#5162,.F.);
#3498=ORIENTED_EDGE('',*,*,#4931,.T.);
#3499=ORIENTED_EDGE('',*,*,#5163,.T.);
#3500=ORIENTED_EDGE('',*,*,#4805,.F.);
#3501=ORIENTED_EDGE('',*,*,#5164,.F.);
#3502=ORIENTED_EDGE('',*,*,#4934,.T.);
#3503=ORIENTED_EDGE('',*,*,#5165,.T.);
#3504=ORIENTED_EDGE('',*,*,#4802,.F.);
#3505=ORIENTED_EDGE('',*,*,#5166,.F.);
#3506=ORIENTED_EDGE('',*,*,#4928,.T.);
#3507=ORIENTED_EDGE('',*,*,#5167,.T.);
#3508=ORIENTED_EDGE('',*,*,#4808,.F.);
#3509=ORIENTED_EDGE('',*,*,#5168,.F.);
#3510=ORIENTED_EDGE('',*,*,#4932,.T.);
#3511=ORIENTED_EDGE('',*,*,#5164,.T.);
#3512=ORIENTED_EDGE('',*,*,#4804,.F.);
#3513=ORIENTED_EDGE('',*,*,#5169,.F.);
#3514=ORIENTED_EDGE('',*,*,#5169,.T.);
#3515=ORIENTED_EDGE('',*,*,#4803,.T.);
#3516=ORIENTED_EDGE('',*,*,#5165,.F.);
#3517=ORIENTED_EDGE('',*,*,#4933,.F.);
#3518=ORIENTED_EDGE('',*,*,#5170,.T.);
#3519=ORIENTED_EDGE('',*,*,#4806,.T.);
#3520=ORIENTED_EDGE('',*,*,#5163,.F.);
#3521=ORIENTED_EDGE('',*,*,#4930,.F.);
#3522=ORIENTED_EDGE('',*,*,#4929,.T.);
#3523=ORIENTED_EDGE('',*,*,#5168,.T.);
#3524=ORIENTED_EDGE('',*,*,#4807,.F.);
#3525=ORIENTED_EDGE('',*,*,#5170,.F.);
#3526=ORIENTED_EDGE('',*,*,#5171,.T.);
#3527=ORIENTED_EDGE('',*,*,#4800,.T.);
#3528=ORIENTED_EDGE('',*,*,#5167,.F.);
#3529=ORIENTED_EDGE('',*,*,#4927,.F.);
#3530=ORIENTED_EDGE('',*,*,#4926,.T.);
#3531=ORIENTED_EDGE('',*,*,#5166,.T.);
#3532=ORIENTED_EDGE('',*,*,#4801,.F.);
#3533=ORIENTED_EDGE('',*,*,#5171,.F.);
#3534=ORIENTED_EDGE('',*,*,#4940,.T.);
#3535=ORIENTED_EDGE('',*,*,#5172,.T.);
#3536=ORIENTED_EDGE('',*,*,#4796,.F.);
#3537=ORIENTED_EDGE('',*,*,#5173,.F.);
#3538=ORIENTED_EDGE('',*,*,#4943,.T.);
#3539=ORIENTED_EDGE('',*,*,#5174,.T.);
#3540=ORIENTED_EDGE('',*,*,#4793,.F.);
#3541=ORIENTED_EDGE('',*,*,#5175,.F.);
#3542=ORIENTED_EDGE('',*,*,#4937,.T.);
#3543=ORIENTED_EDGE('',*,*,#5176,.T.);
#3544=ORIENTED_EDGE('',*,*,#4799,.F.);
#3545=ORIENTED_EDGE('',*,*,#5177,.F.);
#3546=ORIENTED_EDGE('',*,*,#4941,.T.);
#3547=ORIENTED_EDGE('',*,*,#5173,.T.);
#3548=ORIENTED_EDGE('',*,*,#4795,.F.);
#3549=ORIENTED_EDGE('',*,*,#5178,.F.);
#3550=ORIENTED_EDGE('',*,*,#5178,.T.);
#3551=ORIENTED_EDGE('',*,*,#4794,.T.);
#3552=ORIENTED_EDGE('',*,*,#5174,.F.);
#3553=ORIENTED_EDGE('',*,*,#4942,.F.);
#3554=ORIENTED_EDGE('',*,*,#5179,.T.);
#3555=ORIENTED_EDGE('',*,*,#4797,.T.);
#3556=ORIENTED_EDGE('',*,*,#5172,.F.);
#3557=ORIENTED_EDGE('',*,*,#4939,.F.);
#3558=ORIENTED_EDGE('',*,*,#4938,.T.);
#3559=ORIENTED_EDGE('',*,*,#5177,.T.);
#3560=ORIENTED_EDGE('',*,*,#4798,.F.);
#3561=ORIENTED_EDGE('',*,*,#5179,.F.);
#3562=ORIENTED_EDGE('',*,*,#5180,.T.);
#3563=ORIENTED_EDGE('',*,*,#4791,.T.);
#3564=ORIENTED_EDGE('',*,*,#5176,.F.);
#3565=ORIENTED_EDGE('',*,*,#4936,.F.);
#3566=ORIENTED_EDGE('',*,*,#4935,.T.);
#3567=ORIENTED_EDGE('',*,*,#5175,.T.);
#3568=ORIENTED_EDGE('',*,*,#4792,.F.);
#3569=ORIENTED_EDGE('',*,*,#5180,.F.);
#3570=ORIENTED_EDGE('',*,*,#4949,.T.);
#3571=ORIENTED_EDGE('',*,*,#5181,.T.);
#3572=ORIENTED_EDGE('',*,*,#4787,.F.);
#3573=ORIENTED_EDGE('',*,*,#5182,.F.);
#3574=ORIENTED_EDGE('',*,*,#4952,.T.);
#3575=ORIENTED_EDGE('',*,*,#5183,.T.);
#3576=ORIENTED_EDGE('',*,*,#4784,.F.);
#3577=ORIENTED_EDGE('',*,*,#5184,.F.);
#3578=ORIENTED_EDGE('',*,*,#4946,.T.);
#3579=ORIENTED_EDGE('',*,*,#5185,.T.);
#3580=ORIENTED_EDGE('',*,*,#4790,.F.);
#3581=ORIENTED_EDGE('',*,*,#5186,.F.);
#3582=ORIENTED_EDGE('',*,*,#4950,.T.);
#3583=ORIENTED_EDGE('',*,*,#5182,.T.);
#3584=ORIENTED_EDGE('',*,*,#4786,.F.);
#3585=ORIENTED_EDGE('',*,*,#5187,.F.);
#3586=ORIENTED_EDGE('',*,*,#5187,.T.);
#3587=ORIENTED_EDGE('',*,*,#4785,.T.);
#3588=ORIENTED_EDGE('',*,*,#5183,.F.);
#3589=ORIENTED_EDGE('',*,*,#4951,.F.);
#3590=ORIENTED_EDGE('',*,*,#5188,.T.);
#3591=ORIENTED_EDGE('',*,*,#4788,.T.);
#3592=ORIENTED_EDGE('',*,*,#5181,.F.);
#3593=ORIENTED_EDGE('',*,*,#4948,.F.);
#3594=ORIENTED_EDGE('',*,*,#4947,.T.);
#3595=ORIENTED_EDGE('',*,*,#5186,.T.);
#3596=ORIENTED_EDGE('',*,*,#4789,.F.);
#3597=ORIENTED_EDGE('',*,*,#5188,.F.);
#3598=ORIENTED_EDGE('',*,*,#5189,.T.);
#3599=ORIENTED_EDGE('',*,*,#4782,.T.);
#3600=ORIENTED_EDGE('',*,*,#5185,.F.);
#3601=ORIENTED_EDGE('',*,*,#4945,.F.);
#3602=ORIENTED_EDGE('',*,*,#4944,.T.);
#3603=ORIENTED_EDGE('',*,*,#5184,.T.);
#3604=ORIENTED_EDGE('',*,*,#4783,.F.);
#3605=ORIENTED_EDGE('',*,*,#5189,.F.);
#3606=ORIENTED_EDGE('',*,*,#5012,.T.);
#3607=ORIENTED_EDGE('',*,*,#5190,.T.);
#3608=ORIENTED_EDGE('',*,*,#4724,.F.);
#3609=ORIENTED_EDGE('',*,*,#5191,.F.);
#3610=ORIENTED_EDGE('',*,*,#5015,.T.);
#3611=ORIENTED_EDGE('',*,*,#5192,.T.);
#3612=ORIENTED_EDGE('',*,*,#4721,.F.);
#3613=ORIENTED_EDGE('',*,*,#5193,.F.);
#3614=ORIENTED_EDGE('',*,*,#5009,.T.);
#3615=ORIENTED_EDGE('',*,*,#5194,.T.);
#3616=ORIENTED_EDGE('',*,*,#4727,.F.);
#3617=ORIENTED_EDGE('',*,*,#5195,.F.);
#3618=ORIENTED_EDGE('',*,*,#5013,.T.);
#3619=ORIENTED_EDGE('',*,*,#5191,.T.);
#3620=ORIENTED_EDGE('',*,*,#4723,.F.);
#3621=ORIENTED_EDGE('',*,*,#5196,.F.);
#3622=ORIENTED_EDGE('',*,*,#5196,.T.);
#3623=ORIENTED_EDGE('',*,*,#4722,.T.);
#3624=ORIENTED_EDGE('',*,*,#5192,.F.);
#3625=ORIENTED_EDGE('',*,*,#5014,.F.);
#3626=ORIENTED_EDGE('',*,*,#5197,.T.);
#3627=ORIENTED_EDGE('',*,*,#4725,.T.);
#3628=ORIENTED_EDGE('',*,*,#5190,.F.);
#3629=ORIENTED_EDGE('',*,*,#5011,.F.);
#3630=ORIENTED_EDGE('',*,*,#5010,.T.);
#3631=ORIENTED_EDGE('',*,*,#5195,.T.);
#3632=ORIENTED_EDGE('',*,*,#4726,.F.);
#3633=ORIENTED_EDGE('',*,*,#5197,.F.);
#3634=ORIENTED_EDGE('',*,*,#5198,.T.);
#3635=ORIENTED_EDGE('',*,*,#4719,.T.);
#3636=ORIENTED_EDGE('',*,*,#5194,.F.);
#3637=ORIENTED_EDGE('',*,*,#5008,.F.);
#3638=ORIENTED_EDGE('',*,*,#5007,.T.);
#3639=ORIENTED_EDGE('',*,*,#5193,.T.);
#3640=ORIENTED_EDGE('',*,*,#4720,.F.);
#3641=ORIENTED_EDGE('',*,*,#5198,.F.);
#3642=ORIENTED_EDGE('',*,*,#5003,.T.);
#3643=ORIENTED_EDGE('',*,*,#5199,.T.);
#3644=ORIENTED_EDGE('',*,*,#4733,.F.);
#3645=ORIENTED_EDGE('',*,*,#5200,.F.);
#3646=ORIENTED_EDGE('',*,*,#5006,.T.);
#3647=ORIENTED_EDGE('',*,*,#5201,.T.);
#3648=ORIENTED_EDGE('',*,*,#4730,.F.);
#3649=ORIENTED_EDGE('',*,*,#5202,.F.);
#3650=ORIENTED_EDGE('',*,*,#5000,.T.);
#3651=ORIENTED_EDGE('',*,*,#5203,.T.);
#3652=ORIENTED_EDGE('',*,*,#4736,.F.);
#3653=ORIENTED_EDGE('',*,*,#5204,.F.);
#3654=ORIENTED_EDGE('',*,*,#5004,.T.);
#3655=ORIENTED_EDGE('',*,*,#5200,.T.);
#3656=ORIENTED_EDGE('',*,*,#4732,.F.);
#3657=ORIENTED_EDGE('',*,*,#5205,.F.);
#3658=ORIENTED_EDGE('',*,*,#5205,.T.);
#3659=ORIENTED_EDGE('',*,*,#4731,.T.);
#3660=ORIENTED_EDGE('',*,*,#5201,.F.);
#3661=ORIENTED_EDGE('',*,*,#5005,.F.);
#3662=ORIENTED_EDGE('',*,*,#5206,.T.);
#3663=ORIENTED_EDGE('',*,*,#4734,.T.);
#3664=ORIENTED_EDGE('',*,*,#5199,.F.);
#3665=ORIENTED_EDGE('',*,*,#5002,.F.);
#3666=ORIENTED_EDGE('',*,*,#5001,.T.);
#3667=ORIENTED_EDGE('',*,*,#5204,.T.);
#3668=ORIENTED_EDGE('',*,*,#4735,.F.);
#3669=ORIENTED_EDGE('',*,*,#5206,.F.);
#3670=ORIENTED_EDGE('',*,*,#5207,.T.);
#3671=ORIENTED_EDGE('',*,*,#4728,.T.);
#3672=ORIENTED_EDGE('',*,*,#5203,.F.);
#3673=ORIENTED_EDGE('',*,*,#4999,.F.);
#3674=ORIENTED_EDGE('',*,*,#4998,.T.);
#3675=ORIENTED_EDGE('',*,*,#5202,.T.);
#3676=ORIENTED_EDGE('',*,*,#4729,.F.);
#3677=ORIENTED_EDGE('',*,*,#5207,.F.);
#3678=ORIENTED_EDGE('',*,*,#4994,.T.);
#3679=ORIENTED_EDGE('',*,*,#5208,.T.);
#3680=ORIENTED_EDGE('',*,*,#4742,.F.);
#3681=ORIENTED_EDGE('',*,*,#5209,.F.);
#3682=ORIENTED_EDGE('',*,*,#4997,.T.);
#3683=ORIENTED_EDGE('',*,*,#5210,.T.);
#3684=ORIENTED_EDGE('',*,*,#4739,.F.);
#3685=ORIENTED_EDGE('',*,*,#5211,.F.);
#3686=ORIENTED_EDGE('',*,*,#4991,.T.);
#3687=ORIENTED_EDGE('',*,*,#5212,.T.);
#3688=ORIENTED_EDGE('',*,*,#4745,.F.);
#3689=ORIENTED_EDGE('',*,*,#5213,.F.);
#3690=ORIENTED_EDGE('',*,*,#4995,.T.);
#3691=ORIENTED_EDGE('',*,*,#5209,.T.);
#3692=ORIENTED_EDGE('',*,*,#4741,.F.);
#3693=ORIENTED_EDGE('',*,*,#5214,.F.);
#3694=ORIENTED_EDGE('',*,*,#5214,.T.);
#3695=ORIENTED_EDGE('',*,*,#4740,.T.);
#3696=ORIENTED_EDGE('',*,*,#5210,.F.);
#3697=ORIENTED_EDGE('',*,*,#4996,.F.);
#3698=ORIENTED_EDGE('',*,*,#5215,.T.);
#3699=ORIENTED_EDGE('',*,*,#4743,.T.);
#3700=ORIENTED_EDGE('',*,*,#5208,.F.);
#3701=ORIENTED_EDGE('',*,*,#4993,.F.);
#3702=ORIENTED_EDGE('',*,*,#4992,.T.);
#3703=ORIENTED_EDGE('',*,*,#5213,.T.);
#3704=ORIENTED_EDGE('',*,*,#4744,.F.);
#3705=ORIENTED_EDGE('',*,*,#5215,.F.);
#3706=ORIENTED_EDGE('',*,*,#5216,.T.);
#3707=ORIENTED_EDGE('',*,*,#4737,.T.);
#3708=ORIENTED_EDGE('',*,*,#5212,.F.);
#3709=ORIENTED_EDGE('',*,*,#4990,.F.);
#3710=ORIENTED_EDGE('',*,*,#4989,.T.);
#3711=ORIENTED_EDGE('',*,*,#5211,.T.);
#3712=ORIENTED_EDGE('',*,*,#4738,.F.);
#3713=ORIENTED_EDGE('',*,*,#5216,.F.);
#3714=ORIENTED_EDGE('',*,*,#4985,.T.);
#3715=ORIENTED_EDGE('',*,*,#5217,.T.);
#3716=ORIENTED_EDGE('',*,*,#4751,.F.);
#3717=ORIENTED_EDGE('',*,*,#5218,.F.);
#3718=ORIENTED_EDGE('',*,*,#4988,.T.);
#3719=ORIENTED_EDGE('',*,*,#5219,.T.);
#3720=ORIENTED_EDGE('',*,*,#4748,.F.);
#3721=ORIENTED_EDGE('',*,*,#5220,.F.);
#3722=ORIENTED_EDGE('',*,*,#4982,.T.);
#3723=ORIENTED_EDGE('',*,*,#5221,.T.);
#3724=ORIENTED_EDGE('',*,*,#4754,.F.);
#3725=ORIENTED_EDGE('',*,*,#5222,.F.);
#3726=ORIENTED_EDGE('',*,*,#4986,.T.);
#3727=ORIENTED_EDGE('',*,*,#5218,.T.);
#3728=ORIENTED_EDGE('',*,*,#4750,.F.);
#3729=ORIENTED_EDGE('',*,*,#5223,.F.);
#3730=ORIENTED_EDGE('',*,*,#5223,.T.);
#3731=ORIENTED_EDGE('',*,*,#4749,.T.);
#3732=ORIENTED_EDGE('',*,*,#5219,.F.);
#3733=ORIENTED_EDGE('',*,*,#4987,.F.);
#3734=ORIENTED_EDGE('',*,*,#5224,.T.);
#3735=ORIENTED_EDGE('',*,*,#4752,.T.);
#3736=ORIENTED_EDGE('',*,*,#5217,.F.);
#3737=ORIENTED_EDGE('',*,*,#4984,.F.);
#3738=ORIENTED_EDGE('',*,*,#4983,.T.);
#3739=ORIENTED_EDGE('',*,*,#5222,.T.);
#3740=ORIENTED_EDGE('',*,*,#4753,.F.);
#3741=ORIENTED_EDGE('',*,*,#5224,.F.);
#3742=ORIENTED_EDGE('',*,*,#5225,.T.);
#3743=ORIENTED_EDGE('',*,*,#4746,.T.);
#3744=ORIENTED_EDGE('',*,*,#5221,.F.);
#3745=ORIENTED_EDGE('',*,*,#4981,.F.);
#3746=ORIENTED_EDGE('',*,*,#4980,.T.);
#3747=ORIENTED_EDGE('',*,*,#5220,.T.);
#3748=ORIENTED_EDGE('',*,*,#4747,.F.);
#3749=ORIENTED_EDGE('',*,*,#5225,.F.);
#3750=ORIENTED_EDGE('',*,*,#4976,.T.);
#3751=ORIENTED_EDGE('',*,*,#5226,.T.);
#3752=ORIENTED_EDGE('',*,*,#4760,.F.);
#3753=ORIENTED_EDGE('',*,*,#5227,.F.);
#3754=ORIENTED_EDGE('',*,*,#4979,.T.);
#3755=ORIENTED_EDGE('',*,*,#5228,.T.);
#3756=ORIENTED_EDGE('',*,*,#4757,.F.);
#3757=ORIENTED_EDGE('',*,*,#5229,.F.);
#3758=ORIENTED_EDGE('',*,*,#4973,.T.);
#3759=ORIENTED_EDGE('',*,*,#5230,.T.);
#3760=ORIENTED_EDGE('',*,*,#4763,.F.);
#3761=ORIENTED_EDGE('',*,*,#5231,.F.);
#3762=ORIENTED_EDGE('',*,*,#4977,.T.);
#3763=ORIENTED_EDGE('',*,*,#5227,.T.);
#3764=ORIENTED_EDGE('',*,*,#4759,.F.);
#3765=ORIENTED_EDGE('',*,*,#5232,.F.);
#3766=ORIENTED_EDGE('',*,*,#5232,.T.);
#3767=ORIENTED_EDGE('',*,*,#4758,.T.);
#3768=ORIENTED_EDGE('',*,*,#5228,.F.);
#3769=ORIENTED_EDGE('',*,*,#4978,.F.);
#3770=ORIENTED_EDGE('',*,*,#5233,.T.);
#3771=ORIENTED_EDGE('',*,*,#4761,.T.);
#3772=ORIENTED_EDGE('',*,*,#5226,.F.);
#3773=ORIENTED_EDGE('',*,*,#4975,.F.);
#3774=ORIENTED_EDGE('',*,*,#4974,.T.);
#3775=ORIENTED_EDGE('',*,*,#5231,.T.);
#3776=ORIENTED_EDGE('',*,*,#4762,.F.);
#3777=ORIENTED_EDGE('',*,*,#5233,.F.);
#3778=ORIENTED_EDGE('',*,*,#5234,.T.);
#3779=ORIENTED_EDGE('',*,*,#4755,.T.);
#3780=ORIENTED_EDGE('',*,*,#5230,.F.);
#3781=ORIENTED_EDGE('',*,*,#4972,.F.);
#3782=ORIENTED_EDGE('',*,*,#4971,.T.);
#3783=ORIENTED_EDGE('',*,*,#5229,.T.);
#3784=ORIENTED_EDGE('',*,*,#4756,.F.);
#3785=ORIENTED_EDGE('',*,*,#5234,.F.);
#3786=ORIENTED_EDGE('',*,*,#4967,.T.);
#3787=ORIENTED_EDGE('',*,*,#5235,.T.);
#3788=ORIENTED_EDGE('',*,*,#4769,.F.);
#3789=ORIENTED_EDGE('',*,*,#5236,.F.);
#3790=ORIENTED_EDGE('',*,*,#4970,.T.);
#3791=ORIENTED_EDGE('',*,*,#5237,.T.);
#3792=ORIENTED_EDGE('',*,*,#4766,.F.);
#3793=ORIENTED_EDGE('',*,*,#5238,.F.);
#3794=ORIENTED_EDGE('',*,*,#4964,.T.);
#3795=ORIENTED_EDGE('',*,*,#5239,.T.);
#3796=ORIENTED_EDGE('',*,*,#4772,.F.);
#3797=ORIENTED_EDGE('',*,*,#5240,.F.);
#3798=ORIENTED_EDGE('',*,*,#4968,.T.);
#3799=ORIENTED_EDGE('',*,*,#5236,.T.);
#3800=ORIENTED_EDGE('',*,*,#4768,.F.);
#3801=ORIENTED_EDGE('',*,*,#5241,.F.);
#3802=ORIENTED_EDGE('',*,*,#5241,.T.);
#3803=ORIENTED_EDGE('',*,*,#4767,.T.);
#3804=ORIENTED_EDGE('',*,*,#5237,.F.);
#3805=ORIENTED_EDGE('',*,*,#4969,.F.);
#3806=ORIENTED_EDGE('',*,*,#5242,.T.);
#3807=ORIENTED_EDGE('',*,*,#4770,.T.);
#3808=ORIENTED_EDGE('',*,*,#5235,.F.);
#3809=ORIENTED_EDGE('',*,*,#4966,.F.);
#3810=ORIENTED_EDGE('',*,*,#4965,.T.);
#3811=ORIENTED_EDGE('',*,*,#5240,.T.);
#3812=ORIENTED_EDGE('',*,*,#4771,.F.);
#3813=ORIENTED_EDGE('',*,*,#5242,.F.);
#3814=ORIENTED_EDGE('',*,*,#5243,.T.);
#3815=ORIENTED_EDGE('',*,*,#4764,.T.);
#3816=ORIENTED_EDGE('',*,*,#5239,.F.);
#3817=ORIENTED_EDGE('',*,*,#4963,.F.);
#3818=ORIENTED_EDGE('',*,*,#4962,.T.);
#3819=ORIENTED_EDGE('',*,*,#5238,.T.);
#3820=ORIENTED_EDGE('',*,*,#4765,.F.);
#3821=ORIENTED_EDGE('',*,*,#5243,.F.);
#3822=ORIENTED_EDGE('',*,*,#4958,.T.);
#3823=ORIENTED_EDGE('',*,*,#5244,.T.);
#3824=ORIENTED_EDGE('',*,*,#4778,.F.);
#3825=ORIENTED_EDGE('',*,*,#5245,.F.);
#3826=ORIENTED_EDGE('',*,*,#4961,.T.);
#3827=ORIENTED_EDGE('',*,*,#5246,.T.);
#3828=ORIENTED_EDGE('',*,*,#4775,.F.);
#3829=ORIENTED_EDGE('',*,*,#5247,.F.);
#3830=ORIENTED_EDGE('',*,*,#4955,.T.);
#3831=ORIENTED_EDGE('',*,*,#5248,.T.);
#3832=ORIENTED_EDGE('',*,*,#4781,.F.);
#3833=ORIENTED_EDGE('',*,*,#5249,.F.);
#3834=ORIENTED_EDGE('',*,*,#4959,.T.);
#3835=ORIENTED_EDGE('',*,*,#5245,.T.);
#3836=ORIENTED_EDGE('',*,*,#4777,.F.);
#3837=ORIENTED_EDGE('',*,*,#5250,.F.);
#3838=ORIENTED_EDGE('',*,*,#5250,.T.);
#3839=ORIENTED_EDGE('',*,*,#4776,.T.);
#3840=ORIENTED_EDGE('',*,*,#5246,.F.);
#3841=ORIENTED_EDGE('',*,*,#4960,.F.);
#3842=ORIENTED_EDGE('',*,*,#5251,.T.);
#3843=ORIENTED_EDGE('',*,*,#4779,.T.);
#3844=ORIENTED_EDGE('',*,*,#5244,.F.);
#3845=ORIENTED_EDGE('',*,*,#4957,.F.);
#3846=ORIENTED_EDGE('',*,*,#4956,.T.);
#3847=ORIENTED_EDGE('',*,*,#5249,.T.);
#3848=ORIENTED_EDGE('',*,*,#4780,.F.);
#3849=ORIENTED_EDGE('',*,*,#5251,.F.);
#3850=ORIENTED_EDGE('',*,*,#5252,.T.);
#3851=ORIENTED_EDGE('',*,*,#4773,.T.);
#3852=ORIENTED_EDGE('',*,*,#5248,.F.);
#3853=ORIENTED_EDGE('',*,*,#4954,.F.);
#3854=ORIENTED_EDGE('',*,*,#4953,.T.);
#3855=ORIENTED_EDGE('',*,*,#5247,.T.);
#3856=ORIENTED_EDGE('',*,*,#4774,.F.);
#3857=ORIENTED_EDGE('',*,*,#5252,.F.);
#3858=ORIENTED_EDGE('',*,*,#5021,.T.);
#3859=ORIENTED_EDGE('',*,*,#5253,.T.);
#3860=ORIENTED_EDGE('',*,*,#4715,.F.);
#3861=ORIENTED_EDGE('',*,*,#5254,.F.);
#3862=ORIENTED_EDGE('',*,*,#5024,.T.);
#3863=ORIENTED_EDGE('',*,*,#5255,.T.);
#3864=ORIENTED_EDGE('',*,*,#4712,.F.);
#3865=ORIENTED_EDGE('',*,*,#5256,.F.);
#3866=ORIENTED_EDGE('',*,*,#5018,.T.);
#3867=ORIENTED_EDGE('',*,*,#5257,.T.);
#3868=ORIENTED_EDGE('',*,*,#4718,.F.);
#3869=ORIENTED_EDGE('',*,*,#5258,.F.);
#3870=ORIENTED_EDGE('',*,*,#5022,.T.);
#3871=ORIENTED_EDGE('',*,*,#5254,.T.);
#3872=ORIENTED_EDGE('',*,*,#4714,.F.);
#3873=ORIENTED_EDGE('',*,*,#5259,.F.);
#3874=ORIENTED_EDGE('',*,*,#5259,.T.);
#3875=ORIENTED_EDGE('',*,*,#4713,.T.);
#3876=ORIENTED_EDGE('',*,*,#5255,.F.);
#3877=ORIENTED_EDGE('',*,*,#5023,.F.);
#3878=ORIENTED_EDGE('',*,*,#5260,.T.);
#3879=ORIENTED_EDGE('',*,*,#4716,.T.);
#3880=ORIENTED_EDGE('',*,*,#5253,.F.);
#3881=ORIENTED_EDGE('',*,*,#5020,.F.);
#3882=ORIENTED_EDGE('',*,*,#5019,.T.);
#3883=ORIENTED_EDGE('',*,*,#5258,.T.);
#3884=ORIENTED_EDGE('',*,*,#4717,.F.);
#3885=ORIENTED_EDGE('',*,*,#5260,.F.);
#3886=ORIENTED_EDGE('',*,*,#5261,.T.);
#3887=ORIENTED_EDGE('',*,*,#4710,.T.);
#3888=ORIENTED_EDGE('',*,*,#5257,.F.);
#3889=ORIENTED_EDGE('',*,*,#5017,.F.);
#3890=ORIENTED_EDGE('',*,*,#5016,.T.);
#3891=ORIENTED_EDGE('',*,*,#5256,.T.);
#3892=ORIENTED_EDGE('',*,*,#4711,.F.);
#3893=ORIENTED_EDGE('',*,*,#5261,.F.);
#3894=ORIENTED_EDGE('',*,*,#5030,.T.);
#3895=ORIENTED_EDGE('',*,*,#5262,.T.);
#3896=ORIENTED_EDGE('',*,*,#4706,.F.);
#3897=ORIENTED_EDGE('',*,*,#5263,.F.);
#3898=ORIENTED_EDGE('',*,*,#5033,.T.);
#3899=ORIENTED_EDGE('',*,*,#5264,.T.);
#3900=ORIENTED_EDGE('',*,*,#4703,.F.);
#3901=ORIENTED_EDGE('',*,*,#5265,.F.);
#3902=ORIENTED_EDGE('',*,*,#5027,.T.);
#3903=ORIENTED_EDGE('',*,*,#5266,.T.);
#3904=ORIENTED_EDGE('',*,*,#4709,.F.);
#3905=ORIENTED_EDGE('',*,*,#5267,.F.);
#3906=ORIENTED_EDGE('',*,*,#5031,.T.);
#3907=ORIENTED_EDGE('',*,*,#5263,.T.);
#3908=ORIENTED_EDGE('',*,*,#4705,.F.);
#3909=ORIENTED_EDGE('',*,*,#5268,.F.);
#3910=ORIENTED_EDGE('',*,*,#5268,.T.);
#3911=ORIENTED_EDGE('',*,*,#4704,.T.);
#3912=ORIENTED_EDGE('',*,*,#5264,.F.);
#3913=ORIENTED_EDGE('',*,*,#5032,.F.);
#3914=ORIENTED_EDGE('',*,*,#5269,.T.);
#3915=ORIENTED_EDGE('',*,*,#4707,.T.);
#3916=ORIENTED_EDGE('',*,*,#5262,.F.);
#3917=ORIENTED_EDGE('',*,*,#5029,.F.);
#3918=ORIENTED_EDGE('',*,*,#5028,.T.);
#3919=ORIENTED_EDGE('',*,*,#5267,.T.);
#3920=ORIENTED_EDGE('',*,*,#4708,.F.);
#3921=ORIENTED_EDGE('',*,*,#5269,.F.);
#3922=ORIENTED_EDGE('',*,*,#5270,.T.);
#3923=ORIENTED_EDGE('',*,*,#4701,.T.);
#3924=ORIENTED_EDGE('',*,*,#5266,.F.);
#3925=ORIENTED_EDGE('',*,*,#5026,.F.);
#3926=ORIENTED_EDGE('',*,*,#5025,.T.);
#3927=ORIENTED_EDGE('',*,*,#5265,.T.);
#3928=ORIENTED_EDGE('',*,*,#4702,.F.);
#3929=ORIENTED_EDGE('',*,*,#5270,.F.);
#3930=ORIENTED_EDGE('',*,*,#5039,.T.);
#3931=ORIENTED_EDGE('',*,*,#5271,.T.);
#3932=ORIENTED_EDGE('',*,*,#4697,.F.);
#3933=ORIENTED_EDGE('',*,*,#5272,.F.);
#3934=ORIENTED_EDGE('',*,*,#5042,.T.);
#3935=ORIENTED_EDGE('',*,*,#5273,.T.);
#3936=ORIENTED_EDGE('',*,*,#4694,.F.);
#3937=ORIENTED_EDGE('',*,*,#5274,.F.);
#3938=ORIENTED_EDGE('',*,*,#5036,.T.);
#3939=ORIENTED_EDGE('',*,*,#5275,.T.);
#3940=ORIENTED_EDGE('',*,*,#4700,.F.);
#3941=ORIENTED_EDGE('',*,*,#5276,.F.);
#3942=ORIENTED_EDGE('',*,*,#5040,.T.);
#3943=ORIENTED_EDGE('',*,*,#5272,.T.);
#3944=ORIENTED_EDGE('',*,*,#4696,.F.);
#3945=ORIENTED_EDGE('',*,*,#5277,.F.);
#3946=ORIENTED_EDGE('',*,*,#5277,.T.);
#3947=ORIENTED_EDGE('',*,*,#4695,.T.);
#3948=ORIENTED_EDGE('',*,*,#5273,.F.);
#3949=ORIENTED_EDGE('',*,*,#5041,.F.);
#3950=ORIENTED_EDGE('',*,*,#5278,.T.);
#3951=ORIENTED_EDGE('',*,*,#4698,.T.);
#3952=ORIENTED_EDGE('',*,*,#5271,.F.);
#3953=ORIENTED_EDGE('',*,*,#5038,.F.);
#3954=ORIENTED_EDGE('',*,*,#5037,.T.);
#3955=ORIENTED_EDGE('',*,*,#5276,.T.);
#3956=ORIENTED_EDGE('',*,*,#4699,.F.);
#3957=ORIENTED_EDGE('',*,*,#5278,.F.);
#3958=ORIENTED_EDGE('',*,*,#5279,.T.);
#3959=ORIENTED_EDGE('',*,*,#4692,.T.);
#3960=ORIENTED_EDGE('',*,*,#5275,.F.);
#3961=ORIENTED_EDGE('',*,*,#5035,.F.);
#3962=ORIENTED_EDGE('',*,*,#5034,.T.);
#3963=ORIENTED_EDGE('',*,*,#5274,.T.);
#3964=ORIENTED_EDGE('',*,*,#4693,.F.);
#3965=ORIENTED_EDGE('',*,*,#5279,.F.);
#3966=ORIENTED_EDGE('',*,*,#5048,.T.);
#3967=ORIENTED_EDGE('',*,*,#5280,.T.);
#3968=ORIENTED_EDGE('',*,*,#4688,.F.);
#3969=ORIENTED_EDGE('',*,*,#5281,.F.);
#3970=ORIENTED_EDGE('',*,*,#5051,.T.);
#3971=ORIENTED_EDGE('',*,*,#5282,.T.);
#3972=ORIENTED_EDGE('',*,*,#4685,.F.);
#3973=ORIENTED_EDGE('',*,*,#5283,.F.);
#3974=ORIENTED_EDGE('',*,*,#5045,.T.);
#3975=ORIENTED_EDGE('',*,*,#5284,.T.);
#3976=ORIENTED_EDGE('',*,*,#4691,.F.);
#3977=ORIENTED_EDGE('',*,*,#5285,.F.);
#3978=ORIENTED_EDGE('',*,*,#5049,.T.);
#3979=ORIENTED_EDGE('',*,*,#5281,.T.);
#3980=ORIENTED_EDGE('',*,*,#4687,.F.);
#3981=ORIENTED_EDGE('',*,*,#5286,.F.);
#3982=ORIENTED_EDGE('',*,*,#5286,.T.);
#3983=ORIENTED_EDGE('',*,*,#4686,.T.);
#3984=ORIENTED_EDGE('',*,*,#5282,.F.);
#3985=ORIENTED_EDGE('',*,*,#5050,.F.);
#3986=ORIENTED_EDGE('',*,*,#5287,.T.);
#3987=ORIENTED_EDGE('',*,*,#4689,.T.);
#3988=ORIENTED_EDGE('',*,*,#5280,.F.);
#3989=ORIENTED_EDGE('',*,*,#5047,.F.);
#3990=ORIENTED_EDGE('',*,*,#5046,.T.);
#3991=ORIENTED_EDGE('',*,*,#5285,.T.);
#3992=ORIENTED_EDGE('',*,*,#4690,.F.);
#3993=ORIENTED_EDGE('',*,*,#5287,.F.);
#3994=ORIENTED_EDGE('',*,*,#5288,.T.);
#3995=ORIENTED_EDGE('',*,*,#4683,.T.);
#3996=ORIENTED_EDGE('',*,*,#5284,.F.);
#3997=ORIENTED_EDGE('',*,*,#5044,.F.);
#3998=ORIENTED_EDGE('',*,*,#5043,.T.);
#3999=ORIENTED_EDGE('',*,*,#5283,.T.);
#4000=ORIENTED_EDGE('',*,*,#4684,.F.);
#4001=ORIENTED_EDGE('',*,*,#5288,.F.);
#4002=ORIENTED_EDGE('',*,*,#5057,.T.);
#4003=ORIENTED_EDGE('',*,*,#5289,.T.);
#4004=ORIENTED_EDGE('',*,*,#4679,.F.);
#4005=ORIENTED_EDGE('',*,*,#5290,.F.);
#4006=ORIENTED_EDGE('',*,*,#5060,.T.);
#4007=ORIENTED_EDGE('',*,*,#5291,.T.);
#4008=ORIENTED_EDGE('',*,*,#4676,.F.);
#4009=ORIENTED_EDGE('',*,*,#5292,.F.);
#4010=ORIENTED_EDGE('',*,*,#5054,.T.);
#4011=ORIENTED_EDGE('',*,*,#5293,.T.);
#4012=ORIENTED_EDGE('',*,*,#4682,.F.);
#4013=ORIENTED_EDGE('',*,*,#5294,.F.);
#4014=ORIENTED_EDGE('',*,*,#5058,.T.);
#4015=ORIENTED_EDGE('',*,*,#5290,.T.);
#4016=ORIENTED_EDGE('',*,*,#4678,.F.);
#4017=ORIENTED_EDGE('',*,*,#5295,.F.);
#4018=ORIENTED_EDGE('',*,*,#5295,.T.);
#4019=ORIENTED_EDGE('',*,*,#4677,.T.);
#4020=ORIENTED_EDGE('',*,*,#5291,.F.);
#4021=ORIENTED_EDGE('',*,*,#5059,.F.);
#4022=ORIENTED_EDGE('',*,*,#5296,.T.);
#4023=ORIENTED_EDGE('',*,*,#4680,.T.);
#4024=ORIENTED_EDGE('',*,*,#5289,.F.);
#4025=ORIENTED_EDGE('',*,*,#5056,.F.);
#4026=ORIENTED_EDGE('',*,*,#5055,.T.);
#4027=ORIENTED_EDGE('',*,*,#5294,.T.);
#4028=ORIENTED_EDGE('',*,*,#4681,.F.);
#4029=ORIENTED_EDGE('',*,*,#5296,.F.);
#4030=ORIENTED_EDGE('',*,*,#5297,.T.);
#4031=ORIENTED_EDGE('',*,*,#4674,.T.);
#4032=ORIENTED_EDGE('',*,*,#5293,.F.);
#4033=ORIENTED_EDGE('',*,*,#5053,.F.);
#4034=ORIENTED_EDGE('',*,*,#5052,.T.);
#4035=ORIENTED_EDGE('',*,*,#5292,.T.);
#4036=ORIENTED_EDGE('',*,*,#4675,.F.);
#4037=ORIENTED_EDGE('',*,*,#5297,.F.);
#4038=ORIENTED_EDGE('',*,*,#5066,.T.);
#4039=ORIENTED_EDGE('',*,*,#5298,.T.);
#4040=ORIENTED_EDGE('',*,*,#4670,.F.);
#4041=ORIENTED_EDGE('',*,*,#5299,.F.);
#4042=ORIENTED_EDGE('',*,*,#5069,.T.);
#4043=ORIENTED_EDGE('',*,*,#5300,.T.);
#4044=ORIENTED_EDGE('',*,*,#4667,.F.);
#4045=ORIENTED_EDGE('',*,*,#5301,.F.);
#4046=ORIENTED_EDGE('',*,*,#5063,.T.);
#4047=ORIENTED_EDGE('',*,*,#5302,.T.);
#4048=ORIENTED_EDGE('',*,*,#4673,.F.);
#4049=ORIENTED_EDGE('',*,*,#5303,.F.);
#4050=ORIENTED_EDGE('',*,*,#5067,.T.);
#4051=ORIENTED_EDGE('',*,*,#5299,.T.);
#4052=ORIENTED_EDGE('',*,*,#4669,.F.);
#4053=ORIENTED_EDGE('',*,*,#5304,.F.);
#4054=ORIENTED_EDGE('',*,*,#5304,.T.);
#4055=ORIENTED_EDGE('',*,*,#4668,.T.);
#4056=ORIENTED_EDGE('',*,*,#5300,.F.);
#4057=ORIENTED_EDGE('',*,*,#5068,.F.);
#4058=ORIENTED_EDGE('',*,*,#5305,.T.);
#4059=ORIENTED_EDGE('',*,*,#4671,.T.);
#4060=ORIENTED_EDGE('',*,*,#5298,.F.);
#4061=ORIENTED_EDGE('',*,*,#5065,.F.);
#4062=ORIENTED_EDGE('',*,*,#5064,.T.);
#4063=ORIENTED_EDGE('',*,*,#5303,.T.);
#4064=ORIENTED_EDGE('',*,*,#4672,.F.);
#4065=ORIENTED_EDGE('',*,*,#5305,.F.);
#4066=ORIENTED_EDGE('',*,*,#5306,.T.);
#4067=ORIENTED_EDGE('',*,*,#4665,.T.);
#4068=ORIENTED_EDGE('',*,*,#5302,.F.);
#4069=ORIENTED_EDGE('',*,*,#5062,.F.);
#4070=ORIENTED_EDGE('',*,*,#5061,.T.);
#4071=ORIENTED_EDGE('',*,*,#5301,.T.);
#4072=ORIENTED_EDGE('',*,*,#4666,.F.);
#4073=ORIENTED_EDGE('',*,*,#5306,.F.);
#4074=ORIENTED_EDGE('',*,*,#5075,.T.);
#4075=ORIENTED_EDGE('',*,*,#5307,.T.);
#4076=ORIENTED_EDGE('',*,*,#4661,.F.);
#4077=ORIENTED_EDGE('',*,*,#5308,.F.);
#4078=ORIENTED_EDGE('',*,*,#5078,.T.);
#4079=ORIENTED_EDGE('',*,*,#5309,.T.);
#4080=ORIENTED_EDGE('',*,*,#4658,.F.);
#4081=ORIENTED_EDGE('',*,*,#5310,.F.);
#4082=ORIENTED_EDGE('',*,*,#5072,.T.);
#4083=ORIENTED_EDGE('',*,*,#5311,.T.);
#4084=ORIENTED_EDGE('',*,*,#4664,.F.);
#4085=ORIENTED_EDGE('',*,*,#5312,.F.);
#4086=ORIENTED_EDGE('',*,*,#5076,.T.);
#4087=ORIENTED_EDGE('',*,*,#5308,.T.);
#4088=ORIENTED_EDGE('',*,*,#4660,.F.);
#4089=ORIENTED_EDGE('',*,*,#5313,.F.);
#4090=ORIENTED_EDGE('',*,*,#5313,.T.);
#4091=ORIENTED_EDGE('',*,*,#4659,.T.);
#4092=ORIENTED_EDGE('',*,*,#5309,.F.);
#4093=ORIENTED_EDGE('',*,*,#5077,.F.);
#4094=ORIENTED_EDGE('',*,*,#5314,.T.);
#4095=ORIENTED_EDGE('',*,*,#4662,.T.);
#4096=ORIENTED_EDGE('',*,*,#5307,.F.);
#4097=ORIENTED_EDGE('',*,*,#5074,.F.);
#4098=ORIENTED_EDGE('',*,*,#5073,.T.);
#4099=ORIENTED_EDGE('',*,*,#5312,.T.);
#4100=ORIENTED_EDGE('',*,*,#4663,.F.);
#4101=ORIENTED_EDGE('',*,*,#5314,.F.);
#4102=ORIENTED_EDGE('',*,*,#5315,.T.);
#4103=ORIENTED_EDGE('',*,*,#4656,.T.);
#4104=ORIENTED_EDGE('',*,*,#5311,.F.);
#4105=ORIENTED_EDGE('',*,*,#5071,.F.);
#4106=ORIENTED_EDGE('',*,*,#5070,.T.);
#4107=ORIENTED_EDGE('',*,*,#5310,.T.);
#4108=ORIENTED_EDGE('',*,*,#4657,.F.);
#4109=ORIENTED_EDGE('',*,*,#5315,.F.);
#4110=ORIENTED_EDGE('',*,*,#5316,.F.);
#4111=ORIENTED_EDGE('',*,*,#5099,.T.);
#4112=ORIENTED_EDGE('',*,*,#5317,.T.);
#4113=ORIENTED_EDGE('',*,*,#4637,.F.);
#4114=ORIENTED_EDGE('',*,*,#4641,.T.);
#4115=ORIENTED_EDGE('',*,*,#5318,.T.);
#4116=ORIENTED_EDGE('',*,*,#5095,.F.);
#4117=ORIENTED_EDGE('',*,*,#5319,.T.);
#4118=ORIENTED_EDGE('',*,*,#4643,.F.);
#4119=ORIENTED_EDGE('',*,*,#5320,.T.);
#4120=ORIENTED_EDGE('',*,*,#5093,.T.);
#4121=ORIENTED_EDGE('',*,*,#5321,.T.);
#4122=ORIENTED_EDGE('',*,*,#5091,.T.);
#4123=ORIENTED_EDGE('',*,*,#5322,.T.);
#4124=ORIENTED_EDGE('',*,*,#4645,.F.);
#4125=ORIENTED_EDGE('',*,*,#5323,.T.);
#4126=ORIENTED_EDGE('',*,*,#5097,.F.);
#4127=ORIENTED_EDGE('',*,*,#5324,.T.);
#4128=ORIENTED_EDGE('',*,*,#4639,.T.);
#4129=ORIENTED_EDGE('',*,*,#5325,.T.);
#4130=ORIENTED_EDGE('',*,*,#4640,.F.);
#4131=ORIENTED_EDGE('',*,*,#5324,.F.);
#4132=ORIENTED_EDGE('',*,*,#5096,.F.);
#4133=ORIENTED_EDGE('',*,*,#5318,.F.);
#4134=ORIENTED_EDGE('',*,*,#4642,.F.);
#4135=ORIENTED_EDGE('',*,*,#5319,.F.);
#4136=ORIENTED_EDGE('',*,*,#5094,.F.);
#4137=ORIENTED_EDGE('',*,*,#5320,.F.);
#4138=ORIENTED_EDGE('',*,*,#4644,.F.);
#4139=ORIENTED_EDGE('',*,*,#5321,.F.);
#4140=ORIENTED_EDGE('',*,*,#5092,.F.);
#4141=ORIENTED_EDGE('',*,*,#5323,.F.);
#4142=ORIENTED_EDGE('',*,*,#4638,.F.);
#4143=ORIENTED_EDGE('',*,*,#5317,.F.);
#4144=ORIENTED_EDGE('',*,*,#5098,.F.);
#4145=ORIENTED_EDGE('',*,*,#5325,.F.);
#4146=ORIENTED_EDGE('',*,*,#5316,.T.);
#4147=ORIENTED_EDGE('',*,*,#4636,.F.);
#4148=ORIENTED_EDGE('',*,*,#5326,.F.);
#4149=ORIENTED_EDGE('',*,*,#5088,.T.);
#4150=ORIENTED_EDGE('',*,*,#5089,.T.);
#4151=ORIENTED_EDGE('',*,*,#5326,.T.);
#4152=ORIENTED_EDGE('',*,*,#4635,.F.);
#4153=ORIENTED_EDGE('',*,*,#5327,.F.);
#4154=ORIENTED_EDGE('',*,*,#5090,.F.);
#4155=ORIENTED_EDGE('',*,*,#5327,.T.);
#4156=ORIENTED_EDGE('',*,*,#4646,.T.);
#4157=ORIENTED_EDGE('',*,*,#5322,.F.);
#4158=ORIENTED_EDGE('',*,*,#5079,.T.);
#4159=ORIENTED_EDGE('',*,*,#5328,.T.);
#4160=ORIENTED_EDGE('',*,*,#4648,.F.);
#4161=ORIENTED_EDGE('',*,*,#5329,.F.);
#4162=ORIENTED_EDGE('',*,*,#5329,.T.);
#4163=ORIENTED_EDGE('',*,*,#4647,.T.);
#4164=ORIENTED_EDGE('',*,*,#5330,.F.);
#4165=ORIENTED_EDGE('',*,*,#5080,.F.);
#4166=ORIENTED_EDGE('',*,*,#5081,.T.);
#4167=ORIENTED_EDGE('',*,*,#5330,.T.);
#4168=ORIENTED_EDGE('',*,*,#4655,.F.);
#4169=ORIENTED_EDGE('',*,*,#5331,.F.);
#4170=ORIENTED_EDGE('',*,*,#5082,.T.);
#4171=ORIENTED_EDGE('',*,*,#5331,.T.);
#4172=ORIENTED_EDGE('',*,*,#4654,.F.);
#4173=ORIENTED_EDGE('',*,*,#5332,.F.);
#4174=ORIENTED_EDGE('',*,*,#5332,.T.);
#4175=ORIENTED_EDGE('',*,*,#4653,.T.);
#4176=ORIENTED_EDGE('',*,*,#5333,.F.);
#4177=ORIENTED_EDGE('',*,*,#5083,.F.);
#4178=ORIENTED_EDGE('',*,*,#5084,.T.);
#4179=ORIENTED_EDGE('',*,*,#5333,.T.);
#4180=ORIENTED_EDGE('',*,*,#4652,.F.);
#4181=ORIENTED_EDGE('',*,*,#5334,.F.);
#4182=ORIENTED_EDGE('',*,*,#5085,.T.);
#4183=ORIENTED_EDGE('',*,*,#5334,.T.);
#4184=ORIENTED_EDGE('',*,*,#4651,.F.);
#4185=ORIENTED_EDGE('',*,*,#5335,.F.);
#4186=ORIENTED_EDGE('',*,*,#5335,.T.);
#4187=ORIENTED_EDGE('',*,*,#4650,.T.);
#4188=ORIENTED_EDGE('',*,*,#5336,.F.);
#4189=ORIENTED_EDGE('',*,*,#5086,.F.);
#4190=ORIENTED_EDGE('',*,*,#5087,.T.);
#4191=ORIENTED_EDGE('',*,*,#5336,.T.);
#4192=ORIENTED_EDGE('',*,*,#4649,.F.);
#4193=ORIENTED_EDGE('',*,*,#5328,.F.);
#4194=ORIENTED_EDGE('',*,*,#5337,.T.);
#4195=ORIENTED_EDGE('',*,*,#4863,.T.);
#4196=ORIENTED_EDGE('',*,*,#5338,.F.);
#4197=ORIENTED_EDGE('',*,*,#5101,.F.);
#4198=ORIENTED_EDGE('',*,*,#5338,.T.);
#4199=ORIENTED_EDGE('',*,*,#4871,.T.);
#4200=ORIENTED_EDGE('',*,*,#5339,.F.);
#4201=ORIENTED_EDGE('',*,*,#5102,.F.);
#4202=ORIENTED_EDGE('',*,*,#5103,.T.);
#4203=ORIENTED_EDGE('',*,*,#5339,.T.);
#4204=ORIENTED_EDGE('',*,*,#4870,.F.);
#4205=ORIENTED_EDGE('',*,*,#5340,.F.);
#4206=ORIENTED_EDGE('',*,*,#5104,.T.);
#4207=ORIENTED_EDGE('',*,*,#5340,.T.);
#4208=ORIENTED_EDGE('',*,*,#4869,.F.);
#4209=ORIENTED_EDGE('',*,*,#5341,.F.);
#4210=ORIENTED_EDGE('',*,*,#5341,.T.);
#4211=ORIENTED_EDGE('',*,*,#4868,.T.);
#4212=ORIENTED_EDGE('',*,*,#5342,.F.);
#4213=ORIENTED_EDGE('',*,*,#5105,.F.);
#4214=ORIENTED_EDGE('',*,*,#5106,.T.);
#4215=ORIENTED_EDGE('',*,*,#5342,.T.);
#4216=ORIENTED_EDGE('',*,*,#4867,.F.);
#4217=ORIENTED_EDGE('',*,*,#5343,.F.);
#4218=ORIENTED_EDGE('',*,*,#5107,.T.);
#4219=ORIENTED_EDGE('',*,*,#5343,.T.);
#4220=ORIENTED_EDGE('',*,*,#4866,.F.);
#4221=ORIENTED_EDGE('',*,*,#5344,.F.);
#4222=ORIENTED_EDGE('',*,*,#5108,.T.);
#4223=ORIENTED_EDGE('',*,*,#5344,.T.);
#4224=ORIENTED_EDGE('',*,*,#4865,.F.);
#4225=ORIENTED_EDGE('',*,*,#5345,.F.);
#4226=ORIENTED_EDGE('',*,*,#5100,.T.);
#4227=ORIENTED_EDGE('',*,*,#5345,.T.);
#4228=ORIENTED_EDGE('',*,*,#4864,.F.);
#4229=ORIENTED_EDGE('',*,*,#5337,.F.);
#4230=EDGE_CURVE('',#5346,#5347,#6090,.F.);
#4231=EDGE_CURVE('',#5347,#5348,#262,.T.);
#4232=EDGE_CURVE('',#5349,#5348,#6091,.T.);
#4233=EDGE_CURVE('',#5346,#5349,#263,.T.);
#4234=EDGE_CURVE('',#5350,#5351,#6092,.F.);
#4235=EDGE_CURVE('',#5351,#5352,#264,.T.);
#4236=EDGE_CURVE('',#5353,#5352,#6093,.T.);
#4237=EDGE_CURVE('',#5350,#5353,#265,.T.);
#4238=EDGE_CURVE('',#5354,#5355,#6094,.F.);
#4239=EDGE_CURVE('',#5355,#5356,#266,.T.);
#4240=EDGE_CURVE('',#5357,#5356,#6095,.T.);
#4241=EDGE_CURVE('',#5354,#5357,#267,.T.);
#4242=EDGE_CURVE('',#5358,#5346,#268,.T.);
#4243=EDGE_CURVE('',#5359,#5349,#269,.T.);
#4244=EDGE_CURVE('',#5358,#5359,#270,.T.);
#4245=EDGE_CURVE('',#5351,#5358,#271,.T.);
#4246=EDGE_CURVE('',#5352,#5359,#272,.T.);
#4247=EDGE_CURVE('',#5360,#5354,#273,.T.);
#4248=EDGE_CURVE('',#5361,#5357,#274,.T.);
#4249=EDGE_CURVE('',#5360,#5361,#275,.T.);
#4250=EDGE_CURVE('',#5361,#5348,#276,.T.);
#4251=EDGE_CURVE('',#5360,#5347,#277,.T.);
#4252=EDGE_CURVE('',#5362,#5363,#278,.T.);
#4253=EDGE_CURVE('',#5363,#5356,#279,.T.);
#4254=EDGE_CURVE('',#5362,#5355,#280,.T.);
#4255=EDGE_CURVE('',#5353,#5363,#281,.T.);
#4256=EDGE_CURVE('',#5350,#5362,#282,.T.);
#4257=EDGE_CURVE('',#5364,#5365,#6096,.F.);
#4258=EDGE_CURVE('',#5365,#5366,#283,.T.);
#4259=EDGE_CURVE('',#5367,#5366,#6097,.T.);
#4260=EDGE_CURVE('',#5364,#5367,#284,.T.);
#4261=EDGE_CURVE('',#5368,#5369,#6098,.F.);
#4262=EDGE_CURVE('',#5369,#5370,#285,.T.);
#4263=EDGE_CURVE('',#5371,#5370,#6099,.T.);
#4264=EDGE_CURVE('',#5368,#5371,#286,.T.);
#4265=EDGE_CURVE('',#5372,#5373,#6100,.F.);
#4266=EDGE_CURVE('',#5373,#5374,#287,.T.);
#4267=EDGE_CURVE('',#5375,#5374,#6101,.T.);
#4268=EDGE_CURVE('',#5372,#5375,#288,.T.);
#4269=EDGE_CURVE('',#5376,#5364,#289,.T.);
#4270=EDGE_CURVE('',#5377,#5367,#290,.T.);
#4271=EDGE_CURVE('',#5376,#5377,#291,.T.);
#4272=EDGE_CURVE('',#5369,#5376,#292,.T.);
#4273=EDGE_CURVE('',#5370,#5377,#293,.T.);
#4274=EDGE_CURVE('',#5378,#5372,#294,.T.);
#4275=EDGE_CURVE('',#5379,#5375,#295,.T.);
#4276=EDGE_CURVE('',#5378,#5379,#296,.T.);
#4277=EDGE_CURVE('',#5379,#5366,#297,.T.);
#4278=EDGE_CURVE('',#5378,#5365,#298,.T.);
#4279=EDGE_CURVE('',#5380,#5381,#299,.T.);
#4280=EDGE_CURVE('',#5381,#5374,#300,.T.);
#4281=EDGE_CURVE('',#5380,#5373,#301,.T.);
#4282=EDGE_CURVE('',#5371,#5381,#302,.T.);
#4283=EDGE_CURVE('',#5368,#5380,#303,.T.);
#4284=EDGE_CURVE('',#5382,#5383,#6102,.F.);
#4285=EDGE_CURVE('',#5383,#5384,#304,.T.);
#4286=EDGE_CURVE('',#5385,#5384,#6103,.T.);
#4287=EDGE_CURVE('',#5382,#5385,#305,.T.);
#4288=EDGE_CURVE('',#5386,#5387,#6104,.F.);
#4289=EDGE_CURVE('',#5387,#5388,#306,.T.);
#4290=EDGE_CURVE('',#5389,#5388,#6105,.T.);
#4291=EDGE_CURVE('',#5386,#5389,#307,.T.);
#4292=EDGE_CURVE('',#5390,#5391,#6106,.F.);
#4293=EDGE_CURVE('',#5391,#5392,#308,.T.);
#4294=EDGE_CURVE('',#5393,#5392,#6107,.T.);
#4295=EDGE_CURVE('',#5390,#5393,#309,.T.);
#4296=EDGE_CURVE('',#5394,#5382,#310,.T.);
#4297=EDGE_CURVE('',#5395,#5385,#311,.T.);
#4298=EDGE_CURVE('',#5394,#5395,#312,.T.);
#4299=EDGE_CURVE('',#5387,#5394,#313,.T.);
#4300=EDGE_CURVE('',#5388,#5395,#314,.T.);
#4301=EDGE_CURVE('',#5396,#5390,#315,.T.);
#4302=EDGE_CURVE('',#5397,#5393,#316,.T.);
#4303=EDGE_CURVE('',#5396,#5397,#317,.T.);
#4304=EDGE_CURVE('',#5397,#5384,#318,.T.);
#4305=EDGE_CURVE('',#5396,#5383,#319,.T.);
#4306=EDGE_CURVE('',#5398,#5399,#320,.T.);
#4307=EDGE_CURVE('',#5399,#5392,#321,.T.);
#4308=EDGE_CURVE('',#5398,#5391,#322,.T.);
#4309=EDGE_CURVE('',#5389,#5399,#323,.T.);
#4310=EDGE_CURVE('',#5386,#5398,#324,.T.);
#4311=EDGE_CURVE('',#5400,#5401,#6108,.F.);
#4312=EDGE_CURVE('',#5401,#5402,#325,.T.);
#4313=EDGE_CURVE('',#5403,#5402,#6109,.T.);
#4314=EDGE_CURVE('',#5400,#5403,#326,.T.);
#4315=EDGE_CURVE('',#5404,#5405,#6110,.F.);
#4316=EDGE_CURVE('',#5405,#5406,#327,.T.);
#4317=EDGE_CURVE('',#5407,#5406,#6111,.T.);
#4318=EDGE_CURVE('',#5404,#5407,#328,.T.);
#4319=EDGE_CURVE('',#5408,#5409,#6112,.F.);
#4320=EDGE_CURVE('',#5409,#5410,#329,.T.);
#4321=EDGE_CURVE('',#5411,#5410,#6113,.T.);
#4322=EDGE_CURVE('',#5408,#5411,#330,.T.);
#4323=EDGE_CURVE('',#5412,#5400,#331,.T.);
#4324=EDGE_CURVE('',#5413,#5403,#332,.T.);
#4325=EDGE_CURVE('',#5412,#5413,#333,.T.);
#4326=EDGE_CURVE('',#5405,#5412,#334,.T.);
#4327=EDGE_CURVE('',#5406,#5413,#335,.T.);
#4328=EDGE_CURVE('',#5414,#5408,#336,.T.);
#4329=EDGE_CURVE('',#5415,#5411,#337,.T.);
#4330=EDGE_CURVE('',#5414,#5415,#338,.T.);
#4331=EDGE_CURVE('',#5415,#5402,#339,.T.);
#4332=EDGE_CURVE('',#5414,#5401,#340,.T.);
#4333=EDGE_CURVE('',#5416,#5417,#341,.T.);
#4334=EDGE_CURVE('',#5417,#5410,#342,.T.);
#4335=EDGE_CURVE('',#5416,#5409,#343,.T.);
#4336=EDGE_CURVE('',#5407,#5417,#344,.T.);
#4337=EDGE_CURVE('',#5404,#5416,#345,.T.);
#4338=EDGE_CURVE('',#5418,#5419,#6114,.F.);
#4339=EDGE_CURVE('',#5419,#5420,#346,.T.);
#4340=EDGE_CURVE('',#5421,#5420,#6115,.T.);
#4341=EDGE_CURVE('',#5418,#5421,#347,.T.);
#4342=EDGE_CURVE('',#5422,#5423,#6116,.F.);
#4343=EDGE_CURVE('',#5423,#5424,#348,.T.);
#4344=EDGE_CURVE('',#5425,#5424,#6117,.T.);
#4345=EDGE_CURVE('',#5422,#5425,#349,.T.);
#4346=EDGE_CURVE('',#5426,#5427,#6118,.F.);
#4347=EDGE_CURVE('',#5427,#5428,#350,.T.);
#4348=EDGE_CURVE('',#5429,#5428,#6119,.T.);
#4349=EDGE_CURVE('',#5426,#5429,#351,.T.);
#4350=EDGE_CURVE('',#5430,#5418,#352,.T.);
#4351=EDGE_CURVE('',#5431,#5421,#353,.T.);
#4352=EDGE_CURVE('',#5430,#5431,#354,.T.);
#4353=EDGE_CURVE('',#5423,#5430,#355,.T.);
#4354=EDGE_CURVE('',#5424,#5431,#356,.T.);
#4355=EDGE_CURVE('',#5432,#5426,#357,.T.);
#4356=EDGE_CURVE('',#5433,#5429,#358,.T.);
#4357=EDGE_CURVE('',#5432,#5433,#359,.T.);
#4358=EDGE_CURVE('',#5433,#5420,#360,.T.);
#4359=EDGE_CURVE('',#5432,#5419,#361,.T.);
#4360=EDGE_CURVE('',#5434,#5435,#362,.T.);
#4361=EDGE_CURVE('',#5435,#5428,#363,.T.);
#4362=EDGE_CURVE('',#5434,#5427,#364,.T.);
#4363=EDGE_CURVE('',#5425,#5435,#365,.T.);
#4364=EDGE_CURVE('',#5422,#5434,#366,.T.);
#4365=EDGE_CURVE('',#5436,#5437,#6120,.F.);
#4366=EDGE_CURVE('',#5437,#5438,#367,.T.);
#4367=EDGE_CURVE('',#5439,#5438,#6121,.T.);
#4368=EDGE_CURVE('',#5436,#5439,#368,.T.);
#4369=EDGE_CURVE('',#5440,#5441,#6122,.F.);
#4370=EDGE_CURVE('',#5441,#5442,#369,.T.);
#4371=EDGE_CURVE('',#5443,#5442,#6123,.T.);
#4372=EDGE_CURVE('',#5440,#5443,#370,.T.);
#4373=EDGE_CURVE('',#5444,#5445,#6124,.F.);
#4374=EDGE_CURVE('',#5445,#5446,#371,.T.);
#4375=EDGE_CURVE('',#5447,#5446,#6125,.T.);
#4376=EDGE_CURVE('',#5444,#5447,#372,.T.);
#4377=EDGE_CURVE('',#5448,#5436,#373,.T.);
#4378=EDGE_CURVE('',#5449,#5439,#374,.T.);
#4379=EDGE_CURVE('',#5448,#5449,#375,.T.);
#4380=EDGE_CURVE('',#5441,#5448,#376,.T.);
#4381=EDGE_CURVE('',#5442,#5449,#377,.T.);
#4382=EDGE_CURVE('',#5450,#5444,#378,.T.);
#4383=EDGE_CURVE('',#5451,#5447,#379,.T.);
#4384=EDGE_CURVE('',#5450,#5451,#380,.T.);
#4385=EDGE_CURVE('',#5451,#5438,#381,.T.);
#4386=EDGE_CURVE('',#5450,#5437,#382,.T.);
#4387=EDGE_CURVE('',#5452,#5453,#383,.T.);
#4388=EDGE_CURVE('',#5453,#5446,#384,.T.);
#4389=EDGE_CURVE('',#5452,#5445,#385,.T.);
#4390=EDGE_CURVE('',#5443,#5453,#386,.T.);
#4391=EDGE_CURVE('',#5440,#5452,#387,.T.);
#4392=EDGE_CURVE('',#5454,#5455,#6126,.F.);
#4393=EDGE_CURVE('',#5455,#5456,#388,.T.);
#4394=EDGE_CURVE('',#5457,#5456,#6127,.T.);
#4395=EDGE_CURVE('',#5454,#5457,#389,.T.);
#4396=EDGE_CURVE('',#5458,#5459,#6128,.F.);
#4397=EDGE_CURVE('',#5459,#5460,#390,.T.);
#4398=EDGE_CURVE('',#5461,#5460,#6129,.T.);
#4399=EDGE_CURVE('',#5458,#5461,#391,.T.);
#4400=EDGE_CURVE('',#5462,#5463,#6130,.F.);
#4401=EDGE_CURVE('',#5463,#5464,#392,.T.);
#4402=EDGE_CURVE('',#5465,#5464,#6131,.T.);
#4403=EDGE_CURVE('',#5462,#5465,#393,.T.);
#4404=EDGE_CURVE('',#5466,#5454,#394,.T.);
#4405=EDGE_CURVE('',#5467,#5457,#395,.T.);
#4406=EDGE_CURVE('',#5466,#5467,#396,.T.);
#4407=EDGE_CURVE('',#5459,#5466,#397,.T.);
#4408=EDGE_CURVE('',#5460,#5467,#398,.T.);
#4409=EDGE_CURVE('',#5468,#5462,#399,.T.);
#4410=EDGE_CURVE('',#5469,#5465,#400,.T.);
#4411=EDGE_CURVE('',#5468,#5469,#401,.T.);
#4412=EDGE_CURVE('',#5469,#5456,#402,.T.);
#4413=EDGE_CURVE('',#5468,#5455,#403,.T.);
#4414=EDGE_CURVE('',#5470,#5471,#404,.T.);
#4415=EDGE_CURVE('',#5471,#5464,#405,.T.);
#4416=EDGE_CURVE('',#5470,#5463,#406,.T.);
#4417=EDGE_CURVE('',#5461,#5471,#407,.T.);
#4418=EDGE_CURVE('',#5458,#5470,#408,.T.);
#4419=EDGE_CURVE('',#5472,#5473,#6132,.F.);
#4420=EDGE_CURVE('',#5473,#5474,#409,.T.);
#4421=EDGE_CURVE('',#5475,#5474,#6133,.T.);
#4422=EDGE_CURVE('',#5472,#5475,#410,.T.);
#4423=EDGE_CURVE('',#5476,#5477,#6134,.F.);
#4424=EDGE_CURVE('',#5477,#5478,#411,.T.);
#4425=EDGE_CURVE('',#5479,#5478,#6135,.T.);
#4426=EDGE_CURVE('',#5476,#5479,#412,.T.);
#4427=EDGE_CURVE('',#5480,#5481,#6136,.F.);
#4428=EDGE_CURVE('',#5481,#5482,#413,.T.);
#4429=EDGE_CURVE('',#5483,#5482,#6137,.T.);
#4430=EDGE_CURVE('',#5480,#5483,#414,.T.);
#4431=EDGE_CURVE('',#5484,#5472,#415,.T.);
#4432=EDGE_CURVE('',#5485,#5475,#416,.T.);
#4433=EDGE_CURVE('',#5484,#5485,#417,.T.);
#4434=EDGE_CURVE('',#5477,#5484,#418,.T.);
#4435=EDGE_CURVE('',#5478,#5485,#419,.T.);
#4436=EDGE_CURVE('',#5486,#5480,#420,.T.);
#4437=EDGE_CURVE('',#5487,#5483,#421,.T.);
#4438=EDGE_CURVE('',#5486,#5487,#422,.T.);
#4439=EDGE_CURVE('',#5487,#5474,#423,.T.);
#4440=EDGE_CURVE('',#5486,#5473,#424,.T.);
#4441=EDGE_CURVE('',#5488,#5489,#425,.T.);
#4442=EDGE_CURVE('',#5489,#5482,#426,.T.);
#4443=EDGE_CURVE('',#5488,#5481,#427,.T.);
#4444=EDGE_CURVE('',#5479,#5489,#428,.T.);
#4445=EDGE_CURVE('',#5476,#5488,#429,.T.);
#4446=EDGE_CURVE('',#5490,#5491,#6138,.F.);
#4447=EDGE_CURVE('',#5491,#5492,#430,.T.);
#4448=EDGE_CURVE('',#5493,#5492,#6139,.T.);
#4449=EDGE_CURVE('',#5490,#5493,#431,.T.);
#4450=EDGE_CURVE('',#5494,#5495,#6140,.F.);
#4451=EDGE_CURVE('',#5495,#5496,#432,.T.);
#4452=EDGE_CURVE('',#5497,#5496,#6141,.T.);
#4453=EDGE_CURVE('',#5494,#5497,#433,.T.);
#4454=EDGE_CURVE('',#5498,#5499,#6142,.F.);
#4455=EDGE_CURVE('',#5499,#5500,#434,.T.);
#4456=EDGE_CURVE('',#5501,#5500,#6143,.T.);
#4457=EDGE_CURVE('',#5498,#5501,#435,.T.);
#4458=EDGE_CURVE('',#5502,#5490,#436,.T.);
#4459=EDGE_CURVE('',#5503,#5493,#437,.T.);
#4460=EDGE_CURVE('',#5502,#5503,#438,.T.);
#4461=EDGE_CURVE('',#5495,#5502,#439,.T.);
#4462=EDGE_CURVE('',#5496,#5503,#440,.T.);
#4463=EDGE_CURVE('',#5504,#5498,#441,.T.);
#4464=EDGE_CURVE('',#5505,#5501,#442,.T.);
#4465=EDGE_CURVE('',#5504,#5505,#443,.T.);
#4466=EDGE_CURVE('',#5505,#5492,#444,.T.);
#4467=EDGE_CURVE('',#5504,#5491,#445,.T.);
#4468=EDGE_CURVE('',#5506,#5507,#446,.T.);
#4469=EDGE_CURVE('',#5507,#5500,#447,.T.);
#4470=EDGE_CURVE('',#5506,#5499,#448,.T.);
#4471=EDGE_CURVE('',#5497,#5507,#449,.T.);
#4472=EDGE_CURVE('',#5494,#5506,#450,.T.);
#4473=EDGE_CURVE('',#5508,#5509,#6144,.F.);
#4474=EDGE_CURVE('',#5509,#5510,#451,.T.);
#4475=EDGE_CURVE('',#5511,#5510,#6145,.T.);
#4476=EDGE_CURVE('',#5508,#5511,#452,.T.);
#4477=EDGE_CURVE('',#5512,#5513,#6146,.F.);
#4478=EDGE_CURVE('',#5513,#5514,#453,.T.);
#4479=EDGE_CURVE('',#5515,#5514,#6147,.T.);
#4480=EDGE_CURVE('',#5512,#5515,#454,.T.);
#4481=EDGE_CURVE('',#5516,#5517,#6148,.F.);
#4482=EDGE_CURVE('',#5517,#5518,#455,.T.);
#4483=EDGE_CURVE('',#5519,#5518,#6149,.T.);
#4484=EDGE_CURVE('',#5516,#5519,#456,.T.);
#4485=EDGE_CURVE('',#5520,#5508,#457,.T.);
#4486=EDGE_CURVE('',#5521,#5511,#458,.T.);
#4487=EDGE_CURVE('',#5520,#5521,#459,.T.);
#4488=EDGE_CURVE('',#5513,#5520,#460,.T.);
#4489=EDGE_CURVE('',#5514,#5521,#461,.T.);
#4490=EDGE_CURVE('',#5522,#5516,#462,.T.);
#4491=EDGE_CURVE('',#5523,#5519,#463,.T.);
#4492=EDGE_CURVE('',#5522,#5523,#464,.T.);
#4493=EDGE_CURVE('',#5523,#5510,#465,.T.);
#4494=EDGE_CURVE('',#5522,#5509,#466,.T.);
#4495=EDGE_CURVE('',#5524,#5525,#467,.T.);
#4496=EDGE_CURVE('',#5525,#5518,#468,.T.);
#4497=EDGE_CURVE('',#5524,#5517,#469,.T.);
#4498=EDGE_CURVE('',#5515,#5525,#470,.T.);
#4499=EDGE_CURVE('',#5512,#5524,#471,.T.);
#4500=EDGE_CURVE('',#5526,#5527,#6150,.F.);
#4501=EDGE_CURVE('',#5527,#5528,#472,.T.);
#4502=EDGE_CURVE('',#5529,#5528,#6151,.T.);
#4503=EDGE_CURVE('',#5526,#5529,#473,.T.);
#4504=EDGE_CURVE('',#5530,#5531,#6152,.F.);
#4505=EDGE_CURVE('',#5531,#5532,#474,.T.);
#4506=EDGE_CURVE('',#5533,#5532,#6153,.T.);
#4507=EDGE_CURVE('',#5530,#5533,#475,.T.);
#4508=EDGE_CURVE('',#5534,#5535,#6154,.F.);
#4509=EDGE_CURVE('',#5535,#5536,#476,.T.);
#4510=EDGE_CURVE('',#5537,#5536,#6155,.T.);
#4511=EDGE_CURVE('',#5534,#5537,#477,.T.);
#4512=EDGE_CURVE('',#5538,#5526,#478,.T.);
#4513=EDGE_CURVE('',#5539,#5529,#479,.T.);
#4514=EDGE_CURVE('',#5538,#5539,#480,.T.);
#4515=EDGE_CURVE('',#5531,#5538,#481,.T.);
#4516=EDGE_CURVE('',#5532,#5539,#482,.T.);
#4517=EDGE_CURVE('',#5540,#5534,#483,.T.);
#4518=EDGE_CURVE('',#5541,#5537,#484,.T.);
#4519=EDGE_CURVE('',#5540,#5541,#485,.T.);
#4520=EDGE_CURVE('',#5541,#5528,#486,.T.);
#4521=EDGE_CURVE('',#5540,#5527,#487,.T.);
#4522=EDGE_CURVE('',#5542,#5543,#488,.T.);
#4523=EDGE_CURVE('',#5543,#5536,#489,.T.);
#4524=EDGE_CURVE('',#5542,#5535,#490,.T.);
#4525=EDGE_CURVE('',#5533,#5543,#491,.T.);
#4526=EDGE_CURVE('',#5530,#5542,#492,.T.);
#4527=EDGE_CURVE('',#5544,#5545,#6156,.F.);
#4528=EDGE_CURVE('',#5545,#5546,#493,.T.);
#4529=EDGE_CURVE('',#5547,#5546,#6157,.T.);
#4530=EDGE_CURVE('',#5544,#5547,#494,.T.);
#4531=EDGE_CURVE('',#5548,#5549,#6158,.F.);
#4532=EDGE_CURVE('',#5549,#5550,#495,.T.);
#4533=EDGE_CURVE('',#5551,#5550,#6159,.T.);
#4534=EDGE_CURVE('',#5548,#5551,#496,.T.);
#4535=EDGE_CURVE('',#5552,#5553,#6160,.F.);
#4536=EDGE_CURVE('',#5553,#5554,#497,.T.);
#4537=EDGE_CURVE('',#5555,#5554,#6161,.T.);
#4538=EDGE_CURVE('',#5552,#5555,#498,.T.);
#4539=EDGE_CURVE('',#5556,#5544,#499,.T.);
#4540=EDGE_CURVE('',#5557,#5547,#500,.T.);
#4541=EDGE_CURVE('',#5556,#5557,#501,.T.);
#4542=EDGE_CURVE('',#5549,#5556,#502,.T.);
#4543=EDGE_CURVE('',#5550,#5557,#503,.T.);
#4544=EDGE_CURVE('',#5558,#5552,#504,.T.);
#4545=EDGE_CURVE('',#5559,#5555,#505,.T.);
#4546=EDGE_CURVE('',#5558,#5559,#506,.T.);
#4547=EDGE_CURVE('',#5559,#5546,#507,.T.);
#4548=EDGE_CURVE('',#5558,#5545,#508,.T.);
#4549=EDGE_CURVE('',#5560,#5561,#509,.T.);
#4550=EDGE_CURVE('',#5561,#5554,#510,.T.);
#4551=EDGE_CURVE('',#5560,#5553,#511,.T.);
#4552=EDGE_CURVE('',#5551,#5561,#512,.T.);
#4553=EDGE_CURVE('',#5548,#5560,#513,.T.);
#4554=EDGE_CURVE('',#5562,#5563,#6162,.F.);
#4555=EDGE_CURVE('',#5563,#5564,#514,.T.);
#4556=EDGE_CURVE('',#5565,#5564,#6163,.T.);
#4557=EDGE_CURVE('',#5562,#5565,#515,.T.);
#4558=EDGE_CURVE('',#5566,#5567,#6164,.F.);
#4559=EDGE_CURVE('',#5567,#5568,#516,.T.);
#4560=EDGE_CURVE('',#5569,#5568,#6165,.T.);
#4561=EDGE_CURVE('',#5566,#5569,#517,.T.);
#4562=EDGE_CURVE('',#5570,#5571,#6166,.F.);
#4563=EDGE_CURVE('',#5571,#5572,#518,.T.);
#4564=EDGE_CURVE('',#5573,#5572,#6167,.T.);
#4565=EDGE_CURVE('',#5570,#5573,#519,.T.);
#4566=EDGE_CURVE('',#5574,#5562,#520,.T.);
#4567=EDGE_CURVE('',#5575,#5565,#521,.T.);
#4568=EDGE_CURVE('',#5574,#5575,#522,.T.);
#4569=EDGE_CURVE('',#5567,#5574,#523,.T.);
#4570=EDGE_CURVE('',#5568,#5575,#524,.T.);
#4571=EDGE_CURVE('',#5576,#5570,#525,.T.);
#4572=EDGE_CURVE('',#5577,#5573,#526,.T.);
#4573=EDGE_CURVE('',#5576,#5577,#527,.T.);
#4574=EDGE_CURVE('',#5577,#5564,#528,.T.);
#4575=EDGE_CURVE('',#5576,#5563,#529,.T.);
#4576=EDGE_CURVE('',#5578,#5579,#530,.T.);
#4577=EDGE_CURVE('',#5579,#5572,#531,.T.);
#4578=EDGE_CURVE('',#5578,#5571,#532,.T.);
#4579=EDGE_CURVE('',#5569,#5579,#533,.T.);
#4580=EDGE_CURVE('',#5566,#5578,#534,.T.);
#4581=EDGE_CURVE('',#5580,#5581,#6168,.F.);
#4582=EDGE_CURVE('',#5581,#5582,#535,.T.);
#4583=EDGE_CURVE('',#5583,#5582,#6169,.T.);
#4584=EDGE_CURVE('',#5580,#5583,#536,.T.);
#4585=EDGE_CURVE('',#5584,#5585,#6170,.F.);
#4586=EDGE_CURVE('',#5585,#5586,#537,.T.);
#4587=EDGE_CURVE('',#5587,#5586,#6171,.T.);
#4588=EDGE_CURVE('',#5584,#5587,#538,.T.);
#4589=EDGE_CURVE('',#5588,#5589,#6172,.F.);
#4590=EDGE_CURVE('',#5589,#5590,#539,.T.);
#4591=EDGE_CURVE('',#5591,#5590,#6173,.T.);
#4592=EDGE_CURVE('',#5588,#5591,#540,.T.);
#4593=EDGE_CURVE('',#5592,#5580,#541,.T.);
#4594=EDGE_CURVE('',#5593,#5583,#542,.T.);
#4595=EDGE_CURVE('',#5592,#5593,#543,.T.);
#4596=EDGE_CURVE('',#5585,#5592,#544,.T.);
#4597=EDGE_CURVE('',#5586,#5593,#545,.T.);
#4598=EDGE_CURVE('',#5594,#5588,#546,.T.);
#4599=EDGE_CURVE('',#5595,#5591,#547,.T.);
#4600=EDGE_CURVE('',#5594,#5595,#548,.T.);
#4601=EDGE_CURVE('',#5595,#5582,#549,.T.);
#4602=EDGE_CURVE('',#5594,#5581,#550,.T.);
#4603=EDGE_CURVE('',#5596,#5597,#551,.T.);
#4604=EDGE_CURVE('',#5597,#5590,#552,.T.);
#4605=EDGE_CURVE('',#5596,#5589,#553,.T.);
#4606=EDGE_CURVE('',#5587,#5597,#554,.T.);
#4607=EDGE_CURVE('',#5584,#5596,#555,.T.);
#4608=EDGE_CURVE('',#5598,#5599,#6174,.F.);
#4609=EDGE_CURVE('',#5599,#5600,#556,.T.);
#4610=EDGE_CURVE('',#5601,#5600,#6175,.T.);
#4611=EDGE_CURVE('',#5598,#5601,#557,.T.);
#4612=EDGE_CURVE('',#5602,#5603,#6176,.F.);
#4613=EDGE_CURVE('',#5603,#5604,#558,.T.);
#4614=EDGE_CURVE('',#5605,#5604,#6177,.T.);
#4615=EDGE_CURVE('',#5602,#5605,#559,.T.);
#4616=EDGE_CURVE('',#5606,#5607,#6178,.F.);
#4617=EDGE_CURVE('',#5607,#5608,#560,.T.);
#4618=EDGE_CURVE('',#5609,#5608,#6179,.T.);
#4619=EDGE_CURVE('',#5606,#5609,#561,.T.);
#4620=EDGE_CURVE('',#5610,#5598,#562,.T.);
#4621=EDGE_CURVE('',#5611,#5601,#563,.T.);
#4622=EDGE_CURVE('',#5610,#5611,#564,.T.);
#4623=EDGE_CURVE('',#5603,#5610,#565,.T.);
#4624=EDGE_CURVE('',#5604,#5611,#566,.T.);
#4625=EDGE_CURVE('',#5612,#5606,#567,.T.);
#4626=EDGE_CURVE('',#5613,#5609,#568,.T.);
#4627=EDGE_CURVE('',#5612,#5613,#569,.T.);
#4628=EDGE_CURVE('',#5613,#5600,#570,.T.);
#4629=EDGE_CURVE('',#5612,#5599,#571,.T.);
#4630=EDGE_CURVE('',#5614,#5615,#572,.T.);
#4631=EDGE_CURVE('',#5615,#5608,#573,.T.);
#4632=EDGE_CURVE('',#5614,#5607,#574,.T.);
#4633=EDGE_CURVE('',#5605,#5615,#575,.T.);
#4634=EDGE_CURVE('',#5602,#5614,#576,.T.);
#4635=EDGE_CURVE('',#5616,#5617,#577,.T.);
#4636=EDGE_CURVE('',#5617,#5618,#578,.T.);
#4637=EDGE_CURVE('',#5618,#5619,#579,.T.);
#4638=EDGE_CURVE('',#5619,#5620,#6180,.T.);
#4639=EDGE_CURVE('',#5621,#5620,#580,.T.);
#4640=EDGE_CURVE('',#5621,#5622,#6181,.T.);
#4641=EDGE_CURVE('',#5623,#5622,#581,.T.);
#4642=EDGE_CURVE('',#5623,#5624,#6182,.T.);
#4643=EDGE_CURVE('',#5624,#5625,#582,.T.);
#4644=EDGE_CURVE('',#5625,#5626,#6183,.T.);
#4645=EDGE_CURVE('',#5626,#5627,#583,.T.);
#4646=EDGE_CURVE('',#5616,#5627,#584,.T.);
#4647=EDGE_CURVE('',#5628,#5629,#585,.T.);
#4648=EDGE_CURVE('',#5628,#5630,#586,.T.);
#4649=EDGE_CURVE('',#5630,#5631,#6184,.T.);
#4650=EDGE_CURVE('',#5632,#5631,#587,.T.);
#4651=EDGE_CURVE('',#5632,#5633,#588,.T.);
#4652=EDGE_CURVE('',#5633,#5634,#6185,.T.);
#4653=EDGE_CURVE('',#5635,#5634,#589,.T.);
#4654=EDGE_CURVE('',#5635,#5636,#590,.T.);
#4655=EDGE_CURVE('',#5636,#5629,#6186,.T.);
#4656=EDGE_CURVE('',#5637,#5638,#591,.T.);
#4657=EDGE_CURVE('',#5637,#5639,#592,.T.);
#4658=EDGE_CURVE('',#5639,#5640,#6187,.T.);
#4659=EDGE_CURVE('',#5641,#5640,#593,.T.);
#4660=EDGE_CURVE('',#5641,#5642,#594,.T.);
#4661=EDGE_CURVE('',#5642,#5643,#6188,.T.);
#4662=EDGE_CURVE('',#5644,#5643,#595,.T.);
#4663=EDGE_CURVE('',#5644,#5645,#596,.T.);
#4664=EDGE_CURVE('',#5645,#5638,#6189,.T.);
#4665=EDGE_CURVE('',#5646,#5647,#597,.T.);
#4666=EDGE_CURVE('',#5646,#5648,#598,.T.);
#4667=EDGE_CURVE('',#5648,#5649,#6190,.T.);
#4668=EDGE_CURVE('',#5650,#5649,#599,.T.);
#4669=EDGE_CURVE('',#5650,#5651,#600,.T.);
#4670=EDGE_CURVE('',#5651,#5652,#6191,.T.);
#4671=EDGE_CURVE('',#5653,#5652,#601,.T.);
#4672=EDGE_CURVE('',#5653,#5654,#602,.T.);
#4673=EDGE_CURVE('',#5654,#5647,#6192,.T.);
#4674=EDGE_CURVE('',#5655,#5656,#603,.T.);
#4675=EDGE_CURVE('',#5655,#5657,#604,.T.);
#4676=EDGE_CURVE('',#5657,#5658,#6193,.T.);
#4677=EDGE_CURVE('',#5659,#5658,#605,.T.);
#4678=EDGE_CURVE('',#5659,#5660,#606,.T.);
#4679=EDGE_CURVE('',#5660,#5661,#6194,.T.);
#4680=EDGE_CURVE('',#5662,#5661,#607,.T.);
#4681=EDGE_CURVE('',#5662,#5663,#608,.T.);
#4682=EDGE_CURVE('',#5663,#5656,#6195,.T.);
#4683=EDGE_CURVE('',#5664,#5665,#609,.T.);
#4684=EDGE_CURVE('',#5664,#5666,#610,.T.);
#4685=EDGE_CURVE('',#5666,#5667,#6196,.T.);
#4686=EDGE_CURVE('',#5668,#5667,#611,.T.);
#4687=EDGE_CURVE('',#5668,#5669,#612,.T.);
#4688=EDGE_CURVE('',#5669,#5670,#6197,.T.);
#4689=EDGE_CURVE('',#5671,#5670,#613,.T.);
#4690=EDGE_CURVE('',#5671,#5672,#614,.T.);
#4691=EDGE_CURVE('',#5672,#5665,#6198,.T.);
#4692=EDGE_CURVE('',#5673,#5674,#615,.T.);
#4693=EDGE_CURVE('',#5673,#5675,#616,.T.);
#4694=EDGE_CURVE('',#5675,#5676,#6199,.T.);
#4695=EDGE_CURVE('',#5677,#5676,#617,.T.);
#4696=EDGE_CURVE('',#5677,#5678,#618,.T.);
#4697=EDGE_CURVE('',#5678,#5679,#6200,.T.);
#4698=EDGE_CURVE('',#5680,#5679,#619,.T.);
#4699=EDGE_CURVE('',#5680,#5681,#620,.T.);
#4700=EDGE_CURVE('',#5681,#5674,#6201,.T.);
#4701=EDGE_CURVE('',#5682,#5683,#621,.T.);
#4702=EDGE_CURVE('',#5682,#5684,#622,.T.);
#4703=EDGE_CURVE('',#5684,#5685,#6202,.T.);
#4704=EDGE_CURVE('',#5686,#5685,#623,.T.);
#4705=EDGE_CURVE('',#5686,#5687,#624,.T.);
#4706=EDGE_CURVE('',#5687,#5688,#6203,.T.);
#4707=EDGE_CURVE('',#5689,#5688,#625,.T.);
#4708=EDGE_CURVE('',#5689,#5690,#626,.T.);
#4709=EDGE_CURVE('',#5690,#5683,#6204,.T.);
#4710=EDGE_CURVE('',#5691,#5692,#627,.T.);
#4711=EDGE_CURVE('',#5691,#5693,#628,.T.);
#4712=EDGE_CURVE('',#5693,#5694,#6205,.T.);
#4713=EDGE_CURVE('',#5695,#5694,#629,.T.);
#4714=EDGE_CURVE('',#5695,#5696,#630,.T.);
#4715=EDGE_CURVE('',#5696,#5697,#6206,.T.);
#4716=EDGE_CURVE('',#5698,#5697,#631,.T.);
#4717=EDGE_CURVE('',#5698,#5699,#632,.T.);
#4718=EDGE_CURVE('',#5699,#5692,#6207,.T.);
#4719=EDGE_CURVE('',#5700,#5701,#633,.T.);
#4720=EDGE_CURVE('',#5700,#5702,#634,.T.);
#4721=EDGE_CURVE('',#5702,#5703,#6208,.T.);
#4722=EDGE_CURVE('',#5704,#5703,#635,.T.);
#4723=EDGE_CURVE('',#5704,#5705,#636,.T.);
#4724=EDGE_CURVE('',#5705,#5706,#6209,.T.);
#4725=EDGE_CURVE('',#5707,#5706,#637,.T.);
#4726=EDGE_CURVE('',#5707,#5708,#638,.T.);
#4727=EDGE_CURVE('',#5708,#5701,#6210,.T.);
#4728=EDGE_CURVE('',#5709,#5710,#639,.T.);
#4729=EDGE_CURVE('',#5709,#5711,#640,.T.);
#4730=EDGE_CURVE('',#5711,#5712,#6211,.T.);
#4731=EDGE_CURVE('',#5713,#5712,#641,.T.);
#4732=EDGE_CURVE('',#5713,#5714,#642,.T.);
#4733=EDGE_CURVE('',#5714,#5715,#6212,.T.);
#4734=EDGE_CURVE('',#5716,#5715,#643,.T.);
#4735=EDGE_CURVE('',#5716,#5717,#644,.T.);
#4736=EDGE_CURVE('',#5717,#5710,#6213,.T.);
#4737=EDGE_CURVE('',#5718,#5719,#645,.T.);
#4738=EDGE_CURVE('',#5718,#5720,#646,.T.);
#4739=EDGE_CURVE('',#5720,#5721,#6214,.T.);
#4740=EDGE_CURVE('',#5722,#5721,#647,.T.);
#4741=EDGE_CURVE('',#5722,#5723,#648,.T.);
#4742=EDGE_CURVE('',#5723,#5724,#6215,.T.);
#4743=EDGE_CURVE('',#5725,#5724,#649,.T.);
#4744=EDGE_CURVE('',#5725,#5726,#650,.T.);
#4745=EDGE_CURVE('',#5726,#5719,#6216,.T.);
#4746=EDGE_CURVE('',#5727,#5728,#651,.T.);
#4747=EDGE_CURVE('',#5727,#5729,#652,.T.);
#4748=EDGE_CURVE('',#5729,#5730,#6217,.T.);
#4749=EDGE_CURVE('',#5731,#5730,#653,.T.);
#4750=EDGE_CURVE('',#5731,#5732,#654,.T.);
#4751=EDGE_CURVE('',#5732,#5733,#6218,.T.);
#4752=EDGE_CURVE('',#5734,#5733,#655,.T.);
#4753=EDGE_CURVE('',#5734,#5735,#656,.T.);
#4754=EDGE_CURVE('',#5735,#5728,#6219,.T.);
#4755=EDGE_CURVE('',#5736,#5737,#657,.T.);
#4756=EDGE_CURVE('',#5736,#5738,#658,.T.);
#4757=EDGE_CURVE('',#5738,#5739,#6220,.T.);
#4758=EDGE_CURVE('',#5740,#5739,#659,.T.);
#4759=EDGE_CURVE('',#5740,#5741,#660,.T.);
#4760=EDGE_CURVE('',#5741,#5742,#6221,.T.);
#4761=EDGE_CURVE('',#5743,#5742,#661,.T.);
#4762=EDGE_CURVE('',#5743,#5744,#662,.T.);
#4763=EDGE_CURVE('',#5744,#5737,#6222,.T.);
#4764=EDGE_CURVE('',#5745,#5746,#663,.T.);
#4765=EDGE_CURVE('',#5745,#5747,#664,.T.);
#4766=EDGE_CURVE('',#5747,#5748,#6223,.T.);
#4767=EDGE_CURVE('',#5749,#5748,#665,.T.);
#4768=EDGE_CURVE('',#5749,#5750,#666,.T.);
#4769=EDGE_CURVE('',#5750,#5751,#6224,.T.);
#4770=EDGE_CURVE('',#5752,#5751,#667,.T.);
#4771=EDGE_CURVE('',#5752,#5753,#668,.T.);
#4772=EDGE_CURVE('',#5753,#5746,#6225,.T.);
#4773=EDGE_CURVE('',#5754,#5755,#669,.T.);
#4774=EDGE_CURVE('',#5754,#5756,#670,.T.);
#4775=EDGE_CURVE('',#5756,#5757,#6226,.T.);
#4776=EDGE_CURVE('',#5758,#5757,#671,.T.);
#4777=EDGE_CURVE('',#5758,#5759,#672,.T.);
#4778=EDGE_CURVE('',#5759,#5760,#6227,.T.);
#4779=EDGE_CURVE('',#5761,#5760,#673,.T.);
#4780=EDGE_CURVE('',#5761,#5762,#674,.T.);
#4781=EDGE_CURVE('',#5762,#5755,#6228,.T.);
#4782=EDGE_CURVE('',#5763,#5764,#675,.T.);
#4783=EDGE_CURVE('',#5763,#5765,#676,.T.);
#4784=EDGE_CURVE('',#5765,#5766,#6229,.T.);
#4785=EDGE_CURVE('',#5767,#5766,#677,.T.);
#4786=EDGE_CURVE('',#5767,#5768,#678,.T.);
#4787=EDGE_CURVE('',#5768,#5769,#6230,.T.);
#4788=EDGE_CURVE('',#5770,#5769,#679,.T.);
#4789=EDGE_CURVE('',#5770,#5771,#680,.T.);
#4790=EDGE_CURVE('',#5771,#5764,#6231,.T.);
#4791=EDGE_CURVE('',#5772,#5773,#681,.T.);
#4792=EDGE_CURVE('',#5772,#5774,#682,.T.);
#4793=EDGE_CURVE('',#5774,#5775,#6232,.T.);
#4794=EDGE_CURVE('',#5776,#5775,#683,.T.);
#4795=EDGE_CURVE('',#5776,#5777,#684,.T.);
#4796=EDGE_CURVE('',#5777,#5778,#6233,.T.);
#4797=EDGE_CURVE('',#5779,#5778,#685,.T.);
#4798=EDGE_CURVE('',#5779,#5780,#686,.T.);
#4799=EDGE_CURVE('',#5780,#5773,#6234,.T.);
#4800=EDGE_CURVE('',#5781,#5782,#687,.T.);
#4801=EDGE_CURVE('',#5781,#5783,#688,.T.);
#4802=EDGE_CURVE('',#5783,#5784,#6235,.T.);
#4803=EDGE_CURVE('',#5785,#5784,#689,.T.);
#4804=EDGE_CURVE('',#5785,#5786,#690,.T.);
#4805=EDGE_CURVE('',#5786,#5787,#6236,.T.);
#4806=EDGE_CURVE('',#5788,#5787,#691,.T.);
#4807=EDGE_CURVE('',#5788,#5789,#692,.T.);
#4808=EDGE_CURVE('',#5789,#5782,#6237,.T.);
#4809=EDGE_CURVE('',#5790,#5791,#693,.T.);
#4810=EDGE_CURVE('',#5790,#5792,#694,.T.);
#4811=EDGE_CURVE('',#5792,#5793,#6238,.T.);
#4812=EDGE_CURVE('',#5794,#5793,#695,.T.);
#4813=EDGE_CURVE('',#5794,#5795,#696,.T.);
#4814=EDGE_CURVE('',#5795,#5796,#6239,.T.);
#4815=EDGE_CURVE('',#5797,#5796,#697,.T.);
#4816=EDGE_CURVE('',#5797,#5798,#698,.T.);
#4817=EDGE_CURVE('',#5798,#5791,#6240,.T.);
#4818=EDGE_CURVE('',#5799,#5800,#699,.T.);
#4819=EDGE_CURVE('',#5799,#5801,#700,.T.);
#4820=EDGE_CURVE('',#5801,#5802,#6241,.T.);
#4821=EDGE_CURVE('',#5803,#5802,#701,.T.);
#4822=EDGE_CURVE('',#5803,#5804,#702,.T.);
#4823=EDGE_CURVE('',#5804,#5805,#6242,.T.);
#4824=EDGE_CURVE('',#5806,#5805,#703,.T.);
#4825=EDGE_CURVE('',#5806,#5807,#704,.T.);
#4826=EDGE_CURVE('',#5807,#5800,#6243,.T.);
#4827=EDGE_CURVE('',#5808,#5809,#705,.T.);
#4828=EDGE_CURVE('',#5808,#5810,#706,.T.);
#4829=EDGE_CURVE('',#5810,#5811,#6244,.T.);
#4830=EDGE_CURVE('',#5812,#5811,#707,.T.);
#4831=EDGE_CURVE('',#5812,#5813,#708,.T.);
#4832=EDGE_CURVE('',#5813,#5814,#6245,.T.);
#4833=EDGE_CURVE('',#5815,#5814,#709,.T.);
#4834=EDGE_CURVE('',#5815,#5816,#710,.T.);
#4835=EDGE_CURVE('',#5816,#5809,#6246,.T.);
#4836=EDGE_CURVE('',#5817,#5818,#711,.T.);
#4837=EDGE_CURVE('',#5817,#5819,#712,.T.);
#4838=EDGE_CURVE('',#5819,#5820,#6247,.T.);
#4839=EDGE_CURVE('',#5821,#5820,#713,.T.);
#4840=EDGE_CURVE('',#5821,#5822,#714,.T.);
#4841=EDGE_CURVE('',#5822,#5823,#6248,.T.);
#4842=EDGE_CURVE('',#5824,#5823,#715,.T.);
#4843=EDGE_CURVE('',#5824,#5825,#716,.T.);
#4844=EDGE_CURVE('',#5825,#5818,#6249,.T.);
#4845=EDGE_CURVE('',#5826,#5827,#717,.T.);
#4846=EDGE_CURVE('',#5826,#5828,#718,.T.);
#4847=EDGE_CURVE('',#5828,#5829,#6250,.T.);
#4848=EDGE_CURVE('',#5830,#5829,#719,.T.);
#4849=EDGE_CURVE('',#5830,#5831,#720,.T.);
#4850=EDGE_CURVE('',#5831,#5832,#6251,.T.);
#4851=EDGE_CURVE('',#5833,#5832,#721,.T.);
#4852=EDGE_CURVE('',#5833,#5834,#722,.T.);
#4853=EDGE_CURVE('',#5834,#5827,#6252,.T.);
#4854=EDGE_CURVE('',#5835,#5836,#723,.T.);
#4855=EDGE_CURVE('',#5835,#5837,#724,.T.);
#4856=EDGE_CURVE('',#5837,#5838,#6253,.T.);
#4857=EDGE_CURVE('',#5839,#5838,#725,.T.);
#4858=EDGE_CURVE('',#5839,#5840,#726,.T.);
#4859=EDGE_CURVE('',#5840,#5841,#6254,.T.);
#4860=EDGE_CURVE('',#5842,#5841,#727,.T.);
#4861=EDGE_CURVE('',#5842,#5843,#728,.T.);
#4862=EDGE_CURVE('',#5843,#5836,#6255,.T.);
#4863=EDGE_CURVE('',#5844,#5845,#729,.T.);
#4864=EDGE_CURVE('',#5844,#5846,#6256,.T.);
#4865=EDGE_CURVE('',#5846,#5847,#730,.T.);
#4866=EDGE_CURVE('',#5847,#5848,#731,.T.);
#4867=EDGE_CURVE('',#5848,#5849,#6257,.T.);
#4868=EDGE_CURVE('',#5850,#5849,#732,.T.);
#4869=EDGE_CURVE('',#5850,#5851,#733,.T.);
#4870=EDGE_CURVE('',#5851,#5852,#6258,.T.);
#4871=EDGE_CURVE('',#5845,#5852,#734,.T.);
#4872=EDGE_CURVE('',#5853,#5854,#735,.T.);
#4873=EDGE_CURVE('',#5853,#5855,#736,.T.);
#4874=EDGE_CURVE('',#5856,#5855,#6259,.F.);
#4875=EDGE_CURVE('',#5857,#5856,#737,.T.);
#4876=EDGE_CURVE('',#5857,#5858,#738,.T.);
#4877=EDGE_CURVE('',#5859,#5858,#6260,.F.);
#4878=EDGE_CURVE('',#5860,#5859,#739,.T.);
#4879=EDGE_CURVE('',#5860,#5861,#740,.T.);
#4880=EDGE_CURVE('',#5854,#5861,#6261,.F.);
#4881=EDGE_CURVE('',#5862,#5863,#741,.T.);
#4882=EDGE_CURVE('',#5862,#5864,#742,.T.);
#4883=EDGE_CURVE('',#5865,#5864,#6262,.F.);
#4884=EDGE_CURVE('',#5866,#5865,#743,.T.);
#4885=EDGE_CURVE('',#5866,#5867,#744,.T.);
#4886=EDGE_CURVE('',#5868,#5867,#6263,.F.);
#4887=EDGE_CURVE('',#5869,#5868,#745,.T.);
#4888=EDGE_CURVE('',#5869,#5870,#746,.T.);
#4889=EDGE_CURVE('',#5863,#5870,#6264,.F.);
#4890=EDGE_CURVE('',#5871,#5872,#747,.T.);
#4891=EDGE_CURVE('',#5871,#5873,#748,.T.);
#4892=EDGE_CURVE('',#5874,#5873,#6265,.F.);
#4893=EDGE_CURVE('',#5875,#5874,#749,.T.);
#4894=EDGE_CURVE('',#5875,#5876,#750,.T.);
#4895=EDGE_CURVE('',#5877,#5876,#6266,.F.);
#4896=EDGE_CURVE('',#5878,#5877,#751,.T.);
#4897=EDGE_CURVE('',#5878,#5879,#752,.T.);
#4898=EDGE_CURVE('',#5872,#5879,#6267,.F.);
#4899=EDGE_CURVE('',#5880,#5881,#753,.T.);
#4900=EDGE_CURVE('',#5880,#5882,#754,.T.);
#4901=EDGE_CURVE('',#5883,#5882,#6268,.F.);
#4902=EDGE_CURVE('',#5884,#5883,#755,.T.);
#4903=EDGE_CURVE('',#5884,#5885,#756,.T.);
#4904=EDGE_CURVE('',#5886,#5885,#6269,.F.);
#4905=EDGE_CURVE('',#5887,#5886,#757,.T.);
#4906=EDGE_CURVE('',#5887,#5888,#758,.T.);
#4907=EDGE_CURVE('',#5881,#5888,#6270,.F.);
#4908=EDGE_CURVE('',#5889,#5890,#759,.T.);
#4909=EDGE_CURVE('',#5889,#5891,#760,.T.);
#4910=EDGE_CURVE('',#5892,#5891,#6271,.F.);
#4911=EDGE_CURVE('',#5893,#5892,#761,.T.);
#4912=EDGE_CURVE('',#5893,#5894,#762,.T.);
#4913=EDGE_CURVE('',#5895,#5894,#6272,.F.);
#4914=EDGE_CURVE('',#5896,#5895,#763,.T.);
#4915=EDGE_CURVE('',#5896,#5897,#764,.T.);
#4916=EDGE_CURVE('',#5890,#5897,#6273,.F.);
#4917=EDGE_CURVE('',#5898,#5899,#765,.T.);
#4918=EDGE_CURVE('',#5898,#5900,#766,.T.);
#4919=EDGE_CURVE('',#5901,#5900,#6274,.F.);
#4920=EDGE_CURVE('',#5902,#5901,#767,.T.);
#4921=EDGE_CURVE('',#5902,#5903,#768,.T.);
#4922=EDGE_CURVE('',#5904,#5903,#6275,.F.);
#4923=EDGE_CURVE('',#5905,#5904,#769,.T.);
#4924=EDGE_CURVE('',#5905,#5906,#770,.T.);
#4925=EDGE_CURVE('',#5899,#5906,#6276,.F.);
#4926=EDGE_CURVE('',#5907,#5908,#771,.T.);
#4927=EDGE_CURVE('',#5907,#5909,#772,.T.);
#4928=EDGE_CURVE('',#5910,#5909,#6277,.F.);
#4929=EDGE_CURVE('',#5911,#5910,#773,.T.);
#4930=EDGE_CURVE('',#5911,#5912,#774,.T.);
#4931=EDGE_CURVE('',#5913,#5912,#6278,.F.);
#4932=EDGE_CURVE('',#5914,#5913,#775,.T.);
#4933=EDGE_CURVE('',#5914,#5915,#776,.T.);
#4934=EDGE_CURVE('',#5908,#5915,#6279,.F.);
#4935=EDGE_CURVE('',#5916,#5917,#777,.T.);
#4936=EDGE_CURVE('',#5916,#5918,#778,.T.);
#4937=EDGE_CURVE('',#5919,#5918,#6280,.F.);
#4938=EDGE_CURVE('',#5920,#5919,#779,.T.);
#4939=EDGE_CURVE('',#5920,#5921,#780,.T.);
#4940=EDGE_CURVE('',#5922,#5921,#6281,.F.);
#4941=EDGE_CURVE('',#5923,#5922,#781,.T.);
#4942=EDGE_CURVE('',#5923,#5924,#782,.T.);
#4943=EDGE_CURVE('',#5917,#5924,#6282,.F.);
#4944=EDGE_CURVE('',#5925,#5926,#783,.T.);
#4945=EDGE_CURVE('',#5925,#5927,#784,.T.);
#4946=EDGE_CURVE('',#5928,#5927,#6283,.F.);
#4947=EDGE_CURVE('',#5929,#5928,#785,.T.);
#4948=EDGE_CURVE('',#5929,#5930,#786,.T.);
#4949=EDGE_CURVE('',#5931,#5930,#6284,.F.);
#4950=EDGE_CURVE('',#5932,#5931,#787,.T.);
#4951=EDGE_CURVE('',#5932,#5933,#788,.T.);
#4952=EDGE_CURVE('',#5926,#5933,#6285,.F.);
#4953=EDGE_CURVE('',#5934,#5935,#789,.T.);
#4954=EDGE_CURVE('',#5934,#5936,#790,.T.);
#4955=EDGE_CURVE('',#5937,#5936,#6286,.F.);
#4956=EDGE_CURVE('',#5938,#5937,#791,.T.);
#4957=EDGE_CURVE('',#5938,#5939,#792,.T.);
#4958=EDGE_CURVE('',#5940,#5939,#6287,.F.);
#4959=EDGE_CURVE('',#5941,#5940,#793,.T.);
#4960=EDGE_CURVE('',#5941,#5942,#794,.T.);
#4961=EDGE_CURVE('',#5935,#5942,#6288,.F.);
#4962=EDGE_CURVE('',#5943,#5944,#795,.T.);
#4963=EDGE_CURVE('',#5943,#5945,#796,.T.);
#4964=EDGE_CURVE('',#5946,#5945,#6289,.F.);
#4965=EDGE_CURVE('',#5947,#5946,#797,.T.);
#4966=EDGE_CURVE('',#5947,#5948,#798,.T.);
#4967=EDGE_CURVE('',#5949,#5948,#6290,.F.);
#4968=EDGE_CURVE('',#5950,#5949,#799,.T.);
#4969=EDGE_CURVE('',#5950,#5951,#800,.T.);
#4970=EDGE_CURVE('',#5944,#5951,#6291,.F.);
#4971=EDGE_CURVE('',#5952,#5953,#801,.T.);
#4972=EDGE_CURVE('',#5952,#5954,#802,.T.);
#4973=EDGE_CURVE('',#5955,#5954,#6292,.F.);
#4974=EDGE_CURVE('',#5956,#5955,#803,.T.);
#4975=EDGE_CURVE('',#5956,#5957,#804,.T.);
#4976=EDGE_CURVE('',#5958,#5957,#6293,.F.);
#4977=EDGE_CURVE('',#5959,#5958,#805,.T.);
#4978=EDGE_CURVE('',#5959,#5960,#806,.T.);
#4979=EDGE_CURVE('',#5953,#5960,#6294,.F.);
#4980=EDGE_CURVE('',#5961,#5962,#807,.T.);
#4981=EDGE_CURVE('',#5961,#5963,#808,.T.);
#4982=EDGE_CURVE('',#5964,#5963,#6295,.F.);
#4983=EDGE_CURVE('',#5965,#5964,#809,.T.);
#4984=EDGE_CURVE('',#5965,#5966,#810,.T.);
#4985=EDGE_CURVE('',#5967,#5966,#6296,.F.);
#4986=EDGE_CURVE('',#5968,#5967,#811,.T.);
#4987=EDGE_CURVE('',#5968,#5969,#812,.T.);
#4988=EDGE_CURVE('',#5962,#5969,#6297,.F.);
#4989=EDGE_CURVE('',#5970,#5971,#813,.T.);
#4990=EDGE_CURVE('',#5970,#5972,#814,.T.);
#4991=EDGE_CURVE('',#5973,#5972,#6298,.F.);
#4992=EDGE_CURVE('',#5974,#5973,#815,.T.);
#4993=EDGE_CURVE('',#5974,#5975,#816,.T.);
#4994=EDGE_CURVE('',#5976,#5975,#6299,.F.);
#4995=EDGE_CURVE('',#5977,#5976,#817,.T.);
#4996=EDGE_CURVE('',#5977,#5978,#818,.T.);
#4997=EDGE_CURVE('',#5971,#5978,#6300,.F.);
#4998=EDGE_CURVE('',#5979,#5980,#819,.T.);
#4999=EDGE_CURVE('',#5979,#5981,#820,.T.);
#5000=EDGE_CURVE('',#5982,#5981,#6301,.F.);
#5001=EDGE_CURVE('',#5983,#5982,#821,.T.);
#5002=EDGE_CURVE('',#5983,#5984,#822,.T.);
#5003=EDGE_CURVE('',#5985,#5984,#6302,.F.);
#5004=EDGE_CURVE('',#5986,#5985,#823,.T.);
#5005=EDGE_CURVE('',#5986,#5987,#824,.T.);
#5006=EDGE_CURVE('',#5980,#5987,#6303,.F.);
#5007=EDGE_CURVE('',#5988,#5989,#825,.T.);
#5008=EDGE_CURVE('',#5988,#5990,#826,.T.);
#5009=EDGE_CURVE('',#5991,#5990,#6304,.F.);
#5010=EDGE_CURVE('',#5992,#5991,#827,.T.);
#5011=EDGE_CURVE('',#5992,#5993,#828,.T.);
#5012=EDGE_CURVE('',#5994,#5993,#6305,.F.);
#5013=EDGE_CURVE('',#5995,#5994,#829,.T.);
#5014=EDGE_CURVE('',#5995,#5996,#830,.T.);
#5015=EDGE_CURVE('',#5989,#5996,#6306,.F.);
#5016=EDGE_CURVE('',#5997,#5998,#831,.T.);
#5017=EDGE_CURVE('',#5997,#5999,#832,.T.);
#5018=EDGE_CURVE('',#6000,#5999,#6307,.F.);
#5019=EDGE_CURVE('',#6001,#6000,#833,.T.);
#5020=EDGE_CURVE('',#6001,#6002,#834,.T.);
#5021=EDGE_CURVE('',#6003,#6002,#6308,.F.);
#5022=EDGE_CURVE('',#6004,#6003,#835,.T.);
#5023=EDGE_CURVE('',#6004,#6005,#836,.T.);
#5024=EDGE_CURVE('',#5998,#6005,#6309,.F.);
#5025=EDGE_CURVE('',#6006,#6007,#837,.T.);
#5026=EDGE_CURVE('',#6006,#6008,#838,.T.);
#5027=EDGE_CURVE('',#6009,#6008,#6310,.F.);
#5028=EDGE_CURVE('',#6010,#6009,#839,.T.);
#5029=EDGE_CURVE('',#6010,#6011,#840,.T.);
#5030=EDGE_CURVE('',#6012,#6011,#6311,.F.);
#5031=EDGE_CURVE('',#6013,#6012,#841,.T.);
#5032=EDGE_CURVE('',#6013,#6014,#842,.T.);
#5033=EDGE_CURVE('',#6007,#6014,#6312,.F.);
#5034=EDGE_CURVE('',#6015,#6016,#843,.T.);
#5035=EDGE_CURVE('',#6015,#6017,#844,.T.);
#5036=EDGE_CURVE('',#6018,#6017,#6313,.F.);
#5037=EDGE_CURVE('',#6019,#6018,#845,.T.);
#5038=EDGE_CURVE('',#6019,#6020,#846,.T.);
#5039=EDGE_CURVE('',#6021,#6020,#6314,.F.);
#5040=EDGE_CURVE('',#6022,#6021,#847,.T.);
#5041=EDGE_CURVE('',#6022,#6023,#848,.T.);
#5042=EDGE_CURVE('',#6016,#6023,#6315,.F.);
#5043=EDGE_CURVE('',#6024,#6025,#849,.T.);
#5044=EDGE_CURVE('',#6024,#6026,#850,.T.);
#5045=EDGE_CURVE('',#6027,#6026,#6316,.F.);
#5046=EDGE_CURVE('',#6028,#6027,#851,.T.);
#5047=EDGE_CURVE('',#6028,#6029,#852,.T.);
#5048=EDGE_CURVE('',#6030,#6029,#6317,.F.);
#5049=EDGE_CURVE('',#6031,#6030,#853,.T.);
#5050=EDGE_CURVE('',#6031,#6032,#854,.T.);
#5051=EDGE_CURVE('',#6025,#6032,#6318,.F.);
#5052=EDGE_CURVE('',#6033,#6034,#855,.T.);
#5053=EDGE_CURVE('',#6033,#6035,#856,.T.);
#5054=EDGE_CURVE('',#6036,#6035,#6319,.F.);
#5055=EDGE_CURVE('',#6037,#6036,#857,.T.);
#5056=EDGE_CURVE('',#6037,#6038,#858,.T.);
#5057=EDGE_CURVE('',#6039,#6038,#6320,.F.);
#5058=EDGE_CURVE('',#6040,#6039,#859,.T.);
#5059=EDGE_CURVE('',#6040,#6041,#860,.T.);
#5060=EDGE_CURVE('',#6034,#6041,#6321,.F.);
#5061=EDGE_CURVE('',#6042,#6043,#861,.T.);
#5062=EDGE_CURVE('',#6042,#6044,#862,.T.);
#5063=EDGE_CURVE('',#6045,#6044,#6322,.F.);
#5064=EDGE_CURVE('',#6046,#6045,#863,.T.);
#5065=EDGE_CURVE('',#6046,#6047,#864,.T.);
#5066=EDGE_CURVE('',#6048,#6047,#6323,.F.);
#5067=EDGE_CURVE('',#6049,#6048,#865,.T.);
#5068=EDGE_CURVE('',#6049,#6050,#866,.T.);
#5069=EDGE_CURVE('',#6043,#6050,#6324,.F.);
#5070=EDGE_CURVE('',#6051,#6052,#867,.T.);
#5071=EDGE_CURVE('',#6051,#6053,#868,.T.);
#5072=EDGE_CURVE('',#6054,#6053,#6325,.F.);
#5073=EDGE_CURVE('',#6055,#6054,#869,.T.);
#5074=EDGE_CURVE('',#6055,#6056,#870,.T.);
#5075=EDGE_CURVE('',#6057,#6056,#6326,.F.);
#5076=EDGE_CURVE('',#6058,#6057,#871,.T.);
#5077=EDGE_CURVE('',#6058,#6059,#872,.T.);
#5078=EDGE_CURVE('',#6052,#6059,#6327,.F.);
#5079=EDGE_CURVE('',#6060,#6061,#873,.T.);
#5080=EDGE_CURVE('',#6060,#6062,#874,.T.);
#5081=EDGE_CURVE('',#6063,#6062,#6328,.F.);
#5082=EDGE_CURVE('',#6064,#6063,#875,.T.);
#5083=EDGE_CURVE('',#6064,#6065,#876,.T.);
#5084=EDGE_CURVE('',#6066,#6065,#6329,.F.);
#5085=EDGE_CURVE('',#6067,#6066,#877,.T.);
#5086=EDGE_CURVE('',#6067,#6068,#878,.T.);
#5087=EDGE_CURVE('',#6061,#6068,#6330,.F.);
#5088=EDGE_CURVE('',#6069,#6070,#879,.T.);
#5089=EDGE_CURVE('',#6071,#6069,#880,.T.);
#5090=EDGE_CURVE('',#6071,#6072,#881,.T.);
#5091=EDGE_CURVE('',#6073,#6072,#882,.T.);
#5092=EDGE_CURVE('',#6073,#6074,#6331,.F.);
#5093=EDGE_CURVE('',#6075,#6074,#883,.T.);
#5094=EDGE_CURVE('',#6075,#6076,#6332,.F.);
#5095=EDGE_CURVE('',#6076,#6077,#884,.T.);
#5096=EDGE_CURVE('',#6077,#6078,#6333,.F.);
#5097=EDGE_CURVE('',#6078,#6079,#885,.T.);
#5098=EDGE_CURVE('',#6079,#6080,#6334,.F.);
#5099=EDGE_CURVE('',#6070,#6080,#886,.T.);
#5100=EDGE_CURVE('',#6081,#6082,#6335,.F.);
#5101=EDGE_CURVE('',#6081,#6083,#887,.T.);
#5102=EDGE_CURVE('',#6083,#6084,#888,.T.);
#5103=EDGE_CURVE('',#6085,#6084,#6336,.F.);
#5104=EDGE_CURVE('',#6086,#6085,#889,.T.);
#5105=EDGE_CURVE('',#6086,#6087,#890,.T.);
#5106=EDGE_CURVE('',#6088,#6087,#6337,.F.);
#5107=EDGE_CURVE('',#6089,#6088,#891,.T.);
#5108=EDGE_CURVE('',#6082,#6089,#892,.T.);
#5109=EDGE_CURVE('',#5858,#5841,#893,.T.);
#5110=EDGE_CURVE('',#5859,#5840,#894,.T.);
#5111=EDGE_CURVE('',#5861,#5838,#895,.T.);
#5112=EDGE_CURVE('',#5854,#5837,#896,.T.);
#5113=EDGE_CURVE('',#5855,#5836,#897,.T.);
#5114=EDGE_CURVE('',#5856,#5843,#898,.T.);
#5115=EDGE_CURVE('',#5860,#5839,#899,.T.);
#5116=EDGE_CURVE('',#5857,#5842,#900,.T.);
#5117=EDGE_CURVE('',#5853,#5835,#901,.T.);
#5118=EDGE_CURVE('',#5867,#5832,#902,.T.);
#5119=EDGE_CURVE('',#5868,#5831,#903,.T.);
#5120=EDGE_CURVE('',#5870,#5829,#904,.T.);
#5121=EDGE_CURVE('',#5863,#5828,#905,.T.);
#5122=EDGE_CURVE('',#5864,#5827,#906,.T.);
#5123=EDGE_CURVE('',#5865,#5834,#907,.T.);
#5124=EDGE_CURVE('',#5869,#5830,#908,.T.);
#5125=EDGE_CURVE('',#5866,#5833,#909,.T.);
#5126=EDGE_CURVE('',#5862,#5826,#910,.T.);
#5127=EDGE_CURVE('',#5876,#5823,#911,.T.);
#5128=EDGE_CURVE('',#5877,#5822,#912,.T.);
#5129=EDGE_CURVE('',#5879,#5820,#913,.T.);
#5130=EDGE_CURVE('',#5872,#5819,#914,.T.);
#5131=EDGE_CURVE('',#5873,#5818,#915,.T.);
#5132=EDGE_CURVE('',#5874,#5825,#916,.T.);
#5133=EDGE_CURVE('',#5878,#5821,#917,.T.);
#5134=EDGE_CURVE('',#5875,#5824,#918,.T.);
#5135=EDGE_CURVE('',#5871,#5817,#919,.T.);
#5136=EDGE_CURVE('',#5885,#5814,#920,.T.);
#5137=EDGE_CURVE('',#5886,#5813,#921,.T.);
#5138=EDGE_CURVE('',#5888,#5811,#922,.T.);
#5139=EDGE_CURVE('',#5881,#5810,#923,.T.);
#5140=EDGE_CURVE('',#5882,#5809,#924,.T.);
#5141=EDGE_CURVE('',#5883,#5816,#925,.T.);
#5142=EDGE_CURVE('',#5887,#5812,#926,.T.);
#5143=EDGE_CURVE('',#5884,#5815,#927,.T.);
#5144=EDGE_CURVE('',#5880,#5808,#928,.T.);
#5145=EDGE_CURVE('',#5894,#5805,#929,.T.);
#5146=EDGE_CURVE('',#5895,#5804,#930,.T.);
#5147=EDGE_CURVE('',#5897,#5802,#931,.T.);
#5148=EDGE_CURVE('',#5890,#5801,#932,.T.);
#5149=EDGE_CURVE('',#5891,#5800,#933,.T.);
#5150=EDGE_CURVE('',#5892,#5807,#934,.T.);
#5151=EDGE_CURVE('',#5896,#5803,#935,.T.);
#5152=EDGE_CURVE('',#5893,#5806,#936,.T.);
#5153=EDGE_CURVE('',#5889,#5799,#937,.T.);
#5154=EDGE_CURVE('',#5903,#5796,#938,.T.);
#5155=EDGE_CURVE('',#5904,#5795,#939,.T.);
#5156=EDGE_CURVE('',#5906,#5793,#940,.T.);
#5157=EDGE_CURVE('',#5899,#5792,#941,.T.);
#5158=EDGE_CURVE('',#5900,#5791,#942,.T.);
#5159=EDGE_CURVE('',#5901,#5798,#943,.T.);
#5160=EDGE_CURVE('',#5905,#5794,#944,.T.);
#5161=EDGE_CURVE('',#5902,#5797,#945,.T.);
#5162=EDGE_CURVE('',#5898,#5790,#946,.T.);
#5163=EDGE_CURVE('',#5912,#5787,#947,.T.);
#5164=EDGE_CURVE('',#5913,#5786,#948,.T.);
#5165=EDGE_CURVE('',#5915,#5784,#949,.T.);
#5166=EDGE_CURVE('',#5908,#5783,#950,.T.);
#5167=EDGE_CURVE('',#5909,#5782,#951,.T.);
#5168=EDGE_CURVE('',#5910,#5789,#952,.T.);
#5169=EDGE_CURVE('',#5914,#5785,#953,.T.);
#5170=EDGE_CURVE('',#5911,#5788,#954,.T.);
#5171=EDGE_CURVE('',#5907,#5781,#955,.T.);
#5172=EDGE_CURVE('',#5921,#5778,#956,.T.);
#5173=EDGE_CURVE('',#5922,#5777,#957,.T.);
#5174=EDGE_CURVE('',#5924,#5775,#958,.T.);
#5175=EDGE_CURVE('',#5917,#5774,#959,.T.);
#5176=EDGE_CURVE('',#5918,#5773,#960,.T.);
#5177=EDGE_CURVE('',#5919,#5780,#961,.T.);
#5178=EDGE_CURVE('',#5923,#5776,#962,.T.);
#5179=EDGE_CURVE('',#5920,#5779,#963,.T.);
#5180=EDGE_CURVE('',#5916,#5772,#964,.T.);
#5181=EDGE_CURVE('',#5930,#5769,#965,.T.);
#5182=EDGE_CURVE('',#5931,#5768,#966,.T.);
#5183=EDGE_CURVE('',#5933,#5766,#967,.T.);
#5184=EDGE_CURVE('',#5926,#5765,#968,.T.);
#5185=EDGE_CURVE('',#5927,#5764,#969,.T.);
#5186=EDGE_CURVE('',#5928,#5771,#970,.T.);
#5187=EDGE_CURVE('',#5932,#5767,#971,.T.);
#5188=EDGE_CURVE('',#5929,#5770,#972,.T.);
#5189=EDGE_CURVE('',#5925,#5763,#973,.T.);
#5190=EDGE_CURVE('',#5993,#5706,#974,.T.);
#5191=EDGE_CURVE('',#5994,#5705,#975,.T.);
#5192=EDGE_CURVE('',#5996,#5703,#976,.T.);
#5193=EDGE_CURVE('',#5989,#5702,#977,.T.);
#5194=EDGE_CURVE('',#5990,#5701,#978,.T.);
#5195=EDGE_CURVE('',#5991,#5708,#979,.T.);
#5196=EDGE_CURVE('',#5995,#5704,#980,.T.);
#5197=EDGE_CURVE('',#5992,#5707,#981,.T.);
#5198=EDGE_CURVE('',#5988,#5700,#982,.T.);
#5199=EDGE_CURVE('',#5984,#5715,#983,.T.);
#5200=EDGE_CURVE('',#5985,#5714,#984,.T.);
#5201=EDGE_CURVE('',#5987,#5712,#985,.T.);
#5202=EDGE_CURVE('',#5980,#5711,#986,.T.);
#5203=EDGE_CURVE('',#5981,#5710,#987,.T.);
#5204=EDGE_CURVE('',#5982,#5717,#988,.T.);
#5205=EDGE_CURVE('',#5986,#5713,#989,.T.);
#5206=EDGE_CURVE('',#5983,#5716,#990,.T.);
#5207=EDGE_CURVE('',#5979,#5709,#991,.T.);
#5208=EDGE_CURVE('',#5975,#5724,#992,.T.);
#5209=EDGE_CURVE('',#5976,#5723,#993,.T.);
#5210=EDGE_CURVE('',#5978,#5721,#994,.T.);
#5211=EDGE_CURVE('',#5971,#5720,#995,.T.);
#5212=EDGE_CURVE('',#5972,#5719,#996,.T.);
#5213=EDGE_CURVE('',#5973,#5726,#997,.T.);
#5214=EDGE_CURVE('',#5977,#5722,#998,.T.);
#5215=EDGE_CURVE('',#5974,#5725,#999,.T.);
#5216=EDGE_CURVE('',#5970,#5718,#1000,.T.);
#5217=EDGE_CURVE('',#5966,#5733,#1001,.T.);
#5218=EDGE_CURVE('',#5967,#5732,#1002,.T.);
#5219=EDGE_CURVE('',#5969,#5730,#1003,.T.);
#5220=EDGE_CURVE('',#5962,#5729,#1004,.T.);
#5221=EDGE_CURVE('',#5963,#5728,#1005,.T.);
#5222=EDGE_CURVE('',#5964,#5735,#1006,.T.);
#5223=EDGE_CURVE('',#5968,#5731,#1007,.T.);
#5224=EDGE_CURVE('',#5965,#5734,#1008,.T.);
#5225=EDGE_CURVE('',#5961,#5727,#1009,.T.);
#5226=EDGE_CURVE('',#5957,#5742,#1010,.T.);
#5227=EDGE_CURVE('',#5958,#5741,#1011,.T.);
#5228=EDGE_CURVE('',#5960,#5739,#1012,.T.);
#5229=EDGE_CURVE('',#5953,#5738,#1013,.T.);
#5230=EDGE_CURVE('',#5954,#5737,#1014,.T.);
#5231=EDGE_CURVE('',#5955,#5744,#1015,.T.);
#5232=EDGE_CURVE('',#5959,#5740,#1016,.T.);
#5233=EDGE_CURVE('',#5956,#5743,#1017,.T.);
#5234=EDGE_CURVE('',#5952,#5736,#1018,.T.);
#5235=EDGE_CURVE('',#5948,#5751,#1019,.T.);
#5236=EDGE_CURVE('',#5949,#5750,#1020,.T.);
#5237=EDGE_CURVE('',#5951,#5748,#1021,.T.);
#5238=EDGE_CURVE('',#5944,#5747,#1022,.T.);
#5239=EDGE_CURVE('',#5945,#5746,#1023,.T.);
#5240=EDGE_CURVE('',#5946,#5753,#1024,.T.);
#5241=EDGE_CURVE('',#5950,#5749,#1025,.T.);
#5242=EDGE_CURVE('',#5947,#5752,#1026,.T.);
#5243=EDGE_CURVE('',#5943,#5745,#1027,.T.);
#5244=EDGE_CURVE('',#5939,#5760,#1028,.T.);
#5245=EDGE_CURVE('',#5940,#5759,#1029,.T.);
#5246=EDGE_CURVE('',#5942,#5757,#1030,.T.);
#5247=EDGE_CURVE('',#5935,#5756,#1031,.T.);
#5248=EDGE_CURVE('',#5936,#5755,#1032,.T.);
#5249=EDGE_CURVE('',#5937,#5762,#1033,.T.);
#5250=EDGE_CURVE('',#5941,#5758,#1034,.T.);
#5251=EDGE_CURVE('',#5938,#5761,#1035,.T.);
#5252=EDGE_CURVE('',#5934,#5754,#1036,.T.);
#5253=EDGE_CURVE('',#6002,#5697,#1037,.T.);
#5254=EDGE_CURVE('',#6003,#5696,#1038,.T.);
#5255=EDGE_CURVE('',#6005,#5694,#1039,.T.);
#5256=EDGE_CURVE('',#5998,#5693,#1040,.T.);
#5257=EDGE_CURVE('',#5999,#5692,#1041,.T.);
#5258=EDGE_CURVE('',#6000,#5699,#1042,.T.);
#5259=EDGE_CURVE('',#6004,#5695,#1043,.T.);
#5260=EDGE_CURVE('',#6001,#5698,#1044,.T.);
#5261=EDGE_CURVE('',#5997,#5691,#1045,.T.);
#5262=EDGE_CURVE('',#6011,#5688,#1046,.T.);
#5263=EDGE_CURVE('',#6012,#5687,#1047,.T.);
#5264=EDGE_CURVE('',#6014,#5685,#1048,.T.);
#5265=EDGE_CURVE('',#6007,#5684,#1049,.T.);
#5266=EDGE_CURVE('',#6008,#5683,#1050,.T.);
#5267=EDGE_CURVE('',#6009,#5690,#1051,.T.);
#5268=EDGE_CURVE('',#6013,#5686,#1052,.T.);
#5269=EDGE_CURVE('',#6010,#5689,#1053,.T.);
#5270=EDGE_CURVE('',#6006,#5682,#1054,.T.);
#5271=EDGE_CURVE('',#6020,#5679,#1055,.T.);
#5272=EDGE_CURVE('',#6021,#5678,#1056,.T.);
#5273=EDGE_CURVE('',#6023,#5676,#1057,.T.);
#5274=EDGE_CURVE('',#6016,#5675,#1058,.T.);
#5275=EDGE_CURVE('',#6017,#5674,#1059,.T.);
#5276=EDGE_CURVE('',#6018,#5681,#1060,.T.);
#5277=EDGE_CURVE('',#6022,#5677,#1061,.T.);
#5278=EDGE_CURVE('',#6019,#5680,#1062,.T.);
#5279=EDGE_CURVE('',#6015,#5673,#1063,.T.);
#5280=EDGE_CURVE('',#6029,#5670,#1064,.T.);
#5281=EDGE_CURVE('',#6030,#5669,#1065,.T.);
#5282=EDGE_CURVE('',#6032,#5667,#1066,.T.);
#5283=EDGE_CURVE('',#6025,#5666,#1067,.T.);
#5284=EDGE_CURVE('',#6026,#5665,#1068,.T.);
#5285=EDGE_CURVE('',#6027,#5672,#1069,.T.);
#5286=EDGE_CURVE('',#6031,#5668,#1070,.T.);
#5287=EDGE_CURVE('',#6028,#5671,#1071,.T.);
#5288=EDGE_CURVE('',#6024,#5664,#1072,.T.);
#5289=EDGE_CURVE('',#6038,#5661,#1073,.T.);
#5290=EDGE_CURVE('',#6039,#5660,#1074,.T.);
#5291=EDGE_CURVE('',#6041,#5658,#1075,.T.);
#5292=EDGE_CURVE('',#6034,#5657,#1076,.T.);
#5293=EDGE_CURVE('',#6035,#5656,#1077,.T.);
#5294=EDGE_CURVE('',#6036,#5663,#1078,.T.);
#5295=EDGE_CURVE('',#6040,#5659,#1079,.T.);
#5296=EDGE_CURVE('',#6037,#5662,#1080,.T.);
#5297=EDGE_CURVE('',#6033,#5655,#1081,.T.);
#5298=EDGE_CURVE('',#6047,#5652,#1082,.T.);
#5299=EDGE_CURVE('',#6048,#5651,#1083,.T.);
#5300=EDGE_CURVE('',#6050,#5649,#1084,.T.);
#5301=EDGE_CURVE('',#6043,#5648,#1085,.T.);
#5302=EDGE_CURVE('',#6044,#5647,#1086,.T.);
#5303=EDGE_CURVE('',#6045,#5654,#1087,.T.);
#5304=EDGE_CURVE('',#6049,#5650,#1088,.T.);
#5305=EDGE_CURVE('',#6046,#5653,#1089,.T.);
#5306=EDGE_CURVE('',#6042,#5646,#1090,.T.);
#5307=EDGE_CURVE('',#6056,#5643,#1091,.T.);
#5308=EDGE_CURVE('',#6057,#5642,#1092,.T.);
#5309=EDGE_CURVE('',#6059,#5640,#1093,.T.);
#5310=EDGE_CURVE('',#6052,#5639,#1094,.T.);
#5311=EDGE_CURVE('',#6053,#5638,#1095,.T.);
#5312=EDGE_CURVE('',#6054,#5645,#1096,.T.);
#5313=EDGE_CURVE('',#6058,#5641,#1097,.T.);
#5314=EDGE_CURVE('',#6055,#5644,#1098,.T.);
#5315=EDGE_CURVE('',#6051,#5637,#1099,.T.);
#5316=EDGE_CURVE('',#6070,#5618,#1100,.T.);
#5317=EDGE_CURVE('',#6080,#5619,#1101,.F.);
#5318=EDGE_CURVE('',#5622,#6077,#1102,.T.);
#5319=EDGE_CURVE('',#6076,#5623,#1103,.F.);
#5320=EDGE_CURVE('',#5624,#6075,#1104,.T.);
#5321=EDGE_CURVE('',#6074,#5625,#1105,.F.);
#5322=EDGE_CURVE('',#6072,#5627,#1106,.T.);
#5323=EDGE_CURVE('',#5626,#6073,#1107,.T.);
#5324=EDGE_CURVE('',#6078,#5621,#1108,.F.);
#5325=EDGE_CURVE('',#5620,#6079,#1109,.T.);
#5326=EDGE_CURVE('',#6069,#5617,#1110,.T.);
#5327=EDGE_CURVE('',#6071,#5616,#1111,.T.);
#5328=EDGE_CURVE('',#6061,#5630,#1112,.T.);
#5329=EDGE_CURVE('',#6060,#5628,#1113,.T.);
#5330=EDGE_CURVE('',#6062,#5629,#1114,.T.);
#5331=EDGE_CURVE('',#6063,#5636,#1115,.T.);
#5332=EDGE_CURVE('',#6064,#5635,#1116,.T.);
#5333=EDGE_CURVE('',#6065,#5634,#1117,.T.);
#5334=EDGE_CURVE('',#6066,#5633,#1118,.T.);
#5335=EDGE_CURVE('',#6067,#5632,#1119,.T.);
#5336=EDGE_CURVE('',#6068,#5631,#1120,.T.);
#5337=EDGE_CURVE('',#6081,#5844,#1121,.T.);
#5338=EDGE_CURVE('',#6083,#5845,#1122,.T.);
#5339=EDGE_CURVE('',#6084,#5852,#1123,.T.);
#5340=EDGE_CURVE('',#6085,#5851,#1124,.T.);
#5341=EDGE_CURVE('',#6086,#5850,#1125,.T.);
#5342=EDGE_CURVE('',#6087,#5849,#1126,.T.);
#5343=EDGE_CURVE('',#6088,#5848,#1127,.T.);
#5344=EDGE_CURVE('',#6089,#5847,#1128,.T.);
#5345=EDGE_CURVE('',#6082,#5846,#1129,.T.);
#5346=VERTEX_POINT('',#10496);
#5347=VERTEX_POINT('',#10497);
#5348=VERTEX_POINT('',#10499);
#5349=VERTEX_POINT('',#10501);
#5350=VERTEX_POINT('',#10505);
#5351=VERTEX_POINT('',#10506);
#5352=VERTEX_POINT('',#10508);
#5353=VERTEX_POINT('',#10510);
#5354=VERTEX_POINT('',#10514);
#5355=VERTEX_POINT('',#10515);
#5356=VERTEX_POINT('',#10517);
#5357=VERTEX_POINT('',#10519);
#5358=VERTEX_POINT('',#10523);
#5359=VERTEX_POINT('',#10525);
#5360=VERTEX_POINT('',#10532);
#5361=VERTEX_POINT('',#10534);
#5362=VERTEX_POINT('',#10541);
#5363=VERTEX_POINT('',#10542);
#5364=VERTEX_POINT('',#10550);
#5365=VERTEX_POINT('',#10551);
#5366=VERTEX_POINT('',#10553);
#5367=VERTEX_POINT('',#10555);
#5368=VERTEX_POINT('',#10559);
#5369=VERTEX_POINT('',#10560);
#5370=VERTEX_POINT('',#10562);
#5371=VERTEX_POINT('',#10564);
#5372=VERTEX_POINT('',#10568);
#5373=VERTEX_POINT('',#10569);
#5374=VERTEX_POINT('',#10571);
#5375=VERTEX_POINT('',#10573);
#5376=VERTEX_POINT('',#10577);
#5377=VERTEX_POINT('',#10579);
#5378=VERTEX_POINT('',#10586);
#5379=VERTEX_POINT('',#10588);
#5380=VERTEX_POINT('',#10595);
#5381=VERTEX_POINT('',#10596);
#5382=VERTEX_POINT('',#10604);
#5383=VERTEX_POINT('',#10605);
#5384=VERTEX_POINT('',#10607);
#5385=VERTEX_POINT('',#10609);
#5386=VERTEX_POINT('',#10613);
#5387=VERTEX_POINT('',#10614);
#5388=VERTEX_POINT('',#10616);
#5389=VERTEX_POINT('',#10618);
#5390=VERTEX_POINT('',#10622);
#5391=VERTEX_POINT('',#10623);
#5392=VERTEX_POINT('',#10625);
#5393=VERTEX_POINT('',#10627);
#5394=VERTEX_POINT('',#10631);
#5395=VERTEX_POINT('',#10633);
#5396=VERTEX_POINT('',#10640);
#5397=VERTEX_POINT('',#10642);
#5398=VERTEX_POINT('',#10649);
#5399=VERTEX_POINT('',#10650);
#5400=VERTEX_POINT('',#10658);
#5401=VERTEX_POINT('',#10659);
#5402=VERTEX_POINT('',#10661);
#5403=VERTEX_POINT('',#10663);
#5404=VERTEX_POINT('',#10667);
#5405=VERTEX_POINT('',#10668);
#5406=VERTEX_POINT('',#10670);
#5407=VERTEX_POINT('',#10672);
#5408=VERTEX_POINT('',#10676);
#5409=VERTEX_POINT('',#10677);
#5410=VERTEX_POINT('',#10679);
#5411=VERTEX_POINT('',#10681);
#5412=VERTEX_POINT('',#10685);
#5413=VERTEX_POINT('',#10687);
#5414=VERTEX_POINT('',#10694);
#5415=VERTEX_POINT('',#10696);
#5416=VERTEX_POINT('',#10703);
#5417=VERTEX_POINT('',#10704);
#5418=VERTEX_POINT('',#10712);
#5419=VERTEX_POINT('',#10713);
#5420=VERTEX_POINT('',#10715);
#5421=VERTEX_POINT('',#10717);
#5422=VERTEX_POINT('',#10721);
#5423=VERTEX_POINT('',#10722);
#5424=VERTEX_POINT('',#10724);
#5425=VERTEX_POINT('',#10726);
#5426=VERTEX_POINT('',#10730);
#5427=VERTEX_POINT('',#10731);
#5428=VERTEX_POINT('',#10733);
#5429=VERTEX_POINT('',#10735);
#5430=VERTEX_POINT('',#10739);
#5431=VERTEX_POINT('',#10741);
#5432=VERTEX_POINT('',#10748);
#5433=VERTEX_POINT('',#10750);
#5434=VERTEX_POINT('',#10757);
#5435=VERTEX_POINT('',#10758);
#5436=VERTEX_POINT('',#10766);
#5437=VERTEX_POINT('',#10767);
#5438=VERTEX_POINT('',#10769);
#5439=VERTEX_POINT('',#10771);
#5440=VERTEX_POINT('',#10775);
#5441=VERTEX_POINT('',#10776);
#5442=VERTEX_POINT('',#10778);
#5443=VERTEX_POINT('',#10780);
#5444=VERTEX_POINT('',#10784);
#5445=VERTEX_POINT('',#10785);
#5446=VERTEX_POINT('',#10787);
#5447=VERTEX_POINT('',#10789);
#5448=VERTEX_POINT('',#10793);
#5449=VERTEX_POINT('',#10795);
#5450=VERTEX_POINT('',#10802);
#5451=VERTEX_POINT('',#10804);
#5452=VERTEX_POINT('',#10811);
#5453=VERTEX_POINT('',#10812);
#5454=VERTEX_POINT('',#10820);
#5455=VERTEX_POINT('',#10821);
#5456=VERTEX_POINT('',#10823);
#5457=VERTEX_POINT('',#10825);
#5458=VERTEX_POINT('',#10829);
#5459=VERTEX_POINT('',#10830);
#5460=VERTEX_POINT('',#10832);
#5461=VERTEX_POINT('',#10834);
#5462=VERTEX_POINT('',#10838);
#5463=VERTEX_POINT('',#10839);
#5464=VERTEX_POINT('',#10841);
#5465=VERTEX_POINT('',#10843);
#5466=VERTEX_POINT('',#10847);
#5467=VERTEX_POINT('',#10849);
#5468=VERTEX_POINT('',#10856);
#5469=VERTEX_POINT('',#10858);
#5470=VERTEX_POINT('',#10865);
#5471=VERTEX_POINT('',#10866);
#5472=VERTEX_POINT('',#10874);
#5473=VERTEX_POINT('',#10875);
#5474=VERTEX_POINT('',#10877);
#5475=VERTEX_POINT('',#10879);
#5476=VERTEX_POINT('',#10883);
#5477=VERTEX_POINT('',#10884);
#5478=VERTEX_POINT('',#10886);
#5479=VERTEX_POINT('',#10888);
#5480=VERTEX_POINT('',#10892);
#5481=VERTEX_POINT('',#10893);
#5482=VERTEX_POINT('',#10895);
#5483=VERTEX_POINT('',#10897);
#5484=VERTEX_POINT('',#10901);
#5485=VERTEX_POINT('',#10903);
#5486=VERTEX_POINT('',#10910);
#5487=VERTEX_POINT('',#10912);
#5488=VERTEX_POINT('',#10919);
#5489=VERTEX_POINT('',#10920);
#5490=VERTEX_POINT('',#10928);
#5491=VERTEX_POINT('',#10929);
#5492=VERTEX_POINT('',#10931);
#5493=VERTEX_POINT('',#10933);
#5494=VERTEX_POINT('',#10937);
#5495=VERTEX_POINT('',#10938);
#5496=VERTEX_POINT('',#10940);
#5497=VERTEX_POINT('',#10942);
#5498=VERTEX_POINT('',#10946);
#5499=VERTEX_POINT('',#10947);
#5500=VERTEX_POINT('',#10949);
#5501=VERTEX_POINT('',#10951);
#5502=VERTEX_POINT('',#10955);
#5503=VERTEX_POINT('',#10957);
#5504=VERTEX_POINT('',#10964);
#5505=VERTEX_POINT('',#10966);
#5506=VERTEX_POINT('',#10973);
#5507=VERTEX_POINT('',#10974);
#5508=VERTEX_POINT('',#10982);
#5509=VERTEX_POINT('',#10983);
#5510=VERTEX_POINT('',#10985);
#5511=VERTEX_POINT('',#10987);
#5512=VERTEX_POINT('',#10991);
#5513=VERTEX_POINT('',#10992);
#5514=VERTEX_POINT('',#10994);
#5515=VERTEX_POINT('',#10996);
#5516=VERTEX_POINT('',#11000);
#5517=VERTEX_POINT('',#11001);
#5518=VERTEX_POINT('',#11003);
#5519=VERTEX_POINT('',#11005);
#5520=VERTEX_POINT('',#11009);
#5521=VERTEX_POINT('',#11011);
#5522=VERTEX_POINT('',#11018);
#5523=VERTEX_POINT('',#11020);
#5524=VERTEX_POINT('',#11027);
#5525=VERTEX_POINT('',#11028);
#5526=VERTEX_POINT('',#11036);
#5527=VERTEX_POINT('',#11037);
#5528=VERTEX_POINT('',#11039);
#5529=VERTEX_POINT('',#11041);
#5530=VERTEX_POINT('',#11045);
#5531=VERTEX_POINT('',#11046);
#5532=VERTEX_POINT('',#11048);
#5533=VERTEX_POINT('',#11050);
#5534=VERTEX_POINT('',#11054);
#5535=VERTEX_POINT('',#11055);
#5536=VERTEX_POINT('',#11057);
#5537=VERTEX_POINT('',#11059);
#5538=VERTEX_POINT('',#11063);
#5539=VERTEX_POINT('',#11065);
#5540=VERTEX_POINT('',#11072);
#5541=VERTEX_POINT('',#11074);
#5542=VERTEX_POINT('',#11081);
#5543=VERTEX_POINT('',#11082);
#5544=VERTEX_POINT('',#11090);
#5545=VERTEX_POINT('',#11091);
#5546=VERTEX_POINT('',#11093);
#5547=VERTEX_POINT('',#11095);
#5548=VERTEX_POINT('',#11099);
#5549=VERTEX_POINT('',#11100);
#5550=VERTEX_POINT('',#11102);
#5551=VERTEX_POINT('',#11104);
#5552=VERTEX_POINT('',#11108);
#5553=VERTEX_POINT('',#11109);
#5554=VERTEX_POINT('',#11111);
#5555=VERTEX_POINT('',#11113);
#5556=VERTEX_POINT('',#11117);
#5557=VERTEX_POINT('',#11119);
#5558=VERTEX_POINT('',#11126);
#5559=VERTEX_POINT('',#11128);
#5560=VERTEX_POINT('',#11135);
#5561=VERTEX_POINT('',#11136);
#5562=VERTEX_POINT('',#11144);
#5563=VERTEX_POINT('',#11145);
#5564=VERTEX_POINT('',#11147);
#5565=VERTEX_POINT('',#11149);
#5566=VERTEX_POINT('',#11153);
#5567=VERTEX_POINT('',#11154);
#5568=VERTEX_POINT('',#11156);
#5569=VERTEX_POINT('',#11158);
#5570=VERTEX_POINT('',#11162);
#5571=VERTEX_POINT('',#11163);
#5572=VERTEX_POINT('',#11165);
#5573=VERTEX_POINT('',#11167);
#5574=VERTEX_POINT('',#11171);
#5575=VERTEX_POINT('',#11173);
#5576=VERTEX_POINT('',#11180);
#5577=VERTEX_POINT('',#11182);
#5578=VERTEX_POINT('',#11189);
#5579=VERTEX_POINT('',#11190);
#5580=VERTEX_POINT('',#11198);
#5581=VERTEX_POINT('',#11199);
#5582=VERTEX_POINT('',#11201);
#5583=VERTEX_POINT('',#11203);
#5584=VERTEX_POINT('',#11207);
#5585=VERTEX_POINT('',#11208);
#5586=VERTEX_POINT('',#11210);
#5587=VERTEX_POINT('',#11212);
#5588=VERTEX_POINT('',#11216);
#5589=VERTEX_POINT('',#11217);
#5590=VERTEX_POINT('',#11219);
#5591=VERTEX_POINT('',#11221);
#5592=VERTEX_POINT('',#11225);
#5593=VERTEX_POINT('',#11227);
#5594=VERTEX_POINT('',#11234);
#5595=VERTEX_POINT('',#11236);
#5596=VERTEX_POINT('',#11243);
#5597=VERTEX_POINT('',#11244);
#5598=VERTEX_POINT('',#11252);
#5599=VERTEX_POINT('',#11253);
#5600=VERTEX_POINT('',#11255);
#5601=VERTEX_POINT('',#11257);
#5602=VERTEX_POINT('',#11261);
#5603=VERTEX_POINT('',#11262);
#5604=VERTEX_POINT('',#11264);
#5605=VERTEX_POINT('',#11266);
#5606=VERTEX_POINT('',#11270);
#5607=VERTEX_POINT('',#11271);
#5608=VERTEX_POINT('',#11273);
#5609=VERTEX_POINT('',#11275);
#5610=VERTEX_POINT('',#11279);
#5611=VERTEX_POINT('',#11281);
#5612=VERTEX_POINT('',#11288);
#5613=VERTEX_POINT('',#11290);
#5614=VERTEX_POINT('',#11297);
#5615=VERTEX_POINT('',#11298);
#5616=VERTEX_POINT('',#11306);
#5617=VERTEX_POINT('',#11307);
#5618=VERTEX_POINT('',#11309);
#5619=VERTEX_POINT('',#11311);
#5620=VERTEX_POINT('',#11313);
#5621=VERTEX_POINT('',#11315);
#5622=VERTEX_POINT('',#11317);
#5623=VERTEX_POINT('',#11319);
#5624=VERTEX_POINT('',#11321);
#5625=VERTEX_POINT('',#11323);
#5626=VERTEX_POINT('',#11325);
#5627=VERTEX_POINT('',#11327);
#5628=VERTEX_POINT('',#11330);
#5629=VERTEX_POINT('',#11331);
#5630=VERTEX_POINT('',#11333);
#5631=VERTEX_POINT('',#11335);
#5632=VERTEX_POINT('',#11337);
#5633=VERTEX_POINT('',#11339);
#5634=VERTEX_POINT('',#11341);
#5635=VERTEX_POINT('',#11343);
#5636=VERTEX_POINT('',#11345);
#5637=VERTEX_POINT('',#11348);
#5638=VERTEX_POINT('',#11349);
#5639=VERTEX_POINT('',#11351);
#5640=VERTEX_POINT('',#11353);
#5641=VERTEX_POINT('',#11355);
#5642=VERTEX_POINT('',#11357);
#5643=VERTEX_POINT('',#11359);
#5644=VERTEX_POINT('',#11361);
#5645=VERTEX_POINT('',#11363);
#5646=VERTEX_POINT('',#11366);
#5647=VERTEX_POINT('',#11367);
#5648=VERTEX_POINT('',#11369);
#5649=VERTEX_POINT('',#11371);
#5650=VERTEX_POINT('',#11373);
#5651=VERTEX_POINT('',#11375);
#5652=VERTEX_POINT('',#11377);
#5653=VERTEX_POINT('',#11379);
#5654=VERTEX_POINT('',#11381);
#5655=VERTEX_POINT('',#11384);
#5656=VERTEX_POINT('',#11385);
#5657=VERTEX_POINT('',#11387);
#5658=VERTEX_POINT('',#11389);
#5659=VERTEX_POINT('',#11391);
#5660=VERTEX_POINT('',#11393);
#5661=VERTEX_POINT('',#11395);
#5662=VERTEX_POINT('',#11397);
#5663=VERTEX_POINT('',#11399);
#5664=VERTEX_POINT('',#11402);
#5665=VERTEX_POINT('',#11403);
#5666=VERTEX_POINT('',#11405);
#5667=VERTEX_POINT('',#11407);
#5668=VERTEX_POINT('',#11409);
#5669=VERTEX_POINT('',#11411);
#5670=VERTEX_POINT('',#11413);
#5671=VERTEX_POINT('',#11415);
#5672=VERTEX_POINT('',#11417);
#5673=VERTEX_POINT('',#11420);
#5674=VERTEX_POINT('',#11421);
#5675=VERTEX_POINT('',#11423);
#5676=VERTEX_POINT('',#11425);
#5677=VERTEX_POINT('',#11427);
#5678=VERTEX_POINT('',#11429);
#5679=VERTEX_POINT('',#11431);
#5680=VERTEX_POINT('',#11433);
#5681=VERTEX_POINT('',#11435);
#5682=VERTEX_POINT('',#11438);
#5683=VERTEX_POINT('',#11439);
#5684=VERTEX_POINT('',#11441);
#5685=VERTEX_POINT('',#11443);
#5686=VERTEX_POINT('',#11445);
#5687=VERTEX_POINT('',#11447);
#5688=VERTEX_POINT('',#11449);
#5689=VERTEX_POINT('',#11451);
#5690=VERTEX_POINT('',#11453);
#5691=VERTEX_POINT('',#11456);
#5692=VERTEX_POINT('',#11457);
#5693=VERTEX_POINT('',#11459);
#5694=VERTEX_POINT('',#11461);
#5695=VERTEX_POINT('',#11463);
#5696=VERTEX_POINT('',#11465);
#5697=VERTEX_POINT('',#11467);
#5698=VERTEX_POINT('',#11469);
#5699=VERTEX_POINT('',#11471);
#5700=VERTEX_POINT('',#11474);
#5701=VERTEX_POINT('',#11475);
#5702=VERTEX_POINT('',#11477);
#5703=VERTEX_POINT('',#11479);
#5704=VERTEX_POINT('',#11481);
#5705=VERTEX_POINT('',#11483);
#5706=VERTEX_POINT('',#11485);
#5707=VERTEX_POINT('',#11487);
#5708=VERTEX_POINT('',#11489);
#5709=VERTEX_POINT('',#11492);
#5710=VERTEX_POINT('',#11493);
#5711=VERTEX_POINT('',#11495);
#5712=VERTEX_POINT('',#11497);
#5713=VERTEX_POINT('',#11499);
#5714=VERTEX_POINT('',#11501);
#5715=VERTEX_POINT('',#11503);
#5716=VERTEX_POINT('',#11505);
#5717=VERTEX_POINT('',#11507);
#5718=VERTEX_POINT('',#11510);
#5719=VERTEX_POINT('',#11511);
#5720=VERTEX_POINT('',#11513);
#5721=VERTEX_POINT('',#11515);
#5722=VERTEX_POINT('',#11517);
#5723=VERTEX_POINT('',#11519);
#5724=VERTEX_POINT('',#11521);
#5725=VERTEX_POINT('',#11523);
#5726=VERTEX_POINT('',#11525);
#5727=VERTEX_POINT('',#11528);
#5728=VERTEX_POINT('',#11529);
#5729=VERTEX_POINT('',#11531);
#5730=VERTEX_POINT('',#11533);
#5731=VERTEX_POINT('',#11535);
#5732=VERTEX_POINT('',#11537);
#5733=VERTEX_POINT('',#11539);
#5734=VERTEX_POINT('',#11541);
#5735=VERTEX_POINT('',#11543);
#5736=VERTEX_POINT('',#11546);
#5737=VERTEX_POINT('',#11547);
#5738=VERTEX_POINT('',#11549);
#5739=VERTEX_POINT('',#11551);
#5740=VERTEX_POINT('',#11553);
#5741=VERTEX_POINT('',#11555);
#5742=VERTEX_POINT('',#11557);
#5743=VERTEX_POINT('',#11559);
#5744=VERTEX_POINT('',#11561);
#5745=VERTEX_POINT('',#11564);
#5746=VERTEX_POINT('',#11565);
#5747=VERTEX_POINT('',#11567);
#5748=VERTEX_POINT('',#11569);
#5749=VERTEX_POINT('',#11571);
#5750=VERTEX_POINT('',#11573);
#5751=VERTEX_POINT('',#11575);
#5752=VERTEX_POINT('',#11577);
#5753=VERTEX_POINT('',#11579);
#5754=VERTEX_POINT('',#11582);
#5755=VERTEX_POINT('',#11583);
#5756=VERTEX_POINT('',#11585);
#5757=VERTEX_POINT('',#11587);
#5758=VERTEX_POINT('',#11589);
#5759=VERTEX_POINT('',#11591);
#5760=VERTEX_POINT('',#11593);
#5761=VERTEX_POINT('',#11595);
#5762=VERTEX_POINT('',#11597);
#5763=VERTEX_POINT('',#11600);
#5764=VERTEX_POINT('',#11601);
#5765=VERTEX_POINT('',#11603);
#5766=VERTEX_POINT('',#11605);
#5767=VERTEX_POINT('',#11607);
#5768=VERTEX_POINT('',#11609);
#5769=VERTEX_POINT('',#11611);
#5770=VERTEX_POINT('',#11613);
#5771=VERTEX_POINT('',#11615);
#5772=VERTEX_POINT('',#11618);
#5773=VERTEX_POINT('',#11619);
#5774=VERTEX_POINT('',#11621);
#5775=VERTEX_POINT('',#11623);
#5776=VERTEX_POINT('',#11625);
#5777=VERTEX_POINT('',#11627);
#5778=VERTEX_POINT('',#11629);
#5779=VERTEX_POINT('',#11631);
#5780=VERTEX_POINT('',#11633);
#5781=VERTEX_POINT('',#11636);
#5782=VERTEX_POINT('',#11637);
#5783=VERTEX_POINT('',#11639);
#5784=VERTEX_POINT('',#11641);
#5785=VERTEX_POINT('',#11643);
#5786=VERTEX_POINT('',#11645);
#5787=VERTEX_POINT('',#11647);
#5788=VERTEX_POINT('',#11649);
#5789=VERTEX_POINT('',#11651);
#5790=VERTEX_POINT('',#11654);
#5791=VERTEX_POINT('',#11655);
#5792=VERTEX_POINT('',#11657);
#5793=VERTEX_POINT('',#11659);
#5794=VERTEX_POINT('',#11661);
#5795=VERTEX_POINT('',#11663);
#5796=VERTEX_POINT('',#11665);
#5797=VERTEX_POINT('',#11667);
#5798=VERTEX_POINT('',#11669);
#5799=VERTEX_POINT('',#11672);
#5800=VERTEX_POINT('',#11673);
#5801=VERTEX_POINT('',#11675);
#5802=VERTEX_POINT('',#11677);
#5803=VERTEX_POINT('',#11679);
#5804=VERTEX_POINT('',#11681);
#5805=VERTEX_POINT('',#11683);
#5806=VERTEX_POINT('',#11685);
#5807=VERTEX_POINT('',#11687);
#5808=VERTEX_POINT('',#11690);
#5809=VERTEX_POINT('',#11691);
#5810=VERTEX_POINT('',#11693);
#5811=VERTEX_POINT('',#11695);
#5812=VERTEX_POINT('',#11697);
#5813=VERTEX_POINT('',#11699);
#5814=VERTEX_POINT('',#11701);
#5815=VERTEX_POINT('',#11703);
#5816=VERTEX_POINT('',#11705);
#5817=VERTEX_POINT('',#11708);
#5818=VERTEX_POINT('',#11709);
#5819=VERTEX_POINT('',#11711);
#5820=VERTEX_POINT('',#11713);
#5821=VERTEX_POINT('',#11715);
#5822=VERTEX_POINT('',#11717);
#5823=VERTEX_POINT('',#11719);
#5824=VERTEX_POINT('',#11721);
#5825=VERTEX_POINT('',#11723);
#5826=VERTEX_POINT('',#11726);
#5827=VERTEX_POINT('',#11727);
#5828=VERTEX_POINT('',#11729);
#5829=VERTEX_POINT('',#11731);
#5830=VERTEX_POINT('',#11733);
#5831=VERTEX_POINT('',#11735);
#5832=VERTEX_POINT('',#11737);
#5833=VERTEX_POINT('',#11739);
#5834=VERTEX_POINT('',#11741);
#5835=VERTEX_POINT('',#11744);
#5836=VERTEX_POINT('',#11745);
#5837=VERTEX_POINT('',#11747);
#5838=VERTEX_POINT('',#11749);
#5839=VERTEX_POINT('',#11751);
#5840=VERTEX_POINT('',#11753);
#5841=VERTEX_POINT('',#11755);
#5842=VERTEX_POINT('',#11757);
#5843=VERTEX_POINT('',#11759);
#5844=VERTEX_POINT('',#11762);
#5845=VERTEX_POINT('',#11763);
#5846=VERTEX_POINT('',#11765);
#5847=VERTEX_POINT('',#11767);
#5848=VERTEX_POINT('',#11769);
#5849=VERTEX_POINT('',#11771);
#5850=VERTEX_POINT('',#11773);
#5851=VERTEX_POINT('',#11775);
#5852=VERTEX_POINT('',#11777);
#5853=VERTEX_POINT('',#11781);
#5854=VERTEX_POINT('',#11782);
#5855=VERTEX_POINT('',#11784);
#5856=VERTEX_POINT('',#11786);
#5857=VERTEX_POINT('',#11788);
#5858=VERTEX_POINT('',#11790);
#5859=VERTEX_POINT('',#11792);
#5860=VERTEX_POINT('',#11794);
#5861=VERTEX_POINT('',#11796);
#5862=VERTEX_POINT('',#11799);
#5863=VERTEX_POINT('',#11800);
#5864=VERTEX_POINT('',#11802);
#5865=VERTEX_POINT('',#11804);
#5866=VERTEX_POINT('',#11806);
#5867=VERTEX_POINT('',#11808);
#5868=VERTEX_POINT('',#11810);
#5869=VERTEX_POINT('',#11812);
#5870=VERTEX_POINT('',#11814);
#5871=VERTEX_POINT('',#11817);
#5872=VERTEX_POINT('',#11818);
#5873=VERTEX_POINT('',#11820);
#5874=VERTEX_POINT('',#11822);
#5875=VERTEX_POINT('',#11824);
#5876=VERTEX_POINT('',#11826);
#5877=VERTEX_POINT('',#11828);
#5878=VERTEX_POINT('',#11830);
#5879=VERTEX_POINT('',#11832);
#5880=VERTEX_POINT('',#11835);
#5881=VERTEX_POINT('',#11836);
#5882=VERTEX_POINT('',#11838);
#5883=VERTEX_POINT('',#11840);
#5884=VERTEX_POINT('',#11842);
#5885=VERTEX_POINT('',#11844);
#5886=VERTEX_POINT('',#11846);
#5887=VERTEX_POINT('',#11848);
#5888=VERTEX_POINT('',#11850);
#5889=VERTEX_POINT('',#11853);
#5890=VERTEX_POINT('',#11854);
#5891=VERTEX_POINT('',#11856);
#5892=VERTEX_POINT('',#11858);
#5893=VERTEX_POINT('',#11860);
#5894=VERTEX_POINT('',#11862);
#5895=VERTEX_POINT('',#11864);
#5896=VERTEX_POINT('',#11866);
#5897=VERTEX_POINT('',#11868);
#5898=VERTEX_POINT('',#11871);
#5899=VERTEX_POINT('',#11872);
#5900=VERTEX_POINT('',#11874);
#5901=VERTEX_POINT('',#11876);
#5902=VERTEX_POINT('',#11878);
#5903=VERTEX_POINT('',#11880);
#5904=VERTEX_POINT('',#11882);
#5905=VERTEX_POINT('',#11884);
#5906=VERTEX_POINT('',#11886);
#5907=VERTEX_POINT('',#11889);
#5908=VERTEX_POINT('',#11890);
#5909=VERTEX_POINT('',#11892);
#5910=VERTEX_POINT('',#11894);
#5911=VERTEX_POINT('',#11896);
#5912=VERTEX_POINT('',#11898);
#5913=VERTEX_POINT('',#11900);
#5914=VERTEX_POINT('',#11902);
#5915=VERTEX_POINT('',#11904);
#5916=VERTEX_POINT('',#11907);
#5917=VERTEX_POINT('',#11908);
#5918=VERTEX_POINT('',#11910);
#5919=VERTEX_POINT('',#11912);
#5920=VERTEX_POINT('',#11914);
#5921=VERTEX_POINT('',#11916);
#5922=VERTEX_POINT('',#11918);
#5923=VERTEX_POINT('',#11920);
#5924=VERTEX_POINT('',#11922);
#5925=VERTEX_POINT('',#11925);
#5926=VERTEX_POINT('',#11926);
#5927=VERTEX_POINT('',#11928);
#5928=VERTEX_POINT('',#11930);
#5929=VERTEX_POINT('',#11932);
#5930=VERTEX_POINT('',#11934);
#5931=VERTEX_POINT('',#11936);
#5932=VERTEX_POINT('',#11938);
#5933=VERTEX_POINT('',#11940);
#5934=VERTEX_POINT('',#11943);
#5935=VERTEX_POINT('',#11944);
#5936=VERTEX_POINT('',#11946);
#5937=VERTEX_POINT('',#11948);
#5938=VERTEX_POINT('',#11950);
#5939=VERTEX_POINT('',#11952);
#5940=VERTEX_POINT('',#11954);
#5941=VERTEX_POINT('',#11956);
#5942=VERTEX_POINT('',#11958);
#5943=VERTEX_POINT('',#11961);
#5944=VERTEX_POINT('',#11962);
#5945=VERTEX_POINT('',#11964);
#5946=VERTEX_POINT('',#11966);
#5947=VERTEX_POINT('',#11968);
#5948=VERTEX_POINT('',#11970);
#5949=VERTEX_POINT('',#11972);
#5950=VERTEX_POINT('',#11974);
#5951=VERTEX_POINT('',#11976);
#5952=VERTEX_POINT('',#11979);
#5953=VERTEX_POINT('',#11980);
#5954=VERTEX_POINT('',#11982);
#5955=VERTEX_POINT('',#11984);
#5956=VERTEX_POINT('',#11986);
#5957=VERTEX_POINT('',#11988);
#5958=VERTEX_POINT('',#11990);
#5959=VERTEX_POINT('',#11992);
#5960=VERTEX_POINT('',#11994);
#5961=VERTEX_POINT('',#11997);
#5962=VERTEX_POINT('',#11998);
#5963=VERTEX_POINT('',#12000);
#5964=VERTEX_POINT('',#12002);
#5965=VERTEX_POINT('',#12004);
#5966=VERTEX_POINT('',#12006);
#5967=VERTEX_POINT('',#12008);
#5968=VERTEX_POINT('',#12010);
#5969=VERTEX_POINT('',#12012);
#5970=VERTEX_POINT('',#12015);
#5971=VERTEX_POINT('',#12016);
#5972=VERTEX_POINT('',#12018);
#5973=VERTEX_POINT('',#12020);
#5974=VERTEX_POINT('',#12022);
#5975=VERTEX_POINT('',#12024);
#5976=VERTEX_POINT('',#12026);
#5977=VERTEX_POINT('',#12028);
#5978=VERTEX_POINT('',#12030);
#5979=VERTEX_POINT('',#12033);
#5980=VERTEX_POINT('',#12034);
#5981=VERTEX_POINT('',#12036);
#5982=VERTEX_POINT('',#12038);
#5983=VERTEX_POINT('',#12040);
#5984=VERTEX_POINT('',#12042);
#5985=VERTEX_POINT('',#12044);
#5986=VERTEX_POINT('',#12046);
#5987=VERTEX_POINT('',#12048);
#5988=VERTEX_POINT('',#12051);
#5989=VERTEX_POINT('',#12052);
#5990=VERTEX_POINT('',#12054);
#5991=VERTEX_POINT('',#12056);
#5992=VERTEX_POINT('',#12058);
#5993=VERTEX_POINT('',#12060);
#5994=VERTEX_POINT('',#12062);
#5995=VERTEX_POINT('',#12064);
#5996=VERTEX_POINT('',#12066);
#5997=VERTEX_POINT('',#12069);
#5998=VERTEX_POINT('',#12070);
#5999=VERTEX_POINT('',#12072);
#6000=VERTEX_POINT('',#12074);
#6001=VERTEX_POINT('',#12076);
#6002=VERTEX_POINT('',#12078);
#6003=VERTEX_POINT('',#12080);
#6004=VERTEX_POINT('',#12082);
#6005=VERTEX_POINT('',#12084);
#6006=VERTEX_POINT('',#12087);
#6007=VERTEX_POINT('',#12088);
#6008=VERTEX_POINT('',#12090);
#6009=VERTEX_POINT('',#12092);
#6010=VERTEX_POINT('',#12094);
#6011=VERTEX_POINT('',#12096);
#6012=VERTEX_POINT('',#12098);
#6013=VERTEX_POINT('',#12100);
#6014=VERTEX_POINT('',#12102);
#6015=VERTEX_POINT('',#12105);
#6016=VERTEX_POINT('',#12106);
#6017=VERTEX_POINT('',#12108);
#6018=VERTEX_POINT('',#12110);
#6019=VERTEX_POINT('',#12112);
#6020=VERTEX_POINT('',#12114);
#6021=VERTEX_POINT('',#12116);
#6022=VERTEX_POINT('',#12118);
#6023=VERTEX_POINT('',#12120);
#6024=VERTEX_POINT('',#12123);
#6025=VERTEX_POINT('',#12124);
#6026=VERTEX_POINT('',#12126);
#6027=VERTEX_POINT('',#12128);
#6028=VERTEX_POINT('',#12130);
#6029=VERTEX_POINT('',#12132);
#6030=VERTEX_POINT('',#12134);
#6031=VERTEX_POINT('',#12136);
#6032=VERTEX_POINT('',#12138);
#6033=VERTEX_POINT('',#12141);
#6034=VERTEX_POINT('',#12142);
#6035=VERTEX_POINT('',#12144);
#6036=VERTEX_POINT('',#12146);
#6037=VERTEX_POINT('',#12148);
#6038=VERTEX_POINT('',#12150);
#6039=VERTEX_POINT('',#12152);
#6040=VERTEX_POINT('',#12154);
#6041=VERTEX_POINT('',#12156);
#6042=VERTEX_POINT('',#12159);
#6043=VERTEX_POINT('',#12160);
#6044=VERTEX_POINT('',#12162);
#6045=VERTEX_POINT('',#12164);
#6046=VERTEX_POINT('',#12166);
#6047=VERTEX_POINT('',#12168);
#6048=VERTEX_POINT('',#12170);
#6049=VERTEX_POINT('',#12172);
#6050=VERTEX_POINT('',#12174);
#6051=VERTEX_POINT('',#12177);
#6052=VERTEX_POINT('',#12178);
#6053=VERTEX_POINT('',#12180);
#6054=VERTEX_POINT('',#12182);
#6055=VERTEX_POINT('',#12184);
#6056=VERTEX_POINT('',#12186);
#6057=VERTEX_POINT('',#12188);
#6058=VERTEX_POINT('',#12190);
#6059=VERTEX_POINT('',#12192);
#6060=VERTEX_POINT('',#12195);
#6061=VERTEX_POINT('',#12196);
#6062=VERTEX_POINT('',#12198);
#6063=VERTEX_POINT('',#12200);
#6064=VERTEX_POINT('',#12202);
#6065=VERTEX_POINT('',#12204);
#6066=VERTEX_POINT('',#12206);
#6067=VERTEX_POINT('',#12208);
#6068=VERTEX_POINT('',#12210);
#6069=VERTEX_POINT('',#12213);
#6070=VERTEX_POINT('',#12214);
#6071=VERTEX_POINT('',#12216);
#6072=VERTEX_POINT('',#12218);
#6073=VERTEX_POINT('',#12220);
#6074=VERTEX_POINT('',#12222);
#6075=VERTEX_POINT('',#12224);
#6076=VERTEX_POINT('',#12226);
#6077=VERTEX_POINT('',#12228);
#6078=VERTEX_POINT('',#12230);
#6079=VERTEX_POINT('',#12232);
#6080=VERTEX_POINT('',#12234);
#6081=VERTEX_POINT('',#12237);
#6082=VERTEX_POINT('',#12238);
#6083=VERTEX_POINT('',#12240);
#6084=VERTEX_POINT('',#12242);
#6085=VERTEX_POINT('',#12244);
#6086=VERTEX_POINT('',#12246);
#6087=VERTEX_POINT('',#12248);
#6088=VERTEX_POINT('',#12250);
#6089=VERTEX_POINT('',#12252);
#6090=CIRCLE('',#7758,0.0005);
#6091=CIRCLE('',#7759,0.0005);
#6092=CIRCLE('',#7761,0.0005);
#6093=CIRCLE('',#7762,0.0005);
#6094=CIRCLE('',#7764,0.0005);
#6095=CIRCLE('',#7765,0.0005);
#6096=CIRCLE('',#7773,0.0005);
#6097=CIRCLE('',#7774,0.0005);
#6098=CIRCLE('',#7776,0.0005);
#6099=CIRCLE('',#7777,0.0005);
#6100=CIRCLE('',#7779,0.0005);
#6101=CIRCLE('',#7780,0.0005);
#6102=CIRCLE('',#7788,0.0005);
#6103=CIRCLE('',#7789,0.0005);
#6104=CIRCLE('',#7791,0.0005);
#6105=CIRCLE('',#7792,0.0005);
#6106=CIRCLE('',#7794,0.0005);
#6107=CIRCLE('',#7795,0.0005);
#6108=CIRCLE('',#7803,0.0005);
#6109=CIRCLE('',#7804,0.0005);
#6110=CIRCLE('',#7806,0.0005);
#6111=CIRCLE('',#7807,0.0005);
#6112=CIRCLE('',#7809,0.0005);
#6113=CIRCLE('',#7810,0.0005);
#6114=CIRCLE('',#7818,0.0005);
#6115=CIRCLE('',#7819,0.0005);
#6116=CIRCLE('',#7821,0.0005);
#6117=CIRCLE('',#7822,0.0005);
#6118=CIRCLE('',#7824,0.0005);
#6119=CIRCLE('',#7825,0.0005);
#6120=CIRCLE('',#7833,0.0005);
#6121=CIRCLE('',#7834,0.0005);
#6122=CIRCLE('',#7836,0.0005);
#6123=CIRCLE('',#7837,0.0005);
#6124=CIRCLE('',#7839,0.0005);
#6125=CIRCLE('',#7840,0.0005);
#6126=CIRCLE('',#7848,0.0005);
#6127=CIRCLE('',#7849,0.0005);
#6128=CIRCLE('',#7851,0.0005);
#6129=CIRCLE('',#7852,0.0005);
#6130=CIRCLE('',#7854,0.0005);
#6131=CIRCLE('',#7855,0.0005);
#6132=CIRCLE('',#7863,0.0005);
#6133=CIRCLE('',#7864,0.0005);
#6134=CIRCLE('',#7866,0.0005);
#6135=CIRCLE('',#7867,0.0005);
#6136=CIRCLE('',#7869,0.0005);
#6137=CIRCLE('',#7870,0.0005);
#6138=CIRCLE('',#7878,0.0005);
#6139=CIRCLE('',#7879,0.0005);
#6140=CIRCLE('',#7881,0.0005);
#6141=CIRCLE('',#7882,0.0005);
#6142=CIRCLE('',#7884,0.0005);
#6143=CIRCLE('',#7885,0.0005);
#6144=CIRCLE('',#7893,0.0005);
#6145=CIRCLE('',#7894,0.0005);
#6146=CIRCLE('',#7896,0.0005);
#6147=CIRCLE('',#7897,0.0005);
#6148=CIRCLE('',#7899,0.0005);
#6149=CIRCLE('',#7900,0.0005);
#6150=CIRCLE('',#7908,0.0005);
#6151=CIRCLE('',#7909,0.0005);
#6152=CIRCLE('',#7911,0.0005);
#6153=CIRCLE('',#7912,0.0005);
#6154=CIRCLE('',#7914,0.0005);
#6155=CIRCLE('',#7915,0.0005);
#6156=CIRCLE('',#7923,0.0005);
#6157=CIRCLE('',#7924,0.0005);
#6158=CIRCLE('',#7926,0.0005);
#6159=CIRCLE('',#7927,0.0005);
#6160=CIRCLE('',#7929,0.0005);
#6161=CIRCLE('',#7930,0.0005);
#6162=CIRCLE('',#7938,0.0005);
#6163=CIRCLE('',#7939,0.0005);
#6164=CIRCLE('',#7941,0.0005);
#6165=CIRCLE('',#7942,0.0005);
#6166=CIRCLE('',#7944,0.0005);
#6167=CIRCLE('',#7945,0.0005);
#6168=CIRCLE('',#7953,0.0005);
#6169=CIRCLE('',#7954,0.0005);
#6170=CIRCLE('',#7956,0.0005);
#6171=CIRCLE('',#7957,0.0005);
#6172=CIRCLE('',#7959,0.0005);
#6173=CIRCLE('',#7960,0.0005);
#6174=CIRCLE('',#7968,0.0005);
#6175=CIRCLE('',#7969,0.0005);
#6176=CIRCLE('',#7971,0.0005);
#6177=CIRCLE('',#7972,0.0005);
#6178=CIRCLE('',#7974,0.0005);
#6179=CIRCLE('',#7975,0.0005);
#6180=CIRCLE('',#7983,0.003);
#6181=CIRCLE('',#7984,0.003);
#6182=CIRCLE('',#7985,0.003);
#6183=CIRCLE('',#7986,0.003);
#6184=CIRCLE('',#7987,0.00102083333333333);
#6185=CIRCLE('',#7988,0.001);
#6186=CIRCLE('',#7989,0.001);
#6187=CIRCLE('',#7990,0.00102083333333333);
#6188=CIRCLE('',#7991,0.001);
#6189=CIRCLE('',#7992,0.001);
#6190=CIRCLE('',#7993,0.00102083333333333);
#6191=CIRCLE('',#7994,0.001);
#6192=CIRCLE('',#7995,0.001);
#6193=CIRCLE('',#7996,0.00102083333333333);
#6194=CIRCLE('',#7997,0.001);
#6195=CIRCLE('',#7998,0.001);
#6196=CIRCLE('',#7999,0.00102083333333333);
#6197=CIRCLE('',#8000,0.001);
#6198=CIRCLE('',#8001,0.001);
#6199=CIRCLE('',#8002,0.00102083333333333);
#6200=CIRCLE('',#8003,0.001);
#6201=CIRCLE('',#8004,0.001);
#6202=CIRCLE('',#8005,0.00102083333333333);
#6203=CIRCLE('',#8006,0.001);
#6204=CIRCLE('',#8007,0.001);
#6205=CIRCLE('',#8008,0.00102083333333333);
#6206=CIRCLE('',#8009,0.001);
#6207=CIRCLE('',#8010,0.001);
#6208=CIRCLE('',#8011,0.00102083333333333);
#6209=CIRCLE('',#8012,0.001);
#6210=CIRCLE('',#8013,0.001);
#6211=CIRCLE('',#8014,0.00102083333333333);
#6212=CIRCLE('',#8015,0.001);
#6213=CIRCLE('',#8016,0.001);
#6214=CIRCLE('',#8017,0.00102083333333333);
#6215=CIRCLE('',#8018,0.001);
#6216=CIRCLE('',#8019,0.001);
#6217=CIRCLE('',#8020,0.00102083333333333);
#6218=CIRCLE('',#8021,0.001);
#6219=CIRCLE('',#8022,0.001);
#6220=CIRCLE('',#8023,0.00102083333333333);
#6221=CIRCLE('',#8024,0.001);
#6222=CIRCLE('',#8025,0.001);
#6223=CIRCLE('',#8026,0.00102083333333333);
#6224=CIRCLE('',#8027,0.001);
#6225=CIRCLE('',#8028,0.001);
#6226=CIRCLE('',#8029,0.00102083333333333);
#6227=CIRCLE('',#8030,0.001);
#6228=CIRCLE('',#8031,0.001);
#6229=CIRCLE('',#8032,0.00102083333333333);
#6230=CIRCLE('',#8033,0.001);
#6231=CIRCLE('',#8034,0.001);
#6232=CIRCLE('',#8035,0.00102083333333333);
#6233=CIRCLE('',#8036,0.001);
#6234=CIRCLE('',#8037,0.001);
#6235=CIRCLE('',#8038,0.00102083333333333);
#6236=CIRCLE('',#8039,0.001);
#6237=CIRCLE('',#8040,0.001);
#6238=CIRCLE('',#8041,0.00102083333333333);
#6239=CIRCLE('',#8042,0.001);
#6240=CIRCLE('',#8043,0.001);
#6241=CIRCLE('',#8044,0.00102083333333333);
#6242=CIRCLE('',#8045,0.001);
#6243=CIRCLE('',#8046,0.001);
#6244=CIRCLE('',#8047,0.00102083333333333);
#6245=CIRCLE('',#8048,0.001);
#6246=CIRCLE('',#8049,0.001);
#6247=CIRCLE('',#8050,0.00102083333333333);
#6248=CIRCLE('',#8051,0.001);
#6249=CIRCLE('',#8052,0.001);
#6250=CIRCLE('',#8053,0.00102083333333333);
#6251=CIRCLE('',#8054,0.001);
#6252=CIRCLE('',#8055,0.001);
#6253=CIRCLE('',#8056,0.00102083333333333);
#6254=CIRCLE('',#8057,0.001);
#6255=CIRCLE('',#8058,0.001);
#6256=CIRCLE('',#8059,0.0005);
#6257=CIRCLE('',#8060,0.0005);
#6258=CIRCLE('',#8061,0.0005);
#6259=CIRCLE('',#8063,0.001);
#6260=CIRCLE('',#8064,0.001);
#6261=CIRCLE('',#8065,0.00102083333333333);
#6262=CIRCLE('',#8066,0.001);
#6263=CIRCLE('',#8067,0.001);
#6264=CIRCLE('',#8068,0.00102083333333333);
#6265=CIRCLE('',#8069,0.001);
#6266=CIRCLE('',#8070,0.001);
#6267=CIRCLE('',#8071,0.00102083333333333);
#6268=CIRCLE('',#8072,0.001);
#6269=CIRCLE('',#8073,0.001);
#6270=CIRCLE('',#8074,0.00102083333333333);
#6271=CIRCLE('',#8075,0.001);
#6272=CIRCLE('',#8076,0.001);
#6273=CIRCLE('',#8077,0.00102083333333333);
#6274=CIRCLE('',#8078,0.001);
#6275=CIRCLE('',#8079,0.001);
#6276=CIRCLE('',#8080,0.00102083333333333);
#6277=CIRCLE('',#8081,0.001);
#6278=CIRCLE('',#8082,0.001);
#6279=CIRCLE('',#8083,0.00102083333333333);
#6280=CIRCLE('',#8084,0.001);
#6281=CIRCLE('',#8085,0.001);
#6282=CIRCLE('',#8086,0.00102083333333333);
#6283=CIRCLE('',#8087,0.001);
#6284=CIRCLE('',#8088,0.001);
#6285=CIRCLE('',#8089,0.00102083333333333);
#6286=CIRCLE('',#8090,0.001);
#6287=CIRCLE('',#8091,0.001);
#6288=CIRCLE('',#8092,0.00102083333333333);
#6289=CIRCLE('',#8093,0.001);
#6290=CIRCLE('',#8094,0.001);
#6291=CIRCLE('',#8095,0.00102083333333333);
#6292=CIRCLE('',#8096,0.001);
#6293=CIRCLE('',#8097,0.001);
#6294=CIRCLE('',#8098,0.00102083333333333);
#6295=CIRCLE('',#8099,0.001);
#6296=CIRCLE('',#8100,0.001);
#6297=CIRCLE('',#8101,0.00102083333333333);
#6298=CIRCLE('',#8102,0.001);
#6299=CIRCLE('',#8103,0.001);
#6300=CIRCLE('',#8104,0.00102083333333333);
#6301=CIRCLE('',#8105,0.001);
#6302=CIRCLE('',#8106,0.001);
#6303=CIRCLE('',#8107,0.00102083333333333);
#6304=CIRCLE('',#8108,0.001);
#6305=CIRCLE('',#8109,0.001);
#6306=CIRCLE('',#8110,0.00102083333333333);
#6307=CIRCLE('',#8111,0.001);
#6308=CIRCLE('',#8112,0.001);
#6309=CIRCLE('',#8113,0.00102083333333333);
#6310=CIRCLE('',#8114,0.001);
#6311=CIRCLE('',#8115,0.001);
#6312=CIRCLE('',#8116,0.00102083333333333);
#6313=CIRCLE('',#8117,0.001);
#6314=CIRCLE('',#8118,0.001);
#6315=CIRCLE('',#8119,0.00102083333333333);
#6316=CIRCLE('',#8120,0.001);
#6317=CIRCLE('',#8121,0.001);
#6318=CIRCLE('',#8122,0.00102083333333333);
#6319=CIRCLE('',#8123,0.001);
#6320=CIRCLE('',#8124,0.001);
#6321=CIRCLE('',#8125,0.00102083333333333);
#6322=CIRCLE('',#8126,0.001);
#6323=CIRCLE('',#8127,0.001);
#6324=CIRCLE('',#8128,0.00102083333333333);
#6325=CIRCLE('',#8129,0.001);
#6326=CIRCLE('',#8130,0.001);
#6327=CIRCLE('',#8131,0.00102083333333333);
#6328=CIRCLE('',#8132,0.001);
#6329=CIRCLE('',#8133,0.001);
#6330=CIRCLE('',#8134,0.00102083333333333);
#6331=CIRCLE('',#8135,0.003);
#6332=CIRCLE('',#8136,0.003);
#6333=CIRCLE('',#8137,0.003);
#6334=CIRCLE('',#8138,0.003);
#6335=CIRCLE('',#8139,0.0005);
#6336=CIRCLE('',#8140,0.0005);
#6337=CIRCLE('',#8141,0.0005);
#6338=EDGE_LOOP('',(#1998,#1999,#2000,#2001));
#6339=EDGE_LOOP('',(#2002,#2003,#2004,#2005));
#6340=EDGE_LOOP('',(#2006,#2007,#2008,#2009));
#6341=EDGE_LOOP('',(#2010,#2011,#2012,#2013));
#6342=EDGE_LOOP('',(#2014,#2015,#2016,#2017));
#6343=EDGE_LOOP('',(#2018,#2019,#2020,#2021));
#6344=EDGE_LOOP('',(#2022,#2023,#2024,#2025));
#6345=EDGE_LOOP('',(#2026,#2027,#2028,#2029));
#6346=EDGE_LOOP('',(#2030,#2031,#2032,#2033));
#6347=EDGE_LOOP('',(#2034,#2035,#2036,#2037));
#6348=EDGE_LOOP('',(#2038,#2039,#2040,#2041));
#6349=EDGE_LOOP('',(#2042,#2043,#2044,#2045));
#6350=EDGE_LOOP('',(#2046,#2047,#2048,#2049));
#6351=EDGE_LOOP('',(#2050,#2051,#2052,#2053));
#6352=EDGE_LOOP('',(#2054,#2055,#2056,#2057));
#6353=EDGE_LOOP('',(#2058,#2059,#2060,#2061));
#6354=EDGE_LOOP('',(#2062,#2063,#2064,#2065));
#6355=EDGE_LOOP('',(#2066,#2067,#2068,#2069));
#6356=EDGE_LOOP('',(#2070,#2071,#2072,#2073));
#6357=EDGE_LOOP('',(#2074,#2075,#2076,#2077));
#6358=EDGE_LOOP('',(#2078,#2079,#2080,#2081));
#6359=EDGE_LOOP('',(#2082,#2083,#2084,#2085));
#6360=EDGE_LOOP('',(#2086,#2087,#2088,#2089));
#6361=EDGE_LOOP('',(#2090,#2091,#2092,#2093));
#6362=EDGE_LOOP('',(#2094,#2095,#2096,#2097));
#6363=EDGE_LOOP('',(#2098,#2099,#2100,#2101));
#6364=EDGE_LOOP('',(#2102,#2103,#2104,#2105));
#6365=EDGE_LOOP('',(#2106,#2107,#2108,#2109));
#6366=EDGE_LOOP('',(#2110,#2111,#2112,#2113));
#6367=EDGE_LOOP('',(#2114,#2115,#2116,#2117));
#6368=EDGE_LOOP('',(#2118,#2119,#2120,#2121));
#6369=EDGE_LOOP('',(#2122,#2123,#2124,#2125));
#6370=EDGE_LOOP('',(#2126,#2127,#2128,#2129));
#6371=EDGE_LOOP('',(#2130,#2131,#2132,#2133));
#6372=EDGE_LOOP('',(#2134,#2135,#2136,#2137));
#6373=EDGE_LOOP('',(#2138,#2139,#2140,#2141));
#6374=EDGE_LOOP('',(#2142,#2143,#2144,#2145));
#6375=EDGE_LOOP('',(#2146,#2147,#2148,#2149));
#6376=EDGE_LOOP('',(#2150,#2151,#2152,#2153));
#6377=EDGE_LOOP('',(#2154,#2155,#2156,#2157));
#6378=EDGE_LOOP('',(#2158,#2159,#2160,#2161));
#6379=EDGE_LOOP('',(#2162,#2163,#2164,#2165));
#6380=EDGE_LOOP('',(#2166,#2167,#2168,#2169));
#6381=EDGE_LOOP('',(#2170,#2171,#2172,#2173));
#6382=EDGE_LOOP('',(#2174,#2175,#2176,#2177));
#6383=EDGE_LOOP('',(#2178,#2179,#2180,#2181));
#6384=EDGE_LOOP('',(#2182,#2183,#2184,#2185));
#6385=EDGE_LOOP('',(#2186,#2187,#2188,#2189));
#6386=EDGE_LOOP('',(#2190,#2191,#2192,#2193));
#6387=EDGE_LOOP('',(#2194,#2195,#2196,#2197));
#6388=EDGE_LOOP('',(#2198,#2199,#2200,#2201));
#6389=EDGE_LOOP('',(#2202,#2203,#2204,#2205));
#6390=EDGE_LOOP('',(#2206,#2207,#2208,#2209));
#6391=EDGE_LOOP('',(#2210,#2211,#2212,#2213));
#6392=EDGE_LOOP('',(#2214,#2215,#2216,#2217));
#6393=EDGE_LOOP('',(#2218,#2219,#2220,#2221));
#6394=EDGE_LOOP('',(#2222,#2223,#2224,#2225));
#6395=EDGE_LOOP('',(#2226,#2227,#2228,#2229));
#6396=EDGE_LOOP('',(#2230,#2231,#2232,#2233));
#6397=EDGE_LOOP('',(#2234,#2235,#2236,#2237));
#6398=EDGE_LOOP('',(#2238,#2239,#2240,#2241));
#6399=EDGE_LOOP('',(#2242,#2243,#2244,#2245));
#6400=EDGE_LOOP('',(#2246,#2247,#2248,#2249));
#6401=EDGE_LOOP('',(#2250,#2251,#2252,#2253));
#6402=EDGE_LOOP('',(#2254,#2255,#2256,#2257));
#6403=EDGE_LOOP('',(#2258,#2259,#2260,#2261));
#6404=EDGE_LOOP('',(#2262,#2263,#2264,#2265));
#6405=EDGE_LOOP('',(#2266,#2267,#2268,#2269));
#6406=EDGE_LOOP('',(#2270,#2271,#2272,#2273));
#6407=EDGE_LOOP('',(#2274,#2275,#2276,#2277));
#6408=EDGE_LOOP('',(#2278,#2279,#2280,#2281));
#6409=EDGE_LOOP('',(#2282,#2283,#2284,#2285));
#6410=EDGE_LOOP('',(#2286,#2287,#2288,#2289));
#6411=EDGE_LOOP('',(#2290,#2291,#2292,#2293));
#6412=EDGE_LOOP('',(#2294,#2295,#2296,#2297));
#6413=EDGE_LOOP('',(#2298,#2299,#2300,#2301));
#6414=EDGE_LOOP('',(#2302,#2303,#2304,#2305));
#6415=EDGE_LOOP('',(#2306,#2307,#2308,#2309));
#6416=EDGE_LOOP('',(#2310,#2311,#2312,#2313));
#6417=EDGE_LOOP('',(#2314,#2315,#2316,#2317));
#6418=EDGE_LOOP('',(#2318,#2319,#2320,#2321));
#6419=EDGE_LOOP('',(#2322,#2323,#2324,#2325));
#6420=EDGE_LOOP('',(#2326,#2327,#2328,#2329));
#6421=EDGE_LOOP('',(#2330,#2331,#2332,#2333));
#6422=EDGE_LOOP('',(#2334,#2335,#2336,#2337));
#6423=EDGE_LOOP('',(#2338,#2339,#2340,#2341));
#6424=EDGE_LOOP('',(#2342,#2343,#2344,#2345));
#6425=EDGE_LOOP('',(#2346,#2347,#2348,#2349));
#6426=EDGE_LOOP('',(#2350,#2351,#2352,#2353));
#6427=EDGE_LOOP('',(#2354,#2355,#2356,#2357));
#6428=EDGE_LOOP('',(#2358,#2359,#2360,#2361));
#6429=EDGE_LOOP('',(#2362,#2363,#2364,#2365));
#6430=EDGE_LOOP('',(#2366,#2367,#2368,#2369));
#6431=EDGE_LOOP('',(#2370,#2371,#2372,#2373));
#6432=EDGE_LOOP('',(#2374,#2375,#2376,#2377));
#6433=EDGE_LOOP('',(#2378,#2379,#2380,#2381));
#6434=EDGE_LOOP('',(#2382,#2383,#2384,#2385));
#6435=EDGE_LOOP('',(#2386,#2387,#2388,#2389));
#6436=EDGE_LOOP('',(#2390,#2391,#2392,#2393));
#6437=EDGE_LOOP('',(#2394,#2395,#2396,#2397));
#6438=EDGE_LOOP('',(#2398,#2399,#2400,#2401));
#6439=EDGE_LOOP('',(#2402,#2403,#2404,#2405));
#6440=EDGE_LOOP('',(#2406,#2407,#2408,#2409));
#6441=EDGE_LOOP('',(#2410,#2411,#2412,#2413));
#6442=EDGE_LOOP('',(#2414,#2415,#2416,#2417));
#6443=EDGE_LOOP('',(#2418,#2419,#2420,#2421));
#6444=EDGE_LOOP('',(#2422,#2423,#2424,#2425));
#6445=EDGE_LOOP('',(#2426,#2427,#2428,#2429));
#6446=EDGE_LOOP('',(#2430,#2431,#2432,#2433));
#6447=EDGE_LOOP('',(#2434,#2435,#2436,#2437));
#6448=EDGE_LOOP('',(#2438,#2439,#2440,#2441));
#6449=EDGE_LOOP('',(#2442,#2443,#2444,#2445));
#6450=EDGE_LOOP('',(#2446,#2447,#2448,#2449));
#6451=EDGE_LOOP('',(#2450,#2451,#2452,#2453));
#6452=EDGE_LOOP('',(#2454,#2455,#2456,#2457));
#6453=EDGE_LOOP('',(#2458,#2459,#2460,#2461));
#6454=EDGE_LOOP('',(#2462,#2463,#2464,#2465));
#6455=EDGE_LOOP('',(#2466,#2467,#2468,#2469));
#6456=EDGE_LOOP('',(#2470,#2471,#2472,#2473));
#6457=EDGE_LOOP('',(#2474,#2475,#2476,#2477));
#6458=EDGE_LOOP('',(#2478,#2479,#2480,#2481));
#6459=EDGE_LOOP('',(#2482,#2483,#2484,#2485));
#6460=EDGE_LOOP('',(#2486,#2487,#2488,#2489));
#6461=EDGE_LOOP('',(#2490,#2491,#2492,#2493));
#6462=EDGE_LOOP('',(#2494,#2495,#2496,#2497));
#6463=EDGE_LOOP('',(#2498,#2499,#2500,#2501));
#6464=EDGE_LOOP('',(#2502,#2503,#2504,#2505));
#6465=EDGE_LOOP('',(#2506,#2507,#2508,#2509));
#6466=EDGE_LOOP('',(#2510,#2511,#2512,#2513));
#6467=EDGE_LOOP('',(#2514,#2515,#2516,#2517));
#6468=EDGE_LOOP('',(#2518,#2519,#2520,#2521));
#6469=EDGE_LOOP('',(#2522,#2523,#2524,#2525));
#6470=EDGE_LOOP('',(#2526,#2527,#2528,#2529));
#6471=EDGE_LOOP('',(#2530,#2531,#2532,#2533));
#6472=EDGE_LOOP('',(#2534,#2535,#2536,#2537));
#6473=EDGE_LOOP('',(#2538,#2539,#2540,#2541,#2542,#2543,#2544,#2545,#2546));
#6474=EDGE_LOOP('',(#2547,#2548,#2549,#2550,#2551,#2552,#2553,#2554,#2555));
#6475=EDGE_LOOP('',(#2556,#2557,#2558,#2559,#2560,#2561,#2562,#2563,#2564));
#6476=EDGE_LOOP('',(#2565,#2566,#2567,#2568,#2569,#2570,#2571,#2572,#2573));
#6477=EDGE_LOOP('',(#2574,#2575,#2576,#2577,#2578,#2579,#2580,#2581,#2582));
#6478=EDGE_LOOP('',(#2583,#2584,#2585,#2586,#2587,#2588,#2589,#2590,#2591));
#6479=EDGE_LOOP('',(#2592,#2593,#2594,#2595,#2596,#2597,#2598,#2599,#2600));
#6480=EDGE_LOOP('',(#2601,#2602,#2603,#2604,#2605,#2606,#2607,#2608,#2609));
#6481=EDGE_LOOP('',(#2610,#2611,#2612,#2613,#2614,#2615,#2616,#2617,#2618));
#6482=EDGE_LOOP('',(#2619,#2620,#2621,#2622,#2623,#2624,#2625,#2626,#2627));
#6483=EDGE_LOOP('',(#2628,#2629,#2630,#2631,#2632,#2633,#2634,#2635,#2636));
#6484=EDGE_LOOP('',(#2637,#2638,#2639,#2640,#2641,#2642,#2643,#2644,#2645));
#6485=EDGE_LOOP('',(#2646,#2647,#2648,#2649,#2650,#2651,#2652,#2653,#2654));
#6486=EDGE_LOOP('',(#2655,#2656,#2657,#2658,#2659,#2660,#2661,#2662,#2663));
#6487=EDGE_LOOP('',(#2664,#2665,#2666,#2667,#2668,#2669,#2670,#2671,#2672));
#6488=EDGE_LOOP('',(#2673,#2674,#2675,#2676,#2677,#2678,#2679,#2680,#2681,
#2682,#2683,#2684));
#6489=EDGE_LOOP('',(#2685,#2686,#2687,#2688,#2689,#2690,#2691,#2692,#2693));
#6490=EDGE_LOOP('',(#2694,#2695,#2696,#2697,#2698,#2699,#2700,#2701,#2702));
#6491=EDGE_LOOP('',(#2703,#2704,#2705,#2706,#2707,#2708,#2709,#2710,#2711));
#6492=EDGE_LOOP('',(#2712,#2713,#2714,#2715,#2716,#2717,#2718,#2719,#2720));
#6493=EDGE_LOOP('',(#2721,#2722,#2723,#2724,#2725,#2726,#2727,#2728,#2729));
#6494=EDGE_LOOP('',(#2730,#2731,#2732,#2733,#2734,#2735,#2736,#2737,#2738));
#6495=EDGE_LOOP('',(#2739,#2740,#2741,#2742,#2743,#2744,#2745,#2746,#2747));
#6496=EDGE_LOOP('',(#2748,#2749,#2750,#2751,#2752,#2753,#2754,#2755,#2756));
#6497=EDGE_LOOP('',(#2757,#2758,#2759,#2760,#2761,#2762,#2763,#2764,#2765));
#6498=EDGE_LOOP('',(#2766,#2767,#2768,#2769,#2770,#2771,#2772,#2773,#2774));
#6499=EDGE_LOOP('',(#2775,#2776,#2777,#2778,#2779,#2780,#2781,#2782,#2783));
#6500=EDGE_LOOP('',(#2784,#2785,#2786,#2787,#2788,#2789,#2790,#2791,#2792));
#6501=EDGE_LOOP('',(#2793,#2794,#2795,#2796,#2797,#2798,#2799,#2800,#2801));
#6502=EDGE_LOOP('',(#2802,#2803,#2804,#2805,#2806,#2807,#2808,#2809,#2810));
#6503=EDGE_LOOP('',(#2811,#2812,#2813,#2814,#2815,#2816,#2817,#2818,#2819));
#6504=EDGE_LOOP('',(#2820,#2821,#2822,#2823,#2824,#2825,#2826,#2827,#2828));
#6505=EDGE_LOOP('',(#2829,#2830,#2831,#2832,#2833,#2834,#2835,#2836,#2837));
#6506=EDGE_LOOP('',(#2838,#2839,#2840,#2841,#2842,#2843,#2844,#2845,#2846));
#6507=EDGE_LOOP('',(#2847,#2848,#2849,#2850,#2851,#2852,#2853,#2854,#2855));
#6508=EDGE_LOOP('',(#2856,#2857,#2858,#2859,#2860,#2861,#2862,#2863,#2864));
#6509=EDGE_LOOP('',(#2865,#2866,#2867,#2868,#2869,#2870,#2871,#2872,#2873));
#6510=EDGE_LOOP('',(#2874,#2875,#2876,#2877,#2878,#2879,#2880,#2881,#2882));
#6511=EDGE_LOOP('',(#2883,#2884,#2885,#2886,#2887,#2888,#2889,#2890,#2891));
#6512=EDGE_LOOP('',(#2892,#2893,#2894,#2895,#2896,#2897,#2898,#2899,#2900));
#6513=EDGE_LOOP('',(#2901,#2902,#2903,#2904,#2905,#2906,#2907,#2908,#2909));
#6514=EDGE_LOOP('',(#2910,#2911,#2912,#2913,#2914,#2915,#2916,#2917,#2918));
#6515=EDGE_LOOP('',(#2919,#2920,#2921,#2922,#2923,#2924,#2925,#2926,#2927));
#6516=EDGE_LOOP('',(#2928,#2929,#2930,#2931,#2932,#2933,#2934,#2935,#2936));
#6517=EDGE_LOOP('',(#2937,#2938,#2939,#2940,#2941,#2942,#2943,#2944,#2945));
#6518=EDGE_LOOP('',(#2946,#2947,#2948,#2949,#2950,#2951,#2952,#2953,#2954));
#6519=EDGE_LOOP('',(#2955,#2956,#2957,#2958,#2959,#2960,#2961,#2962,#2963));
#6520=EDGE_LOOP('',(#2964,#2965,#2966,#2967,#2968,#2969,#2970,#2971,#2972));
#6521=EDGE_LOOP('',(#2973,#2974,#2975,#2976,#2977,#2978,#2979,#2980,#2981));
#6522=EDGE_LOOP('',(#2982,#2983,#2984,#2985,#2986,#2987,#2988,#2989,#2990));
#6523=EDGE_LOOP('',(#2991,#2992,#2993,#2994,#2995,#2996,#2997,#2998,#2999));
#6524=EDGE_LOOP('',(#3000,#3001,#3002,#3003,#3004,#3005,#3006,#3007,#3008));
#6525=EDGE_LOOP('',(#3009,#3010,#3011,#3012,#3013,#3014,#3015,#3016,#3017));
#6526=EDGE_LOOP('',(#3018,#3019,#3020,#3021,#3022,#3023,#3024,#3025,#3026));
#6527=EDGE_LOOP('',(#3027,#3028,#3029,#3030,#3031,#3032,#3033,#3034,#3035));
#6528=EDGE_LOOP('',(#3036,#3037,#3038,#3039,#3040,#3041,#3042,#3043,#3044));
#6529=EDGE_LOOP('',(#3045,#3046,#3047,#3048,#3049,#3050,#3051,#3052,#3053));
#6530=EDGE_LOOP('',(#3054,#3055,#3056,#3057,#3058,#3059,#3060,#3061,#3062));
#6531=EDGE_LOOP('',(#3063,#3064,#3065,#3066,#3067,#3068,#3069,#3070,#3071));
#6532=EDGE_LOOP('',(#3072,#3073,#3074,#3075,#3076,#3077,#3078,#3079,#3080));
#6533=EDGE_LOOP('',(#3081,#3082,#3083,#3084,#3085,#3086,#3087,#3088,#3089));
#6534=EDGE_LOOP('',(#3090,#3091,#3092,#3093,#3094,#3095,#3096,#3097,#3098));
#6535=EDGE_LOOP('',(#3099,#3100,#3101,#3102,#3103,#3104,#3105,#3106,#3107));
#6536=EDGE_LOOP('',(#3108,#3109,#3110,#3111,#3112,#3113,#3114,#3115,#3116));
#6537=EDGE_LOOP('',(#3117,#3118,#3119,#3120,#3121,#3122,#3123,#3124,#3125));
#6538=EDGE_LOOP('',(#3126,#3127,#3128,#3129,#3130,#3131,#3132,#3133,#3134));
#6539=EDGE_LOOP('',(#3135,#3136,#3137,#3138,#3139,#3140,#3141,#3142,#3143));
#6540=EDGE_LOOP('',(#3144,#3145,#3146,#3147,#3148,#3149,#3150,#3151,#3152));
#6541=EDGE_LOOP('',(#3153,#3154,#3155,#3156,#3157,#3158,#3159,#3160,#3161));
#6542=EDGE_LOOP('',(#3162,#3163,#3164,#3165,#3166,#3167,#3168,#3169,#3170));
#6543=EDGE_LOOP('',(#3171,#3172,#3173,#3174,#3175,#3176,#3177,#3178,#3179));
#6544=EDGE_LOOP('',(#3180,#3181,#3182,#3183,#3184,#3185,#3186,#3187,#3188));
#6545=EDGE_LOOP('',(#3189,#3190,#3191,#3192,#3193,#3194,#3195,#3196,#3197));
#6546=EDGE_LOOP('',(#3198,#3199,#3200,#3201,#3202,#3203,#3204,#3205,#3206));
#6547=EDGE_LOOP('',(#3207,#3208,#3209,#3210,#3211,#3212,#3213,#3214,#3215));
#6548=EDGE_LOOP('',(#3216,#3217,#3218,#3219,#3220,#3221,#3222,#3223,#3224));
#6549=EDGE_LOOP('',(#3225,#3226,#3227,#3228,#3229,#3230,#3231,#3232,#3233));
#6550=EDGE_LOOP('',(#3234,#3235,#3236,#3237,#3238,#3239,#3240,#3241,#3242));
#6551=EDGE_LOOP('',(#3243,#3244,#3245,#3246,#3247,#3248,#3249,#3250,#3251));
#6552=EDGE_LOOP('',(#3252,#3253,#3254,#3255,#3256,#3257,#3258,#3259,#3260));
#6553=EDGE_LOOP('',(#3261,#3262,#3263,#3264,#3265,#3266,#3267,#3268,#3269,
#3270,#3271,#3272));
#6554=EDGE_LOOP('',(#3273,#3274,#3275,#3276,#3277,#3278,#3279,#3280,#3281));
#6555=EDGE_LOOP('',(#3282,#3283,#3284,#3285));
#6556=EDGE_LOOP('',(#3286,#3287,#3288,#3289));
#6557=EDGE_LOOP('',(#3290,#3291,#3292,#3293));
#6558=EDGE_LOOP('',(#3294,#3295,#3296,#3297));
#6559=EDGE_LOOP('',(#3298,#3299,#3300,#3301));
#6560=EDGE_LOOP('',(#3302,#3303,#3304,#3305));
#6561=EDGE_LOOP('',(#3306,#3307,#3308,#3309));
#6562=EDGE_LOOP('',(#3310,#3311,#3312,#3313));
#6563=EDGE_LOOP('',(#3314,#3315,#3316,#3317));
#6564=EDGE_LOOP('',(#3318,#3319,#3320,#3321));
#6565=EDGE_LOOP('',(#3322,#3323,#3324,#3325));
#6566=EDGE_LOOP('',(#3326,#3327,#3328,#3329));
#6567=EDGE_LOOP('',(#3330,#3331,#3332,#3333));
#6568=EDGE_LOOP('',(#3334,#3335,#3336,#3337));
#6569=EDGE_LOOP('',(#3338,#3339,#3340,#3341));
#6570=EDGE_LOOP('',(#3342,#3343,#3344,#3345));
#6571=EDGE_LOOP('',(#3346,#3347,#3348,#3349));
#6572=EDGE_LOOP('',(#3350,#3351,#3352,#3353));
#6573=EDGE_LOOP('',(#3354,#3355,#3356,#3357));
#6574=EDGE_LOOP('',(#3358,#3359,#3360,#3361));
#6575=EDGE_LOOP('',(#3362,#3363,#3364,#3365));
#6576=EDGE_LOOP('',(#3366,#3367,#3368,#3369));
#6577=EDGE_LOOP('',(#3370,#3371,#3372,#3373));
#6578=EDGE_LOOP('',(#3374,#3375,#3376,#3377));
#6579=EDGE_LOOP('',(#3378,#3379,#3380,#3381));
#6580=EDGE_LOOP('',(#3382,#3383,#3384,#3385));
#6581=EDGE_LOOP('',(#3386,#3387,#3388,#3389));
#6582=EDGE_LOOP('',(#3390,#3391,#3392,#3393));
#6583=EDGE_LOOP('',(#3394,#3395,#3396,#3397));
#6584=EDGE_LOOP('',(#3398,#3399,#3400,#3401));
#6585=EDGE_LOOP('',(#3402,#3403,#3404,#3405));
#6586=EDGE_LOOP('',(#3406,#3407,#3408,#3409));
#6587=EDGE_LOOP('',(#3410,#3411,#3412,#3413));
#6588=EDGE_LOOP('',(#3414,#3415,#3416,#3417));
#6589=EDGE_LOOP('',(#3418,#3419,#3420,#3421));
#6590=EDGE_LOOP('',(#3422,#3423,#3424,#3425));
#6591=EDGE_LOOP('',(#3426,#3427,#3428,#3429));
#6592=EDGE_LOOP('',(#3430,#3431,#3432,#3433));
#6593=EDGE_LOOP('',(#3434,#3435,#3436,#3437));
#6594=EDGE_LOOP('',(#3438,#3439,#3440,#3441));
#6595=EDGE_LOOP('',(#3442,#3443,#3444,#3445));
#6596=EDGE_LOOP('',(#3446,#3447,#3448,#3449));
#6597=EDGE_LOOP('',(#3450,#3451,#3452,#3453));
#6598=EDGE_LOOP('',(#3454,#3455,#3456,#3457));
#6599=EDGE_LOOP('',(#3458,#3459,#3460,#3461));
#6600=EDGE_LOOP('',(#3462,#3463,#3464,#3465));
#6601=EDGE_LOOP('',(#3466,#3467,#3468,#3469));
#6602=EDGE_LOOP('',(#3470,#3471,#3472,#3473));
#6603=EDGE_LOOP('',(#3474,#3475,#3476,#3477));
#6604=EDGE_LOOP('',(#3478,#3479,#3480,#3481));
#6605=EDGE_LOOP('',(#3482,#3483,#3484,#3485));
#6606=EDGE_LOOP('',(#3486,#3487,#3488,#3489));
#6607=EDGE_LOOP('',(#3490,#3491,#3492,#3493));
#6608=EDGE_LOOP('',(#3494,#3495,#3496,#3497));
#6609=EDGE_LOOP('',(#3498,#3499,#3500,#3501));
#6610=EDGE_LOOP('',(#3502,#3503,#3504,#3505));
#6611=EDGE_LOOP('',(#3506,#3507,#3508,#3509));
#6612=EDGE_LOOP('',(#3510,#3511,#3512,#3513));
#6613=EDGE_LOOP('',(#3514,#3515,#3516,#3517));
#6614=EDGE_LOOP('',(#3518,#3519,#3520,#3521));
#6615=EDGE_LOOP('',(#3522,#3523,#3524,#3525));
#6616=EDGE_LOOP('',(#3526,#3527,#3528,#3529));
#6617=EDGE_LOOP('',(#3530,#3531,#3532,#3533));
#6618=EDGE_LOOP('',(#3534,#3535,#3536,#3537));
#6619=EDGE_LOOP('',(#3538,#3539,#3540,#3541));
#6620=EDGE_LOOP('',(#3542,#3543,#3544,#3545));
#6621=EDGE_LOOP('',(#3546,#3547,#3548,#3549));
#6622=EDGE_LOOP('',(#3550,#3551,#3552,#3553));
#6623=EDGE_LOOP('',(#3554,#3555,#3556,#3557));
#6624=EDGE_LOOP('',(#3558,#3559,#3560,#3561));
#6625=EDGE_LOOP('',(#3562,#3563,#3564,#3565));
#6626=EDGE_LOOP('',(#3566,#3567,#3568,#3569));
#6627=EDGE_LOOP('',(#3570,#3571,#3572,#3573));
#6628=EDGE_LOOP('',(#3574,#3575,#3576,#3577));
#6629=EDGE_LOOP('',(#3578,#3579,#3580,#3581));
#6630=EDGE_LOOP('',(#3582,#3583,#3584,#3585));
#6631=EDGE_LOOP('',(#3586,#3587,#3588,#3589));
#6632=EDGE_LOOP('',(#3590,#3591,#3592,#3593));
#6633=EDGE_LOOP('',(#3594,#3595,#3596,#3597));
#6634=EDGE_LOOP('',(#3598,#3599,#3600,#3601));
#6635=EDGE_LOOP('',(#3602,#3603,#3604,#3605));
#6636=EDGE_LOOP('',(#3606,#3607,#3608,#3609));
#6637=EDGE_LOOP('',(#3610,#3611,#3612,#3613));
#6638=EDGE_LOOP('',(#3614,#3615,#3616,#3617));
#6639=EDGE_LOOP('',(#3618,#3619,#3620,#3621));
#6640=EDGE_LOOP('',(#3622,#3623,#3624,#3625));
#6641=EDGE_LOOP('',(#3626,#3627,#3628,#3629));
#6642=EDGE_LOOP('',(#3630,#3631,#3632,#3633));
#6643=EDGE_LOOP('',(#3634,#3635,#3636,#3637));
#6644=EDGE_LOOP('',(#3638,#3639,#3640,#3641));
#6645=EDGE_LOOP('',(#3642,#3643,#3644,#3645));
#6646=EDGE_LOOP('',(#3646,#3647,#3648,#3649));
#6647=EDGE_LOOP('',(#3650,#3651,#3652,#3653));
#6648=EDGE_LOOP('',(#3654,#3655,#3656,#3657));
#6649=EDGE_LOOP('',(#3658,#3659,#3660,#3661));
#6650=EDGE_LOOP('',(#3662,#3663,#3664,#3665));
#6651=EDGE_LOOP('',(#3666,#3667,#3668,#3669));
#6652=EDGE_LOOP('',(#3670,#3671,#3672,#3673));
#6653=EDGE_LOOP('',(#3674,#3675,#3676,#3677));
#6654=EDGE_LOOP('',(#3678,#3679,#3680,#3681));
#6655=EDGE_LOOP('',(#3682,#3683,#3684,#3685));
#6656=EDGE_LOOP('',(#3686,#3687,#3688,#3689));
#6657=EDGE_LOOP('',(#3690,#3691,#3692,#3693));
#6658=EDGE_LOOP('',(#3694,#3695,#3696,#3697));
#6659=EDGE_LOOP('',(#3698,#3699,#3700,#3701));
#6660=EDGE_LOOP('',(#3702,#3703,#3704,#3705));
#6661=EDGE_LOOP('',(#3706,#3707,#3708,#3709));
#6662=EDGE_LOOP('',(#3710,#3711,#3712,#3713));
#6663=EDGE_LOOP('',(#3714,#3715,#3716,#3717));
#6664=EDGE_LOOP('',(#3718,#3719,#3720,#3721));
#6665=EDGE_LOOP('',(#3722,#3723,#3724,#3725));
#6666=EDGE_LOOP('',(#3726,#3727,#3728,#3729));
#6667=EDGE_LOOP('',(#3730,#3731,#3732,#3733));
#6668=EDGE_LOOP('',(#3734,#3735,#3736,#3737));
#6669=EDGE_LOOP('',(#3738,#3739,#3740,#3741));
#6670=EDGE_LOOP('',(#3742,#3743,#3744,#3745));
#6671=EDGE_LOOP('',(#3746,#3747,#3748,#3749));
#6672=EDGE_LOOP('',(#3750,#3751,#3752,#3753));
#6673=EDGE_LOOP('',(#3754,#3755,#3756,#3757));
#6674=EDGE_LOOP('',(#3758,#3759,#3760,#3761));
#6675=EDGE_LOOP('',(#3762,#3763,#3764,#3765));
#6676=EDGE_LOOP('',(#3766,#3767,#3768,#3769));
#6677=EDGE_LOOP('',(#3770,#3771,#3772,#3773));
#6678=EDGE_LOOP('',(#3774,#3775,#3776,#3777));
#6679=EDGE_LOOP('',(#3778,#3779,#3780,#3781));
#6680=EDGE_LOOP('',(#3782,#3783,#3784,#3785));
#6681=EDGE_LOOP('',(#3786,#3787,#3788,#3789));
#6682=EDGE_LOOP('',(#3790,#3791,#3792,#3793));
#6683=EDGE_LOOP('',(#3794,#3795,#3796,#3797));
#6684=EDGE_LOOP('',(#3798,#3799,#3800,#3801));
#6685=EDGE_LOOP('',(#3802,#3803,#3804,#3805));
#6686=EDGE_LOOP('',(#3806,#3807,#3808,#3809));
#6687=EDGE_LOOP('',(#3810,#3811,#3812,#3813));
#6688=EDGE_LOOP('',(#3814,#3815,#3816,#3817));
#6689=EDGE_LOOP('',(#3818,#3819,#3820,#3821));
#6690=EDGE_LOOP('',(#3822,#3823,#3824,#3825));
#6691=EDGE_LOOP('',(#3826,#3827,#3828,#3829));
#6692=EDGE_LOOP('',(#3830,#3831,#3832,#3833));
#6693=EDGE_LOOP('',(#3834,#3835,#3836,#3837));
#6694=EDGE_LOOP('',(#3838,#3839,#3840,#3841));
#6695=EDGE_LOOP('',(#3842,#3843,#3844,#3845));
#6696=EDGE_LOOP('',(#3846,#3847,#3848,#3849));
#6697=EDGE_LOOP('',(#3850,#3851,#3852,#3853));
#6698=EDGE_LOOP('',(#3854,#3855,#3856,#3857));
#6699=EDGE_LOOP('',(#3858,#3859,#3860,#3861));
#6700=EDGE_LOOP('',(#3862,#3863,#3864,#3865));
#6701=EDGE_LOOP('',(#3866,#3867,#3868,#3869));
#6702=EDGE_LOOP('',(#3870,#3871,#3872,#3873));
#6703=EDGE_LOOP('',(#3874,#3875,#3876,#3877));
#6704=EDGE_LOOP('',(#3878,#3879,#3880,#3881));
#6705=EDGE_LOOP('',(#3882,#3883,#3884,#3885));
#6706=EDGE_LOOP('',(#3886,#3887,#3888,#3889));
#6707=EDGE_LOOP('',(#3890,#3891,#3892,#3893));
#6708=EDGE_LOOP('',(#3894,#3895,#3896,#3897));
#6709=EDGE_LOOP('',(#3898,#3899,#3900,#3901));
#6710=EDGE_LOOP('',(#3902,#3903,#3904,#3905));
#6711=EDGE_LOOP('',(#3906,#3907,#3908,#3909));
#6712=EDGE_LOOP('',(#3910,#3911,#3912,#3913));
#6713=EDGE_LOOP('',(#3914,#3915,#3916,#3917));
#6714=EDGE_LOOP('',(#3918,#3919,#3920,#3921));
#6715=EDGE_LOOP('',(#3922,#3923,#3924,#3925));
#6716=EDGE_LOOP('',(#3926,#3927,#3928,#3929));
#6717=EDGE_LOOP('',(#3930,#3931,#3932,#3933));
#6718=EDGE_LOOP('',(#3934,#3935,#3936,#3937));
#6719=EDGE_LOOP('',(#3938,#3939,#3940,#3941));
#6720=EDGE_LOOP('',(#3942,#3943,#3944,#3945));
#6721=EDGE_LOOP('',(#3946,#3947,#3948,#3949));
#6722=EDGE_LOOP('',(#3950,#3951,#3952,#3953));
#6723=EDGE_LOOP('',(#3954,#3955,#3956,#3957));
#6724=EDGE_LOOP('',(#3958,#3959,#3960,#3961));
#6725=EDGE_LOOP('',(#3962,#3963,#3964,#3965));
#6726=EDGE_LOOP('',(#3966,#3967,#3968,#3969));
#6727=EDGE_LOOP('',(#3970,#3971,#3972,#3973));
#6728=EDGE_LOOP('',(#3974,#3975,#3976,#3977));
#6729=EDGE_LOOP('',(#3978,#3979,#3980,#3981));
#6730=EDGE_LOOP('',(#3982,#3983,#3984,#3985));
#6731=EDGE_LOOP('',(#3986,#3987,#3988,#3989));
#6732=EDGE_LOOP('',(#3990,#3991,#3992,#3993));
#6733=EDGE_LOOP('',(#3994,#3995,#3996,#3997));
#6734=EDGE_LOOP('',(#3998,#3999,#4000,#4001));
#6735=EDGE_LOOP('',(#4002,#4003,#4004,#4005));
#6736=EDGE_LOOP('',(#4006,#4007,#4008,#4009));
#6737=EDGE_LOOP('',(#4010,#4011,#4012,#4013));
#6738=EDGE_LOOP('',(#4014,#4015,#4016,#4017));
#6739=EDGE_LOOP('',(#4018,#4019,#4020,#4021));
#6740=EDGE_LOOP('',(#4022,#4023,#4024,#4025));
#6741=EDGE_LOOP('',(#4026,#4027,#4028,#4029));
#6742=EDGE_LOOP('',(#4030,#4031,#4032,#4033));
#6743=EDGE_LOOP('',(#4034,#4035,#4036,#4037));
#6744=EDGE_LOOP('',(#4038,#4039,#4040,#4041));
#6745=EDGE_LOOP('',(#4042,#4043,#4044,#4045));
#6746=EDGE_LOOP('',(#4046,#4047,#4048,#4049));
#6747=EDGE_LOOP('',(#4050,#4051,#4052,#4053));
#6748=EDGE_LOOP('',(#4054,#4055,#4056,#4057));
#6749=EDGE_LOOP('',(#4058,#4059,#4060,#4061));
#6750=EDGE_LOOP('',(#4062,#4063,#4064,#4065));
#6751=EDGE_LOOP('',(#4066,#4067,#4068,#4069));
#6752=EDGE_LOOP('',(#4070,#4071,#4072,#4073));
#6753=EDGE_LOOP('',(#4074,#4075,#4076,#4077));
#6754=EDGE_LOOP('',(#4078,#4079,#4080,#4081));
#6755=EDGE_LOOP('',(#4082,#4083,#4084,#4085));
#6756=EDGE_LOOP('',(#4086,#4087,#4088,#4089));
#6757=EDGE_LOOP('',(#4090,#4091,#4092,#4093));
#6758=EDGE_LOOP('',(#4094,#4095,#4096,#4097));
#6759=EDGE_LOOP('',(#4098,#4099,#4100,#4101));
#6760=EDGE_LOOP('',(#4102,#4103,#4104,#4105));
#6761=EDGE_LOOP('',(#4106,#4107,#4108,#4109));
#6762=EDGE_LOOP('',(#4110,#4111,#4112,#4113));
#6763=EDGE_LOOP('',(#4114,#4115,#4116,#4117));
#6764=EDGE_LOOP('',(#4118,#4119,#4120,#4121));
#6765=EDGE_LOOP('',(#4122,#4123,#4124,#4125));
#6766=EDGE_LOOP('',(#4126,#4127,#4128,#4129));
#6767=EDGE_LOOP('',(#4130,#4131,#4132,#4133));
#6768=EDGE_LOOP('',(#4134,#4135,#4136,#4137));
#6769=EDGE_LOOP('',(#4138,#4139,#4140,#4141));
#6770=EDGE_LOOP('',(#4142,#4143,#4144,#4145));
#6771=EDGE_LOOP('',(#4146,#4147,#4148,#4149));
#6772=EDGE_LOOP('',(#4150,#4151,#4152,#4153));
#6773=EDGE_LOOP('',(#4154,#4155,#4156,#4157));
#6774=EDGE_LOOP('',(#4158,#4159,#4160,#4161));
#6775=EDGE_LOOP('',(#4162,#4163,#4164,#4165));
#6776=EDGE_LOOP('',(#4166,#4167,#4168,#4169));
#6777=EDGE_LOOP('',(#4170,#4171,#4172,#4173));
#6778=EDGE_LOOP('',(#4174,#4175,#4176,#4177));
#6779=EDGE_LOOP('',(#4178,#4179,#4180,#4181));
#6780=EDGE_LOOP('',(#4182,#4183,#4184,#4185));
#6781=EDGE_LOOP('',(#4186,#4187,#4188,#4189));
#6782=EDGE_LOOP('',(#4190,#4191,#4192,#4193));
#6783=EDGE_LOOP('',(#4194,#4195,#4196,#4197));
#6784=EDGE_LOOP('',(#4198,#4199,#4200,#4201));
#6785=EDGE_LOOP('',(#4202,#4203,#4204,#4205));
#6786=EDGE_LOOP('',(#4206,#4207,#4208,#4209));
#6787=EDGE_LOOP('',(#4210,#4211,#4212,#4213));
#6788=EDGE_LOOP('',(#4214,#4215,#4216,#4217));
#6789=EDGE_LOOP('',(#4218,#4219,#4220,#4221));
#6790=EDGE_LOOP('',(#4222,#4223,#4224,#4225));
#6791=EDGE_LOOP('',(#4226,#4227,#4228,#4229));
#6792=FACE_BOUND('',#6338,.T.);
#6793=FACE_BOUND('',#6339,.T.);
#6794=FACE_BOUND('',#6340,.T.);
#6795=FACE_BOUND('',#6341,.T.);
#6796=FACE_BOUND('',#6342,.T.);
#6797=FACE_BOUND('',#6343,.T.);
#6798=FACE_BOUND('',#6344,.T.);
#6799=FACE_BOUND('',#6345,.T.);
#6800=FACE_BOUND('',#6346,.T.);
#6801=FACE_BOUND('',#6347,.T.);
#6802=FACE_BOUND('',#6348,.T.);
#6803=FACE_BOUND('',#6349,.T.);
#6804=FACE_BOUND('',#6350,.T.);
#6805=FACE_BOUND('',#6351,.T.);
#6806=FACE_BOUND('',#6352,.T.);
#6807=FACE_BOUND('',#6353,.T.);
#6808=FACE_BOUND('',#6354,.T.);
#6809=FACE_BOUND('',#6355,.T.);
#6810=FACE_BOUND('',#6356,.T.);
#6811=FACE_BOUND('',#6357,.T.);
#6812=FACE_BOUND('',#6358,.T.);
#6813=FACE_BOUND('',#6359,.T.);
#6814=FACE_BOUND('',#6360,.T.);
#6815=FACE_BOUND('',#6361,.T.);
#6816=FACE_BOUND('',#6362,.T.);
#6817=FACE_BOUND('',#6363,.T.);
#6818=FACE_BOUND('',#6364,.T.);
#6819=FACE_BOUND('',#6365,.T.);
#6820=FACE_BOUND('',#6366,.T.);
#6821=FACE_BOUND('',#6367,.T.);
#6822=FACE_BOUND('',#6368,.T.);
#6823=FACE_BOUND('',#6369,.T.);
#6824=FACE_BOUND('',#6370,.T.);
#6825=FACE_BOUND('',#6371,.T.);
#6826=FACE_BOUND('',#6372,.T.);
#6827=FACE_BOUND('',#6373,.T.);
#6828=FACE_BOUND('',#6374,.T.);
#6829=FACE_BOUND('',#6375,.T.);
#6830=FACE_BOUND('',#6376,.T.);
#6831=FACE_BOUND('',#6377,.T.);
#6832=FACE_BOUND('',#6378,.T.);
#6833=FACE_BOUND('',#6379,.T.);
#6834=FACE_BOUND('',#6380,.T.);
#6835=FACE_BOUND('',#6381,.T.);
#6836=FACE_BOUND('',#6382,.T.);
#6837=FACE_BOUND('',#6383,.T.);
#6838=FACE_BOUND('',#6384,.T.);
#6839=FACE_BOUND('',#6385,.T.);
#6840=FACE_BOUND('',#6386,.T.);
#6841=FACE_BOUND('',#6387,.T.);
#6842=FACE_BOUND('',#6388,.T.);
#6843=FACE_BOUND('',#6389,.T.);
#6844=FACE_BOUND('',#6390,.T.);
#6845=FACE_BOUND('',#6391,.T.);
#6846=FACE_BOUND('',#6392,.T.);
#6847=FACE_BOUND('',#6393,.T.);
#6848=FACE_BOUND('',#6394,.T.);
#6849=FACE_BOUND('',#6395,.T.);
#6850=FACE_BOUND('',#6396,.T.);
#6851=FACE_BOUND('',#6397,.T.);
#6852=FACE_BOUND('',#6398,.T.);
#6853=FACE_BOUND('',#6399,.T.);
#6854=FACE_BOUND('',#6400,.T.);
#6855=FACE_BOUND('',#6401,.T.);
#6856=FACE_BOUND('',#6402,.T.);
#6857=FACE_BOUND('',#6403,.T.);
#6858=FACE_BOUND('',#6404,.T.);
#6859=FACE_BOUND('',#6405,.T.);
#6860=FACE_BOUND('',#6406,.T.);
#6861=FACE_BOUND('',#6407,.T.);
#6862=FACE_BOUND('',#6408,.T.);
#6863=FACE_BOUND('',#6409,.T.);
#6864=FACE_BOUND('',#6410,.T.);
#6865=FACE_BOUND('',#6411,.T.);
#6866=FACE_BOUND('',#6412,.T.);
#6867=FACE_BOUND('',#6413,.T.);
#6868=FACE_BOUND('',#6414,.T.);
#6869=FACE_BOUND('',#6415,.T.);
#6870=FACE_BOUND('',#6416,.T.);
#6871=FACE_BOUND('',#6417,.T.);
#6872=FACE_BOUND('',#6418,.T.);
#6873=FACE_BOUND('',#6419,.T.);
#6874=FACE_BOUND('',#6420,.T.);
#6875=FACE_BOUND('',#6421,.T.);
#6876=FACE_BOUND('',#6422,.T.);
#6877=FACE_BOUND('',#6423,.T.);
#6878=FACE_BOUND('',#6424,.T.);
#6879=FACE_BOUND('',#6425,.T.);
#6880=FACE_BOUND('',#6426,.T.);
#6881=FACE_BOUND('',#6427,.T.);
#6882=FACE_BOUND('',#6428,.T.);
#6883=FACE_BOUND('',#6429,.T.);
#6884=FACE_BOUND('',#6430,.T.);
#6885=FACE_BOUND('',#6431,.T.);
#6886=FACE_BOUND('',#6432,.T.);
#6887=FACE_BOUND('',#6433,.T.);
#6888=FACE_BOUND('',#6434,.T.);
#6889=FACE_BOUND('',#6435,.T.);
#6890=FACE_BOUND('',#6436,.T.);
#6891=FACE_BOUND('',#6437,.T.);
#6892=FACE_BOUND('',#6438,.T.);
#6893=FACE_BOUND('',#6439,.T.);
#6894=FACE_BOUND('',#6440,.T.);
#6895=FACE_BOUND('',#6441,.T.);
#6896=FACE_BOUND('',#6442,.T.);
#6897=FACE_BOUND('',#6443,.T.);
#6898=FACE_BOUND('',#6444,.T.);
#6899=FACE_BOUND('',#6445,.T.);
#6900=FACE_BOUND('',#6446,.T.);
#6901=FACE_BOUND('',#6447,.T.);
#6902=FACE_BOUND('',#6448,.T.);
#6903=FACE_BOUND('',#6449,.T.);
#6904=FACE_BOUND('',#6450,.T.);
#6905=FACE_BOUND('',#6451,.T.);
#6906=FACE_BOUND('',#6452,.T.);
#6907=FACE_BOUND('',#6453,.T.);
#6908=FACE_BOUND('',#6454,.T.);
#6909=FACE_BOUND('',#6455,.T.);
#6910=FACE_BOUND('',#6456,.T.);
#6911=FACE_BOUND('',#6457,.T.);
#6912=FACE_BOUND('',#6458,.T.);
#6913=FACE_BOUND('',#6459,.T.);
#6914=FACE_BOUND('',#6460,.T.);
#6915=FACE_BOUND('',#6461,.T.);
#6916=FACE_BOUND('',#6462,.T.);
#6917=FACE_BOUND('',#6463,.T.);
#6918=FACE_BOUND('',#6464,.T.);
#6919=FACE_BOUND('',#6465,.T.);
#6920=FACE_BOUND('',#6466,.T.);
#6921=FACE_BOUND('',#6467,.T.);
#6922=FACE_BOUND('',#6468,.T.);
#6923=FACE_BOUND('',#6469,.T.);
#6924=FACE_BOUND('',#6470,.T.);
#6925=FACE_BOUND('',#6471,.T.);
#6926=FACE_BOUND('',#6472,.T.);
#6927=FACE_BOUND('',#6473,.T.);
#6928=FACE_BOUND('',#6474,.T.);
#6929=FACE_BOUND('',#6475,.T.);
#6930=FACE_BOUND('',#6476,.T.);
#6931=FACE_BOUND('',#6477,.T.);
#6932=FACE_BOUND('',#6478,.T.);
#6933=FACE_BOUND('',#6479,.T.);
#6934=FACE_BOUND('',#6480,.T.);
#6935=FACE_BOUND('',#6481,.T.);
#6936=FACE_BOUND('',#6482,.T.);
#6937=FACE_BOUND('',#6483,.T.);
#6938=FACE_BOUND('',#6484,.T.);
#6939=FACE_BOUND('',#6485,.T.);
#6940=FACE_BOUND('',#6486,.T.);
#6941=FACE_BOUND('',#6487,.T.);
#6942=FACE_BOUND('',#6488,.T.);
#6943=FACE_BOUND('',#6489,.T.);
#6944=FACE_BOUND('',#6490,.T.);
#6945=FACE_BOUND('',#6491,.T.);
#6946=FACE_BOUND('',#6492,.T.);
#6947=FACE_BOUND('',#6493,.T.);
#6948=FACE_BOUND('',#6494,.T.);
#6949=FACE_BOUND('',#6495,.T.);
#6950=FACE_BOUND('',#6496,.T.);
#6951=FACE_BOUND('',#6497,.T.);
#6952=FACE_BOUND('',#6498,.T.);
#6953=FACE_BOUND('',#6499,.T.);
#6954=FACE_BOUND('',#6500,.T.);
#6955=FACE_BOUND('',#6501,.T.);
#6956=FACE_BOUND('',#6502,.T.);
#6957=FACE_BOUND('',#6503,.T.);
#6958=FACE_BOUND('',#6504,.T.);
#6959=FACE_BOUND('',#6505,.T.);
#6960=FACE_BOUND('',#6506,.T.);
#6961=FACE_BOUND('',#6507,.T.);
#6962=FACE_BOUND('',#6508,.T.);
#6963=FACE_BOUND('',#6509,.T.);
#6964=FACE_BOUND('',#6510,.T.);
#6965=FACE_BOUND('',#6511,.T.);
#6966=FACE_BOUND('',#6512,.T.);
#6967=FACE_BOUND('',#6513,.T.);
#6968=FACE_BOUND('',#6514,.T.);
#6969=FACE_BOUND('',#6515,.T.);
#6970=FACE_BOUND('',#6516,.T.);
#6971=FACE_BOUND('',#6517,.T.);
#6972=FACE_BOUND('',#6518,.T.);
#6973=FACE_BOUND('',#6519,.T.);
#6974=FACE_BOUND('',#6520,.T.);
#6975=FACE_BOUND('',#6521,.T.);
#6976=FACE_BOUND('',#6522,.T.);
#6977=FACE_BOUND('',#6523,.T.);
#6978=FACE_BOUND('',#6524,.T.);
#6979=FACE_BOUND('',#6525,.T.);
#6980=FACE_BOUND('',#6526,.T.);
#6981=FACE_BOUND('',#6527,.T.);
#6982=FACE_BOUND('',#6528,.T.);
#6983=FACE_BOUND('',#6529,.T.);
#6984=FACE_BOUND('',#6530,.T.);
#6985=FACE_BOUND('',#6531,.T.);
#6986=FACE_BOUND('',#6532,.T.);
#6987=FACE_BOUND('',#6533,.T.);
#6988=FACE_BOUND('',#6534,.T.);
#6989=FACE_BOUND('',#6535,.T.);
#6990=FACE_BOUND('',#6536,.T.);
#6991=FACE_BOUND('',#6537,.T.);
#6992=FACE_BOUND('',#6538,.T.);
#6993=FACE_BOUND('',#6539,.T.);
#6994=FACE_BOUND('',#6540,.T.);
#6995=FACE_BOUND('',#6541,.T.);
#6996=FACE_BOUND('',#6542,.T.);
#6997=FACE_BOUND('',#6543,.T.);
#6998=FACE_BOUND('',#6544,.T.);
#6999=FACE_BOUND('',#6545,.T.);
#7000=FACE_BOUND('',#6546,.T.);
#7001=FACE_BOUND('',#6547,.T.);
#7002=FACE_BOUND('',#6548,.T.);
#7003=FACE_BOUND('',#6549,.T.);
#7004=FACE_BOUND('',#6550,.T.);
#7005=FACE_BOUND('',#6551,.T.);
#7006=FACE_BOUND('',#6552,.T.);
#7007=FACE_BOUND('',#6553,.T.);
#7008=FACE_BOUND('',#6554,.T.);
#7009=FACE_BOUND('',#6555,.T.);
#7010=FACE_BOUND('',#6556,.T.);
#7011=FACE_BOUND('',#6557,.T.);
#7012=FACE_BOUND('',#6558,.T.);
#7013=FACE_BOUND('',#6559,.T.);
#7014=FACE_BOUND('',#6560,.T.);
#7015=FACE_BOUND('',#6561,.T.);
#7016=FACE_BOUND('',#6562,.T.);
#7017=FACE_BOUND('',#6563,.T.);
#7018=FACE_BOUND('',#6564,.T.);
#7019=FACE_BOUND('',#6565,.T.);
#7020=FACE_BOUND('',#6566,.T.);
#7021=FACE_BOUND('',#6567,.T.);
#7022=FACE_BOUND('',#6568,.T.);
#7023=FACE_BOUND('',#6569,.T.);
#7024=FACE_BOUND('',#6570,.T.);
#7025=FACE_BOUND('',#6571,.T.);
#7026=FACE_BOUND('',#6572,.T.);
#7027=FACE_BOUND('',#6573,.T.);
#7028=FACE_BOUND('',#6574,.T.);
#7029=FACE_BOUND('',#6575,.T.);
#7030=FACE_BOUND('',#6576,.T.);
#7031=FACE_BOUND('',#6577,.T.);
#7032=FACE_BOUND('',#6578,.T.);
#7033=FACE_BOUND('',#6579,.T.);
#7034=FACE_BOUND('',#6580,.T.);
#7035=FACE_BOUND('',#6581,.T.);
#7036=FACE_BOUND('',#6582,.T.);
#7037=FACE_BOUND('',#6583,.T.);
#7038=FACE_BOUND('',#6584,.T.);
#7039=FACE_BOUND('',#6585,.T.);
#7040=FACE_BOUND('',#6586,.T.);
#7041=FACE_BOUND('',#6587,.T.);
#7042=FACE_BOUND('',#6588,.T.);
#7043=FACE_BOUND('',#6589,.T.);
#7044=FACE_BOUND('',#6590,.T.);
#7045=FACE_BOUND('',#6591,.T.);
#7046=FACE_BOUND('',#6592,.T.);
#7047=FACE_BOUND('',#6593,.T.);
#7048=FACE_BOUND('',#6594,.T.);
#7049=FACE_BOUND('',#6595,.T.);
#7050=FACE_BOUND('',#6596,.T.);
#7051=FACE_BOUND('',#6597,.T.);
#7052=FACE_BOUND('',#6598,.T.);
#7053=FACE_BOUND('',#6599,.T.);
#7054=FACE_BOUND('',#6600,.T.);
#7055=FACE_BOUND('',#6601,.T.);
#7056=FACE_BOUND('',#6602,.T.);
#7057=FACE_BOUND('',#6603,.T.);
#7058=FACE_BOUND('',#6604,.T.);
#7059=FACE_BOUND('',#6605,.T.);
#7060=FACE_BOUND('',#6606,.T.);
#7061=FACE_BOUND('',#6607,.T.);
#7062=FACE_BOUND('',#6608,.T.);
#7063=FACE_BOUND('',#6609,.T.);
#7064=FACE_BOUND('',#6610,.T.);
#7065=FACE_BOUND('',#6611,.T.);
#7066=FACE_BOUND('',#6612,.T.);
#7067=FACE_BOUND('',#6613,.T.);
#7068=FACE_BOUND('',#6614,.T.);
#7069=FACE_BOUND('',#6615,.T.);
#7070=FACE_BOUND('',#6616,.T.);
#7071=FACE_BOUND('',#6617,.T.);
#7072=FACE_BOUND('',#6618,.T.);
#7073=FACE_BOUND('',#6619,.T.);
#7074=FACE_BOUND('',#6620,.T.);
#7075=FACE_BOUND('',#6621,.T.);
#7076=FACE_BOUND('',#6622,.T.);
#7077=FACE_BOUND('',#6623,.T.);
#7078=FACE_BOUND('',#6624,.T.);
#7079=FACE_BOUND('',#6625,.T.);
#7080=FACE_BOUND('',#6626,.T.);
#7081=FACE_BOUND('',#6627,.T.);
#7082=FACE_BOUND('',#6628,.T.);
#7083=FACE_BOUND('',#6629,.T.);
#7084=FACE_BOUND('',#6630,.T.);
#7085=FACE_BOUND('',#6631,.T.);
#7086=FACE_BOUND('',#6632,.T.);
#7087=FACE_BOUND('',#6633,.T.);
#7088=FACE_BOUND('',#6634,.T.);
#7089=FACE_BOUND('',#6635,.T.);
#7090=FACE_BOUND('',#6636,.T.);
#7091=FACE_BOUND('',#6637,.T.);
#7092=FACE_BOUND('',#6638,.T.);
#7093=FACE_BOUND('',#6639,.T.);
#7094=FACE_BOUND('',#6640,.T.);
#7095=FACE_BOUND('',#6641,.T.);
#7096=FACE_BOUND('',#6642,.T.);
#7097=FACE_BOUND('',#6643,.T.);
#7098=FACE_BOUND('',#6644,.T.);
#7099=FACE_BOUND('',#6645,.T.);
#7100=FACE_BOUND('',#6646,.T.);
#7101=FACE_BOUND('',#6647,.T.);
#7102=FACE_BOUND('',#6648,.T.);
#7103=FACE_BOUND('',#6649,.T.);
#7104=FACE_BOUND('',#6650,.T.);
#7105=FACE_BOUND('',#6651,.T.);
#7106=FACE_BOUND('',#6652,.T.);
#7107=FACE_BOUND('',#6653,.T.);
#7108=FACE_BOUND('',#6654,.T.);
#7109=FACE_BOUND('',#6655,.T.);
#7110=FACE_BOUND('',#6656,.T.);
#7111=FACE_BOUND('',#6657,.T.);
#7112=FACE_BOUND('',#6658,.T.);
#7113=FACE_BOUND('',#6659,.T.);
#7114=FACE_BOUND('',#6660,.T.);
#7115=FACE_BOUND('',#6661,.T.);
#7116=FACE_BOUND('',#6662,.T.);
#7117=FACE_BOUND('',#6663,.T.);
#7118=FACE_BOUND('',#6664,.T.);
#7119=FACE_BOUND('',#6665,.T.);
#7120=FACE_BOUND('',#6666,.T.);
#7121=FACE_BOUND('',#6667,.T.);
#7122=FACE_BOUND('',#6668,.T.);
#7123=FACE_BOUND('',#6669,.T.);
#7124=FACE_BOUND('',#6670,.T.);
#7125=FACE_BOUND('',#6671,.T.);
#7126=FACE_BOUND('',#6672,.T.);
#7127=FACE_BOUND('',#6673,.T.);
#7128=FACE_BOUND('',#6674,.T.);
#7129=FACE_BOUND('',#6675,.T.);
#7130=FACE_BOUND('',#6676,.T.);
#7131=FACE_BOUND('',#6677,.T.);
#7132=FACE_BOUND('',#6678,.T.);
#7133=FACE_BOUND('',#6679,.T.);
#7134=FACE_BOUND('',#6680,.T.);
#7135=FACE_BOUND('',#6681,.T.);
#7136=FACE_BOUND('',#6682,.T.);
#7137=FACE_BOUND('',#6683,.T.);
#7138=FACE_BOUND('',#6684,.T.);
#7139=FACE_BOUND('',#6685,.T.);
#7140=FACE_BOUND('',#6686,.T.);
#7141=FACE_BOUND('',#6687,.T.);
#7142=FACE_BOUND('',#6688,.T.);
#7143=FACE_BOUND('',#6689,.T.);
#7144=FACE_BOUND('',#6690,.T.);
#7145=FACE_BOUND('',#6691,.T.);
#7146=FACE_BOUND('',#6692,.T.);
#7147=FACE_BOUND('',#6693,.T.);
#7148=FACE_BOUND('',#6694,.T.);
#7149=FACE_BOUND('',#6695,.T.);
#7150=FACE_BOUND('',#6696,.T.);
#7151=FACE_BOUND('',#6697,.T.);
#7152=FACE_BOUND('',#6698,.T.);
#7153=FACE_BOUND('',#6699,.T.);
#7154=FACE_BOUND('',#6700,.T.);
#7155=FACE_BOUND('',#6701,.T.);
#7156=FACE_BOUND('',#6702,.T.);
#7157=FACE_BOUND('',#6703,.T.);
#7158=FACE_BOUND('',#6704,.T.);
#7159=FACE_BOUND('',#6705,.T.);
#7160=FACE_BOUND('',#6706,.T.);
#7161=FACE_BOUND('',#6707,.T.);
#7162=FACE_BOUND('',#6708,.T.);
#7163=FACE_BOUND('',#6709,.T.);
#7164=FACE_BOUND('',#6710,.T.);
#7165=FACE_BOUND('',#6711,.T.);
#7166=FACE_BOUND('',#6712,.T.);
#7167=FACE_BOUND('',#6713,.T.);
#7168=FACE_BOUND('',#6714,.T.);
#7169=FACE_BOUND('',#6715,.T.);
#7170=FACE_BOUND('',#6716,.T.);
#7171=FACE_BOUND('',#6717,.T.);
#7172=FACE_BOUND('',#6718,.T.);
#7173=FACE_BOUND('',#6719,.T.);
#7174=FACE_BOUND('',#6720,.T.);
#7175=FACE_BOUND('',#6721,.T.);
#7176=FACE_BOUND('',#6722,.T.);
#7177=FACE_BOUND('',#6723,.T.);
#7178=FACE_BOUND('',#6724,.T.);
#7179=FACE_BOUND('',#6725,.T.);
#7180=FACE_BOUND('',#6726,.T.);
#7181=FACE_BOUND('',#6727,.T.);
#7182=FACE_BOUND('',#6728,.T.);
#7183=FACE_BOUND('',#6729,.T.);
#7184=FACE_BOUND('',#6730,.T.);
#7185=FACE_BOUND('',#6731,.T.);
#7186=FACE_BOUND('',#6732,.T.);
#7187=FACE_BOUND('',#6733,.T.);
#7188=FACE_BOUND('',#6734,.T.);
#7189=FACE_BOUND('',#6735,.T.);
#7190=FACE_BOUND('',#6736,.T.);
#7191=FACE_BOUND('',#6737,.T.);
#7192=FACE_BOUND('',#6738,.T.);
#7193=FACE_BOUND('',#6739,.T.);
#7194=FACE_BOUND('',#6740,.T.);
#7195=FACE_BOUND('',#6741,.T.);
#7196=FACE_BOUND('',#6742,.T.);
#7197=FACE_BOUND('',#6743,.T.);
#7198=FACE_BOUND('',#6744,.T.);
#7199=FACE_BOUND('',#6745,.T.);
#7200=FACE_BOUND('',#6746,.T.);
#7201=FACE_BOUND('',#6747,.T.);
#7202=FACE_BOUND('',#6748,.T.);
#7203=FACE_BOUND('',#6749,.T.);
#7204=FACE_BOUND('',#6750,.T.);
#7205=FACE_BOUND('',#6751,.T.);
#7206=FACE_BOUND('',#6752,.T.);
#7207=FACE_BOUND('',#6753,.T.);
#7208=FACE_BOUND('',#6754,.T.);
#7209=FACE_BOUND('',#6755,.T.);
#7210=FACE_BOUND('',#6756,.T.);
#7211=FACE_BOUND('',#6757,.T.);
#7212=FACE_BOUND('',#6758,.T.);
#7213=FACE_BOUND('',#6759,.T.);
#7214=FACE_BOUND('',#6760,.T.);
#7215=FACE_BOUND('',#6761,.T.);
#7216=FACE_BOUND('',#6762,.T.);
#7217=FACE_BOUND('',#6763,.T.);
#7218=FACE_BOUND('',#6764,.T.);
#7219=FACE_BOUND('',#6765,.T.);
#7220=FACE_BOUND('',#6766,.T.);
#7221=FACE_BOUND('',#6767,.T.);
#7222=FACE_BOUND('',#6768,.T.);
#7223=FACE_BOUND('',#6769,.T.);
#7224=FACE_BOUND('',#6770,.T.);
#7225=FACE_BOUND('',#6771,.T.);
#7226=FACE_BOUND('',#6772,.T.);
#7227=FACE_BOUND('',#6773,.T.);
#7228=FACE_BOUND('',#6774,.T.);
#7229=FACE_BOUND('',#6775,.T.);
#7230=FACE_BOUND('',#6776,.T.);
#7231=FACE_BOUND('',#6777,.T.);
#7232=FACE_BOUND('',#6778,.T.);
#7233=FACE_BOUND('',#6779,.T.);
#7234=FACE_BOUND('',#6780,.T.);
#7235=FACE_BOUND('',#6781,.T.);
#7236=FACE_BOUND('',#6782,.T.);
#7237=FACE_BOUND('',#6783,.T.);
#7238=FACE_BOUND('',#6784,.T.);
#7239=FACE_BOUND('',#6785,.T.);
#7240=FACE_BOUND('',#6786,.T.);
#7241=FACE_BOUND('',#6787,.T.);
#7242=FACE_BOUND('',#6788,.T.);
#7243=FACE_BOUND('',#6789,.T.);
#7244=FACE_BOUND('',#6790,.T.);
#7245=FACE_BOUND('',#6791,.T.);
#7246=CYLINDRICAL_SURFACE('',#7757,0.0005);
#7247=CYLINDRICAL_SURFACE('',#7760,0.0005);
#7248=CYLINDRICAL_SURFACE('',#7763,0.0005);
#7249=CYLINDRICAL_SURFACE('',#7772,0.0005);
#7250=CYLINDRICAL_SURFACE('',#7775,0.0005);
#7251=CYLINDRICAL_SURFACE('',#7778,0.0005);
#7252=CYLINDRICAL_SURFACE('',#7787,0.0005);
#7253=CYLINDRICAL_SURFACE('',#7790,0.0005);
#7254=CYLINDRICAL_SURFACE('',#7793,0.0005);
#7255=CYLINDRICAL_SURFACE('',#7802,0.0005);
#7256=CYLINDRICAL_SURFACE('',#7805,0.0005);
#7257=CYLINDRICAL_SURFACE('',#7808,0.0005);
#7258=CYLINDRICAL_SURFACE('',#7817,0.0005);
#7259=CYLINDRICAL_SURFACE('',#7820,0.0005);
#7260=CYLINDRICAL_SURFACE('',#7823,0.0005);
#7261=CYLINDRICAL_SURFACE('',#7832,0.0005);
#7262=CYLINDRICAL_SURFACE('',#7835,0.0005);
#7263=CYLINDRICAL_SURFACE('',#7838,0.0005);
#7264=CYLINDRICAL_SURFACE('',#7847,0.0005);
#7265=CYLINDRICAL_SURFACE('',#7850,0.0005);
#7266=CYLINDRICAL_SURFACE('',#7853,0.0005);
#7267=CYLINDRICAL_SURFACE('',#7862,0.0005);
#7268=CYLINDRICAL_SURFACE('',#7865,0.0005);
#7269=CYLINDRICAL_SURFACE('',#7868,0.0005);
#7270=CYLINDRICAL_SURFACE('',#7877,0.0005);
#7271=CYLINDRICAL_SURFACE('',#7880,0.0005);
#7272=CYLINDRICAL_SURFACE('',#7883,0.0005);
#7273=CYLINDRICAL_SURFACE('',#7892,0.0005);
#7274=CYLINDRICAL_SURFACE('',#7895,0.0005);
#7275=CYLINDRICAL_SURFACE('',#7898,0.0005);
#7276=CYLINDRICAL_SURFACE('',#7907,0.0005);
#7277=CYLINDRICAL_SURFACE('',#7910,0.0005);
#7278=CYLINDRICAL_SURFACE('',#7913,0.0005);
#7279=CYLINDRICAL_SURFACE('',#7922,0.0005);
#7280=CYLINDRICAL_SURFACE('',#7925,0.0005);
#7281=CYLINDRICAL_SURFACE('',#7928,0.0005);
#7282=CYLINDRICAL_SURFACE('',#7937,0.0005);
#7283=CYLINDRICAL_SURFACE('',#7940,0.0005);
#7284=CYLINDRICAL_SURFACE('',#7943,0.0005);
#7285=CYLINDRICAL_SURFACE('',#7952,0.0005);
#7286=CYLINDRICAL_SURFACE('',#7955,0.0005);
#7287=CYLINDRICAL_SURFACE('',#7958,0.0005);
#7288=CYLINDRICAL_SURFACE('',#7967,0.0005);
#7289=CYLINDRICAL_SURFACE('',#7970,0.0005);
#7290=CYLINDRICAL_SURFACE('',#7973,0.0005);
#7291=CYLINDRICAL_SURFACE('',#8142,0.001);
#7292=CYLINDRICAL_SURFACE('',#8143,0.00102083333333333);
#7293=CYLINDRICAL_SURFACE('',#8144,0.001);
#7294=CYLINDRICAL_SURFACE('',#8151,0.001);
#7295=CYLINDRICAL_SURFACE('',#8152,0.00102083333333333);
#7296=CYLINDRICAL_SURFACE('',#8153,0.001);
#7297=CYLINDRICAL_SURFACE('',#8160,0.001);
#7298=CYLINDRICAL_SURFACE('',#8161,0.00102083333333333);
#7299=CYLINDRICAL_SURFACE('',#8162,0.001);
#7300=CYLINDRICAL_SURFACE('',#8169,0.001);
#7301=CYLINDRICAL_SURFACE('',#8170,0.00102083333333333);
#7302=CYLINDRICAL_SURFACE('',#8171,0.001);
#7303=CYLINDRICAL_SURFACE('',#8178,0.001);
#7304=CYLINDRICAL_SURFACE('',#8179,0.00102083333333333);
#7305=CYLINDRICAL_SURFACE('',#8180,0.001);
#7306=CYLINDRICAL_SURFACE('',#8187,0.001);
#7307=CYLINDRICAL_SURFACE('',#8188,0.00102083333333333);
#7308=CYLINDRICAL_SURFACE('',#8189,0.001);
#7309=CYLINDRICAL_SURFACE('',#8196,0.001);
#7310=CYLINDRICAL_SURFACE('',#8197,0.00102083333333333);
#7311=CYLINDRICAL_SURFACE('',#8198,0.001);
#7312=CYLINDRICAL_SURFACE('',#8205,0.001);
#7313=CYLINDRICAL_SURFACE('',#8206,0.00102083333333333);
#7314=CYLINDRICAL_SURFACE('',#8207,0.001);
#7315=CYLINDRICAL_SURFACE('',#8214,0.001);
#7316=CYLINDRICAL_SURFACE('',#8215,0.00102083333333333);
#7317=CYLINDRICAL_SURFACE('',#8216,0.001);
#7318=CYLINDRICAL_SURFACE('',#8223,0.001);
#7319=CYLINDRICAL_SURFACE('',#8224,0.00102083333333333);
#7320=CYLINDRICAL_SURFACE('',#8225,0.001);
#7321=CYLINDRICAL_SURFACE('',#8232,0.001);
#7322=CYLINDRICAL_SURFACE('',#8233,0.00102083333333333);
#7323=CYLINDRICAL_SURFACE('',#8234,0.001);
#7324=CYLINDRICAL_SURFACE('',#8241,0.001);
#7325=CYLINDRICAL_SURFACE('',#8242,0.00102083333333333);
#7326=CYLINDRICAL_SURFACE('',#8243,0.001);
#7327=CYLINDRICAL_SURFACE('',#8250,0.001);
#7328=CYLINDRICAL_SURFACE('',#8251,0.00102083333333333);
#7329=CYLINDRICAL_SURFACE('',#8252,0.001);
#7330=CYLINDRICAL_SURFACE('',#8259,0.001);
#7331=CYLINDRICAL_SURFACE('',#8260,0.00102083333333333);
#7332=CYLINDRICAL_SURFACE('',#8261,0.001);
#7333=CYLINDRICAL_SURFACE('',#8268,0.001);
#7334=CYLINDRICAL_SURFACE('',#8269,0.00102083333333333);
#7335=CYLINDRICAL_SURFACE('',#8270,0.001);
#7336=CYLINDRICAL_SURFACE('',#8277,0.001);
#7337=CYLINDRICAL_SURFACE('',#8278,0.00102083333333333);
#7338=CYLINDRICAL_SURFACE('',#8279,0.001);
#7339=CYLINDRICAL_SURFACE('',#8286,0.001);
#7340=CYLINDRICAL_SURFACE('',#8287,0.00102083333333333);
#7341=CYLINDRICAL_SURFACE('',#8288,0.001);
#7342=CYLINDRICAL_SURFACE('',#8295,0.001);
#7343=CYLINDRICAL_SURFACE('',#8296,0.00102083333333333);
#7344=CYLINDRICAL_SURFACE('',#8297,0.001);
#7345=CYLINDRICAL_SURFACE('',#8304,0.001);
#7346=CYLINDRICAL_SURFACE('',#8305,0.00102083333333333);
#7347=CYLINDRICAL_SURFACE('',#8306,0.001);
#7348=CYLINDRICAL_SURFACE('',#8313,0.001);
#7349=CYLINDRICAL_SURFACE('',#8314,0.00102083333333333);
#7350=CYLINDRICAL_SURFACE('',#8315,0.001);
#7351=CYLINDRICAL_SURFACE('',#8322,0.001);
#7352=CYLINDRICAL_SURFACE('',#8323,0.00102083333333333);
#7353=CYLINDRICAL_SURFACE('',#8324,0.001);
#7354=CYLINDRICAL_SURFACE('',#8331,0.001);
#7355=CYLINDRICAL_SURFACE('',#8332,0.00102083333333333);
#7356=CYLINDRICAL_SURFACE('',#8333,0.001);
#7357=CYLINDRICAL_SURFACE('',#8340,0.001);
#7358=CYLINDRICAL_SURFACE('',#8341,0.00102083333333333);
#7359=CYLINDRICAL_SURFACE('',#8342,0.001);
#7360=CYLINDRICAL_SURFACE('',#8354,0.003);
#7361=CYLINDRICAL_SURFACE('',#8355,0.003);
#7362=CYLINDRICAL_SURFACE('',#8356,0.003);
#7363=CYLINDRICAL_SURFACE('',#8357,0.003);
#7364=CYLINDRICAL_SURFACE('',#8363,0.001);
#7365=CYLINDRICAL_SURFACE('',#8366,0.001);
#7366=CYLINDRICAL_SURFACE('',#8369,0.00102083333333333);
#7367=CYLINDRICAL_SURFACE('',#8372,0.0005);
#7368=CYLINDRICAL_SURFACE('',#8375,0.0005);
#7369=CYLINDRICAL_SURFACE('',#8378,0.0005);
#7370=ADVANCED_FACE('',(#6792),#7246,.F.);
#7371=ADVANCED_FACE('',(#6793),#7247,.F.);
#7372=ADVANCED_FACE('',(#6794),#7248,.F.);
#7373=ADVANCED_FACE('',(#6795),#12,.T.);
#7374=ADVANCED_FACE('',(#6796),#13,.T.);
#7375=ADVANCED_FACE('',(#6797),#14,.T.);
#7376=ADVANCED_FACE('',(#6798),#15,.F.);
#7377=ADVANCED_FACE('',(#6799),#16,.F.);
#7378=ADVANCED_FACE('',(#6800),#17,.F.);
#7379=ADVANCED_FACE('',(#6801),#7249,.F.);
#7380=ADVANCED_FACE('',(#6802),#7250,.F.);
#7381=ADVANCED_FACE('',(#6803),#7251,.F.);
#7382=ADVANCED_FACE('',(#6804),#18,.T.);
#7383=ADVANCED_FACE('',(#6805),#19,.T.);
#7384=ADVANCED_FACE('',(#6806),#20,.T.);
#7385=ADVANCED_FACE('',(#6807),#21,.F.);
#7386=ADVANCED_FACE('',(#6808),#22,.F.);
#7387=ADVANCED_FACE('',(#6809),#23,.F.);
#7388=ADVANCED_FACE('',(#6810),#7252,.F.);
#7389=ADVANCED_FACE('',(#6811),#7253,.F.);
#7390=ADVANCED_FACE('',(#6812),#7254,.F.);
#7391=ADVANCED_FACE('',(#6813),#24,.T.);
#7392=ADVANCED_FACE('',(#6814),#25,.T.);
#7393=ADVANCED_FACE('',(#6815),#26,.T.);
#7394=ADVANCED_FACE('',(#6816),#27,.F.);
#7395=ADVANCED_FACE('',(#6817),#28,.F.);
#7396=ADVANCED_FACE('',(#6818),#29,.F.);
#7397=ADVANCED_FACE('',(#6819),#7255,.F.);
#7398=ADVANCED_FACE('',(#6820),#7256,.F.);
#7399=ADVANCED_FACE('',(#6821),#7257,.F.);
#7400=ADVANCED_FACE('',(#6822),#30,.T.);
#7401=ADVANCED_FACE('',(#6823),#31,.T.);
#7402=ADVANCED_FACE('',(#6824),#32,.T.);
#7403=ADVANCED_FACE('',(#6825),#33,.F.);
#7404=ADVANCED_FACE('',(#6826),#34,.F.);
#7405=ADVANCED_FACE('',(#6827),#35,.F.);
#7406=ADVANCED_FACE('',(#6828),#7258,.F.);
#7407=ADVANCED_FACE('',(#6829),#7259,.F.);
#7408=ADVANCED_FACE('',(#6830),#7260,.F.);
#7409=ADVANCED_FACE('',(#6831),#36,.T.);
#7410=ADVANCED_FACE('',(#6832),#37,.T.);
#7411=ADVANCED_FACE('',(#6833),#38,.T.);
#7412=ADVANCED_FACE('',(#6834),#39,.F.);
#7413=ADVANCED_FACE('',(#6835),#40,.F.);
#7414=ADVANCED_FACE('',(#6836),#41,.F.);
#7415=ADVANCED_FACE('',(#6837),#7261,.F.);
#7416=ADVANCED_FACE('',(#6838),#7262,.F.);
#7417=ADVANCED_FACE('',(#6839),#7263,.F.);
#7418=ADVANCED_FACE('',(#6840),#42,.T.);
#7419=ADVANCED_FACE('',(#6841),#43,.T.);
#7420=ADVANCED_FACE('',(#6842),#44,.T.);
#7421=ADVANCED_FACE('',(#6843),#45,.F.);
#7422=ADVANCED_FACE('',(#6844),#46,.F.);
#7423=ADVANCED_FACE('',(#6845),#47,.F.);
#7424=ADVANCED_FACE('',(#6846),#7264,.F.);
#7425=ADVANCED_FACE('',(#6847),#7265,.F.);
#7426=ADVANCED_FACE('',(#6848),#7266,.F.);
#7427=ADVANCED_FACE('',(#6849),#48,.T.);
#7428=ADVANCED_FACE('',(#6850),#49,.T.);
#7429=ADVANCED_FACE('',(#6851),#50,.T.);
#7430=ADVANCED_FACE('',(#6852),#51,.F.);
#7431=ADVANCED_FACE('',(#6853),#52,.F.);
#7432=ADVANCED_FACE('',(#6854),#53,.F.);
#7433=ADVANCED_FACE('',(#6855),#7267,.F.);
#7434=ADVANCED_FACE('',(#6856),#7268,.F.);
#7435=ADVANCED_FACE('',(#6857),#7269,.F.);
#7436=ADVANCED_FACE('',(#6858),#54,.T.);
#7437=ADVANCED_FACE('',(#6859),#55,.T.);
#7438=ADVANCED_FACE('',(#6860),#56,.T.);
#7439=ADVANCED_FACE('',(#6861),#57,.F.);
#7440=ADVANCED_FACE('',(#6862),#58,.F.);
#7441=ADVANCED_FACE('',(#6863),#59,.F.);
#7442=ADVANCED_FACE('',(#6864),#7270,.F.);
#7443=ADVANCED_FACE('',(#6865),#7271,.F.);
#7444=ADVANCED_FACE('',(#6866),#7272,.F.);
#7445=ADVANCED_FACE('',(#6867),#60,.T.);
#7446=ADVANCED_FACE('',(#6868),#61,.T.);
#7447=ADVANCED_FACE('',(#6869),#62,.T.);
#7448=ADVANCED_FACE('',(#6870),#63,.F.);
#7449=ADVANCED_FACE('',(#6871),#64,.F.);
#7450=ADVANCED_FACE('',(#6872),#65,.F.);
#7451=ADVANCED_FACE('',(#6873),#7273,.F.);
#7452=ADVANCED_FACE('',(#6874),#7274,.F.);
#7453=ADVANCED_FACE('',(#6875),#7275,.F.);
#7454=ADVANCED_FACE('',(#6876),#66,.T.);
#7455=ADVANCED_FACE('',(#6877),#67,.T.);
#7456=ADVANCED_FACE('',(#6878),#68,.T.);
#7457=ADVANCED_FACE('',(#6879),#69,.F.);
#7458=ADVANCED_FACE('',(#6880),#70,.F.);
#7459=ADVANCED_FACE('',(#6881),#71,.F.);
#7460=ADVANCED_FACE('',(#6882),#7276,.F.);
#7461=ADVANCED_FACE('',(#6883),#7277,.F.);
#7462=ADVANCED_FACE('',(#6884),#7278,.F.);
#7463=ADVANCED_FACE('',(#6885),#72,.T.);
#7464=ADVANCED_FACE('',(#6886),#73,.T.);
#7465=ADVANCED_FACE('',(#6887),#74,.T.);
#7466=ADVANCED_FACE('',(#6888),#75,.F.);
#7467=ADVANCED_FACE('',(#6889),#76,.F.);
#7468=ADVANCED_FACE('',(#6890),#77,.F.);
#7469=ADVANCED_FACE('',(#6891),#7279,.F.);
#7470=ADVANCED_FACE('',(#6892),#7280,.F.);
#7471=ADVANCED_FACE('',(#6893),#7281,.F.);
#7472=ADVANCED_FACE('',(#6894),#78,.T.);
#7473=ADVANCED_FACE('',(#6895),#79,.T.);
#7474=ADVANCED_FACE('',(#6896),#80,.T.);
#7475=ADVANCED_FACE('',(#6897),#81,.F.);
#7476=ADVANCED_FACE('',(#6898),#82,.F.);
#7477=ADVANCED_FACE('',(#6899),#83,.F.);
#7478=ADVANCED_FACE('',(#6900),#7282,.F.);
#7479=ADVANCED_FACE('',(#6901),#7283,.F.);
#7480=ADVANCED_FACE('',(#6902),#7284,.F.);
#7481=ADVANCED_FACE('',(#6903),#84,.T.);
#7482=ADVANCED_FACE('',(#6904),#85,.T.);
#7483=ADVANCED_FACE('',(#6905),#86,.T.);
#7484=ADVANCED_FACE('',(#6906),#87,.F.);
#7485=ADVANCED_FACE('',(#6907),#88,.F.);
#7486=ADVANCED_FACE('',(#6908),#89,.F.);
#7487=ADVANCED_FACE('',(#6909),#7285,.F.);
#7488=ADVANCED_FACE('',(#6910),#7286,.F.);
#7489=ADVANCED_FACE('',(#6911),#7287,.F.);
#7490=ADVANCED_FACE('',(#6912),#90,.T.);
#7491=ADVANCED_FACE('',(#6913),#91,.T.);
#7492=ADVANCED_FACE('',(#6914),#92,.T.);
#7493=ADVANCED_FACE('',(#6915),#93,.F.);
#7494=ADVANCED_FACE('',(#6916),#94,.F.);
#7495=ADVANCED_FACE('',(#6917),#95,.F.);
#7496=ADVANCED_FACE('',(#6918),#7288,.F.);
#7497=ADVANCED_FACE('',(#6919),#7289,.F.);
#7498=ADVANCED_FACE('',(#6920),#7290,.F.);
#7499=ADVANCED_FACE('',(#6921),#96,.T.);
#7500=ADVANCED_FACE('',(#6922),#97,.T.);
#7501=ADVANCED_FACE('',(#6923),#98,.T.);
#7502=ADVANCED_FACE('',(#6924),#99,.F.);
#7503=ADVANCED_FACE('',(#6925),#100,.F.);
#7504=ADVANCED_FACE('',(#6926),#101,.F.);
#7505=ADVANCED_FACE('',(#6927,#6928,#6929,#6930,#6931,#6932,#6933,#6934,
#6935,#6936,#6937,#6938,#6939,#6940,#6941,#6942,#6943,#6944,#6945,#6946,
#6947,#6948,#6949,#6950,#6951,#6952,#6953,#6954,#6955,#6956,#6957,#6958,
#6959,#6960,#6961,#6962,#6963,#6964,#6965,#6966,#6967),#102,.T.);
#7506=ADVANCED_FACE('',(#6968,#6969,#6970,#6971,#6972,#6973,#6974,#6975,
#6976,#6977,#6978,#6979,#6980,#6981,#6982,#6983,#6984,#6985,#6986,#6987,
#6988,#6989,#6990,#6991,#6992,#6993,#6994,#6995,#6996,#6997,#6998,#6999,
#7000,#7001,#7002,#7003,#7004,#7005,#7006,#7007,#7008),#103,.F.);
#7507=ADVANCED_FACE('',(#7009),#7291,.F.);
#7508=ADVANCED_FACE('',(#7010),#7292,.F.);
#7509=ADVANCED_FACE('',(#7011),#7293,.F.);
#7510=ADVANCED_FACE('',(#7012),#104,.T.);
#7511=ADVANCED_FACE('',(#7013),#105,.F.);
#7512=ADVANCED_FACE('',(#7014),#106,.F.);
#7513=ADVANCED_FACE('',(#7015),#107,.T.);
#7514=ADVANCED_FACE('',(#7016),#108,.F.);
#7515=ADVANCED_FACE('',(#7017),#109,.T.);
#7516=ADVANCED_FACE('',(#7018),#7294,.F.);
#7517=ADVANCED_FACE('',(#7019),#7295,.F.);
#7518=ADVANCED_FACE('',(#7020),#7296,.F.);
#7519=ADVANCED_FACE('',(#7021),#110,.T.);
#7520=ADVANCED_FACE('',(#7022),#111,.F.);
#7521=ADVANCED_FACE('',(#7023),#112,.F.);
#7522=ADVANCED_FACE('',(#7024),#113,.T.);
#7523=ADVANCED_FACE('',(#7025),#114,.F.);
#7524=ADVANCED_FACE('',(#7026),#115,.T.);
#7525=ADVANCED_FACE('',(#7027),#7297,.F.);
#7526=ADVANCED_FACE('',(#7028),#7298,.F.);
#7527=ADVANCED_FACE('',(#7029),#7299,.F.);
#7528=ADVANCED_FACE('',(#7030),#116,.T.);
#7529=ADVANCED_FACE('',(#7031),#117,.F.);
#7530=ADVANCED_FACE('',(#7032),#118,.F.);
#7531=ADVANCED_FACE('',(#7033),#119,.T.);
#7532=ADVANCED_FACE('',(#7034),#120,.F.);
#7533=ADVANCED_FACE('',(#7035),#121,.T.);
#7534=ADVANCED_FACE('',(#7036),#7300,.F.);
#7535=ADVANCED_FACE('',(#7037),#7301,.F.);
#7536=ADVANCED_FACE('',(#7038),#7302,.F.);
#7537=ADVANCED_FACE('',(#7039),#122,.T.);
#7538=ADVANCED_FACE('',(#7040),#123,.F.);
#7539=ADVANCED_FACE('',(#7041),#124,.F.);
#7540=ADVANCED_FACE('',(#7042),#125,.T.);
#7541=ADVANCED_FACE('',(#7043),#126,.F.);
#7542=ADVANCED_FACE('',(#7044),#127,.T.);
#7543=ADVANCED_FACE('',(#7045),#7303,.F.);
#7544=ADVANCED_FACE('',(#7046),#7304,.F.);
#7545=ADVANCED_FACE('',(#7047),#7305,.F.);
#7546=ADVANCED_FACE('',(#7048),#128,.T.);
#7547=ADVANCED_FACE('',(#7049),#129,.F.);
#7548=ADVANCED_FACE('',(#7050),#130,.F.);
#7549=ADVANCED_FACE('',(#7051),#131,.T.);
#7550=ADVANCED_FACE('',(#7052),#132,.F.);
#7551=ADVANCED_FACE('',(#7053),#133,.T.);
#7552=ADVANCED_FACE('',(#7054),#7306,.F.);
#7553=ADVANCED_FACE('',(#7055),#7307,.F.);
#7554=ADVANCED_FACE('',(#7056),#7308,.F.);
#7555=ADVANCED_FACE('',(#7057),#134,.T.);
#7556=ADVANCED_FACE('',(#7058),#135,.F.);
#7557=ADVANCED_FACE('',(#7059),#136,.F.);
#7558=ADVANCED_FACE('',(#7060),#137,.T.);
#7559=ADVANCED_FACE('',(#7061),#138,.F.);
#7560=ADVANCED_FACE('',(#7062),#139,.T.);
#7561=ADVANCED_FACE('',(#7063),#7309,.F.);
#7562=ADVANCED_FACE('',(#7064),#7310,.F.);
#7563=ADVANCED_FACE('',(#7065),#7311,.F.);
#7564=ADVANCED_FACE('',(#7066),#140,.T.);
#7565=ADVANCED_FACE('',(#7067),#141,.F.);
#7566=ADVANCED_FACE('',(#7068),#142,.F.);
#7567=ADVANCED_FACE('',(#7069),#143,.T.);
#7568=ADVANCED_FACE('',(#7070),#144,.F.);
#7569=ADVANCED_FACE('',(#7071),#145,.T.);
#7570=ADVANCED_FACE('',(#7072),#7312,.F.);
#7571=ADVANCED_FACE('',(#7073),#7313,.F.);
#7572=ADVANCED_FACE('',(#7074),#7314,.F.);
#7573=ADVANCED_FACE('',(#7075),#146,.T.);
#7574=ADVANCED_FACE('',(#7076),#147,.F.);
#7575=ADVANCED_FACE('',(#7077),#148,.F.);
#7576=ADVANCED_FACE('',(#7078),#149,.T.);
#7577=ADVANCED_FACE('',(#7079),#150,.F.);
#7578=ADVANCED_FACE('',(#7080),#151,.T.);
#7579=ADVANCED_FACE('',(#7081),#7315,.F.);
#7580=ADVANCED_FACE('',(#7082),#7316,.F.);
#7581=ADVANCED_FACE('',(#7083),#7317,.F.);
#7582=ADVANCED_FACE('',(#7084),#152,.T.);
#7583=ADVANCED_FACE('',(#7085),#153,.F.);
#7584=ADVANCED_FACE('',(#7086),#154,.F.);
#7585=ADVANCED_FACE('',(#7087),#155,.T.);
#7586=ADVANCED_FACE('',(#7088),#156,.F.);
#7587=ADVANCED_FACE('',(#7089),#157,.T.);
#7588=ADVANCED_FACE('',(#7090),#7318,.F.);
#7589=ADVANCED_FACE('',(#7091),#7319,.F.);
#7590=ADVANCED_FACE('',(#7092),#7320,.F.);
#7591=ADVANCED_FACE('',(#7093),#158,.T.);
#7592=ADVANCED_FACE('',(#7094),#159,.F.);
#7593=ADVANCED_FACE('',(#7095),#160,.F.);
#7594=ADVANCED_FACE('',(#7096),#161,.T.);
#7595=ADVANCED_FACE('',(#7097),#162,.F.);
#7596=ADVANCED_FACE('',(#7098),#163,.T.);
#7597=ADVANCED_FACE('',(#7099),#7321,.F.);
#7598=ADVANCED_FACE('',(#7100),#7322,.F.);
#7599=ADVANCED_FACE('',(#7101),#7323,.F.);
#7600=ADVANCED_FACE('',(#7102),#164,.T.);
#7601=ADVANCED_FACE('',(#7103),#165,.F.);
#7602=ADVANCED_FACE('',(#7104),#166,.F.);
#7603=ADVANCED_FACE('',(#7105),#167,.T.);
#7604=ADVANCED_FACE('',(#7106),#168,.F.);
#7605=ADVANCED_FACE('',(#7107),#169,.T.);
#7606=ADVANCED_FACE('',(#7108),#7324,.F.);
#7607=ADVANCED_FACE('',(#7109),#7325,.F.);
#7608=ADVANCED_FACE('',(#7110),#7326,.F.);
#7609=ADVANCED_FACE('',(#7111),#170,.T.);
#7610=ADVANCED_FACE('',(#7112),#171,.F.);
#7611=ADVANCED_FACE('',(#7113),#172,.F.);
#7612=ADVANCED_FACE('',(#7114),#173,.T.);
#7613=ADVANCED_FACE('',(#7115),#174,.F.);
#7614=ADVANCED_FACE('',(#7116),#175,.T.);
#7615=ADVANCED_FACE('',(#7117),#7327,.F.);
#7616=ADVANCED_FACE('',(#7118),#7328,.F.);
#7617=ADVANCED_FACE('',(#7119),#7329,.F.);
#7618=ADVANCED_FACE('',(#7120),#176,.T.);
#7619=ADVANCED_FACE('',(#7121),#177,.F.);
#7620=ADVANCED_FACE('',(#7122),#178,.F.);
#7621=ADVANCED_FACE('',(#7123),#179,.T.);
#7622=ADVANCED_FACE('',(#7124),#180,.F.);
#7623=ADVANCED_FACE('',(#7125),#181,.T.);
#7624=ADVANCED_FACE('',(#7126),#7330,.F.);
#7625=ADVANCED_FACE('',(#7127),#7331,.F.);
#7626=ADVANCED_FACE('',(#7128),#7332,.F.);
#7627=ADVANCED_FACE('',(#7129),#182,.T.);
#7628=ADVANCED_FACE('',(#7130),#183,.F.);
#7629=ADVANCED_FACE('',(#7131),#184,.F.);
#7630=ADVANCED_FACE('',(#7132),#185,.T.);
#7631=ADVANCED_FACE('',(#7133),#186,.F.);
#7632=ADVANCED_FACE('',(#7134),#187,.T.);
#7633=ADVANCED_FACE('',(#7135),#7333,.F.);
#7634=ADVANCED_FACE('',(#7136),#7334,.F.);
#7635=ADVANCED_FACE('',(#7137),#7335,.F.);
#7636=ADVANCED_FACE('',(#7138),#188,.T.);
#7637=ADVANCED_FACE('',(#7139),#189,.F.);
#7638=ADVANCED_FACE('',(#7140),#190,.F.);
#7639=ADVANCED_FACE('',(#7141),#191,.T.);
#7640=ADVANCED_FACE('',(#7142),#192,.F.);
#7641=ADVANCED_FACE('',(#7143),#193,.T.);
#7642=ADVANCED_FACE('',(#7144),#7336,.F.);
#7643=ADVANCED_FACE('',(#7145),#7337,.F.);
#7644=ADVANCED_FACE('',(#7146),#7338,.F.);
#7645=ADVANCED_FACE('',(#7147),#194,.T.);
#7646=ADVANCED_FACE('',(#7148),#195,.F.);
#7647=ADVANCED_FACE('',(#7149),#196,.F.);
#7648=ADVANCED_FACE('',(#7150),#197,.T.);
#7649=ADVANCED_FACE('',(#7151),#198,.F.);
#7650=ADVANCED_FACE('',(#7152),#199,.T.);
#7651=ADVANCED_FACE('',(#7153),#7339,.F.);
#7652=ADVANCED_FACE('',(#7154),#7340,.F.);
#7653=ADVANCED_FACE('',(#7155),#7341,.F.);
#7654=ADVANCED_FACE('',(#7156),#200,.T.);
#7655=ADVANCED_FACE('',(#7157),#201,.F.);
#7656=ADVANCED_FACE('',(#7158),#202,.F.);
#7657=ADVANCED_FACE('',(#7159),#203,.T.);
#7658=ADVANCED_FACE('',(#7160),#204,.F.);
#7659=ADVANCED_FACE('',(#7161),#205,.T.);
#7660=ADVANCED_FACE('',(#7162),#7342,.F.);
#7661=ADVANCED_FACE('',(#7163),#7343,.F.);
#7662=ADVANCED_FACE('',(#7164),#7344,.F.);
#7663=ADVANCED_FACE('',(#7165),#206,.T.);
#7664=ADVANCED_FACE('',(#7166),#207,.F.);
#7665=ADVANCED_FACE('',(#7167),#208,.F.);
#7666=ADVANCED_FACE('',(#7168),#209,.T.);
#7667=ADVANCED_FACE('',(#7169),#210,.F.);
#7668=ADVANCED_FACE('',(#7170),#211,.T.);
#7669=ADVANCED_FACE('',(#7171),#7345,.F.);
#7670=ADVANCED_FACE('',(#7172),#7346,.F.);
#7671=ADVANCED_FACE('',(#7173),#7347,.F.);
#7672=ADVANCED_FACE('',(#7174),#212,.T.);
#7673=ADVANCED_FACE('',(#7175),#213,.F.);
#7674=ADVANCED_FACE('',(#7176),#214,.F.);
#7675=ADVANCED_FACE('',(#7177),#215,.T.);
#7676=ADVANCED_FACE('',(#7178),#216,.F.);
#7677=ADVANCED_FACE('',(#7179),#217,.T.);
#7678=ADVANCED_FACE('',(#7180),#7348,.F.);
#7679=ADVANCED_FACE('',(#7181),#7349,.F.);
#7680=ADVANCED_FACE('',(#7182),#7350,.F.);
#7681=ADVANCED_FACE('',(#7183),#218,.T.);
#7682=ADVANCED_FACE('',(#7184),#219,.F.);
#7683=ADVANCED_FACE('',(#7185),#220,.F.);
#7684=ADVANCED_FACE('',(#7186),#221,.T.);
#7685=ADVANCED_FACE('',(#7187),#222,.F.);
#7686=ADVANCED_FACE('',(#7188),#223,.T.);
#7687=ADVANCED_FACE('',(#7189),#7351,.F.);
#7688=ADVANCED_FACE('',(#7190),#7352,.F.);
#7689=ADVANCED_FACE('',(#7191),#7353,.F.);
#7690=ADVANCED_FACE('',(#7192),#224,.T.);
#7691=ADVANCED_FACE('',(#7193),#225,.F.);
#7692=ADVANCED_FACE('',(#7194),#226,.F.);
#7693=ADVANCED_FACE('',(#7195),#227,.T.);
#7694=ADVANCED_FACE('',(#7196),#228,.F.);
#7695=ADVANCED_FACE('',(#7197),#229,.T.);
#7696=ADVANCED_FACE('',(#7198),#7354,.F.);
#7697=ADVANCED_FACE('',(#7199),#7355,.F.);
#7698=ADVANCED_FACE('',(#7200),#7356,.F.);
#7699=ADVANCED_FACE('',(#7201),#230,.T.);
#7700=ADVANCED_FACE('',(#7202),#231,.F.);
#7701=ADVANCED_FACE('',(#7203),#232,.F.);
#7702=ADVANCED_FACE('',(#7204),#233,.T.);
#7703=ADVANCED_FACE('',(#7205),#234,.F.);
#7704=ADVANCED_FACE('',(#7206),#235,.T.);
#7705=ADVANCED_FACE('',(#7207),#7357,.F.);
#7706=ADVANCED_FACE('',(#7208),#7358,.F.);
#7707=ADVANCED_FACE('',(#7209),#7359,.F.);
#7708=ADVANCED_FACE('',(#7210),#236,.T.);
#7709=ADVANCED_FACE('',(#7211),#237,.F.);
#7710=ADVANCED_FACE('',(#7212),#238,.F.);
#7711=ADVANCED_FACE('',(#7213),#239,.T.);
#7712=ADVANCED_FACE('',(#7214),#240,.F.);
#7713=ADVANCED_FACE('',(#7215),#241,.T.);
#7714=ADVANCED_FACE('',(#7216),#242,.F.);
#7715=ADVANCED_FACE('',(#7217),#243,.T.);
#7716=ADVANCED_FACE('',(#7218),#244,.F.);
#7717=ADVANCED_FACE('',(#7219),#245,.F.);
#7718=ADVANCED_FACE('',(#7220),#246,.T.);
#7719=ADVANCED_FACE('',(#7221),#7360,.T.);
#7720=ADVANCED_FACE('',(#7222),#7361,.T.);
#7721=ADVANCED_FACE('',(#7223),#7362,.T.);
#7722=ADVANCED_FACE('',(#7224),#7363,.T.);
#7723=ADVANCED_FACE('',(#7225),#247,.T.);
#7724=ADVANCED_FACE('',(#7226),#248,.T.);
#7725=ADVANCED_FACE('',(#7227),#249,.F.);
#7726=ADVANCED_FACE('',(#7228),#250,.T.);
#7727=ADVANCED_FACE('',(#7229),#251,.F.);
#7728=ADVANCED_FACE('',(#7230),#7364,.F.);
#7729=ADVANCED_FACE('',(#7231),#252,.T.);
#7730=ADVANCED_FACE('',(#7232),#253,.F.);
#7731=ADVANCED_FACE('',(#7233),#7365,.F.);
#7732=ADVANCED_FACE('',(#7234),#254,.T.);
#7733=ADVANCED_FACE('',(#7235),#255,.F.);
#7734=ADVANCED_FACE('',(#7236),#7366,.F.);
#7735=ADVANCED_FACE('',(#7237),#256,.F.);
#7736=ADVANCED_FACE('',(#7238),#257,.F.);
#7737=ADVANCED_FACE('',(#7239),#7367,.F.);
#7738=ADVANCED_FACE('',(#7240),#258,.T.);
#7739=ADVANCED_FACE('',(#7241),#259,.F.);
#7740=ADVANCED_FACE('',(#7242),#7368,.F.);
#7741=ADVANCED_FACE('',(#7243),#260,.T.);
#7742=ADVANCED_FACE('',(#7244),#261,.T.);
#7743=ADVANCED_FACE('',(#7245),#7369,.F.);
#7744=CLOSED_SHELL('',(#7370,#7371,#7372,#7373,#7374,#7375,#7376,#7377,
#7378,#7379,#7380,#7381,#7382,#7383,#7384,#7385,#7386,#7387,#7388,#7389,
#7390,#7391,#7392,#7393,#7394,#7395,#7396,#7397,#7398,#7399,#7400,#7401,
#7402,#7403,#7404,#7405,#7406,#7407,#7408,#7409,#7410,#7411,#7412,#7413,
#7414,#7415,#7416,#7417,#7418,#7419,#7420,#7421,#7422,#7423,#7424,#7425,
#7426,#7427,#7428,#7429,#7430,#7431,#7432,#7433,#7434,#7435,#7436,#7437,
#7438,#7439,#7440,#7441,#7442,#7443,#7444,#7445,#7446,#7447,#7448,#7449,
#7450,#7451,#7452,#7453,#7454,#7455,#7456,#7457,#7458,#7459,#7460,#7461,
#7462,#7463,#7464,#7465,#7466,#7467,#7468,#7469,#7470,#7471,#7472,#7473,
#7474,#7475,#7476,#7477,#7478,#7479,#7480,#7481,#7482,#7483,#7484,#7485,
#7486,#7487,#7488,#7489,#7490,#7491,#7492,#7493,#7494,#7495,#7496,#7497,
#7498,#7499,#7500,#7501,#7502,#7503,#7504,#7505,#7506,#7507,#7508,#7509,
#7510,#7511,#7512,#7513,#7514,#7515,#7516,#7517,#7518,#7519,#7520,#7521,
#7522,#7523,#7524,#7525,#7526,#7527,#7528,#7529,#7530,#7531,#7532,#7533,
#7534,#7535,#7536,#7537,#7538,#7539,#7540,#7541,#7542,#7543,#7544,#7545,
#7546,#7547,#7548,#7549,#7550,#7551,#7552,#7553,#7554,#7555,#7556,#7557,
#7558,#7559,#7560,#7561,#7562,#7563,#7564,#7565,#7566,#7567,#7568,#7569,
#7570,#7571,#7572,#7573,#7574,#7575,#7576,#7577,#7578,#7579,#7580,#7581,
#7582,#7583,#7584,#7585,#7586,#7587,#7588,#7589,#7590,#7591,#7592,#7593,
#7594,#7595,#7596,#7597,#7598,#7599,#7600,#7601,#7602,#7603,#7604,#7605,
#7606,#7607,#7608,#7609,#7610,#7611,#7612,#7613,#7614,#7615,#7616,#7617,
#7618,#7619,#7620,#7621,#7622,#7623,#7624,#7625,#7626,#7627,#7628,#7629,
#7630,#7631,#7632,#7633,#7634,#7635,#7636,#7637,#7638,#7639,#7640,#7641,
#7642,#7643,#7644,#7645,#7646,#7647,#7648,#7649,#7650,#7651,#7652,#7653,
#7654,#7655,#7656,#7657,#7658,#7659,#7660,#7661,#7662,#7663,#7664,#7665,
#7666,#7667,#7668,#7669,#7670,#7671,#7672,#7673,#7674,#7675,#7676,#7677,
#7678,#7679,#7680,#7681,#7682,#7683,#7684,#7685,#7686,#7687,#7688,#7689,
#7690,#7691,#7692,#7693,#7694,#7695,#7696,#7697,#7698,#7699,#7700,#7701,
#7702,#7703,#7704,#7705,#7706,#7707,#7708,#7709,#7710,#7711,#7712,#7713,
#7714,#7715,#7716,#7717,#7718,#7719,#7720,#7721,#7722,#7723,#7724,#7725,
#7726,#7727,#7728,#7729,#7730,#7731,#7732,#7733,#7734,#7735,#7736,#7737,
#7738,#7739,#7740,#7741,#7742,#7743));
#7745=STYLED_ITEM('',(#7746),#7753);
#7746=PRESENTATION_STYLE_ASSIGNMENT((#7747));
#7747=SURFACE_STYLE_USAGE(.BOTH.,#7748);
#7748=SURFACE_SIDE_STYLE('',(#7749));
#7749=SURFACE_STYLE_FILL_AREA(#7750);
#7750=FILL_AREA_STYLE('',(#7751));
#7751=FILL_AREA_STYLE_COLOUR('',#7752);
#7752=COLOUR_RGB('',0.615686274509804,0.811764705882353,0.929411764705882);
#7753=MANIFOLD_SOLID_BREP('Part 1',#7744);
#7754=SHAPE_DEFINITION_REPRESENTATION(#12734,#7755);
#7755=SHAPE_REPRESENTATION('Part 1',(#7756),#12729);
#7756=AXIS2_PLACEMENT_3D('',#10493,#8379,#8380);
#7757=AXIS2_PLACEMENT_3D('',#10494,#8381,#8382);
#7758=AXIS2_PLACEMENT_3D('',#10495,#8383,#8384);
#7759=AXIS2_PLACEMENT_3D('',#10500,#8386,#8387);
#7760=AXIS2_PLACEMENT_3D('',#10503,#8389,#8390);
#7761=AXIS2_PLACEMENT_3D('',#10504,#8391,#8392);
#7762=AXIS2_PLACEMENT_3D('',#10509,#8394,#8395);
#7763=AXIS2_PLACEMENT_3D('',#10512,#8397,#8398);
#7764=AXIS2_PLACEMENT_3D('',#10513,#8399,#8400);
#7765=AXIS2_PLACEMENT_3D('',#10518,#8402,#8403);
#7766=AXIS2_PLACEMENT_3D('',#10521,#8405,#8406);
#7767=AXIS2_PLACEMENT_3D('',#10527,#8410,#8411);
#7768=AXIS2_PLACEMENT_3D('',#10530,#8414,#8415);
#7769=AXIS2_PLACEMENT_3D('',#10536,#8419,#8420);
#7770=AXIS2_PLACEMENT_3D('',#10539,#8423,#8424);
#7771=AXIS2_PLACEMENT_3D('',#10545,#8428,#8429);
#7772=AXIS2_PLACEMENT_3D('',#10548,#8432,#8433);
#7773=AXIS2_PLACEMENT_3D('',#10549,#8434,#8435);
#7774=AXIS2_PLACEMENT_3D('',#10554,#8437,#8438);
#7775=AXIS2_PLACEMENT_3D('',#10557,#8440,#8441);
#7776=AXIS2_PLACEMENT_3D('',#10558,#8442,#8443);
#7777=AXIS2_PLACEMENT_3D('',#10563,#8445,#8446);
#7778=AXIS2_PLACEMENT_3D('',#10566,#8448,#8449);
#7779=AXIS2_PLACEMENT_3D('',#10567,#8450,#8451);
#7780=AXIS2_PLACEMENT_3D('',#10572,#8453,#8454);
#7781=AXIS2_PLACEMENT_3D('',#10575,#8456,#8457);
#7782=AXIS2_PLACEMENT_3D('',#10581,#8461,#8462);
#7783=AXIS2_PLACEMENT_3D('',#10584,#8465,#8466);
#7784=AXIS2_PLACEMENT_3D('',#10590,#8470,#8471);
#7785=AXIS2_PLACEMENT_3D('',#10593,#8474,#8475);
#7786=AXIS2_PLACEMENT_3D('',#10599,#8479,#8480);
#7787=AXIS2_PLACEMENT_3D('',#10602,#8483,#8484);
#7788=AXIS2_PLACEMENT_3D('',#10603,#8485,#8486);
#7789=AXIS2_PLACEMENT_3D('',#10608,#8488,#8489);
#7790=AXIS2_PLACEMENT_3D('',#10611,#8491,#8492);
#7791=AXIS2_PLACEMENT_3D('',#10612,#8493,#8494);
#7792=AXIS2_PLACEMENT_3D('',#10617,#8496,#8497);
#7793=AXIS2_PLACEMENT_3D('',#10620,#8499,#8500);
#7794=AXIS2_PLACEMENT_3D('',#10621,#8501,#8502);
#7795=AXIS2_PLACEMENT_3D('',#10626,#8504,#8505);
#7796=AXIS2_PLACEMENT_3D('',#10629,#8507,#8508);
#7797=AXIS2_PLACEMENT_3D('',#10635,#8512,#8513);
#7798=AXIS2_PLACEMENT_3D('',#10638,#8516,#8517);
#7799=AXIS2_PLACEMENT_3D('',#10644,#8521,#8522);
#7800=AXIS2_PLACEMENT_3D('',#10647,#8525,#8526);
#7801=AXIS2_PLACEMENT_3D('',#10653,#8530,#8531);
#7802=AXIS2_PLACEMENT_3D('',#10656,#8534,#8535);
#7803=AXIS2_PLACEMENT_3D('',#10657,#8536,#8537);
#7804=AXIS2_PLACEMENT_3D('',#10662,#8539,#8540);
#7805=AXIS2_PLACEMENT_3D('',#10665,#8542,#8543);
#7806=AXIS2_PLACEMENT_3D('',#10666,#8544,#8545);
#7807=AXIS2_PLACEMENT_3D('',#10671,#8547,#8548);
#7808=AXIS2_PLACEMENT_3D('',#10674,#8550,#8551);
#7809=AXIS2_PLACEMENT_3D('',#10675,#8552,#8553);
#7810=AXIS2_PLACEMENT_3D('',#10680,#8555,#8556);
#7811=AXIS2_PLACEMENT_3D('',#10683,#8558,#8559);
#7812=AXIS2_PLACEMENT_3D('',#10689,#8563,#8564);
#7813=AXIS2_PLACEMENT_3D('',#10692,#8567,#8568);
#7814=AXIS2_PLACEMENT_3D('',#10698,#8572,#8573);
#7815=AXIS2_PLACEMENT_3D('',#10701,#8576,#8577);
#7816=AXIS2_PLACEMENT_3D('',#10707,#8581,#8582);
#7817=AXIS2_PLACEMENT_3D('',#10710,#8585,#8586);
#7818=AXIS2_PLACEMENT_3D('',#10711,#8587,#8588);
#7819=AXIS2_PLACEMENT_3D('',#10716,#8590,#8591);
#7820=AXIS2_PLACEMENT_3D('',#10719,#8593,#8594);
#7821=AXIS2_PLACEMENT_3D('',#10720,#8595,#8596);
#7822=AXIS2_PLACEMENT_3D('',#10725,#8598,#8599);
#7823=AXIS2_PLACEMENT_3D('',#10728,#8601,#8602);
#7824=AXIS2_PLACEMENT_3D('',#10729,#8603,#8604);
#7825=AXIS2_PLACEMENT_3D('',#10734,#8606,#8607);
#7826=AXIS2_PLACEMENT_3D('',#10737,#8609,#8610);
#7827=AXIS2_PLACEMENT_3D('',#10743,#8614,#8615);
#7828=AXIS2_PLACEMENT_3D('',#10746,#8618,#8619);
#7829=AXIS2_PLACEMENT_3D('',#10752,#8623,#8624);
#7830=AXIS2_PLACEMENT_3D('',#10755,#8627,#8628);
#7831=AXIS2_PLACEMENT_3D('',#10761,#8632,#8633);
#7832=AXIS2_PLACEMENT_3D('',#10764,#8636,#8637);
#7833=AXIS2_PLACEMENT_3D('',#10765,#8638,#8639);
#7834=AXIS2_PLACEMENT_3D('',#10770,#8641,#8642);
#7835=AXIS2_PLACEMENT_3D('',#10773,#8644,#8645);
#7836=AXIS2_PLACEMENT_3D('',#10774,#8646,#8647);
#7837=AXIS2_PLACEMENT_3D('',#10779,#8649,#8650);
#7838=AXIS2_PLACEMENT_3D('',#10782,#8652,#8653);
#7839=AXIS2_PLACEMENT_3D('',#10783,#8654,#8655);
#7840=AXIS2_PLACEMENT_3D('',#10788,#8657,#8658);
#7841=AXIS2_PLACEMENT_3D('',#10791,#8660,#8661);
#7842=AXIS2_PLACEMENT_3D('',#10797,#8665,#8666);
#7843=AXIS2_PLACEMENT_3D('',#10800,#8669,#8670);
#7844=AXIS2_PLACEMENT_3D('',#10806,#8674,#8675);
#7845=AXIS2_PLACEMENT_3D('',#10809,#8678,#8679);
#7846=AXIS2_PLACEMENT_3D('',#10815,#8683,#8684);
#7847=AXIS2_PLACEMENT_3D('',#10818,#8687,#8688);
#7848=AXIS2_PLACEMENT_3D('',#10819,#8689,#8690);
#7849=AXIS2_PLACEMENT_3D('',#10824,#8692,#8693);
#7850=AXIS2_PLACEMENT_3D('',#10827,#8695,#8696);
#7851=AXIS2_PLACEMENT_3D('',#10828,#8697,#8698);
#7852=AXIS2_PLACEMENT_3D('',#10833,#8700,#8701);
#7853=AXIS2_PLACEMENT_3D('',#10836,#8703,#8704);
#7854=AXIS2_PLACEMENT_3D('',#10837,#8705,#8706);
#7855=AXIS2_PLACEMENT_3D('',#10842,#8708,#8709);
#7856=AXIS2_PLACEMENT_3D('',#10845,#8711,#8712);
#7857=AXIS2_PLACEMENT_3D('',#10851,#8716,#8717);
#7858=AXIS2_PLACEMENT_3D('',#10854,#8720,#8721);
#7859=AXIS2_PLACEMENT_3D('',#10860,#8725,#8726);
#7860=AXIS2_PLACEMENT_3D('',#10863,#8729,#8730);
#7861=AXIS2_PLACEMENT_3D('',#10869,#8734,#8735);
#7862=AXIS2_PLACEMENT_3D('',#10872,#8738,#8739);
#7863=AXIS2_PLACEMENT_3D('',#10873,#8740,#8741);
#7864=AXIS2_PLACEMENT_3D('',#10878,#8743,#8744);
#7865=AXIS2_PLACEMENT_3D('',#10881,#8746,#8747);
#7866=AXIS2_PLACEMENT_3D('',#10882,#8748,#8749);
#7867=AXIS2_PLACEMENT_3D('',#10887,#8751,#8752);
#7868=AXIS2_PLACEMENT_3D('',#10890,#8754,#8755);
#7869=AXIS2_PLACEMENT_3D('',#10891,#8756,#8757);
#7870=AXIS2_PLACEMENT_3D('',#10896,#8759,#8760);
#7871=AXIS2_PLACEMENT_3D('',#10899,#8762,#8763);
#7872=AXIS2_PLACEMENT_3D('',#10905,#8767,#8768);
#7873=AXIS2_PLACEMENT_3D('',#10908,#8771,#8772);
#7874=AXIS2_PLACEMENT_3D('',#10914,#8776,#8777);
#7875=AXIS2_PLACEMENT_3D('',#10917,#8780,#8781);
#7876=AXIS2_PLACEMENT_3D('',#10923,#8785,#8786);
#7877=AXIS2_PLACEMENT_3D('',#10926,#8789,#8790);
#7878=AXIS2_PLACEMENT_3D('',#10927,#8791,#8792);
#7879=AXIS2_PLACEMENT_3D('',#10932,#8794,#8795);
#7880=AXIS2_PLACEMENT_3D('',#10935,#8797,#8798);
#7881=AXIS2_PLACEMENT_3D('',#10936,#8799,#8800);
#7882=AXIS2_PLACEMENT_3D('',#10941,#8802,#8803);
#7883=AXIS2_PLACEMENT_3D('',#10944,#8805,#8806);
#7884=AXIS2_PLACEMENT_3D('',#10945,#8807,#8808);
#7885=AXIS2_PLACEMENT_3D('',#10950,#8810,#8811);
#7886=AXIS2_PLACEMENT_3D('',#10953,#8813,#8814);
#7887=AXIS2_PLACEMENT_3D('',#10959,#8818,#8819);
#7888=AXIS2_PLACEMENT_3D('',#10962,#8822,#8823);
#7889=AXIS2_PLACEMENT_3D('',#10968,#8827,#8828);
#7890=AXIS2_PLACEMENT_3D('',#10971,#8831,#8832);
#7891=AXIS2_PLACEMENT_3D('',#10977,#8836,#8837);
#7892=AXIS2_PLACEMENT_3D('',#10980,#8840,#8841);
#7893=AXIS2_PLACEMENT_3D('',#10981,#8842,#8843);
#7894=AXIS2_PLACEMENT_3D('',#10986,#8845,#8846);
#7895=AXIS2_PLACEMENT_3D('',#10989,#8848,#8849);
#7896=AXIS2_PLACEMENT_3D('',#10990,#8850,#8851);
#7897=AXIS2_PLACEMENT_3D('',#10995,#8853,#8854);
#7898=AXIS2_PLACEMENT_3D('',#10998,#8856,#8857);
#7899=AXIS2_PLACEMENT_3D('',#10999,#8858,#8859);
#7900=AXIS2_PLACEMENT_3D('',#11004,#8861,#8862);
#7901=AXIS2_PLACEMENT_3D('',#11007,#8864,#8865);
#7902=AXIS2_PLACEMENT_3D('',#11013,#8869,#8870);
#7903=AXIS2_PLACEMENT_3D('',#11016,#8873,#8874);
#7904=AXIS2_PLACEMENT_3D('',#11022,#8878,#8879);
#7905=AXIS2_PLACEMENT_3D('',#11025,#8882,#8883);
#7906=AXIS2_PLACEMENT_3D('',#11031,#8887,#8888);
#7907=AXIS2_PLACEMENT_3D('',#11034,#8891,#8892);
#7908=AXIS2_PLACEMENT_3D('',#11035,#8893,#8894);
#7909=AXIS2_PLACEMENT_3D('',#11040,#8896,#8897);
#7910=AXIS2_PLACEMENT_3D('',#11043,#8899,#8900);
#7911=AXIS2_PLACEMENT_3D('',#11044,#8901,#8902);
#7912=AXIS2_PLACEMENT_3D('',#11049,#8904,#8905);
#7913=AXIS2_PLACEMENT_3D('',#11052,#8907,#8908);
#7914=AXIS2_PLACEMENT_3D('',#11053,#8909,#8910);
#7915=AXIS2_PLACEMENT_3D('',#11058,#8912,#8913);
#7916=AXIS2_PLACEMENT_3D('',#11061,#8915,#8916);
#7917=AXIS2_PLACEMENT_3D('',#11067,#8920,#8921);
#7918=AXIS2_PLACEMENT_3D('',#11070,#8924,#8925);
#7919=AXIS2_PLACEMENT_3D('',#11076,#8929,#8930);
#7920=AXIS2_PLACEMENT_3D('',#11079,#8933,#8934);
#7921=AXIS2_PLACEMENT_3D('',#11085,#8938,#8939);
#7922=AXIS2_PLACEMENT_3D('',#11088,#8942,#8943);
#7923=AXIS2_PLACEMENT_3D('',#11089,#8944,#8945);
#7924=AXIS2_PLACEMENT_3D('',#11094,#8947,#8948);
#7925=AXIS2_PLACEMENT_3D('',#11097,#8950,#8951);
#7926=AXIS2_PLACEMENT_3D('',#11098,#8952,#8953);
#7927=AXIS2_PLACEMENT_3D('',#11103,#8955,#8956);
#7928=AXIS2_PLACEMENT_3D('',#11106,#8958,#8959);
#7929=AXIS2_PLACEMENT_3D('',#11107,#8960,#8961);
#7930=AXIS2_PLACEMENT_3D('',#11112,#8963,#8964);
#7931=AXIS2_PLACEMENT_3D('',#11115,#8966,#8967);
#7932=AXIS2_PLACEMENT_3D('',#11121,#8971,#8972);
#7933=AXIS2_PLACEMENT_3D('',#11124,#8975,#8976);
#7934=AXIS2_PLACEMENT_3D('',#11130,#8980,#8981);
#7935=AXIS2_PLACEMENT_3D('',#11133,#8984,#8985);
#7936=AXIS2_PLACEMENT_3D('',#11139,#8989,#8990);
#7937=AXIS2_PLACEMENT_3D('',#11142,#8993,#8994);
#7938=AXIS2_PLACEMENT_3D('',#11143,#8995,#8996);
#7939=AXIS2_PLACEMENT_3D('',#11148,#8998,#8999);
#7940=AXIS2_PLACEMENT_3D('',#11151,#9001,#9002);
#7941=AXIS2_PLACEMENT_3D('',#11152,#9003,#9004);
#7942=AXIS2_PLACEMENT_3D('',#11157,#9006,#9007);
#7943=AXIS2_PLACEMENT_3D('',#11160,#9009,#9010);
#7944=AXIS2_PLACEMENT_3D('',#11161,#9011,#9012);
#7945=AXIS2_PLACEMENT_3D('',#11166,#9014,#9015);
#7946=AXIS2_PLACEMENT_3D('',#11169,#9017,#9018);
#7947=AXIS2_PLACEMENT_3D('',#11175,#9022,#9023);
#7948=AXIS2_PLACEMENT_3D('',#11178,#9026,#9027);
#7949=AXIS2_PLACEMENT_3D('',#11184,#9031,#9032);
#7950=AXIS2_PLACEMENT_3D('',#11187,#9035,#9036);
#7951=AXIS2_PLACEMENT_3D('',#11193,#9040,#9041);
#7952=AXIS2_PLACEMENT_3D('',#11196,#9044,#9045);
#7953=AXIS2_PLACEMENT_3D('',#11197,#9046,#9047);
#7954=AXIS2_PLACEMENT_3D('',#11202,#9049,#9050);
#7955=AXIS2_PLACEMENT_3D('',#11205,#9052,#9053);
#7956=AXIS2_PLACEMENT_3D('',#11206,#9054,#9055);
#7957=AXIS2_PLACEMENT_3D('',#11211,#9057,#9058);
#7958=AXIS2_PLACEMENT_3D('',#11214,#9060,#9061);
#7959=AXIS2_PLACEMENT_3D('',#11215,#9062,#9063);
#7960=AXIS2_PLACEMENT_3D('',#11220,#9065,#9066);
#7961=AXIS2_PLACEMENT_3D('',#11223,#9068,#9069);
#7962=AXIS2_PLACEMENT_3D('',#11229,#9073,#9074);
#7963=AXIS2_PLACEMENT_3D('',#11232,#9077,#9078);
#7964=AXIS2_PLACEMENT_3D('',#11238,#9082,#9083);
#7965=AXIS2_PLACEMENT_3D('',#11241,#9086,#9087);
#7966=AXIS2_PLACEMENT_3D('',#11247,#9091,#9092);
#7967=AXIS2_PLACEMENT_3D('',#11250,#9095,#9096);
#7968=AXIS2_PLACEMENT_3D('',#11251,#9097,#9098);
#7969=AXIS2_PLACEMENT_3D('',#11256,#9100,#9101);
#7970=AXIS2_PLACEMENT_3D('',#11259,#9103,#9104);
#7971=AXIS2_PLACEMENT_3D('',#11260,#9105,#9106);
#7972=AXIS2_PLACEMENT_3D('',#11265,#9108,#9109);
#7973=AXIS2_PLACEMENT_3D('',#11268,#9111,#9112);
#7974=AXIS2_PLACEMENT_3D('',#11269,#9113,#9114);
#7975=AXIS2_PLACEMENT_3D('',#11274,#9116,#9117);
#7976=AXIS2_PLACEMENT_3D('',#11277,#9119,#9120);
#7977=AXIS2_PLACEMENT_3D('',#11283,#9124,#9125);
#7978=AXIS2_PLACEMENT_3D('',#11286,#9128,#9129);
#7979=AXIS2_PLACEMENT_3D('',#11292,#9133,#9134);
#7980=AXIS2_PLACEMENT_3D('',#11295,#9137,#9138);
#7981=AXIS2_PLACEMENT_3D('',#11301,#9142,#9143);
#7982=AXIS2_PLACEMENT_3D('',#11304,#9146,#9147);
#7983=AXIS2_PLACEMENT_3D('',#11312,#9151,#9152);
#7984=AXIS2_PLACEMENT_3D('',#11316,#9154,#9155);
#7985=AXIS2_PLACEMENT_3D('',#11320,#9157,#9158);
#7986=AXIS2_PLACEMENT_3D('',#11324,#9160,#9161);
#7987=AXIS2_PLACEMENT_3D('',#11334,#9166,#9167);
#7988=AXIS2_PLACEMENT_3D('',#11340,#9170,#9171);
#7989=AXIS2_PLACEMENT_3D('',#11346,#9174,#9175);
#7990=AXIS2_PLACEMENT_3D('',#11352,#9178,#9179);
#7991=AXIS2_PLACEMENT_3D('',#11358,#9182,#9183);
#7992=AXIS2_PLACEMENT_3D('',#11364,#9186,#9187);
#7993=AXIS2_PLACEMENT_3D('',#11370,#9190,#9191);
#7994=AXIS2_PLACEMENT_3D('',#11376,#9194,#9195);
#7995=AXIS2_PLACEMENT_3D('',#11382,#9198,#9199);
#7996=AXIS2_PLACEMENT_3D('',#11388,#9202,#9203);
#7997=AXIS2_PLACEMENT_3D('',#11394,#9206,#9207);
#7998=AXIS2_PLACEMENT_3D('',#11400,#9210,#9211);
#7999=AXIS2_PLACEMENT_3D('',#11406,#9214,#9215);
#8000=AXIS2_PLACEMENT_3D('',#11412,#9218,#9219);
#8001=AXIS2_PLACEMENT_3D('',#11418,#9222,#9223);
#8002=AXIS2_PLACEMENT_3D('',#11424,#9226,#9227);
#8003=AXIS2_PLACEMENT_3D('',#11430,#9230,#9231);
#8004=AXIS2_PLACEMENT_3D('',#11436,#9234,#9235);
#8005=AXIS2_PLACEMENT_3D('',#11442,#9238,#9239);
#8006=AXIS2_PLACEMENT_3D('',#11448,#9242,#9243);
#8007=AXIS2_PLACEMENT_3D('',#11454,#9246,#9247);
#8008=AXIS2_PLACEMENT_3D('',#11460,#9250,#9251);
#8009=AXIS2_PLACEMENT_3D('',#11466,#9254,#9255);
#8010=AXIS2_PLACEMENT_3D('',#11472,#9258,#9259);
#8011=AXIS2_PLACEMENT_3D('',#11478,#9262,#9263);
#8012=AXIS2_PLACEMENT_3D('',#11484,#9266,#9267);
#8013=AXIS2_PLACEMENT_3D('',#11490,#9270,#9271);
#8014=AXIS2_PLACEMENT_3D('',#11496,#9274,#9275);
#8015=AXIS2_PLACEMENT_3D('',#11502,#9278,#9279);
#8016=AXIS2_PLACEMENT_3D('',#11508,#9282,#9283);
#8017=AXIS2_PLACEMENT_3D('',#11514,#9286,#9287);
#8018=AXIS2_PLACEMENT_3D('',#11520,#9290,#9291);
#8019=AXIS2_PLACEMENT_3D('',#11526,#9294,#9295);
#8020=AXIS2_PLACEMENT_3D('',#11532,#9298,#9299);
#8021=AXIS2_PLACEMENT_3D('',#11538,#9302,#9303);
#8022=AXIS2_PLACEMENT_3D('',#11544,#9306,#9307);
#8023=AXIS2_PLACEMENT_3D('',#11550,#9310,#9311);
#8024=AXIS2_PLACEMENT_3D('',#11556,#9314,#9315);
#8025=AXIS2_PLACEMENT_3D('',#11562,#9318,#9319);
#8026=AXIS2_PLACEMENT_3D('',#11568,#9322,#9323);
#8027=AXIS2_PLACEMENT_3D('',#11574,#9326,#9327);
#8028=AXIS2_PLACEMENT_3D('',#11580,#9330,#9331);
#8029=AXIS2_PLACEMENT_3D('',#11586,#9334,#9335);
#8030=AXIS2_PLACEMENT_3D('',#11592,#9338,#9339);
#8031=AXIS2_PLACEMENT_3D('',#11598,#9342,#9343);
#8032=AXIS2_PLACEMENT_3D('',#11604,#9346,#9347);
#8033=AXIS2_PLACEMENT_3D('',#11610,#9350,#9351);
#8034=AXIS2_PLACEMENT_3D('',#11616,#9354,#9355);
#8035=AXIS2_PLACEMENT_3D('',#11622,#9358,#9359);
#8036=AXIS2_PLACEMENT_3D('',#11628,#9362,#9363);
#8037=AXIS2_PLACEMENT_3D('',#11634,#9366,#9367);
#8038=AXIS2_PLACEMENT_3D('',#11640,#9370,#9371);
#8039=AXIS2_PLACEMENT_3D('',#11646,#9374,#9375);
#8040=AXIS2_PLACEMENT_3D('',#11652,#9378,#9379);
#8041=AXIS2_PLACEMENT_3D('',#11658,#9382,#9383);
#8042=AXIS2_PLACEMENT_3D('',#11664,#9386,#9387);
#8043=AXIS2_PLACEMENT_3D('',#11670,#9390,#9391);
#8044=AXIS2_PLACEMENT_3D('',#11676,#9394,#9395);
#8045=AXIS2_PLACEMENT_3D('',#11682,#9398,#9399);
#8046=AXIS2_PLACEMENT_3D('',#11688,#9402,#9403);
#8047=AXIS2_PLACEMENT_3D('',#11694,#9406,#9407);
#8048=AXIS2_PLACEMENT_3D('',#11700,#9410,#9411);
#8049=AXIS2_PLACEMENT_3D('',#11706,#9414,#9415);
#8050=AXIS2_PLACEMENT_3D('',#11712,#9418,#9419);
#8051=AXIS2_PLACEMENT_3D('',#11718,#9422,#9423);
#8052=AXIS2_PLACEMENT_3D('',#11724,#9426,#9427);
#8053=AXIS2_PLACEMENT_3D('',#11730,#9430,#9431);
#8054=AXIS2_PLACEMENT_3D('',#11736,#9434,#9435);
#8055=AXIS2_PLACEMENT_3D('',#11742,#9438,#9439);
#8056=AXIS2_PLACEMENT_3D('',#11748,#9442,#9443);
#8057=AXIS2_PLACEMENT_3D('',#11754,#9446,#9447);
#8058=AXIS2_PLACEMENT_3D('',#11760,#9450,#9451);
#8059=AXIS2_PLACEMENT_3D('',#11764,#9453,#9454);
#8060=AXIS2_PLACEMENT_3D('',#11770,#9457,#9458);
#8061=AXIS2_PLACEMENT_3D('',#11776,#9461,#9462);
#8062=AXIS2_PLACEMENT_3D('',#11779,#9464,#9465);
#8063=AXIS2_PLACEMENT_3D('',#11785,#9468,#9469);
#8064=AXIS2_PLACEMENT_3D('',#11791,#9472,#9473);
#8065=AXIS2_PLACEMENT_3D('',#11797,#9476,#9477);
#8066=AXIS2_PLACEMENT_3D('',#11803,#9480,#9481);
#8067=AXIS2_PLACEMENT_3D('',#11809,#9484,#9485);
#8068=AXIS2_PLACEMENT_3D('',#11815,#9488,#9489);
#8069=AXIS2_PLACEMENT_3D('',#11821,#9492,#9493);
#8070=AXIS2_PLACEMENT_3D('',#11827,#9496,#9497);
#8071=AXIS2_PLACEMENT_3D('',#11833,#9500,#9501);
#8072=AXIS2_PLACEMENT_3D('',#11839,#9504,#9505);
#8073=AXIS2_PLACEMENT_3D('',#11845,#9508,#9509);
#8074=AXIS2_PLACEMENT_3D('',#11851,#9512,#9513);
#8075=AXIS2_PLACEMENT_3D('',#11857,#9516,#9517);
#8076=AXIS2_PLACEMENT_3D('',#11863,#9520,#9521);
#8077=AXIS2_PLACEMENT_3D('',#11869,#9524,#9525);
#8078=AXIS2_PLACEMENT_3D('',#11875,#9528,#9529);
#8079=AXIS2_PLACEMENT_3D('',#11881,#9532,#9533);
#8080=AXIS2_PLACEMENT_3D('',#11887,#9536,#9537);
#8081=AXIS2_PLACEMENT_3D('',#11893,#9540,#9541);
#8082=AXIS2_PLACEMENT_3D('',#11899,#9544,#9545);
#8083=AXIS2_PLACEMENT_3D('',#11905,#9548,#9549);
#8084=AXIS2_PLACEMENT_3D('',#11911,#9552,#9553);
#8085=AXIS2_PLACEMENT_3D('',#11917,#9556,#9557);
#8086=AXIS2_PLACEMENT_3D('',#11923,#9560,#9561);
#8087=AXIS2_PLACEMENT_3D('',#11929,#9564,#9565);
#8088=AXIS2_PLACEMENT_3D('',#11935,#9568,#9569);
#8089=AXIS2_PLACEMENT_3D('',#11941,#9572,#9573);
#8090=AXIS2_PLACEMENT_3D('',#11947,#9576,#9577);
#8091=AXIS2_PLACEMENT_3D('',#11953,#9580,#9581);
#8092=AXIS2_PLACEMENT_3D('',#11959,#9584,#9585);
#8093=AXIS2_PLACEMENT_3D('',#11965,#9588,#9589);
#8094=AXIS2_PLACEMENT_3D('',#11971,#9592,#9593);
#8095=AXIS2_PLACEMENT_3D('',#11977,#9596,#9597);
#8096=AXIS2_PLACEMENT_3D('',#11983,#9600,#9601);
#8097=AXIS2_PLACEMENT_3D('',#11989,#9604,#9605);
#8098=AXIS2_PLACEMENT_3D('',#11995,#9608,#9609);
#8099=AXIS2_PLACEMENT_3D('',#12001,#9612,#9613);
#8100=AXIS2_PLACEMENT_3D('',#12007,#9616,#9617);
#8101=AXIS2_PLACEMENT_3D('',#12013,#9620,#9621);
#8102=AXIS2_PLACEMENT_3D('',#12019,#9624,#9625);
#8103=AXIS2_PLACEMENT_3D('',#12025,#9628,#9629);
#8104=AXIS2_PLACEMENT_3D('',#12031,#9632,#9633);
#8105=AXIS2_PLACEMENT_3D('',#12037,#9636,#9637);
#8106=AXIS2_PLACEMENT_3D('',#12043,#9640,#9641);
#8107=AXIS2_PLACEMENT_3D('',#12049,#9644,#9645);
#8108=AXIS2_PLACEMENT_3D('',#12055,#9648,#9649);
#8109=AXIS2_PLACEMENT_3D('',#12061,#9652,#9653);
#8110=AXIS2_PLACEMENT_3D('',#12067,#9656,#9657);
#8111=AXIS2_PLACEMENT_3D('',#12073,#9660,#9661);
#8112=AXIS2_PLACEMENT_3D('',#12079,#9664,#9665);
#8113=AXIS2_PLACEMENT_3D('',#12085,#9668,#9669);
#8114=AXIS2_PLACEMENT_3D('',#12091,#9672,#9673);
#8115=AXIS2_PLACEMENT_3D('',#12097,#9676,#9677);
#8116=AXIS2_PLACEMENT_3D('',#12103,#9680,#9681);
#8117=AXIS2_PLACEMENT_3D('',#12109,#9684,#9685);
#8118=AXIS2_PLACEMENT_3D('',#12115,#9688,#9689);
#8119=AXIS2_PLACEMENT_3D('',#12121,#9692,#9693);
#8120=AXIS2_PLACEMENT_3D('',#12127,#9696,#9697);
#8121=AXIS2_PLACEMENT_3D('',#12133,#9700,#9701);
#8122=AXIS2_PLACEMENT_3D('',#12139,#9704,#9705);
#8123=AXIS2_PLACEMENT_3D('',#12145,#9708,#9709);
#8124=AXIS2_PLACEMENT_3D('',#12151,#9712,#9713);
#8125=AXIS2_PLACEMENT_3D('',#12157,#9716,#9717);
#8126=AXIS2_PLACEMENT_3D('',#12163,#9720,#9721);
#8127=AXIS2_PLACEMENT_3D('',#12169,#9724,#9725);
#8128=AXIS2_PLACEMENT_3D('',#12175,#9728,#9729);
#8129=AXIS2_PLACEMENT_3D('',#12181,#9732,#9733);
#8130=AXIS2_PLACEMENT_3D('',#12187,#9736,#9737);
#8131=AXIS2_PLACEMENT_3D('',#12193,#9740,#9741);
#8132=AXIS2_PLACEMENT_3D('',#12199,#9744,#9745);
#8133=AXIS2_PLACEMENT_3D('',#12205,#9748,#9749);
#8134=AXIS2_PLACEMENT_3D('',#12211,#9752,#9753);
#8135=AXIS2_PLACEMENT_3D('',#12221,#9758,#9759);
#8136=AXIS2_PLACEMENT_3D('',#12225,#9761,#9762);
#8137=AXIS2_PLACEMENT_3D('',#12229,#9764,#9765);
#8138=AXIS2_PLACEMENT_3D('',#12233,#9767,#9768);
#8139=AXIS2_PLACEMENT_3D('',#12236,#9770,#9771);
#8140=AXIS2_PLACEMENT_3D('',#12243,#9774,#9775);
#8141=AXIS2_PLACEMENT_3D('',#12249,#9778,#9779);
#8142=AXIS2_PLACEMENT_3D('',#12254,#9782,#9783);
#8143=AXIS2_PLACEMENT_3D('',#12257,#9786,#9787);
#8144=AXIS2_PLACEMENT_3D('',#12260,#9790,#9791);
#8145=AXIS2_PLACEMENT_3D('',#12263,#9794,#9795);
#8146=AXIS2_PLACEMENT_3D('',#12265,#9797,#9798);
#8147=AXIS2_PLACEMENT_3D('',#12266,#9799,#9800);
#8148=AXIS2_PLACEMENT_3D('',#12268,#9802,#9803);
#8149=AXIS2_PLACEMENT_3D('',#12269,#9804,#9805);
#8150=AXIS2_PLACEMENT_3D('',#12271,#9807,#9808);
#8151=AXIS2_PLACEMENT_3D('',#12272,#9809,#9810);
#8152=AXIS2_PLACEMENT_3D('',#12275,#9813,#9814);
#8153=AXIS2_PLACEMENT_3D('',#12278,#9817,#9818);
#8154=AXIS2_PLACEMENT_3D('',#12281,#9821,#9822);
#8155=AXIS2_PLACEMENT_3D('',#12283,#9824,#9825);
#8156=AXIS2_PLACEMENT_3D('',#12284,#9826,#9827);
#8157=AXIS2_PLACEMENT_3D('',#12286,#9829,#9830);
#8158=AXIS2_PLACEMENT_3D('',#12287,#9831,#9832);
#8159=AXIS2_PLACEMENT_3D('',#12289,#9834,#9835);
#8160=AXIS2_PLACEMENT_3D('',#12290,#9836,#9837);
#8161=AXIS2_PLACEMENT_3D('',#12293,#9840,#9841);
#8162=AXIS2_PLACEMENT_3D('',#12296,#9844,#9845);
#8163=AXIS2_PLACEMENT_3D('',#12299,#9848,#9849);
#8164=AXIS2_PLACEMENT_3D('',#12301,#9851,#9852);
#8165=AXIS2_PLACEMENT_3D('',#12302,#9853,#9854);
#8166=AXIS2_PLACEMENT_3D('',#12304,#9856,#9857);
#8167=AXIS2_PLACEMENT_3D('',#12305,#9858,#9859);
#8168=AXIS2_PLACEMENT_3D('',#12307,#9861,#9862);
#8169=AXIS2_PLACEMENT_3D('',#12308,#9863,#9864);
#8170=AXIS2_PLACEMENT_3D('',#12311,#9867,#9868);
#8171=AXIS2_PLACEMENT_3D('',#12314,#9871,#9872);
#8172=AXIS2_PLACEMENT_3D('',#12317,#9875,#9876);
#8173=AXIS2_PLACEMENT_3D('',#12319,#9878,#9879);
#8174=AXIS2_PLACEMENT_3D('',#12320,#9880,#9881);
#8175=AXIS2_PLACEMENT_3D('',#12322,#9883,#9884);
#8176=AXIS2_PLACEMENT_3D('',#12323,#9885,#9886);
#8177=AXIS2_PLACEMENT_3D('',#12325,#9888,#9889);
#8178=AXIS2_PLACEMENT_3D('',#12326,#9890,#9891);
#8179=AXIS2_PLACEMENT_3D('',#12329,#9894,#9895);
#8180=AXIS2_PLACEMENT_3D('',#12332,#9898,#9899);
#8181=AXIS2_PLACEMENT_3D('',#12335,#9902,#9903);
#8182=AXIS2_PLACEMENT_3D('',#12337,#9905,#9906);
#8183=AXIS2_PLACEMENT_3D('',#12338,#9907,#9908);
#8184=AXIS2_PLACEMENT_3D('',#12340,#9910,#9911);
#8185=AXIS2_PLACEMENT_3D('',#12341,#9912,#9913);
#8186=AXIS2_PLACEMENT_3D('',#12343,#9915,#9916);
#8187=AXIS2_PLACEMENT_3D('',#12344,#9917,#9918);
#8188=AXIS2_PLACEMENT_3D('',#12347,#9921,#9922);
#8189=AXIS2_PLACEMENT_3D('',#12350,#9925,#9926);
#8190=AXIS2_PLACEMENT_3D('',#12353,#9929,#9930);
#8191=AXIS2_PLACEMENT_3D('',#12355,#9932,#9933);
#8192=AXIS2_PLACEMENT_3D('',#12356,#9934,#9935);
#8193=AXIS2_PLACEMENT_3D('',#12358,#9937,#9938);
#8194=AXIS2_PLACEMENT_3D('',#12359,#9939,#9940);
#8195=AXIS2_PLACEMENT_3D('',#12361,#9942,#9943);
#8196=AXIS2_PLACEMENT_3D('',#12362,#9944,#9945);
#8197=AXIS2_PLACEMENT_3D('',#12365,#9948,#9949);
#8198=AXIS2_PLACEMENT_3D('',#12368,#9952,#9953);
#8199=AXIS2_PLACEMENT_3D('',#12371,#9956,#9957);
#8200=AXIS2_PLACEMENT_3D('',#12373,#9959,#9960);
#8201=AXIS2_PLACEMENT_3D('',#12374,#9961,#9962);
#8202=AXIS2_PLACEMENT_3D('',#12376,#9964,#9965);
#8203=AXIS2_PLACEMENT_3D('',#12377,#9966,#9967);
#8204=AXIS2_PLACEMENT_3D('',#12379,#9969,#9970);
#8205=AXIS2_PLACEMENT_3D('',#12380,#9971,#9972);
#8206=AXIS2_PLACEMENT_3D('',#12383,#9975,#9976);
#8207=AXIS2_PLACEMENT_3D('',#12386,#9979,#9980);
#8208=AXIS2_PLACEMENT_3D('',#12389,#9983,#9984);
#8209=AXIS2_PLACEMENT_3D('',#12391,#9986,#9987);
#8210=AXIS2_PLACEMENT_3D('',#12392,#9988,#9989);
#8211=AXIS2_PLACEMENT_3D('',#12394,#9991,#9992);
#8212=AXIS2_PLACEMENT_3D('',#12395,#9993,#9994);
#8213=AXIS2_PLACEMENT_3D('',#12397,#9996,#9997);
#8214=AXIS2_PLACEMENT_3D('',#12398,#9998,#9999);
#8215=AXIS2_PLACEMENT_3D('',#12401,#10002,#10003);
#8216=AXIS2_PLACEMENT_3D('',#12404,#10006,#10007);
#8217=AXIS2_PLACEMENT_3D('',#12407,#10010,#10011);
#8218=AXIS2_PLACEMENT_3D('',#12409,#10013,#10014);
#8219=AXIS2_PLACEMENT_3D('',#12410,#10015,#10016);
#8220=AXIS2_PLACEMENT_3D('',#12412,#10018,#10019);
#8221=AXIS2_PLACEMENT_3D('',#12413,#10020,#10021);
#8222=AXIS2_PLACEMENT_3D('',#12415,#10023,#10024);
#8223=AXIS2_PLACEMENT_3D('',#12416,#10025,#10026);
#8224=AXIS2_PLACEMENT_3D('',#12419,#10029,#10030);
#8225=AXIS2_PLACEMENT_3D('',#12422,#10033,#10034);
#8226=AXIS2_PLACEMENT_3D('',#12425,#10037,#10038);
#8227=AXIS2_PLACEMENT_3D('',#12427,#10040,#10041);
#8228=AXIS2_PLACEMENT_3D('',#12428,#10042,#10043);
#8229=AXIS2_PLACEMENT_3D('',#12430,#10045,#10046);
#8230=AXIS2_PLACEMENT_3D('',#12431,#10047,#10048);
#8231=AXIS2_PLACEMENT_3D('',#12433,#10050,#10051);
#8232=AXIS2_PLACEMENT_3D('',#12434,#10052,#10053);
#8233=AXIS2_PLACEMENT_3D('',#12437,#10056,#10057);
#8234=AXIS2_PLACEMENT_3D('',#12440,#10060,#10061);
#8235=AXIS2_PLACEMENT_3D('',#12443,#10064,#10065);
#8236=AXIS2_PLACEMENT_3D('',#12445,#10067,#10068);
#8237=AXIS2_PLACEMENT_3D('',#12446,#10069,#10070);
#8238=AXIS2_PLACEMENT_3D('',#12448,#10072,#10073);
#8239=AXIS2_PLACEMENT_3D('',#12449,#10074,#10075);
#8240=AXIS2_PLACEMENT_3D('',#12451,#10077,#10078);
#8241=AXIS2_PLACEMENT_3D('',#12452,#10079,#10080);
#8242=AXIS2_PLACEMENT_3D('',#12455,#10083,#10084);
#8243=AXIS2_PLACEMENT_3D('',#12458,#10087,#10088);
#8244=AXIS2_PLACEMENT_3D('',#12461,#10091,#10092);
#8245=AXIS2_PLACEMENT_3D('',#12463,#10094,#10095);
#8246=AXIS2_PLACEMENT_3D('',#12464,#10096,#10097);
#8247=AXIS2_PLACEMENT_3D('',#12466,#10099,#10100);
#8248=AXIS2_PLACEMENT_3D('',#12467,#10101,#10102);
#8249=AXIS2_PLACEMENT_3D('',#12469,#10104,#10105);
#8250=AXIS2_PLACEMENT_3D('',#12470,#10106,#10107);
#8251=AXIS2_PLACEMENT_3D('',#12473,#10110,#10111);
#8252=AXIS2_PLACEMENT_3D('',#12476,#10114,#10115);
#8253=AXIS2_PLACEMENT_3D('',#12479,#10118,#10119);
#8254=AXIS2_PLACEMENT_3D('',#12481,#10121,#10122);
#8255=AXIS2_PLACEMENT_3D('',#12482,#10123,#10124);
#8256=AXIS2_PLACEMENT_3D('',#12484,#10126,#10127);
#8257=AXIS2_PLACEMENT_3D('',#12485,#10128,#10129);
#8258=AXIS2_PLACEMENT_3D('',#12487,#10131,#10132);
#8259=AXIS2_PLACEMENT_3D('',#12488,#10133,#10134);
#8260=AXIS2_PLACEMENT_3D('',#12491,#10137,#10138);
#8261=AXIS2_PLACEMENT_3D('',#12494,#10141,#10142);
#8262=AXIS2_PLACEMENT_3D('',#12497,#10145,#10146);
#8263=AXIS2_PLACEMENT_3D('',#12499,#10148,#10149);
#8264=AXIS2_PLACEMENT_3D('',#12500,#10150,#10151);
#8265=AXIS2_PLACEMENT_3D('',#12502,#10153,#10154);
#8266=AXIS2_PLACEMENT_3D('',#12503,#10155,#10156);
#8267=AXIS2_PLACEMENT_3D('',#12505,#10158,#10159);
#8268=AXIS2_PLACEMENT_3D('',#12506,#10160,#10161);
#8269=AXIS2_PLACEMENT_3D('',#12509,#10164,#10165);
#8270=AXIS2_PLACEMENT_3D('',#12512,#10168,#10169);
#8271=AXIS2_PLACEMENT_3D('',#12515,#10172,#10173);
#8272=AXIS2_PLACEMENT_3D('',#12517,#10175,#10176);
#8273=AXIS2_PLACEMENT_3D('',#12518,#10177,#10178);
#8274=AXIS2_PLACEMENT_3D('',#12520,#10180,#10181);
#8275=AXIS2_PLACEMENT_3D('',#12521,#10182,#10183);
#8276=AXIS2_PLACEMENT_3D('',#12523,#10185,#10186);
#8277=AXIS2_PLACEMENT_3D('',#12524,#10187,#10188);
#8278=AXIS2_PLACEMENT_3D('',#12527,#10191,#10192);
#8279=AXIS2_PLACEMENT_3D('',#12530,#10195,#10196);
#8280=AXIS2_PLACEMENT_3D('',#12533,#10199,#10200);
#8281=AXIS2_PLACEMENT_3D('',#12535,#10202,#10203);
#8282=AXIS2_PLACEMENT_3D('',#12536,#10204,#10205);
#8283=AXIS2_PLACEMENT_3D('',#12538,#10207,#10208);
#8284=AXIS2_PLACEMENT_3D('',#12539,#10209,#10210);
#8285=AXIS2_PLACEMENT_3D('',#12541,#10212,#10213);
#8286=AXIS2_PLACEMENT_3D('',#12542,#10214,#10215);
#8287=AXIS2_PLACEMENT_3D('',#12545,#10218,#10219);
#8288=AXIS2_PLACEMENT_3D('',#12548,#10222,#10223);
#8289=AXIS2_PLACEMENT_3D('',#12551,#10226,#10227);
#8290=AXIS2_PLACEMENT_3D('',#12553,#10229,#10230);
#8291=AXIS2_PLACEMENT_3D('',#12554,#10231,#10232);
#8292=AXIS2_PLACEMENT_3D('',#12556,#10234,#10235);
#8293=AXIS2_PLACEMENT_3D('',#12557,#10236,#10237);
#8294=AXIS2_PLACEMENT_3D('',#12559,#10239,#10240);
#8295=AXIS2_PLACEMENT_3D('',#12560,#10241,#10242);
#8296=AXIS2_PLACEMENT_3D('',#12563,#10245,#10246);
#8297=AXIS2_PLACEMENT_3D('',#12566,#10249,#10250);
#8298=AXIS2_PLACEMENT_3D('',#12569,#10253,#10254);
#8299=AXIS2_PLACEMENT_3D('',#12571,#10256,#10257);
#8300=AXIS2_PLACEMENT_3D('',#12572,#10258,#10259);
#8301=AXIS2_PLACEMENT_3D('',#12574,#10261,#10262);
#8302=AXIS2_PLACEMENT_3D('',#12575,#10263,#10264);
#8303=AXIS2_PLACEMENT_3D('',#12577,#10266,#10267);
#8304=AXIS2_PLACEMENT_3D('',#12578,#10268,#10269);
#8305=AXIS2_PLACEMENT_3D('',#12581,#10272,#10273);
#8306=AXIS2_PLACEMENT_3D('',#12584,#10276,#10277);
#8307=AXIS2_PLACEMENT_3D('',#12587,#10280,#10281);
#8308=AXIS2_PLACEMENT_3D('',#12589,#10283,#10284);
#8309=AXIS2_PLACEMENT_3D('',#12590,#10285,#10286);
#8310=AXIS2_PLACEMENT_3D('',#12592,#10288,#10289);
#8311=AXIS2_PLACEMENT_3D('',#12593,#10290,#10291);
#8312=AXIS2_PLACEMENT_3D('',#12595,#10293,#10294);
#8313=AXIS2_PLACEMENT_3D('',#12596,#10295,#10296);
#8314=AXIS2_PLACEMENT_3D('',#12599,#10299,#10300);
#8315=AXIS2_PLACEMENT_3D('',#12602,#10303,#10304);
#8316=AXIS2_PLACEMENT_3D('',#12605,#10307,#10308);
#8317=AXIS2_PLACEMENT_3D('',#12607,#10310,#10311);
#8318=AXIS2_PLACEMENT_3D('',#12608,#10312,#10313);
#8319=AXIS2_PLACEMENT_3D('',#12610,#10315,#10316);
#8320=AXIS2_PLACEMENT_3D('',#12611,#10317,#10318);
#8321=AXIS2_PLACEMENT_3D('',#12613,#10320,#10321);
#8322=AXIS2_PLACEMENT_3D('',#12614,#10322,#10323);
#8323=AXIS2_PLACEMENT_3D('',#12617,#10326,#10327);
#8324=AXIS2_PLACEMENT_3D('',#12620,#10330,#10331);
#8325=AXIS2_PLACEMENT_3D('',#12623,#10334,#10335);
#8326=AXIS2_PLACEMENT_3D('',#12625,#10337,#10338);
#8327=AXIS2_PLACEMENT_3D('',#12626,#10339,#10340);
#8328=AXIS2_PLACEMENT_3D('',#12628,#10342,#10343);
#8329=AXIS2_PLACEMENT_3D('',#12629,#10344,#10345);
#8330=AXIS2_PLACEMENT_3D('',#12631,#10347,#10348);
#8331=AXIS2_PLACEMENT_3D('',#12632,#10349,#10350);
#8332=AXIS2_PLACEMENT_3D('',#12635,#10353,#10354);
#8333=AXIS2_PLACEMENT_3D('',#12638,#10357,#10358);
#8334=AXIS2_PLACEMENT_3D('',#12641,#10361,#10362);
#8335=AXIS2_PLACEMENT_3D('',#12643,#10364,#10365);
#8336=AXIS2_PLACEMENT_3D('',#12644,#10366,#10367);
#8337=AXIS2_PLACEMENT_3D('',#12646,#10369,#10370);
#8338=AXIS2_PLACEMENT_3D('',#12647,#10371,#10372);
#8339=AXIS2_PLACEMENT_3D('',#12649,#10374,#10375);
#8340=AXIS2_PLACEMENT_3D('',#12650,#10376,#10377);
#8341=AXIS2_PLACEMENT_3D('',#12653,#10380,#10381);
#8342=AXIS2_PLACEMENT_3D('',#12656,#10384,#10385);
#8343=AXIS2_PLACEMENT_3D('',#12659,#10388,#10389);
#8344=AXIS2_PLACEMENT_3D('',#12661,#10391,#10392);
#8345=AXIS2_PLACEMENT_3D('',#12662,#10393,#10394);
#8346=AXIS2_PLACEMENT_3D('',#12664,#10396,#10397);
#8347=AXIS2_PLACEMENT_3D('',#12665,#10398,#10399);
#8348=AXIS2_PLACEMENT_3D('',#12667,#10401,#10402);
#8349=AXIS2_PLACEMENT_3D('',#12668,#10403,#10404);
#8350=AXIS2_PLACEMENT_3D('',#12671,#10407,#10408);
#8351=AXIS2_PLACEMENT_3D('',#12674,#10411,#10412);
#8352=AXIS2_PLACEMENT_3D('',#12677,#10415,#10416);
#8353=AXIS2_PLACEMENT_3D('',#12680,#10419,#10420);
#8354=AXIS2_PLACEMENT_3D('',#12683,#10423,#10424);
#8355=AXIS2_PLACEMENT_3D('',#12684,#10425,#10426);
#8356=AXIS2_PLACEMENT_3D('',#12685,#10427,#10428);
#8357=AXIS2_PLACEMENT_3D('',#12686,#10429,#10430);
#8358=AXIS2_PLACEMENT_3D('',#12687,#10431,#10432);
#8359=AXIS2_PLACEMENT_3D('',#12689,#10434,#10435);
#8360=AXIS2_PLACEMENT_3D('',#12691,#10437,#10438);
#8361=AXIS2_PLACEMENT_3D('',#12692,#10439,#10440);
#8362=AXIS2_PLACEMENT_3D('',#12695,#10443,#10444);
#8363=AXIS2_PLACEMENT_3D('',#12697,#10446,#10447);
#8364=AXIS2_PLACEMENT_3D('',#12699,#10449,#10450);
#8365=AXIS2_PLACEMENT_3D('',#12701,#10452,#10453);
#8366=AXIS2_PLACEMENT_3D('',#12703,#10455,#10456);
#8367=AXIS2_PLACEMENT_3D('',#12705,#10458,#10459);
#8368=AXIS2_PLACEMENT_3D('',#12707,#10461,#10462);
#8369=AXIS2_PLACEMENT_3D('',#12709,#10464,#10465);
#8370=AXIS2_PLACEMENT_3D('',#12710,#10466,#10467);
#8371=AXIS2_PLACEMENT_3D('',#12713,#10470,#10471);
#8372=AXIS2_PLACEMENT_3D('',#12715,#10473,#10474);
#8373=AXIS2_PLACEMENT_3D('',#12717,#10476,#10477);
#8374=AXIS2_PLACEMENT_3D('',#12719,#10479,#10480);
#8375=AXIS2_PLACEMENT_3D('',#12721,#10482,#10483);
#8376=AXIS2_PLACEMENT_3D('',#12723,#10485,#10486);
#8377=AXIS2_PLACEMENT_3D('',#12725,#10488,#10489);
#8378=AXIS2_PLACEMENT_3D('',#12727,#10491,#10492);
#8379=DIRECTION('',(0.,0.,1.));
#8380=DIRECTION('',(1.,0.,0.));
#8381=DIRECTION('',(0.,-1.,0.));
#8382=DIRECTION('',(0.,0.,-1.));
#8383=DIRECTION('',(0.,-1.,0.));
#8384=DIRECTION('',(0.,0.,-1.));
#8385=DIRECTION('',(0.,-1.,0.));
#8386=DIRECTION('',(0.,1.,0.));
#8387=DIRECTION('',(0.,0.,-1.));
#8388=DIRECTION('',(0.,-1.,0.));
#8389=DIRECTION('',(0.,-1.,0.));
#8390=DIRECTION('',(0.,0.,-1.));
#8391=DIRECTION('',(0.,-1.,0.));
#8392=DIRECTION('',(0.,0.,-1.));
#8393=DIRECTION('',(0.,-1.,0.));
#8394=DIRECTION('',(0.,1.,0.));
#8395=DIRECTION('',(0.,0.,-1.));
#8396=DIRECTION('',(0.,-1.,0.));
#8397=DIRECTION('',(0.,-1.,0.));
#8398=DIRECTION('',(0.,0.,-1.));
#8399=DIRECTION('',(0.,-1.,0.));
#8400=DIRECTION('',(0.,0.,-1.));
#8401=DIRECTION('',(0.,-1.,0.));
#8402=DIRECTION('',(0.,1.,0.));
#8403=DIRECTION('',(0.,0.,-1.));
#8404=DIRECTION('',(0.,-1.,0.));
#8405=DIRECTION('',(0.5,0.,0.866025403784439));
#8406=DIRECTION('',(0.866025403784439,0.,-0.5));
#8407=DIRECTION('',(-0.866025403784439,0.,0.5));
#8408=DIRECTION('',(-0.866025403784439,0.,0.5));
#8409=DIRECTION('',(0.,-1.,0.));
#8410=DIRECTION('',(1.,0.,0.));
#8411=DIRECTION('',(0.,0.,-1.));
#8412=DIRECTION('',(0.,0.,1.));
#8413=DIRECTION('',(0.,0.,1.));
#8414=DIRECTION('',(0.5,0.,-0.866025403784438));
#8415=DIRECTION('',(-0.866025403784438,0.,-0.5));
#8416=DIRECTION('',(0.866025403784438,0.,0.5));
#8417=DIRECTION('',(0.866025403784438,0.,0.5));
#8418=DIRECTION('',(0.,-1.,0.));
#8419=DIRECTION('',(0.5,0.,0.866025403784438));
#8420=DIRECTION('',(0.866025403784438,0.,-0.5));
#8421=DIRECTION('',(-0.866025403784438,0.,0.5));
#8422=DIRECTION('',(-0.866025403784438,0.,0.5));
#8423=DIRECTION('',(0.5,0.,-0.866025403784439));
#8424=DIRECTION('',(-0.866025403784439,0.,-0.5));
#8425=DIRECTION('',(0.,-1.,0.));
#8426=DIRECTION('',(0.866025403784439,0.,0.5));
#8427=DIRECTION('',(0.866025403784439,0.,0.5));
#8428=DIRECTION('',(1.,0.,0.));
#8429=DIRECTION('',(0.,0.,-1.));
#8430=DIRECTION('',(0.,0.,1.));
#8431=DIRECTION('',(0.,0.,1.));
#8432=DIRECTION('',(0.,-1.,0.));
#8433=DIRECTION('',(0.,0.,-1.));
#8434=DIRECTION('',(0.,-1.,0.));
#8435=DIRECTION('',(0.,0.,-1.));
#8436=DIRECTION('',(0.,-1.,0.));
#8437=DIRECTION('',(0.,1.,0.));
#8438=DIRECTION('',(0.,0.,-1.));
#8439=DIRECTION('',(0.,-1.,0.));
#8440=DIRECTION('',(0.,-1.,0.));
#8441=DIRECTION('',(0.,0.,-1.));
#8442=DIRECTION('',(0.,-1.,0.));
#8443=DIRECTION('',(0.,0.,-1.));
#8444=DIRECTION('',(0.,-1.,0.));
#8445=DIRECTION('',(0.,1.,0.));
#8446=DIRECTION('',(0.,0.,-1.));
#8447=DIRECTION('',(0.,-1.,0.));
#8448=DIRECTION('',(0.,-1.,0.));
#8449=DIRECTION('',(0.,0.,-1.));
#8450=DIRECTION('',(0.,-1.,0.));
#8451=DIRECTION('',(0.,0.,-1.));
#8452=DIRECTION('',(0.,-1.,0.));
#8453=DIRECTION('',(0.,1.,0.));
#8454=DIRECTION('',(0.,0.,-1.));
#8455=DIRECTION('',(0.,-1.,0.));
#8456=DIRECTION('',(0.5,0.,0.866025403784439));
#8457=DIRECTION('',(0.866025403784439,0.,-0.5));
#8458=DIRECTION('',(-0.866025403784439,0.,0.5));
#8459=DIRECTION('',(-0.866025403784439,0.,0.5));
#8460=DIRECTION('',(0.,-1.,0.));
#8461=DIRECTION('',(1.,0.,0.));
#8462=DIRECTION('',(0.,0.,-1.));
#8463=DIRECTION('',(0.,0.,1.));
#8464=DIRECTION('',(0.,0.,1.));
#8465=DIRECTION('',(0.5,0.,-0.866025403784438));
#8466=DIRECTION('',(-0.866025403784438,0.,-0.5));
#8467=DIRECTION('',(0.866025403784438,0.,0.5));
#8468=DIRECTION('',(0.866025403784438,0.,0.5));
#8469=DIRECTION('',(0.,-1.,0.));
#8470=DIRECTION('',(0.5,0.,0.866025403784438));
#8471=DIRECTION('',(0.866025403784438,0.,-0.5));
#8472=DIRECTION('',(-0.866025403784438,0.,0.5));
#8473=DIRECTION('',(-0.866025403784438,0.,0.5));
#8474=DIRECTION('',(0.5,0.,-0.866025403784439));
#8475=DIRECTION('',(-0.866025403784439,0.,-0.5));
#8476=DIRECTION('',(0.,-1.,0.));
#8477=DIRECTION('',(0.866025403784439,0.,0.5));
#8478=DIRECTION('',(0.866025403784439,0.,0.5));
#8479=DIRECTION('',(1.,0.,0.));
#8480=DIRECTION('',(0.,0.,-1.));
#8481=DIRECTION('',(0.,0.,1.));
#8482=DIRECTION('',(0.,0.,1.));
#8483=DIRECTION('',(0.,-1.,0.));
#8484=DIRECTION('',(0.,0.,-1.));
#8485=DIRECTION('',(0.,-1.,0.));
#8486=DIRECTION('',(0.,0.,-1.));
#8487=DIRECTION('',(0.,-1.,0.));
#8488=DIRECTION('',(0.,1.,0.));
#8489=DIRECTION('',(0.,0.,-1.));
#8490=DIRECTION('',(0.,-1.,0.));
#8491=DIRECTION('',(0.,-1.,0.));
#8492=DIRECTION('',(0.,0.,-1.));
#8493=DIRECTION('',(0.,-1.,0.));
#8494=DIRECTION('',(0.,0.,-1.));
#8495=DIRECTION('',(0.,-1.,0.));
#8496=DIRECTION('',(0.,1.,0.));
#8497=DIRECTION('',(0.,0.,-1.));
#8498=DIRECTION('',(0.,-1.,0.));
#8499=DIRECTION('',(0.,-1.,0.));
#8500=DIRECTION('',(0.,0.,-1.));
#8501=DIRECTION('',(0.,-1.,0.));
#8502=DIRECTION('',(0.,0.,-1.));
#8503=DIRECTION('',(0.,-1.,0.));
#8504=DIRECTION('',(0.,1.,0.));
#8505=DIRECTION('',(0.,0.,-1.));
#8506=DIRECTION('',(0.,-1.,0.));
#8507=DIRECTION('',(0.5,0.,0.866025403784439));
#8508=DIRECTION('',(0.866025403784439,0.,-0.5));
#8509=DIRECTION('',(-0.866025403784439,0.,0.5));
#8510=DIRECTION('',(-0.866025403784439,0.,0.5));
#8511=DIRECTION('',(0.,-1.,0.));
#8512=DIRECTION('',(1.,0.,0.));
#8513=DIRECTION('',(0.,0.,-1.));
#8514=DIRECTION('',(0.,0.,1.));
#8515=DIRECTION('',(0.,0.,1.));
#8516=DIRECTION('',(0.5,0.,-0.866025403784438));
#8517=DIRECTION('',(-0.866025403784438,0.,-0.5));
#8518=DIRECTION('',(0.866025403784438,0.,0.5));
#8519=DIRECTION('',(0.866025403784438,0.,0.5));
#8520=DIRECTION('',(0.,-1.,0.));
#8521=DIRECTION('',(0.5,0.,0.866025403784438));
#8522=DIRECTION('',(0.866025403784438,0.,-0.5));
#8523=DIRECTION('',(-0.866025403784438,0.,0.5));
#8524=DIRECTION('',(-0.866025403784438,0.,0.5));
#8525=DIRECTION('',(0.5,0.,-0.866025403784439));
#8526=DIRECTION('',(-0.866025403784439,0.,-0.5));
#8527=DIRECTION('',(0.,-1.,0.));
#8528=DIRECTION('',(0.866025403784439,0.,0.5));
#8529=DIRECTION('',(0.866025403784439,0.,0.5));
#8530=DIRECTION('',(1.,0.,0.));
#8531=DIRECTION('',(0.,0.,-1.));
#8532=DIRECTION('',(0.,0.,1.));
#8533=DIRECTION('',(0.,0.,1.));
#8534=DIRECTION('',(0.,-1.,0.));
#8535=DIRECTION('',(0.,0.,-1.));
#8536=DIRECTION('',(0.,-1.,0.));
#8537=DIRECTION('',(0.,0.,-1.));
#8538=DIRECTION('',(0.,-1.,0.));
#8539=DIRECTION('',(0.,1.,0.));
#8540=DIRECTION('',(0.,0.,-1.));
#8541=DIRECTION('',(0.,-1.,0.));
#8542=DIRECTION('',(0.,-1.,0.));
#8543=DIRECTION('',(0.,0.,-1.));
#8544=DIRECTION('',(0.,-1.,0.));
#8545=DIRECTION('',(0.,0.,-1.));
#8546=DIRECTION('',(0.,-1.,0.));
#8547=DIRECTION('',(0.,1.,0.));
#8548=DIRECTION('',(0.,0.,-1.));
#8549=DIRECTION('',(0.,-1.,0.));
#8550=DIRECTION('',(0.,-1.,0.));
#8551=DIRECTION('',(0.,0.,-1.));
#8552=DIRECTION('',(0.,-1.,0.));
#8553=DIRECTION('',(0.,0.,-1.));
#8554=DIRECTION('',(0.,-1.,0.));
#8555=DIRECTION('',(0.,1.,0.));
#8556=DIRECTION('',(0.,0.,-1.));
#8557=DIRECTION('',(0.,-1.,0.));
#8558=DIRECTION('',(0.5,0.,0.866025403784439));
#8559=DIRECTION('',(0.866025403784439,0.,-0.5));
#8560=DIRECTION('',(-0.866025403784439,0.,0.5));
#8561=DIRECTION('',(-0.866025403784439,0.,0.5));
#8562=DIRECTION('',(0.,-1.,0.));
#8563=DIRECTION('',(1.,0.,0.));
#8564=DIRECTION('',(0.,0.,-1.));
#8565=DIRECTION('',(0.,0.,1.));
#8566=DIRECTION('',(0.,0.,1.));
#8567=DIRECTION('',(0.5,0.,-0.866025403784438));
#8568=DIRECTION('',(-0.866025403784438,0.,-0.5));
#8569=DIRECTION('',(0.866025403784438,0.,0.5));
#8570=DIRECTION('',(0.866025403784438,0.,0.5));
#8571=DIRECTION('',(0.,-1.,0.));
#8572=DIRECTION('',(0.5,0.,0.866025403784438));
#8573=DIRECTION('',(0.866025403784438,0.,-0.5));
#8574=DIRECTION('',(-0.866025403784438,0.,0.5));
#8575=DIRECTION('',(-0.866025403784438,0.,0.5));
#8576=DIRECTION('',(0.5,0.,-0.866025403784439));
#8577=DIRECTION('',(-0.866025403784439,0.,-0.5));
#8578=DIRECTION('',(0.,-1.,0.));
#8579=DIRECTION('',(0.866025403784439,0.,0.5));
#8580=DIRECTION('',(0.866025403784439,0.,0.5));
#8581=DIRECTION('',(1.,0.,0.));
#8582=DIRECTION('',(0.,0.,-1.));
#8583=DIRECTION('',(0.,0.,1.));
#8584=DIRECTION('',(0.,0.,1.));
#8585=DIRECTION('',(0.,-1.,0.));
#8586=DIRECTION('',(0.,0.,-1.));
#8587=DIRECTION('',(0.,-1.,0.));
#8588=DIRECTION('',(0.,0.,-1.));
#8589=DIRECTION('',(0.,-1.,0.));
#8590=DIRECTION('',(0.,1.,0.));
#8591=DIRECTION('',(0.,0.,-1.));
#8592=DIRECTION('',(0.,-1.,0.));
#8593=DIRECTION('',(0.,-1.,0.));
#8594=DIRECTION('',(0.,0.,-1.));
#8595=DIRECTION('',(0.,-1.,0.));
#8596=DIRECTION('',(0.,0.,-1.));
#8597=DIRECTION('',(0.,-1.,0.));
#8598=DIRECTION('',(0.,1.,0.));
#8599=DIRECTION('',(0.,0.,-1.));
#8600=DIRECTION('',(0.,-1.,0.));
#8601=DIRECTION('',(0.,-1.,0.));
#8602=DIRECTION('',(0.,0.,-1.));
#8603=DIRECTION('',(0.,-1.,0.));
#8604=DIRECTION('',(0.,0.,-1.));
#8605=DIRECTION('',(0.,-1.,0.));
#8606=DIRECTION('',(0.,1.,0.));
#8607=DIRECTION('',(0.,0.,-1.));
#8608=DIRECTION('',(0.,-1.,0.));
#8609=DIRECTION('',(0.5,0.,0.866025403784439));
#8610=DIRECTION('',(0.866025403784439,0.,-0.5));
#8611=DIRECTION('',(-0.866025403784439,0.,0.5));
#8612=DIRECTION('',(-0.866025403784439,0.,0.5));
#8613=DIRECTION('',(0.,-1.,0.));
#8614=DIRECTION('',(1.,0.,0.));
#8615=DIRECTION('',(0.,0.,-1.));
#8616=DIRECTION('',(0.,0.,1.));
#8617=DIRECTION('',(0.,0.,1.));
#8618=DIRECTION('',(0.5,0.,-0.866025403784438));
#8619=DIRECTION('',(-0.866025403784438,0.,-0.5));
#8620=DIRECTION('',(0.866025403784438,0.,0.5));
#8621=DIRECTION('',(0.866025403784438,0.,0.5));
#8622=DIRECTION('',(0.,-1.,0.));
#8623=DIRECTION('',(0.5,0.,0.866025403784438));
#8624=DIRECTION('',(0.866025403784438,0.,-0.5));
#8625=DIRECTION('',(-0.866025403784438,0.,0.5));
#8626=DIRECTION('',(-0.866025403784438,0.,0.5));
#8627=DIRECTION('',(0.5,0.,-0.866025403784439));
#8628=DIRECTION('',(-0.866025403784439,0.,-0.5));
#8629=DIRECTION('',(0.,-1.,0.));
#8630=DIRECTION('',(0.866025403784439,0.,0.5));
#8631=DIRECTION('',(0.866025403784439,0.,0.5));
#8632=DIRECTION('',(1.,0.,0.));
#8633=DIRECTION('',(0.,0.,-1.));
#8634=DIRECTION('',(0.,0.,1.));
#8635=DIRECTION('',(0.,0.,1.));
#8636=DIRECTION('',(0.,-1.,0.));
#8637=DIRECTION('',(0.,0.,-1.));
#8638=DIRECTION('',(0.,-1.,0.));
#8639=DIRECTION('',(0.,0.,-1.));
#8640=DIRECTION('',(0.,-1.,0.));
#8641=DIRECTION('',(0.,1.,0.));
#8642=DIRECTION('',(0.,0.,-1.));
#8643=DIRECTION('',(0.,-1.,0.));
#8644=DIRECTION('',(0.,-1.,0.));
#8645=DIRECTION('',(0.,0.,-1.));
#8646=DIRECTION('',(0.,-1.,0.));
#8647=DIRECTION('',(0.,0.,-1.));
#8648=DIRECTION('',(0.,-1.,0.));
#8649=DIRECTION('',(0.,1.,0.));
#8650=DIRECTION('',(0.,0.,-1.));
#8651=DIRECTION('',(0.,-1.,0.));
#8652=DIRECTION('',(0.,-1.,0.));
#8653=DIRECTION('',(0.,0.,-1.));
#8654=DIRECTION('',(0.,-1.,0.));
#8655=DIRECTION('',(0.,0.,-1.));
#8656=DIRECTION('',(0.,-1.,0.));
#8657=DIRECTION('',(0.,1.,0.));
#8658=DIRECTION('',(0.,0.,-1.));
#8659=DIRECTION('',(0.,-1.,0.));
#8660=DIRECTION('',(0.5,0.,0.866025403784439));
#8661=DIRECTION('',(0.866025403784439,0.,-0.5));
#8662=DIRECTION('',(-0.866025403784439,0.,0.5));
#8663=DIRECTION('',(-0.866025403784439,0.,0.5));
#8664=DIRECTION('',(0.,-1.,0.));
#8665=DIRECTION('',(1.,0.,0.));
#8666=DIRECTION('',(0.,0.,-1.));
#8667=DIRECTION('',(0.,0.,1.));
#8668=DIRECTION('',(0.,0.,1.));
#8669=DIRECTION('',(0.5,0.,-0.866025403784438));
#8670=DIRECTION('',(-0.866025403784438,0.,-0.5));
#8671=DIRECTION('',(0.866025403784438,0.,0.5));
#8672=DIRECTION('',(0.866025403784438,0.,0.5));
#8673=DIRECTION('',(0.,-1.,0.));
#8674=DIRECTION('',(0.5,0.,0.866025403784438));
#8675=DIRECTION('',(0.866025403784438,0.,-0.5));
#8676=DIRECTION('',(-0.866025403784438,0.,0.5));
#8677=DIRECTION('',(-0.866025403784438,0.,0.5));
#8678=DIRECTION('',(0.5,0.,-0.866025403784439));
#8679=DIRECTION('',(-0.866025403784439,0.,-0.5));
#8680=DIRECTION('',(0.,-1.,0.));
#8681=DIRECTION('',(0.866025403784439,0.,0.5));
#8682=DIRECTION('',(0.866025403784439,0.,0.5));
#8683=DIRECTION('',(1.,0.,0.));
#8684=DIRECTION('',(0.,0.,-1.));
#8685=DIRECTION('',(0.,0.,1.));
#8686=DIRECTION('',(0.,0.,1.));
#8687=DIRECTION('',(0.,-1.,0.));
#8688=DIRECTION('',(0.,0.,-1.));
#8689=DIRECTION('',(0.,-1.,0.));
#8690=DIRECTION('',(0.,0.,-1.));
#8691=DIRECTION('',(0.,-1.,0.));
#8692=DIRECTION('',(0.,1.,0.));
#8693=DIRECTION('',(0.,0.,-1.));
#8694=DIRECTION('',(0.,-1.,0.));
#8695=DIRECTION('',(0.,-1.,0.));
#8696=DIRECTION('',(0.,0.,-1.));
#8697=DIRECTION('',(0.,-1.,0.));
#8698=DIRECTION('',(0.,0.,-1.));
#8699=DIRECTION('',(0.,-1.,0.));
#8700=DIRECTION('',(0.,1.,0.));
#8701=DIRECTION('',(0.,0.,-1.));
#8702=DIRECTION('',(0.,-1.,0.));
#8703=DIRECTION('',(0.,-1.,0.));
#8704=DIRECTION('',(0.,0.,-1.));
#8705=DIRECTION('',(0.,-1.,0.));
#8706=DIRECTION('',(0.,0.,-1.));
#8707=DIRECTION('',(0.,-1.,0.));
#8708=DIRECTION('',(0.,1.,0.));
#8709=DIRECTION('',(0.,0.,-1.));
#8710=DIRECTION('',(0.,-1.,0.));
#8711=DIRECTION('',(0.5,0.,0.866025403784439));
#8712=DIRECTION('',(0.866025403784439,0.,-0.5));
#8713=DIRECTION('',(-0.866025403784439,0.,0.5));
#8714=DIRECTION('',(-0.866025403784439,0.,0.5));
#8715=DIRECTION('',(0.,-1.,0.));
#8716=DIRECTION('',(1.,0.,0.));
#8717=DIRECTION('',(0.,0.,-1.));
#8718=DIRECTION('',(0.,0.,1.));
#8719=DIRECTION('',(0.,0.,1.));
#8720=DIRECTION('',(0.5,0.,-0.866025403784438));
#8721=DIRECTION('',(-0.866025403784438,0.,-0.5));
#8722=DIRECTION('',(0.866025403784438,0.,0.5));
#8723=DIRECTION('',(0.866025403784438,0.,0.5));
#8724=DIRECTION('',(0.,-1.,0.));
#8725=DIRECTION('',(0.5,0.,0.866025403784438));
#8726=DIRECTION('',(0.866025403784438,0.,-0.5));
#8727=DIRECTION('',(-0.866025403784438,0.,0.5));
#8728=DIRECTION('',(-0.866025403784438,0.,0.5));
#8729=DIRECTION('',(0.5,0.,-0.866025403784439));
#8730=DIRECTION('',(-0.866025403784439,0.,-0.5));
#8731=DIRECTION('',(0.,-1.,0.));
#8732=DIRECTION('',(0.866025403784439,0.,0.5));
#8733=DIRECTION('',(0.866025403784439,0.,0.5));
#8734=DIRECTION('',(1.,0.,0.));
#8735=DIRECTION('',(0.,0.,-1.));
#8736=DIRECTION('',(0.,0.,1.));
#8737=DIRECTION('',(0.,0.,1.));
#8738=DIRECTION('',(0.,-1.,0.));
#8739=DIRECTION('',(0.,0.,-1.));
#8740=DIRECTION('',(0.,-1.,0.));
#8741=DIRECTION('',(0.,0.,-1.));
#8742=DIRECTION('',(0.,-1.,0.));
#8743=DIRECTION('',(0.,1.,0.));
#8744=DIRECTION('',(0.,0.,-1.));
#8745=DIRECTION('',(0.,-1.,0.));
#8746=DIRECTION('',(0.,-1.,0.));
#8747=DIRECTION('',(0.,0.,-1.));
#8748=DIRECTION('',(0.,-1.,0.));
#8749=DIRECTION('',(0.,0.,-1.));
#8750=DIRECTION('',(0.,-1.,0.));
#8751=DIRECTION('',(0.,1.,0.));
#8752=DIRECTION('',(0.,0.,-1.));
#8753=DIRECTION('',(0.,-1.,0.));
#8754=DIRECTION('',(0.,-1.,0.));
#8755=DIRECTION('',(0.,0.,-1.));
#8756=DIRECTION('',(0.,-1.,0.));
#8757=DIRECTION('',(0.,0.,-1.));
#8758=DIRECTION('',(0.,-1.,0.));
#8759=DIRECTION('',(0.,1.,0.));
#8760=DIRECTION('',(0.,0.,-1.));
#8761=DIRECTION('',(0.,-1.,0.));
#8762=DIRECTION('',(0.5,0.,0.866025403784439));
#8763=DIRECTION('',(0.866025403784439,0.,-0.5));
#8764=DIRECTION('',(-0.866025403784439,0.,0.5));
#8765=DIRECTION('',(-0.866025403784439,0.,0.5));
#8766=DIRECTION('',(0.,-1.,0.));
#8767=DIRECTION('',(1.,0.,0.));
#8768=DIRECTION('',(0.,0.,-1.));
#8769=DIRECTION('',(0.,0.,1.));
#8770=DIRECTION('',(0.,0.,1.));
#8771=DIRECTION('',(0.5,0.,-0.866025403784438));
#8772=DIRECTION('',(-0.866025403784438,0.,-0.5));
#8773=DIRECTION('',(0.866025403784438,0.,0.5));
#8774=DIRECTION('',(0.866025403784438,0.,0.5));
#8775=DIRECTION('',(0.,-1.,0.));
#8776=DIRECTION('',(0.5,0.,0.866025403784438));
#8777=DIRECTION('',(0.866025403784438,0.,-0.5));
#8778=DIRECTION('',(-0.866025403784438,0.,0.5));
#8779=DIRECTION('',(-0.866025403784438,0.,0.5));
#8780=DIRECTION('',(0.5,0.,-0.866025403784439));
#8781=DIRECTION('',(-0.866025403784439,0.,-0.5));
#8782=DIRECTION('',(0.,-1.,0.));
#8783=DIRECTION('',(0.866025403784439,0.,0.5));
#8784=DIRECTION('',(0.866025403784439,0.,0.5));
#8785=DIRECTION('',(1.,0.,0.));
#8786=DIRECTION('',(0.,0.,-1.));
#8787=DIRECTION('',(0.,0.,1.));
#8788=DIRECTION('',(0.,0.,1.));
#8789=DIRECTION('',(0.,-1.,0.));
#8790=DIRECTION('',(0.,0.,-1.));
#8791=DIRECTION('',(0.,-1.,0.));
#8792=DIRECTION('',(0.,0.,-1.));
#8793=DIRECTION('',(0.,-1.,0.));
#8794=DIRECTION('',(0.,1.,0.));
#8795=DIRECTION('',(0.,0.,-1.));
#8796=DIRECTION('',(0.,-1.,0.));
#8797=DIRECTION('',(0.,-1.,0.));
#8798=DIRECTION('',(0.,0.,-1.));
#8799=DIRECTION('',(0.,-1.,0.));
#8800=DIRECTION('',(0.,0.,-1.));
#8801=DIRECTION('',(0.,-1.,0.));
#8802=DIRECTION('',(0.,1.,0.));
#8803=DIRECTION('',(0.,0.,-1.));
#8804=DIRECTION('',(0.,-1.,0.));
#8805=DIRECTION('',(0.,-1.,0.));
#8806=DIRECTION('',(0.,0.,-1.));
#8807=DIRECTION('',(0.,-1.,0.));
#8808=DIRECTION('',(0.,0.,-1.));
#8809=DIRECTION('',(0.,-1.,0.));
#8810=DIRECTION('',(0.,1.,0.));
#8811=DIRECTION('',(0.,0.,-1.));
#8812=DIRECTION('',(0.,-1.,0.));
#8813=DIRECTION('',(0.5,0.,0.866025403784439));
#8814=DIRECTION('',(0.866025403784439,0.,-0.5));
#8815=DIRECTION('',(-0.866025403784439,0.,0.5));
#8816=DIRECTION('',(-0.866025403784439,0.,0.5));
#8817=DIRECTION('',(0.,-1.,0.));
#8818=DIRECTION('',(1.,0.,0.));
#8819=DIRECTION('',(0.,0.,-1.));
#8820=DIRECTION('',(0.,0.,1.));
#8821=DIRECTION('',(0.,0.,1.));
#8822=DIRECTION('',(0.5,0.,-0.866025403784438));
#8823=DIRECTION('',(-0.866025403784438,0.,-0.5));
#8824=DIRECTION('',(0.866025403784438,0.,0.5));
#8825=DIRECTION('',(0.866025403784438,0.,0.5));
#8826=DIRECTION('',(0.,-1.,0.));
#8827=DIRECTION('',(0.5,0.,0.866025403784438));
#8828=DIRECTION('',(0.866025403784438,0.,-0.5));
#8829=DIRECTION('',(-0.866025403784438,0.,0.5));
#8830=DIRECTION('',(-0.866025403784438,0.,0.5));
#8831=DIRECTION('',(0.5,0.,-0.866025403784439));
#8832=DIRECTION('',(-0.866025403784439,0.,-0.5));
#8833=DIRECTION('',(0.,-1.,0.));
#8834=DIRECTION('',(0.866025403784439,0.,0.5));
#8835=DIRECTION('',(0.866025403784439,0.,0.5));
#8836=DIRECTION('',(1.,0.,0.));
#8837=DIRECTION('',(0.,0.,-1.));
#8838=DIRECTION('',(0.,0.,1.));
#8839=DIRECTION('',(0.,0.,1.));
#8840=DIRECTION('',(0.,-1.,0.));
#8841=DIRECTION('',(0.,0.,-1.));
#8842=DIRECTION('',(0.,-1.,0.));
#8843=DIRECTION('',(0.,0.,-1.));
#8844=DIRECTION('',(0.,-1.,0.));
#8845=DIRECTION('',(0.,1.,0.));
#8846=DIRECTION('',(0.,0.,-1.));
#8847=DIRECTION('',(0.,-1.,0.));
#8848=DIRECTION('',(0.,-1.,0.));
#8849=DIRECTION('',(0.,0.,-1.));
#8850=DIRECTION('',(0.,-1.,0.));
#8851=DIRECTION('',(0.,0.,-1.));
#8852=DIRECTION('',(0.,-1.,0.));
#8853=DIRECTION('',(0.,1.,0.));
#8854=DIRECTION('',(0.,0.,-1.));
#8855=DIRECTION('',(0.,-1.,0.));
#8856=DIRECTION('',(0.,-1.,0.));
#8857=DIRECTION('',(0.,0.,-1.));
#8858=DIRECTION('',(0.,-1.,0.));
#8859=DIRECTION('',(0.,0.,-1.));
#8860=DIRECTION('',(0.,-1.,0.));
#8861=DIRECTION('',(0.,1.,0.));
#8862=DIRECTION('',(0.,0.,-1.));
#8863=DIRECTION('',(0.,-1.,0.));
#8864=DIRECTION('',(0.5,0.,0.866025403784439));
#8865=DIRECTION('',(0.866025403784439,0.,-0.5));
#8866=DIRECTION('',(-0.866025403784439,0.,0.5));
#8867=DIRECTION('',(-0.866025403784439,0.,0.5));
#8868=DIRECTION('',(0.,-1.,0.));
#8869=DIRECTION('',(1.,0.,0.));
#8870=DIRECTION('',(0.,0.,-1.));
#8871=DIRECTION('',(0.,0.,1.));
#8872=DIRECTION('',(0.,0.,1.));
#8873=DIRECTION('',(0.5,0.,-0.866025403784438));
#8874=DIRECTION('',(-0.866025403784438,0.,-0.5));
#8875=DIRECTION('',(0.866025403784438,0.,0.5));
#8876=DIRECTION('',(0.866025403784438,0.,0.5));
#8877=DIRECTION('',(0.,-1.,0.));
#8878=DIRECTION('',(0.5,0.,0.866025403784438));
#8879=DIRECTION('',(0.866025403784438,0.,-0.5));
#8880=DIRECTION('',(-0.866025403784438,0.,0.5));
#8881=DIRECTION('',(-0.866025403784438,0.,0.5));
#8882=DIRECTION('',(0.5,0.,-0.866025403784439));
#8883=DIRECTION('',(-0.866025403784439,0.,-0.5));
#8884=DIRECTION('',(0.,-1.,0.));
#8885=DIRECTION('',(0.866025403784439,0.,0.5));
#8886=DIRECTION('',(0.866025403784439,0.,0.5));
#8887=DIRECTION('',(1.,0.,0.));
#8888=DIRECTION('',(0.,0.,-1.));
#8889=DIRECTION('',(0.,0.,1.));
#8890=DIRECTION('',(0.,0.,1.));
#8891=DIRECTION('',(0.,-1.,0.));
#8892=DIRECTION('',(0.,0.,-1.));
#8893=DIRECTION('',(0.,-1.,0.));
#8894=DIRECTION('',(0.,0.,-1.));
#8895=DIRECTION('',(0.,-1.,0.));
#8896=DIRECTION('',(0.,1.,0.));
#8897=DIRECTION('',(0.,0.,-1.));
#8898=DIRECTION('',(0.,-1.,0.));
#8899=DIRECTION('',(0.,-1.,0.));
#8900=DIRECTION('',(0.,0.,-1.));
#8901=DIRECTION('',(0.,-1.,0.));
#8902=DIRECTION('',(0.,0.,-1.));
#8903=DIRECTION('',(0.,-1.,0.));
#8904=DIRECTION('',(0.,1.,0.));
#8905=DIRECTION('',(0.,0.,-1.));
#8906=DIRECTION('',(0.,-1.,0.));
#8907=DIRECTION('',(0.,-1.,0.));
#8908=DIRECTION('',(0.,0.,-1.));
#8909=DIRECTION('',(0.,-1.,0.));
#8910=DIRECTION('',(0.,0.,-1.));
#8911=DIRECTION('',(0.,-1.,0.));
#8912=DIRECTION('',(0.,1.,0.));
#8913=DIRECTION('',(0.,0.,-1.));
#8914=DIRECTION('',(0.,-1.,0.));
#8915=DIRECTION('',(0.5,0.,0.866025403784439));
#8916=DIRECTION('',(0.866025403784439,0.,-0.5));
#8917=DIRECTION('',(-0.866025403784439,0.,0.5));
#8918=DIRECTION('',(-0.866025403784439,0.,0.5));
#8919=DIRECTION('',(0.,-1.,0.));
#8920=DIRECTION('',(1.,0.,0.));
#8921=DIRECTION('',(0.,0.,-1.));
#8922=DIRECTION('',(0.,0.,1.));
#8923=DIRECTION('',(0.,0.,1.));
#8924=DIRECTION('',(0.5,0.,-0.866025403784438));
#8925=DIRECTION('',(-0.866025403784438,0.,-0.5));
#8926=DIRECTION('',(0.866025403784438,0.,0.5));
#8927=DIRECTION('',(0.866025403784438,0.,0.5));
#8928=DIRECTION('',(0.,-1.,0.));
#8929=DIRECTION('',(0.5,0.,0.866025403784438));
#8930=DIRECTION('',(0.866025403784438,0.,-0.5));
#8931=DIRECTION('',(-0.866025403784438,0.,0.5));
#8932=DIRECTION('',(-0.866025403784438,0.,0.5));
#8933=DIRECTION('',(0.5,0.,-0.866025403784439));
#8934=DIRECTION('',(-0.866025403784439,0.,-0.5));
#8935=DIRECTION('',(0.,-1.,0.));
#8936=DIRECTION('',(0.866025403784439,0.,0.5));
#8937=DIRECTION('',(0.866025403784439,0.,0.5));
#8938=DIRECTION('',(1.,0.,0.));
#8939=DIRECTION('',(0.,0.,-1.));
#8940=DIRECTION('',(0.,0.,1.));
#8941=DIRECTION('',(0.,0.,1.));
#8942=DIRECTION('',(0.,-1.,0.));
#8943=DIRECTION('',(0.,0.,-1.));
#8944=DIRECTION('',(0.,-1.,0.));
#8945=DIRECTION('',(0.,0.,-1.));
#8946=DIRECTION('',(0.,-1.,0.));
#8947=DIRECTION('',(0.,1.,0.));
#8948=DIRECTION('',(0.,0.,-1.));
#8949=DIRECTION('',(0.,-1.,0.));
#8950=DIRECTION('',(0.,-1.,0.));
#8951=DIRECTION('',(0.,0.,-1.));
#8952=DIRECTION('',(0.,-1.,0.));
#8953=DIRECTION('',(0.,0.,-1.));
#8954=DIRECTION('',(0.,-1.,0.));
#8955=DIRECTION('',(0.,1.,0.));
#8956=DIRECTION('',(0.,0.,-1.));
#8957=DIRECTION('',(0.,-1.,0.));
#8958=DIRECTION('',(0.,-1.,0.));
#8959=DIRECTION('',(0.,0.,-1.));
#8960=DIRECTION('',(0.,-1.,0.));
#8961=DIRECTION('',(0.,0.,-1.));
#8962=DIRECTION('',(0.,-1.,0.));
#8963=DIRECTION('',(0.,1.,0.));
#8964=DIRECTION('',(0.,0.,-1.));
#8965=DIRECTION('',(0.,-1.,0.));
#8966=DIRECTION('',(0.5,0.,0.866025403784439));
#8967=DIRECTION('',(0.866025403784439,0.,-0.5));
#8968=DIRECTION('',(-0.866025403784439,0.,0.5));
#8969=DIRECTION('',(-0.866025403784439,0.,0.5));
#8970=DIRECTION('',(0.,-1.,0.));
#8971=DIRECTION('',(1.,0.,0.));
#8972=DIRECTION('',(0.,0.,-1.));
#8973=DIRECTION('',(0.,0.,1.));
#8974=DIRECTION('',(0.,0.,1.));
#8975=DIRECTION('',(0.5,0.,-0.866025403784438));
#8976=DIRECTION('',(-0.866025403784438,0.,-0.5));
#8977=DIRECTION('',(0.866025403784438,0.,0.5));
#8978=DIRECTION('',(0.866025403784438,0.,0.5));
#8979=DIRECTION('',(0.,-1.,0.));
#8980=DIRECTION('',(0.5,0.,0.866025403784438));
#8981=DIRECTION('',(0.866025403784438,0.,-0.5));
#8982=DIRECTION('',(-0.866025403784438,0.,0.5));
#8983=DIRECTION('',(-0.866025403784438,0.,0.5));
#8984=DIRECTION('',(0.5,0.,-0.866025403784439));
#8985=DIRECTION('',(-0.866025403784439,0.,-0.5));
#8986=DIRECTION('',(0.,-1.,0.));
#8987=DIRECTION('',(0.866025403784439,0.,0.5));
#8988=DIRECTION('',(0.866025403784439,0.,0.5));
#8989=DIRECTION('',(1.,0.,0.));
#8990=DIRECTION('',(0.,0.,-1.));
#8991=DIRECTION('',(0.,0.,1.));
#8992=DIRECTION('',(0.,0.,1.));
#8993=DIRECTION('',(0.,-1.,0.));
#8994=DIRECTION('',(0.,0.,-1.));
#8995=DIRECTION('',(0.,-1.,0.));
#8996=DIRECTION('',(0.,0.,-1.));
#8997=DIRECTION('',(0.,-1.,0.));
#8998=DIRECTION('',(0.,1.,0.));
#8999=DIRECTION('',(0.,0.,-1.));
#9000=DIRECTION('',(0.,-1.,0.));
#9001=DIRECTION('',(0.,-1.,0.));
#9002=DIRECTION('',(0.,0.,-1.));
#9003=DIRECTION('',(0.,-1.,0.));
#9004=DIRECTION('',(0.,0.,-1.));
#9005=DIRECTION('',(0.,-1.,0.));
#9006=DIRECTION('',(0.,1.,0.));
#9007=DIRECTION('',(0.,0.,-1.));
#9008=DIRECTION('',(0.,-1.,0.));
#9009=DIRECTION('',(0.,-1.,0.));
#9010=DIRECTION('',(0.,0.,-1.));
#9011=DIRECTION('',(0.,-1.,0.));
#9012=DIRECTION('',(0.,0.,-1.));
#9013=DIRECTION('',(0.,-1.,0.));
#9014=DIRECTION('',(0.,1.,0.));
#9015=DIRECTION('',(0.,0.,-1.));
#9016=DIRECTION('',(0.,-1.,0.));
#9017=DIRECTION('',(0.5,0.,0.866025403784439));
#9018=DIRECTION('',(0.866025403784439,0.,-0.5));
#9019=DIRECTION('',(-0.866025403784439,0.,0.5));
#9020=DIRECTION('',(-0.866025403784439,0.,0.5));
#9021=DIRECTION('',(0.,-1.,0.));
#9022=DIRECTION('',(1.,0.,0.));
#9023=DIRECTION('',(0.,0.,-1.));
#9024=DIRECTION('',(0.,0.,1.));
#9025=DIRECTION('',(0.,0.,1.));
#9026=DIRECTION('',(0.5,0.,-0.866025403784438));
#9027=DIRECTION('',(-0.866025403784438,0.,-0.5));
#9028=DIRECTION('',(0.866025403784438,0.,0.5));
#9029=DIRECTION('',(0.866025403784438,0.,0.5));
#9030=DIRECTION('',(0.,-1.,0.));
#9031=DIRECTION('',(0.5,0.,0.866025403784438));
#9032=DIRECTION('',(0.866025403784438,0.,-0.5));
#9033=DIRECTION('',(-0.866025403784438,0.,0.5));
#9034=DIRECTION('',(-0.866025403784438,0.,0.5));
#9035=DIRECTION('',(0.5,0.,-0.866025403784439));
#9036=DIRECTION('',(-0.866025403784439,0.,-0.5));
#9037=DIRECTION('',(0.,-1.,0.));
#9038=DIRECTION('',(0.866025403784439,0.,0.5));
#9039=DIRECTION('',(0.866025403784439,0.,0.5));
#9040=DIRECTION('',(1.,0.,0.));
#9041=DIRECTION('',(0.,0.,-1.));
#9042=DIRECTION('',(0.,0.,1.));
#9043=DIRECTION('',(0.,0.,1.));
#9044=DIRECTION('',(0.,-1.,0.));
#9045=DIRECTION('',(0.,0.,-1.));
#9046=DIRECTION('',(0.,-1.,0.));
#9047=DIRECTION('',(0.,0.,-1.));
#9048=DIRECTION('',(0.,-1.,0.));
#9049=DIRECTION('',(0.,1.,0.));
#9050=DIRECTION('',(0.,0.,-1.));
#9051=DIRECTION('',(0.,-1.,0.));
#9052=DIRECTION('',(0.,-1.,0.));
#9053=DIRECTION('',(0.,0.,-1.));
#9054=DIRECTION('',(0.,-1.,0.));
#9055=DIRECTION('',(0.,0.,-1.));
#9056=DIRECTION('',(0.,-1.,0.));
#9057=DIRECTION('',(0.,1.,0.));
#9058=DIRECTION('',(0.,0.,-1.));
#9059=DIRECTION('',(0.,-1.,0.));
#9060=DIRECTION('',(0.,-1.,0.));
#9061=DIRECTION('',(0.,0.,-1.));
#9062=DIRECTION('',(0.,-1.,0.));
#9063=DIRECTION('',(0.,0.,-1.));
#9064=DIRECTION('',(0.,-1.,0.));
#9065=DIRECTION('',(0.,1.,0.));
#9066=DIRECTION('',(0.,0.,-1.));
#9067=DIRECTION('',(0.,-1.,0.));
#9068=DIRECTION('',(0.5,0.,0.866025403784439));
#9069=DIRECTION('',(0.866025403784439,0.,-0.5));
#9070=DIRECTION('',(-0.866025403784439,0.,0.5));
#9071=DIRECTION('',(-0.866025403784439,0.,0.5));
#9072=DIRECTION('',(0.,-1.,0.));
#9073=DIRECTION('',(1.,0.,0.));
#9074=DIRECTION('',(0.,0.,-1.));
#9075=DIRECTION('',(0.,0.,1.));
#9076=DIRECTION('',(0.,0.,1.));
#9077=DIRECTION('',(0.5,0.,-0.866025403784438));
#9078=DIRECTION('',(-0.866025403784438,0.,-0.5));
#9079=DIRECTION('',(0.866025403784438,0.,0.5));
#9080=DIRECTION('',(0.866025403784438,0.,0.5));
#9081=DIRECTION('',(0.,-1.,0.));
#9082=DIRECTION('',(0.5,0.,0.866025403784438));
#9083=DIRECTION('',(0.866025403784438,0.,-0.5));
#9084=DIRECTION('',(-0.866025403784438,0.,0.5));
#9085=DIRECTION('',(-0.866025403784438,0.,0.5));
#9086=DIRECTION('',(0.5,0.,-0.866025403784439));
#9087=DIRECTION('',(-0.866025403784439,0.,-0.5));
#9088=DIRECTION('',(0.,-1.,0.));
#9089=DIRECTION('',(0.866025403784439,0.,0.5));
#9090=DIRECTION('',(0.866025403784439,0.,0.5));
#9091=DIRECTION('',(1.,0.,0.));
#9092=DIRECTION('',(0.,0.,-1.));
#9093=DIRECTION('',(0.,0.,1.));
#9094=DIRECTION('',(0.,0.,1.));
#9095=DIRECTION('',(0.,-1.,0.));
#9096=DIRECTION('',(0.,0.,-1.));
#9097=DIRECTION('',(0.,-1.,0.));
#9098=DIRECTION('',(0.,0.,-1.));
#9099=DIRECTION('',(0.,-1.,0.));
#9100=DIRECTION('',(0.,1.,0.));
#9101=DIRECTION('',(0.,0.,-1.));
#9102=DIRECTION('',(0.,-1.,0.));
#9103=DIRECTION('',(0.,-1.,0.));
#9104=DIRECTION('',(0.,0.,-1.));
#9105=DIRECTION('',(0.,-1.,0.));
#9106=DIRECTION('',(0.,0.,-1.));
#9107=DIRECTION('',(0.,-1.,0.));
#9108=DIRECTION('',(0.,1.,0.));
#9109=DIRECTION('',(0.,0.,-1.));
#9110=DIRECTION('',(0.,-1.,0.));
#9111=DIRECTION('',(0.,-1.,0.));
#9112=DIRECTION('',(0.,0.,-1.));
#9113=DIRECTION('',(0.,-1.,0.));
#9114=DIRECTION('',(0.,0.,-1.));
#9115=DIRECTION('',(0.,-1.,0.));
#9116=DIRECTION('',(0.,1.,0.));
#9117=DIRECTION('',(0.,0.,-1.));
#9118=DIRECTION('',(0.,-1.,0.));
#9119=DIRECTION('',(0.5,0.,0.866025403784439));
#9120=DIRECTION('',(0.866025403784439,0.,-0.5));
#9121=DIRECTION('',(-0.866025403784439,0.,0.5));
#9122=DIRECTION('',(-0.866025403784439,0.,0.5));
#9123=DIRECTION('',(0.,-1.,0.));
#9124=DIRECTION('',(1.,0.,0.));
#9125=DIRECTION('',(0.,0.,-1.));
#9126=DIRECTION('',(0.,0.,1.));
#9127=DIRECTION('',(0.,0.,1.));
#9128=DIRECTION('',(0.5,0.,-0.866025403784438));
#9129=DIRECTION('',(-0.866025403784438,0.,-0.5));
#9130=DIRECTION('',(0.866025403784438,0.,0.5));
#9131=DIRECTION('',(0.866025403784438,0.,0.5));
#9132=DIRECTION('',(0.,-1.,0.));
#9133=DIRECTION('',(0.5,0.,0.866025403784438));
#9134=DIRECTION('',(0.866025403784438,0.,-0.5));
#9135=DIRECTION('',(-0.866025403784438,0.,0.5));
#9136=DIRECTION('',(-0.866025403784438,0.,0.5));
#9137=DIRECTION('',(0.5,0.,-0.866025403784439));
#9138=DIRECTION('',(-0.866025403784439,0.,-0.5));
#9139=DIRECTION('',(0.,-1.,0.));
#9140=DIRECTION('',(0.866025403784439,0.,0.5));
#9141=DIRECTION('',(0.866025403784439,0.,0.5));
#9142=DIRECTION('',(1.,0.,0.));
#9143=DIRECTION('',(0.,0.,-1.));
#9144=DIRECTION('',(0.,0.,1.));
#9145=DIRECTION('',(0.,0.,1.));
#9146=DIRECTION('',(0.,-1.,0.));
#9147=DIRECTION('',(1.,0.,0.));
#9148=DIRECTION('',(1.,0.,0.));
#9149=DIRECTION('',(-1.73472347597681E-16,0.,-1.));
#9150=DIRECTION('',(1.,0.,0.));
#9151=DIRECTION('',(0.,-1.,0.));
#9152=DIRECTION('',(0.,0.,-1.));
#9153=DIRECTION('',(-1.95461800110063E-16,0.,-1.));
#9154=DIRECTION('',(0.,-1.,0.));
#9155=DIRECTION('',(0.,0.,-1.));
#9156=DIRECTION('',(1.,0.,0.));
#9157=DIRECTION('',(0.,-1.,0.));
#9158=DIRECTION('',(0.,0.,-1.));
#9159=DIRECTION('',(-1.95461800110063E-16,0.,-1.));
#9160=DIRECTION('',(0.,-1.,0.));
#9161=DIRECTION('',(0.,0.,-1.));
#9162=DIRECTION('',(1.,0.,0.));
#9163=DIRECTION('',(-1.73472347597681E-16,0.,-1.));
#9164=DIRECTION('',(-0.866025403784439,0.,0.5));
#9165=DIRECTION('',(0.866025403784439,0.,0.5));
#9166=DIRECTION('',(0.,1.,0.));
#9167=DIRECTION('',(0.,0.,-1.));
#9168=DIRECTION('',(0.866025403784439,0.,0.5));
#9169=DIRECTION('',(0.,0.,-1.));
#9170=DIRECTION('',(0.,1.,0.));
#9171=DIRECTION('',(0.,0.,-1.));
#9172=DIRECTION('',(0.,0.,-1.));
#9173=DIRECTION('',(-0.866025403784439,0.,0.5));
#9174=DIRECTION('',(0.,1.,0.));
#9175=DIRECTION('',(0.,0.,-1.));
#9176=DIRECTION('',(-0.866025403784439,0.,0.5));
#9177=DIRECTION('',(0.866025403784439,0.,0.5));
#9178=DIRECTION('',(0.,1.,0.));
#9179=DIRECTION('',(0.,0.,-1.));
#9180=DIRECTION('',(0.866025403784439,0.,0.5));
#9181=DIRECTION('',(0.,0.,-1.));
#9182=DIRECTION('',(0.,1.,0.));
#9183=DIRECTION('',(0.,0.,-1.));
#9184=DIRECTION('',(0.,0.,-1.));
#9185=DIRECTION('',(-0.866025403784439,0.,0.5));
#9186=DIRECTION('',(0.,1.,0.));
#9187=DIRECTION('',(0.,0.,-1.));
#9188=DIRECTION('',(-0.866025403784439,0.,0.5));
#9189=DIRECTION('',(0.866025403784439,0.,0.5));
#9190=DIRECTION('',(0.,1.,0.));
#9191=DIRECTION('',(0.,0.,-1.));
#9192=DIRECTION('',(0.866025403784439,0.,0.5));
#9193=DIRECTION('',(0.,0.,-1.));
#9194=DIRECTION('',(0.,1.,0.));
#9195=DIRECTION('',(0.,0.,-1.));
#9196=DIRECTION('',(0.,0.,-1.));
#9197=DIRECTION('',(-0.866025403784439,0.,0.5));
#9198=DIRECTION('',(0.,1.,0.));
#9199=DIRECTION('',(0.,0.,-1.));
#9200=DIRECTION('',(-0.866025403784439,0.,0.5));
#9201=DIRECTION('',(0.866025403784439,0.,0.5));
#9202=DIRECTION('',(0.,1.,0.));
#9203=DIRECTION('',(0.,0.,-1.));
#9204=DIRECTION('',(0.866025403784439,0.,0.5));
#9205=DIRECTION('',(0.,0.,-1.));
#9206=DIRECTION('',(0.,1.,0.));
#9207=DIRECTION('',(0.,0.,-1.));
#9208=DIRECTION('',(0.,0.,-1.));
#9209=DIRECTION('',(-0.866025403784439,0.,0.5));
#9210=DIRECTION('',(0.,1.,0.));
#9211=DIRECTION('',(0.,0.,-1.));
#9212=DIRECTION('',(-0.866025403784439,0.,0.5));
#9213=DIRECTION('',(0.866025403784439,0.,0.5));
#9214=DIRECTION('',(0.,1.,0.));
#9215=DIRECTION('',(0.,0.,-1.));
#9216=DIRECTION('',(0.866025403784439,0.,0.5));
#9217=DIRECTION('',(0.,0.,-1.));
#9218=DIRECTION('',(0.,1.,0.));
#9219=DIRECTION('',(0.,0.,-1.));
#9220=DIRECTION('',(0.,0.,-1.));
#9221=DIRECTION('',(-0.866025403784439,0.,0.5));
#9222=DIRECTION('',(0.,1.,0.));
#9223=DIRECTION('',(0.,0.,-1.));
#9224=DIRECTION('',(-0.866025403784439,0.,0.5));
#9225=DIRECTION('',(0.866025403784439,0.,0.5));
#9226=DIRECTION('',(0.,1.,0.));
#9227=DIRECTION('',(0.,0.,-1.));
#9228=DIRECTION('',(0.866025403784439,0.,0.5));
#9229=DIRECTION('',(0.,0.,-1.));
#9230=DIRECTION('',(0.,1.,0.));
#9231=DIRECTION('',(0.,0.,-1.));
#9232=DIRECTION('',(0.,0.,-1.));
#9233=DIRECTION('',(-0.866025403784439,0.,0.5));
#9234=DIRECTION('',(0.,1.,0.));
#9235=DIRECTION('',(0.,0.,-1.));
#9236=DIRECTION('',(-0.866025403784439,0.,0.5));
#9237=DIRECTION('',(0.866025403784439,0.,0.5));
#9238=DIRECTION('',(0.,1.,0.));
#9239=DIRECTION('',(0.,0.,-1.));
#9240=DIRECTION('',(0.866025403784439,0.,0.5));
#9241=DIRECTION('',(0.,0.,-1.));
#9242=DIRECTION('',(0.,1.,0.));
#9243=DIRECTION('',(0.,0.,-1.));
#9244=DIRECTION('',(0.,0.,-1.));
#9245=DIRECTION('',(-0.866025403784439,0.,0.5));
#9246=DIRECTION('',(0.,1.,0.));
#9247=DIRECTION('',(0.,0.,-1.));
#9248=DIRECTION('',(-0.866025403784439,0.,0.5));
#9249=DIRECTION('',(0.866025403784439,0.,0.5));
#9250=DIRECTION('',(0.,1.,0.));
#9251=DIRECTION('',(0.,0.,-1.));
#9252=DIRECTION('',(0.866025403784439,0.,0.5));
#9253=DIRECTION('',(0.,0.,-1.));
#9254=DIRECTION('',(0.,1.,0.));
#9255=DIRECTION('',(0.,0.,-1.));
#9256=DIRECTION('',(0.,0.,-1.));
#9257=DIRECTION('',(-0.866025403784439,0.,0.5));
#9258=DIRECTION('',(0.,1.,0.));
#9259=DIRECTION('',(0.,0.,-1.));
#9260=DIRECTION('',(-0.866025403784439,0.,0.5));
#9261=DIRECTION('',(0.866025403784439,0.,0.5));
#9262=DIRECTION('',(0.,1.,0.));
#9263=DIRECTION('',(0.,0.,-1.));
#9264=DIRECTION('',(0.866025403784439,0.,0.5));
#9265=DIRECTION('',(0.,0.,-1.));
#9266=DIRECTION('',(0.,1.,0.));
#9267=DIRECTION('',(0.,0.,-1.));
#9268=DIRECTION('',(0.,0.,-1.));
#9269=DIRECTION('',(-0.866025403784439,0.,0.5));
#9270=DIRECTION('',(0.,1.,0.));
#9271=DIRECTION('',(0.,0.,-1.));
#9272=DIRECTION('',(-0.866025403784439,0.,0.5));
#9273=DIRECTION('',(0.866025403784439,0.,0.5));
#9274=DIRECTION('',(0.,1.,0.));
#9275=DIRECTION('',(0.,0.,-1.));
#9276=DIRECTION('',(0.866025403784439,0.,0.5));
#9277=DIRECTION('',(0.,0.,-1.));
#9278=DIRECTION('',(0.,1.,0.));
#9279=DIRECTION('',(0.,0.,-1.));
#9280=DIRECTION('',(0.,0.,-1.));
#9281=DIRECTION('',(-0.866025403784439,0.,0.5));
#9282=DIRECTION('',(0.,1.,0.));
#9283=DIRECTION('',(0.,0.,-1.));
#9284=DIRECTION('',(-0.866025403784439,0.,0.5));
#9285=DIRECTION('',(0.866025403784439,0.,0.5));
#9286=DIRECTION('',(0.,1.,0.));
#9287=DIRECTION('',(0.,0.,-1.));
#9288=DIRECTION('',(0.866025403784439,0.,0.5));
#9289=DIRECTION('',(0.,0.,-1.));
#9290=DIRECTION('',(0.,1.,0.));
#9291=DIRECTION('',(0.,0.,-1.));
#9292=DIRECTION('',(0.,0.,-1.));
#9293=DIRECTION('',(-0.866025403784439,0.,0.5));
#9294=DIRECTION('',(0.,1.,0.));
#9295=DIRECTION('',(0.,0.,-1.));
#9296=DIRECTION('',(-0.866025403784439,0.,0.5));
#9297=DIRECTION('',(0.866025403784439,0.,0.5));
#9298=DIRECTION('',(0.,1.,0.));
#9299=DIRECTION('',(0.,0.,-1.));
#9300=DIRECTION('',(0.866025403784439,0.,0.5));
#9301=DIRECTION('',(0.,0.,-1.));
#9302=DIRECTION('',(0.,1.,0.));
#9303=DIRECTION('',(0.,0.,-1.));
#9304=DIRECTION('',(0.,0.,-1.));
#9305=DIRECTION('',(-0.866025403784439,0.,0.5));
#9306=DIRECTION('',(0.,1.,0.));
#9307=DIRECTION('',(0.,0.,-1.));
#9308=DIRECTION('',(-0.866025403784439,0.,0.5));
#9309=DIRECTION('',(0.866025403784439,0.,0.5));
#9310=DIRECTION('',(0.,1.,0.));
#9311=DIRECTION('',(0.,0.,-1.));
#9312=DIRECTION('',(0.866025403784439,0.,0.5));
#9313=DIRECTION('',(0.,0.,-1.));
#9314=DIRECTION('',(0.,1.,0.));
#9315=DIRECTION('',(0.,0.,-1.));
#9316=DIRECTION('',(0.,0.,-1.));
#9317=DIRECTION('',(-0.866025403784439,0.,0.5));
#9318=DIRECTION('',(0.,1.,0.));
#9319=DIRECTION('',(0.,0.,-1.));
#9320=DIRECTION('',(-0.866025403784439,0.,0.5));
#9321=DIRECTION('',(0.866025403784439,0.,0.5));
#9322=DIRECTION('',(0.,1.,0.));
#9323=DIRECTION('',(0.,0.,-1.));
#9324=DIRECTION('',(0.866025403784439,0.,0.5));
#9325=DIRECTION('',(0.,0.,-1.));
#9326=DIRECTION('',(0.,1.,0.));
#9327=DIRECTION('',(0.,0.,-1.));
#9328=DIRECTION('',(0.,0.,-1.));
#9329=DIRECTION('',(-0.866025403784439,0.,0.5));
#9330=DIRECTION('',(0.,1.,0.));
#9331=DIRECTION('',(0.,0.,-1.));
#9332=DIRECTION('',(-0.866025403784439,0.,0.5));
#9333=DIRECTION('',(0.866025403784439,0.,0.5));
#9334=DIRECTION('',(0.,1.,0.));
#9335=DIRECTION('',(0.,0.,-1.));
#9336=DIRECTION('',(0.866025403784439,0.,0.5));
#9337=DIRECTION('',(0.,0.,-1.));
#9338=DIRECTION('',(0.,1.,0.));
#9339=DIRECTION('',(0.,0.,-1.));
#9340=DIRECTION('',(0.,0.,-1.));
#9341=DIRECTION('',(-0.866025403784439,0.,0.5));
#9342=DIRECTION('',(0.,1.,0.));
#9343=DIRECTION('',(0.,0.,-1.));
#9344=DIRECTION('',(-0.866025403784439,0.,0.5));
#9345=DIRECTION('',(0.866025403784439,0.,0.5));
#9346=DIRECTION('',(0.,1.,0.));
#9347=DIRECTION('',(0.,0.,-1.));
#9348=DIRECTION('',(0.866025403784439,0.,0.5));
#9349=DIRECTION('',(0.,0.,-1.));
#9350=DIRECTION('',(0.,1.,0.));
#9351=DIRECTION('',(0.,0.,-1.));
#9352=DIRECTION('',(0.,0.,-1.));
#9353=DIRECTION('',(-0.866025403784439,0.,0.5));
#9354=DIRECTION('',(0.,1.,0.));
#9355=DIRECTION('',(0.,0.,-1.));
#9356=DIRECTION('',(-0.866025403784439,0.,0.5));
#9357=DIRECTION('',(0.866025403784439,0.,0.5));
#9358=DIRECTION('',(0.,1.,0.));
#9359=DIRECTION('',(0.,0.,-1.));
#9360=DIRECTION('',(0.866025403784439,0.,0.5));
#9361=DIRECTION('',(0.,0.,-1.));
#9362=DIRECTION('',(0.,1.,0.));
#9363=DIRECTION('',(0.,0.,-1.));
#9364=DIRECTION('',(0.,0.,-1.));
#9365=DIRECTION('',(-0.866025403784439,0.,0.5));
#9366=DIRECTION('',(0.,1.,0.));
#9367=DIRECTION('',(0.,0.,-1.));
#9368=DIRECTION('',(-0.866025403784439,0.,0.5));
#9369=DIRECTION('',(0.866025403784439,0.,0.5));
#9370=DIRECTION('',(0.,1.,0.));
#9371=DIRECTION('',(0.,0.,-1.));
#9372=DIRECTION('',(0.866025403784439,0.,0.5));
#9373=DIRECTION('',(0.,0.,-1.));
#9374=DIRECTION('',(0.,1.,0.));
#9375=DIRECTION('',(0.,0.,-1.));
#9376=DIRECTION('',(0.,0.,-1.));
#9377=DIRECTION('',(-0.866025403784439,0.,0.5));
#9378=DIRECTION('',(0.,1.,0.));
#9379=DIRECTION('',(0.,0.,-1.));
#9380=DIRECTION('',(-0.866025403784439,0.,0.5));
#9381=DIRECTION('',(0.866025403784439,0.,0.5));
#9382=DIRECTION('',(0.,1.,0.));
#9383=DIRECTION('',(0.,0.,-1.));
#9384=DIRECTION('',(0.866025403784439,0.,0.5));
#9385=DIRECTION('',(0.,0.,-1.));
#9386=DIRECTION('',(0.,1.,0.));
#9387=DIRECTION('',(0.,0.,-1.));
#9388=DIRECTION('',(0.,0.,-1.));
#9389=DIRECTION('',(-0.866025403784439,0.,0.5));
#9390=DIRECTION('',(0.,1.,0.));
#9391=DIRECTION('',(0.,0.,-1.));
#9392=DIRECTION('',(-0.866025403784439,0.,0.5));
#9393=DIRECTION('',(0.866025403784439,0.,0.5));
#9394=DIRECTION('',(0.,1.,0.));
#9395=DIRECTION('',(0.,0.,-1.));
#9396=DIRECTION('',(0.866025403784439,0.,0.5));
#9397=DIRECTION('',(0.,0.,-1.));
#9398=DIRECTION('',(0.,1.,0.));
#9399=DIRECTION('',(0.,0.,-1.));
#9400=DIRECTION('',(0.,0.,-1.));
#9401=DIRECTION('',(-0.866025403784439,0.,0.5));
#9402=DIRECTION('',(0.,1.,0.));
#9403=DIRECTION('',(0.,0.,-1.));
#9404=DIRECTION('',(-0.866025403784439,0.,0.5));
#9405=DIRECTION('',(0.866025403784439,0.,0.5));
#9406=DIRECTION('',(0.,1.,0.));
#9407=DIRECTION('',(0.,0.,-1.));
#9408=DIRECTION('',(0.866025403784439,0.,0.5));
#9409=DIRECTION('',(0.,0.,-1.));
#9410=DIRECTION('',(0.,1.,0.));
#9411=DIRECTION('',(0.,0.,-1.));
#9412=DIRECTION('',(0.,0.,-1.));
#9413=DIRECTION('',(-0.866025403784439,0.,0.5));
#9414=DIRECTION('',(0.,1.,0.));
#9415=DIRECTION('',(0.,0.,-1.));
#9416=DIRECTION('',(-0.866025403784439,0.,0.5));
#9417=DIRECTION('',(0.866025403784439,0.,0.5));
#9418=DIRECTION('',(0.,1.,0.));
#9419=DIRECTION('',(0.,0.,-1.));
#9420=DIRECTION('',(0.866025403784439,0.,0.5));
#9421=DIRECTION('',(0.,0.,-1.));
#9422=DIRECTION('',(0.,1.,0.));
#9423=DIRECTION('',(0.,0.,-1.));
#9424=DIRECTION('',(0.,0.,-1.));
#9425=DIRECTION('',(-0.866025403784439,0.,0.5));
#9426=DIRECTION('',(0.,1.,0.));
#9427=DIRECTION('',(0.,0.,-1.));
#9428=DIRECTION('',(-0.866025403784439,0.,0.5));
#9429=DIRECTION('',(0.866025403784439,0.,0.5));
#9430=DIRECTION('',(0.,1.,0.));
#9431=DIRECTION('',(0.,0.,-1.));
#9432=DIRECTION('',(0.866025403784439,0.,0.5));
#9433=DIRECTION('',(0.,0.,-1.));
#9434=DIRECTION('',(0.,1.,0.));
#9435=DIRECTION('',(0.,0.,-1.));
#9436=DIRECTION('',(0.,0.,-1.));
#9437=DIRECTION('',(-0.866025403784439,0.,0.5));
#9438=DIRECTION('',(0.,1.,0.));
#9439=DIRECTION('',(0.,0.,-1.));
#9440=DIRECTION('',(-0.866025403784439,0.,0.5));
#9441=DIRECTION('',(0.866025403784439,0.,0.5));
#9442=DIRECTION('',(0.,1.,0.));
#9443=DIRECTION('',(0.,0.,-1.));
#9444=DIRECTION('',(0.866025403784439,0.,0.5));
#9445=DIRECTION('',(0.,0.,-1.));
#9446=DIRECTION('',(0.,1.,0.));
#9447=DIRECTION('',(0.,0.,-1.));
#9448=DIRECTION('',(0.,0.,-1.));
#9449=DIRECTION('',(-0.866025403784439,0.,0.5));
#9450=DIRECTION('',(0.,1.,0.));
#9451=DIRECTION('',(0.,0.,-1.));
#9452=DIRECTION('',(0.,0.,1.));
#9453=DIRECTION('',(0.,1.,0.));
#9454=DIRECTION('',(0.,0.,-1.));
#9455=DIRECTION('',(0.,0.,1.));
#9456=DIRECTION('',(-0.866025403784439,0.,0.5));
#9457=DIRECTION('',(0.,1.,0.));
#9458=DIRECTION('',(0.,0.,-1.));
#9459=DIRECTION('',(-0.866025403784438,0.,0.5));
#9460=DIRECTION('',(0.866025403784438,0.,0.5));
#9461=DIRECTION('',(0.,1.,0.));
#9462=DIRECTION('',(0.,0.,-1.));
#9463=DIRECTION('',(0.866025403784439,0.,0.5));
#9464=DIRECTION('',(0.,-1.,0.));
#9465=DIRECTION('',(1.,0.,0.));
#9466=DIRECTION('',(0.866025403784439,0.,0.5));
#9467=DIRECTION('',(-0.866025403784439,0.,0.5));
#9468=DIRECTION('',(0.,-1.,0.));
#9469=DIRECTION('',(0.,0.,-1.));
#9470=DIRECTION('',(-0.866025403784439,0.,0.5));
#9471=DIRECTION('',(0.,0.,-1.));
#9472=DIRECTION('',(0.,-1.,0.));
#9473=DIRECTION('',(0.,0.,-1.));
#9474=DIRECTION('',(0.,0.,-1.));
#9475=DIRECTION('',(0.866025403784439,0.,0.5));
#9476=DIRECTION('',(0.,-1.,0.));
#9477=DIRECTION('',(0.,0.,-1.));
#9478=DIRECTION('',(0.866025403784439,0.,0.5));
#9479=DIRECTION('',(-0.866025403784439,0.,0.5));
#9480=DIRECTION('',(0.,-1.,0.));
#9481=DIRECTION('',(0.,0.,-1.));
#9482=DIRECTION('',(-0.866025403784439,0.,0.5));
#9483=DIRECTION('',(0.,0.,-1.));
#9484=DIRECTION('',(0.,-1.,0.));
#9485=DIRECTION('',(0.,0.,-1.));
#9486=DIRECTION('',(0.,0.,-1.));
#9487=DIRECTION('',(0.866025403784439,0.,0.5));
#9488=DIRECTION('',(0.,-1.,0.));
#9489=DIRECTION('',(0.,0.,-1.));
#9490=DIRECTION('',(0.866025403784439,0.,0.5));
#9491=DIRECTION('',(-0.866025403784439,0.,0.5));
#9492=DIRECTION('',(0.,-1.,0.));
#9493=DIRECTION('',(0.,0.,-1.));
#9494=DIRECTION('',(-0.866025403784439,0.,0.5));
#9495=DIRECTION('',(0.,0.,-1.));
#9496=DIRECTION('',(0.,-1.,0.));
#9497=DIRECTION('',(0.,0.,-1.));
#9498=DIRECTION('',(0.,0.,-1.));
#9499=DIRECTION('',(0.866025403784439,0.,0.5));
#9500=DIRECTION('',(0.,-1.,0.));
#9501=DIRECTION('',(0.,0.,-1.));
#9502=DIRECTION('',(0.866025403784439,0.,0.5));
#9503=DIRECTION('',(-0.866025403784439,0.,0.5));
#9504=DIRECTION('',(0.,-1.,0.));
#9505=DIRECTION('',(0.,0.,-1.));
#9506=DIRECTION('',(-0.866025403784439,0.,0.5));
#9507=DIRECTION('',(0.,0.,-1.));
#9508=DIRECTION('',(0.,-1.,0.));
#9509=DIRECTION('',(0.,0.,-1.));
#9510=DIRECTION('',(0.,0.,-1.));
#9511=DIRECTION('',(0.866025403784439,0.,0.5));
#9512=DIRECTION('',(0.,-1.,0.));
#9513=DIRECTION('',(0.,0.,-1.));
#9514=DIRECTION('',(0.866025403784439,0.,0.5));
#9515=DIRECTION('',(-0.866025403784439,0.,0.5));
#9516=DIRECTION('',(0.,-1.,0.));
#9517=DIRECTION('',(0.,0.,-1.));
#9518=DIRECTION('',(-0.866025403784439,0.,0.5));
#9519=DIRECTION('',(0.,0.,-1.));
#9520=DIRECTION('',(0.,-1.,0.));
#9521=DIRECTION('',(0.,0.,-1.));
#9522=DIRECTION('',(0.,0.,-1.));
#9523=DIRECTION('',(0.866025403784439,0.,0.5));
#9524=DIRECTION('',(0.,-1.,0.));
#9525=DIRECTION('',(0.,0.,-1.));
#9526=DIRECTION('',(0.866025403784439,0.,0.5));
#9527=DIRECTION('',(-0.866025403784439,0.,0.5));
#9528=DIRECTION('',(0.,-1.,0.));
#9529=DIRECTION('',(0.,0.,-1.));
#9530=DIRECTION('',(-0.866025403784439,0.,0.5));
#9531=DIRECTION('',(0.,0.,-1.));
#9532=DIRECTION('',(0.,-1.,0.));
#9533=DIRECTION('',(0.,0.,-1.));
#9534=DIRECTION('',(0.,0.,-1.));
#9535=DIRECTION('',(0.866025403784439,0.,0.5));
#9536=DIRECTION('',(0.,-1.,0.));
#9537=DIRECTION('',(0.,0.,-1.));
#9538=DIRECTION('',(0.866025403784439,0.,0.5));
#9539=DIRECTION('',(-0.866025403784439,0.,0.5));
#9540=DIRECTION('',(0.,-1.,0.));
#9541=DIRECTION('',(0.,0.,-1.));
#9542=DIRECTION('',(-0.866025403784439,0.,0.5));
#9543=DIRECTION('',(0.,0.,-1.));
#9544=DIRECTION('',(0.,-1.,0.));
#9545=DIRECTION('',(0.,0.,-1.));
#9546=DIRECTION('',(0.,0.,-1.));
#9547=DIRECTION('',(0.866025403784439,0.,0.5));
#9548=DIRECTION('',(0.,-1.,0.));
#9549=DIRECTION('',(0.,0.,-1.));
#9550=DIRECTION('',(0.866025403784439,0.,0.5));
#9551=DIRECTION('',(-0.866025403784439,0.,0.5));
#9552=DIRECTION('',(0.,-1.,0.));
#9553=DIRECTION('',(0.,0.,-1.));
#9554=DIRECTION('',(-0.866025403784439,0.,0.5));
#9555=DIRECTION('',(0.,0.,-1.));
#9556=DIRECTION('',(0.,-1.,0.));
#9557=DIRECTION('',(0.,0.,-1.));
#9558=DIRECTION('',(0.,0.,-1.));
#9559=DIRECTION('',(0.866025403784439,0.,0.5));
#9560=DIRECTION('',(0.,-1.,0.));
#9561=DIRECTION('',(0.,0.,-1.));
#9562=DIRECTION('',(0.866025403784439,0.,0.5));
#9563=DIRECTION('',(-0.866025403784439,0.,0.5));
#9564=DIRECTION('',(0.,-1.,0.));
#9565=DIRECTION('',(0.,0.,-1.));
#9566=DIRECTION('',(-0.866025403784439,0.,0.5));
#9567=DIRECTION('',(0.,0.,-1.));
#9568=DIRECTION('',(0.,-1.,0.));
#9569=DIRECTION('',(0.,0.,-1.));
#9570=DIRECTION('',(0.,0.,-1.));
#9571=DIRECTION('',(0.866025403784439,0.,0.5));
#9572=DIRECTION('',(0.,-1.,0.));
#9573=DIRECTION('',(0.,0.,-1.));
#9574=DIRECTION('',(0.866025403784439,0.,0.5));
#9575=DIRECTION('',(-0.866025403784439,0.,0.5));
#9576=DIRECTION('',(0.,-1.,0.));
#9577=DIRECTION('',(0.,0.,-1.));
#9578=DIRECTION('',(-0.866025403784439,0.,0.5));
#9579=DIRECTION('',(0.,0.,-1.));
#9580=DIRECTION('',(0.,-1.,0.));
#9581=DIRECTION('',(0.,0.,-1.));
#9582=DIRECTION('',(0.,0.,-1.));
#9583=DIRECTION('',(0.866025403784439,0.,0.5));
#9584=DIRECTION('',(0.,-1.,0.));
#9585=DIRECTION('',(0.,0.,-1.));
#9586=DIRECTION('',(0.866025403784439,0.,0.5));
#9587=DIRECTION('',(-0.866025403784439,0.,0.5));
#9588=DIRECTION('',(0.,-1.,0.));
#9589=DIRECTION('',(0.,0.,-1.));
#9590=DIRECTION('',(-0.866025403784439,0.,0.5));
#9591=DIRECTION('',(0.,0.,-1.));
#9592=DIRECTION('',(0.,-1.,0.));
#9593=DIRECTION('',(0.,0.,-1.));
#9594=DIRECTION('',(0.,0.,-1.));
#9595=DIRECTION('',(0.866025403784439,0.,0.5));
#9596=DIRECTION('',(0.,-1.,0.));
#9597=DIRECTION('',(0.,0.,-1.));
#9598=DIRECTION('',(0.866025403784439,0.,0.5));
#9599=DIRECTION('',(-0.866025403784439,0.,0.5));
#9600=DIRECTION('',(0.,-1.,0.));
#9601=DIRECTION('',(0.,0.,-1.));
#9602=DIRECTION('',(-0.866025403784439,0.,0.5));
#9603=DIRECTION('',(0.,0.,-1.));
#9604=DIRECTION('',(0.,-1.,0.));
#9605=DIRECTION('',(0.,0.,-1.));
#9606=DIRECTION('',(0.,0.,-1.));
#9607=DIRECTION('',(0.866025403784439,0.,0.5));
#9608=DIRECTION('',(0.,-1.,0.));
#9609=DIRECTION('',(0.,0.,-1.));
#9610=DIRECTION('',(0.866025403784439,0.,0.5));
#9611=DIRECTION('',(-0.866025403784439,0.,0.5));
#9612=DIRECTION('',(0.,-1.,0.));
#9613=DIRECTION('',(0.,0.,-1.));
#9614=DIRECTION('',(-0.866025403784439,0.,0.5));
#9615=DIRECTION('',(0.,0.,-1.));
#9616=DIRECTION('',(0.,-1.,0.));
#9617=DIRECTION('',(0.,0.,-1.));
#9618=DIRECTION('',(0.,0.,-1.));
#9619=DIRECTION('',(0.866025403784439,0.,0.5));
#9620=DIRECTION('',(0.,-1.,0.));
#9621=DIRECTION('',(0.,0.,-1.));
#9622=DIRECTION('',(0.866025403784439,0.,0.5));
#9623=DIRECTION('',(-0.866025403784439,0.,0.5));
#9624=DIRECTION('',(0.,-1.,0.));
#9625=DIRECTION('',(0.,0.,-1.));
#9626=DIRECTION('',(-0.866025403784439,0.,0.5));
#9627=DIRECTION('',(0.,0.,-1.));
#9628=DIRECTION('',(0.,-1.,0.));
#9629=DIRECTION('',(0.,0.,-1.));
#9630=DIRECTION('',(0.,0.,-1.));
#9631=DIRECTION('',(0.866025403784439,0.,0.5));
#9632=DIRECTION('',(0.,-1.,0.));
#9633=DIRECTION('',(0.,0.,-1.));
#9634=DIRECTION('',(0.866025403784439,0.,0.5));
#9635=DIRECTION('',(-0.866025403784439,0.,0.5));
#9636=DIRECTION('',(0.,-1.,0.));
#9637=DIRECTION('',(0.,0.,-1.));
#9638=DIRECTION('',(-0.866025403784439,0.,0.5));
#9639=DIRECTION('',(0.,0.,-1.));
#9640=DIRECTION('',(0.,-1.,0.));
#9641=DIRECTION('',(0.,0.,-1.));
#9642=DIRECTION('',(0.,0.,-1.));
#9643=DIRECTION('',(0.866025403784439,0.,0.5));
#9644=DIRECTION('',(0.,-1.,0.));
#9645=DIRECTION('',(0.,0.,-1.));
#9646=DIRECTION('',(0.866025403784439,0.,0.5));
#9647=DIRECTION('',(-0.866025403784439,0.,0.5));
#9648=DIRECTION('',(0.,-1.,0.));
#9649=DIRECTION('',(0.,0.,-1.));
#9650=DIRECTION('',(-0.866025403784439,0.,0.5));
#9651=DIRECTION('',(0.,0.,-1.));
#9652=DIRECTION('',(0.,-1.,0.));
#9653=DIRECTION('',(0.,0.,-1.));
#9654=DIRECTION('',(0.,0.,-1.));
#9655=DIRECTION('',(0.866025403784439,0.,0.5));
#9656=DIRECTION('',(0.,-1.,0.));
#9657=DIRECTION('',(0.,0.,-1.));
#9658=DIRECTION('',(0.866025403784439,0.,0.5));
#9659=DIRECTION('',(-0.866025403784439,0.,0.5));
#9660=DIRECTION('',(0.,-1.,0.));
#9661=DIRECTION('',(0.,0.,-1.));
#9662=DIRECTION('',(-0.866025403784439,0.,0.5));
#9663=DIRECTION('',(0.,0.,-1.));
#9664=DIRECTION('',(0.,-1.,0.));
#9665=DIRECTION('',(0.,0.,-1.));
#9666=DIRECTION('',(0.,0.,-1.));
#9667=DIRECTION('',(0.866025403784439,0.,0.5));
#9668=DIRECTION('',(0.,-1.,0.));
#9669=DIRECTION('',(0.,0.,-1.));
#9670=DIRECTION('',(0.866025403784439,0.,0.5));
#9671=DIRECTION('',(-0.866025403784439,0.,0.5));
#9672=DIRECTION('',(0.,-1.,0.));
#9673=DIRECTION('',(0.,0.,-1.));
#9674=DIRECTION('',(-0.866025403784439,0.,0.5));
#9675=DIRECTION('',(0.,0.,-1.));
#9676=DIRECTION('',(0.,-1.,0.));
#9677=DIRECTION('',(0.,0.,-1.));
#9678=DIRECTION('',(0.,0.,-1.));
#9679=DIRECTION('',(0.866025403784439,0.,0.5));
#9680=DIRECTION('',(0.,-1.,0.));
#9681=DIRECTION('',(0.,0.,-1.));
#9682=DIRECTION('',(0.866025403784439,0.,0.5));
#9683=DIRECTION('',(-0.866025403784439,0.,0.5));
#9684=DIRECTION('',(0.,-1.,0.));
#9685=DIRECTION('',(0.,0.,-1.));
#9686=DIRECTION('',(-0.866025403784439,0.,0.5));
#9687=DIRECTION('',(0.,0.,-1.));
#9688=DIRECTION('',(0.,-1.,0.));
#9689=DIRECTION('',(0.,0.,-1.));
#9690=DIRECTION('',(0.,0.,-1.));
#9691=DIRECTION('',(0.866025403784439,0.,0.5));
#9692=DIRECTION('',(0.,-1.,0.));
#9693=DIRECTION('',(0.,0.,-1.));
#9694=DIRECTION('',(0.866025403784439,0.,0.5));
#9695=DIRECTION('',(-0.866025403784439,0.,0.5));
#9696=DIRECTION('',(0.,-1.,0.));
#9697=DIRECTION('',(0.,0.,-1.));
#9698=DIRECTION('',(-0.866025403784439,0.,0.5));
#9699=DIRECTION('',(0.,0.,-1.));
#9700=DIRECTION('',(0.,-1.,0.));
#9701=DIRECTION('',(0.,0.,-1.));
#9702=DIRECTION('',(0.,0.,-1.));
#9703=DIRECTION('',(0.866025403784439,0.,0.5));
#9704=DIRECTION('',(0.,-1.,0.));
#9705=DIRECTION('',(0.,0.,-1.));
#9706=DIRECTION('',(0.866025403784439,0.,0.5));
#9707=DIRECTION('',(-0.866025403784439,0.,0.5));
#9708=DIRECTION('',(0.,-1.,0.));
#9709=DIRECTION('',(0.,0.,-1.));
#9710=DIRECTION('',(-0.866025403784439,0.,0.5));
#9711=DIRECTION('',(0.,0.,-1.));
#9712=DIRECTION('',(0.,-1.,0.));
#9713=DIRECTION('',(0.,0.,-1.));
#9714=DIRECTION('',(0.,0.,-1.));
#9715=DIRECTION('',(0.866025403784439,0.,0.5));
#9716=DIRECTION('',(0.,-1.,0.));
#9717=DIRECTION('',(0.,0.,-1.));
#9718=DIRECTION('',(0.866025403784439,0.,0.5));
#9719=DIRECTION('',(-0.866025403784439,0.,0.5));
#9720=DIRECTION('',(0.,-1.,0.));
#9721=DIRECTION('',(0.,0.,-1.));
#9722=DIRECTION('',(-0.866025403784439,0.,0.5));
#9723=DIRECTION('',(0.,0.,-1.));
#9724=DIRECTION('',(0.,-1.,0.));
#9725=DIRECTION('',(0.,0.,-1.));
#9726=DIRECTION('',(0.,0.,-1.));
#9727=DIRECTION('',(0.866025403784439,0.,0.5));
#9728=DIRECTION('',(0.,-1.,0.));
#9729=DIRECTION('',(0.,0.,-1.));
#9730=DIRECTION('',(0.866025403784439,0.,0.5));
#9731=DIRECTION('',(-0.866025403784439,0.,0.5));
#9732=DIRECTION('',(0.,-1.,0.));
#9733=DIRECTION('',(0.,0.,-1.));
#9734=DIRECTION('',(-0.866025403784439,0.,0.5));
#9735=DIRECTION('',(0.,0.,-1.));
#9736=DIRECTION('',(0.,-1.,0.));
#9737=DIRECTION('',(0.,0.,-1.));
#9738=DIRECTION('',(0.,0.,-1.));
#9739=DIRECTION('',(0.866025403784439,0.,0.5));
#9740=DIRECTION('',(0.,-1.,0.));
#9741=DIRECTION('',(0.,0.,-1.));
#9742=DIRECTION('',(0.866025403784439,0.,0.5));
#9743=DIRECTION('',(-0.866025403784439,0.,0.5));
#9744=DIRECTION('',(0.,-1.,0.));
#9745=DIRECTION('',(0.,0.,-1.));
#9746=DIRECTION('',(-0.866025403784439,0.,0.5));
#9747=DIRECTION('',(0.,0.,-1.));
#9748=DIRECTION('',(0.,-1.,0.));
#9749=DIRECTION('',(0.,0.,-1.));
#9750=DIRECTION('',(0.,0.,-1.));
#9751=DIRECTION('',(0.866025403784439,0.,0.5));
#9752=DIRECTION('',(0.,-1.,0.));
#9753=DIRECTION('',(0.,0.,-1.));
#9754=DIRECTION('',(-1.73472347597681E-16,0.,-1.));
#9755=DIRECTION('',(1.,0.,0.));
#9756=DIRECTION('',(-1.73472347597681E-16,0.,-1.));
#9757=DIRECTION('',(1.,0.,0.));
#9758=DIRECTION('',(0.,-1.,0.));
#9759=DIRECTION('',(0.,0.,-1.));
#9760=DIRECTION('',(-1.95461800110063E-16,0.,-1.));
#9761=DIRECTION('',(0.,-1.,0.));
#9762=DIRECTION('',(0.,0.,-1.));
#9763=DIRECTION('',(1.,0.,0.));
#9764=DIRECTION('',(0.,-1.,0.));
#9765=DIRECTION('',(0.,0.,-1.));
#9766=DIRECTION('',(-1.95461800110063E-16,0.,-1.));
#9767=DIRECTION('',(0.,-1.,0.));
#9768=DIRECTION('',(0.,0.,-1.));
#9769=DIRECTION('',(1.,0.,0.));
#9770=DIRECTION('',(0.,-1.,0.));
#9771=DIRECTION('',(0.,0.,-1.));
#9772=DIRECTION('',(0.,0.,1.));
#9773=DIRECTION('',(0.866025403784439,0.,0.5));
#9774=DIRECTION('',(0.,-1.,0.));
#9775=DIRECTION('',(0.,0.,-1.));
#9776=DIRECTION('',(0.866025403784438,0.,0.5));
#9777=DIRECTION('',(-0.866025403784438,0.,0.5));
#9778=DIRECTION('',(0.,-1.,0.));
#9779=DIRECTION('',(0.,0.,-1.));
#9780=DIRECTION('',(-0.866025403784439,0.,0.5));
#9781=DIRECTION('',(0.,0.,1.));
#9782=DIRECTION('',(0.,-1.,0.));
#9783=DIRECTION('',(0.,0.,-1.));
#9784=DIRECTION('',(0.,-1.,0.));
#9785=DIRECTION('',(0.,-1.,0.));
#9786=DIRECTION('',(0.,-1.,0.));
#9787=DIRECTION('',(0.,0.,-1.));
#9788=DIRECTION('',(0.,-1.,0.));
#9789=DIRECTION('',(0.,-1.,0.));
#9790=DIRECTION('',(0.,-1.,0.));
#9791=DIRECTION('',(0.,0.,-1.));
#9792=DIRECTION('',(0.,-1.,0.));
#9793=DIRECTION('',(0.,-1.,0.));
#9794=DIRECTION('',(-1.,0.,0.));
#9795=DIRECTION('',(0.,0.,1.));
#9796=DIRECTION('',(0.,-1.,0.));
#9797=DIRECTION('',(0.5,0.,-0.866025403784439));
#9798=DIRECTION('',(-0.866025403784439,0.,-0.5));
#9799=DIRECTION('',(-1.,0.,0.));
#9800=DIRECTION('',(0.,0.,1.));
#9801=DIRECTION('',(0.,-1.,0.));
#9802=DIRECTION('',(0.5,0.,0.866025403784439));
#9803=DIRECTION('',(0.866025403784439,0.,-0.5));
#9804=DIRECTION('',(0.5,0.,0.866025403784439));
#9805=DIRECTION('',(0.866025403784439,0.,-0.5));
#9806=DIRECTION('',(0.,-1.,0.));
#9807=DIRECTION('',(0.5,0.,-0.866025403784439));
#9808=DIRECTION('',(-0.866025403784439,0.,-0.5));
#9809=DIRECTION('',(0.,-1.,0.));
#9810=DIRECTION('',(0.,0.,-1.));
#9811=DIRECTION('',(0.,-1.,0.));
#9812=DIRECTION('',(0.,-1.,0.));
#9813=DIRECTION('',(0.,-1.,0.));
#9814=DIRECTION('',(0.,0.,-1.));
#9815=DIRECTION('',(0.,-1.,0.));
#9816=DIRECTION('',(0.,-1.,0.));
#9817=DIRECTION('',(0.,-1.,0.));
#9818=DIRECTION('',(0.,0.,-1.));
#9819=DIRECTION('',(0.,-1.,0.));
#9820=DIRECTION('',(0.,-1.,0.));
#9821=DIRECTION('',(-1.,0.,0.));
#9822=DIRECTION('',(0.,0.,1.));
#9823=DIRECTION('',(0.,-1.,0.));
#9824=DIRECTION('',(0.5,0.,-0.866025403784439));
#9825=DIRECTION('',(-0.866025403784439,0.,-0.5));
#9826=DIRECTION('',(-1.,0.,0.));
#9827=DIRECTION('',(0.,0.,1.));
#9828=DIRECTION('',(0.,-1.,0.));
#9829=DIRECTION('',(0.5,0.,0.866025403784439));
#9830=DIRECTION('',(0.866025403784439,0.,-0.5));
#9831=DIRECTION('',(0.5,0.,0.866025403784439));
#9832=DIRECTION('',(0.866025403784439,0.,-0.5));
#9833=DIRECTION('',(0.,-1.,0.));
#9834=DIRECTION('',(0.5,0.,-0.866025403784439));
#9835=DIRECTION('',(-0.866025403784439,0.,-0.5));
#9836=DIRECTION('',(0.,-1.,0.));
#9837=DIRECTION('',(0.,0.,-1.));
#9838=DIRECTION('',(0.,-1.,0.));
#9839=DIRECTION('',(0.,-1.,0.));
#9840=DIRECTION('',(0.,-1.,0.));
#9841=DIRECTION('',(0.,0.,-1.));
#9842=DIRECTION('',(0.,-1.,0.));
#9843=DIRECTION('',(0.,-1.,0.));
#9844=DIRECTION('',(0.,-1.,0.));
#9845=DIRECTION('',(0.,0.,-1.));
#9846=DIRECTION('',(0.,-1.,0.));
#9847=DIRECTION('',(0.,-1.,0.));
#9848=DIRECTION('',(-1.,0.,0.));
#9849=DIRECTION('',(0.,0.,1.));
#9850=DIRECTION('',(0.,-1.,0.));
#9851=DIRECTION('',(0.5,0.,-0.866025403784439));
#9852=DIRECTION('',(-0.866025403784439,0.,-0.5));
#9853=DIRECTION('',(-1.,0.,0.));
#9854=DIRECTION('',(0.,0.,1.));
#9855=DIRECTION('',(0.,-1.,0.));
#9856=DIRECTION('',(0.5,0.,0.866025403784439));
#9857=DIRECTION('',(0.866025403784439,0.,-0.5));
#9858=DIRECTION('',(0.5,0.,0.866025403784439));
#9859=DIRECTION('',(0.866025403784439,0.,-0.5));
#9860=DIRECTION('',(0.,-1.,0.));
#9861=DIRECTION('',(0.5,0.,-0.866025403784439));
#9862=DIRECTION('',(-0.866025403784439,0.,-0.5));
#9863=DIRECTION('',(0.,-1.,0.));
#9864=DIRECTION('',(0.,0.,-1.));
#9865=DIRECTION('',(0.,-1.,0.));
#9866=DIRECTION('',(0.,-1.,0.));
#9867=DIRECTION('',(0.,-1.,0.));
#9868=DIRECTION('',(0.,0.,-1.));
#9869=DIRECTION('',(0.,-1.,0.));
#9870=DIRECTION('',(0.,-1.,0.));
#9871=DIRECTION('',(0.,-1.,0.));
#9872=DIRECTION('',(0.,0.,-1.));
#9873=DIRECTION('',(0.,-1.,0.));
#9874=DIRECTION('',(0.,-1.,0.));
#9875=DIRECTION('',(-1.,0.,0.));
#9876=DIRECTION('',(0.,0.,1.));
#9877=DIRECTION('',(0.,-1.,0.));
#9878=DIRECTION('',(0.5,0.,-0.866025403784439));
#9879=DIRECTION('',(-0.866025403784439,0.,-0.5));
#9880=DIRECTION('',(-1.,0.,0.));
#9881=DIRECTION('',(0.,0.,1.));
#9882=DIRECTION('',(0.,-1.,0.));
#9883=DIRECTION('',(0.5,0.,0.866025403784439));
#9884=DIRECTION('',(0.866025403784439,0.,-0.5));
#9885=DIRECTION('',(0.5,0.,0.866025403784439));
#9886=DIRECTION('',(0.866025403784439,0.,-0.5));
#9887=DIRECTION('',(0.,-1.,0.));
#9888=DIRECTION('',(0.5,0.,-0.866025403784439));
#9889=DIRECTION('',(-0.866025403784439,0.,-0.5));
#9890=DIRECTION('',(0.,-1.,0.));
#9891=DIRECTION('',(0.,0.,-1.));
#9892=DIRECTION('',(0.,-1.,0.));
#9893=DIRECTION('',(0.,-1.,0.));
#9894=DIRECTION('',(0.,-1.,0.));
#9895=DIRECTION('',(0.,0.,-1.));
#9896=DIRECTION('',(0.,-1.,0.));
#9897=DIRECTION('',(0.,-1.,0.));
#9898=DIRECTION('',(0.,-1.,0.));
#9899=DIRECTION('',(0.,0.,-1.));
#9900=DIRECTION('',(0.,-1.,0.));
#9901=DIRECTION('',(0.,-1.,0.));
#9902=DIRECTION('',(-1.,0.,0.));
#9903=DIRECTION('',(0.,0.,1.));
#9904=DIRECTION('',(0.,-1.,0.));
#9905=DIRECTION('',(0.5,0.,-0.866025403784439));
#9906=DIRECTION('',(-0.866025403784439,0.,-0.5));
#9907=DIRECTION('',(-1.,0.,0.));
#9908=DIRECTION('',(0.,0.,1.));
#9909=DIRECTION('',(0.,-1.,0.));
#9910=DIRECTION('',(0.5,0.,0.866025403784439));
#9911=DIRECTION('',(0.866025403784439,0.,-0.5));
#9912=DIRECTION('',(0.5,0.,0.866025403784439));
#9913=DIRECTION('',(0.866025403784439,0.,-0.5));
#9914=DIRECTION('',(0.,-1.,0.));
#9915=DIRECTION('',(0.5,0.,-0.866025403784439));
#9916=DIRECTION('',(-0.866025403784439,0.,-0.5));
#9917=DIRECTION('',(0.,-1.,0.));
#9918=DIRECTION('',(0.,0.,-1.));
#9919=DIRECTION('',(0.,-1.,0.));
#9920=DIRECTION('',(0.,-1.,0.));
#9921=DIRECTION('',(0.,-1.,0.));
#9922=DIRECTION('',(0.,0.,-1.));
#9923=DIRECTION('',(0.,-1.,0.));
#9924=DIRECTION('',(0.,-1.,0.));
#9925=DIRECTION('',(0.,-1.,0.));
#9926=DIRECTION('',(0.,0.,-1.));
#9927=DIRECTION('',(0.,-1.,0.));
#9928=DIRECTION('',(0.,-1.,0.));
#9929=DIRECTION('',(-1.,0.,0.));
#9930=DIRECTION('',(0.,0.,1.));
#9931=DIRECTION('',(0.,-1.,0.));
#9932=DIRECTION('',(0.5,0.,-0.866025403784439));
#9933=DIRECTION('',(-0.866025403784439,0.,-0.5));
#9934=DIRECTION('',(-1.,0.,0.));
#9935=DIRECTION('',(0.,0.,1.));
#9936=DIRECTION('',(0.,-1.,0.));
#9937=DIRECTION('',(0.5,0.,0.866025403784439));
#9938=DIRECTION('',(0.866025403784439,0.,-0.5));
#9939=DIRECTION('',(0.5,0.,0.866025403784439));
#9940=DIRECTION('',(0.866025403784439,0.,-0.5));
#9941=DIRECTION('',(0.,-1.,0.));
#9942=DIRECTION('',(0.5,0.,-0.866025403784439));
#9943=DIRECTION('',(-0.866025403784439,0.,-0.5));
#9944=DIRECTION('',(0.,-1.,0.));
#9945=DIRECTION('',(0.,0.,-1.));
#9946=DIRECTION('',(0.,-1.,0.));
#9947=DIRECTION('',(0.,-1.,0.));
#9948=DIRECTION('',(0.,-1.,0.));
#9949=DIRECTION('',(0.,0.,-1.));
#9950=DIRECTION('',(0.,-1.,0.));
#9951=DIRECTION('',(0.,-1.,0.));
#9952=DIRECTION('',(0.,-1.,0.));
#9953=DIRECTION('',(0.,0.,-1.));
#9954=DIRECTION('',(0.,-1.,0.));
#9955=DIRECTION('',(0.,-1.,0.));
#9956=DIRECTION('',(-1.,0.,0.));
#9957=DIRECTION('',(0.,0.,1.));
#9958=DIRECTION('',(0.,-1.,0.));
#9959=DIRECTION('',(0.5,0.,-0.866025403784439));
#9960=DIRECTION('',(-0.866025403784439,0.,-0.5));
#9961=DIRECTION('',(-1.,0.,0.));
#9962=DIRECTION('',(0.,0.,1.));
#9963=DIRECTION('',(0.,-1.,0.));
#9964=DIRECTION('',(0.5,0.,0.866025403784439));
#9965=DIRECTION('',(0.866025403784439,0.,-0.5));
#9966=DIRECTION('',(0.5,0.,0.866025403784439));
#9967=DIRECTION('',(0.866025403784439,0.,-0.5));
#9968=DIRECTION('',(0.,-1.,0.));
#9969=DIRECTION('',(0.5,0.,-0.866025403784439));
#9970=DIRECTION('',(-0.866025403784439,0.,-0.5));
#9971=DIRECTION('',(0.,-1.,0.));
#9972=DIRECTION('',(0.,0.,-1.));
#9973=DIRECTION('',(0.,-1.,0.));
#9974=DIRECTION('',(0.,-1.,0.));
#9975=DIRECTION('',(0.,-1.,0.));
#9976=DIRECTION('',(0.,0.,-1.));
#9977=DIRECTION('',(0.,-1.,0.));
#9978=DIRECTION('',(0.,-1.,0.));
#9979=DIRECTION('',(0.,-1.,0.));
#9980=DIRECTION('',(0.,0.,-1.));
#9981=DIRECTION('',(0.,-1.,0.));
#9982=DIRECTION('',(0.,-1.,0.));
#9983=DIRECTION('',(-1.,0.,0.));
#9984=DIRECTION('',(0.,0.,1.));
#9985=DIRECTION('',(0.,-1.,0.));
#9986=DIRECTION('',(0.5,0.,-0.866025403784439));
#9987=DIRECTION('',(-0.866025403784439,0.,-0.5));
#9988=DIRECTION('',(-1.,0.,0.));
#9989=DIRECTION('',(0.,0.,1.));
#9990=DIRECTION('',(0.,-1.,0.));
#9991=DIRECTION('',(0.5,0.,0.866025403784439));
#9992=DIRECTION('',(0.866025403784439,0.,-0.5));
#9993=DIRECTION('',(0.5,0.,0.866025403784439));
#9994=DIRECTION('',(0.866025403784439,0.,-0.5));
#9995=DIRECTION('',(0.,-1.,0.));
#9996=DIRECTION('',(0.5,0.,-0.866025403784439));
#9997=DIRECTION('',(-0.866025403784439,0.,-0.5));
#9998=DIRECTION('',(0.,-1.,0.));
#9999=DIRECTION('',(0.,0.,-1.));
#10000=DIRECTION('',(0.,-1.,0.));
#10001=DIRECTION('',(0.,-1.,0.));
#10002=DIRECTION('',(0.,-1.,0.));
#10003=DIRECTION('',(0.,0.,-1.));
#10004=DIRECTION('',(0.,-1.,0.));
#10005=DIRECTION('',(0.,-1.,0.));
#10006=DIRECTION('',(0.,-1.,0.));
#10007=DIRECTION('',(0.,0.,-1.));
#10008=DIRECTION('',(0.,-1.,0.));
#10009=DIRECTION('',(0.,-1.,0.));
#10010=DIRECTION('',(-1.,0.,0.));
#10011=DIRECTION('',(0.,0.,1.));
#10012=DIRECTION('',(0.,-1.,0.));
#10013=DIRECTION('',(0.5,0.,-0.866025403784439));
#10014=DIRECTION('',(-0.866025403784439,0.,-0.5));
#10015=DIRECTION('',(-1.,0.,0.));
#10016=DIRECTION('',(0.,0.,1.));
#10017=DIRECTION('',(0.,-1.,0.));
#10018=DIRECTION('',(0.5,0.,0.866025403784439));
#10019=DIRECTION('',(0.866025403784439,0.,-0.5));
#10020=DIRECTION('',(0.5,0.,0.866025403784439));
#10021=DIRECTION('',(0.866025403784439,0.,-0.5));
#10022=DIRECTION('',(0.,-1.,0.));
#10023=DIRECTION('',(0.5,0.,-0.866025403784439));
#10024=DIRECTION('',(-0.866025403784439,0.,-0.5));
#10025=DIRECTION('',(0.,-1.,0.));
#10026=DIRECTION('',(0.,0.,-1.));
#10027=DIRECTION('',(0.,-1.,0.));
#10028=DIRECTION('',(0.,-1.,0.));
#10029=DIRECTION('',(0.,-1.,0.));
#10030=DIRECTION('',(0.,0.,-1.));
#10031=DIRECTION('',(0.,-1.,0.));
#10032=DIRECTION('',(0.,-1.,0.));
#10033=DIRECTION('',(0.,-1.,0.));
#10034=DIRECTION('',(0.,0.,-1.));
#10035=DIRECTION('',(0.,-1.,0.));
#10036=DIRECTION('',(0.,-1.,0.));
#10037=DIRECTION('',(-1.,0.,0.));
#10038=DIRECTION('',(0.,0.,1.));
#10039=DIRECTION('',(0.,-1.,0.));
#10040=DIRECTION('',(0.5,0.,-0.866025403784439));
#10041=DIRECTION('',(-0.866025403784439,0.,-0.5));
#10042=DIRECTION('',(-1.,0.,0.));
#10043=DIRECTION('',(0.,0.,1.));
#10044=DIRECTION('',(0.,-1.,0.));
#10045=DIRECTION('',(0.5,0.,0.866025403784439));
#10046=DIRECTION('',(0.866025403784439,0.,-0.5));
#10047=DIRECTION('',(0.5,0.,0.866025403784439));
#10048=DIRECTION('',(0.866025403784439,0.,-0.5));
#10049=DIRECTION('',(0.,-1.,0.));
#10050=DIRECTION('',(0.5,0.,-0.866025403784439));
#10051=DIRECTION('',(-0.866025403784439,0.,-0.5));
#10052=DIRECTION('',(0.,-1.,0.));
#10053=DIRECTION('',(0.,0.,-1.));
#10054=DIRECTION('',(0.,-1.,0.));
#10055=DIRECTION('',(0.,-1.,0.));
#10056=DIRECTION('',(0.,-1.,0.));
#10057=DIRECTION('',(0.,0.,-1.));
#10058=DIRECTION('',(0.,-1.,0.));
#10059=DIRECTION('',(0.,-1.,0.));
#10060=DIRECTION('',(0.,-1.,0.));
#10061=DIRECTION('',(0.,0.,-1.));
#10062=DIRECTION('',(0.,-1.,0.));
#10063=DIRECTION('',(0.,-1.,0.));
#10064=DIRECTION('',(-1.,0.,0.));
#10065=DIRECTION('',(0.,0.,1.));
#10066=DIRECTION('',(0.,-1.,0.));
#10067=DIRECTION('',(0.5,0.,-0.866025403784439));
#10068=DIRECTION('',(-0.866025403784439,0.,-0.5));
#10069=DIRECTION('',(-1.,0.,0.));
#10070=DIRECTION('',(0.,0.,1.));
#10071=DIRECTION('',(0.,-1.,0.));
#10072=DIRECTION('',(0.5,0.,0.866025403784439));
#10073=DIRECTION('',(0.866025403784439,0.,-0.5));
#10074=DIRECTION('',(0.5,0.,0.866025403784439));
#10075=DIRECTION('',(0.866025403784439,0.,-0.5));
#10076=DIRECTION('',(0.,-1.,0.));
#10077=DIRECTION('',(0.5,0.,-0.866025403784439));
#10078=DIRECTION('',(-0.866025403784439,0.,-0.5));
#10079=DIRECTION('',(0.,-1.,0.));
#10080=DIRECTION('',(0.,0.,-1.));
#10081=DIRECTION('',(0.,-1.,0.));
#10082=DIRECTION('',(0.,-1.,0.));
#10083=DIRECTION('',(0.,-1.,0.));
#10084=DIRECTION('',(0.,0.,-1.));
#10085=DIRECTION('',(0.,-1.,0.));
#10086=DIRECTION('',(0.,-1.,0.));
#10087=DIRECTION('',(0.,-1.,0.));
#10088=DIRECTION('',(0.,0.,-1.));
#10089=DIRECTION('',(0.,-1.,0.));
#10090=DIRECTION('',(0.,-1.,0.));
#10091=DIRECTION('',(-1.,0.,0.));
#10092=DIRECTION('',(0.,0.,1.));
#10093=DIRECTION('',(0.,-1.,0.));
#10094=DIRECTION('',(0.5,0.,-0.866025403784439));
#10095=DIRECTION('',(-0.866025403784439,0.,-0.5));
#10096=DIRECTION('',(-1.,0.,0.));
#10097=DIRECTION('',(0.,0.,1.));
#10098=DIRECTION('',(0.,-1.,0.));
#10099=DIRECTION('',(0.5,0.,0.866025403784439));
#10100=DIRECTION('',(0.866025403784439,0.,-0.5));
#10101=DIRECTION('',(0.5,0.,0.866025403784439));
#10102=DIRECTION('',(0.866025403784439,0.,-0.5));
#10103=DIRECTION('',(0.,-1.,0.));
#10104=DIRECTION('',(0.5,0.,-0.866025403784439));
#10105=DIRECTION('',(-0.866025403784439,0.,-0.5));
#10106=DIRECTION('',(0.,-1.,0.));
#10107=DIRECTION('',(0.,0.,-1.));
#10108=DIRECTION('',(0.,-1.,0.));
#10109=DIRECTION('',(0.,-1.,0.));
#10110=DIRECTION('',(0.,-1.,0.));
#10111=DIRECTION('',(0.,0.,-1.));
#10112=DIRECTION('',(0.,-1.,0.));
#10113=DIRECTION('',(0.,-1.,0.));
#10114=DIRECTION('',(0.,-1.,0.));
#10115=DIRECTION('',(0.,0.,-1.));
#10116=DIRECTION('',(0.,-1.,0.));
#10117=DIRECTION('',(0.,-1.,0.));
#10118=DIRECTION('',(-1.,0.,0.));
#10119=DIRECTION('',(0.,0.,1.));
#10120=DIRECTION('',(0.,-1.,0.));
#10121=DIRECTION('',(0.5,0.,-0.866025403784439));
#10122=DIRECTION('',(-0.866025403784439,0.,-0.5));
#10123=DIRECTION('',(-1.,0.,0.));
#10124=DIRECTION('',(0.,0.,1.));
#10125=DIRECTION('',(0.,-1.,0.));
#10126=DIRECTION('',(0.5,0.,0.866025403784439));
#10127=DIRECTION('',(0.866025403784439,0.,-0.5));
#10128=DIRECTION('',(0.5,0.,0.866025403784439));
#10129=DIRECTION('',(0.866025403784439,0.,-0.5));
#10130=DIRECTION('',(0.,-1.,0.));
#10131=DIRECTION('',(0.5,0.,-0.866025403784439));
#10132=DIRECTION('',(-0.866025403784439,0.,-0.5));
#10133=DIRECTION('',(0.,-1.,0.));
#10134=DIRECTION('',(0.,0.,-1.));
#10135=DIRECTION('',(0.,-1.,0.));
#10136=DIRECTION('',(0.,-1.,0.));
#10137=DIRECTION('',(0.,-1.,0.));
#10138=DIRECTION('',(0.,0.,-1.));
#10139=DIRECTION('',(0.,-1.,0.));
#10140=DIRECTION('',(0.,-1.,0.));
#10141=DIRECTION('',(0.,-1.,0.));
#10142=DIRECTION('',(0.,0.,-1.));
#10143=DIRECTION('',(0.,-1.,0.));
#10144=DIRECTION('',(0.,-1.,0.));
#10145=DIRECTION('',(-1.,0.,0.));
#10146=DIRECTION('',(0.,0.,1.));
#10147=DIRECTION('',(0.,-1.,0.));
#10148=DIRECTION('',(0.5,0.,-0.866025403784439));
#10149=DIRECTION('',(-0.866025403784439,0.,-0.5));
#10150=DIRECTION('',(-1.,0.,0.));
#10151=DIRECTION('',(0.,0.,1.));
#10152=DIRECTION('',(0.,-1.,0.));
#10153=DIRECTION('',(0.5,0.,0.866025403784439));
#10154=DIRECTION('',(0.866025403784439,0.,-0.5));
#10155=DIRECTION('',(0.5,0.,0.866025403784439));
#10156=DIRECTION('',(0.866025403784439,0.,-0.5));
#10157=DIRECTION('',(0.,-1.,0.));
#10158=DIRECTION('',(0.5,0.,-0.866025403784439));
#10159=DIRECTION('',(-0.866025403784439,0.,-0.5));
#10160=DIRECTION('',(0.,-1.,0.));
#10161=DIRECTION('',(0.,0.,-1.));
#10162=DIRECTION('',(0.,-1.,0.));
#10163=DIRECTION('',(0.,-1.,0.));
#10164=DIRECTION('',(0.,-1.,0.));
#10165=DIRECTION('',(0.,0.,-1.));
#10166=DIRECTION('',(0.,-1.,0.));
#10167=DIRECTION('',(0.,-1.,0.));
#10168=DIRECTION('',(0.,-1.,0.));
#10169=DIRECTION('',(0.,0.,-1.));
#10170=DIRECTION('',(0.,-1.,0.));
#10171=DIRECTION('',(0.,-1.,0.));
#10172=DIRECTION('',(-1.,0.,0.));
#10173=DIRECTION('',(0.,0.,1.));
#10174=DIRECTION('',(0.,-1.,0.));
#10175=DIRECTION('',(0.5,0.,-0.866025403784439));
#10176=DIRECTION('',(-0.866025403784439,0.,-0.5));
#10177=DIRECTION('',(-1.,0.,0.));
#10178=DIRECTION('',(0.,0.,1.));
#10179=DIRECTION('',(0.,-1.,0.));
#10180=DIRECTION('',(0.5,0.,0.866025403784439));
#10181=DIRECTION('',(0.866025403784439,0.,-0.5));
#10182=DIRECTION('',(0.5,0.,0.866025403784439));
#10183=DIRECTION('',(0.866025403784439,0.,-0.5));
#10184=DIRECTION('',(0.,-1.,0.));
#10185=DIRECTION('',(0.5,0.,-0.866025403784439));
#10186=DIRECTION('',(-0.866025403784439,0.,-0.5));
#10187=DIRECTION('',(0.,-1.,0.));
#10188=DIRECTION('',(0.,0.,-1.));
#10189=DIRECTION('',(0.,-1.,0.));
#10190=DIRECTION('',(0.,-1.,0.));
#10191=DIRECTION('',(0.,-1.,0.));
#10192=DIRECTION('',(0.,0.,-1.));
#10193=DIRECTION('',(0.,-1.,0.));
#10194=DIRECTION('',(0.,-1.,0.));
#10195=DIRECTION('',(0.,-1.,0.));
#10196=DIRECTION('',(0.,0.,-1.));
#10197=DIRECTION('',(0.,-1.,0.));
#10198=DIRECTION('',(0.,-1.,0.));
#10199=DIRECTION('',(-1.,0.,0.));
#10200=DIRECTION('',(0.,0.,1.));
#10201=DIRECTION('',(0.,-1.,0.));
#10202=DIRECTION('',(0.5,0.,-0.866025403784439));
#10203=DIRECTION('',(-0.866025403784439,0.,-0.5));
#10204=DIRECTION('',(-1.,0.,0.));
#10205=DIRECTION('',(0.,0.,1.));
#10206=DIRECTION('',(0.,-1.,0.));
#10207=DIRECTION('',(0.5,0.,0.866025403784439));
#10208=DIRECTION('',(0.866025403784439,0.,-0.5));
#10209=DIRECTION('',(0.5,0.,0.866025403784439));
#10210=DIRECTION('',(0.866025403784439,0.,-0.5));
#10211=DIRECTION('',(0.,-1.,0.));
#10212=DIRECTION('',(0.5,0.,-0.866025403784439));
#10213=DIRECTION('',(-0.866025403784439,0.,-0.5));
#10214=DIRECTION('',(0.,-1.,0.));
#10215=DIRECTION('',(0.,0.,-1.));
#10216=DIRECTION('',(0.,-1.,0.));
#10217=DIRECTION('',(0.,-1.,0.));
#10218=DIRECTION('',(0.,-1.,0.));
#10219=DIRECTION('',(0.,0.,-1.));
#10220=DIRECTION('',(0.,-1.,0.));
#10221=DIRECTION('',(0.,-1.,0.));
#10222=DIRECTION('',(0.,-1.,0.));
#10223=DIRECTION('',(0.,0.,-1.));
#10224=DIRECTION('',(0.,-1.,0.));
#10225=DIRECTION('',(0.,-1.,0.));
#10226=DIRECTION('',(-1.,0.,0.));
#10227=DIRECTION('',(0.,0.,1.));
#10228=DIRECTION('',(0.,-1.,0.));
#10229=DIRECTION('',(0.5,0.,-0.866025403784439));
#10230=DIRECTION('',(-0.866025403784439,0.,-0.5));
#10231=DIRECTION('',(-1.,0.,0.));
#10232=DIRECTION('',(0.,0.,1.));
#10233=DIRECTION('',(0.,-1.,0.));
#10234=DIRECTION('',(0.5,0.,0.866025403784439));
#10235=DIRECTION('',(0.866025403784439,0.,-0.5));
#10236=DIRECTION('',(0.5,0.,0.866025403784439));
#10237=DIRECTION('',(0.866025403784439,0.,-0.5));
#10238=DIRECTION('',(0.,-1.,0.));
#10239=DIRECTION('',(0.5,0.,-0.866025403784439));
#10240=DIRECTION('',(-0.866025403784439,0.,-0.5));
#10241=DIRECTION('',(0.,-1.,0.));
#10242=DIRECTION('',(0.,0.,-1.));
#10243=DIRECTION('',(0.,-1.,0.));
#10244=DIRECTION('',(0.,-1.,0.));
#10245=DIRECTION('',(0.,-1.,0.));
#10246=DIRECTION('',(0.,0.,-1.));
#10247=DIRECTION('',(0.,-1.,0.));
#10248=DIRECTION('',(0.,-1.,0.));
#10249=DIRECTION('',(0.,-1.,0.));
#10250=DIRECTION('',(0.,0.,-1.));
#10251=DIRECTION('',(0.,-1.,0.));
#10252=DIRECTION('',(0.,-1.,0.));
#10253=DIRECTION('',(-1.,0.,0.));
#10254=DIRECTION('',(0.,0.,1.));
#10255=DIRECTION('',(0.,-1.,0.));
#10256=DIRECTION('',(0.5,0.,-0.866025403784439));
#10257=DIRECTION('',(-0.866025403784439,0.,-0.5));
#10258=DIRECTION('',(-1.,0.,0.));
#10259=DIRECTION('',(0.,0.,1.));
#10260=DIRECTION('',(0.,-1.,0.));
#10261=DIRECTION('',(0.5,0.,0.866025403784439));
#10262=DIRECTION('',(0.866025403784439,0.,-0.5));
#10263=DIRECTION('',(0.5,0.,0.866025403784439));
#10264=DIRECTION('',(0.866025403784439,0.,-0.5));
#10265=DIRECTION('',(0.,-1.,0.));
#10266=DIRECTION('',(0.5,0.,-0.866025403784439));
#10267=DIRECTION('',(-0.866025403784439,0.,-0.5));
#10268=DIRECTION('',(0.,-1.,0.));
#10269=DIRECTION('',(0.,0.,-1.));
#10270=DIRECTION('',(0.,-1.,0.));
#10271=DIRECTION('',(0.,-1.,0.));
#10272=DIRECTION('',(0.,-1.,0.));
#10273=DIRECTION('',(0.,0.,-1.));
#10274=DIRECTION('',(0.,-1.,0.));
#10275=DIRECTION('',(0.,-1.,0.));
#10276=DIRECTION('',(0.,-1.,0.));
#10277=DIRECTION('',(0.,0.,-1.));
#10278=DIRECTION('',(0.,-1.,0.));
#10279=DIRECTION('',(0.,-1.,0.));
#10280=DIRECTION('',(-1.,0.,0.));
#10281=DIRECTION('',(0.,0.,1.));
#10282=DIRECTION('',(0.,-1.,0.));
#10283=DIRECTION('',(0.5,0.,-0.866025403784439));
#10284=DIRECTION('',(-0.866025403784439,0.,-0.5));
#10285=DIRECTION('',(-1.,0.,0.));
#10286=DIRECTION('',(0.,0.,1.));
#10287=DIRECTION('',(0.,-1.,0.));
#10288=DIRECTION('',(0.5,0.,0.866025403784439));
#10289=DIRECTION('',(0.866025403784439,0.,-0.5));
#10290=DIRECTION('',(0.5,0.,0.866025403784439));
#10291=DIRECTION('',(0.866025403784439,0.,-0.5));
#10292=DIRECTION('',(0.,-1.,0.));
#10293=DIRECTION('',(0.5,0.,-0.866025403784439));
#10294=DIRECTION('',(-0.866025403784439,0.,-0.5));
#10295=DIRECTION('',(0.,-1.,0.));
#10296=DIRECTION('',(0.,0.,-1.));
#10297=DIRECTION('',(0.,-1.,0.));
#10298=DIRECTION('',(0.,-1.,0.));
#10299=DIRECTION('',(0.,-1.,0.));
#10300=DIRECTION('',(0.,0.,-1.));
#10301=DIRECTION('',(0.,-1.,0.));
#10302=DIRECTION('',(0.,-1.,0.));
#10303=DIRECTION('',(0.,-1.,0.));
#10304=DIRECTION('',(0.,0.,-1.));
#10305=DIRECTION('',(0.,-1.,0.));
#10306=DIRECTION('',(0.,-1.,0.));
#10307=DIRECTION('',(-1.,0.,0.));
#10308=DIRECTION('',(0.,0.,1.));
#10309=DIRECTION('',(0.,-1.,0.));
#10310=DIRECTION('',(0.5,0.,-0.866025403784439));
#10311=DIRECTION('',(-0.866025403784439,0.,-0.5));
#10312=DIRECTION('',(-1.,0.,0.));
#10313=DIRECTION('',(0.,0.,1.));
#10314=DIRECTION('',(0.,-1.,0.));
#10315=DIRECTION('',(0.5,0.,0.866025403784439));
#10316=DIRECTION('',(0.866025403784439,0.,-0.5));
#10317=DIRECTION('',(0.5,0.,0.866025403784439));
#10318=DIRECTION('',(0.866025403784439,0.,-0.5));
#10319=DIRECTION('',(0.,-1.,0.));
#10320=DIRECTION('',(0.5,0.,-0.866025403784439));
#10321=DIRECTION('',(-0.866025403784439,0.,-0.5));
#10322=DIRECTION('',(0.,-1.,0.));
#10323=DIRECTION('',(0.,0.,-1.));
#10324=DIRECTION('',(0.,-1.,0.));
#10325=DIRECTION('',(0.,-1.,0.));
#10326=DIRECTION('',(0.,-1.,0.));
#10327=DIRECTION('',(0.,0.,-1.));
#10328=DIRECTION('',(0.,-1.,0.));
#10329=DIRECTION('',(0.,-1.,0.));
#10330=DIRECTION('',(0.,-1.,0.));
#10331=DIRECTION('',(0.,0.,-1.));
#10332=DIRECTION('',(0.,-1.,0.));
#10333=DIRECTION('',(0.,-1.,0.));
#10334=DIRECTION('',(-1.,0.,0.));
#10335=DIRECTION('',(0.,0.,1.));
#10336=DIRECTION('',(0.,-1.,0.));
#10337=DIRECTION('',(0.5,0.,-0.866025403784439));
#10338=DIRECTION('',(-0.866025403784439,0.,-0.5));
#10339=DIRECTION('',(-1.,0.,0.));
#10340=DIRECTION('',(0.,0.,1.));
#10341=DIRECTION('',(0.,-1.,0.));
#10342=DIRECTION('',(0.5,0.,0.866025403784439));
#10343=DIRECTION('',(0.866025403784439,0.,-0.5));
#10344=DIRECTION('',(0.5,0.,0.866025403784439));
#10345=DIRECTION('',(0.866025403784439,0.,-0.5));
#10346=DIRECTION('',(0.,-1.,0.));
#10347=DIRECTION('',(0.5,0.,-0.866025403784439));
#10348=DIRECTION('',(-0.866025403784439,0.,-0.5));
#10349=DIRECTION('',(0.,-1.,0.));
#10350=DIRECTION('',(0.,0.,-1.));
#10351=DIRECTION('',(0.,-1.,0.));
#10352=DIRECTION('',(0.,-1.,0.));
#10353=DIRECTION('',(0.,-1.,0.));
#10354=DIRECTION('',(0.,0.,-1.));
#10355=DIRECTION('',(0.,-1.,0.));
#10356=DIRECTION('',(0.,-1.,0.));
#10357=DIRECTION('',(0.,-1.,0.));
#10358=DIRECTION('',(0.,0.,-1.));
#10359=DIRECTION('',(0.,-1.,0.));
#10360=DIRECTION('',(0.,-1.,0.));
#10361=DIRECTION('',(-1.,0.,0.));
#10362=DIRECTION('',(0.,0.,1.));
#10363=DIRECTION('',(0.,-1.,0.));
#10364=DIRECTION('',(0.5,0.,-0.866025403784439));
#10365=DIRECTION('',(-0.866025403784439,0.,-0.5));
#10366=DIRECTION('',(-1.,0.,0.));
#10367=DIRECTION('',(0.,0.,1.));
#10368=DIRECTION('',(0.,-1.,0.));
#10369=DIRECTION('',(0.5,0.,0.866025403784439));
#10370=DIRECTION('',(0.866025403784439,0.,-0.5));
#10371=DIRECTION('',(0.5,0.,0.866025403784439));
#10372=DIRECTION('',(0.866025403784439,0.,-0.5));
#10373=DIRECTION('',(0.,-1.,0.));
#10374=DIRECTION('',(0.5,0.,-0.866025403784439));
#10375=DIRECTION('',(-0.866025403784439,0.,-0.5));
#10376=DIRECTION('',(0.,-1.,0.));
#10377=DIRECTION('',(0.,0.,-1.));
#10378=DIRECTION('',(0.,-1.,0.));
#10379=DIRECTION('',(0.,-1.,0.));
#10380=DIRECTION('',(0.,-1.,0.));
#10381=DIRECTION('',(0.,0.,-1.));
#10382=DIRECTION('',(0.,-1.,0.));
#10383=DIRECTION('',(0.,-1.,0.));
#10384=DIRECTION('',(0.,-1.,0.));
#10385=DIRECTION('',(0.,0.,-1.));
#10386=DIRECTION('',(0.,-1.,0.));
#10387=DIRECTION('',(0.,-1.,0.));
#10388=DIRECTION('',(-1.,0.,0.));
#10389=DIRECTION('',(0.,0.,1.));
#10390=DIRECTION('',(0.,-1.,0.));
#10391=DIRECTION('',(0.5,0.,-0.866025403784439));
#10392=DIRECTION('',(-0.866025403784439,0.,-0.5));
#10393=DIRECTION('',(-1.,0.,0.));
#10394=DIRECTION('',(0.,0.,1.));
#10395=DIRECTION('',(0.,-1.,0.));
#10396=DIRECTION('',(0.5,0.,0.866025403784439));
#10397=DIRECTION('',(0.866025403784439,0.,-0.5));
#10398=DIRECTION('',(0.5,0.,0.866025403784439));
#10399=DIRECTION('',(0.866025403784439,0.,-0.5));
#10400=DIRECTION('',(0.,-1.,0.));
#10401=DIRECTION('',(0.5,0.,-0.866025403784439));
#10402=DIRECTION('',(-0.866025403784439,0.,-0.5));
#10403=DIRECTION('',(0.,0.,1.));
#10404=DIRECTION('',(1.,0.,0.));
#10405=DIRECTION('',(0.,-1.,0.));
#10406=DIRECTION('',(0.,1.,0.));
#10407=DIRECTION('',(0.,0.,1.));
#10408=DIRECTION('',(1.,0.,0.));
#10409=DIRECTION('',(0.,1.,0.));
#10410=DIRECTION('',(0.,1.,0.));
#10411=DIRECTION('',(1.,0.,-1.95461800110063E-16));
#10412=DIRECTION('',(-1.95461800110063E-16,0.,-1.));
#10413=DIRECTION('',(0.,1.,0.));
#10414=DIRECTION('',(0.,1.,0.));
#10415=DIRECTION('',(0.,0.,1.));
#10416=DIRECTION('',(1.,0.,0.));
#10417=DIRECTION('',(0.,-1.,0.));
#10418=DIRECTION('',(0.,1.,0.));
#10419=DIRECTION('',(1.,0.,-1.95461800110063E-16));
#10420=DIRECTION('',(-1.95461800110063E-16,0.,-1.));
#10421=DIRECTION('',(0.,1.,0.));
#10422=DIRECTION('',(0.,1.,0.));
#10423=DIRECTION('',(0.,1.,0.));
#10424=DIRECTION('',(0.,0.,1.));
#10425=DIRECTION('',(0.,-1.,0.));
#10426=DIRECTION('',(0.,0.,-1.));
#10427=DIRECTION('',(0.,1.,0.));
#10428=DIRECTION('',(0.,0.,1.));
#10429=DIRECTION('',(0.,-1.,0.));
#10430=DIRECTION('',(0.,0.,-1.));
#10431=DIRECTION('',(-1.,0.,1.73472347597681E-16));
#10432=DIRECTION('',(1.73472347597681E-16,0.,1.));
#10433=DIRECTION('',(0.,-1.,0.));
#10434=DIRECTION('',(0.,0.,-1.));
#10435=DIRECTION('',(-1.,0.,0.));
#10436=DIRECTION('',(0.,-1.,0.));
#10437=DIRECTION('',(-1.,0.,1.73472347597681E-16));
#10438=DIRECTION('',(1.73472347597681E-16,0.,1.));
#10439=DIRECTION('',(0.5,0.,-0.866025403784439));
#10440=DIRECTION('',(-0.866025403784439,0.,-0.5));
#10441=DIRECTION('',(0.,-1.,0.));
#10442=DIRECTION('',(0.,-1.,0.));
#10443=DIRECTION('',(0.5,0.,0.866025403784439));
#10444=DIRECTION('',(0.866025403784439,0.,-0.5));
#10445=DIRECTION('',(0.,-1.,0.));
#10446=DIRECTION('',(0.,-1.,0.));
#10447=DIRECTION('',(0.,0.,-1.));
#10448=DIRECTION('',(0.,-1.,0.));
#10449=DIRECTION('',(0.5,0.,0.866025403784439));
#10450=DIRECTION('',(0.866025403784439,0.,-0.5));
#10451=DIRECTION('',(0.,-1.,0.));
#10452=DIRECTION('',(-1.,0.,0.));
#10453=DIRECTION('',(0.,0.,1.));
#10454=DIRECTION('',(0.,-1.,0.));
#10455=DIRECTION('',(0.,-1.,0.));
#10456=DIRECTION('',(0.,0.,-1.));
#10457=DIRECTION('',(0.,-1.,0.));
#10458=DIRECTION('',(-1.,0.,0.));
#10459=DIRECTION('',(0.,0.,1.));
#10460=DIRECTION('',(0.,-1.,0.));
#10461=DIRECTION('',(0.5,0.,-0.866025403784439));
#10462=DIRECTION('',(-0.866025403784439,0.,-0.5));
#10463=DIRECTION('',(0.,-1.,0.));
#10464=DIRECTION('',(0.,-1.,0.));
#10465=DIRECTION('',(0.,0.,-1.));
#10466=DIRECTION('',(1.,0.,0.));
#10467=DIRECTION('',(0.,0.,-1.));
#10468=DIRECTION('',(0.,-1.,0.));
#10469=DIRECTION('',(0.,-1.,0.));
#10470=DIRECTION('',(0.5,0.,-0.866025403784439));
#10471=DIRECTION('',(-0.866025403784439,0.,-0.5));
#10472=DIRECTION('',(0.,-1.,0.));
#10473=DIRECTION('',(0.,-1.,0.));
#10474=DIRECTION('',(0.,0.,-1.));
#10475=DIRECTION('',(0.,-1.,0.));
#10476=DIRECTION('',(0.5,0.,-0.866025403784438));
#10477=DIRECTION('',(-0.866025403784438,0.,-0.5));
#10478=DIRECTION('',(0.,-1.,0.));
#10479=DIRECTION('',(0.5,0.,0.866025403784438));
#10480=DIRECTION('',(0.866025403784438,0.,-0.5));
#10481=DIRECTION('',(0.,-1.,0.));
#10482=DIRECTION('',(0.,-1.,0.));
#10483=DIRECTION('',(0.,0.,-1.));
#10484=DIRECTION('',(0.,-1.,0.));
#10485=DIRECTION('',(0.5,0.,0.866025403784439));
#10486=DIRECTION('',(0.866025403784439,0.,-0.5));
#10487=DIRECTION('',(0.,-1.,0.));
#10488=DIRECTION('',(1.,0.,0.));
#10489=DIRECTION('',(0.,0.,-1.));
#10490=DIRECTION('',(0.,-1.,0.));
#10491=DIRECTION('',(0.,-1.,0.));
#10492=DIRECTION('',(0.,0.,-1.));
#10493=CARTESIAN_POINT('',(0.,0.,0.));
#10494=CARTESIAN_POINT('',(0.00370096189432334,0.023,0.0233839745962156));
#10495=CARTESIAN_POINT('',(0.00370096189432334,0.,0.0233839745962156));
#10496=CARTESIAN_POINT('',(0.00345096189432335,0.,0.0229509618943234));
#10497=CARTESIAN_POINT('',(0.00395096189432334,0.,0.0238169872981078));
#10498=CARTESIAN_POINT('',(0.00395096189432334,0.023,0.0238169872981078));
#10499=CARTESIAN_POINT('',(0.00395096189432334,-0.002,0.0238169872981078));
#10500=CARTESIAN_POINT('',(0.00370096189432334,-0.002,0.0233839745962156));
#10501=CARTESIAN_POINT('',(0.00345096189432335,-0.002,0.0229509618943234));
#10502=CARTESIAN_POINT('',(0.00345096189432335,0.023,0.0229509618943234));
#10503=CARTESIAN_POINT('',(0.005,0.023,0.0211339745962155));
#10504=CARTESIAN_POINT('',(0.005,0.,0.0211339745962155));
#10505=CARTESIAN_POINT('',(0.0055,0.,0.0211339745962155));
#10506=CARTESIAN_POINT('',(0.0045,0.,0.0211339745962155));
#10507=CARTESIAN_POINT('',(0.0045,0.023,0.0211339745962155));
#10508=CARTESIAN_POINT('',(0.0045,-0.002,0.0211339745962155));
#10509=CARTESIAN_POINT('',(0.005,-0.002,0.0211339745962155));
#10510=CARTESIAN_POINT('',(0.0055,-0.002,0.0211339745962155));
#10511=CARTESIAN_POINT('',(0.0055,0.023,0.0211339745962155));
#10512=CARTESIAN_POINT('',(0.00629903810567666,0.023,0.0233839745962156));
#10513=CARTESIAN_POINT('',(0.00629903810567666,0.,0.0233839745962156));
#10514=CARTESIAN_POINT('',(0.00604903810567666,0.,0.0238169872981078));
#10515=CARTESIAN_POINT('',(0.00654903810567666,0.,0.0229509618943234));
#10516=CARTESIAN_POINT('',(0.00654903810567666,0.023,0.0229509618943234));
#10517=CARTESIAN_POINT('',(0.00654903810567666,-0.002,0.0229509618943234));
#10518=CARTESIAN_POINT('',(0.00629903810567666,-0.002,0.0233839745962156));
#10519=CARTESIAN_POINT('',(0.00604903810567666,-0.002,0.0238169872981078));
#10520=CARTESIAN_POINT('',(0.00604903810567666,0.023,0.0238169872981078));
#10521=CARTESIAN_POINT('',(0.00397548094716167,0.023,0.022648130677972));
#10522=CARTESIAN_POINT('',(0.0190507984944671,0.,0.0139443920339161));
#10523=CARTESIAN_POINT('',(0.0045,0.,0.0223452994616208));
#10524=CARTESIAN_POINT('',(0.00397548094716167,-0.002,0.022648130677972));
#10525=CARTESIAN_POINT('',(0.0045,-0.002,0.0223452994616208));
#10526=CARTESIAN_POINT('',(0.0045,0.023,0.0223452994616208));
#10527=CARTESIAN_POINT('',(0.0045,0.023,0.0217396370289181));
#10528=CARTESIAN_POINT('',(0.0045,0.,0.));
#10529=CARTESIAN_POINT('',(0.0045,-0.002,0.0217396370289181));
#10530=CARTESIAN_POINT('',(0.00552451905283833,0.023,0.0235141560817565));
#10531=CARTESIAN_POINT('',(-0.000550798494467165,0.,0.0200065698604072));
#10532=CARTESIAN_POINT('',(0.005,0.,0.0232113248654052));
#10533=CARTESIAN_POINT('',(0.00552451905283833,-0.002,0.0235141560817565));
#10534=CARTESIAN_POINT('',(0.005,-0.002,0.0232113248654052));
#10535=CARTESIAN_POINT('',(0.005,0.023,0.0232113248654052));
#10536=CARTESIAN_POINT('',(0.00447548094716168,0.023,0.0235141560817565));
#10537=CARTESIAN_POINT('',(0.00447548094716168,-0.002,0.0235141560817565));
#10538=CARTESIAN_POINT('',(0.0195507984944671,0.,0.0148104174377005));
#10539=CARTESIAN_POINT('',(0.00602451905283833,0.023,0.022648130677972));
#10540=CARTESIAN_POINT('',(0.0055,0.023,0.0223452994616208));
#10541=CARTESIAN_POINT('',(0.0055,0.,0.0223452994616208));
#10542=CARTESIAN_POINT('',(0.0055,-0.002,0.0223452994616208));
#10543=CARTESIAN_POINT('',(0.00602451905283833,-0.002,0.022648130677972));
#10544=CARTESIAN_POINT('',(-5.0798494467149E-5,0.,0.0191405444566228));
#10545=CARTESIAN_POINT('',(0.0055,0.023,0.0217396370289181));
#10546=CARTESIAN_POINT('',(0.0055,-0.002,0.0217396370289181));
#10547=CARTESIAN_POINT('',(0.0055,0.,0.));
#10548=CARTESIAN_POINT('',(0.00370096189432334,0.023,-0.0256160254037844));
#10549=CARTESIAN_POINT('',(0.00370096189432334,0.,-0.0256160254037844));
#10550=CARTESIAN_POINT('',(0.00345096189432334,0.,-0.0260490381056767));
#10551=CARTESIAN_POINT('',(0.00395096189432334,0.,-0.0251830127018922));
#10552=CARTESIAN_POINT('',(0.00395096189432334,0.023,-0.0251830127018922));
#10553=CARTESIAN_POINT('',(0.00395096189432334,-0.002,-0.0251830127018922));
#10554=CARTESIAN_POINT('',(0.00370096189432334,-0.002,-0.0256160254037844));
#10555=CARTESIAN_POINT('',(0.00345096189432334,-0.002,-0.0260490381056767));
#10556=CARTESIAN_POINT('',(0.00345096189432334,0.023,-0.0260490381056767));
#10557=CARTESIAN_POINT('',(0.005,0.023,-0.0278660254037844));
#10558=CARTESIAN_POINT('',(0.005,0.,-0.0278660254037844));
#10559=CARTESIAN_POINT('',(0.0055,0.,-0.0278660254037844));
#10560=CARTESIAN_POINT('',(0.0045,0.,-0.0278660254037844));
#10561=CARTESIAN_POINT('',(0.0045,0.023,-0.0278660254037844));
#10562=CARTESIAN_POINT('',(0.0045,-0.002,-0.0278660254037844));
#10563=CARTESIAN_POINT('',(0.005,-0.002,-0.0278660254037844));
#10564=CARTESIAN_POINT('',(0.0055,-0.002,-0.0278660254037844));
#10565=CARTESIAN_POINT('',(0.0055,0.023,-0.0278660254037844));
#10566=CARTESIAN_POINT('',(0.00629903810567665,0.023,-0.0256160254037844));
#10567=CARTESIAN_POINT('',(0.00629903810567665,0.,-0.0256160254037844));
#10568=CARTESIAN_POINT('',(0.00604903810567665,0.,-0.0251830127018922));
#10569=CARTESIAN_POINT('',(0.00654903810567665,0.,-0.0260490381056767));
#10570=CARTESIAN_POINT('',(0.00654903810567665,0.023,-0.0260490381056767));
#10571=CARTESIAN_POINT('',(0.00654903810567665,-0.002,-0.0260490381056767));
#10572=CARTESIAN_POINT('',(0.00629903810567665,-0.002,-0.0256160254037844));
#10573=CARTESIAN_POINT('',(0.00604903810567665,-0.002,-0.0251830127018922));
#10574=CARTESIAN_POINT('',(0.00604903810567665,0.023,-0.0251830127018922));
#10575=CARTESIAN_POINT('',(0.00397548094716166,0.023,-0.0263518693220279));
#10576=CARTESIAN_POINT('',(0.0190507984944671,0.,-0.0350556079660838));
#10577=CARTESIAN_POINT('',(0.0045,0.,-0.0266547005383793));
#10578=CARTESIAN_POINT('',(0.00397548094716166,-0.002,-0.0263518693220279));
#10579=CARTESIAN_POINT('',(0.0045,-0.002,-0.0266547005383793));
#10580=CARTESIAN_POINT('',(0.0045,0.023,-0.0266547005383793));
#10581=CARTESIAN_POINT('',(0.0045,0.023,-0.0272603629710819));
#10582=CARTESIAN_POINT('',(0.0045,0.,-0.049));
#10583=CARTESIAN_POINT('',(0.0045,-0.002,-0.0272603629710819));
#10584=CARTESIAN_POINT('',(0.00552451905283832,0.023,-0.0254858439182435));
#10585=CARTESIAN_POINT('',(-0.000550798494467176,0.,-0.0289934301395928));
#10586=CARTESIAN_POINT('',(0.005,0.,-0.0257886751345948));
#10587=CARTESIAN_POINT('',(0.00552451905283832,-0.002,-0.0254858439182435));
#10588=CARTESIAN_POINT('',(0.005,-0.002,-0.0257886751345948));
#10589=CARTESIAN_POINT('',(0.005,0.023,-0.0257886751345948));
#10590=CARTESIAN_POINT('',(0.00447548094716167,0.023,-0.0254858439182435));
#10591=CARTESIAN_POINT('',(0.00447548094716167,-0.002,-0.0254858439182435));
#10592=CARTESIAN_POINT('',(0.0195507984944671,0.,-0.0341895825622995));
#10593=CARTESIAN_POINT('',(0.00602451905283832,0.023,-0.0263518693220279));
#10594=CARTESIAN_POINT('',(0.0055,0.023,-0.0266547005383793));
#10595=CARTESIAN_POINT('',(0.0055,0.,-0.0266547005383793));
#10596=CARTESIAN_POINT('',(0.0055,-0.002,-0.0266547005383793));
#10597=CARTESIAN_POINT('',(0.00602451905283832,-0.002,-0.0263518693220279));
#10598=CARTESIAN_POINT('',(-5.07984944671594E-5,0.,-0.0298594555433772));
#10599=CARTESIAN_POINT('',(0.0055,0.023,-0.0272603629710819));
#10600=CARTESIAN_POINT('',(0.0055,-0.002,-0.0272603629710819));
#10601=CARTESIAN_POINT('',(0.0055,0.,-0.049));
#10602=CARTESIAN_POINT('',(0.00370096189432334,0.023,-0.0186160254037844));
#10603=CARTESIAN_POINT('',(0.00370096189432334,0.,-0.0186160254037844));
#10604=CARTESIAN_POINT('',(0.00345096189432334,0.,-0.0190490381056766));
#10605=CARTESIAN_POINT('',(0.00395096189432334,0.,-0.0181830127018922));
#10606=CARTESIAN_POINT('',(0.00395096189432334,0.023,-0.0181830127018922));
#10607=CARTESIAN_POINT('',(0.00395096189432334,-0.002,-0.0181830127018922));
#10608=CARTESIAN_POINT('',(0.00370096189432334,-0.002,-0.0186160254037844));
#10609=CARTESIAN_POINT('',(0.00345096189432334,-0.002,-0.0190490381056766));
#10610=CARTESIAN_POINT('',(0.00345096189432334,0.023,-0.0190490381056766));
#10611=CARTESIAN_POINT('',(0.005,0.023,-0.0208660254037845));
#10612=CARTESIAN_POINT('',(0.005,0.,-0.0208660254037845));
#10613=CARTESIAN_POINT('',(0.0055,0.,-0.0208660254037845));
#10614=CARTESIAN_POINT('',(0.0045,0.,-0.0208660254037845));
#10615=CARTESIAN_POINT('',(0.0045,0.023,-0.0208660254037845));
#10616=CARTESIAN_POINT('',(0.0045,-0.002,-0.0208660254037845));
#10617=CARTESIAN_POINT('',(0.005,-0.002,-0.0208660254037845));
#10618=CARTESIAN_POINT('',(0.0055,-0.002,-0.0208660254037845));
#10619=CARTESIAN_POINT('',(0.0055,0.023,-0.0208660254037845));
#10620=CARTESIAN_POINT('',(0.00629903810567665,0.023,-0.0186160254037844));
#10621=CARTESIAN_POINT('',(0.00629903810567665,0.,-0.0186160254037844));
#10622=CARTESIAN_POINT('',(0.00604903810567665,0.,-0.0181830127018922));
#10623=CARTESIAN_POINT('',(0.00654903810567665,0.,-0.0190490381056766));
#10624=CARTESIAN_POINT('',(0.00654903810567665,0.023,-0.0190490381056766));
#10625=CARTESIAN_POINT('',(0.00654903810567665,-0.002,-0.0190490381056766));
#10626=CARTESIAN_POINT('',(0.00629903810567665,-0.002,-0.0186160254037844));
#10627=CARTESIAN_POINT('',(0.00604903810567665,-0.002,-0.0181830127018922));
#10628=CARTESIAN_POINT('',(0.00604903810567665,0.023,-0.0181830127018922));
#10629=CARTESIAN_POINT('',(0.00397548094716167,0.023,-0.019351869322028));
#10630=CARTESIAN_POINT('',(0.0190507984944671,0.,-0.0280556079660839));
#10631=CARTESIAN_POINT('',(0.0045,0.,-0.0196547005383792));
#10632=CARTESIAN_POINT('',(0.00397548094716167,-0.002,-0.019351869322028));
#10633=CARTESIAN_POINT('',(0.0045,-0.002,-0.0196547005383792));
#10634=CARTESIAN_POINT('',(0.0045,0.023,-0.0196547005383792));
#10635=CARTESIAN_POINT('',(0.0045,0.023,-0.0202603629710819));
#10636=CARTESIAN_POINT('',(0.0045,0.,-0.042));
#10637=CARTESIAN_POINT('',(0.0045,-0.002,-0.0202603629710819));
#10638=CARTESIAN_POINT('',(0.00552451905283832,0.023,-0.0184858439182435));
#10639=CARTESIAN_POINT('',(-0.000550798494467174,0.,-0.0219934301395928));
#10640=CARTESIAN_POINT('',(0.005,0.,-0.0187886751345948));
#10641=CARTESIAN_POINT('',(0.00552451905283832,-0.002,-0.0184858439182435));
#10642=CARTESIAN_POINT('',(0.005,-0.002,-0.0187886751345948));
#10643=CARTESIAN_POINT('',(0.005,0.023,-0.0187886751345948));
#10644=CARTESIAN_POINT('',(0.00447548094716167,0.023,-0.0184858439182435));
#10645=CARTESIAN_POINT('',(0.00447548094716167,-0.002,-0.0184858439182435));
#10646=CARTESIAN_POINT('',(0.0195507984944671,0.,-0.0271895825622995));
#10647=CARTESIAN_POINT('',(0.00602451905283832,0.023,-0.019351869322028));
#10648=CARTESIAN_POINT('',(0.0055,0.023,-0.0196547005383792));
#10649=CARTESIAN_POINT('',(0.0055,0.,-0.0196547005383792));
#10650=CARTESIAN_POINT('',(0.0055,-0.002,-0.0196547005383792));
#10651=CARTESIAN_POINT('',(0.00602451905283832,-0.002,-0.019351869322028));
#10652=CARTESIAN_POINT('',(-5.07984944671577E-5,0.,-0.0228594555433772));
#10653=CARTESIAN_POINT('',(0.0055,0.023,-0.0202603629710819));
#10654=CARTESIAN_POINT('',(0.0055,-0.002,-0.0202603629710819));
#10655=CARTESIAN_POINT('',(0.0055,0.,-0.042));
#10656=CARTESIAN_POINT('',(0.00370096189432334,0.023,-0.0116160254037844));
#10657=CARTESIAN_POINT('',(0.00370096189432334,0.,-0.0116160254037844));
#10658=CARTESIAN_POINT('',(0.00345096189432334,0.,-0.0120490381056767));
#10659=CARTESIAN_POINT('',(0.00395096189432334,0.,-0.0111830127018922));
#10660=CARTESIAN_POINT('',(0.00395096189432334,0.023,-0.0111830127018922));
#10661=CARTESIAN_POINT('',(0.00395096189432334,-0.002,-0.0111830127018922));
#10662=CARTESIAN_POINT('',(0.00370096189432334,-0.002,-0.0116160254037844));
#10663=CARTESIAN_POINT('',(0.00345096189432334,-0.002,-0.0120490381056767));
#10664=CARTESIAN_POINT('',(0.00345096189432334,0.023,-0.0120490381056767));
#10665=CARTESIAN_POINT('',(0.005,0.023,-0.0138660254037844));
#10666=CARTESIAN_POINT('',(0.005,0.,-0.0138660254037844));
#10667=CARTESIAN_POINT('',(0.0055,0.,-0.0138660254037844));
#10668=CARTESIAN_POINT('',(0.0045,0.,-0.0138660254037844));
#10669=CARTESIAN_POINT('',(0.0045,0.023,-0.0138660254037844));
#10670=CARTESIAN_POINT('',(0.0045,-0.002,-0.0138660254037844));
#10671=CARTESIAN_POINT('',(0.005,-0.002,-0.0138660254037844));
#10672=CARTESIAN_POINT('',(0.0055,-0.002,-0.0138660254037844));
#10673=CARTESIAN_POINT('',(0.0055,0.023,-0.0138660254037844));
#10674=CARTESIAN_POINT('',(0.00629903810567665,0.023,-0.0116160254037844));
#10675=CARTESIAN_POINT('',(0.00629903810567665,0.,-0.0116160254037844));
#10676=CARTESIAN_POINT('',(0.00604903810567665,0.,-0.0111830127018922));
#10677=CARTESIAN_POINT('',(0.00654903810567665,0.,-0.0120490381056767));
#10678=CARTESIAN_POINT('',(0.00654903810567665,0.023,-0.0120490381056767));
#10679=CARTESIAN_POINT('',(0.00654903810567665,-0.002,-0.0120490381056767));
#10680=CARTESIAN_POINT('',(0.00629903810567665,-0.002,-0.0116160254037844));
#10681=CARTESIAN_POINT('',(0.00604903810567665,-0.002,-0.0111830127018922));
#10682=CARTESIAN_POINT('',(0.00604903810567665,0.023,-0.0111830127018922));
#10683=CARTESIAN_POINT('',(0.00397548094716167,0.023,-0.012351869322028));
#10684=CARTESIAN_POINT('',(0.0190507984944671,0.,-0.0210556079660838));
#10685=CARTESIAN_POINT('',(0.0045,0.,-0.0126547005383792));
#10686=CARTESIAN_POINT('',(0.00397548094716167,-0.002,-0.012351869322028));
#10687=CARTESIAN_POINT('',(0.0045,-0.002,-0.0126547005383792));
#10688=CARTESIAN_POINT('',(0.0045,0.023,-0.0126547005383792));
#10689=CARTESIAN_POINT('',(0.0045,0.023,-0.0132603629710818));
#10690=CARTESIAN_POINT('',(0.0045,0.,-0.035));
#10691=CARTESIAN_POINT('',(0.0045,-0.002,-0.0132603629710818));
#10692=CARTESIAN_POINT('',(0.00552451905283832,0.023,-0.0114858439182435));
#10693=CARTESIAN_POINT('',(-0.000550798494467172,0.,-0.0149934301395928));
#10694=CARTESIAN_POINT('',(0.005,0.,-0.0117886751345948));
#10695=CARTESIAN_POINT('',(0.00552451905283832,-0.002,-0.0114858439182435));
#10696=CARTESIAN_POINT('',(0.005,-0.002,-0.0117886751345948));
#10697=CARTESIAN_POINT('',(0.005,0.023,-0.0117886751345948));
#10698=CARTESIAN_POINT('',(0.00447548094716167,0.023,-0.0114858439182435));
#10699=CARTESIAN_POINT('',(0.00447548094716167,-0.002,-0.0114858439182435));
#10700=CARTESIAN_POINT('',(0.0195507984944671,0.,-0.0201895825622994));
#10701=CARTESIAN_POINT('',(0.00602451905283832,0.023,-0.012351869322028));
#10702=CARTESIAN_POINT('',(0.0055,0.023,-0.0126547005383792));
#10703=CARTESIAN_POINT('',(0.0055,0.,-0.0126547005383792));
#10704=CARTESIAN_POINT('',(0.0055,-0.002,-0.0126547005383792));
#10705=CARTESIAN_POINT('',(0.00602451905283832,-0.002,-0.012351869322028));
#10706=CARTESIAN_POINT('',(-5.07984944671559E-5,0.,-0.0158594555433772));
#10707=CARTESIAN_POINT('',(0.0055,0.023,-0.0132603629710818));
#10708=CARTESIAN_POINT('',(0.0055,-0.002,-0.0132603629710818));
#10709=CARTESIAN_POINT('',(0.0055,0.,-0.035));
#10710=CARTESIAN_POINT('',(0.00370096189432334,0.023,-0.00461602540378444));
#10711=CARTESIAN_POINT('',(0.00370096189432334,0.,-0.00461602540378444));
#10712=CARTESIAN_POINT('',(0.00345096189432334,0.,-0.00504903810567665));
#10713=CARTESIAN_POINT('',(0.00395096189432334,0.,-0.00418301270189222));
#10714=CARTESIAN_POINT('',(0.00395096189432334,0.023,-0.00418301270189222));
#10715=CARTESIAN_POINT('',(0.00395096189432334,-0.002,-0.00418301270189222));
#10716=CARTESIAN_POINT('',(0.00370096189432334,-0.002,-0.00461602540378444));
#10717=CARTESIAN_POINT('',(0.00345096189432334,-0.002,-0.00504903810567665));
#10718=CARTESIAN_POINT('',(0.00345096189432334,0.023,-0.00504903810567665));
#10719=CARTESIAN_POINT('',(0.005,0.023,-0.00686602540378444));
#10720=CARTESIAN_POINT('',(0.005,0.,-0.00686602540378444));
#10721=CARTESIAN_POINT('',(0.0055,0.,-0.00686602540378444));
#10722=CARTESIAN_POINT('',(0.0045,0.,-0.00686602540378444));
#10723=CARTESIAN_POINT('',(0.0045,0.023,-0.00686602540378444));
#10724=CARTESIAN_POINT('',(0.0045,-0.002,-0.00686602540378444));
#10725=CARTESIAN_POINT('',(0.005,-0.002,-0.00686602540378444));
#10726=CARTESIAN_POINT('',(0.0055,-0.002,-0.00686602540378444));
#10727=CARTESIAN_POINT('',(0.0055,0.023,-0.00686602540378444));
#10728=CARTESIAN_POINT('',(0.00629903810567665,0.023,-0.00461602540378444));
#10729=CARTESIAN_POINT('',(0.00629903810567665,0.,-0.00461602540378444));
#10730=CARTESIAN_POINT('',(0.00604903810567665,0.,-0.00418301270189222));
#10731=CARTESIAN_POINT('',(0.00654903810567665,0.,-0.00504903810567665));
#10732=CARTESIAN_POINT('',(0.00654903810567665,0.023,-0.00504903810567665));
#10733=CARTESIAN_POINT('',(0.00654903810567665,-0.002,-0.00504903810567665));
#10734=CARTESIAN_POINT('',(0.00629903810567665,-0.002,-0.00461602540378444));
#10735=CARTESIAN_POINT('',(0.00604903810567665,-0.002,-0.00418301270189222));
#10736=CARTESIAN_POINT('',(0.00604903810567665,0.023,-0.00418301270189222));
#10737=CARTESIAN_POINT('',(0.00397548094716167,0.023,-0.00535186932202795));
#10738=CARTESIAN_POINT('',(0.0190507984944671,0.,-0.0140556079660839));
#10739=CARTESIAN_POINT('',(0.0045,0.,-0.00565470053837925));
#10740=CARTESIAN_POINT('',(0.00397548094716167,-0.002,-0.00535186932202795));
#10741=CARTESIAN_POINT('',(0.0045,-0.002,-0.00565470053837925));
#10742=CARTESIAN_POINT('',(0.0045,0.023,-0.00565470053837925));
#10743=CARTESIAN_POINT('',(0.0045,0.023,-0.00626036297108184));
#10744=CARTESIAN_POINT('',(0.0045,0.,-0.028));
#10745=CARTESIAN_POINT('',(0.0045,-0.002,-0.00626036297108184));
#10746=CARTESIAN_POINT('',(0.00552451905283832,0.023,-0.00448584391824351));
#10747=CARTESIAN_POINT('',(-0.00055079849446717,0.,-0.00799343013959281));
#10748=CARTESIAN_POINT('',(0.005,0.,-0.00478867513459481));
#10749=CARTESIAN_POINT('',(0.00552451905283832,-0.002,-0.00448584391824351));
#10750=CARTESIAN_POINT('',(0.005,-0.002,-0.00478867513459481));
#10751=CARTESIAN_POINT('',(0.005,0.023,-0.00478867513459481));
#10752=CARTESIAN_POINT('',(0.00447548094716167,0.023,-0.00448584391824351));
#10753=CARTESIAN_POINT('',(0.00447548094716167,-0.002,-0.00448584391824351));
#10754=CARTESIAN_POINT('',(0.0195507984944671,0.,-0.0131895825622994));
#10755=CARTESIAN_POINT('',(0.00602451905283833,0.023,-0.00535186932202795));
#10756=CARTESIAN_POINT('',(0.0055,0.023,-0.00565470053837925));
#10757=CARTESIAN_POINT('',(0.0055,0.,-0.00565470053837925));
#10758=CARTESIAN_POINT('',(0.0055,-0.002,-0.00565470053837925));
#10759=CARTESIAN_POINT('',(0.00602451905283833,-0.002,-0.00535186932202795));
#10760=CARTESIAN_POINT('',(-5.07984944671542E-5,0.,-0.00885945554337722));
#10761=CARTESIAN_POINT('',(0.0055,0.023,-0.00626036297108184));
#10762=CARTESIAN_POINT('',(0.0055,-0.002,-0.00626036297108184));
#10763=CARTESIAN_POINT('',(0.0055,0.,-0.028));
#10764=CARTESIAN_POINT('',(0.00370096189432334,0.023,0.00238397459621556));
#10765=CARTESIAN_POINT('',(0.00370096189432334,0.,0.00238397459621556));
#10766=CARTESIAN_POINT('',(0.00345096189432334,0.,0.00195096189432335));
#10767=CARTESIAN_POINT('',(0.00395096189432334,0.,0.00281698729810778));
#10768=CARTESIAN_POINT('',(0.00395096189432334,0.023,0.00281698729810778));
#10769=CARTESIAN_POINT('',(0.00395096189432334,-0.002,0.00281698729810778));
#10770=CARTESIAN_POINT('',(0.00370096189432334,-0.002,0.00238397459621556));
#10771=CARTESIAN_POINT('',(0.00345096189432334,-0.002,0.00195096189432335));
#10772=CARTESIAN_POINT('',(0.00345096189432334,0.023,0.00195096189432335));
#10773=CARTESIAN_POINT('',(0.005,0.023,0.000133974596215562));
#10774=CARTESIAN_POINT('',(0.005,0.,0.000133974596215562));
#10775=CARTESIAN_POINT('',(0.0055,0.,0.000133974596215562));
#10776=CARTESIAN_POINT('',(0.0045,0.,0.000133974596215562));
#10777=CARTESIAN_POINT('',(0.0045,0.023,0.000133974596215562));
#10778=CARTESIAN_POINT('',(0.0045,-0.002,0.000133974596215562));
#10779=CARTESIAN_POINT('',(0.005,-0.002,0.000133974596215562));
#10780=CARTESIAN_POINT('',(0.0055,-0.002,0.000133974596215562));
#10781=CARTESIAN_POINT('',(0.0055,0.023,0.000133974596215562));
#10782=CARTESIAN_POINT('',(0.00629903810567666,0.023,0.00238397459621556));
#10783=CARTESIAN_POINT('',(0.00629903810567666,0.,0.00238397459621556));
#10784=CARTESIAN_POINT('',(0.00604903810567666,0.,0.00281698729810778));
#10785=CARTESIAN_POINT('',(0.00654903810567666,0.,0.00195096189432335));
#10786=CARTESIAN_POINT('',(0.00654903810567666,0.023,0.00195096189432335));
#10787=CARTESIAN_POINT('',(0.00654903810567666,-0.002,0.00195096189432335));
#10788=CARTESIAN_POINT('',(0.00629903810567666,-0.002,0.00238397459621556));
#10789=CARTESIAN_POINT('',(0.00604903810567666,-0.002,0.00281698729810778));
#10790=CARTESIAN_POINT('',(0.00604903810567666,0.023,0.00281698729810778));
#10791=CARTESIAN_POINT('',(0.00397548094716167,0.023,0.00164813067797205));
#10792=CARTESIAN_POINT('',(0.0190507984944671,0.,-0.00705560796608387));
#10793=CARTESIAN_POINT('',(0.0045,0.,0.00134529946162075));
#10794=CARTESIAN_POINT('',(0.00397548094716167,-0.002,0.00164813067797205));
#10795=CARTESIAN_POINT('',(0.0045,-0.002,0.00134529946162075));
#10796=CARTESIAN_POINT('',(0.0045,0.023,0.00134529946162075));
#10797=CARTESIAN_POINT('',(0.0045,0.023,0.000739637028918157));
#10798=CARTESIAN_POINT('',(0.0045,0.,-0.021));
#10799=CARTESIAN_POINT('',(0.0045,-0.002,0.000739637028918157));
#10800=CARTESIAN_POINT('',(0.00552451905283833,0.023,0.00251415608175649));
#10801=CARTESIAN_POINT('',(-0.00055079849446717,0.,-0.000993430139592806));
#10802=CARTESIAN_POINT('',(0.005,0.,0.00221132486540518));
#10803=CARTESIAN_POINT('',(0.00552451905283833,-0.002,0.00251415608175649));
#10804=CARTESIAN_POINT('',(0.005,-0.002,0.00221132486540518));
#10805=CARTESIAN_POINT('',(0.005,0.023,0.00221132486540518));
#10806=CARTESIAN_POINT('',(0.00447548094716167,0.023,0.00251415608175649));
#10807=CARTESIAN_POINT('',(0.00447548094716167,-0.002,0.00251415608175649));
#10808=CARTESIAN_POINT('',(0.0195507984944671,0.,-0.00618958256229945));
#10809=CARTESIAN_POINT('',(0.00602451905283833,0.023,0.00164813067797205));
#10810=CARTESIAN_POINT('',(0.0055,0.023,0.00134529946162075));
#10811=CARTESIAN_POINT('',(0.0055,0.,0.00134529946162075));
#10812=CARTESIAN_POINT('',(0.0055,-0.002,0.00134529946162075));
#10813=CARTESIAN_POINT('',(0.00602451905283833,-0.002,0.00164813067797205));
#10814=CARTESIAN_POINT('',(-5.07984944671542E-5,0.,-0.00185945554337722));
#10815=CARTESIAN_POINT('',(0.0055,0.023,0.000739637028918157));
#10816=CARTESIAN_POINT('',(0.0055,-0.002,0.000739637028918157));
#10817=CARTESIAN_POINT('',(0.0055,0.,-0.021));
#10818=CARTESIAN_POINT('',(0.00370096189432334,0.023,0.00938397459621556));
#10819=CARTESIAN_POINT('',(0.00370096189432334,0.,0.00938397459621556));
#10820=CARTESIAN_POINT('',(0.00345096189432334,0.,0.00895096189432335));
#10821=CARTESIAN_POINT('',(0.00395096189432334,0.,0.00981698729810778));
#10822=CARTESIAN_POINT('',(0.00395096189432334,0.023,0.00981698729810778));
#10823=CARTESIAN_POINT('',(0.00395096189432334,-0.002,0.00981698729810778));
#10824=CARTESIAN_POINT('',(0.00370096189432334,-0.002,0.00938397459621556));
#10825=CARTESIAN_POINT('',(0.00345096189432334,-0.002,0.00895096189432335));
#10826=CARTESIAN_POINT('',(0.00345096189432334,0.023,0.00895096189432335));
#10827=CARTESIAN_POINT('',(0.005,0.023,0.00713397459621556));
#10828=CARTESIAN_POINT('',(0.005,0.,0.00713397459621556));
#10829=CARTESIAN_POINT('',(0.0055,0.,0.00713397459621556));
#10830=CARTESIAN_POINT('',(0.0045,0.,0.00713397459621556));
#10831=CARTESIAN_POINT('',(0.0045,0.023,0.00713397459621556));
#10832=CARTESIAN_POINT('',(0.0045,-0.002,0.00713397459621556));
#10833=CARTESIAN_POINT('',(0.005,-0.002,0.00713397459621556));
#10834=CARTESIAN_POINT('',(0.0055,-0.002,0.00713397459621556));
#10835=CARTESIAN_POINT('',(0.0055,0.023,0.00713397459621556));
#10836=CARTESIAN_POINT('',(0.00629903810567666,0.023,0.00938397459621556));
#10837=CARTESIAN_POINT('',(0.00629903810567666,0.,0.00938397459621556));
#10838=CARTESIAN_POINT('',(0.00604903810567666,0.,0.00981698729810778));
#10839=CARTESIAN_POINT('',(0.00654903810567666,0.,0.00895096189432335));
#10840=CARTESIAN_POINT('',(0.00654903810567666,0.023,0.00895096189432335));
#10841=CARTESIAN_POINT('',(0.00654903810567666,-0.002,0.00895096189432335));
#10842=CARTESIAN_POINT('',(0.00629903810567666,-0.002,0.00938397459621556));
#10843=CARTESIAN_POINT('',(0.00604903810567666,-0.002,0.00981698729810778));
#10844=CARTESIAN_POINT('',(0.00604903810567666,0.023,0.00981698729810778));
#10845=CARTESIAN_POINT('',(0.00397548094716167,0.023,0.00864813067797205));
#10846=CARTESIAN_POINT('',(0.0190507984944671,0.,-5.56079660838649E-5));
#10847=CARTESIAN_POINT('',(0.0045,0.,0.00834529946162075));
#10848=CARTESIAN_POINT('',(0.00397548094716167,-0.002,0.00864813067797205));
#10849=CARTESIAN_POINT('',(0.0045,-0.002,0.00834529946162075));
#10850=CARTESIAN_POINT('',(0.0045,0.023,0.00834529946162075));
#10851=CARTESIAN_POINT('',(0.0045,0.023,0.00773963702891816));
#10852=CARTESIAN_POINT('',(0.0045,0.,-0.014));
#10853=CARTESIAN_POINT('',(0.0045,-0.002,0.00773963702891816));
#10854=CARTESIAN_POINT('',(0.00552451905283833,0.023,0.00951415608175648));
#10855=CARTESIAN_POINT('',(-0.000550798494467169,0.,0.0060065698604072));
#10856=CARTESIAN_POINT('',(0.005,0.,0.00921132486540519));
#10857=CARTESIAN_POINT('',(0.00552451905283833,-0.002,0.00951415608175648));
#10858=CARTESIAN_POINT('',(0.005,-0.002,0.00921132486540519));
#10859=CARTESIAN_POINT('',(0.005,0.023,0.00921132486540519));
#10860=CARTESIAN_POINT('',(0.00447548094716167,0.023,0.00951415608175648));
#10861=CARTESIAN_POINT('',(0.00447548094716167,-0.002,0.00951415608175648));
#10862=CARTESIAN_POINT('',(0.0195507984944671,0.,0.000810417437700549));
#10863=CARTESIAN_POINT('',(0.00602451905283833,0.023,0.00864813067797205));
#10864=CARTESIAN_POINT('',(0.0055,0.023,0.00834529946162075));
#10865=CARTESIAN_POINT('',(0.0055,0.,0.00834529946162075));
#10866=CARTESIAN_POINT('',(0.0055,-0.002,0.00834529946162075));
#10867=CARTESIAN_POINT('',(0.00602451905283833,-0.002,0.00864813067797205));
#10868=CARTESIAN_POINT('',(-5.07984944671525E-5,0.,0.00514054445662278));
#10869=CARTESIAN_POINT('',(0.0055,0.023,0.00773963702891816));
#10870=CARTESIAN_POINT('',(0.0055,-0.002,0.00773963702891816));
#10871=CARTESIAN_POINT('',(0.0055,0.,-0.014));
#10872=CARTESIAN_POINT('',(0.00370096189432334,0.023,0.0163839745962155));
#10873=CARTESIAN_POINT('',(0.00370096189432334,0.,0.0163839745962155));
#10874=CARTESIAN_POINT('',(0.00345096189432334,0.,0.0159509618943234));
#10875=CARTESIAN_POINT('',(0.00395096189432334,0.,0.0168169872981078));
#10876=CARTESIAN_POINT('',(0.00395096189432334,0.023,0.0168169872981078));
#10877=CARTESIAN_POINT('',(0.00395096189432334,-0.002,0.0168169872981078));
#10878=CARTESIAN_POINT('',(0.00370096189432334,-0.002,0.0163839745962155));
#10879=CARTESIAN_POINT('',(0.00345096189432334,-0.002,0.0159509618943234));
#10880=CARTESIAN_POINT('',(0.00345096189432334,0.023,0.0159509618943234));
#10881=CARTESIAN_POINT('',(0.005,0.023,0.0141339745962156));
#10882=CARTESIAN_POINT('',(0.005,0.,0.0141339745962156));
#10883=CARTESIAN_POINT('',(0.0055,0.,0.0141339745962156));
#10884=CARTESIAN_POINT('',(0.0045,0.,0.0141339745962156));
#10885=CARTESIAN_POINT('',(0.0045,0.023,0.0141339745962156));
#10886=CARTESIAN_POINT('',(0.0045,-0.002,0.0141339745962156));
#10887=CARTESIAN_POINT('',(0.005,-0.002,0.0141339745962156));
#10888=CARTESIAN_POINT('',(0.0055,-0.002,0.0141339745962156));
#10889=CARTESIAN_POINT('',(0.0055,0.023,0.0141339745962156));
#10890=CARTESIAN_POINT('',(0.00629903810567666,0.023,0.0163839745962155));
#10891=CARTESIAN_POINT('',(0.00629903810567666,0.,0.0163839745962155));
#10892=CARTESIAN_POINT('',(0.00604903810567666,0.,0.0168169872981078));
#10893=CARTESIAN_POINT('',(0.00654903810567666,0.,0.0159509618943234));
#10894=CARTESIAN_POINT('',(0.00654903810567666,0.023,0.0159509618943234));
#10895=CARTESIAN_POINT('',(0.00654903810567666,-0.002,0.0159509618943234));
#10896=CARTESIAN_POINT('',(0.00629903810567666,-0.002,0.0163839745962155));
#10897=CARTESIAN_POINT('',(0.00604903810567666,-0.002,0.0168169872981078));
#10898=CARTESIAN_POINT('',(0.00604903810567666,0.023,0.0168169872981078));
#10899=CARTESIAN_POINT('',(0.00397548094716167,0.023,0.015648130677972));
#10900=CARTESIAN_POINT('',(0.0190507984944671,0.,0.00694439203391614));
#10901=CARTESIAN_POINT('',(0.0045,0.,0.0153452994616208));
#10902=CARTESIAN_POINT('',(0.00397548094716167,-0.002,0.015648130677972));
#10903=CARTESIAN_POINT('',(0.0045,-0.002,0.0153452994616208));
#10904=CARTESIAN_POINT('',(0.0045,0.023,0.0153452994616208));
#10905=CARTESIAN_POINT('',(0.0045,0.023,0.0147396370289182));
#10906=CARTESIAN_POINT('',(0.0045,0.,-0.007));
#10907=CARTESIAN_POINT('',(0.0045,-0.002,0.0147396370289182));
#10908=CARTESIAN_POINT('',(0.00552451905283833,0.023,0.0165141560817565));
#10909=CARTESIAN_POINT('',(-0.000550798494467167,0.,0.0130065698604072));
#10910=CARTESIAN_POINT('',(0.005,0.,0.0162113248654052));
#10911=CARTESIAN_POINT('',(0.00552451905283833,-0.002,0.0165141560817565));
#10912=CARTESIAN_POINT('',(0.005,-0.002,0.0162113248654052));
#10913=CARTESIAN_POINT('',(0.005,0.023,0.0162113248654052));
#10914=CARTESIAN_POINT('',(0.00447548094716167,0.023,0.0165141560817565));
#10915=CARTESIAN_POINT('',(0.00447548094716167,-0.002,0.0165141560817565));
#10916=CARTESIAN_POINT('',(0.0195507984944671,0.,0.00781041743770055));
#10917=CARTESIAN_POINT('',(0.00602451905283833,0.023,0.015648130677972));
#10918=CARTESIAN_POINT('',(0.0055,0.023,0.0153452994616208));
#10919=CARTESIAN_POINT('',(0.0055,0.,0.0153452994616208));
#10920=CARTESIAN_POINT('',(0.0055,-0.002,0.0153452994616208));
#10921=CARTESIAN_POINT('',(0.00602451905283833,-0.002,0.015648130677972));
#10922=CARTESIAN_POINT('',(-5.07984944671507E-5,0.,0.0121405444566228));
#10923=CARTESIAN_POINT('',(0.0055,0.023,0.0147396370289182));
#10924=CARTESIAN_POINT('',(0.0055,-0.002,0.0147396370289182));
#10925=CARTESIAN_POINT('',(0.0055,0.,-0.007));
#10926=CARTESIAN_POINT('',(-0.00729903810567667,0.023,-0.0256160254037844));
#10927=CARTESIAN_POINT('',(-0.00729903810567667,0.,-0.0256160254037844));
#10928=CARTESIAN_POINT('',(-0.00754903810567667,0.,-0.0260490381056767));
#10929=CARTESIAN_POINT('',(-0.00704903810567667,0.,-0.0251830127018922));
#10930=CARTESIAN_POINT('',(-0.00704903810567667,0.023,-0.0251830127018922));
#10931=CARTESIAN_POINT('',(-0.00704903810567667,-0.002,-0.0251830127018922));
#10932=CARTESIAN_POINT('',(-0.00729903810567667,-0.002,-0.0256160254037844));
#10933=CARTESIAN_POINT('',(-0.00754903810567667,-0.002,-0.0260490381056767));
#10934=CARTESIAN_POINT('',(-0.00754903810567667,0.023,-0.0260490381056767));
#10935=CARTESIAN_POINT('',(-0.006,0.023,-0.0278660254037844));
#10936=CARTESIAN_POINT('',(-0.006,0.,-0.0278660254037844));
#10937=CARTESIAN_POINT('',(-0.0055,0.,-0.0278660254037844));
#10938=CARTESIAN_POINT('',(-0.0065,0.,-0.0278660254037844));
#10939=CARTESIAN_POINT('',(-0.0065,0.023,-0.0278660254037844));
#10940=CARTESIAN_POINT('',(-0.0065,-0.002,-0.0278660254037844));
#10941=CARTESIAN_POINT('',(-0.006,-0.002,-0.0278660254037844));
#10942=CARTESIAN_POINT('',(-0.0055,-0.002,-0.0278660254037844));
#10943=CARTESIAN_POINT('',(-0.0055,0.023,-0.0278660254037844));
#10944=CARTESIAN_POINT('',(-0.00470096189432335,0.023,-0.0256160254037844));
#10945=CARTESIAN_POINT('',(-0.00470096189432335,0.,-0.0256160254037844));
#10946=CARTESIAN_POINT('',(-0.00495096189432335,0.,-0.0251830127018922));
#10947=CARTESIAN_POINT('',(-0.00445096189432335,0.,-0.0260490381056767));
#10948=CARTESIAN_POINT('',(-0.00445096189432335,0.023,-0.0260490381056767));
#10949=CARTESIAN_POINT('',(-0.00445096189432335,-0.002,-0.0260490381056767));
#10950=CARTESIAN_POINT('',(-0.00470096189432335,-0.002,-0.0256160254037844));
#10951=CARTESIAN_POINT('',(-0.00495096189432335,-0.002,-0.0251830127018922));
#10952=CARTESIAN_POINT('',(-0.00495096189432335,0.023,-0.0251830127018922));
#10953=CARTESIAN_POINT('',(-0.00702451905283834,0.023,-0.0263518693220279));
#10954=CARTESIAN_POINT('',(0.00805079849446715,0.,-0.0350556079660838));
#10955=CARTESIAN_POINT('',(-0.0065,0.,-0.0266547005383793));
#10956=CARTESIAN_POINT('',(-0.00702451905283834,-0.002,-0.0263518693220279));
#10957=CARTESIAN_POINT('',(-0.0065,-0.002,-0.0266547005383793));
#10958=CARTESIAN_POINT('',(-0.0065,0.023,-0.0266547005383793));
#10959=CARTESIAN_POINT('',(-0.0065,0.023,-0.0272603629710819));
#10960=CARTESIAN_POINT('',(-0.0065,0.,-0.049));
#10961=CARTESIAN_POINT('',(-0.0065,-0.002,-0.0272603629710819));
#10962=CARTESIAN_POINT('',(-0.00547548094716168,0.023,-0.0254858439182435));
#10963=CARTESIAN_POINT('',(-0.0115507984944672,0.,-0.0289934301395928));
#10964=CARTESIAN_POINT('',(-0.006,0.,-0.0257886751345948));
#10965=CARTESIAN_POINT('',(-0.00547548094716168,-0.002,-0.0254858439182435));
#10966=CARTESIAN_POINT('',(-0.006,-0.002,-0.0257886751345948));
#10967=CARTESIAN_POINT('',(-0.006,0.023,-0.0257886751345948));
#10968=CARTESIAN_POINT('',(-0.00652451905283834,0.023,-0.0254858439182435));
#10969=CARTESIAN_POINT('',(-0.00652451905283834,-0.002,-0.0254858439182435));
#10970=CARTESIAN_POINT('',(0.00855079849446715,0.,-0.0341895825622995));
#10971=CARTESIAN_POINT('',(-0.00497548094716168,0.023,-0.0263518693220279));
#10972=CARTESIAN_POINT('',(-0.0055,0.023,-0.0266547005383793));
#10973=CARTESIAN_POINT('',(-0.0055,0.,-0.0266547005383793));
#10974=CARTESIAN_POINT('',(-0.0055,-0.002,-0.0266547005383793));
#10975=CARTESIAN_POINT('',(-0.00497548094716168,-0.002,-0.0263518693220279));
#10976=CARTESIAN_POINT('',(-0.0110507984944672,0.,-0.0298594555433772));
#10977=CARTESIAN_POINT('',(-0.0055,0.023,-0.0272603629710819));
#10978=CARTESIAN_POINT('',(-0.0055,-0.002,-0.0272603629710819));
#10979=CARTESIAN_POINT('',(-0.0055,0.,-0.049));
#10980=CARTESIAN_POINT('',(-0.00729903810567666,0.023,-0.0186160254037844));
#10981=CARTESIAN_POINT('',(-0.00729903810567666,0.,-0.0186160254037844));
#10982=CARTESIAN_POINT('',(-0.00754903810567667,0.,-0.0190490381056766));
#10983=CARTESIAN_POINT('',(-0.00704903810567666,0.,-0.0181830127018922));
#10984=CARTESIAN_POINT('',(-0.00704903810567666,0.023,-0.0181830127018922));
#10985=CARTESIAN_POINT('',(-0.00704903810567666,-0.002,-0.0181830127018922));
#10986=CARTESIAN_POINT('',(-0.00729903810567666,-0.002,-0.0186160254037844));
#10987=CARTESIAN_POINT('',(-0.00754903810567667,-0.002,-0.0190490381056766));
#10988=CARTESIAN_POINT('',(-0.00754903810567667,0.023,-0.0190490381056766));
#10989=CARTESIAN_POINT('',(-0.006,0.023,-0.0208660254037845));
#10990=CARTESIAN_POINT('',(-0.006,0.,-0.0208660254037845));
#10991=CARTESIAN_POINT('',(-0.0055,0.,-0.0208660254037845));
#10992=CARTESIAN_POINT('',(-0.0065,0.,-0.0208660254037845));
#10993=CARTESIAN_POINT('',(-0.0065,0.023,-0.0208660254037845));
#10994=CARTESIAN_POINT('',(-0.0065,-0.002,-0.0208660254037845));
#10995=CARTESIAN_POINT('',(-0.006,-0.002,-0.0208660254037845));
#10996=CARTESIAN_POINT('',(-0.0055,-0.002,-0.0208660254037845));
#10997=CARTESIAN_POINT('',(-0.0055,0.023,-0.0208660254037845));
#10998=CARTESIAN_POINT('',(-0.00470096189432335,0.023,-0.0186160254037844));
#10999=CARTESIAN_POINT('',(-0.00470096189432335,0.,-0.0186160254037844));
#11000=CARTESIAN_POINT('',(-0.00495096189432335,0.,-0.0181830127018922));
#11001=CARTESIAN_POINT('',(-0.00445096189432335,0.,-0.0190490381056766));
#11002=CARTESIAN_POINT('',(-0.00445096189432335,0.023,-0.0190490381056766));
#11003=CARTESIAN_POINT('',(-0.00445096189432335,-0.002,-0.0190490381056766));
#11004=CARTESIAN_POINT('',(-0.00470096189432335,-0.002,-0.0186160254037844));
#11005=CARTESIAN_POINT('',(-0.00495096189432335,-0.002,-0.0181830127018922));
#11006=CARTESIAN_POINT('',(-0.00495096189432335,0.023,-0.0181830127018922));
#11007=CARTESIAN_POINT('',(-0.00702451905283834,0.023,-0.019351869322028));
#11008=CARTESIAN_POINT('',(0.00805079849446715,0.,-0.0280556079660839));
#11009=CARTESIAN_POINT('',(-0.0065,0.,-0.0196547005383792));
#11010=CARTESIAN_POINT('',(-0.00702451905283834,-0.002,-0.019351869322028));
#11011=CARTESIAN_POINT('',(-0.0065,-0.002,-0.0196547005383792));
#11012=CARTESIAN_POINT('',(-0.0065,0.023,-0.0196547005383792));
#11013=CARTESIAN_POINT('',(-0.0065,0.023,-0.0202603629710819));
#11014=CARTESIAN_POINT('',(-0.0065,0.,-0.042));
#11015=CARTESIAN_POINT('',(-0.0065,-0.002,-0.0202603629710819));
#11016=CARTESIAN_POINT('',(-0.00547548094716168,0.023,-0.0184858439182435));
#11017=CARTESIAN_POINT('',(-0.0115507984944672,0.,-0.0219934301395928));
#11018=CARTESIAN_POINT('',(-0.006,0.,-0.0187886751345948));
#11019=CARTESIAN_POINT('',(-0.00547548094716168,-0.002,-0.0184858439182435));
#11020=CARTESIAN_POINT('',(-0.006,-0.002,-0.0187886751345948));
#11021=CARTESIAN_POINT('',(-0.006,0.023,-0.0187886751345948));
#11022=CARTESIAN_POINT('',(-0.00652451905283834,0.023,-0.0184858439182435));
#11023=CARTESIAN_POINT('',(-0.00652451905283834,-0.002,-0.0184858439182435));
#11024=CARTESIAN_POINT('',(0.00855079849446716,0.,-0.0271895825622995));
#11025=CARTESIAN_POINT('',(-0.00497548094716168,0.023,-0.019351869322028));
#11026=CARTESIAN_POINT('',(-0.0055,0.023,-0.0196547005383792));
#11027=CARTESIAN_POINT('',(-0.0055,0.,-0.0196547005383792));
#11028=CARTESIAN_POINT('',(-0.0055,-0.002,-0.0196547005383792));
#11029=CARTESIAN_POINT('',(-0.00497548094716168,-0.002,-0.019351869322028));
#11030=CARTESIAN_POINT('',(-0.0110507984944672,0.,-0.0228594555433772));
#11031=CARTESIAN_POINT('',(-0.0055,0.023,-0.0202603629710819));
#11032=CARTESIAN_POINT('',(-0.0055,-0.002,-0.0202603629710819));
#11033=CARTESIAN_POINT('',(-0.0055,0.,-0.042));
#11034=CARTESIAN_POINT('',(-0.00729903810567666,0.023,-0.0116160254037844));
#11035=CARTESIAN_POINT('',(-0.00729903810567666,0.,-0.0116160254037844));
#11036=CARTESIAN_POINT('',(-0.00754903810567666,0.,-0.0120490381056767));
#11037=CARTESIAN_POINT('',(-0.00704903810567666,0.,-0.0111830127018922));
#11038=CARTESIAN_POINT('',(-0.00704903810567666,0.023,-0.0111830127018922));
#11039=CARTESIAN_POINT('',(-0.00704903810567666,-0.002,-0.0111830127018922));
#11040=CARTESIAN_POINT('',(-0.00729903810567666,-0.002,-0.0116160254037844));
#11041=CARTESIAN_POINT('',(-0.00754903810567666,-0.002,-0.0120490381056767));
#11042=CARTESIAN_POINT('',(-0.00754903810567666,0.023,-0.0120490381056767));
#11043=CARTESIAN_POINT('',(-0.006,0.023,-0.0138660254037844));
#11044=CARTESIAN_POINT('',(-0.006,0.,-0.0138660254037844));
#11045=CARTESIAN_POINT('',(-0.0055,0.,-0.0138660254037844));
#11046=CARTESIAN_POINT('',(-0.0065,0.,-0.0138660254037844));
#11047=CARTESIAN_POINT('',(-0.0065,0.023,-0.0138660254037844));
#11048=CARTESIAN_POINT('',(-0.0065,-0.002,-0.0138660254037844));
#11049=CARTESIAN_POINT('',(-0.006,-0.002,-0.0138660254037844));
#11050=CARTESIAN_POINT('',(-0.0055,-0.002,-0.0138660254037844));
#11051=CARTESIAN_POINT('',(-0.0055,0.023,-0.0138660254037844));
#11052=CARTESIAN_POINT('',(-0.00470096189432335,0.023,-0.0116160254037844));
#11053=CARTESIAN_POINT('',(-0.00470096189432335,0.,-0.0116160254037844));
#11054=CARTESIAN_POINT('',(-0.00495096189432335,0.,-0.0111830127018922));
#11055=CARTESIAN_POINT('',(-0.00445096189432335,0.,-0.0120490381056767));
#11056=CARTESIAN_POINT('',(-0.00445096189432335,0.023,-0.0120490381056767));
#11057=CARTESIAN_POINT('',(-0.00445096189432335,-0.002,-0.0120490381056767));
#11058=CARTESIAN_POINT('',(-0.00470096189432335,-0.002,-0.0116160254037844));
#11059=CARTESIAN_POINT('',(-0.00495096189432335,-0.002,-0.0111830127018922));
#11060=CARTESIAN_POINT('',(-0.00495096189432335,0.023,-0.0111830127018922));
#11061=CARTESIAN_POINT('',(-0.00702451905283834,0.023,-0.012351869322028));
#11062=CARTESIAN_POINT('',(0.00805079849446715,0.,-0.0210556079660838));
#11063=CARTESIAN_POINT('',(-0.0065,0.,-0.0126547005383792));
#11064=CARTESIAN_POINT('',(-0.00702451905283834,-0.002,-0.012351869322028));
#11065=CARTESIAN_POINT('',(-0.0065,-0.002,-0.0126547005383792));
#11066=CARTESIAN_POINT('',(-0.0065,0.023,-0.0126547005383792));
#11067=CARTESIAN_POINT('',(-0.0065,0.023,-0.0132603629710818));
#11068=CARTESIAN_POINT('',(-0.0065,0.,-0.035));
#11069=CARTESIAN_POINT('',(-0.0065,-0.002,-0.0132603629710818));
#11070=CARTESIAN_POINT('',(-0.00547548094716168,0.023,-0.0114858439182435));
#11071=CARTESIAN_POINT('',(-0.0115507984944672,0.,-0.0149934301395928));
#11072=CARTESIAN_POINT('',(-0.006,0.,-0.0117886751345948));
#11073=CARTESIAN_POINT('',(-0.00547548094716168,-0.002,-0.0114858439182435));
#11074=CARTESIAN_POINT('',(-0.006,-0.002,-0.0117886751345948));
#11075=CARTESIAN_POINT('',(-0.006,0.023,-0.0117886751345948));
#11076=CARTESIAN_POINT('',(-0.00652451905283833,0.023,-0.0114858439182435));
#11077=CARTESIAN_POINT('',(-0.00652451905283833,-0.002,-0.0114858439182435));
#11078=CARTESIAN_POINT('',(0.00855079849446716,0.,-0.0201895825622994));
#11079=CARTESIAN_POINT('',(-0.00497548094716168,0.023,-0.012351869322028));
#11080=CARTESIAN_POINT('',(-0.0055,0.023,-0.0126547005383792));
#11081=CARTESIAN_POINT('',(-0.0055,0.,-0.0126547005383792));
#11082=CARTESIAN_POINT('',(-0.0055,-0.002,-0.0126547005383792));
#11083=CARTESIAN_POINT('',(-0.00497548094716168,-0.002,-0.012351869322028));
#11084=CARTESIAN_POINT('',(-0.0110507984944672,0.,-0.0158594555433772));
#11085=CARTESIAN_POINT('',(-0.0055,0.023,-0.0132603629710818));
#11086=CARTESIAN_POINT('',(-0.0055,-0.002,-0.0132603629710818));
#11087=CARTESIAN_POINT('',(-0.0055,0.,-0.035));
#11088=CARTESIAN_POINT('',(-0.00729903810567666,0.023,-0.00461602540378444));
#11089=CARTESIAN_POINT('',(-0.00729903810567666,0.,-0.00461602540378444));
#11090=CARTESIAN_POINT('',(-0.00754903810567666,0.,-0.00504903810567665));
#11091=CARTESIAN_POINT('',(-0.00704903810567666,0.,-0.00418301270189222));
#11092=CARTESIAN_POINT('',(-0.00704903810567666,0.023,-0.00418301270189222));
#11093=CARTESIAN_POINT('',(-0.00704903810567666,-0.002,-0.00418301270189222));
#11094=CARTESIAN_POINT('',(-0.00729903810567666,-0.002,-0.00461602540378444));
#11095=CARTESIAN_POINT('',(-0.00754903810567666,-0.002,-0.00504903810567665));
#11096=CARTESIAN_POINT('',(-0.00754903810567666,0.023,-0.00504903810567665));
#11097=CARTESIAN_POINT('',(-0.006,0.023,-0.00686602540378444));
#11098=CARTESIAN_POINT('',(-0.006,0.,-0.00686602540378444));
#11099=CARTESIAN_POINT('',(-0.0055,0.,-0.00686602540378444));
#11100=CARTESIAN_POINT('',(-0.0065,0.,-0.00686602540378444));
#11101=CARTESIAN_POINT('',(-0.0065,0.023,-0.00686602540378444));
#11102=CARTESIAN_POINT('',(-0.0065,-0.002,-0.00686602540378444));
#11103=CARTESIAN_POINT('',(-0.006,-0.002,-0.00686602540378444));
#11104=CARTESIAN_POINT('',(-0.0055,-0.002,-0.00686602540378444));
#11105=CARTESIAN_POINT('',(-0.0055,0.023,-0.00686602540378444));
#11106=CARTESIAN_POINT('',(-0.00470096189432335,0.023,-0.00461602540378444));
#11107=CARTESIAN_POINT('',(-0.00470096189432335,0.,-0.00461602540378444));
#11108=CARTESIAN_POINT('',(-0.00495096189432335,0.,-0.00418301270189222));
#11109=CARTESIAN_POINT('',(-0.00445096189432334,0.,-0.00504903810567665));
#11110=CARTESIAN_POINT('',(-0.00445096189432334,0.023,-0.00504903810567665));
#11111=CARTESIAN_POINT('',(-0.00445096189432334,-0.002,-0.00504903810567665));
#11112=CARTESIAN_POINT('',(-0.00470096189432335,-0.002,-0.00461602540378444));
#11113=CARTESIAN_POINT('',(-0.00495096189432335,-0.002,-0.00418301270189222));
#11114=CARTESIAN_POINT('',(-0.00495096189432335,0.023,-0.00418301270189222));
#11115=CARTESIAN_POINT('',(-0.00702451905283833,0.023,-0.00535186932202795));
#11116=CARTESIAN_POINT('',(0.00805079849446715,0.,-0.0140556079660839));
#11117=CARTESIAN_POINT('',(-0.0065,0.,-0.00565470053837925));
#11118=CARTESIAN_POINT('',(-0.00702451905283833,-0.002,-0.00535186932202795));
#11119=CARTESIAN_POINT('',(-0.0065,-0.002,-0.00565470053837925));
#11120=CARTESIAN_POINT('',(-0.0065,0.023,-0.00565470053837925));
#11121=CARTESIAN_POINT('',(-0.0065,0.023,-0.00626036297108184));
#11122=CARTESIAN_POINT('',(-0.0065,0.,-0.028));
#11123=CARTESIAN_POINT('',(-0.0065,-0.002,-0.00626036297108184));
#11124=CARTESIAN_POINT('',(-0.00547548094716168,0.023,-0.00448584391824351));
#11125=CARTESIAN_POINT('',(-0.0115507984944672,0.,-0.00799343013959281));
#11126=CARTESIAN_POINT('',(-0.006,0.,-0.00478867513459481));
#11127=CARTESIAN_POINT('',(-0.00547548094716168,-0.002,-0.00448584391824351));
#11128=CARTESIAN_POINT('',(-0.006,-0.002,-0.00478867513459481));
#11129=CARTESIAN_POINT('',(-0.006,0.023,-0.00478867513459481));
#11130=CARTESIAN_POINT('',(-0.00652451905283833,0.023,-0.00448584391824351));
#11131=CARTESIAN_POINT('',(-0.00652451905283833,-0.002,-0.00448584391824351));
#11132=CARTESIAN_POINT('',(0.00855079849446716,0.,-0.0131895825622994));
#11133=CARTESIAN_POINT('',(-0.00497548094716167,0.023,-0.00535186932202795));
#11134=CARTESIAN_POINT('',(-0.0055,0.023,-0.00565470053837925));
#11135=CARTESIAN_POINT('',(-0.0055,0.,-0.00565470053837925));
#11136=CARTESIAN_POINT('',(-0.0055,-0.002,-0.00565470053837925));
#11137=CARTESIAN_POINT('',(-0.00497548094716167,-0.002,-0.00535186932202795));
#11138=CARTESIAN_POINT('',(-0.0110507984944671,0.,-0.00885945554337722));
#11139=CARTESIAN_POINT('',(-0.0055,0.023,-0.00626036297108184));
#11140=CARTESIAN_POINT('',(-0.0055,-0.002,-0.00626036297108184));
#11141=CARTESIAN_POINT('',(-0.0055,0.,-0.028));
#11142=CARTESIAN_POINT('',(-0.00729903810567666,0.023,0.00238397459621556));
#11143=CARTESIAN_POINT('',(-0.00729903810567666,0.,0.00238397459621556));
#11144=CARTESIAN_POINT('',(-0.00754903810567666,0.,0.00195096189432335));
#11145=CARTESIAN_POINT('',(-0.00704903810567666,0.,0.00281698729810778));
#11146=CARTESIAN_POINT('',(-0.00704903810567666,0.023,0.00281698729810778));
#11147=CARTESIAN_POINT('',(-0.00704903810567666,-0.002,0.00281698729810778));
#11148=CARTESIAN_POINT('',(-0.00729903810567666,-0.002,0.00238397459621556));
#11149=CARTESIAN_POINT('',(-0.00754903810567666,-0.002,0.00195096189432335));
#11150=CARTESIAN_POINT('',(-0.00754903810567666,0.023,0.00195096189432335));
#11151=CARTESIAN_POINT('',(-0.006,0.023,0.000133974596215562));
#11152=CARTESIAN_POINT('',(-0.006,0.,0.000133974596215562));
#11153=CARTESIAN_POINT('',(-0.0055,0.,0.000133974596215562));
#11154=CARTESIAN_POINT('',(-0.0065,0.,0.000133974596215562));
#11155=CARTESIAN_POINT('',(-0.0065,0.023,0.000133974596215562));
#11156=CARTESIAN_POINT('',(-0.0065,-0.002,0.000133974596215562));
#11157=CARTESIAN_POINT('',(-0.006,-0.002,0.000133974596215562));
#11158=CARTESIAN_POINT('',(-0.0055,-0.002,0.000133974596215562));
#11159=CARTESIAN_POINT('',(-0.0055,0.023,0.000133974596215562));
#11160=CARTESIAN_POINT('',(-0.00470096189432334,0.023,0.00238397459621556));
#11161=CARTESIAN_POINT('',(-0.00470096189432334,0.,0.00238397459621556));
#11162=CARTESIAN_POINT('',(-0.00495096189432334,0.,0.00281698729810778));
#11163=CARTESIAN_POINT('',(-0.00445096189432334,0.,0.00195096189432335));
#11164=CARTESIAN_POINT('',(-0.00445096189432334,0.023,0.00195096189432335));
#11165=CARTESIAN_POINT('',(-0.00445096189432334,-0.002,0.00195096189432335));
#11166=CARTESIAN_POINT('',(-0.00470096189432334,-0.002,0.00238397459621556));
#11167=CARTESIAN_POINT('',(-0.00495096189432334,-0.002,0.00281698729810778));
#11168=CARTESIAN_POINT('',(-0.00495096189432334,0.023,0.00281698729810778));
#11169=CARTESIAN_POINT('',(-0.00702451905283833,0.023,0.00164813067797205));
#11170=CARTESIAN_POINT('',(0.00805079849446715,0.,-0.00705560796608387));
#11171=CARTESIAN_POINT('',(-0.0065,0.,0.00134529946162075));
#11172=CARTESIAN_POINT('',(-0.00702451905283833,-0.002,0.00164813067797205));
#11173=CARTESIAN_POINT('',(-0.0065,-0.002,0.00134529946162075));
#11174=CARTESIAN_POINT('',(-0.0065,0.023,0.00134529946162075));
#11175=CARTESIAN_POINT('',(-0.0065,0.023,0.000739637028918157));
#11176=CARTESIAN_POINT('',(-0.0065,0.,-0.021));
#11177=CARTESIAN_POINT('',(-0.0065,-0.002,0.000739637028918157));
#11178=CARTESIAN_POINT('',(-0.00547548094716167,0.023,0.00251415608175649));
#11179=CARTESIAN_POINT('',(-0.0115507984944672,0.,-0.000993430139592806));
#11180=CARTESIAN_POINT('',(-0.006,0.,0.00221132486540518));
#11181=CARTESIAN_POINT('',(-0.00547548094716167,-0.002,0.00251415608175649));
#11182=CARTESIAN_POINT('',(-0.006,-0.002,0.00221132486540518));
#11183=CARTESIAN_POINT('',(-0.006,0.023,0.00221132486540518));
#11184=CARTESIAN_POINT('',(-0.00652451905283833,0.023,0.00251415608175649));
#11185=CARTESIAN_POINT('',(-0.00652451905283833,-0.002,0.00251415608175649));
#11186=CARTESIAN_POINT('',(0.00855079849446716,0.,-0.00618958256229945));
#11187=CARTESIAN_POINT('',(-0.00497548094716167,0.023,0.00164813067797205));
#11188=CARTESIAN_POINT('',(-0.0055,0.023,0.00134529946162075));
#11189=CARTESIAN_POINT('',(-0.0055,0.,0.00134529946162075));
#11190=CARTESIAN_POINT('',(-0.0055,-0.002,0.00134529946162075));
#11191=CARTESIAN_POINT('',(-0.00497548094716167,-0.002,0.00164813067797205));
#11192=CARTESIAN_POINT('',(-0.0110507984944671,0.,-0.00185945554337722));
#11193=CARTESIAN_POINT('',(-0.0055,0.023,0.000739637028918157));
#11194=CARTESIAN_POINT('',(-0.0055,-0.002,0.000739637028918157));
#11195=CARTESIAN_POINT('',(-0.0055,0.,-0.021));
#11196=CARTESIAN_POINT('',(-0.00729903810567666,0.023,0.00938397459621556));
#11197=CARTESIAN_POINT('',(-0.00729903810567666,0.,0.00938397459621556));
#11198=CARTESIAN_POINT('',(-0.00754903810567666,0.,0.00895096189432335));
#11199=CARTESIAN_POINT('',(-0.00704903810567666,0.,0.00981698729810778));
#11200=CARTESIAN_POINT('',(-0.00704903810567666,0.023,0.00981698729810778));
#11201=CARTESIAN_POINT('',(-0.00704903810567666,-0.002,0.00981698729810778));
#11202=CARTESIAN_POINT('',(-0.00729903810567666,-0.002,0.00938397459621556));
#11203=CARTESIAN_POINT('',(-0.00754903810567666,-0.002,0.00895096189432335));
#11204=CARTESIAN_POINT('',(-0.00754903810567666,0.023,0.00895096189432335));
#11205=CARTESIAN_POINT('',(-0.006,0.023,0.00713397459621556));
#11206=CARTESIAN_POINT('',(-0.006,0.,0.00713397459621556));
#11207=CARTESIAN_POINT('',(-0.0055,0.,0.00713397459621556));
#11208=CARTESIAN_POINT('',(-0.0065,0.,0.00713397459621556));
#11209=CARTESIAN_POINT('',(-0.0065,0.023,0.00713397459621556));
#11210=CARTESIAN_POINT('',(-0.0065,-0.002,0.00713397459621556));
#11211=CARTESIAN_POINT('',(-0.006,-0.002,0.00713397459621556));
#11212=CARTESIAN_POINT('',(-0.0055,-0.002,0.00713397459621556));
#11213=CARTESIAN_POINT('',(-0.0055,0.023,0.00713397459621556));
#11214=CARTESIAN_POINT('',(-0.00470096189432334,0.023,0.00938397459621556));
#11215=CARTESIAN_POINT('',(-0.00470096189432334,0.,0.00938397459621556));
#11216=CARTESIAN_POINT('',(-0.00495096189432334,0.,0.00981698729810778));
#11217=CARTESIAN_POINT('',(-0.00445096189432334,0.,0.00895096189432335));
#11218=CARTESIAN_POINT('',(-0.00445096189432334,0.023,0.00895096189432335));
#11219=CARTESIAN_POINT('',(-0.00445096189432334,-0.002,0.00895096189432335));
#11220=CARTESIAN_POINT('',(-0.00470096189432334,-0.002,0.00938397459621556));
#11221=CARTESIAN_POINT('',(-0.00495096189432334,-0.002,0.00981698729810778));
#11222=CARTESIAN_POINT('',(-0.00495096189432334,0.023,0.00981698729810778));
#11223=CARTESIAN_POINT('',(-0.00702451905283833,0.023,0.00864813067797205));
#11224=CARTESIAN_POINT('',(0.00805079849446715,0.,-5.56079660838649E-5));
#11225=CARTESIAN_POINT('',(-0.0065,0.,0.00834529946162075));
#11226=CARTESIAN_POINT('',(-0.00702451905283833,-0.002,0.00864813067797205));
#11227=CARTESIAN_POINT('',(-0.0065,-0.002,0.00834529946162075));
#11228=CARTESIAN_POINT('',(-0.0065,0.023,0.00834529946162075));
#11229=CARTESIAN_POINT('',(-0.0065,0.023,0.00773963702891816));
#11230=CARTESIAN_POINT('',(-0.0065,0.,-0.014));
#11231=CARTESIAN_POINT('',(-0.0065,-0.002,0.00773963702891816));
#11232=CARTESIAN_POINT('',(-0.00547548094716167,0.023,0.00951415608175648));
#11233=CARTESIAN_POINT('',(-0.0115507984944672,0.,0.0060065698604072));
#11234=CARTESIAN_POINT('',(-0.006,0.,0.00921132486540519));
#11235=CARTESIAN_POINT('',(-0.00547548094716167,-0.002,0.00951415608175648));
#11236=CARTESIAN_POINT('',(-0.006,-0.002,0.00921132486540519));
#11237=CARTESIAN_POINT('',(-0.006,0.023,0.00921132486540519));
#11238=CARTESIAN_POINT('',(-0.00652451905283833,0.023,0.00951415608175648));
#11239=CARTESIAN_POINT('',(-0.00652451905283833,-0.002,0.00951415608175648));
#11240=CARTESIAN_POINT('',(0.00855079849446716,0.,0.000810417437700549));
#11241=CARTESIAN_POINT('',(-0.00497548094716167,0.023,0.00864813067797205));
#11242=CARTESIAN_POINT('',(-0.0055,0.023,0.00834529946162075));
#11243=CARTESIAN_POINT('',(-0.0055,0.,0.00834529946162075));
#11244=CARTESIAN_POINT('',(-0.0055,-0.002,0.00834529946162075));
#11245=CARTESIAN_POINT('',(-0.00497548094716167,-0.002,0.00864813067797205));
#11246=CARTESIAN_POINT('',(-0.0110507984944671,0.,0.00514054445662278));
#11247=CARTESIAN_POINT('',(-0.0055,0.023,0.00773963702891816));
#11248=CARTESIAN_POINT('',(-0.0055,-0.002,0.00773963702891816));
#11249=CARTESIAN_POINT('',(-0.0055,0.,-0.014));
#11250=CARTESIAN_POINT('',(-0.00729903810567666,0.023,0.0163839745962155));
#11251=CARTESIAN_POINT('',(-0.00729903810567666,0.,0.0163839745962155));
#11252=CARTESIAN_POINT('',(-0.00754903810567666,0.,0.0159509618943234));
#11253=CARTESIAN_POINT('',(-0.00704903810567666,0.,0.0168169872981078));
#11254=CARTESIAN_POINT('',(-0.00704903810567666,0.023,0.0168169872981078));
#11255=CARTESIAN_POINT('',(-0.00704903810567666,-0.002,0.0168169872981078));
#11256=CARTESIAN_POINT('',(-0.00729903810567666,-0.002,0.0163839745962155));
#11257=CARTESIAN_POINT('',(-0.00754903810567666,-0.002,0.0159509618943234));
#11258=CARTESIAN_POINT('',(-0.00754903810567666,0.023,0.0159509618943234));
#11259=CARTESIAN_POINT('',(-0.006,0.023,0.0141339745962156));
#11260=CARTESIAN_POINT('',(-0.006,0.,0.0141339745962156));
#11261=CARTESIAN_POINT('',(-0.0055,0.,0.0141339745962156));
#11262=CARTESIAN_POINT('',(-0.0065,0.,0.0141339745962156));
#11263=CARTESIAN_POINT('',(-0.0065,0.023,0.0141339745962156));
#11264=CARTESIAN_POINT('',(-0.0065,-0.002,0.0141339745962156));
#11265=CARTESIAN_POINT('',(-0.006,-0.002,0.0141339745962156));
#11266=CARTESIAN_POINT('',(-0.0055,-0.002,0.0141339745962156));
#11267=CARTESIAN_POINT('',(-0.0055,0.023,0.0141339745962156));
#11268=CARTESIAN_POINT('',(-0.00470096189432334,0.023,0.0163839745962155));
#11269=CARTESIAN_POINT('',(-0.00470096189432334,0.,0.0163839745962155));
#11270=CARTESIAN_POINT('',(-0.00495096189432334,0.,0.0168169872981078));
#11271=CARTESIAN_POINT('',(-0.00445096189432334,0.,0.0159509618943234));
#11272=CARTESIAN_POINT('',(-0.00445096189432334,0.023,0.0159509618943234));
#11273=CARTESIAN_POINT('',(-0.00445096189432334,-0.002,0.0159509618943234));
#11274=CARTESIAN_POINT('',(-0.00470096189432334,-0.002,0.0163839745962155));
#11275=CARTESIAN_POINT('',(-0.00495096189432334,-0.002,0.0168169872981078));
#11276=CARTESIAN_POINT('',(-0.00495096189432334,0.023,0.0168169872981078));
#11277=CARTESIAN_POINT('',(-0.00702451905283833,0.023,0.015648130677972));
#11278=CARTESIAN_POINT('',(0.00805079849446716,0.,0.00694439203391614));
#11279=CARTESIAN_POINT('',(-0.0065,0.,0.0153452994616208));
#11280=CARTESIAN_POINT('',(-0.00702451905283833,-0.002,0.015648130677972));
#11281=CARTESIAN_POINT('',(-0.0065,-0.002,0.0153452994616208));
#11282=CARTESIAN_POINT('',(-0.0065,0.023,0.0153452994616208));
#11283=CARTESIAN_POINT('',(-0.0065,0.023,0.0147396370289182));
#11284=CARTESIAN_POINT('',(-0.0065,0.,-0.007));
#11285=CARTESIAN_POINT('',(-0.0065,-0.002,0.0147396370289182));
#11286=CARTESIAN_POINT('',(-0.00547548094716167,0.023,0.0165141560817565));
#11287=CARTESIAN_POINT('',(-0.0115507984944672,0.,0.0130065698604072));
#11288=CARTESIAN_POINT('',(-0.006,0.,0.0162113248654052));
#11289=CARTESIAN_POINT('',(-0.00547548094716167,-0.002,0.0165141560817565));
#11290=CARTESIAN_POINT('',(-0.006,-0.002,0.0162113248654052));
#11291=CARTESIAN_POINT('',(-0.006,0.023,0.0162113248654052));
#11292=CARTESIAN_POINT('',(-0.00652451905283833,0.023,0.0165141560817565));
#11293=CARTESIAN_POINT('',(-0.00652451905283833,-0.002,0.0165141560817565));
#11294=CARTESIAN_POINT('',(0.00855079849446716,0.,0.00781041743770055));
#11295=CARTESIAN_POINT('',(-0.00497548094716167,0.023,0.015648130677972));
#11296=CARTESIAN_POINT('',(-0.0055,0.023,0.0153452994616208));
#11297=CARTESIAN_POINT('',(-0.0055,0.,0.0153452994616208));
#11298=CARTESIAN_POINT('',(-0.0055,-0.002,0.0153452994616208));
#11299=CARTESIAN_POINT('',(-0.00497548094716167,-0.002,0.015648130677972));
#11300=CARTESIAN_POINT('',(-0.0110507984944671,0.,0.0121405444566228));
#11301=CARTESIAN_POINT('',(-0.0055,0.023,0.0147396370289182));
#11302=CARTESIAN_POINT('',(-0.0055,-0.002,0.0147396370289182));
#11303=CARTESIAN_POINT('',(-0.0055,0.,-0.007));
#11304=CARTESIAN_POINT('',(0.,-0.002,0.));
#11305=CARTESIAN_POINT('',(-6.07153216591882E-18,-0.002,-0.033));
#11306=CARTESIAN_POINT('',(-0.006,-0.002,-0.033));
#11307=CARTESIAN_POINT('',(0.006,-0.002,-0.033));
#11308=CARTESIAN_POINT('',(0.006,-0.002,-0.0355));
#11309=CARTESIAN_POINT('',(0.006,-0.002,-0.0355));
#11310=CARTESIAN_POINT('',(-6.93889390390723E-18,-0.002,-0.0355));
#11311=CARTESIAN_POINT('',(0.018,-0.002,-0.0355));
#11312=CARTESIAN_POINT('',(0.018,-0.002,-0.0325));
#11313=CARTESIAN_POINT('',(0.021,-0.002,-0.0325));
#11314=CARTESIAN_POINT('',(0.021,-0.002,0.));
#11315=CARTESIAN_POINT('',(0.021,-0.002,0.0325));
#11316=CARTESIAN_POINT('',(0.018,-0.002,0.0325));
#11317=CARTESIAN_POINT('',(0.018,-0.002,0.0355));
#11318=CARTESIAN_POINT('',(6.93889390390723E-18,-0.002,0.0355));
#11319=CARTESIAN_POINT('',(-0.018,-0.002,0.0355));
#11320=CARTESIAN_POINT('',(-0.018,-0.002,0.0325));
#11321=CARTESIAN_POINT('',(-0.021,-0.002,0.0325));
#11322=CARTESIAN_POINT('',(-0.021,-0.002,0.));
#11323=CARTESIAN_POINT('',(-0.021,-0.002,-0.0325));
#11324=CARTESIAN_POINT('',(-0.018,-0.002,-0.0325));
#11325=CARTESIAN_POINT('',(-0.018,-0.002,-0.0355));
#11326=CARTESIAN_POINT('',(-6.93889390390723E-18,-0.002,-0.0355));
#11327=CARTESIAN_POINT('',(-0.006,-0.002,-0.0355));
#11328=CARTESIAN_POINT('',(-0.006,-0.002,-0.0355));
#11329=CARTESIAN_POINT('',(-0.0127990381056767,-0.002,0.0271160254037844));
#11330=CARTESIAN_POINT('',(-0.0115,-0.002,0.0263660254037844));
#11331=CARTESIAN_POINT('',(-0.0140980762113533,-0.002,0.0278660254037844));
#11332=CARTESIAN_POINT('',(-0.0102009618943233,-0.002,0.0271160254037844));
#11333=CARTESIAN_POINT('',(-0.00890192378864668,-0.002,0.0278660254037844));
#11334=CARTESIAN_POINT('',(-0.00839150712198001,-0.002,0.0269819578040878));
#11335=CARTESIAN_POINT('',(-0.00765192378864668,-0.002,0.0262783121635129));
#11336=CARTESIAN_POINT('',(-0.00907596189432334,-0.002,0.0254561433798643));
#11337=CARTESIAN_POINT('',(-0.0105,-0.002,0.0246339745962155));
#11338=CARTESIAN_POINT('',(-0.0105,-0.002,0.0231339745962156));
#11339=CARTESIAN_POINT('',(-0.0105,-0.002,0.0216339745962155));
#11340=CARTESIAN_POINT('',(-0.0115,-0.002,0.0216339745962155));
#11341=CARTESIAN_POINT('',(-0.0125,-0.002,0.0216339745962155));
#11342=CARTESIAN_POINT('',(-0.0125,-0.002,0.0231339745962156));
#11343=CARTESIAN_POINT('',(-0.0125,-0.002,0.0246339745962155));
#11344=CARTESIAN_POINT('',(-0.0137990381056767,-0.002,0.0253839745962155));
#11345=CARTESIAN_POINT('',(-0.0150980762113533,-0.002,0.0261339745962155));
#11346=CARTESIAN_POINT('',(-0.0145980762113533,-0.002,0.027));
#11347=CARTESIAN_POINT('',(-0.0127990381056767,-0.002,0.0201160254037844));
#11348=CARTESIAN_POINT('',(-0.0115,-0.002,0.0193660254037844));
#11349=CARTESIAN_POINT('',(-0.0140980762113533,-0.002,0.0208660254037845));
#11350=CARTESIAN_POINT('',(-0.0102009618943233,-0.002,0.0201160254037844));
#11351=CARTESIAN_POINT('',(-0.00890192378864668,-0.002,0.0208660254037845));
#11352=CARTESIAN_POINT('',(-0.00839150712198001,-0.002,0.0199819578040878));
#11353=CARTESIAN_POINT('',(-0.00765192378864668,-0.002,0.019278312163513));
#11354=CARTESIAN_POINT('',(-0.00907596189432334,-0.002,0.0184561433798642));
#11355=CARTESIAN_POINT('',(-0.0105,-0.002,0.0176339745962155));
#11356=CARTESIAN_POINT('',(-0.0105,-0.002,0.0161339745962155));
#11357=CARTESIAN_POINT('',(-0.0105,-0.002,0.0146339745962156));
#11358=CARTESIAN_POINT('',(-0.0115,-0.002,0.0146339745962156));
#11359=CARTESIAN_POINT('',(-0.0125,-0.002,0.0146339745962156));
#11360=CARTESIAN_POINT('',(-0.0125,-0.002,0.0161339745962155));
#11361=CARTESIAN_POINT('',(-0.0125,-0.002,0.0176339745962155));
#11362=CARTESIAN_POINT('',(-0.0137990381056767,-0.002,0.0183839745962155));
#11363=CARTESIAN_POINT('',(-0.0150980762113533,-0.002,0.0191339745962155));
#11364=CARTESIAN_POINT('',(-0.0145980762113533,-0.002,0.02));
#11365=CARTESIAN_POINT('',(-0.0127990381056767,-0.002,0.0131160254037844));
#11366=CARTESIAN_POINT('',(-0.0115,-0.002,0.0123660254037844));
#11367=CARTESIAN_POINT('',(-0.0140980762113533,-0.002,0.0138660254037844));
#11368=CARTESIAN_POINT('',(-0.0102009618943233,-0.002,0.0131160254037844));
#11369=CARTESIAN_POINT('',(-0.00890192378864669,-0.002,0.0138660254037844));
#11370=CARTESIAN_POINT('',(-0.00839150712198001,-0.002,0.0129819578040878));
#11371=CARTESIAN_POINT('',(-0.00765192378864668,-0.002,0.012278312163513));
#11372=CARTESIAN_POINT('',(-0.00907596189432334,-0.002,0.0114561433798643));
#11373=CARTESIAN_POINT('',(-0.0105,-0.002,0.0106339745962156));
#11374=CARTESIAN_POINT('',(-0.0105,-0.002,0.00913397459621556));
#11375=CARTESIAN_POINT('',(-0.0105,-0.002,0.00763397459621557));
#11376=CARTESIAN_POINT('',(-0.0115,-0.002,0.00763397459621557));
#11377=CARTESIAN_POINT('',(-0.0125,-0.002,0.00763397459621557));
#11378=CARTESIAN_POINT('',(-0.0125,-0.002,0.00913397459621556));
#11379=CARTESIAN_POINT('',(-0.0125,-0.002,0.0106339745962156));
#11380=CARTESIAN_POINT('',(-0.0137990381056767,-0.002,0.0113839745962156));
#11381=CARTESIAN_POINT('',(-0.0150980762113533,-0.002,0.0121339745962156));
#11382=CARTESIAN_POINT('',(-0.0145980762113533,-0.002,0.013));
#11383=CARTESIAN_POINT('',(-0.0127990381056767,-0.002,0.00611602540378444));
#11384=CARTESIAN_POINT('',(-0.0115,-0.002,0.00536602540378444));
#11385=CARTESIAN_POINT('',(-0.0140980762113533,-0.002,0.00686602540378444));
#11386=CARTESIAN_POINT('',(-0.0102009618943233,-0.002,0.00611602540378444));
#11387=CARTESIAN_POINT('',(-0.00890192378864669,-0.002,0.00686602540378444));
#11388=CARTESIAN_POINT('',(-0.00839150712198002,-0.002,0.00598195780408782));
#11389=CARTESIAN_POINT('',(-0.00765192378864668,-0.002,0.00527831216351297));
#11390=CARTESIAN_POINT('',(-0.00907596189432334,-0.002,0.00445614337986427));
#11391=CARTESIAN_POINT('',(-0.0105,-0.002,0.00363397459621557));
#11392=CARTESIAN_POINT('',(-0.0105,-0.002,0.00213397459621557));
#11393=CARTESIAN_POINT('',(-0.0105,-0.002,0.000633974596215566));
#11394=CARTESIAN_POINT('',(-0.0115,-0.002,0.000633974596215566));
#11395=CARTESIAN_POINT('',(-0.0125,-0.002,0.000633974596215566));
#11396=CARTESIAN_POINT('',(-0.0125,-0.002,0.00213397459621557));
#11397=CARTESIAN_POINT('',(-0.0125,-0.002,0.00363397459621557));
#11398=CARTESIAN_POINT('',(-0.0137990381056767,-0.002,0.00438397459621556));
#11399=CARTESIAN_POINT('',(-0.0150980762113533,-0.002,0.00513397459621556));
#11400=CARTESIAN_POINT('',(-0.0145980762113533,-0.002,0.006));
#11401=CARTESIAN_POINT('',(-0.0127990381056767,-0.002,-0.000883974596215555));
#11402=CARTESIAN_POINT('',(-0.0115,-0.002,-0.00163397459621556));
#11403=CARTESIAN_POINT('',(-0.0140980762113533,-0.002,-0.000133974596215558));
#11404=CARTESIAN_POINT('',(-0.0102009618943233,-0.002,-0.000883974596215555));
#11405=CARTESIAN_POINT('',(-0.00890192378864669,-0.002,-0.000133974596215558));
#11406=CARTESIAN_POINT('',(-0.00839150712198002,-0.002,-0.00101804219591218));
#11407=CARTESIAN_POINT('',(-0.00765192378864668,-0.002,-0.00172168783648703));
#11408=CARTESIAN_POINT('',(-0.00907596189432334,-0.002,-0.00254385662013573));
#11409=CARTESIAN_POINT('',(-0.0105,-0.002,-0.00336602540378444));
#11410=CARTESIAN_POINT('',(-0.0105,-0.002,-0.00486602540378444));
#11411=CARTESIAN_POINT('',(-0.0105,-0.002,-0.00636602540378443));
#11412=CARTESIAN_POINT('',(-0.0115,-0.002,-0.00636602540378443));
#11413=CARTESIAN_POINT('',(-0.0125,-0.002,-0.00636602540378443));
#11414=CARTESIAN_POINT('',(-0.0125,-0.002,-0.00486602540378444));
#11415=CARTESIAN_POINT('',(-0.0125,-0.002,-0.00336602540378444));
#11416=CARTESIAN_POINT('',(-0.0137990381056767,-0.002,-0.00261602540378444));
#11417=CARTESIAN_POINT('',(-0.0150980762113533,-0.002,-0.00186602540378444));
#11418=CARTESIAN_POINT('',(-0.0145980762113533,-0.002,-0.001));
#11419=CARTESIAN_POINT('',(-0.0127990381056767,-0.002,-0.00788397459621556));
#11420=CARTESIAN_POINT('',(-0.0115,-0.002,-0.00863397459621556));
#11421=CARTESIAN_POINT('',(-0.0140980762113533,-0.002,-0.00713397459621556));
#11422=CARTESIAN_POINT('',(-0.0102009618943233,-0.002,-0.00788397459621556));
#11423=CARTESIAN_POINT('',(-0.00890192378864669,-0.002,-0.00713397459621556));
#11424=CARTESIAN_POINT('',(-0.00839150712198002,-0.002,-0.00801804219591218));
#11425=CARTESIAN_POINT('',(-0.00765192378864668,-0.002,-0.00872168783648704));
#11426=CARTESIAN_POINT('',(-0.00907596189432334,-0.002,-0.00954385662013573));
#11427=CARTESIAN_POINT('',(-0.0105,-0.002,-0.0103660254037844));
#11428=CARTESIAN_POINT('',(-0.0105,-0.002,-0.0118660254037844));
#11429=CARTESIAN_POINT('',(-0.0105,-0.002,-0.0133660254037844));
#11430=CARTESIAN_POINT('',(-0.0115,-0.002,-0.0133660254037844));
#11431=CARTESIAN_POINT('',(-0.0125,-0.002,-0.0133660254037844));
#11432=CARTESIAN_POINT('',(-0.0125,-0.002,-0.0118660254037844));
#11433=CARTESIAN_POINT('',(-0.0125,-0.002,-0.0103660254037844));
#11434=CARTESIAN_POINT('',(-0.0137990381056767,-0.002,-0.00961602540378444));
#11435=CARTESIAN_POINT('',(-0.0150980762113533,-0.002,-0.00886602540378444));
#11436=CARTESIAN_POINT('',(-0.0145980762113533,-0.002,-0.008));
#11437=CARTESIAN_POINT('',(-0.0127990381056767,-0.002,-0.0148839745962156));
#11438=CARTESIAN_POINT('',(-0.0115,-0.002,-0.0156339745962155));
#11439=CARTESIAN_POINT('',(-0.0140980762113533,-0.002,-0.0141339745962156));
#11440=CARTESIAN_POINT('',(-0.0102009618943233,-0.002,-0.0148839745962156));
#11441=CARTESIAN_POINT('',(-0.00890192378864669,-0.002,-0.0141339745962156));
#11442=CARTESIAN_POINT('',(-0.00839150712198002,-0.002,-0.0150180421959122));
#11443=CARTESIAN_POINT('',(-0.00765192378864668,-0.002,-0.0157216878364871));
#11444=CARTESIAN_POINT('',(-0.00907596189432335,-0.002,-0.0165438566201357));
#11445=CARTESIAN_POINT('',(-0.0105,-0.002,-0.0173660254037844));
#11446=CARTESIAN_POINT('',(-0.0105,-0.002,-0.0188660254037844));
#11447=CARTESIAN_POINT('',(-0.0105,-0.002,-0.0203660254037844));
#11448=CARTESIAN_POINT('',(-0.0115,-0.002,-0.0203660254037844));
#11449=CARTESIAN_POINT('',(-0.0125,-0.002,-0.0203660254037844));
#11450=CARTESIAN_POINT('',(-0.0125,-0.002,-0.0188660254037844));
#11451=CARTESIAN_POINT('',(-0.0125,-0.002,-0.0173660254037844));
#11452=CARTESIAN_POINT('',(-0.0137990381056767,-0.002,-0.0166160254037844));
#11453=CARTESIAN_POINT('',(-0.0150980762113533,-0.002,-0.0158660254037844));
#11454=CARTESIAN_POINT('',(-0.0145980762113533,-0.002,-0.015));
#11455=CARTESIAN_POINT('',(-0.0127990381056767,-0.002,-0.0218839745962155));
#11456=CARTESIAN_POINT('',(-0.0115,-0.002,-0.0226339745962156));
#11457=CARTESIAN_POINT('',(-0.0140980762113533,-0.002,-0.0211339745962155));
#11458=CARTESIAN_POINT('',(-0.0102009618943233,-0.002,-0.0218839745962155));
#11459=CARTESIAN_POINT('',(-0.00890192378864669,-0.002,-0.0211339745962155));
#11460=CARTESIAN_POINT('',(-0.00839150712198002,-0.002,-0.0220180421959122));
#11461=CARTESIAN_POINT('',(-0.00765192378864669,-0.002,-0.0227216878364871));
#11462=CARTESIAN_POINT('',(-0.00907596189432335,-0.002,-0.0235438566201358));
#11463=CARTESIAN_POINT('',(-0.0105,-0.002,-0.0243660254037844));
#11464=CARTESIAN_POINT('',(-0.0105,-0.002,-0.0258660254037844));
#11465=CARTESIAN_POINT('',(-0.0105,-0.002,-0.0273660254037844));
#11466=CARTESIAN_POINT('',(-0.0115,-0.002,-0.0273660254037844));
#11467=CARTESIAN_POINT('',(-0.0125,-0.002,-0.0273660254037844));
#11468=CARTESIAN_POINT('',(-0.0125,-0.002,-0.0258660254037844));
#11469=CARTESIAN_POINT('',(-0.0125,-0.002,-0.0243660254037844));
#11470=CARTESIAN_POINT('',(-0.0137990381056767,-0.002,-0.0236160254037844));
#11471=CARTESIAN_POINT('',(-0.0150980762113533,-0.002,-0.0228660254037844));
#11472=CARTESIAN_POINT('',(-0.0145980762113533,-0.002,-0.022));
#11473=CARTESIAN_POINT('',(-0.00179903810567667,-0.002,-0.0218839745962155));
#11474=CARTESIAN_POINT('',(-0.000500000000000009,-0.002,-0.0226339745962156));
#11475=CARTESIAN_POINT('',(-0.00309807621135332,-0.002,-0.0211339745962155));
#11476=CARTESIAN_POINT('',(0.00079903810567665,-0.002,-0.0218839745962155));
#11477=CARTESIAN_POINT('',(0.00209807621135331,-0.002,-0.0211339745962155));
#11478=CARTESIAN_POINT('',(0.00260849287801998,-0.002,-0.0220180421959122));
#11479=CARTESIAN_POINT('',(0.00334807621135332,-0.002,-0.0227216878364871));
#11480=CARTESIAN_POINT('',(0.00192403810567665,-0.002,-0.0235438566201358));
#11481=CARTESIAN_POINT('',(0.000499999999999994,-0.002,-0.0243660254037844));
#11482=CARTESIAN_POINT('',(0.000499999999999994,-0.002,-0.0258660254037844));
#11483=CARTESIAN_POINT('',(0.000499999999999994,-0.002,-0.0273660254037844));
#11484=CARTESIAN_POINT('',(-0.000500000000000007,-0.002,-0.0273660254037844));
#11485=CARTESIAN_POINT('',(-0.0015,-0.002,-0.0273660254037844));
#11486=CARTESIAN_POINT('',(-0.0015,-0.002,-0.0258660254037844));
#11487=CARTESIAN_POINT('',(-0.0015,-0.002,-0.0243660254037844));
#11488=CARTESIAN_POINT('',(-0.00279903810567666,-0.002,-0.0236160254037844));
#11489=CARTESIAN_POINT('',(-0.00409807621135332,-0.002,-0.0228660254037844));
#11490=CARTESIAN_POINT('',(-0.00359807621135332,-0.002,-0.022));
#11491=CARTESIAN_POINT('',(-0.00179903810567667,-0.002,-0.0148839745962156));
#11492=CARTESIAN_POINT('',(-0.000500000000000007,-0.002,-0.0156339745962155));
#11493=CARTESIAN_POINT('',(-0.00309807621135332,-0.002,-0.0141339745962156));
#11494=CARTESIAN_POINT('',(0.000799038105676652,-0.002,-0.0148839745962156));
#11495=CARTESIAN_POINT('',(0.00209807621135331,-0.002,-0.0141339745962156));
#11496=CARTESIAN_POINT('',(0.00260849287801998,-0.002,-0.0150180421959122));
#11497=CARTESIAN_POINT('',(0.00334807621135332,-0.002,-0.0157216878364871));
#11498=CARTESIAN_POINT('',(0.00192403810567666,-0.002,-0.0165438566201357));
#11499=CARTESIAN_POINT('',(0.0005,-0.002,-0.0173660254037844));
#11500=CARTESIAN_POINT('',(0.0005,-0.002,-0.0188660254037844));
#11501=CARTESIAN_POINT('',(0.0005,-0.002,-0.0203660254037844));
#11502=CARTESIAN_POINT('',(-0.000500000000000006,-0.002,-0.0203660254037844));
#11503=CARTESIAN_POINT('',(-0.0015,-0.002,-0.0203660254037844));
#11504=CARTESIAN_POINT('',(-0.0015,-0.002,-0.0188660254037844));
#11505=CARTESIAN_POINT('',(-0.0015,-0.002,-0.0173660254037844));
#11506=CARTESIAN_POINT('',(-0.00279903810567666,-0.002,-0.0166160254037844));
#11507=CARTESIAN_POINT('',(-0.00409807621135332,-0.002,-0.0158660254037844));
#11508=CARTESIAN_POINT('',(-0.00359807621135332,-0.002,-0.015));
#11509=CARTESIAN_POINT('',(-0.00179903810567667,-0.002,-0.00788397459621556));
#11510=CARTESIAN_POINT('',(-0.000500000000000006,-0.002,-0.00863397459621556));
#11511=CARTESIAN_POINT('',(-0.00309807621135332,-0.002,-0.00713397459621556));
#11512=CARTESIAN_POINT('',(0.000799038105676653,-0.002,-0.00788397459621556));
#11513=CARTESIAN_POINT('',(0.00209807621135331,-0.002,-0.00713397459621556));
#11514=CARTESIAN_POINT('',(0.00260849287801998,-0.002,-0.00801804219591218));
#11515=CARTESIAN_POINT('',(0.00334807621135332,-0.002,-0.00872168783648704));
#11516=CARTESIAN_POINT('',(0.00192403810567666,-0.002,-0.00954385662013573));
#11517=CARTESIAN_POINT('',(0.0005,-0.002,-0.0103660254037844));
#11518=CARTESIAN_POINT('',(0.0005,-0.002,-0.0118660254037844));
#11519=CARTESIAN_POINT('',(0.0005,-0.002,-0.0133660254037844));
#11520=CARTESIAN_POINT('',(-0.0005,-0.002,-0.0133660254037844));
#11521=CARTESIAN_POINT('',(-0.0015,-0.002,-0.0133660254037844));
#11522=CARTESIAN_POINT('',(-0.0015,-0.002,-0.0118660254037844));
#11523=CARTESIAN_POINT('',(-0.0015,-0.002,-0.0103660254037844));
#11524=CARTESIAN_POINT('',(-0.00279903810567666,-0.002,-0.00961602540378444));
#11525=CARTESIAN_POINT('',(-0.00409807621135332,-0.002,-0.00886602540378444));
#11526=CARTESIAN_POINT('',(-0.00359807621135332,-0.002,-0.008));
#11527=CARTESIAN_POINT('',(-0.00179903810567667,-0.002,-0.000883974596215555));
#11528=CARTESIAN_POINT('',(-0.0005,-0.002,-0.00163397459621556));
#11529=CARTESIAN_POINT('',(-0.00309807621135332,-0.002,-0.000133974596215558));
#11530=CARTESIAN_POINT('',(0.000799038105676655,-0.002,-0.000883974596215555));
#11531=CARTESIAN_POINT('',(0.00209807621135331,-0.002,-0.000133974596215558));
#11532=CARTESIAN_POINT('',(0.00260849287801998,-0.002,-0.00101804219591218));
#11533=CARTESIAN_POINT('',(0.00334807621135332,-0.002,-0.00172168783648703));
#11534=CARTESIAN_POINT('',(0.00192403810567666,-0.002,-0.00254385662013573));
#11535=CARTESIAN_POINT('',(0.0005,-0.002,-0.00336602540378444));
#11536=CARTESIAN_POINT('',(0.0005,-0.002,-0.00486602540378444));
#11537=CARTESIAN_POINT('',(0.0005,-0.002,-0.00636602540378443));
#11538=CARTESIAN_POINT('',(-0.0005,-0.002,-0.00636602540378443));
#11539=CARTESIAN_POINT('',(-0.0015,-0.002,-0.00636602540378443));
#11540=CARTESIAN_POINT('',(-0.0015,-0.002,-0.00486602540378444));
#11541=CARTESIAN_POINT('',(-0.0015,-0.002,-0.00336602540378444));
#11542=CARTESIAN_POINT('',(-0.00279903810567666,-0.002,-0.00261602540378444));
#11543=CARTESIAN_POINT('',(-0.00409807621135332,-0.002,-0.00186602540378444));
#11544=CARTESIAN_POINT('',(-0.00359807621135332,-0.002,-0.001));
#11545=CARTESIAN_POINT('',(-0.00179903810567667,-0.002,0.00611602540378444));
#11546=CARTESIAN_POINT('',(-0.0005,-0.002,0.00536602540378444));
#11547=CARTESIAN_POINT('',(-0.00309807621135332,-0.002,0.00686602540378444));
#11548=CARTESIAN_POINT('',(0.000799038105676655,-0.002,0.00611602540378444));
#11549=CARTESIAN_POINT('',(0.00209807621135331,-0.002,0.00686602540378444));
#11550=CARTESIAN_POINT('',(0.00260849287801998,-0.002,0.00598195780408782));
#11551=CARTESIAN_POINT('',(0.00334807621135332,-0.002,0.00527831216351297));
#11552=CARTESIAN_POINT('',(0.00192403810567666,-0.002,0.00445614337986427));
#11553=CARTESIAN_POINT('',(0.0005,-0.002,0.00363397459621557));
#11554=CARTESIAN_POINT('',(0.0005,-0.002,0.00213397459621557));
#11555=CARTESIAN_POINT('',(0.0005,-0.002,0.000633974596215566));
#11556=CARTESIAN_POINT('',(-0.0005,-0.002,0.000633974596215566));
#11557=CARTESIAN_POINT('',(-0.0015,-0.002,0.000633974596215566));
#11558=CARTESIAN_POINT('',(-0.0015,-0.002,0.00213397459621557));
#11559=CARTESIAN_POINT('',(-0.0015,-0.002,0.00363397459621557));
#11560=CARTESIAN_POINT('',(-0.00279903810567666,-0.002,0.00438397459621556));
#11561=CARTESIAN_POINT('',(-0.00409807621135332,-0.002,0.00513397459621556));
#11562=CARTESIAN_POINT('',(-0.00359807621135332,-0.002,0.006));
#11563=CARTESIAN_POINT('',(-0.00179903810567666,-0.002,0.0131160254037844));
#11564=CARTESIAN_POINT('',(-0.0005,-0.002,0.0123660254037844));
#11565=CARTESIAN_POINT('',(-0.00309807621135332,-0.002,0.0138660254037844));
#11566=CARTESIAN_POINT('',(0.000799038105676657,-0.002,0.0131160254037844));
#11567=CARTESIAN_POINT('',(0.00209807621135331,-0.002,0.0138660254037844));
#11568=CARTESIAN_POINT('',(0.00260849287801998,-0.002,0.0129819578040878));
#11569=CARTESIAN_POINT('',(0.00334807621135332,-0.002,0.012278312163513));
#11570=CARTESIAN_POINT('',(0.00192403810567666,-0.002,0.0114561433798643));
#11571=CARTESIAN_POINT('',(0.0005,-0.002,0.0106339745962156));
#11572=CARTESIAN_POINT('',(0.0005,-0.002,0.00913397459621556));
#11573=CARTESIAN_POINT('',(0.0005,-0.002,0.00763397459621557));
#11574=CARTESIAN_POINT('',(-0.0005,-0.002,0.00763397459621557));
#11575=CARTESIAN_POINT('',(-0.0015,-0.002,0.00763397459621557));
#11576=CARTESIAN_POINT('',(-0.0015,-0.002,0.00913397459621556));
#11577=CARTESIAN_POINT('',(-0.0015,-0.002,0.0106339745962156));
#11578=CARTESIAN_POINT('',(-0.00279903810567666,-0.002,0.0113839745962156));
#11579=CARTESIAN_POINT('',(-0.00409807621135332,-0.002,0.0121339745962156));
#11580=CARTESIAN_POINT('',(-0.00359807621135332,-0.002,0.013));
#11581=CARTESIAN_POINT('',(-0.00179903810567666,-0.002,0.0201160254037844));
#11582=CARTESIAN_POINT('',(-0.0005,-0.002,0.0193660254037844));
#11583=CARTESIAN_POINT('',(-0.00309807621135332,-0.002,0.0208660254037845));
#11584=CARTESIAN_POINT('',(0.000799038105676659,-0.002,0.0201160254037844));
#11585=CARTESIAN_POINT('',(0.00209807621135331,-0.002,0.0208660254037845));
#11586=CARTESIAN_POINT('',(0.00260849287801998,-0.002,0.0199819578040878));
#11587=CARTESIAN_POINT('',(0.00334807621135332,-0.002,0.019278312163513));
#11588=CARTESIAN_POINT('',(0.00192403810567666,-0.002,0.0184561433798642));
#11589=CARTESIAN_POINT('',(0.0005,-0.002,0.0176339745962155));
#11590=CARTESIAN_POINT('',(0.0005,-0.002,0.0161339745962155));
#11591=CARTESIAN_POINT('',(0.0005,-0.002,0.0146339745962156));
#11592=CARTESIAN_POINT('',(-0.0005,-0.002,0.0146339745962156));
#11593=CARTESIAN_POINT('',(-0.0015,-0.002,0.0146339745962156));
#11594=CARTESIAN_POINT('',(-0.0015,-0.002,0.0161339745962155));
#11595=CARTESIAN_POINT('',(-0.0015,-0.002,0.0176339745962155));
#11596=CARTESIAN_POINT('',(-0.00279903810567665,-0.002,0.0183839745962155));
#11597=CARTESIAN_POINT('',(-0.00409807621135332,-0.002,0.0191339745962155));
#11598=CARTESIAN_POINT('',(-0.00359807621135332,-0.002,0.02));
#11599=CARTESIAN_POINT('',(-0.00179903810567666,-0.002,0.0271160254037844));
#11600=CARTESIAN_POINT('',(-0.0005,-0.002,0.0263660254037844));
#11601=CARTESIAN_POINT('',(-0.00309807621135332,-0.002,0.0278660254037844));
#11602=CARTESIAN_POINT('',(0.00079903810567666,-0.002,0.0271160254037844));
#11603=CARTESIAN_POINT('',(0.00209807621135332,-0.002,0.0278660254037844));
#11604=CARTESIAN_POINT('',(0.00260849287801999,-0.002,0.0269819578040878));
#11605=CARTESIAN_POINT('',(0.00334807621135333,-0.002,0.0262783121635129));
#11606=CARTESIAN_POINT('',(0.00192403810567666,-0.002,0.0254561433798643));
#11607=CARTESIAN_POINT('',(0.0005,-0.002,0.0246339745962155));
#11608=CARTESIAN_POINT('',(0.0005,-0.002,0.0231339745962156));
#11609=CARTESIAN_POINT('',(0.0005,-0.002,0.0216339745962155));
#11610=CARTESIAN_POINT('',(-0.0005,-0.002,0.0216339745962155));
#11611=CARTESIAN_POINT('',(-0.0015,-0.002,0.0216339745962155));
#11612=CARTESIAN_POINT('',(-0.0015,-0.002,0.0231339745962156));
#11613=CARTESIAN_POINT('',(-0.0015,-0.002,0.0246339745962155));
#11614=CARTESIAN_POINT('',(-0.00279903810567665,-0.002,0.0253839745962155));
#11615=CARTESIAN_POINT('',(-0.00409807621135331,-0.002,0.0261339745962155));
#11616=CARTESIAN_POINT('',(-0.00359807621135332,-0.002,0.027));
#11617=CARTESIAN_POINT('',(0.00920096189432334,-0.002,0.0271160254037844));
#11618=CARTESIAN_POINT('',(0.0105,-0.002,0.0263660254037844));
#11619=CARTESIAN_POINT('',(0.00790192378864668,-0.002,0.0278660254037844));
#11620=CARTESIAN_POINT('',(0.0117990381056767,-0.002,0.0271160254037844));
#11621=CARTESIAN_POINT('',(0.0130980762113533,-0.002,0.0278660254037844));
#11622=CARTESIAN_POINT('',(0.01360849287802,-0.002,0.0269819578040878));
#11623=CARTESIAN_POINT('',(0.0143480762113533,-0.002,0.0262783121635129));
#11624=CARTESIAN_POINT('',(0.0129240381056767,-0.002,0.0254561433798643));
#11625=CARTESIAN_POINT('',(0.0115,-0.002,0.0246339745962155));
#11626=CARTESIAN_POINT('',(0.0115,-0.002,0.0231339745962156));
#11627=CARTESIAN_POINT('',(0.0115,-0.002,0.0216339745962155));
#11628=CARTESIAN_POINT('',(0.0105,-0.002,0.0216339745962155));
#11629=CARTESIAN_POINT('',(0.0095,-0.002,0.0216339745962155));
#11630=CARTESIAN_POINT('',(0.0095,-0.002,0.0231339745962156));
#11631=CARTESIAN_POINT('',(0.0095,-0.002,0.0246339745962155));
#11632=CARTESIAN_POINT('',(0.00820096189432334,-0.002,0.0253839745962155));
#11633=CARTESIAN_POINT('',(0.00690192378864669,-0.002,0.0261339745962155));
#11634=CARTESIAN_POINT('',(0.00740192378864669,-0.002,0.027));
#11635=CARTESIAN_POINT('',(0.00920096189432334,-0.002,0.0201160254037844));
#11636=CARTESIAN_POINT('',(0.0105,-0.002,0.0193660254037844));
#11637=CARTESIAN_POINT('',(0.00790192378864668,-0.002,0.0208660254037845));
#11638=CARTESIAN_POINT('',(0.0117990381056767,-0.002,0.0201160254037844));
#11639=CARTESIAN_POINT('',(0.0130980762113533,-0.002,0.0208660254037845));
#11640=CARTESIAN_POINT('',(0.01360849287802,-0.002,0.0199819578040878));
#11641=CARTESIAN_POINT('',(0.0143480762113533,-0.002,0.019278312163513));
#11642=CARTESIAN_POINT('',(0.0129240381056767,-0.002,0.0184561433798642));
#11643=CARTESIAN_POINT('',(0.0115,-0.002,0.0176339745962155));
#11644=CARTESIAN_POINT('',(0.0115,-0.002,0.0161339745962155));
#11645=CARTESIAN_POINT('',(0.0115,-0.002,0.0146339745962156));
#11646=CARTESIAN_POINT('',(0.0105,-0.002,0.0146339745962156));
#11647=CARTESIAN_POINT('',(0.0095,-0.002,0.0146339745962156));
#11648=CARTESIAN_POINT('',(0.0095,-0.002,0.0161339745962155));
#11649=CARTESIAN_POINT('',(0.0095,-0.002,0.0176339745962155));
#11650=CARTESIAN_POINT('',(0.00820096189432334,-0.002,0.0183839745962155));
#11651=CARTESIAN_POINT('',(0.00690192378864669,-0.002,0.0191339745962155));
#11652=CARTESIAN_POINT('',(0.00740192378864668,-0.002,0.02));
#11653=CARTESIAN_POINT('',(0.00920096189432334,-0.002,0.0131160254037844));
#11654=CARTESIAN_POINT('',(0.0105,-0.002,0.0123660254037844));
#11655=CARTESIAN_POINT('',(0.00790192378864668,-0.002,0.0138660254037844));
#11656=CARTESIAN_POINT('',(0.0117990381056767,-0.002,0.0131160254037844));
#11657=CARTESIAN_POINT('',(0.0130980762113533,-0.002,0.0138660254037844));
#11658=CARTESIAN_POINT('',(0.01360849287802,-0.002,0.0129819578040878));
#11659=CARTESIAN_POINT('',(0.0143480762113533,-0.002,0.012278312163513));
#11660=CARTESIAN_POINT('',(0.0129240381056767,-0.002,0.0114561433798643));
#11661=CARTESIAN_POINT('',(0.0115,-0.002,0.0106339745962156));
#11662=CARTESIAN_POINT('',(0.0115,-0.002,0.00913397459621556));
#11663=CARTESIAN_POINT('',(0.0115,-0.002,0.00763397459621557));
#11664=CARTESIAN_POINT('',(0.0105,-0.002,0.00763397459621557));
#11665=CARTESIAN_POINT('',(0.0095,-0.002,0.00763397459621557));
#11666=CARTESIAN_POINT('',(0.0095,-0.002,0.00913397459621556));
#11667=CARTESIAN_POINT('',(0.0095,-0.002,0.0106339745962156));
#11668=CARTESIAN_POINT('',(0.00820096189432334,-0.002,0.0113839745962156));
#11669=CARTESIAN_POINT('',(0.00690192378864669,-0.002,0.0121339745962156));
#11670=CARTESIAN_POINT('',(0.00740192378864668,-0.002,0.013));
#11671=CARTESIAN_POINT('',(0.00920096189432334,-0.002,0.00611602540378444));
#11672=CARTESIAN_POINT('',(0.0105,-0.002,0.00536602540378444));
#11673=CARTESIAN_POINT('',(0.00790192378864668,-0.002,0.00686602540378444));
#11674=CARTESIAN_POINT('',(0.0117990381056767,-0.002,0.00611602540378444));
#11675=CARTESIAN_POINT('',(0.0130980762113533,-0.002,0.00686602540378444));
#11676=CARTESIAN_POINT('',(0.01360849287802,-0.002,0.00598195780408782));
#11677=CARTESIAN_POINT('',(0.0143480762113533,-0.002,0.00527831216351297));
#11678=CARTESIAN_POINT('',(0.0129240381056767,-0.002,0.00445614337986427));
#11679=CARTESIAN_POINT('',(0.0115,-0.002,0.00363397459621557));
#11680=CARTESIAN_POINT('',(0.0115,-0.002,0.00213397459621557));
#11681=CARTESIAN_POINT('',(0.0115,-0.002,0.000633974596215566));
#11682=CARTESIAN_POINT('',(0.0105,-0.002,0.000633974596215566));
#11683=CARTESIAN_POINT('',(0.0095,-0.002,0.000633974596215566));
#11684=CARTESIAN_POINT('',(0.0095,-0.002,0.00213397459621557));
#11685=CARTESIAN_POINT('',(0.0095,-0.002,0.00363397459621557));
#11686=CARTESIAN_POINT('',(0.00820096189432334,-0.002,0.00438397459621556));
#11687=CARTESIAN_POINT('',(0.00690192378864668,-0.002,0.00513397459621556));
#11688=CARTESIAN_POINT('',(0.00740192378864668,-0.002,0.006));
#11689=CARTESIAN_POINT('',(0.00920096189432334,-0.002,-0.000883974596215555));
#11690=CARTESIAN_POINT('',(0.0105,-0.002,-0.00163397459621556));
#11691=CARTESIAN_POINT('',(0.00790192378864668,-0.002,-0.000133974596215558));
#11692=CARTESIAN_POINT('',(0.0117990381056767,-0.002,-0.000883974596215555));
#11693=CARTESIAN_POINT('',(0.0130980762113533,-0.002,-0.000133974596215558));
#11694=CARTESIAN_POINT('',(0.01360849287802,-0.002,-0.00101804219591218));
#11695=CARTESIAN_POINT('',(0.0143480762113533,-0.002,-0.00172168783648703));
#11696=CARTESIAN_POINT('',(0.0129240381056767,-0.002,-0.00254385662013573));
#11697=CARTESIAN_POINT('',(0.0115,-0.002,-0.00336602540378444));
#11698=CARTESIAN_POINT('',(0.0115,-0.002,-0.00486602540378444));
#11699=CARTESIAN_POINT('',(0.0115,-0.002,-0.00636602540378443));
#11700=CARTESIAN_POINT('',(0.0105,-0.002,-0.00636602540378443));
#11701=CARTESIAN_POINT('',(0.0095,-0.002,-0.00636602540378443));
#11702=CARTESIAN_POINT('',(0.0095,-0.002,-0.00486602540378444));
#11703=CARTESIAN_POINT('',(0.0095,-0.002,-0.00336602540378444));
#11704=CARTESIAN_POINT('',(0.00820096189432334,-0.002,-0.00261602540378444));
#11705=CARTESIAN_POINT('',(0.00690192378864668,-0.002,-0.00186602540378444));
#11706=CARTESIAN_POINT('',(0.00740192378864668,-0.002,-0.001));
#11707=CARTESIAN_POINT('',(0.00920096189432333,-0.002,-0.00788397459621556));
#11708=CARTESIAN_POINT('',(0.0105,-0.002,-0.00863397459621556));
#11709=CARTESIAN_POINT('',(0.00790192378864668,-0.002,-0.00713397459621556));
#11710=CARTESIAN_POINT('',(0.0117990381056766,-0.002,-0.00788397459621556));
#11711=CARTESIAN_POINT('',(0.0130980762113533,-0.002,-0.00713397459621556));
#11712=CARTESIAN_POINT('',(0.01360849287802,-0.002,-0.00801804219591218));
#11713=CARTESIAN_POINT('',(0.0143480762113533,-0.002,-0.00872168783648704));
#11714=CARTESIAN_POINT('',(0.0129240381056766,-0.002,-0.00954385662013573));
#11715=CARTESIAN_POINT('',(0.0115,-0.002,-0.0103660254037844));
#11716=CARTESIAN_POINT('',(0.0115,-0.002,-0.0118660254037844));
#11717=CARTESIAN_POINT('',(0.0115,-0.002,-0.0133660254037844));
#11718=CARTESIAN_POINT('',(0.0105,-0.002,-0.0133660254037844));
#11719=CARTESIAN_POINT('',(0.0095,-0.002,-0.0133660254037844));
#11720=CARTESIAN_POINT('',(0.0095,-0.002,-0.0118660254037844));
#11721=CARTESIAN_POINT('',(0.0095,-0.002,-0.0103660254037844));
#11722=CARTESIAN_POINT('',(0.00820096189432334,-0.002,-0.00961602540378444));
#11723=CARTESIAN_POINT('',(0.00690192378864668,-0.002,-0.00886602540378444));
#11724=CARTESIAN_POINT('',(0.00740192378864668,-0.002,-0.008));
#11725=CARTESIAN_POINT('',(0.00920096189432333,-0.002,-0.0148839745962156));
#11726=CARTESIAN_POINT('',(0.0105,-0.002,-0.0156339745962155));
#11727=CARTESIAN_POINT('',(0.00790192378864667,-0.002,-0.0141339745962156));
#11728=CARTESIAN_POINT('',(0.0117990381056766,-0.002,-0.0148839745962156));
#11729=CARTESIAN_POINT('',(0.0130980762113533,-0.002,-0.0141339745962156));
#11730=CARTESIAN_POINT('',(0.01360849287802,-0.002,-0.0150180421959122));
#11731=CARTESIAN_POINT('',(0.0143480762113533,-0.002,-0.0157216878364871));
#11732=CARTESIAN_POINT('',(0.0129240381056766,-0.002,-0.0165438566201357));
#11733=CARTESIAN_POINT('',(0.0115,-0.002,-0.0173660254037844));
#11734=CARTESIAN_POINT('',(0.0115,-0.002,-0.0188660254037844));
#11735=CARTESIAN_POINT('',(0.0115,-0.002,-0.0203660254037844));
#11736=CARTESIAN_POINT('',(0.0105,-0.002,-0.0203660254037844));
#11737=CARTESIAN_POINT('',(0.0095,-0.002,-0.0203660254037844));
#11738=CARTESIAN_POINT('',(0.0095,-0.002,-0.0188660254037844));
#11739=CARTESIAN_POINT('',(0.0095,-0.002,-0.0173660254037844));
#11740=CARTESIAN_POINT('',(0.00820096189432334,-0.002,-0.0166160254037844));
#11741=CARTESIAN_POINT('',(0.00690192378864668,-0.002,-0.0158660254037844));
#11742=CARTESIAN_POINT('',(0.00740192378864668,-0.002,-0.015));
#11743=CARTESIAN_POINT('',(0.00920096189432333,-0.002,-0.0218839745962155));
#11744=CARTESIAN_POINT('',(0.0105,-0.002,-0.0226339745962156));
#11745=CARTESIAN_POINT('',(0.00790192378864667,-0.002,-0.0211339745962155));
#11746=CARTESIAN_POINT('',(0.0117990381056766,-0.002,-0.0218839745962155));
#11747=CARTESIAN_POINT('',(0.0130980762113533,-0.002,-0.0211339745962155));
#11748=CARTESIAN_POINT('',(0.01360849287802,-0.002,-0.0220180421959122));
#11749=CARTESIAN_POINT('',(0.0143480762113533,-0.002,-0.0227216878364871));
#11750=CARTESIAN_POINT('',(0.0129240381056766,-0.002,-0.0235438566201358));
#11751=CARTESIAN_POINT('',(0.0115,-0.002,-0.0243660254037844));
#11752=CARTESIAN_POINT('',(0.0115,-0.002,-0.0258660254037844));
#11753=CARTESIAN_POINT('',(0.0115,-0.002,-0.0273660254037844));
#11754=CARTESIAN_POINT('',(0.0105,-0.002,-0.0273660254037844));
#11755=CARTESIAN_POINT('',(0.0095,-0.002,-0.0273660254037844));
#11756=CARTESIAN_POINT('',(0.0095,-0.002,-0.0258660254037844));
#11757=CARTESIAN_POINT('',(0.0095,-0.002,-0.0243660254037844));
#11758=CARTESIAN_POINT('',(0.00820096189432333,-0.002,-0.0236160254037844));
#11759=CARTESIAN_POINT('',(0.00690192378864668,-0.002,-0.0228660254037844));
#11760=CARTESIAN_POINT('',(0.00740192378864668,-0.002,-0.022));
#11761=CARTESIAN_POINT('',(-0.0055,-0.002,0.0217396370289181));
#11762=CARTESIAN_POINT('',(-0.0055,-0.002,0.0211339745962155));
#11763=CARTESIAN_POINT('',(-0.0055,-0.002,0.0223452994616208));
#11764=CARTESIAN_POINT('',(-0.006,-0.002,0.0211339745962155));
#11765=CARTESIAN_POINT('',(-0.0065,-0.002,0.0211339745962155));
#11766=CARTESIAN_POINT('',(-0.0065,-0.002,0.0217396370289181));
#11767=CARTESIAN_POINT('',(-0.0065,-0.002,0.0223452994616208));
#11768=CARTESIAN_POINT('',(-0.00702451905283833,-0.002,0.022648130677972));
#11769=CARTESIAN_POINT('',(-0.00754903810567666,-0.002,0.0229509618943234));
#11770=CARTESIAN_POINT('',(-0.00729903810567666,-0.002,0.0233839745962156));
#11771=CARTESIAN_POINT('',(-0.00704903810567666,-0.002,0.0238169872981078));
#11772=CARTESIAN_POINT('',(-0.00652451905283833,-0.002,0.0235141560817565));
#11773=CARTESIAN_POINT('',(-0.006,-0.002,0.0232113248654052));
#11774=CARTESIAN_POINT('',(-0.00547548094716167,-0.002,0.0235141560817565));
#11775=CARTESIAN_POINT('',(-0.00495096189432334,-0.002,0.0238169872981078));
#11776=CARTESIAN_POINT('',(-0.00470096189432334,-0.002,0.0233839745962156));
#11777=CARTESIAN_POINT('',(-0.00445096189432334,-0.002,0.0229509618943234));
#11778=CARTESIAN_POINT('',(-0.00497548094716167,-0.002,0.022648130677972));
#11779=CARTESIAN_POINT('',(0.,0.,0.));
#11780=CARTESIAN_POINT('',(0.00770817610174841,0.,-0.0242458348754012));
#11781=CARTESIAN_POINT('',(0.0105,0.,-0.0226339745962156));
#11782=CARTESIAN_POINT('',(0.0130980762113533,0.,-0.0211339745962155));
#11783=CARTESIAN_POINT('',(0.0305418238982516,0.,-0.0342051270189222));
#11784=CARTESIAN_POINT('',(0.00790192378864667,0.,-0.0211339745962155));
#11785=CARTESIAN_POINT('',(0.00740192378864668,0.,-0.022));
#11786=CARTESIAN_POINT('',(0.00690192378864668,0.,-0.0228660254037844));
#11787=CARTESIAN_POINT('',(0.0295418238982516,0.,-0.035937177826491));
#11788=CARTESIAN_POINT('',(0.0095,0.,-0.0243660254037844));
#11789=CARTESIAN_POINT('',(0.0095,0.,-0.049));
#11790=CARTESIAN_POINT('',(0.0095,0.,-0.0273660254037844));
#11791=CARTESIAN_POINT('',(0.0105,0.,-0.0273660254037844));
#11792=CARTESIAN_POINT('',(0.0115,0.,-0.0273660254037844));
#11793=CARTESIAN_POINT('',(0.0115,0.,-0.049));
#11794=CARTESIAN_POINT('',(0.0115,0.,-0.0243660254037844));
#11795=CARTESIAN_POINT('',(0.0087081761017484,0.,-0.02597788568297));
#11796=CARTESIAN_POINT('',(0.0143480762113533,0.,-0.0227216878364871));
#11797=CARTESIAN_POINT('',(0.01360849287802,0.,-0.0220180421959122));
#11798=CARTESIAN_POINT('',(0.00770817610174841,0.,-0.0172458348754011));
#11799=CARTESIAN_POINT('',(0.0105,0.,-0.0156339745962155));
#11800=CARTESIAN_POINT('',(0.0130980762113533,0.,-0.0141339745962156));
#11801=CARTESIAN_POINT('',(0.0305418238982516,0.,-0.0272051270189221));
#11802=CARTESIAN_POINT('',(0.00790192378864667,0.,-0.0141339745962156));
#11803=CARTESIAN_POINT('',(0.00740192378864668,0.,-0.015));
#11804=CARTESIAN_POINT('',(0.00690192378864668,0.,-0.0158660254037844));
#11805=CARTESIAN_POINT('',(0.0295418238982516,0.,-0.0289371778264911));
#11806=CARTESIAN_POINT('',(0.0095,0.,-0.0173660254037844));
#11807=CARTESIAN_POINT('',(0.0095,0.,-0.042));
#11808=CARTESIAN_POINT('',(0.0095,0.,-0.0203660254037844));
#11809=CARTESIAN_POINT('',(0.0105,0.,-0.0203660254037844));
#11810=CARTESIAN_POINT('',(0.0115,0.,-0.0203660254037844));
#11811=CARTESIAN_POINT('',(0.0115,0.,-0.042));
#11812=CARTESIAN_POINT('',(0.0115,0.,-0.0173660254037844));
#11813=CARTESIAN_POINT('',(0.0087081761017484,0.,-0.01897788568297));
#11814=CARTESIAN_POINT('',(0.0143480762113533,0.,-0.0157216878364871));
#11815=CARTESIAN_POINT('',(0.01360849287802,0.,-0.0150180421959122));
#11816=CARTESIAN_POINT('',(0.00770817610174841,0.,-0.0102458348754011));
#11817=CARTESIAN_POINT('',(0.0105,0.,-0.00863397459621556));
#11818=CARTESIAN_POINT('',(0.0130980762113533,0.,-0.00713397459621557));
#11819=CARTESIAN_POINT('',(0.0305418238982516,0.,-0.0202051270189222));
#11820=CARTESIAN_POINT('',(0.00790192378864668,0.,-0.00713397459621556));
#11821=CARTESIAN_POINT('',(0.00740192378864668,0.,-0.008));
#11822=CARTESIAN_POINT('',(0.00690192378864668,0.,-0.00886602540378444));
#11823=CARTESIAN_POINT('',(0.0295418238982516,0.,-0.021937177826491));
#11824=CARTESIAN_POINT('',(0.0095,0.,-0.0103660254037844));
#11825=CARTESIAN_POINT('',(0.0095,0.,-0.035));
#11826=CARTESIAN_POINT('',(0.0095,0.,-0.0133660254037844));
#11827=CARTESIAN_POINT('',(0.0105,0.,-0.0133660254037844));
#11828=CARTESIAN_POINT('',(0.0115,0.,-0.0133660254037844));
#11829=CARTESIAN_POINT('',(0.0115,0.,-0.035));
#11830=CARTESIAN_POINT('',(0.0115,0.,-0.0103660254037844));
#11831=CARTESIAN_POINT('',(0.0087081761017484,0.,-0.01197788568297));
#11832=CARTESIAN_POINT('',(0.0143480762113533,0.,-0.00872168783648703));
#11833=CARTESIAN_POINT('',(0.01360849287802,0.,-0.00801804219591218));
#11834=CARTESIAN_POINT('',(0.00770817610174841,0.,-0.00324583487540113));
#11835=CARTESIAN_POINT('',(0.0105,0.,-0.00163397459621556));
#11836=CARTESIAN_POINT('',(0.0130980762113533,0.,-0.000133974596215565));
#11837=CARTESIAN_POINT('',(0.0305418238982516,0.,-0.0132051270189222));
#11838=CARTESIAN_POINT('',(0.00790192378864668,0.,-0.000133974596215558));
#11839=CARTESIAN_POINT('',(0.00740192378864668,0.,-0.001));
#11840=CARTESIAN_POINT('',(0.00690192378864668,0.,-0.00186602540378444));
#11841=CARTESIAN_POINT('',(0.0295418238982516,0.,-0.014937177826491));
#11842=CARTESIAN_POINT('',(0.0095,0.,-0.00336602540378444));
#11843=CARTESIAN_POINT('',(0.0095,0.,-0.028));
#11844=CARTESIAN_POINT('',(0.0095,0.,-0.00636602540378443));
#11845=CARTESIAN_POINT('',(0.0105,0.,-0.00636602540378443));
#11846=CARTESIAN_POINT('',(0.0115,0.,-0.00636602540378443));
#11847=CARTESIAN_POINT('',(0.0115,0.,-0.028));
#11848=CARTESIAN_POINT('',(0.0115,0.,-0.00336602540378444));
#11849=CARTESIAN_POINT('',(0.0087081761017484,0.,-0.00497788568297002));
#11850=CARTESIAN_POINT('',(0.0143480762113533,0.,-0.00172168783648703));
#11851=CARTESIAN_POINT('',(0.01360849287802,0.,-0.00101804219591218));
#11852=CARTESIAN_POINT('',(0.00770817610174841,0.,0.00375416512459887));
#11853=CARTESIAN_POINT('',(0.0105,0.,0.00536602540378444));
#11854=CARTESIAN_POINT('',(0.0130980762113533,0.,0.00686602540378443));
#11855=CARTESIAN_POINT('',(0.0305418238982516,0.,-0.00620512701892216));
#11856=CARTESIAN_POINT('',(0.00790192378864668,0.,0.00686602540378444));
#11857=CARTESIAN_POINT('',(0.00740192378864668,0.,0.006));
#11858=CARTESIAN_POINT('',(0.00690192378864668,0.,0.00513397459621556));
#11859=CARTESIAN_POINT('',(0.0295418238982516,0.,-0.00793717782649104));
#11860=CARTESIAN_POINT('',(0.0095,0.,0.00363397459621557));
#11861=CARTESIAN_POINT('',(0.0095,0.,-0.021));
#11862=CARTESIAN_POINT('',(0.0095,0.,0.000633974596215566));
#11863=CARTESIAN_POINT('',(0.0105,0.,0.000633974596215566));
#11864=CARTESIAN_POINT('',(0.0115,0.,0.000633974596215566));
#11865=CARTESIAN_POINT('',(0.0115,0.,-0.021));
#11866=CARTESIAN_POINT('',(0.0115,0.,0.00363397459621557));
#11867=CARTESIAN_POINT('',(0.0087081761017484,0.,0.00202211431702998));
#11868=CARTESIAN_POINT('',(0.0143480762113533,0.,0.00527831216351297));
#11869=CARTESIAN_POINT('',(0.01360849287802,0.,0.00598195780408782));
#11870=CARTESIAN_POINT('',(0.00770817610174841,0.,0.0107541651245989));
#11871=CARTESIAN_POINT('',(0.0105,0.,0.0123660254037844));
#11872=CARTESIAN_POINT('',(0.0130980762113533,0.,0.0138660254037844));
#11873=CARTESIAN_POINT('',(0.0305418238982516,0.,0.000794872981077841));
#11874=CARTESIAN_POINT('',(0.00790192378864668,0.,0.0138660254037844));
#11875=CARTESIAN_POINT('',(0.00740192378864668,0.,0.013));
#11876=CARTESIAN_POINT('',(0.00690192378864669,0.,0.0121339745962156));
#11877=CARTESIAN_POINT('',(0.0295418238982516,0.,-0.000937177826491034));
#11878=CARTESIAN_POINT('',(0.0095,0.,0.0106339745962156));
#11879=CARTESIAN_POINT('',(0.0095,0.,-0.014));
#11880=CARTESIAN_POINT('',(0.0095,0.,0.00763397459621557));
#11881=CARTESIAN_POINT('',(0.0105,0.,0.00763397459621557));
#11882=CARTESIAN_POINT('',(0.0115,0.,0.00763397459621557));
#11883=CARTESIAN_POINT('',(0.0115,0.,-0.014));
#11884=CARTESIAN_POINT('',(0.0115,0.,0.0106339745962156));
#11885=CARTESIAN_POINT('',(0.00870817610174841,0.,0.00902211431702999));
#11886=CARTESIAN_POINT('',(0.0143480762113533,0.,0.012278312163513));
#11887=CARTESIAN_POINT('',(0.01360849287802,0.,0.0129819578040878));
#11888=CARTESIAN_POINT('',(0.00770817610174842,0.,0.0177541651245988));
#11889=CARTESIAN_POINT('',(0.0105,0.,0.0193660254037844));
#11890=CARTESIAN_POINT('',(0.0130980762113533,0.,0.0208660254037845));
#11891=CARTESIAN_POINT('',(0.0305418238982516,0.,0.00779487298107784));
#11892=CARTESIAN_POINT('',(0.00790192378864668,0.,0.0208660254037845));
#11893=CARTESIAN_POINT('',(0.00740192378864668,0.,0.02));
#11894=CARTESIAN_POINT('',(0.00690192378864669,0.,0.0191339745962155));
#11895=CARTESIAN_POINT('',(0.0295418238982516,0.,0.00606282217350897));
#11896=CARTESIAN_POINT('',(0.0095,0.,0.0176339745962155));
#11897=CARTESIAN_POINT('',(0.0095,0.,-0.007));
#11898=CARTESIAN_POINT('',(0.0095,0.,0.0146339745962156));
#11899=CARTESIAN_POINT('',(0.0105,0.,0.0146339745962156));
#11900=CARTESIAN_POINT('',(0.0115,0.,0.0146339745962156));
#11901=CARTESIAN_POINT('',(0.0115,0.,-0.007));
#11902=CARTESIAN_POINT('',(0.0115,0.,0.0176339745962155));
#11903=CARTESIAN_POINT('',(0.00870817610174841,0.,0.01602211431703));
#11904=CARTESIAN_POINT('',(0.0143480762113533,0.,0.019278312163513));
#11905=CARTESIAN_POINT('',(0.01360849287802,0.,0.0199819578040878));
#11906=CARTESIAN_POINT('',(0.00770817610174842,0.,0.0247541651245989));
#11907=CARTESIAN_POINT('',(0.0105,0.,0.0263660254037844));
#11908=CARTESIAN_POINT('',(0.0130980762113533,0.,0.0278660254037844));
#11909=CARTESIAN_POINT('',(0.0305418238982516,0.,0.0147948729810778));
#11910=CARTESIAN_POINT('',(0.00790192378864668,0.,0.0278660254037844));
#11911=CARTESIAN_POINT('',(0.00740192378864669,0.,0.027));
#11912=CARTESIAN_POINT('',(0.00690192378864669,0.,0.0261339745962155));
#11913=CARTESIAN_POINT('',(0.0295418238982516,0.,0.013062822173509));
#11914=CARTESIAN_POINT('',(0.0095,0.,0.0246339745962155));
#11915=CARTESIAN_POINT('',(0.0095,0.,0.));
#11916=CARTESIAN_POINT('',(0.0095,0.,0.0216339745962155));
#11917=CARTESIAN_POINT('',(0.0105,0.,0.0216339745962155));
#11918=CARTESIAN_POINT('',(0.0115,0.,0.0216339745962155));
#11919=CARTESIAN_POINT('',(0.0115,0.,0.));
#11920=CARTESIAN_POINT('',(0.0115,0.,0.0246339745962155));
#11921=CARTESIAN_POINT('',(0.00870817610174841,0.,0.02302211431703));
#11922=CARTESIAN_POINT('',(0.0143480762113533,0.,0.0262783121635129));
#11923=CARTESIAN_POINT('',(0.01360849287802,0.,0.0269819578040878));
#11924=CARTESIAN_POINT('',(-0.00329182389825158,0.,0.0247541651245989));
#11925=CARTESIAN_POINT('',(-0.0005,0.,0.0263660254037844));
#11926=CARTESIAN_POINT('',(0.00209807621135332,0.,0.0278660254037844));
#11927=CARTESIAN_POINT('',(0.0195418238982516,0.,0.0147948729810778));
#11928=CARTESIAN_POINT('',(-0.00309807621135332,0.,0.0278660254037844));
#11929=CARTESIAN_POINT('',(-0.00359807621135332,0.,0.027));
#11930=CARTESIAN_POINT('',(-0.00409807621135331,0.,0.0261339745962155));
#11931=CARTESIAN_POINT('',(0.0185418238982516,0.,0.013062822173509));
#11932=CARTESIAN_POINT('',(-0.0015,0.,0.0246339745962155));
#11933=CARTESIAN_POINT('',(-0.0015,0.,0.));
#11934=CARTESIAN_POINT('',(-0.0015,0.,0.0216339745962155));
#11935=CARTESIAN_POINT('',(-0.0005,0.,0.0216339745962155));
#11936=CARTESIAN_POINT('',(0.0005,0.,0.0216339745962155));
#11937=CARTESIAN_POINT('',(0.0005,0.,0.));
#11938=CARTESIAN_POINT('',(0.0005,0.,0.0246339745962155));
#11939=CARTESIAN_POINT('',(-0.00229182389825159,0.,0.02302211431703));
#11940=CARTESIAN_POINT('',(0.00334807621135332,0.,0.0262783121635129));
#11941=CARTESIAN_POINT('',(0.00260849287801999,0.,0.0269819578040878));
#11942=CARTESIAN_POINT('',(-0.00329182389825159,0.,0.0177541651245988));
#11943=CARTESIAN_POINT('',(-0.0005,0.,0.0193660254037844));
#11944=CARTESIAN_POINT('',(0.00209807621135332,0.,0.0208660254037845));
#11945=CARTESIAN_POINT('',(0.0195418238982516,0.,0.00779487298107784));
#11946=CARTESIAN_POINT('',(-0.00309807621135332,0.,0.0208660254037845));
#11947=CARTESIAN_POINT('',(-0.00359807621135332,0.,0.02));
#11948=CARTESIAN_POINT('',(-0.00409807621135332,0.,0.0191339745962155));
#11949=CARTESIAN_POINT('',(0.0185418238982516,0.,0.00606282217350897));
#11950=CARTESIAN_POINT('',(-0.0015,0.,0.0176339745962155));
#11951=CARTESIAN_POINT('',(-0.0015,0.,-0.007));
#11952=CARTESIAN_POINT('',(-0.0015,0.,0.0146339745962156));
#11953=CARTESIAN_POINT('',(-0.0005,0.,0.0146339745962156));
#11954=CARTESIAN_POINT('',(0.0005,0.,0.0146339745962156));
#11955=CARTESIAN_POINT('',(0.0005,0.,-0.007));
#11956=CARTESIAN_POINT('',(0.0005,0.,0.0176339745962155));
#11957=CARTESIAN_POINT('',(-0.0022918238982516,0.,0.01602211431703));
#11958=CARTESIAN_POINT('',(0.00334807621135332,0.,0.019278312163513));
#11959=CARTESIAN_POINT('',(0.00260849287801998,0.,0.0199819578040878));
#11960=CARTESIAN_POINT('',(-0.00329182389825159,0.,0.0107541651245989));
#11961=CARTESIAN_POINT('',(-0.0005,0.,0.0123660254037844));
#11962=CARTESIAN_POINT('',(0.00209807621135332,0.,0.0138660254037844));
#11963=CARTESIAN_POINT('',(0.0195418238982516,0.,0.000794872981077841));
#11964=CARTESIAN_POINT('',(-0.00309807621135332,0.,0.0138660254037844));
#11965=CARTESIAN_POINT('',(-0.00359807621135332,0.,0.013));
#11966=CARTESIAN_POINT('',(-0.00409807621135332,0.,0.0121339745962156));
#11967=CARTESIAN_POINT('',(0.0185418238982516,0.,-0.000937177826491034));
#11968=CARTESIAN_POINT('',(-0.0015,0.,0.0106339745962156));
#11969=CARTESIAN_POINT('',(-0.0015,0.,-0.014));
#11970=CARTESIAN_POINT('',(-0.0015,0.,0.00763397459621557));
#11971=CARTESIAN_POINT('',(-0.0005,0.,0.00763397459621557));
#11972=CARTESIAN_POINT('',(0.0005,0.,0.00763397459621557));
#11973=CARTESIAN_POINT('',(0.0005,0.,-0.014));
#11974=CARTESIAN_POINT('',(0.0005,0.,0.0106339745962156));
#11975=CARTESIAN_POINT('',(-0.0022918238982516,0.,0.00902211431702999));
#11976=CARTESIAN_POINT('',(0.00334807621135332,0.,0.012278312163513));
#11977=CARTESIAN_POINT('',(0.00260849287801998,0.,0.0129819578040878));
#11978=CARTESIAN_POINT('',(-0.00329182389825159,0.,0.00375416512459887));
#11979=CARTESIAN_POINT('',(-0.0005,0.,0.00536602540378444));
#11980=CARTESIAN_POINT('',(0.00209807621135332,0.,0.00686602540378443));
#11981=CARTESIAN_POINT('',(0.0195418238982516,0.,-0.00620512701892216));
#11982=CARTESIAN_POINT('',(-0.00309807621135332,0.,0.00686602540378444));
#11983=CARTESIAN_POINT('',(-0.00359807621135332,0.,0.006));
#11984=CARTESIAN_POINT('',(-0.00409807621135332,0.,0.00513397459621556));
#11985=CARTESIAN_POINT('',(0.0185418238982516,0.,-0.00793717782649104));
#11986=CARTESIAN_POINT('',(-0.0015,0.,0.00363397459621557));
#11987=CARTESIAN_POINT('',(-0.0015,0.,-0.021));
#11988=CARTESIAN_POINT('',(-0.0015,0.,0.000633974596215566));
#11989=CARTESIAN_POINT('',(-0.0005,0.,0.000633974596215566));
#11990=CARTESIAN_POINT('',(0.0005,0.,0.000633974596215566));
#11991=CARTESIAN_POINT('',(0.0005,0.,-0.021));
#11992=CARTESIAN_POINT('',(0.0005,0.,0.00363397459621557));
#11993=CARTESIAN_POINT('',(-0.0022918238982516,0.,0.00202211431702998));
#11994=CARTESIAN_POINT('',(0.00334807621135332,0.,0.00527831216351297));
#11995=CARTESIAN_POINT('',(0.00260849287801998,0.,0.00598195780408782));
#11996=CARTESIAN_POINT('',(-0.00329182389825159,0.,-0.00324583487540113));
#11997=CARTESIAN_POINT('',(-0.0005,0.,-0.00163397459621556));
#11998=CARTESIAN_POINT('',(0.00209807621135332,0.,-0.000133974596215565));
#11999=CARTESIAN_POINT('',(0.0195418238982516,0.,-0.0132051270189222));
#12000=CARTESIAN_POINT('',(-0.00309807621135332,0.,-0.000133974596215558));
#12001=CARTESIAN_POINT('',(-0.00359807621135332,0.,-0.001));
#12002=CARTESIAN_POINT('',(-0.00409807621135332,0.,-0.00186602540378444));
#12003=CARTESIAN_POINT('',(0.0185418238982516,0.,-0.014937177826491));
#12004=CARTESIAN_POINT('',(-0.0015,0.,-0.00336602540378444));
#12005=CARTESIAN_POINT('',(-0.0015,0.,-0.028));
#12006=CARTESIAN_POINT('',(-0.0015,0.,-0.00636602540378443));
#12007=CARTESIAN_POINT('',(-0.0005,0.,-0.00636602540378443));
#12008=CARTESIAN_POINT('',(0.0005,0.,-0.00636602540378443));
#12009=CARTESIAN_POINT('',(0.0005,0.,-0.028));
#12010=CARTESIAN_POINT('',(0.0005,0.,-0.00336602540378444));
#12011=CARTESIAN_POINT('',(-0.0022918238982516,0.,-0.00497788568297002));
#12012=CARTESIAN_POINT('',(0.00334807621135332,0.,-0.00172168783648703));
#12013=CARTESIAN_POINT('',(0.00260849287801998,0.,-0.00101804219591218));
#12014=CARTESIAN_POINT('',(-0.00329182389825159,0.,-0.0102458348754011));
#12015=CARTESIAN_POINT('',(-0.000500000000000006,0.,-0.00863397459621556));
#12016=CARTESIAN_POINT('',(0.00209807621135331,0.,-0.00713397459621557));
#12017=CARTESIAN_POINT('',(0.0195418238982516,0.,-0.0202051270189222));
#12018=CARTESIAN_POINT('',(-0.00309807621135332,0.,-0.00713397459621556));
#12019=CARTESIAN_POINT('',(-0.00359807621135332,0.,-0.008));
#12020=CARTESIAN_POINT('',(-0.00409807621135332,0.,-0.00886602540378444));
#12021=CARTESIAN_POINT('',(0.0185418238982516,0.,-0.021937177826491));
#12022=CARTESIAN_POINT('',(-0.0015,0.,-0.0103660254037844));
#12023=CARTESIAN_POINT('',(-0.0015,0.,-0.035));
#12024=CARTESIAN_POINT('',(-0.0015,0.,-0.0133660254037844));
#12025=CARTESIAN_POINT('',(-0.0005,0.,-0.0133660254037844));
#12026=CARTESIAN_POINT('',(0.0005,0.,-0.0133660254037844));
#12027=CARTESIAN_POINT('',(0.0005,0.,-0.035));
#12028=CARTESIAN_POINT('',(0.0005,0.,-0.0103660254037844));
#12029=CARTESIAN_POINT('',(-0.0022918238982516,0.,-0.01197788568297));
#12030=CARTESIAN_POINT('',(0.00334807621135332,0.,-0.00872168783648703));
#12031=CARTESIAN_POINT('',(0.00260849287801998,0.,-0.00801804219591218));
#12032=CARTESIAN_POINT('',(-0.00329182389825159,0.,-0.0172458348754011));
#12033=CARTESIAN_POINT('',(-0.000500000000000007,0.,-0.0156339745962155));
#12034=CARTESIAN_POINT('',(0.00209807621135331,0.,-0.0141339745962156));
#12035=CARTESIAN_POINT('',(0.0195418238982516,0.,-0.0272051270189221));
#12036=CARTESIAN_POINT('',(-0.00309807621135332,0.,-0.0141339745962156));
#12037=CARTESIAN_POINT('',(-0.00359807621135332,0.,-0.015));
#12038=CARTESIAN_POINT('',(-0.00409807621135332,0.,-0.0158660254037844));
#12039=CARTESIAN_POINT('',(0.0185418238982516,0.,-0.0289371778264911));
#12040=CARTESIAN_POINT('',(-0.0015,0.,-0.0173660254037844));
#12041=CARTESIAN_POINT('',(-0.0015,0.,-0.042));
#12042=CARTESIAN_POINT('',(-0.0015,0.,-0.0203660254037844));
#12043=CARTESIAN_POINT('',(-0.000500000000000006,0.,-0.0203660254037844));
#12044=CARTESIAN_POINT('',(0.0005,0.,-0.0203660254037844));
#12045=CARTESIAN_POINT('',(0.0005,0.,-0.042));
#12046=CARTESIAN_POINT('',(0.0005,0.,-0.0173660254037844));
#12047=CARTESIAN_POINT('',(-0.0022918238982516,0.,-0.01897788568297));
#12048=CARTESIAN_POINT('',(0.00334807621135331,0.,-0.0157216878364871));
#12049=CARTESIAN_POINT('',(0.00260849287801998,0.,-0.0150180421959122));
#12050=CARTESIAN_POINT('',(-0.00329182389825159,0.,-0.0242458348754012));
#12051=CARTESIAN_POINT('',(-0.000500000000000009,0.,-0.0226339745962156));
#12052=CARTESIAN_POINT('',(0.00209807621135331,0.,-0.0211339745962155));
#12053=CARTESIAN_POINT('',(0.0195418238982516,0.,-0.0342051270189222));
#12054=CARTESIAN_POINT('',(-0.00309807621135332,0.,-0.0211339745962155));
#12055=CARTESIAN_POINT('',(-0.00359807621135332,0.,-0.022));
#12056=CARTESIAN_POINT('',(-0.00409807621135332,0.,-0.0228660254037844));
#12057=CARTESIAN_POINT('',(0.0185418238982516,0.,-0.035937177826491));
#12058=CARTESIAN_POINT('',(-0.0015,0.,-0.0243660254037844));
#12059=CARTESIAN_POINT('',(-0.0015,0.,-0.049));
#12060=CARTESIAN_POINT('',(-0.0015,0.,-0.0273660254037844));
#12061=CARTESIAN_POINT('',(-0.000500000000000007,0.,-0.0273660254037844));
#12062=CARTESIAN_POINT('',(0.000499999999999994,0.,-0.0273660254037844));
#12063=CARTESIAN_POINT('',(0.000499999999999994,0.,-0.049));
#12064=CARTESIAN_POINT('',(0.000499999999999994,0.,-0.0243660254037844));
#12065=CARTESIAN_POINT('',(-0.0022918238982516,0.,-0.02597788568297));
#12066=CARTESIAN_POINT('',(0.00334807621135331,0.,-0.0227216878364871));
#12067=CARTESIAN_POINT('',(0.00260849287801998,0.,-0.0220180421959122));
#12068=CARTESIAN_POINT('',(-0.0142918238982516,0.,-0.0242458348754012));
#12069=CARTESIAN_POINT('',(-0.0115,0.,-0.0226339745962156));
#12070=CARTESIAN_POINT('',(-0.00890192378864669,0.,-0.0211339745962155));
#12071=CARTESIAN_POINT('',(0.00854182389825158,0.,-0.0342051270189222));
#12072=CARTESIAN_POINT('',(-0.0140980762113533,0.,-0.0211339745962155));
#12073=CARTESIAN_POINT('',(-0.0145980762113533,0.,-0.022));
#12074=CARTESIAN_POINT('',(-0.0150980762113533,0.,-0.0228660254037844));
#12075=CARTESIAN_POINT('',(0.00754182389825158,0.,-0.035937177826491));
#12076=CARTESIAN_POINT('',(-0.0125,0.,-0.0243660254037844));
#12077=CARTESIAN_POINT('',(-0.0125,0.,-0.049));
#12078=CARTESIAN_POINT('',(-0.0125,0.,-0.0273660254037844));
#12079=CARTESIAN_POINT('',(-0.0115,0.,-0.0273660254037844));
#12080=CARTESIAN_POINT('',(-0.0105,0.,-0.0273660254037844));
#12081=CARTESIAN_POINT('',(-0.0105,0.,-0.049));
#12082=CARTESIAN_POINT('',(-0.0105,0.,-0.0243660254037844));
#12083=CARTESIAN_POINT('',(-0.0132918238982516,0.,-0.02597788568297));
#12084=CARTESIAN_POINT('',(-0.00765192378864669,0.,-0.0227216878364871));
#12085=CARTESIAN_POINT('',(-0.00839150712198002,0.,-0.0220180421959122));
#12086=CARTESIAN_POINT('',(-0.0142918238982516,0.,-0.0172458348754011));
#12087=CARTESIAN_POINT('',(-0.0115,0.,-0.0156339745962155));
#12088=CARTESIAN_POINT('',(-0.00890192378864669,0.,-0.0141339745962156));
#12089=CARTESIAN_POINT('',(0.00854182389825159,0.,-0.0272051270189221));
#12090=CARTESIAN_POINT('',(-0.0140980762113533,0.,-0.0141339745962156));
#12091=CARTESIAN_POINT('',(-0.0145980762113533,0.,-0.015));
#12092=CARTESIAN_POINT('',(-0.0150980762113533,0.,-0.0158660254037844));
#12093=CARTESIAN_POINT('',(0.00754182389825159,0.,-0.0289371778264911));
#12094=CARTESIAN_POINT('',(-0.0125,0.,-0.0173660254037844));
#12095=CARTESIAN_POINT('',(-0.0125,0.,-0.042));
#12096=CARTESIAN_POINT('',(-0.0125,0.,-0.0203660254037844));
#12097=CARTESIAN_POINT('',(-0.0115,0.,-0.0203660254037844));
#12098=CARTESIAN_POINT('',(-0.0105,0.,-0.0203660254037844));
#12099=CARTESIAN_POINT('',(-0.0105,0.,-0.042));
#12100=CARTESIAN_POINT('',(-0.0105,0.,-0.0173660254037844));
#12101=CARTESIAN_POINT('',(-0.0132918238982516,0.,-0.01897788568297));
#12102=CARTESIAN_POINT('',(-0.00765192378864669,0.,-0.0157216878364871));
#12103=CARTESIAN_POINT('',(-0.00839150712198002,0.,-0.0150180421959122));
#12104=CARTESIAN_POINT('',(-0.0142918238982516,0.,-0.0102458348754011));
#12105=CARTESIAN_POINT('',(-0.0115,0.,-0.00863397459621556));
#12106=CARTESIAN_POINT('',(-0.00890192378864668,0.,-0.00713397459621557));
#12107=CARTESIAN_POINT('',(0.00854182389825159,0.,-0.0202051270189222));
#12108=CARTESIAN_POINT('',(-0.0140980762113533,0.,-0.00713397459621556));
#12109=CARTESIAN_POINT('',(-0.0145980762113533,0.,-0.008));
#12110=CARTESIAN_POINT('',(-0.0150980762113533,0.,-0.00886602540378444));
#12111=CARTESIAN_POINT('',(0.00754182389825159,0.,-0.021937177826491));
#12112=CARTESIAN_POINT('',(-0.0125,0.,-0.0103660254037844));
#12113=CARTESIAN_POINT('',(-0.0125,0.,-0.035));
#12114=CARTESIAN_POINT('',(-0.0125,0.,-0.0133660254037844));
#12115=CARTESIAN_POINT('',(-0.0115,0.,-0.0133660254037844));
#12116=CARTESIAN_POINT('',(-0.0105,0.,-0.0133660254037844));
#12117=CARTESIAN_POINT('',(-0.0105,0.,-0.035));
#12118=CARTESIAN_POINT('',(-0.0105,0.,-0.0103660254037844));
#12119=CARTESIAN_POINT('',(-0.0132918238982516,0.,-0.01197788568297));
#12120=CARTESIAN_POINT('',(-0.00765192378864669,0.,-0.00872168783648703));
#12121=CARTESIAN_POINT('',(-0.00839150712198002,0.,-0.00801804219591218));
#12122=CARTESIAN_POINT('',(-0.0142918238982516,0.,-0.00324583487540113));
#12123=CARTESIAN_POINT('',(-0.0115,0.,-0.00163397459621556));
#12124=CARTESIAN_POINT('',(-0.00890192378864668,0.,-0.000133974596215565));
#12125=CARTESIAN_POINT('',(0.00854182389825159,0.,-0.0132051270189222));
#12126=CARTESIAN_POINT('',(-0.0140980762113533,0.,-0.000133974596215558));
#12127=CARTESIAN_POINT('',(-0.0145980762113533,0.,-0.001));
#12128=CARTESIAN_POINT('',(-0.0150980762113533,0.,-0.00186602540378444));
#12129=CARTESIAN_POINT('',(0.00754182389825159,0.,-0.014937177826491));
#12130=CARTESIAN_POINT('',(-0.0125,0.,-0.00336602540378444));
#12131=CARTESIAN_POINT('',(-0.0125,0.,-0.028));
#12132=CARTESIAN_POINT('',(-0.0125,0.,-0.00636602540378443));
#12133=CARTESIAN_POINT('',(-0.0115,0.,-0.00636602540378443));
#12134=CARTESIAN_POINT('',(-0.0105,0.,-0.00636602540378443));
#12135=CARTESIAN_POINT('',(-0.0105,0.,-0.028));
#12136=CARTESIAN_POINT('',(-0.0105,0.,-0.00336602540378444));
#12137=CARTESIAN_POINT('',(-0.0132918238982516,0.,-0.00497788568297002));
#12138=CARTESIAN_POINT('',(-0.00765192378864669,0.,-0.00172168783648703));
#12139=CARTESIAN_POINT('',(-0.00839150712198002,0.,-0.00101804219591218));
#12140=CARTESIAN_POINT('',(-0.0142918238982516,0.,0.00375416512459887));
#12141=CARTESIAN_POINT('',(-0.0115,0.,0.00536602540378444));
#12142=CARTESIAN_POINT('',(-0.00890192378864668,0.,0.00686602540378443));
#12143=CARTESIAN_POINT('',(0.00854182389825159,0.,-0.00620512701892216));
#12144=CARTESIAN_POINT('',(-0.0140980762113533,0.,0.00686602540378444));
#12145=CARTESIAN_POINT('',(-0.0145980762113533,0.,0.006));
#12146=CARTESIAN_POINT('',(-0.0150980762113533,0.,0.00513397459621556));
#12147=CARTESIAN_POINT('',(0.00754182389825159,0.,-0.00793717782649104));
#12148=CARTESIAN_POINT('',(-0.0125,0.,0.00363397459621557));
#12149=CARTESIAN_POINT('',(-0.0125,0.,-0.021));
#12150=CARTESIAN_POINT('',(-0.0125,0.,0.000633974596215566));
#12151=CARTESIAN_POINT('',(-0.0115,0.,0.000633974596215566));
#12152=CARTESIAN_POINT('',(-0.0105,0.,0.000633974596215566));
#12153=CARTESIAN_POINT('',(-0.0105,0.,-0.021));
#12154=CARTESIAN_POINT('',(-0.0105,0.,0.00363397459621557));
#12155=CARTESIAN_POINT('',(-0.0132918238982516,0.,0.00202211431702998));
#12156=CARTESIAN_POINT('',(-0.00765192378864668,0.,0.00527831216351297));
#12157=CARTESIAN_POINT('',(-0.00839150712198002,0.,0.00598195780408782));
#12158=CARTESIAN_POINT('',(-0.0142918238982516,0.,0.0107541651245989));
#12159=CARTESIAN_POINT('',(-0.0115,0.,0.0123660254037844));
#12160=CARTESIAN_POINT('',(-0.00890192378864668,0.,0.0138660254037844));
#12161=CARTESIAN_POINT('',(0.00854182389825159,0.,0.000794872981077841));
#12162=CARTESIAN_POINT('',(-0.0140980762113533,0.,0.0138660254037844));
#12163=CARTESIAN_POINT('',(-0.0145980762113533,0.,0.013));
#12164=CARTESIAN_POINT('',(-0.0150980762113533,0.,0.0121339745962156));
#12165=CARTESIAN_POINT('',(0.00754182389825159,0.,-0.000937177826491034));
#12166=CARTESIAN_POINT('',(-0.0125,0.,0.0106339745962156));
#12167=CARTESIAN_POINT('',(-0.0125,0.,-0.014));
#12168=CARTESIAN_POINT('',(-0.0125,0.,0.00763397459621557));
#12169=CARTESIAN_POINT('',(-0.0115,0.,0.00763397459621557));
#12170=CARTESIAN_POINT('',(-0.0105,0.,0.00763397459621557));
#12171=CARTESIAN_POINT('',(-0.0105,0.,-0.014));
#12172=CARTESIAN_POINT('',(-0.0105,0.,0.0106339745962156));
#12173=CARTESIAN_POINT('',(-0.0132918238982516,0.,0.00902211431702999));
#12174=CARTESIAN_POINT('',(-0.00765192378864668,0.,0.012278312163513));
#12175=CARTESIAN_POINT('',(-0.00839150712198001,0.,0.0129819578040878));
#12176=CARTESIAN_POINT('',(-0.0142918238982516,0.,0.0177541651245988));
#12177=CARTESIAN_POINT('',(-0.0115,0.,0.0193660254037844));
#12178=CARTESIAN_POINT('',(-0.00890192378864668,0.,0.0208660254037845));
#12179=CARTESIAN_POINT('',(0.00854182389825159,0.,0.00779487298107784));
#12180=CARTESIAN_POINT('',(-0.0140980762113533,0.,0.0208660254037845));
#12181=CARTESIAN_POINT('',(-0.0145980762113533,0.,0.02));
#12182=CARTESIAN_POINT('',(-0.0150980762113533,0.,0.0191339745962155));
#12183=CARTESIAN_POINT('',(0.00754182389825159,0.,0.00606282217350897));
#12184=CARTESIAN_POINT('',(-0.0125,0.,0.0176339745962155));
#12185=CARTESIAN_POINT('',(-0.0125,0.,-0.007));
#12186=CARTESIAN_POINT('',(-0.0125,0.,0.0146339745962156));
#12187=CARTESIAN_POINT('',(-0.0115,0.,0.0146339745962156));
#12188=CARTESIAN_POINT('',(-0.0105,0.,0.0146339745962156));
#12189=CARTESIAN_POINT('',(-0.0105,0.,-0.007));
#12190=CARTESIAN_POINT('',(-0.0105,0.,0.0176339745962155));
#12191=CARTESIAN_POINT('',(-0.0132918238982516,0.,0.01602211431703));
#12192=CARTESIAN_POINT('',(-0.00765192378864668,0.,0.019278312163513));
#12193=CARTESIAN_POINT('',(-0.00839150712198001,0.,0.0199819578040878));
#12194=CARTESIAN_POINT('',(-0.0142918238982516,0.,0.0247541651245989));
#12195=CARTESIAN_POINT('',(-0.0115,0.,0.0263660254037844));
#12196=CARTESIAN_POINT('',(-0.00890192378864668,0.,0.0278660254037844));
#12197=CARTESIAN_POINT('',(0.00854182389825159,0.,0.0147948729810778));
#12198=CARTESIAN_POINT('',(-0.0140980762113533,0.,0.0278660254037844));
#12199=CARTESIAN_POINT('',(-0.0145980762113533,0.,0.027));
#12200=CARTESIAN_POINT('',(-0.0150980762113533,0.,0.0261339745962155));
#12201=CARTESIAN_POINT('',(0.00754182389825159,0.,0.013062822173509));
#12202=CARTESIAN_POINT('',(-0.0125,0.,0.0246339745962155));
#12203=CARTESIAN_POINT('',(-0.0125,0.,0.));
#12204=CARTESIAN_POINT('',(-0.0125,0.,0.0216339745962155));
#12205=CARTESIAN_POINT('',(-0.0115,0.,0.0216339745962155));
#12206=CARTESIAN_POINT('',(-0.0105,0.,0.0216339745962155));
#12207=CARTESIAN_POINT('',(-0.0105,0.,0.));
#12208=CARTESIAN_POINT('',(-0.0105,0.,0.0246339745962155));
#12209=CARTESIAN_POINT('',(-0.0132918238982516,0.,0.02302211431703));
#12210=CARTESIAN_POINT('',(-0.00765192378864668,0.,0.0262783121635129));
#12211=CARTESIAN_POINT('',(-0.00839150712198001,0.,0.0269819578040878));
#12212=CARTESIAN_POINT('',(0.006,0.,-1.04083408558608E-18));
#12213=CARTESIAN_POINT('',(0.006,0.,-0.033));
#12214=CARTESIAN_POINT('',(0.006,0.,-0.0355));
#12215=CARTESIAN_POINT('',(0.,0.,-0.033));
#12216=CARTESIAN_POINT('',(-0.006,0.,-0.033));
#12217=CARTESIAN_POINT('',(-0.006,0.,1.04083408558608E-18));
#12218=CARTESIAN_POINT('',(-0.006,0.,-0.0355));
#12219=CARTESIAN_POINT('',(-6.93889390390723E-18,0.,-0.0355));
#12220=CARTESIAN_POINT('',(-0.018,0.,-0.0355));
#12221=CARTESIAN_POINT('',(-0.018,0.,-0.0325));
#12222=CARTESIAN_POINT('',(-0.021,0.,-0.0325));
#12223=CARTESIAN_POINT('',(-0.021,0.,0.));
#12224=CARTESIAN_POINT('',(-0.021,0.,0.0325));
#12225=CARTESIAN_POINT('',(-0.018,0.,0.0325));
#12226=CARTESIAN_POINT('',(-0.018,0.,0.0355));
#12227=CARTESIAN_POINT('',(6.93889390390723E-18,0.,0.0355));
#12228=CARTESIAN_POINT('',(0.018,0.,0.0355));
#12229=CARTESIAN_POINT('',(0.018,0.,0.0325));
#12230=CARTESIAN_POINT('',(0.021,0.,0.0325));
#12231=CARTESIAN_POINT('',(0.021,0.,0.));
#12232=CARTESIAN_POINT('',(0.021,0.,-0.0325));
#12233=CARTESIAN_POINT('',(0.018,0.,-0.0325));
#12234=CARTESIAN_POINT('',(0.018,0.,-0.0355));
#12235=CARTESIAN_POINT('',(-6.93889390390723E-18,0.,-0.0355));
#12236=CARTESIAN_POINT('',(-0.006,0.,0.0211339745962155));
#12237=CARTESIAN_POINT('',(-0.0055,0.,0.0211339745962155));
#12238=CARTESIAN_POINT('',(-0.0065,0.,0.0211339745962155));
#12239=CARTESIAN_POINT('',(-0.0055,0.,0.));
#12240=CARTESIAN_POINT('',(-0.0055,0.,0.0223452994616208));
#12241=CARTESIAN_POINT('',(-0.0110507984944671,0.,0.0191405444566228));
#12242=CARTESIAN_POINT('',(-0.00445096189432334,0.,0.0229509618943234));
#12243=CARTESIAN_POINT('',(-0.00470096189432334,0.,0.0233839745962156));
#12244=CARTESIAN_POINT('',(-0.00495096189432334,0.,0.0238169872981078));
#12245=CARTESIAN_POINT('',(-0.0115507984944672,0.,0.0200065698604072));
#12246=CARTESIAN_POINT('',(-0.006,0.,0.0232113248654052));
#12247=CARTESIAN_POINT('',(0.00855079849446716,0.,0.0148104174377005));
#12248=CARTESIAN_POINT('',(-0.00704903810567666,0.,0.0238169872981078));
#12249=CARTESIAN_POINT('',(-0.00729903810567666,0.,0.0233839745962156));
#12250=CARTESIAN_POINT('',(-0.00754903810567666,0.,0.0229509618943234));
#12251=CARTESIAN_POINT('',(0.00805079849446716,0.,0.0139443920339161));
#12252=CARTESIAN_POINT('',(-0.0065,0.,0.0223452994616208));
#12253=CARTESIAN_POINT('',(-0.0065,0.,0.));
#12254=CARTESIAN_POINT('',(0.0105,0.023,-0.0273660254037844));
#12255=CARTESIAN_POINT('',(0.0095,0.023,-0.0273660254037844));
#12256=CARTESIAN_POINT('',(0.0115,0.023,-0.0273660254037844));
#12257=CARTESIAN_POINT('',(0.01360849287802,0.023,-0.0220180421959122));
#12258=CARTESIAN_POINT('',(0.0143480762113533,0.023,-0.0227216878364871));
#12259=CARTESIAN_POINT('',(0.0130980762113533,0.023,-0.0211339745962155));
#12260=CARTESIAN_POINT('',(0.00740192378864668,0.023,-0.022));
#12261=CARTESIAN_POINT('',(0.00790192378864667,0.023,-0.0211339745962155));
#12262=CARTESIAN_POINT('',(0.00690192378864668,0.023,-0.0228660254037844));
#12263=CARTESIAN_POINT('',(0.0115,0.023,-0.0258660254037844));
#12264=CARTESIAN_POINT('',(0.0115,0.023,-0.0243660254037844));
#12265=CARTESIAN_POINT('',(0.0129240381056766,0.023,-0.0235438566201358));
#12266=CARTESIAN_POINT('',(0.0095,0.023,-0.0258660254037844));
#12267=CARTESIAN_POINT('',(0.0095,0.023,-0.0243660254037844));
#12268=CARTESIAN_POINT('',(0.00820096189432333,0.023,-0.0236160254037844));
#12269=CARTESIAN_POINT('',(0.00920096189432333,0.023,-0.0218839745962155));
#12270=CARTESIAN_POINT('',(0.0105,0.023,-0.0226339745962156));
#12271=CARTESIAN_POINT('',(0.0117990381056766,0.023,-0.0218839745962155));
#12272=CARTESIAN_POINT('',(0.0105,0.023,-0.0203660254037844));
#12273=CARTESIAN_POINT('',(0.0095,0.023,-0.0203660254037844));
#12274=CARTESIAN_POINT('',(0.0115,0.023,-0.0203660254037844));
#12275=CARTESIAN_POINT('',(0.01360849287802,0.023,-0.0150180421959122));
#12276=CARTESIAN_POINT('',(0.0143480762113533,0.023,-0.0157216878364871));
#12277=CARTESIAN_POINT('',(0.0130980762113533,0.023,-0.0141339745962156));
#12278=CARTESIAN_POINT('',(0.00740192378864668,0.023,-0.015));
#12279=CARTESIAN_POINT('',(0.00790192378864667,0.023,-0.0141339745962156));
#12280=CARTESIAN_POINT('',(0.00690192378864668,0.023,-0.0158660254037844));
#12281=CARTESIAN_POINT('',(0.0115,0.023,-0.0188660254037844));
#12282=CARTESIAN_POINT('',(0.0115,0.023,-0.0173660254037844));
#12283=CARTESIAN_POINT('',(0.0129240381056766,0.023,-0.0165438566201357));
#12284=CARTESIAN_POINT('',(0.0095,0.023,-0.0188660254037844));
#12285=CARTESIAN_POINT('',(0.0095,0.023,-0.0173660254037844));
#12286=CARTESIAN_POINT('',(0.00820096189432334,0.023,-0.0166160254037844));
#12287=CARTESIAN_POINT('',(0.00920096189432333,0.023,-0.0148839745962156));
#12288=CARTESIAN_POINT('',(0.0105,0.023,-0.0156339745962155));
#12289=CARTESIAN_POINT('',(0.0117990381056766,0.023,-0.0148839745962156));
#12290=CARTESIAN_POINT('',(0.0105,0.023,-0.0133660254037844));
#12291=CARTESIAN_POINT('',(0.0095,0.023,-0.0133660254037844));
#12292=CARTESIAN_POINT('',(0.0115,0.023,-0.0133660254037844));
#12293=CARTESIAN_POINT('',(0.01360849287802,0.023,-0.00801804219591218));
#12294=CARTESIAN_POINT('',(0.0143480762113533,0.023,-0.00872168783648703));
#12295=CARTESIAN_POINT('',(0.0130980762113533,0.023,-0.00713397459621556));
#12296=CARTESIAN_POINT('',(0.00740192378864668,0.023,-0.008));
#12297=CARTESIAN_POINT('',(0.00790192378864668,0.023,-0.00713397459621556));
#12298=CARTESIAN_POINT('',(0.00690192378864668,0.023,-0.00886602540378444));
#12299=CARTESIAN_POINT('',(0.0115,0.023,-0.0118660254037844));
#12300=CARTESIAN_POINT('',(0.0115,0.023,-0.0103660254037844));
#12301=CARTESIAN_POINT('',(0.0129240381056766,0.023,-0.00954385662013573));
#12302=CARTESIAN_POINT('',(0.0095,0.023,-0.0118660254037844));
#12303=CARTESIAN_POINT('',(0.0095,0.023,-0.0103660254037844));
#12304=CARTESIAN_POINT('',(0.00820096189432334,0.023,-0.00961602540378444));
#12305=CARTESIAN_POINT('',(0.00920096189432333,0.023,-0.00788397459621556));
#12306=CARTESIAN_POINT('',(0.0105,0.023,-0.00863397459621556));
#12307=CARTESIAN_POINT('',(0.0117990381056766,0.023,-0.00788397459621556));
#12308=CARTESIAN_POINT('',(0.0105,0.023,-0.00636602540378443));
#12309=CARTESIAN_POINT('',(0.0095,0.023,-0.00636602540378443));
#12310=CARTESIAN_POINT('',(0.0115,0.023,-0.00636602540378443));
#12311=CARTESIAN_POINT('',(0.01360849287802,0.023,-0.00101804219591218));
#12312=CARTESIAN_POINT('',(0.0143480762113533,0.023,-0.00172168783648703));
#12313=CARTESIAN_POINT('',(0.0130980762113533,0.023,-0.000133974596215558));
#12314=CARTESIAN_POINT('',(0.00740192378864668,0.023,-0.001));
#12315=CARTESIAN_POINT('',(0.00790192378864668,0.023,-0.000133974596215558));
#12316=CARTESIAN_POINT('',(0.00690192378864668,0.023,-0.00186602540378444));
#12317=CARTESIAN_POINT('',(0.0115,0.023,-0.00486602540378444));
#12318=CARTESIAN_POINT('',(0.0115,0.023,-0.00336602540378444));
#12319=CARTESIAN_POINT('',(0.0129240381056767,0.023,-0.00254385662013573));
#12320=CARTESIAN_POINT('',(0.0095,0.023,-0.00486602540378444));
#12321=CARTESIAN_POINT('',(0.0095,0.023,-0.00336602540378444));
#12322=CARTESIAN_POINT('',(0.00820096189432334,0.023,-0.00261602540378444));
#12323=CARTESIAN_POINT('',(0.00920096189432334,0.023,-0.000883974596215555));
#12324=CARTESIAN_POINT('',(0.0105,0.023,-0.00163397459621556));
#12325=CARTESIAN_POINT('',(0.0117990381056767,0.023,-0.000883974596215555));
#12326=CARTESIAN_POINT('',(0.0105,0.023,0.000633974596215566));
#12327=CARTESIAN_POINT('',(0.0095,0.023,0.000633974596215566));
#12328=CARTESIAN_POINT('',(0.0115,0.023,0.000633974596215566));
#12329=CARTESIAN_POINT('',(0.01360849287802,0.023,0.00598195780408782));
#12330=CARTESIAN_POINT('',(0.0143480762113533,0.023,0.00527831216351297));
#12331=CARTESIAN_POINT('',(0.0130980762113533,0.023,0.00686602540378444));
#12332=CARTESIAN_POINT('',(0.00740192378864668,0.023,0.006));
#12333=CARTESIAN_POINT('',(0.00790192378864668,0.023,0.00686602540378444));
#12334=CARTESIAN_POINT('',(0.00690192378864668,0.023,0.00513397459621556));
#12335=CARTESIAN_POINT('',(0.0115,0.023,0.00213397459621557));
#12336=CARTESIAN_POINT('',(0.0115,0.023,0.00363397459621557));
#12337=CARTESIAN_POINT('',(0.0129240381056767,0.023,0.00445614337986427));
#12338=CARTESIAN_POINT('',(0.0095,0.023,0.00213397459621557));
#12339=CARTESIAN_POINT('',(0.0095,0.023,0.00363397459621557));
#12340=CARTESIAN_POINT('',(0.00820096189432334,0.023,0.00438397459621556));
#12341=CARTESIAN_POINT('',(0.00920096189432334,0.023,0.00611602540378444));
#12342=CARTESIAN_POINT('',(0.0105,0.023,0.00536602540378444));
#12343=CARTESIAN_POINT('',(0.0117990381056767,0.023,0.00611602540378444));
#12344=CARTESIAN_POINT('',(0.0105,0.023,0.00763397459621557));
#12345=CARTESIAN_POINT('',(0.0095,0.023,0.00763397459621557));
#12346=CARTESIAN_POINT('',(0.0115,0.023,0.00763397459621557));
#12347=CARTESIAN_POINT('',(0.01360849287802,0.023,0.0129819578040878));
#12348=CARTESIAN_POINT('',(0.0143480762113533,0.023,0.012278312163513));
#12349=CARTESIAN_POINT('',(0.0130980762113533,0.023,0.0138660254037844));
#12350=CARTESIAN_POINT('',(0.00740192378864668,0.023,0.013));
#12351=CARTESIAN_POINT('',(0.00790192378864668,0.023,0.0138660254037844));
#12352=CARTESIAN_POINT('',(0.00690192378864669,0.023,0.0121339745962156));
#12353=CARTESIAN_POINT('',(0.0115,0.023,0.00913397459621556));
#12354=CARTESIAN_POINT('',(0.0115,0.023,0.0106339745962156));
#12355=CARTESIAN_POINT('',(0.0129240381056767,0.023,0.0114561433798643));
#12356=CARTESIAN_POINT('',(0.0095,0.023,0.00913397459621556));
#12357=CARTESIAN_POINT('',(0.0095,0.023,0.0106339745962156));
#12358=CARTESIAN_POINT('',(0.00820096189432334,0.023,0.0113839745962156));
#12359=CARTESIAN_POINT('',(0.00920096189432334,0.023,0.0131160254037844));
#12360=CARTESIAN_POINT('',(0.0105,0.023,0.0123660254037844));
#12361=CARTESIAN_POINT('',(0.0117990381056767,0.023,0.0131160254037844));
#12362=CARTESIAN_POINT('',(0.0105,0.023,0.0146339745962156));
#12363=CARTESIAN_POINT('',(0.0095,0.023,0.0146339745962156));
#12364=CARTESIAN_POINT('',(0.0115,0.023,0.0146339745962156));
#12365=CARTESIAN_POINT('',(0.01360849287802,0.023,0.0199819578040878));
#12366=CARTESIAN_POINT('',(0.0143480762113533,0.023,0.019278312163513));
#12367=CARTESIAN_POINT('',(0.0130980762113533,0.023,0.0208660254037845));
#12368=CARTESIAN_POINT('',(0.00740192378864668,0.023,0.02));
#12369=CARTESIAN_POINT('',(0.00790192378864668,0.023,0.0208660254037845));
#12370=CARTESIAN_POINT('',(0.00690192378864669,0.023,0.0191339745962155));
#12371=CARTESIAN_POINT('',(0.0115,0.023,0.0161339745962155));
#12372=CARTESIAN_POINT('',(0.0115,0.023,0.0176339745962155));
#12373=CARTESIAN_POINT('',(0.0129240381056767,0.023,0.0184561433798642));
#12374=CARTESIAN_POINT('',(0.0095,0.023,0.0161339745962155));
#12375=CARTESIAN_POINT('',(0.0095,0.023,0.0176339745962155));
#12376=CARTESIAN_POINT('',(0.00820096189432334,0.023,0.0183839745962155));
#12377=CARTESIAN_POINT('',(0.00920096189432334,0.023,0.0201160254037844));
#12378=CARTESIAN_POINT('',(0.0105,0.023,0.0193660254037844));
#12379=CARTESIAN_POINT('',(0.0117990381056767,0.023,0.0201160254037844));
#12380=CARTESIAN_POINT('',(0.0105,0.023,0.0216339745962155));
#12381=CARTESIAN_POINT('',(0.0095,0.023,0.0216339745962155));
#12382=CARTESIAN_POINT('',(0.0115,0.023,0.0216339745962155));
#12383=CARTESIAN_POINT('',(0.01360849287802,0.023,0.0269819578040878));
#12384=CARTESIAN_POINT('',(0.0143480762113533,0.023,0.0262783121635129));
#12385=CARTESIAN_POINT('',(0.0130980762113533,0.023,0.0278660254037844));
#12386=CARTESIAN_POINT('',(0.00740192378864669,0.023,0.027));
#12387=CARTESIAN_POINT('',(0.00790192378864668,0.023,0.0278660254037844));
#12388=CARTESIAN_POINT('',(0.00690192378864669,0.023,0.0261339745962155));
#12389=CARTESIAN_POINT('',(0.0115,0.023,0.0231339745962156));
#12390=CARTESIAN_POINT('',(0.0115,0.023,0.0246339745962155));
#12391=CARTESIAN_POINT('',(0.0129240381056767,0.023,0.0254561433798643));
#12392=CARTESIAN_POINT('',(0.0095,0.023,0.0231339745962156));
#12393=CARTESIAN_POINT('',(0.0095,0.023,0.0246339745962155));
#12394=CARTESIAN_POINT('',(0.00820096189432334,0.023,0.0253839745962155));
#12395=CARTESIAN_POINT('',(0.00920096189432334,0.023,0.0271160254037844));
#12396=CARTESIAN_POINT('',(0.0105,0.023,0.0263660254037844));
#12397=CARTESIAN_POINT('',(0.0117990381056767,0.023,0.0271160254037844));
#12398=CARTESIAN_POINT('',(-0.0005,0.023,0.0216339745962155));
#12399=CARTESIAN_POINT('',(-0.0015,0.023,0.0216339745962155));
#12400=CARTESIAN_POINT('',(0.0005,0.023,0.0216339745962155));
#12401=CARTESIAN_POINT('',(0.00260849287801999,0.023,0.0269819578040878));
#12402=CARTESIAN_POINT('',(0.00334807621135332,0.023,0.0262783121635129));
#12403=CARTESIAN_POINT('',(0.00209807621135332,0.023,0.0278660254037844));
#12404=CARTESIAN_POINT('',(-0.00359807621135332,0.023,0.027));
#12405=CARTESIAN_POINT('',(-0.00309807621135332,0.023,0.0278660254037844));
#12406=CARTESIAN_POINT('',(-0.00409807621135331,0.023,0.0261339745962155));
#12407=CARTESIAN_POINT('',(0.0005,0.023,0.0231339745962156));
#12408=CARTESIAN_POINT('',(0.0005,0.023,0.0246339745962155));
#12409=CARTESIAN_POINT('',(0.00192403810567666,0.023,0.0254561433798643));
#12410=CARTESIAN_POINT('',(-0.0015,0.023,0.0231339745962156));
#12411=CARTESIAN_POINT('',(-0.0015,0.023,0.0246339745962155));
#12412=CARTESIAN_POINT('',(-0.00279903810567665,0.023,0.0253839745962155));
#12413=CARTESIAN_POINT('',(-0.00179903810567666,0.023,0.0271160254037844));
#12414=CARTESIAN_POINT('',(-0.0005,0.023,0.0263660254037844));
#12415=CARTESIAN_POINT('',(0.00079903810567666,0.023,0.0271160254037844));
#12416=CARTESIAN_POINT('',(-0.000500000000000007,0.023,-0.0273660254037844));
#12417=CARTESIAN_POINT('',(-0.0015,0.023,-0.0273660254037844));
#12418=CARTESIAN_POINT('',(0.000499999999999994,0.023,-0.0273660254037844));
#12419=CARTESIAN_POINT('',(0.00260849287801998,0.023,-0.0220180421959122));
#12420=CARTESIAN_POINT('',(0.00334807621135331,0.023,-0.0227216878364871));
#12421=CARTESIAN_POINT('',(0.00209807621135331,0.023,-0.0211339745962155));
#12422=CARTESIAN_POINT('',(-0.00359807621135332,0.023,-0.022));
#12423=CARTESIAN_POINT('',(-0.00309807621135332,0.023,-0.0211339745962155));
#12424=CARTESIAN_POINT('',(-0.00409807621135332,0.023,-0.0228660254037844));
#12425=CARTESIAN_POINT('',(0.000499999999999994,0.023,-0.0258660254037844));
#12426=CARTESIAN_POINT('',(0.000499999999999994,0.023,-0.0243660254037844));
#12427=CARTESIAN_POINT('',(0.00192403810567665,0.023,-0.0235438566201358));
#12428=CARTESIAN_POINT('',(-0.0015,0.023,-0.0258660254037844));
#12429=CARTESIAN_POINT('',(-0.0015,0.023,-0.0243660254037844));
#12430=CARTESIAN_POINT('',(-0.00279903810567666,0.023,-0.0236160254037844));
#12431=CARTESIAN_POINT('',(-0.00179903810567667,0.023,-0.0218839745962155));
#12432=CARTESIAN_POINT('',(-0.000500000000000009,0.023,-0.0226339745962156));
#12433=CARTESIAN_POINT('',(0.00079903810567665,0.023,-0.0218839745962155));
#12434=CARTESIAN_POINT('',(-0.000500000000000006,0.023,-0.0203660254037844));
#12435=CARTESIAN_POINT('',(-0.0015,0.023,-0.0203660254037844));
#12436=CARTESIAN_POINT('',(0.0005,0.023,-0.0203660254037844));
#12437=CARTESIAN_POINT('',(0.00260849287801998,0.023,-0.0150180421959122));
#12438=CARTESIAN_POINT('',(0.00334807621135331,0.023,-0.0157216878364871));
#12439=CARTESIAN_POINT('',(0.00209807621135331,0.023,-0.0141339745962156));
#12440=CARTESIAN_POINT('',(-0.00359807621135332,0.023,-0.015));
#12441=CARTESIAN_POINT('',(-0.00309807621135332,0.023,-0.0141339745962156));
#12442=CARTESIAN_POINT('',(-0.00409807621135332,0.023,-0.0158660254037844));
#12443=CARTESIAN_POINT('',(0.0005,0.023,-0.0188660254037844));
#12444=CARTESIAN_POINT('',(0.0005,0.023,-0.0173660254037844));
#12445=CARTESIAN_POINT('',(0.00192403810567666,0.023,-0.0165438566201357));
#12446=CARTESIAN_POINT('',(-0.0015,0.023,-0.0188660254037844));
#12447=CARTESIAN_POINT('',(-0.0015,0.023,-0.0173660254037844));
#12448=CARTESIAN_POINT('',(-0.00279903810567666,0.023,-0.0166160254037844));
#12449=CARTESIAN_POINT('',(-0.00179903810567667,0.023,-0.0148839745962156));
#12450=CARTESIAN_POINT('',(-0.000500000000000007,0.023,-0.0156339745962155));
#12451=CARTESIAN_POINT('',(0.000799038105676652,0.023,-0.0148839745962156));
#12452=CARTESIAN_POINT('',(-0.0005,0.023,-0.0133660254037844));
#12453=CARTESIAN_POINT('',(-0.0015,0.023,-0.0133660254037844));
#12454=CARTESIAN_POINT('',(0.0005,0.023,-0.0133660254037844));
#12455=CARTESIAN_POINT('',(0.00260849287801998,0.023,-0.00801804219591218));
#12456=CARTESIAN_POINT('',(0.00334807621135332,0.023,-0.00872168783648703));
#12457=CARTESIAN_POINT('',(0.00209807621135331,0.023,-0.00713397459621556));
#12458=CARTESIAN_POINT('',(-0.00359807621135332,0.023,-0.008));
#12459=CARTESIAN_POINT('',(-0.00309807621135332,0.023,-0.00713397459621556));
#12460=CARTESIAN_POINT('',(-0.00409807621135332,0.023,-0.00886602540378444));
#12461=CARTESIAN_POINT('',(0.0005,0.023,-0.0118660254037844));
#12462=CARTESIAN_POINT('',(0.0005,0.023,-0.0103660254037844));
#12463=CARTESIAN_POINT('',(0.00192403810567666,0.023,-0.00954385662013573));
#12464=CARTESIAN_POINT('',(-0.0015,0.023,-0.0118660254037844));
#12465=CARTESIAN_POINT('',(-0.0015,0.023,-0.0103660254037844));
#12466=CARTESIAN_POINT('',(-0.00279903810567666,0.023,-0.00961602540378444));
#12467=CARTESIAN_POINT('',(-0.00179903810567667,0.023,-0.00788397459621556));
#12468=CARTESIAN_POINT('',(-0.000500000000000006,0.023,-0.00863397459621556));
#12469=CARTESIAN_POINT('',(0.000799038105676653,0.023,-0.00788397459621556));
#12470=CARTESIAN_POINT('',(-0.0005,0.023,-0.00636602540378443));
#12471=CARTESIAN_POINT('',(-0.0015,0.023,-0.00636602540378443));
#12472=CARTESIAN_POINT('',(0.0005,0.023,-0.00636602540378443));
#12473=CARTESIAN_POINT('',(0.00260849287801998,0.023,-0.00101804219591218));
#12474=CARTESIAN_POINT('',(0.00334807621135332,0.023,-0.00172168783648703));
#12475=CARTESIAN_POINT('',(0.00209807621135331,0.023,-0.000133974596215558));
#12476=CARTESIAN_POINT('',(-0.00359807621135332,0.023,-0.001));
#12477=CARTESIAN_POINT('',(-0.00309807621135332,0.023,-0.000133974596215558));
#12478=CARTESIAN_POINT('',(-0.00409807621135332,0.023,-0.00186602540378444));
#12479=CARTESIAN_POINT('',(0.0005,0.023,-0.00486602540378444));
#12480=CARTESIAN_POINT('',(0.0005,0.023,-0.00336602540378444));
#12481=CARTESIAN_POINT('',(0.00192403810567666,0.023,-0.00254385662013573));
#12482=CARTESIAN_POINT('',(-0.0015,0.023,-0.00486602540378444));
#12483=CARTESIAN_POINT('',(-0.0015,0.023,-0.00336602540378444));
#12484=CARTESIAN_POINT('',(-0.00279903810567666,0.023,-0.00261602540378444));
#12485=CARTESIAN_POINT('',(-0.00179903810567667,0.023,-0.000883974596215555));
#12486=CARTESIAN_POINT('',(-0.0005,0.023,-0.00163397459621556));
#12487=CARTESIAN_POINT('',(0.000799038105676655,0.023,-0.000883974596215555));
#12488=CARTESIAN_POINT('',(-0.0005,0.023,0.000633974596215566));
#12489=CARTESIAN_POINT('',(-0.0015,0.023,0.000633974596215566));
#12490=CARTESIAN_POINT('',(0.0005,0.023,0.000633974596215566));
#12491=CARTESIAN_POINT('',(0.00260849287801998,0.023,0.00598195780408782));
#12492=CARTESIAN_POINT('',(0.00334807621135332,0.023,0.00527831216351297));
#12493=CARTESIAN_POINT('',(0.00209807621135331,0.023,0.00686602540378444));
#12494=CARTESIAN_POINT('',(-0.00359807621135332,0.023,0.006));
#12495=CARTESIAN_POINT('',(-0.00309807621135332,0.023,0.00686602540378444));
#12496=CARTESIAN_POINT('',(-0.00409807621135332,0.023,0.00513397459621556));
#12497=CARTESIAN_POINT('',(0.0005,0.023,0.00213397459621557));
#12498=CARTESIAN_POINT('',(0.0005,0.023,0.00363397459621557));
#12499=CARTESIAN_POINT('',(0.00192403810567666,0.023,0.00445614337986427));
#12500=CARTESIAN_POINT('',(-0.0015,0.023,0.00213397459621557));
#12501=CARTESIAN_POINT('',(-0.0015,0.023,0.00363397459621557));
#12502=CARTESIAN_POINT('',(-0.00279903810567666,0.023,0.00438397459621556));
#12503=CARTESIAN_POINT('',(-0.00179903810567667,0.023,0.00611602540378444));
#12504=CARTESIAN_POINT('',(-0.0005,0.023,0.00536602540378444));
#12505=CARTESIAN_POINT('',(0.000799038105676655,0.023,0.00611602540378444));
#12506=CARTESIAN_POINT('',(-0.0005,0.023,0.00763397459621557));
#12507=CARTESIAN_POINT('',(-0.0015,0.023,0.00763397459621557));
#12508=CARTESIAN_POINT('',(0.0005,0.023,0.00763397459621557));
#12509=CARTESIAN_POINT('',(0.00260849287801998,0.023,0.0129819578040878));
#12510=CARTESIAN_POINT('',(0.00334807621135332,0.023,0.012278312163513));
#12511=CARTESIAN_POINT('',(0.00209807621135331,0.023,0.0138660254037844));
#12512=CARTESIAN_POINT('',(-0.00359807621135332,0.023,0.013));
#12513=CARTESIAN_POINT('',(-0.00309807621135332,0.023,0.0138660254037844));
#12514=CARTESIAN_POINT('',(-0.00409807621135332,0.023,0.0121339745962156));
#12515=CARTESIAN_POINT('',(0.0005,0.023,0.00913397459621556));
#12516=CARTESIAN_POINT('',(0.0005,0.023,0.0106339745962156));
#12517=CARTESIAN_POINT('',(0.00192403810567666,0.023,0.0114561433798643));
#12518=CARTESIAN_POINT('',(-0.0015,0.023,0.00913397459621556));
#12519=CARTESIAN_POINT('',(-0.0015,0.023,0.0106339745962156));
#12520=CARTESIAN_POINT('',(-0.00279903810567666,0.023,0.0113839745962156));
#12521=CARTESIAN_POINT('',(-0.00179903810567666,0.023,0.0131160254037844));
#12522=CARTESIAN_POINT('',(-0.0005,0.023,0.0123660254037844));
#12523=CARTESIAN_POINT('',(0.000799038105676657,0.023,0.0131160254037844));
#12524=CARTESIAN_POINT('',(-0.0005,0.023,0.0146339745962156));
#12525=CARTESIAN_POINT('',(-0.0015,0.023,0.0146339745962156));
#12526=CARTESIAN_POINT('',(0.0005,0.023,0.0146339745962156));
#12527=CARTESIAN_POINT('',(0.00260849287801998,0.023,0.0199819578040878));
#12528=CARTESIAN_POINT('',(0.00334807621135332,0.023,0.019278312163513));
#12529=CARTESIAN_POINT('',(0.00209807621135331,0.023,0.0208660254037845));
#12530=CARTESIAN_POINT('',(-0.00359807621135332,0.023,0.02));
#12531=CARTESIAN_POINT('',(-0.00309807621135332,0.023,0.0208660254037845));
#12532=CARTESIAN_POINT('',(-0.00409807621135332,0.023,0.0191339745962155));
#12533=CARTESIAN_POINT('',(0.0005,0.023,0.0161339745962155));
#12534=CARTESIAN_POINT('',(0.0005,0.023,0.0176339745962155));
#12535=CARTESIAN_POINT('',(0.00192403810567666,0.023,0.0184561433798642));
#12536=CARTESIAN_POINT('',(-0.0015,0.023,0.0161339745962155));
#12537=CARTESIAN_POINT('',(-0.0015,0.023,0.0176339745962155));
#12538=CARTESIAN_POINT('',(-0.00279903810567665,0.023,0.0183839745962155));
#12539=CARTESIAN_POINT('',(-0.00179903810567666,0.023,0.0201160254037844));
#12540=CARTESIAN_POINT('',(-0.0005,0.023,0.0193660254037844));
#12541=CARTESIAN_POINT('',(0.000799038105676659,0.023,0.0201160254037844));
#12542=CARTESIAN_POINT('',(-0.0115,0.023,-0.0273660254037844));
#12543=CARTESIAN_POINT('',(-0.0125,0.023,-0.0273660254037844));
#12544=CARTESIAN_POINT('',(-0.0105,0.023,-0.0273660254037844));
#12545=CARTESIAN_POINT('',(-0.00839150712198002,0.023,-0.0220180421959122));
#12546=CARTESIAN_POINT('',(-0.00765192378864669,0.023,-0.0227216878364871));
#12547=CARTESIAN_POINT('',(-0.00890192378864669,0.023,-0.0211339745962155));
#12548=CARTESIAN_POINT('',(-0.0145980762113533,0.023,-0.022));
#12549=CARTESIAN_POINT('',(-0.0140980762113533,0.023,-0.0211339745962155));
#12550=CARTESIAN_POINT('',(-0.0150980762113533,0.023,-0.0228660254037844));
#12551=CARTESIAN_POINT('',(-0.0105,0.023,-0.0258660254037844));
#12552=CARTESIAN_POINT('',(-0.0105,0.023,-0.0243660254037844));
#12553=CARTESIAN_POINT('',(-0.00907596189432335,0.023,-0.0235438566201358));
#12554=CARTESIAN_POINT('',(-0.0125,0.023,-0.0258660254037844));
#12555=CARTESIAN_POINT('',(-0.0125,0.023,-0.0243660254037844));
#12556=CARTESIAN_POINT('',(-0.0137990381056767,0.023,-0.0236160254037844));
#12557=CARTESIAN_POINT('',(-0.0127990381056767,0.023,-0.0218839745962155));
#12558=CARTESIAN_POINT('',(-0.0115,0.023,-0.0226339745962156));
#12559=CARTESIAN_POINT('',(-0.0102009618943233,0.023,-0.0218839745962155));
#12560=CARTESIAN_POINT('',(-0.0115,0.023,-0.0203660254037844));
#12561=CARTESIAN_POINT('',(-0.0125,0.023,-0.0203660254037844));
#12562=CARTESIAN_POINT('',(-0.0105,0.023,-0.0203660254037844));
#12563=CARTESIAN_POINT('',(-0.00839150712198002,0.023,-0.0150180421959122));
#12564=CARTESIAN_POINT('',(-0.00765192378864669,0.023,-0.0157216878364871));
#12565=CARTESIAN_POINT('',(-0.00890192378864669,0.023,-0.0141339745962156));
#12566=CARTESIAN_POINT('',(-0.0145980762113533,0.023,-0.015));
#12567=CARTESIAN_POINT('',(-0.0140980762113533,0.023,-0.0141339745962156));
#12568=CARTESIAN_POINT('',(-0.0150980762113533,0.023,-0.0158660254037844));
#12569=CARTESIAN_POINT('',(-0.0105,0.023,-0.0188660254037844));
#12570=CARTESIAN_POINT('',(-0.0105,0.023,-0.0173660254037844));
#12571=CARTESIAN_POINT('',(-0.00907596189432335,0.023,-0.0165438566201357));
#12572=CARTESIAN_POINT('',(-0.0125,0.023,-0.0188660254037844));
#12573=CARTESIAN_POINT('',(-0.0125,0.023,-0.0173660254037844));
#12574=CARTESIAN_POINT('',(-0.0137990381056767,0.023,-0.0166160254037844));
#12575=CARTESIAN_POINT('',(-0.0127990381056767,0.023,-0.0148839745962156));
#12576=CARTESIAN_POINT('',(-0.0115,0.023,-0.0156339745962155));
#12577=CARTESIAN_POINT('',(-0.0102009618943233,0.023,-0.0148839745962156));
#12578=CARTESIAN_POINT('',(-0.0115,0.023,-0.0133660254037844));
#12579=CARTESIAN_POINT('',(-0.0125,0.023,-0.0133660254037844));
#12580=CARTESIAN_POINT('',(-0.0105,0.023,-0.0133660254037844));
#12581=CARTESIAN_POINT('',(-0.00839150712198002,0.023,-0.00801804219591218));
#12582=CARTESIAN_POINT('',(-0.00765192378864669,0.023,-0.00872168783648703));
#12583=CARTESIAN_POINT('',(-0.00890192378864669,0.023,-0.00713397459621556));
#12584=CARTESIAN_POINT('',(-0.0145980762113533,0.023,-0.008));
#12585=CARTESIAN_POINT('',(-0.0140980762113533,0.023,-0.00713397459621556));
#12586=CARTESIAN_POINT('',(-0.0150980762113533,0.023,-0.00886602540378444));
#12587=CARTESIAN_POINT('',(-0.0105,0.023,-0.0118660254037844));
#12588=CARTESIAN_POINT('',(-0.0105,0.023,-0.0103660254037844));
#12589=CARTESIAN_POINT('',(-0.00907596189432334,0.023,-0.00954385662013573));
#12590=CARTESIAN_POINT('',(-0.0125,0.023,-0.0118660254037844));
#12591=CARTESIAN_POINT('',(-0.0125,0.023,-0.0103660254037844));
#12592=CARTESIAN_POINT('',(-0.0137990381056767,0.023,-0.00961602540378444));
#12593=CARTESIAN_POINT('',(-0.0127990381056767,0.023,-0.00788397459621556));
#12594=CARTESIAN_POINT('',(-0.0115,0.023,-0.00863397459621556));
#12595=CARTESIAN_POINT('',(-0.0102009618943233,0.023,-0.00788397459621556));
#12596=CARTESIAN_POINT('',(-0.0115,0.023,-0.00636602540378443));
#12597=CARTESIAN_POINT('',(-0.0125,0.023,-0.00636602540378443));
#12598=CARTESIAN_POINT('',(-0.0105,0.023,-0.00636602540378443));
#12599=CARTESIAN_POINT('',(-0.00839150712198002,0.023,-0.00101804219591218));
#12600=CARTESIAN_POINT('',(-0.00765192378864669,0.023,-0.00172168783648703));
#12601=CARTESIAN_POINT('',(-0.00890192378864669,0.023,-0.000133974596215558));
#12602=CARTESIAN_POINT('',(-0.0145980762113533,0.023,-0.001));
#12603=CARTESIAN_POINT('',(-0.0140980762113533,0.023,-0.000133974596215558));
#12604=CARTESIAN_POINT('',(-0.0150980762113533,0.023,-0.00186602540378444));
#12605=CARTESIAN_POINT('',(-0.0105,0.023,-0.00486602540378444));
#12606=CARTESIAN_POINT('',(-0.0105,0.023,-0.00336602540378444));
#12607=CARTESIAN_POINT('',(-0.00907596189432334,0.023,-0.00254385662013573));
#12608=CARTESIAN_POINT('',(-0.0125,0.023,-0.00486602540378444));
#12609=CARTESIAN_POINT('',(-0.0125,0.023,-0.00336602540378444));
#12610=CARTESIAN_POINT('',(-0.0137990381056767,0.023,-0.00261602540378444));
#12611=CARTESIAN_POINT('',(-0.0127990381056767,0.023,-0.000883974596215555));
#12612=CARTESIAN_POINT('',(-0.0115,0.023,-0.00163397459621556));
#12613=CARTESIAN_POINT('',(-0.0102009618943233,0.023,-0.000883974596215555));
#12614=CARTESIAN_POINT('',(-0.0115,0.023,0.000633974596215566));
#12615=CARTESIAN_POINT('',(-0.0125,0.023,0.000633974596215566));
#12616=CARTESIAN_POINT('',(-0.0105,0.023,0.000633974596215566));
#12617=CARTESIAN_POINT('',(-0.00839150712198002,0.023,0.00598195780408782));
#12618=CARTESIAN_POINT('',(-0.00765192378864668,0.023,0.00527831216351297));
#12619=CARTESIAN_POINT('',(-0.00890192378864669,0.023,0.00686602540378444));
#12620=CARTESIAN_POINT('',(-0.0145980762113533,0.023,0.006));
#12621=CARTESIAN_POINT('',(-0.0140980762113533,0.023,0.00686602540378444));
#12622=CARTESIAN_POINT('',(-0.0150980762113533,0.023,0.00513397459621556));
#12623=CARTESIAN_POINT('',(-0.0105,0.023,0.00213397459621557));
#12624=CARTESIAN_POINT('',(-0.0105,0.023,0.00363397459621557));
#12625=CARTESIAN_POINT('',(-0.00907596189432334,0.023,0.00445614337986427));
#12626=CARTESIAN_POINT('',(-0.0125,0.023,0.00213397459621557));
#12627=CARTESIAN_POINT('',(-0.0125,0.023,0.00363397459621557));
#12628=CARTESIAN_POINT('',(-0.0137990381056767,0.023,0.00438397459621556));
#12629=CARTESIAN_POINT('',(-0.0127990381056767,0.023,0.00611602540378444));
#12630=CARTESIAN_POINT('',(-0.0115,0.023,0.00536602540378444));
#12631=CARTESIAN_POINT('',(-0.0102009618943233,0.023,0.00611602540378444));
#12632=CARTESIAN_POINT('',(-0.0115,0.023,0.00763397459621557));
#12633=CARTESIAN_POINT('',(-0.0125,0.023,0.00763397459621557));
#12634=CARTESIAN_POINT('',(-0.0105,0.023,0.00763397459621557));
#12635=CARTESIAN_POINT('',(-0.00839150712198001,0.023,0.0129819578040878));
#12636=CARTESIAN_POINT('',(-0.00765192378864668,0.023,0.012278312163513));
#12637=CARTESIAN_POINT('',(-0.00890192378864669,0.023,0.0138660254037844));
#12638=CARTESIAN_POINT('',(-0.0145980762113533,0.023,0.013));
#12639=CARTESIAN_POINT('',(-0.0140980762113533,0.023,0.0138660254037844));
#12640=CARTESIAN_POINT('',(-0.0150980762113533,0.023,0.0121339745962156));
#12641=CARTESIAN_POINT('',(-0.0105,0.023,0.00913397459621556));
#12642=CARTESIAN_POINT('',(-0.0105,0.023,0.0106339745962156));
#12643=CARTESIAN_POINT('',(-0.00907596189432334,0.023,0.0114561433798643));
#12644=CARTESIAN_POINT('',(-0.0125,0.023,0.00913397459621556));
#12645=CARTESIAN_POINT('',(-0.0125,0.023,0.0106339745962156));
#12646=CARTESIAN_POINT('',(-0.0137990381056767,0.023,0.0113839745962156));
#12647=CARTESIAN_POINT('',(-0.0127990381056767,0.023,0.0131160254037844));
#12648=CARTESIAN_POINT('',(-0.0115,0.023,0.0123660254037844));
#12649=CARTESIAN_POINT('',(-0.0102009618943233,0.023,0.0131160254037844));
#12650=CARTESIAN_POINT('',(-0.0115,0.023,0.0146339745962156));
#12651=CARTESIAN_POINT('',(-0.0125,0.023,0.0146339745962156));
#12652=CARTESIAN_POINT('',(-0.0105,0.023,0.0146339745962156));
#12653=CARTESIAN_POINT('',(-0.00839150712198001,0.023,0.0199819578040878));
#12654=CARTESIAN_POINT('',(-0.00765192378864668,0.023,0.019278312163513));
#12655=CARTESIAN_POINT('',(-0.00890192378864668,0.023,0.0208660254037845));
#12656=CARTESIAN_POINT('',(-0.0145980762113533,0.023,0.02));
#12657=CARTESIAN_POINT('',(-0.0140980762113533,0.023,0.0208660254037845));
#12658=CARTESIAN_POINT('',(-0.0150980762113533,0.023,0.0191339745962155));
#12659=CARTESIAN_POINT('',(-0.0105,0.023,0.0161339745962155));
#12660=CARTESIAN_POINT('',(-0.0105,0.023,0.0176339745962155));
#12661=CARTESIAN_POINT('',(-0.00907596189432334,0.023,0.0184561433798642));
#12662=CARTESIAN_POINT('',(-0.0125,0.023,0.0161339745962155));
#12663=CARTESIAN_POINT('',(-0.0125,0.023,0.0176339745962155));
#12664=CARTESIAN_POINT('',(-0.0137990381056767,0.023,0.0183839745962155));
#12665=CARTESIAN_POINT('',(-0.0127990381056767,0.023,0.0201160254037844));
#12666=CARTESIAN_POINT('',(-0.0115,0.023,0.0193660254037844));
#12667=CARTESIAN_POINT('',(-0.0102009618943233,0.023,0.0201160254037844));
#12668=CARTESIAN_POINT('',(-6.93889390390723E-18,-0.002,-0.0355));
#12669=CARTESIAN_POINT('',(0.006,-0.002,-0.0355));
#12670=CARTESIAN_POINT('',(0.018,-0.002,-0.0355));
#12671=CARTESIAN_POINT('',(6.93889390390723E-18,-0.002,0.0355));
#12672=CARTESIAN_POINT('',(0.018,-0.002,0.0355));
#12673=CARTESIAN_POINT('',(-0.018,-0.002,0.0355));
#12674=CARTESIAN_POINT('',(-0.021,-0.002,0.));
#12675=CARTESIAN_POINT('',(-0.021,0.,0.0325));
#12676=CARTESIAN_POINT('',(-0.021,-0.002,-0.0325));
#12677=CARTESIAN_POINT('',(-6.93889390390723E-18,-0.002,-0.0355));
#12678=CARTESIAN_POINT('',(-0.006,-0.002,-0.0355));
#12679=CARTESIAN_POINT('',(-0.018,-0.002,-0.0355));
#12680=CARTESIAN_POINT('',(0.021,-0.002,0.));
#12681=CARTESIAN_POINT('',(0.021,-0.002,0.0325));
#12682=CARTESIAN_POINT('',(0.021,0.,-0.0325));
#12683=CARTESIAN_POINT('',(0.018,-0.002,0.0325));
#12684=CARTESIAN_POINT('',(-0.018,-0.002,0.0325));
#12685=CARTESIAN_POINT('',(-0.018,-0.002,-0.0325));
#12686=CARTESIAN_POINT('',(0.018,-0.002,-0.0325));
#12687=CARTESIAN_POINT('',(0.006,0.023,-0.0355));
#12688=CARTESIAN_POINT('',(0.006,0.023,-0.033));
#12689=CARTESIAN_POINT('',(-6.07153216591882E-18,0.023,-0.033));
#12690=CARTESIAN_POINT('',(-0.006,0.023,-0.033));
#12691=CARTESIAN_POINT('',(-0.006,0.023,-0.0355));
#12692=CARTESIAN_POINT('',(-0.0102009618943233,0.023,0.0271160254037844));
#12693=CARTESIAN_POINT('',(-0.00890192378864668,0.023,0.0278660254037844));
#12694=CARTESIAN_POINT('',(-0.0115,0.023,0.0263660254037844));
#12695=CARTESIAN_POINT('',(-0.0127990381056767,0.023,0.0271160254037844));
#12696=CARTESIAN_POINT('',(-0.0140980762113533,0.023,0.0278660254037844));
#12697=CARTESIAN_POINT('',(-0.0145980762113533,0.023,0.027));
#12698=CARTESIAN_POINT('',(-0.0150980762113533,0.023,0.0261339745962155));
#12699=CARTESIAN_POINT('',(-0.0137990381056767,0.023,0.0253839745962155));
#12700=CARTESIAN_POINT('',(-0.0125,0.023,0.0246339745962155));
#12701=CARTESIAN_POINT('',(-0.0125,0.023,0.0231339745962156));
#12702=CARTESIAN_POINT('',(-0.0125,0.023,0.0216339745962155));
#12703=CARTESIAN_POINT('',(-0.0115,0.023,0.0216339745962155));
#12704=CARTESIAN_POINT('',(-0.0105,0.023,0.0216339745962155));
#12705=CARTESIAN_POINT('',(-0.0105,0.023,0.0231339745962156));
#12706=CARTESIAN_POINT('',(-0.0105,0.023,0.0246339745962155));
#12707=CARTESIAN_POINT('',(-0.00907596189432334,0.023,0.0254561433798643));
#12708=CARTESIAN_POINT('',(-0.00765192378864668,0.023,0.0262783121635129));
#12709=CARTESIAN_POINT('',(-0.00839150712198001,0.023,0.0269819578040878));
#12710=CARTESIAN_POINT('',(-0.0055,0.023,0.0217396370289181));
#12711=CARTESIAN_POINT('',(-0.0055,0.023,0.0211339745962155));
#12712=CARTESIAN_POINT('',(-0.0055,0.023,0.0223452994616208));
#12713=CARTESIAN_POINT('',(-0.00497548094716167,0.023,0.022648130677972));
#12714=CARTESIAN_POINT('',(-0.00445096189432334,0.023,0.0229509618943234));
#12715=CARTESIAN_POINT('',(-0.00470096189432334,0.023,0.0233839745962156));
#12716=CARTESIAN_POINT('',(-0.00495096189432334,0.023,0.0238169872981078));
#12717=CARTESIAN_POINT('',(-0.00547548094716167,0.023,0.0235141560817565));
#12718=CARTESIAN_POINT('',(-0.006,0.023,0.0232113248654052));
#12719=CARTESIAN_POINT('',(-0.00652451905283833,0.023,0.0235141560817565));
#12720=CARTESIAN_POINT('',(-0.00704903810567666,0.023,0.0238169872981078));
#12721=CARTESIAN_POINT('',(-0.00729903810567666,0.023,0.0233839745962156));
#12722=CARTESIAN_POINT('',(-0.00754903810567666,0.023,0.0229509618943234));
#12723=CARTESIAN_POINT('',(-0.00702451905283833,0.023,0.022648130677972));
#12724=CARTESIAN_POINT('',(-0.0065,0.023,0.0223452994616208));
#12725=CARTESIAN_POINT('',(-0.0065,0.023,0.0217396370289181));
#12726=CARTESIAN_POINT('',(-0.0065,0.023,0.0211339745962155));
#12727=CARTESIAN_POINT('',(-0.006,0.023,0.0211339745962155));
#12728=MECHANICAL_DESIGN_GEOMETRIC_PRESENTATION_REPRESENTATION('',(#7745),
#12729);
#12729=(
GEOMETRIC_REPRESENTATION_CONTEXT(3)
GLOBAL_UNCERTAINTY_ASSIGNED_CONTEXT((#12730))
GLOBAL_UNIT_ASSIGNED_CONTEXT((#12733,#12732,#12731))
REPRESENTATION_CONTEXT('Part 1','TOP_LEVEL_ASSEMBLY_PART')
);
#12730=UNCERTAINTY_MEASURE_WITH_UNIT(LENGTH_MEASURE(1.E-8),#12733,
'DISTANCE_ACCURACY_VALUE','Maximum Tolerance applied to model');
#12731=(
NAMED_UNIT(*)
SI_UNIT($,.STERADIAN.)
SOLID_ANGLE_UNIT()
);
#12732=(
NAMED_UNIT(*)
PLANE_ANGLE_UNIT()
SI_UNIT($,.RADIAN.)
);
#12733=(
LENGTH_UNIT()
NAMED_UNIT(*)
SI_UNIT($,.METRE.)
);
#12734=PRODUCT_DEFINITION_SHAPE('','',#12735);
#12735=PRODUCT_DEFINITION('','',#12737,#12736);
#12736=PRODUCT_DEFINITION_CONTEXT('',#12743,'design');
#12737=PRODUCT_DEFINITION_FORMATION_WITH_SPECIFIED_SOURCE('','',#12739,
 .NOT_KNOWN.);
#12738=PRODUCT_RELATED_PRODUCT_CATEGORY('','',(#12739));
#12739=PRODUCT('Part 1','Part 1','Part 1',(#12741));
#12740=PRODUCT_CATEGORY('','');
#12741=PRODUCT_CONTEXT('',#12743,'mechanical');
#12742=APPLICATION_PROTOCOL_DEFINITION('international standard',
'ap242_managed_model_based_3d_engineering',2020,#12743);
#12743=APPLICATION_CONTEXT('managed model based 3d engineering');
ENDSEC;
END-ISO-10303-21;
