ISO-10303-21;
HEADER;
/* Generated by software containing ST-Developer
 * from STEP Tools, Inc. (www.steptools.com) 
 */
/* OPTION: using custom renumber hook */

FILE_DESCRIPTION(
/* description */ ('STEP AP242 Edition 2',
'CAx-IF Rec.Pracs.---Representation and Presentation of Product Manufa
cturing Information (PMI)---4.0---2014-10-13',
'CAx-IF Rec.Pracs.---3D Tessellated Geometry---0.4---2014-09-14','2;1',
'CAx-IF Rec.Pracs.---User Defined Attributes---1.5---2016-08-15'),
/* implementation_level */ '2;1');

FILE_NAME(
/* name */ 'Part Studio 1',
/* time_stamp */ '2026-09-18T18:30:21Z',
/* author */ (''),
/* organization */ (''),
/* preprocessor_version */ 'ST-DEVELOPER v20',
/* originating_system */ 'ONSHAPE BY PTC INC, 1.221',
/* authorisation */ '  ');

FILE_SCHEMA (('AP242_MANAGED_MODEL_BASED_3D_ENGINEERING_MIM_LF { 1 0 10303 442 3 1 4 }'));
ENDSEC;

DATA;
#10=SHAPE_REPRESENTATION_RELATIONSHIP('','',#1593,#11);
#11=ADVANCED_BREP_SHAPE_REPRESENTATION('',(#1591),#2635);
#12=B_SPLINE_CURVE_WITH_KNOTS('',3,(#2485,#2486,#2487,#2488),
 .UNSPECIFIED.,.F.,.F.,(4,4),(0.,0.000661124995168812),.UNSPECIFIED.);
#13=B_SPLINE_CURVE_WITH_KNOTS('',3,(#2502,#2503,#2504,#2505),
 .UNSPECIFIED.,.F.,.F.,(4,4),(0.,0.000661124995168812),.UNSPECIFIED.);
#14=ELLIPSE('',#1605,0.00279016247627026,0.0015);
#15=ELLIPSE('',#1661,0.00279016247627026,0.0015);
#16=CIRCLE('',#1599,0.002);
#17=CIRCLE('',#1600,0.002);
#18=CIRCLE('',#1601,0.002);
#19=CIRCLE('',#1603,0.0015);
#20=CIRCLE('',#1604,0.0015);
#21=CIRCLE('',#1613,0.002);
#22=CIRCLE('',#1614,0.001);
#23=CIRCLE('',#1617,0.00105);
#24=CIRCLE('',#1618,0.00105);
#25=CIRCLE('',#1619,0.00495);
#26=CIRCLE('',#1620,0.00105);
#27=CIRCLE('',#1621,0.00705);
#28=CIRCLE('',#1622,0.015);
#29=CIRCLE('',#1623,0.015);
#30=CIRCLE('',#1625,0.015);
#31=CIRCLE('',#1626,0.015);
#32=CIRCLE('',#1627,0.00105);
#33=CIRCLE('',#1628,0.00495);
#34=CIRCLE('',#1629,0.00105);
#35=CIRCLE('',#1630,0.00705);
#36=CIRCLE('',#1631,0.00105);
#37=CIRCLE('',#1633,0.00105);
#38=CIRCLE('',#1634,0.00105);
#39=CIRCLE('',#1635,0.00495);
#40=CIRCLE('',#1636,0.00105);
#41=CIRCLE('',#1637,0.00705);
#42=CIRCLE('',#1638,0.015);
#43=CIRCLE('',#1639,0.015);
#44=CIRCLE('',#1641,0.015);
#45=CIRCLE('',#1642,0.015);
#46=CIRCLE('',#1643,0.00105);
#47=CIRCLE('',#1644,0.00495);
#48=CIRCLE('',#1645,0.00105);
#49=CIRCLE('',#1646,0.00705);
#50=CIRCLE('',#1647,0.00105);
#51=CIRCLE('',#1654,0.002);
#52=CIRCLE('',#1656,0.002);
#53=CIRCLE('',#1657,0.001);
#54=CIRCLE('',#1658,0.0015);
#55=CIRCLE('',#1660,0.0015);
#56=CIRCLE('',#1677,0.002);
#57=CIRCLE('',#1678,0.002);
#58=CIRCLE('',#1688,0.015);
#59=CIRCLE('',#1690,0.015);
#60=CIRCLE('',#1706,0.002);
#61=CIRCLE('',#1707,0.002);
#62=CIRCLE('',#1708,0.001);
#63=CIRCLE('',#1709,0.001);
#64=CIRCLE('',#1710,0.002);
#65=CIRCLE('',#1711,0.002);
#66=CIRCLE('',#1715,0.002);
#67=CIRCLE('',#1716,0.002);
#68=CIRCLE('',#1717,0.002);
#69=CIRCLE('',#1718,0.002);
#70=CYLINDRICAL_SURFACE('',#1598,0.002);
#71=CYLINDRICAL_SURFACE('',#1602,0.0015);
#72=CYLINDRICAL_SURFACE('',#1653,0.002);
#73=CYLINDRICAL_SURFACE('',#1659,0.0015);
#74=CYLINDRICAL_SURFACE('',#1662,0.002);
#75=CYLINDRICAL_SURFACE('',#1666,0.00105);
#76=CYLINDRICAL_SURFACE('',#1667,0.00105);
#77=CYLINDRICAL_SURFACE('',#1668,0.00105);
#78=CYLINDRICAL_SURFACE('',#1669,0.00105);
#79=CYLINDRICAL_SURFACE('',#1670,0.00705);
#80=CYLINDRICAL_SURFACE('',#1671,0.00105);
#81=CYLINDRICAL_SURFACE('',#1672,0.00495);
#82=CYLINDRICAL_SURFACE('',#1673,0.00495);
#83=CYLINDRICAL_SURFACE('',#1674,0.00105);
#84=CYLINDRICAL_SURFACE('',#1675,0.00705);
#85=CYLINDRICAL_SURFACE('',#1676,0.002);
#86=CYLINDRICAL_SURFACE('',#1685,0.015);
#87=CYLINDRICAL_SURFACE('',#1686,0.015);
#88=CYLINDRICAL_SURFACE('',#1691,0.015);
#89=CYLINDRICAL_SURFACE('',#1692,0.015);
#90=CYLINDRICAL_SURFACE('',#1721,0.002);
#91=CYLINDRICAL_SURFACE('',#1722,0.002);
#92=CYLINDRICAL_SURFACE('',#1723,0.001);
#93=CYLINDRICAL_SURFACE('',#1724,0.001);
#94=ORIENTED_EDGE('',*,*,#550,.F.);
#95=ORIENTED_EDGE('',*,*,#551,.T.);
#96=ORIENTED_EDGE('',*,*,#552,.F.);
#97=ORIENTED_EDGE('',*,*,#553,.T.);
#98=ORIENTED_EDGE('',*,*,#554,.T.);
#99=ORIENTED_EDGE('',*,*,#555,.T.);
#100=ORIENTED_EDGE('',*,*,#556,.F.);
#101=ORIENTED_EDGE('',*,*,#557,.T.);
#102=ORIENTED_EDGE('',*,*,#558,.T.);
#103=ORIENTED_EDGE('',*,*,#559,.F.);
#104=ORIENTED_EDGE('',*,*,#560,.F.);
#105=ORIENTED_EDGE('',*,*,#561,.F.);
#106=ORIENTED_EDGE('',*,*,#562,.F.);
#107=ORIENTED_EDGE('',*,*,#563,.T.);
#108=ORIENTED_EDGE('',*,*,#564,.T.);
#109=ORIENTED_EDGE('',*,*,#565,.F.);
#110=ORIENTED_EDGE('',*,*,#566,.T.);
#111=ORIENTED_EDGE('',*,*,#567,.T.);
#112=ORIENTED_EDGE('',*,*,#568,.F.);
#113=ORIENTED_EDGE('',*,*,#569,.F.);
#114=ORIENTED_EDGE('',*,*,#570,.F.);
#115=ORIENTED_EDGE('',*,*,#571,.F.);
#116=ORIENTED_EDGE('',*,*,#572,.F.);
#117=ORIENTED_EDGE('',*,*,#573,.T.);
#118=ORIENTED_EDGE('',*,*,#574,.F.);
#119=ORIENTED_EDGE('',*,*,#575,.F.);
#120=ORIENTED_EDGE('',*,*,#576,.F.);
#121=ORIENTED_EDGE('',*,*,#577,.F.);
#122=ORIENTED_EDGE('',*,*,#578,.T.);
#123=ORIENTED_EDGE('',*,*,#579,.T.);
#124=ORIENTED_EDGE('',*,*,#574,.T.);
#125=ORIENTED_EDGE('',*,*,#580,.T.);
#126=ORIENTED_EDGE('',*,*,#581,.T.);
#127=ORIENTED_EDGE('',*,*,#582,.T.);
#128=ORIENTED_EDGE('',*,*,#583,.T.);
#129=ORIENTED_EDGE('',*,*,#584,.T.);
#130=ORIENTED_EDGE('',*,*,#585,.F.);
#131=ORIENTED_EDGE('',*,*,#586,.T.);
#132=ORIENTED_EDGE('',*,*,#587,.T.);
#133=ORIENTED_EDGE('',*,*,#571,.T.);
#134=ORIENTED_EDGE('',*,*,#588,.T.);
#135=ORIENTED_EDGE('',*,*,#589,.T.);
#136=ORIENTED_EDGE('',*,*,#590,.F.);
#137=ORIENTED_EDGE('',*,*,#591,.T.);
#138=ORIENTED_EDGE('',*,*,#592,.F.);
#139=ORIENTED_EDGE('',*,*,#593,.T.);
#140=ORIENTED_EDGE('',*,*,#594,.F.);
#141=ORIENTED_EDGE('',*,*,#595,.F.);
#142=ORIENTED_EDGE('',*,*,#596,.F.);
#143=ORIENTED_EDGE('',*,*,#597,.F.);
#144=ORIENTED_EDGE('',*,*,#598,.F.);
#145=ORIENTED_EDGE('',*,*,#599,.F.);
#146=ORIENTED_EDGE('',*,*,#565,.T.);
#147=ORIENTED_EDGE('',*,*,#600,.T.);
#148=ORIENTED_EDGE('',*,*,#601,.F.);
#149=ORIENTED_EDGE('',*,*,#602,.F.);
#150=ORIENTED_EDGE('',*,*,#603,.T.);
#151=ORIENTED_EDGE('',*,*,#604,.T.);
#152=ORIENTED_EDGE('',*,*,#583,.F.);
#153=ORIENTED_EDGE('',*,*,#570,.T.);
#154=ORIENTED_EDGE('',*,*,#605,.T.);
#155=ORIENTED_EDGE('',*,*,#606,.T.);
#156=ORIENTED_EDGE('',*,*,#561,.T.);
#157=ORIENTED_EDGE('',*,*,#607,.F.);
#158=ORIENTED_EDGE('',*,*,#608,.F.);
#159=ORIENTED_EDGE('',*,*,#609,.F.);
#160=ORIENTED_EDGE('',*,*,#575,.T.);
#161=ORIENTED_EDGE('',*,*,#610,.T.);
#162=ORIENTED_EDGE('',*,*,#611,.F.);
#163=ORIENTED_EDGE('',*,*,#612,.T.);
#164=ORIENTED_EDGE('',*,*,#613,.T.);
#165=ORIENTED_EDGE('',*,*,#614,.T.);
#166=ORIENTED_EDGE('',*,*,#615,.F.);
#167=ORIENTED_EDGE('',*,*,#616,.F.);
#168=ORIENTED_EDGE('',*,*,#607,.T.);
#169=ORIENTED_EDGE('',*,*,#560,.T.);
#170=ORIENTED_EDGE('',*,*,#617,.F.);
#171=ORIENTED_EDGE('',*,*,#618,.F.);
#172=ORIENTED_EDGE('',*,*,#619,.T.);
#173=ORIENTED_EDGE('',*,*,#620,.F.);
#174=ORIENTED_EDGE('',*,*,#621,.F.);
#175=ORIENTED_EDGE('',*,*,#622,.T.);
#176=ORIENTED_EDGE('',*,*,#623,.T.);
#177=ORIENTED_EDGE('',*,*,#624,.T.);
#178=ORIENTED_EDGE('',*,*,#605,.F.);
#179=ORIENTED_EDGE('',*,*,#569,.T.);
#180=ORIENTED_EDGE('',*,*,#625,.T.);
#181=ORIENTED_EDGE('',*,*,#626,.T.);
#182=ORIENTED_EDGE('',*,*,#627,.T.);
#183=ORIENTED_EDGE('',*,*,#628,.T.);
#184=ORIENTED_EDGE('',*,*,#629,.T.);
#185=ORIENTED_EDGE('',*,*,#630,.T.);
#186=ORIENTED_EDGE('',*,*,#631,.T.);
#187=ORIENTED_EDGE('',*,*,#632,.T.);
#188=ORIENTED_EDGE('',*,*,#633,.T.);
#189=ORIENTED_EDGE('',*,*,#634,.T.);
#190=ORIENTED_EDGE('',*,*,#635,.F.);
#191=ORIENTED_EDGE('',*,*,#636,.T.);
#192=ORIENTED_EDGE('',*,*,#637,.F.);
#193=ORIENTED_EDGE('',*,*,#638,.T.);
#194=ORIENTED_EDGE('',*,*,#639,.T.);
#195=ORIENTED_EDGE('',*,*,#640,.T.);
#196=ORIENTED_EDGE('',*,*,#641,.F.);
#197=ORIENTED_EDGE('',*,*,#642,.T.);
#198=ORIENTED_EDGE('',*,*,#643,.T.);
#199=ORIENTED_EDGE('',*,*,#644,.T.);
#200=ORIENTED_EDGE('',*,*,#645,.F.);
#201=ORIENTED_EDGE('',*,*,#646,.T.);
#202=ORIENTED_EDGE('',*,*,#647,.F.);
#203=ORIENTED_EDGE('',*,*,#648,.F.);
#204=ORIENTED_EDGE('',*,*,#649,.T.);
#205=ORIENTED_EDGE('',*,*,#650,.F.);
#206=ORIENTED_EDGE('',*,*,#651,.F.);
#207=ORIENTED_EDGE('',*,*,#652,.F.);
#208=ORIENTED_EDGE('',*,*,#653,.T.);
#209=ORIENTED_EDGE('',*,*,#654,.F.);
#210=ORIENTED_EDGE('',*,*,#655,.F.);
#211=ORIENTED_EDGE('',*,*,#656,.F.);
#212=ORIENTED_EDGE('',*,*,#657,.T.);
#213=ORIENTED_EDGE('',*,*,#658,.T.);
#214=ORIENTED_EDGE('',*,*,#659,.T.);
#215=ORIENTED_EDGE('',*,*,#660,.T.);
#216=ORIENTED_EDGE('',*,*,#661,.T.);
#217=ORIENTED_EDGE('',*,*,#662,.F.);
#218=ORIENTED_EDGE('',*,*,#663,.F.);
#219=ORIENTED_EDGE('',*,*,#664,.F.);
#220=ORIENTED_EDGE('',*,*,#665,.T.);
#221=ORIENTED_EDGE('',*,*,#666,.T.);
#222=ORIENTED_EDGE('',*,*,#667,.T.);
#223=ORIENTED_EDGE('',*,*,#668,.T.);
#224=ORIENTED_EDGE('',*,*,#669,.T.);
#225=ORIENTED_EDGE('',*,*,#670,.F.);
#226=ORIENTED_EDGE('',*,*,#671,.T.);
#227=ORIENTED_EDGE('',*,*,#550,.T.);
#228=ORIENTED_EDGE('',*,*,#558,.F.);
#229=ORIENTED_EDGE('',*,*,#672,.F.);
#230=ORIENTED_EDGE('',*,*,#673,.T.);
#231=ORIENTED_EDGE('',*,*,#674,.T.);
#232=ORIENTED_EDGE('',*,*,#675,.F.);
#233=ORIENTED_EDGE('',*,*,#676,.T.);
#234=ORIENTED_EDGE('',*,*,#677,.F.);
#235=ORIENTED_EDGE('',*,*,#576,.T.);
#236=ORIENTED_EDGE('',*,*,#609,.T.);
#237=ORIENTED_EDGE('',*,*,#678,.T.);
#238=ORIENTED_EDGE('',*,*,#679,.T.);
#239=ORIENTED_EDGE('',*,*,#680,.F.);
#240=ORIENTED_EDGE('',*,*,#681,.T.);
#241=ORIENTED_EDGE('',*,*,#682,.F.);
#242=ORIENTED_EDGE('',*,*,#683,.F.);
#243=ORIENTED_EDGE('',*,*,#684,.T.);
#244=ORIENTED_EDGE('',*,*,#685,.T.);
#245=ORIENTED_EDGE('',*,*,#686,.T.);
#246=ORIENTED_EDGE('',*,*,#687,.F.);
#247=ORIENTED_EDGE('',*,*,#688,.T.);
#248=ORIENTED_EDGE('',*,*,#689,.T.);
#249=ORIENTED_EDGE('',*,*,#690,.T.);
#250=ORIENTED_EDGE('',*,*,#691,.T.);
#251=ORIENTED_EDGE('',*,*,#692,.T.);
#252=ORIENTED_EDGE('',*,*,#656,.T.);
#253=ORIENTED_EDGE('',*,*,#555,.F.);
#254=ORIENTED_EDGE('',*,*,#662,.T.);
#255=ORIENTED_EDGE('',*,*,#693,.T.);
#256=ORIENTED_EDGE('',*,*,#694,.T.);
#257=ORIENTED_EDGE('',*,*,#695,.T.);
#258=ORIENTED_EDGE('',*,*,#696,.T.);
#259=ORIENTED_EDGE('',*,*,#697,.T.);
#260=ORIENTED_EDGE('',*,*,#691,.F.);
#261=ORIENTED_EDGE('',*,*,#554,.F.);
#262=ORIENTED_EDGE('',*,*,#698,.T.);
#263=ORIENTED_EDGE('',*,*,#699,.T.);
#264=ORIENTED_EDGE('',*,*,#694,.F.);
#265=ORIENTED_EDGE('',*,*,#700,.T.);
#266=ORIENTED_EDGE('',*,*,#685,.F.);
#267=ORIENTED_EDGE('',*,*,#701,.T.);
#268=ORIENTED_EDGE('',*,*,#611,.T.);
#269=ORIENTED_EDGE('',*,*,#559,.T.);
#270=ORIENTED_EDGE('',*,*,#615,.T.);
#271=ORIENTED_EDGE('',*,*,#702,.T.);
#272=ORIENTED_EDGE('',*,*,#679,.F.);
#273=ORIENTED_EDGE('',*,*,#703,.F.);
#274=ORIENTED_EDGE('',*,*,#704,.T.);
#275=ORIENTED_EDGE('',*,*,#705,.T.);
#276=ORIENTED_EDGE('',*,*,#633,.F.);
#277=ORIENTED_EDGE('',*,*,#706,.F.);
#278=ORIENTED_EDGE('',*,*,#552,.T.);
#279=ORIENTED_EDGE('',*,*,#707,.T.);
#280=ORIENTED_EDGE('',*,*,#590,.T.);
#281=ORIENTED_EDGE('',*,*,#708,.T.);
#282=ORIENTED_EDGE('',*,*,#709,.T.);
#283=ORIENTED_EDGE('',*,*,#664,.T.);
#284=ORIENTED_EDGE('',*,*,#710,.F.);
#285=ORIENTED_EDGE('',*,*,#698,.F.);
#286=ORIENTED_EDGE('',*,*,#553,.F.);
#287=ORIENTED_EDGE('',*,*,#706,.T.);
#288=ORIENTED_EDGE('',*,*,#639,.F.);
#289=ORIENTED_EDGE('',*,*,#711,.T.);
#290=ORIENTED_EDGE('',*,*,#712,.T.);
#291=ORIENTED_EDGE('',*,*,#713,.F.);
#292=ORIENTED_EDGE('',*,*,#665,.F.);
#293=ORIENTED_EDGE('',*,*,#709,.F.);
#294=ORIENTED_EDGE('',*,*,#581,.F.);
#295=ORIENTED_EDGE('',*,*,#624,.F.);
#296=ORIENTED_EDGE('',*,*,#714,.T.);
#297=ORIENTED_EDGE('',*,*,#715,.T.);
#298=ORIENTED_EDGE('',*,*,#556,.T.);
#299=ORIENTED_EDGE('',*,*,#606,.F.);
#300=ORIENTED_EDGE('',*,*,#710,.T.);
#301=ORIENTED_EDGE('',*,*,#663,.T.);
#302=ORIENTED_EDGE('',*,*,#695,.F.);
#303=ORIENTED_EDGE('',*,*,#699,.F.);
#304=ORIENTED_EDGE('',*,*,#635,.T.);
#305=ORIENTED_EDGE('',*,*,#716,.T.);
#306=ORIENTED_EDGE('',*,*,#668,.F.);
#307=ORIENTED_EDGE('',*,*,#717,.T.);
#308=ORIENTED_EDGE('',*,*,#675,.T.);
#309=ORIENTED_EDGE('',*,*,#718,.T.);
#310=ORIENTED_EDGE('',*,*,#622,.F.);
#311=ORIENTED_EDGE('',*,*,#719,.T.);
#312=ORIENTED_EDGE('',*,*,#690,.F.);
#313=ORIENTED_EDGE('',*,*,#720,.T.);
#314=ORIENTED_EDGE('',*,*,#620,.T.);
#315=ORIENTED_EDGE('',*,*,#721,.F.);
#316=ORIENTED_EDGE('',*,*,#617,.T.);
#317=ORIENTED_EDGE('',*,*,#686,.F.);
#318=ORIENTED_EDGE('',*,*,#644,.F.);
#319=ORIENTED_EDGE('',*,*,#722,.T.);
#320=ORIENTED_EDGE('',*,*,#654,.T.);
#321=ORIENTED_EDGE('',*,*,#723,.F.);
#322=ORIENTED_EDGE('',*,*,#651,.T.);
#323=ORIENTED_EDGE('',*,*,#640,.F.);
#324=ORIENTED_EDGE('',*,*,#724,.T.);
#325=ORIENTED_EDGE('',*,*,#621,.T.);
#326=ORIENTED_EDGE('',*,*,#720,.F.);
#327=ORIENTED_EDGE('',*,*,#689,.F.);
#328=ORIENTED_EDGE('',*,*,#725,.T.);
#329=ORIENTED_EDGE('',*,*,#618,.T.);
#330=ORIENTED_EDGE('',*,*,#724,.F.);
#331=ORIENTED_EDGE('',*,*,#688,.F.);
#332=ORIENTED_EDGE('',*,*,#687,.T.);
#333=ORIENTED_EDGE('',*,*,#721,.T.);
#334=ORIENTED_EDGE('',*,*,#619,.F.);
#335=ORIENTED_EDGE('',*,*,#725,.F.);
#336=ORIENTED_EDGE('',*,*,#641,.T.);
#337=ORIENTED_EDGE('',*,*,#723,.T.);
#338=ORIENTED_EDGE('',*,*,#653,.F.);
#339=ORIENTED_EDGE('',*,*,#726,.F.);
#340=ORIENTED_EDGE('',*,*,#726,.T.);
#341=ORIENTED_EDGE('',*,*,#652,.T.);
#342=ORIENTED_EDGE('',*,*,#727,.F.);
#343=ORIENTED_EDGE('',*,*,#642,.F.);
#344=ORIENTED_EDGE('',*,*,#727,.T.);
#345=ORIENTED_EDGE('',*,*,#655,.T.);
#346=ORIENTED_EDGE('',*,*,#722,.F.);
#347=ORIENTED_EDGE('',*,*,#643,.F.);
#348=ORIENTED_EDGE('',*,*,#728,.F.);
#349=ORIENTED_EDGE('',*,*,#729,.F.);
#350=ORIENTED_EDGE('',*,*,#591,.F.);
#351=ORIENTED_EDGE('',*,*,#707,.F.);
#352=ORIENTED_EDGE('',*,*,#638,.F.);
#353=ORIENTED_EDGE('',*,*,#730,.F.);
#354=ORIENTED_EDGE('',*,*,#731,.F.);
#355=ORIENTED_EDGE('',*,*,#732,.T.);
#356=ORIENTED_EDGE('',*,*,#733,.T.);
#357=ORIENTED_EDGE('',*,*,#603,.F.);
#358=ORIENTED_EDGE('',*,*,#678,.F.);
#359=ORIENTED_EDGE('',*,*,#608,.T.);
#360=ORIENTED_EDGE('',*,*,#616,.T.);
#361=ORIENTED_EDGE('',*,*,#703,.T.);
#362=ORIENTED_EDGE('',*,*,#637,.T.);
#363=ORIENTED_EDGE('',*,*,#734,.T.);
#364=ORIENTED_EDGE('',*,*,#666,.F.);
#365=ORIENTED_EDGE('',*,*,#713,.T.);
#366=ORIENTED_EDGE('',*,*,#735,.F.);
#367=ORIENTED_EDGE('',*,*,#677,.T.);
#368=ORIENTED_EDGE('',*,*,#736,.T.);
#369=ORIENTED_EDGE('',*,*,#625,.F.);
#370=ORIENTED_EDGE('',*,*,#737,.F.);
#371=ORIENTED_EDGE('',*,*,#577,.T.);
#372=ORIENTED_EDGE('',*,*,#568,.T.);
#373=ORIENTED_EDGE('',*,*,#738,.T.);
#374=ORIENTED_EDGE('',*,*,#737,.T.);
#375=ORIENTED_EDGE('',*,*,#730,.T.);
#376=ORIENTED_EDGE('',*,*,#735,.T.);
#377=ORIENTED_EDGE('',*,*,#739,.F.);
#378=ORIENTED_EDGE('',*,*,#676,.F.);
#379=ORIENTED_EDGE('',*,*,#719,.F.);
#380=ORIENTED_EDGE('',*,*,#626,.F.);
#381=ORIENTED_EDGE('',*,*,#736,.F.);
#382=ORIENTED_EDGE('',*,*,#636,.F.);
#383=ORIENTED_EDGE('',*,*,#717,.F.);
#384=ORIENTED_EDGE('',*,*,#667,.F.);
#385=ORIENTED_EDGE('',*,*,#734,.F.);
#386=ORIENTED_EDGE('',*,*,#715,.F.);
#387=ORIENTED_EDGE('',*,*,#740,.T.);
#388=ORIENTED_EDGE('',*,*,#741,.F.);
#389=ORIENTED_EDGE('',*,*,#742,.T.);
#390=ORIENTED_EDGE('',*,*,#704,.F.);
#391=ORIENTED_EDGE('',*,*,#743,.F.);
#392=ORIENTED_EDGE('',*,*,#744,.T.);
#393=ORIENTED_EDGE('',*,*,#745,.T.);
#394=ORIENTED_EDGE('',*,*,#745,.F.);
#395=ORIENTED_EDGE('',*,*,#746,.F.);
#396=ORIENTED_EDGE('',*,*,#669,.F.);
#397=ORIENTED_EDGE('',*,*,#716,.F.);
#398=ORIENTED_EDGE('',*,*,#634,.F.);
#399=ORIENTED_EDGE('',*,*,#705,.F.);
#400=ORIENTED_EDGE('',*,*,#623,.F.);
#401=ORIENTED_EDGE('',*,*,#718,.F.);
#402=ORIENTED_EDGE('',*,*,#674,.F.);
#403=ORIENTED_EDGE('',*,*,#747,.F.);
#404=ORIENTED_EDGE('',*,*,#740,.F.);
#405=ORIENTED_EDGE('',*,*,#714,.F.);
#406=ORIENTED_EDGE('',*,*,#632,.F.);
#407=ORIENTED_EDGE('',*,*,#748,.T.);
#408=ORIENTED_EDGE('',*,*,#680,.T.);
#409=ORIENTED_EDGE('',*,*,#702,.F.);
#410=ORIENTED_EDGE('',*,*,#614,.F.);
#411=ORIENTED_EDGE('',*,*,#749,.T.);
#412=ORIENTED_EDGE('',*,*,#629,.F.);
#413=ORIENTED_EDGE('',*,*,#750,.T.);
#414=ORIENTED_EDGE('',*,*,#683,.T.);
#415=ORIENTED_EDGE('',*,*,#751,.T.);
#416=ORIENTED_EDGE('',*,*,#682,.T.);
#417=ORIENTED_EDGE('',*,*,#752,.T.);
#418=ORIENTED_EDGE('',*,*,#630,.F.);
#419=ORIENTED_EDGE('',*,*,#751,.F.);
#420=ORIENTED_EDGE('',*,*,#613,.F.);
#421=ORIENTED_EDGE('',*,*,#753,.T.);
#422=ORIENTED_EDGE('',*,*,#627,.F.);
#423=ORIENTED_EDGE('',*,*,#749,.F.);
#424=ORIENTED_EDGE('',*,*,#650,.T.);
#425=ORIENTED_EDGE('',*,*,#754,.T.);
#426=ORIENTED_EDGE('',*,*,#659,.F.);
#427=ORIENTED_EDGE('',*,*,#755,.F.);
#428=ORIENTED_EDGE('',*,*,#647,.T.);
#429=ORIENTED_EDGE('',*,*,#756,.T.);
#430=ORIENTED_EDGE('',*,*,#696,.F.);
#431=ORIENTED_EDGE('',*,*,#757,.F.);
#432=ORIENTED_EDGE('',*,*,#658,.F.);
#433=ORIENTED_EDGE('',*,*,#758,.T.);
#434=ORIENTED_EDGE('',*,*,#645,.T.);
#435=ORIENTED_EDGE('',*,*,#755,.T.);
#436=ORIENTED_EDGE('',*,*,#661,.F.);
#437=ORIENTED_EDGE('',*,*,#759,.T.);
#438=ORIENTED_EDGE('',*,*,#648,.T.);
#439=ORIENTED_EDGE('',*,*,#757,.T.);
#440=ORIENTED_EDGE('',*,*,#700,.F.);
#441=ORIENTED_EDGE('',*,*,#693,.F.);
#442=ORIENTED_EDGE('',*,*,#684,.F.);
#443=ORIENTED_EDGE('',*,*,#750,.F.);
#444=ORIENTED_EDGE('',*,*,#628,.F.);
#445=ORIENTED_EDGE('',*,*,#753,.F.);
#446=ORIENTED_EDGE('',*,*,#612,.F.);
#447=ORIENTED_EDGE('',*,*,#701,.F.);
#448=ORIENTED_EDGE('',*,*,#646,.F.);
#449=ORIENTED_EDGE('',*,*,#758,.F.);
#450=ORIENTED_EDGE('',*,*,#657,.F.);
#451=ORIENTED_EDGE('',*,*,#692,.F.);
#452=ORIENTED_EDGE('',*,*,#697,.F.);
#453=ORIENTED_EDGE('',*,*,#756,.F.);
#454=ORIENTED_EDGE('',*,*,#681,.F.);
#455=ORIENTED_EDGE('',*,*,#748,.F.);
#456=ORIENTED_EDGE('',*,*,#631,.F.);
#457=ORIENTED_EDGE('',*,*,#752,.F.);
#458=ORIENTED_EDGE('',*,*,#649,.F.);
#459=ORIENTED_EDGE('',*,*,#759,.F.);
#460=ORIENTED_EDGE('',*,*,#660,.F.);
#461=ORIENTED_EDGE('',*,*,#754,.F.);
#462=ORIENTED_EDGE('',*,*,#733,.F.);
#463=ORIENTED_EDGE('',*,*,#760,.T.);
#464=ORIENTED_EDGE('',*,*,#761,.T.);
#465=ORIENTED_EDGE('',*,*,#585,.T.);
#466=ORIENTED_EDGE('',*,*,#762,.T.);
#467=ORIENTED_EDGE('',*,*,#578,.F.);
#468=ORIENTED_EDGE('',*,*,#763,.T.);
#469=ORIENTED_EDGE('',*,*,#588,.F.);
#470=ORIENTED_EDGE('',*,*,#764,.T.);
#471=ORIENTED_EDGE('',*,*,#765,.T.);
#472=ORIENTED_EDGE('',*,*,#562,.T.);
#473=ORIENTED_EDGE('',*,*,#599,.T.);
#474=ORIENTED_EDGE('',*,*,#766,.T.);
#475=ORIENTED_EDGE('',*,*,#597,.T.);
#476=ORIENTED_EDGE('',*,*,#767,.F.);
#477=ORIENTED_EDGE('',*,*,#604,.F.);
#478=ORIENTED_EDGE('',*,*,#739,.T.);
#479=ORIENTED_EDGE('',*,*,#712,.F.);
#480=ORIENTED_EDGE('',*,*,#768,.F.);
#481=ORIENTED_EDGE('',*,*,#728,.T.);
#482=ORIENTED_EDGE('',*,*,#567,.F.);
#483=ORIENTED_EDGE('',*,*,#769,.T.);
#484=ORIENTED_EDGE('',*,*,#572,.T.);
#485=ORIENTED_EDGE('',*,*,#738,.F.);
#486=ORIENTED_EDGE('',*,*,#770,.T.);
#487=ORIENTED_EDGE('',*,*,#771,.T.);
#488=ORIENTED_EDGE('',*,*,#731,.T.);
#489=ORIENTED_EDGE('',*,*,#602,.T.);
#490=ORIENTED_EDGE('',*,*,#772,.T.);
#491=ORIENTED_EDGE('',*,*,#595,.T.);
#492=ORIENTED_EDGE('',*,*,#773,.F.);
#493=ORIENTED_EDGE('',*,*,#600,.F.);
#494=ORIENTED_EDGE('',*,*,#564,.F.);
#495=ORIENTED_EDGE('',*,*,#774,.T.);
#496=ORIENTED_EDGE('',*,*,#775,.T.);
#497=ORIENTED_EDGE('',*,*,#592,.T.);
#498=ORIENTED_EDGE('',*,*,#729,.T.);
#499=ORIENTED_EDGE('',*,*,#768,.T.);
#500=ORIENTED_EDGE('',*,*,#711,.F.);
#501=ORIENTED_EDGE('',*,*,#580,.F.);
#502=ORIENTED_EDGE('',*,*,#573,.F.);
#503=ORIENTED_EDGE('',*,*,#769,.F.);
#504=ORIENTED_EDGE('',*,*,#566,.F.);
#505=ORIENTED_EDGE('',*,*,#587,.F.);
#506=ORIENTED_EDGE('',*,*,#596,.T.);
#507=ORIENTED_EDGE('',*,*,#772,.F.);
#508=ORIENTED_EDGE('',*,*,#601,.T.);
#509=ORIENTED_EDGE('',*,*,#767,.T.);
#510=ORIENTED_EDGE('',*,*,#598,.T.);
#511=ORIENTED_EDGE('',*,*,#773,.T.);
#512=ORIENTED_EDGE('',*,*,#594,.T.);
#513=ORIENTED_EDGE('',*,*,#766,.F.);
#514=ORIENTED_EDGE('',*,*,#770,.F.);
#515=ORIENTED_EDGE('',*,*,#586,.F.);
#516=ORIENTED_EDGE('',*,*,#761,.F.);
#517=ORIENTED_EDGE('',*,*,#760,.F.);
#518=ORIENTED_EDGE('',*,*,#732,.F.);
#519=ORIENTED_EDGE('',*,*,#771,.F.);
#520=ORIENTED_EDGE('',*,*,#764,.F.);
#521=ORIENTED_EDGE('',*,*,#593,.F.);
#522=ORIENTED_EDGE('',*,*,#775,.F.);
#523=ORIENTED_EDGE('',*,*,#774,.F.);
#524=ORIENTED_EDGE('',*,*,#563,.F.);
#525=ORIENTED_EDGE('',*,*,#765,.F.);
#526=ORIENTED_EDGE('',*,*,#762,.F.);
#527=ORIENTED_EDGE('',*,*,#584,.F.);
#528=ORIENTED_EDGE('',*,*,#610,.F.);
#529=ORIENTED_EDGE('',*,*,#579,.F.);
#530=ORIENTED_EDGE('',*,*,#763,.F.);
#531=ORIENTED_EDGE('',*,*,#582,.F.);
#532=ORIENTED_EDGE('',*,*,#708,.F.);
#533=ORIENTED_EDGE('',*,*,#589,.F.);
#534=ORIENTED_EDGE('',*,*,#747,.T.);
#535=ORIENTED_EDGE('',*,*,#673,.F.);
#536=ORIENTED_EDGE('',*,*,#776,.F.);
#537=ORIENTED_EDGE('',*,*,#741,.T.);
#538=ORIENTED_EDGE('',*,*,#742,.F.);
#539=ORIENTED_EDGE('',*,*,#776,.T.);
#540=ORIENTED_EDGE('',*,*,#672,.T.);
#541=ORIENTED_EDGE('',*,*,#557,.F.);
#542=ORIENTED_EDGE('',*,*,#746,.T.);
#543=ORIENTED_EDGE('',*,*,#744,.F.);
#544=ORIENTED_EDGE('',*,*,#777,.F.);
#545=ORIENTED_EDGE('',*,*,#670,.T.);
#546=ORIENTED_EDGE('',*,*,#671,.F.);
#547=ORIENTED_EDGE('',*,*,#777,.T.);
#548=ORIENTED_EDGE('',*,*,#743,.T.);
#549=ORIENTED_EDGE('',*,*,#551,.F.);
#550=EDGE_CURVE('',#778,#779,#930,.T.);
#551=EDGE_CURVE('',#778,#780,#931,.T.);
#552=EDGE_CURVE('',#781,#780,#932,.F.);
#553=EDGE_CURVE('',#781,#782,#933,.T.);
#554=EDGE_CURVE('',#782,#783,#934,.T.);
#555=EDGE_CURVE('',#783,#779,#935,.T.);
#556=EDGE_CURVE('',#784,#785,#936,.F.);
#557=EDGE_CURVE('',#784,#786,#937,.T.);
#558=EDGE_CURVE('',#786,#787,#938,.T.);
#559=EDGE_CURVE('',#788,#787,#939,.T.);
#560=EDGE_CURVE('',#789,#788,#940,.T.);
#561=EDGE_CURVE('',#785,#789,#941,.T.);
#562=EDGE_CURVE('',#790,#791,#942,.T.);
#563=EDGE_CURVE('',#790,#792,#943,.T.);
#564=EDGE_CURVE('',#792,#793,#944,.T.);
#565=EDGE_CURVE('',#791,#793,#945,.T.);
#566=EDGE_CURVE('',#794,#795,#16,.F.);
#567=EDGE_CURVE('',#795,#796,#946,.T.);
#568=EDGE_CURVE('',#797,#796,#17,.F.);
#569=EDGE_CURVE('',#798,#797,#947,.F.);
#570=EDGE_CURVE('',#799,#798,#18,.F.);
#571=EDGE_CURVE('',#794,#799,#948,.T.);
#572=EDGE_CURVE('',#800,#801,#949,.T.);
#573=EDGE_CURVE('',#800,#802,#19,.F.);
#574=EDGE_CURVE('',#803,#802,#950,.F.);
#575=EDGE_CURVE('',#804,#803,#20,.T.);
#576=EDGE_CURVE('',#805,#804,#951,.T.);
#577=EDGE_CURVE('',#801,#805,#14,.F.);
#578=EDGE_CURVE('',#806,#807,#952,.T.);
#579=EDGE_CURVE('',#807,#803,#953,.T.);
#580=EDGE_CURVE('',#802,#808,#954,.T.);
#581=EDGE_CURVE('',#808,#809,#955,.T.);
#582=EDGE_CURVE('',#809,#806,#956,.F.);
#583=EDGE_CURVE('',#799,#810,#957,.T.);
#584=EDGE_CURVE('',#810,#811,#958,.F.);
#585=EDGE_CURVE('',#812,#811,#959,.T.);
#586=EDGE_CURVE('',#812,#813,#960,.F.);
#587=EDGE_CURVE('',#813,#794,#961,.T.);
#588=EDGE_CURVE('',#814,#815,#962,.T.);
#589=EDGE_CURVE('',#815,#816,#963,.T.);
#590=EDGE_CURVE('',#817,#816,#964,.T.);
#591=EDGE_CURVE('',#817,#818,#965,.F.);
#592=EDGE_CURVE('',#819,#818,#966,.T.);
#593=EDGE_CURVE('',#819,#814,#967,.F.);
#594=EDGE_CURVE('',#820,#821,#968,.T.);
#595=EDGE_CURVE('',#822,#820,#969,.T.);
#596=EDGE_CURVE('',#823,#822,#970,.F.);
#597=EDGE_CURVE('',#821,#823,#971,.T.);
#598=EDGE_CURVE('',#824,#825,#972,.T.);
#599=EDGE_CURVE('',#791,#824,#973,.T.);
#600=EDGE_CURVE('',#793,#825,#974,.T.);
#601=EDGE_CURVE('',#826,#827,#975,.T.);
#602=EDGE_CURVE('',#828,#826,#976,.T.);
#603=EDGE_CURVE('',#828,#829,#977,.T.);
#604=EDGE_CURVE('',#829,#827,#978,.T.);
#605=EDGE_CURVE('',#798,#830,#979,.T.);
#606=EDGE_CURVE('',#830,#785,#21,.F.);
#607=EDGE_CURVE('',#831,#789,#980,.T.);
#608=EDGE_CURVE('',#832,#831,#981,.T.);
#609=EDGE_CURVE('',#804,#832,#982,.T.);
#610=EDGE_CURVE('',#803,#810,#22,.T.);
#611=EDGE_CURVE('',#833,#788,#983,.T.);
#612=EDGE_CURVE('',#833,#834,#984,.F.);
#613=EDGE_CURVE('',#834,#835,#985,.T.);
#614=EDGE_CURVE('',#835,#836,#986,.T.);
#615=EDGE_CURVE('',#837,#836,#987,.T.);
#616=EDGE_CURVE('',#831,#837,#988,.T.);
#617=EDGE_CURVE('',#838,#838,#23,.T.);
#618=EDGE_CURVE('',#839,#840,#24,.T.);
#619=EDGE_CURVE('',#839,#841,#25,.T.);
#620=EDGE_CURVE('',#842,#841,#26,.T.);
#621=EDGE_CURVE('',#840,#842,#27,.T.);
#622=EDGE_CURVE('',#843,#844,#989,.T.);
#623=EDGE_CURVE('',#844,#845,#28,.T.);
#624=EDGE_CURVE('',#845,#830,#990,.T.);
#625=EDGE_CURVE('',#797,#846,#991,.T.);
#626=EDGE_CURVE('',#846,#843,#29,.T.);
#627=EDGE_CURVE('',#847,#848,#992,.T.);
#628=EDGE_CURVE('',#848,#849,#993,.F.);
#629=EDGE_CURVE('',#849,#850,#994,.T.);
#630=EDGE_CURVE('',#850,#851,#995,.T.);
#631=EDGE_CURVE('',#851,#852,#996,.F.);
#632=EDGE_CURVE('',#852,#847,#997,.T.);
#633=EDGE_CURVE('',#853,#854,#998,.F.);
#634=EDGE_CURVE('',#854,#855,#30,.F.);
#635=EDGE_CURVE('',#856,#855,#999,.T.);
#636=EDGE_CURVE('',#856,#857,#31,.F.);
#637=EDGE_CURVE('',#858,#857,#1000,.T.);
#638=EDGE_CURVE('',#858,#859,#1001,.T.);
#639=EDGE_CURVE('',#859,#853,#1002,.T.);
#640=EDGE_CURVE('',#860,#860,#32,.T.);
#641=EDGE_CURVE('',#861,#862,#33,.T.);
#642=EDGE_CURVE('',#861,#863,#34,.T.);
#643=EDGE_CURVE('',#863,#864,#35,.T.);
#644=EDGE_CURVE('',#864,#862,#36,.T.);
#645=EDGE_CURVE('',#865,#866,#1003,.T.);
#646=EDGE_CURVE('',#865,#867,#1004,.F.);
#647=EDGE_CURVE('',#868,#867,#1005,.T.);
#648=EDGE_CURVE('',#869,#868,#1006,.T.);
#649=EDGE_CURVE('',#869,#870,#1007,.F.);
#650=EDGE_CURVE('',#866,#870,#1008,.T.);
#651=EDGE_CURVE('',#871,#871,#37,.T.);
#652=EDGE_CURVE('',#872,#873,#38,.T.);
#653=EDGE_CURVE('',#872,#874,#39,.T.);
#654=EDGE_CURVE('',#875,#874,#40,.T.);
#655=EDGE_CURVE('',#873,#875,#41,.T.);
#656=EDGE_CURVE('',#876,#779,#1009,.T.);
#657=EDGE_CURVE('',#876,#877,#1010,.F.);
#658=EDGE_CURVE('',#877,#878,#1011,.T.);
#659=EDGE_CURVE('',#878,#879,#1012,.T.);
#660=EDGE_CURVE('',#879,#880,#1013,.F.);
#661=EDGE_CURVE('',#880,#881,#1014,.T.);
#662=EDGE_CURVE('',#882,#881,#1015,.T.);
#663=EDGE_CURVE('',#883,#882,#1016,.T.);
#664=EDGE_CURVE('',#884,#883,#1017,.T.);
#665=EDGE_CURVE('',#884,#885,#1018,.F.);
#666=EDGE_CURVE('',#885,#886,#1019,.T.);
#667=EDGE_CURVE('',#886,#887,#42,.T.);
#668=EDGE_CURVE('',#887,#888,#1020,.T.);
#669=EDGE_CURVE('',#888,#889,#43,.T.);
#670=EDGE_CURVE('',#890,#889,#1021,.T.);
#671=EDGE_CURVE('',#890,#778,#1022,.T.);
#672=EDGE_CURVE('',#891,#786,#1023,.T.);
#673=EDGE_CURVE('',#891,#892,#1024,.T.);
#674=EDGE_CURVE('',#892,#893,#44,.F.);
#675=EDGE_CURVE('',#894,#893,#1025,.T.);
#676=EDGE_CURVE('',#894,#895,#45,.F.);
#677=EDGE_CURVE('',#805,#895,#1026,.T.);
#678=EDGE_CURVE('',#832,#896,#1027,.T.);
#679=EDGE_CURVE('',#896,#897,#1028,.T.);
#680=EDGE_CURVE('',#898,#897,#1029,.T.);
#681=EDGE_CURVE('',#898,#899,#1030,.F.);
#682=EDGE_CURVE('',#900,#899,#1031,.T.);
#683=EDGE_CURVE('',#901,#900,#1032,.T.);
#684=EDGE_CURVE('',#901,#902,#1033,.F.);
#685=EDGE_CURVE('',#902,#787,#1034,.T.);
#686=EDGE_CURVE('',#903,#903,#46,.T.);
#687=EDGE_CURVE('',#904,#905,#47,.T.);
#688=EDGE_CURVE('',#904,#906,#48,.T.);
#689=EDGE_CURVE('',#906,#907,#49,.T.);
#690=EDGE_CURVE('',#907,#905,#50,.T.);
#691=EDGE_CURVE('',#783,#908,#1035,.T.);
#692=EDGE_CURVE('',#908,#876,#1036,.F.);
#693=EDGE_CURVE('',#881,#909,#1037,.T.);
#694=EDGE_CURVE('',#909,#910,#1038,.T.);
#695=EDGE_CURVE('',#910,#882,#1039,.T.);
#696=EDGE_CURVE('',#911,#912,#1040,.T.);
#697=EDGE_CURVE('',#912,#908,#1041,.F.);
#698=EDGE_CURVE('',#782,#913,#1042,.T.);
#699=EDGE_CURVE('',#913,#910,#1043,.T.);
#700=EDGE_CURVE('',#909,#911,#1044,.T.);
#701=EDGE_CURVE('',#902,#833,#1045,.F.);
#702=EDGE_CURVE('',#836,#897,#1046,.T.);
#703=EDGE_CURVE('',#837,#896,#1047,.T.);
#704=EDGE_CURVE('',#780,#914,#1048,.F.);
#705=EDGE_CURVE('',#914,#854,#12,.T.);
#706=EDGE_CURVE('',#781,#853,#51,.F.);
#707=EDGE_CURVE('',#859,#817,#52,.F.);
#708=EDGE_CURVE('',#816,#809,#53,.T.);
#709=EDGE_CURVE('',#809,#884,#54,.T.);
#710=EDGE_CURVE('',#913,#883,#1049,.T.);
#711=EDGE_CURVE('',#808,#915,#55,.F.);
#712=EDGE_CURVE('',#915,#916,#1050,.T.);
#713=EDGE_CURVE('',#885,#916,#15,.F.);
#714=EDGE_CURVE('',#845,#917,#13,.T.);
#715=EDGE_CURVE('',#917,#784,#1051,.F.);
#716=EDGE_CURVE('',#855,#888,#1052,.T.);
#717=EDGE_CURVE('',#887,#856,#1053,.F.);
#718=EDGE_CURVE('',#893,#844,#1054,.F.);
#719=EDGE_CURVE('',#843,#894,#1055,.F.);
#720=EDGE_CURVE('',#907,#842,#1056,.T.);
#721=EDGE_CURVE('',#905,#841,#1057,.T.);
#722=EDGE_CURVE('',#864,#875,#1058,.T.);
#723=EDGE_CURVE('',#862,#874,#1059,.T.);
#724=EDGE_CURVE('',#906,#840,#1060,.T.);
#725=EDGE_CURVE('',#904,#839,#1061,.T.);
#726=EDGE_CURVE('',#861,#872,#1062,.T.);
#727=EDGE_CURVE('',#863,#873,#1063,.T.);
#728=EDGE_CURVE('',#918,#919,#1064,.T.);
#729=EDGE_CURVE('',#818,#918,#56,.F.);
#730=EDGE_CURVE('',#919,#858,#57,.F.);
#731=EDGE_CURVE('',#920,#828,#1065,.T.);
#732=EDGE_CURVE('',#920,#921,#1066,.T.);
#733=EDGE_CURVE('',#921,#829,#1067,.T.);
#734=EDGE_CURVE('',#857,#886,#1068,.T.);
#735=EDGE_CURVE('',#858,#916,#1069,.T.);
#736=EDGE_CURVE('',#895,#846,#1070,.T.);
#737=EDGE_CURVE('',#801,#797,#1071,.T.);
#738=EDGE_CURVE('',#796,#801,#1072,.T.);
#739=EDGE_CURVE('',#919,#916,#1073,.T.);
#740=EDGE_CURVE('',#917,#922,#58,.T.);
#741=EDGE_CURVE('',#923,#922,#1074,.T.);
#742=EDGE_CURVE('',#923,#784,#1075,.T.);
#743=EDGE_CURVE('',#924,#780,#1076,.T.);
#744=EDGE_CURVE('',#924,#925,#1077,.T.);
#745=EDGE_CURVE('',#925,#914,#59,.T.);
#746=EDGE_CURVE('',#889,#925,#1078,.F.);
#747=EDGE_CURVE('',#922,#892,#1079,.T.);
#748=EDGE_CURVE('',#852,#898,#1080,.T.);
#749=EDGE_CURVE('',#835,#847,#1081,.T.);
#750=EDGE_CURVE('',#849,#901,#1082,.T.);
#751=EDGE_CURVE('',#900,#850,#1083,.T.);
#752=EDGE_CURVE('',#899,#851,#1084,.T.);
#753=EDGE_CURVE('',#834,#848,#1085,.T.);
#754=EDGE_CURVE('',#870,#879,#1086,.T.);
#755=EDGE_CURVE('',#866,#878,#1087,.T.);
#756=EDGE_CURVE('',#867,#912,#1088,.T.);
#757=EDGE_CURVE('',#868,#911,#1089,.T.);
#758=EDGE_CURVE('',#877,#865,#1090,.T.);
#759=EDGE_CURVE('',#880,#869,#1091,.T.);
#760=EDGE_CURVE('',#921,#926,#60,.T.);
#761=EDGE_CURVE('',#926,#812,#61,.T.);
#762=EDGE_CURVE('',#811,#807,#62,.T.);
#763=EDGE_CURVE('',#806,#815,#63,.T.);
#764=EDGE_CURVE('',#814,#927,#64,.T.);
#765=EDGE_CURVE('',#927,#790,#65,.T.);
#766=EDGE_CURVE('',#824,#821,#1092,.T.);
#767=EDGE_CURVE('',#827,#823,#1093,.T.);
#768=EDGE_CURVE('',#918,#915,#1094,.T.);
#769=EDGE_CURVE('',#795,#800,#1095,.T.);
#770=EDGE_CURVE('',#813,#928,#66,.T.);
#771=EDGE_CURVE('',#928,#920,#67,.T.);
#772=EDGE_CURVE('',#826,#822,#1096,.T.);
#773=EDGE_CURVE('',#825,#820,#1097,.T.);
#774=EDGE_CURVE('',#792,#929,#68,.T.);
#775=EDGE_CURVE('',#929,#819,#69,.T.);
#776=EDGE_CURVE('',#923,#891,#1098,.T.);
#777=EDGE_CURVE('',#890,#924,#1099,.F.);
#778=VERTEX_POINT('',#2172);
#779=VERTEX_POINT('',#2173);
#780=VERTEX_POINT('',#2175);
#781=VERTEX_POINT('',#2177);
#782=VERTEX_POINT('',#2179);
#783=VERTEX_POINT('',#2181);
#784=VERTEX_POINT('',#2185);
#785=VERTEX_POINT('',#2186);
#786=VERTEX_POINT('',#2188);
#787=VERTEX_POINT('',#2190);
#788=VERTEX_POINT('',#2192);
#789=VERTEX_POINT('',#2194);
#790=VERTEX_POINT('',#2198);
#791=VERTEX_POINT('',#2199);
#792=VERTEX_POINT('',#2201);
#793=VERTEX_POINT('',#2203);
#794=VERTEX_POINT('',#2207);
#795=VERTEX_POINT('',#2208);
#796=VERTEX_POINT('',#2210);
#797=VERTEX_POINT('',#2212);
#798=VERTEX_POINT('',#2214);
#799=VERTEX_POINT('',#2216);
#800=VERTEX_POINT('',#2220);
#801=VERTEX_POINT('',#2221);
#802=VERTEX_POINT('',#2223);
#803=VERTEX_POINT('',#2225);
#804=VERTEX_POINT('',#2227);
#805=VERTEX_POINT('',#2229);
#806=VERTEX_POINT('',#2233);
#807=VERTEX_POINT('',#2234);
#808=VERTEX_POINT('',#2237);
#809=VERTEX_POINT('',#2239);
#810=VERTEX_POINT('',#2243);
#811=VERTEX_POINT('',#2245);
#812=VERTEX_POINT('',#2247);
#813=VERTEX_POINT('',#2249);
#814=VERTEX_POINT('',#2253);
#815=VERTEX_POINT('',#2254);
#816=VERTEX_POINT('',#2256);
#817=VERTEX_POINT('',#2258);
#818=VERTEX_POINT('',#2260);
#819=VERTEX_POINT('',#2262);
#820=VERTEX_POINT('',#2266);
#821=VERTEX_POINT('',#2267);
#822=VERTEX_POINT('',#2269);
#823=VERTEX_POINT('',#2271);
#824=VERTEX_POINT('',#2275);
#825=VERTEX_POINT('',#2276);
#826=VERTEX_POINT('',#2281);
#827=VERTEX_POINT('',#2282);
#828=VERTEX_POINT('',#2284);
#829=VERTEX_POINT('',#2286);
#830=VERTEX_POINT('',#2290);
#831=VERTEX_POINT('',#2293);
#832=VERTEX_POINT('',#2295);
#833=VERTEX_POINT('',#2300);
#834=VERTEX_POINT('',#2302);
#835=VERTEX_POINT('',#2304);
#836=VERTEX_POINT('',#2306);
#837=VERTEX_POINT('',#2308);
#838=VERTEX_POINT('',#2312);
#839=VERTEX_POINT('',#2314);
#840=VERTEX_POINT('',#2315);
#841=VERTEX_POINT('',#2317);
#842=VERTEX_POINT('',#2319);
#843=VERTEX_POINT('',#2322);
#844=VERTEX_POINT('',#2323);
#845=VERTEX_POINT('',#2325);
#846=VERTEX_POINT('',#2328);
#847=VERTEX_POINT('',#2331);
#848=VERTEX_POINT('',#2332);
#849=VERTEX_POINT('',#2334);
#850=VERTEX_POINT('',#2336);
#851=VERTEX_POINT('',#2338);
#852=VERTEX_POINT('',#2340);
#853=VERTEX_POINT('',#2344);
#854=VERTEX_POINT('',#2345);
#855=VERTEX_POINT('',#2347);
#856=VERTEX_POINT('',#2349);
#857=VERTEX_POINT('',#2351);
#858=VERTEX_POINT('',#2353);
#859=VERTEX_POINT('',#2355);
#860=VERTEX_POINT('',#2358);
#861=VERTEX_POINT('',#2360);
#862=VERTEX_POINT('',#2361);
#863=VERTEX_POINT('',#2363);
#864=VERTEX_POINT('',#2365);
#865=VERTEX_POINT('',#2368);
#866=VERTEX_POINT('',#2369);
#867=VERTEX_POINT('',#2371);
#868=VERTEX_POINT('',#2373);
#869=VERTEX_POINT('',#2375);
#870=VERTEX_POINT('',#2377);
#871=VERTEX_POINT('',#2381);
#872=VERTEX_POINT('',#2383);
#873=VERTEX_POINT('',#2384);
#874=VERTEX_POINT('',#2386);
#875=VERTEX_POINT('',#2388);
#876=VERTEX_POINT('',#2391);
#877=VERTEX_POINT('',#2393);
#878=VERTEX_POINT('',#2395);
#879=VERTEX_POINT('',#2397);
#880=VERTEX_POINT('',#2399);
#881=VERTEX_POINT('',#2401);
#882=VERTEX_POINT('',#2403);
#883=VERTEX_POINT('',#2405);
#884=VERTEX_POINT('',#2407);
#885=VERTEX_POINT('',#2409);
#886=VERTEX_POINT('',#2411);
#887=VERTEX_POINT('',#2413);
#888=VERTEX_POINT('',#2415);
#889=VERTEX_POINT('',#2417);
#890=VERTEX_POINT('',#2419);
#891=VERTEX_POINT('',#2423);
#892=VERTEX_POINT('',#2425);
#893=VERTEX_POINT('',#2427);
#894=VERTEX_POINT('',#2429);
#895=VERTEX_POINT('',#2431);
#896=VERTEX_POINT('',#2434);
#897=VERTEX_POINT('',#2436);
#898=VERTEX_POINT('',#2438);
#899=VERTEX_POINT('',#2440);
#900=VERTEX_POINT('',#2442);
#901=VERTEX_POINT('',#2444);
#902=VERTEX_POINT('',#2446);
#903=VERTEX_POINT('',#2449);
#904=VERTEX_POINT('',#2451);
#905=VERTEX_POINT('',#2452);
#906=VERTEX_POINT('',#2454);
#907=VERTEX_POINT('',#2456);
#908=VERTEX_POINT('',#2460);
#909=VERTEX_POINT('',#2464);
#910=VERTEX_POINT('',#2466);
#911=VERTEX_POINT('',#2470);
#912=VERTEX_POINT('',#2471);
#913=VERTEX_POINT('',#2474);
#914=VERTEX_POINT('',#2484);
#915=VERTEX_POINT('',#2497);
#916=VERTEX_POINT('',#2499);
#917=VERTEX_POINT('',#2506);
#918=VERTEX_POINT('',#2535);
#919=VERTEX_POINT('',#2536);
#920=VERTEX_POINT('',#2541);
#921=VERTEX_POINT('',#2543);
#922=VERTEX_POINT('',#2560);
#923=VERTEX_POINT('',#2562);
#924=VERTEX_POINT('',#2566);
#925=VERTEX_POINT('',#2568);
#926=VERTEX_POINT('',#2600);
#927=VERTEX_POINT('',#2605);
#928=VERTEX_POINT('',#2615);
#929=VERTEX_POINT('',#2620);
#930=LINE('',#2171,#1100);
#931=LINE('',#2174,#1101);
#932=LINE('',#2176,#1102);
#933=LINE('',#2178,#1103);
#934=LINE('',#2180,#1104);
#935=LINE('',#2182,#1105);
#936=LINE('',#2184,#1106);
#937=LINE('',#2187,#1107);
#938=LINE('',#2189,#1108);
#939=LINE('',#2191,#1109);
#940=LINE('',#2193,#1110);
#941=LINE('',#2195,#1111);
#942=LINE('',#2197,#1112);
#943=LINE('',#2200,#1113);
#944=LINE('',#2202,#1114);
#945=LINE('',#2204,#1115);
#946=LINE('',#2209,#1116);
#947=LINE('',#2213,#1117);
#948=LINE('',#2217,#1118);
#949=LINE('',#2219,#1119);
#950=LINE('',#2224,#1120);
#951=LINE('',#2228,#1121);
#952=LINE('',#2232,#1122);
#953=LINE('',#2235,#1123);
#954=LINE('',#2236,#1124);
#955=LINE('',#2238,#1125);
#956=LINE('',#2240,#1126);
#957=LINE('',#2242,#1127);
#958=LINE('',#2244,#1128);
#959=LINE('',#2246,#1129);
#960=LINE('',#2248,#1130);
#961=LINE('',#2250,#1131);
#962=LINE('',#2252,#1132);
#963=LINE('',#2255,#1133);
#964=LINE('',#2257,#1134);
#965=LINE('',#2259,#1135);
#966=LINE('',#2261,#1136);
#967=LINE('',#2263,#1137);
#968=LINE('',#2265,#1138);
#969=LINE('',#2268,#1139);
#970=LINE('',#2270,#1140);
#971=LINE('',#2272,#1141);
#972=LINE('',#2274,#1142);
#973=LINE('',#2277,#1143);
#974=LINE('',#2278,#1144);
#975=LINE('',#2280,#1145);
#976=LINE('',#2283,#1146);
#977=LINE('',#2285,#1147);
#978=LINE('',#2287,#1148);
#979=LINE('',#2289,#1149);
#980=LINE('',#2292,#1150);
#981=LINE('',#2294,#1151);
#982=LINE('',#2296,#1152);
#983=LINE('',#2299,#1153);
#984=LINE('',#2301,#1154);
#985=LINE('',#2303,#1155);
#986=LINE('',#2305,#1156);
#987=LINE('',#2307,#1157);
#988=LINE('',#2309,#1158);
#989=LINE('',#2321,#1159);
#990=LINE('',#2326,#1160);
#991=LINE('',#2327,#1161);
#992=LINE('',#2330,#1162);
#993=LINE('',#2333,#1163);
#994=LINE('',#2335,#1164);
#995=LINE('',#2337,#1165);
#996=LINE('',#2339,#1166);
#997=LINE('',#2341,#1167);
#998=LINE('',#2343,#1168);
#999=LINE('',#2348,#1169);
#1000=LINE('',#2352,#1170);
#1001=LINE('',#2354,#1171);
#1002=LINE('',#2356,#1172);
#1003=LINE('',#2367,#1173);
#1004=LINE('',#2370,#1174);
#1005=LINE('',#2372,#1175);
#1006=LINE('',#2374,#1176);
#1007=LINE('',#2376,#1177);
#1008=LINE('',#2378,#1178);
#1009=LINE('',#2390,#1179);
#1010=LINE('',#2392,#1180);
#1011=LINE('',#2394,#1181);
#1012=LINE('',#2396,#1182);
#1013=LINE('',#2398,#1183);
#1014=LINE('',#2400,#1184);
#1015=LINE('',#2402,#1185);
#1016=LINE('',#2404,#1186);
#1017=LINE('',#2406,#1187);
#1018=LINE('',#2408,#1188);
#1019=LINE('',#2410,#1189);
#1020=LINE('',#2414,#1190);
#1021=LINE('',#2418,#1191);
#1022=LINE('',#2420,#1192);
#1023=LINE('',#2422,#1193);
#1024=LINE('',#2424,#1194);
#1025=LINE('',#2428,#1195);
#1026=LINE('',#2432,#1196);
#1027=LINE('',#2433,#1197);
#1028=LINE('',#2435,#1198);
#1029=LINE('',#2437,#1199);
#1030=LINE('',#2439,#1200);
#1031=LINE('',#2441,#1201);
#1032=LINE('',#2443,#1202);
#1033=LINE('',#2445,#1203);
#1034=LINE('',#2447,#1204);
#1035=LINE('',#2459,#1205);
#1036=LINE('',#2461,#1206);
#1037=LINE('',#2463,#1207);
#1038=LINE('',#2465,#1208);
#1039=LINE('',#2467,#1209);
#1040=LINE('',#2469,#1210);
#1041=LINE('',#2472,#1211);
#1042=LINE('',#2473,#1212);
#1043=LINE('',#2475,#1213);
#1044=LINE('',#2476,#1214);
#1045=LINE('',#2478,#1215);
#1046=LINE('',#2480,#1216);
#1047=LINE('',#2481,#1217);
#1048=LINE('',#2483,#1218);
#1049=LINE('',#2494,#1219);
#1050=LINE('',#2498,#1220);
#1051=LINE('',#2507,#1221);
#1052=LINE('',#2510,#1222);
#1053=LINE('',#2511,#1223);
#1054=LINE('',#2513,#1224);
#1055=LINE('',#2514,#1225);
#1056=LINE('',#2516,#1226);
#1057=LINE('',#2517,#1227);
#1058=LINE('',#2520,#1228);
#1059=LINE('',#2521,#1229);
#1060=LINE('',#2524,#1230);
#1061=LINE('',#2526,#1231);
#1062=LINE('',#2529,#1232);
#1063=LINE('',#2531,#1233);
#1064=LINE('',#2534,#1234);
#1065=LINE('',#2540,#1235);
#1066=LINE('',#2542,#1236);
#1067=LINE('',#2544,#1237);
#1068=LINE('',#2547,#1238);
#1069=LINE('',#2548,#1239);
#1070=LINE('',#2550,#1240);
#1071=LINE('',#2551,#1241);
#1072=LINE('',#2553,#1242);
#1073=LINE('',#2555,#1243);
#1074=LINE('',#2561,#1244);
#1075=LINE('',#2563,#1245);
#1076=LINE('',#2565,#1246);
#1077=LINE('',#2567,#1247);
#1078=LINE('',#2571,#1248);
#1079=LINE('',#2573,#1249);
#1080=LINE('',#2575,#1250);
#1081=LINE('',#2576,#1251);
#1082=LINE('',#2578,#1252);
#1083=LINE('',#2579,#1253);
#1084=LINE('',#2581,#1254);
#1085=LINE('',#2583,#1255);
#1086=LINE('',#2585,#1256);
#1087=LINE('',#2586,#1257);
#1088=LINE('',#2588,#1258);
#1089=LINE('',#2589,#1259);
#1090=LINE('',#2591,#1260);
#1091=LINE('',#2593,#1261);
#1092=LINE('',#2607,#1262);
#1093=LINE('',#2608,#1263);
#1094=LINE('',#2610,#1264);
#1095=LINE('',#2612,#1265);
#1096=LINE('',#2617,#1266);
#1097=LINE('',#2618,#1267);
#1098=LINE('',#2629,#1268);
#1099=LINE('',#2632,#1269);
#1100=VECTOR('',#1733,1.);
#1101=VECTOR('',#1734,1.);
#1102=VECTOR('',#1735,1.);
#1103=VECTOR('',#1736,1.);
#1104=VECTOR('',#1737,1.);
#1105=VECTOR('',#1738,1.);
#1106=VECTOR('',#1741,1.);
#1107=VECTOR('',#1742,1.);
#1108=VECTOR('',#1743,1.);
#1109=VECTOR('',#1744,1.);
#1110=VECTOR('',#1745,1.);
#1111=VECTOR('',#1746,1.);
#1112=VECTOR('',#1749,1.);
#1113=VECTOR('',#1750,1.);
#1114=VECTOR('',#1751,1.);
#1115=VECTOR('',#1752,1.);
#1116=VECTOR('',#1757,1.);
#1117=VECTOR('',#1760,1.);
#1118=VECTOR('',#1763,1.);
#1119=VECTOR('',#1766,1.);
#1120=VECTOR('',#1769,1.);
#1121=VECTOR('',#1772,1.);
#1122=VECTOR('',#1777,1.);
#1123=VECTOR('',#1778,1.);
#1124=VECTOR('',#1779,1.);
#1125=VECTOR('',#1780,1.);
#1126=VECTOR('',#1781,1.);
#1127=VECTOR('',#1784,1.);
#1128=VECTOR('',#1785,1.);
#1129=VECTOR('',#1786,1.);
#1130=VECTOR('',#1787,1.);
#1131=VECTOR('',#1788,1.);
#1132=VECTOR('',#1791,1.);
#1133=VECTOR('',#1792,1.);
#1134=VECTOR('',#1793,1.);
#1135=VECTOR('',#1794,1.);
#1136=VECTOR('',#1795,1.);
#1137=VECTOR('',#1796,1.);
#1138=VECTOR('',#1799,1.);
#1139=VECTOR('',#1800,1.);
#1140=VECTOR('',#1801,1.);
#1141=VECTOR('',#1802,1.);
#1142=VECTOR('',#1805,1.);
#1143=VECTOR('',#1806,1.);
#1144=VECTOR('',#1807,1.);
#1145=VECTOR('',#1810,1.);
#1146=VECTOR('',#1811,1.);
#1147=VECTOR('',#1812,1.);
#1148=VECTOR('',#1813,1.);
#1149=VECTOR('',#1816,1.);
#1150=VECTOR('',#1819,1.);
#1151=VECTOR('',#1820,1.);
#1152=VECTOR('',#1821,1.);
#1153=VECTOR('',#1826,1.);
#1154=VECTOR('',#1827,1.);
#1155=VECTOR('',#1828,1.);
#1156=VECTOR('',#1829,1.);
#1157=VECTOR('',#1830,1.);
#1158=VECTOR('',#1831,1.);
#1159=VECTOR('',#1844,1.);
#1160=VECTOR('',#1847,1.);
#1161=VECTOR('',#1848,1.);
#1162=VECTOR('',#1851,1.);
#1163=VECTOR('',#1852,1.);
#1164=VECTOR('',#1853,1.);
#1165=VECTOR('',#1854,1.);
#1166=VECTOR('',#1855,1.);
#1167=VECTOR('',#1856,1.);
#1168=VECTOR('',#1859,1.);
#1169=VECTOR('',#1862,1.);
#1170=VECTOR('',#1865,1.);
#1171=VECTOR('',#1866,1.);
#1172=VECTOR('',#1867,1.);
#1173=VECTOR('',#1878,1.);
#1174=VECTOR('',#1879,1.);
#1175=VECTOR('',#1880,1.);
#1176=VECTOR('',#1881,1.);
#1177=VECTOR('',#1882,1.);
#1178=VECTOR('',#1883,1.);
#1179=VECTOR('',#1896,1.);
#1180=VECTOR('',#1897,1.);
#1181=VECTOR('',#1898,1.);
#1182=VECTOR('',#1899,1.);
#1183=VECTOR('',#1900,1.);
#1184=VECTOR('',#1901,1.);
#1185=VECTOR('',#1902,1.);
#1186=VECTOR('',#1903,1.);
#1187=VECTOR('',#1904,1.);
#1188=VECTOR('',#1905,1.);
#1189=VECTOR('',#1906,1.);
#1190=VECTOR('',#1909,1.);
#1191=VECTOR('',#1912,1.);
#1192=VECTOR('',#1913,1.);
#1193=VECTOR('',#1916,1.);
#1194=VECTOR('',#1917,1.);
#1195=VECTOR('',#1920,1.);
#1196=VECTOR('',#1923,1.);
#1197=VECTOR('',#1924,1.);
#1198=VECTOR('',#1925,1.);
#1199=VECTOR('',#1926,1.);
#1200=VECTOR('',#1927,1.);
#1201=VECTOR('',#1928,1.);
#1202=VECTOR('',#1929,1.);
#1203=VECTOR('',#1930,1.);
#1204=VECTOR('',#1931,1.);
#1205=VECTOR('',#1944,1.);
#1206=VECTOR('',#1945,1.);
#1207=VECTOR('',#1948,1.);
#1208=VECTOR('',#1949,1.);
#1209=VECTOR('',#1950,1.);
#1210=VECTOR('',#1953,1.);
#1211=VECTOR('',#1954,1.);
#1212=VECTOR('',#1955,1.);
#1213=VECTOR('',#1956,1.);
#1214=VECTOR('',#1957,1.);
#1215=VECTOR('',#1960,1.);
#1216=VECTOR('',#1963,1.);
#1217=VECTOR('',#1964,1.);
#1218=VECTOR('',#1967,1.);
#1219=VECTOR('',#1978,1.);
#1220=VECTOR('',#1983,1.);
#1221=VECTOR('',#1988,1.);
#1222=VECTOR('',#1993,1.);
#1223=VECTOR('',#1994,1.);
#1224=VECTOR('',#1997,1.);
#1225=VECTOR('',#1998,1.);
#1226=VECTOR('',#2001,1.);
#1227=VECTOR('',#2002,1.);
#1228=VECTOR('',#2007,1.);
#1229=VECTOR('',#2008,1.);
#1230=VECTOR('',#2013,1.);
#1231=VECTOR('',#2016,1.);
#1232=VECTOR('',#2021,1.);
#1233=VECTOR('',#2024,1.);
#1234=VECTOR('',#2029,1.);
#1235=VECTOR('',#2036,1.);
#1236=VECTOR('',#2037,1.);
#1237=VECTOR('',#2038,1.);
#1238=VECTOR('',#2043,1.);
#1239=VECTOR('',#2044,1.);
#1240=VECTOR('',#2047,1.);
#1241=VECTOR('',#2048,1.);
#1242=VECTOR('',#2051,1.);
#1243=VECTOR('',#2054,1.);
#1244=VECTOR('',#2063,1.);
#1245=VECTOR('',#2064,1.);
#1246=VECTOR('',#2067,1.);
#1247=VECTOR('',#2068,1.);
#1248=VECTOR('',#2073,1.);
#1249=VECTOR('',#2076,1.);
#1250=VECTOR('',#2079,1.);
#1251=VECTOR('',#2080,1.);
#1252=VECTOR('',#2083,1.);
#1253=VECTOR('',#2084,1.);
#1254=VECTOR('',#2087,1.);
#1255=VECTOR('',#2090,1.);
#1256=VECTOR('',#2093,1.);
#1257=VECTOR('',#2094,1.);
#1258=VECTOR('',#2097,1.);
#1259=VECTOR('',#2098,1.);
#1260=VECTOR('',#2101,1.);
#1261=VECTOR('',#2104,1.);
#1262=VECTOR('',#2127,1.);
#1263=VECTOR('',#2128,1.);
#1264=VECTOR('',#2131,1.);
#1265=VECTOR('',#2134,1.);
#1266=VECTOR('',#2141,1.);
#1267=VECTOR('',#2142,1.);
#1268=VECTOR('',#2161,1.);
#1269=VECTOR('',#2166,1.);
#1270=EDGE_LOOP('',(#94,#95,#96,#97,#98,#99));
#1271=EDGE_LOOP('',(#100,#101,#102,#103,#104,#105));
#1272=EDGE_LOOP('',(#106,#107,#108,#109));
#1273=EDGE_LOOP('',(#110,#111,#112,#113,#114,#115));
#1274=EDGE_LOOP('',(#116,#117,#118,#119,#120,#121));
#1275=EDGE_LOOP('',(#122,#123,#124,#125,#126,#127));
#1276=EDGE_LOOP('',(#128,#129,#130,#131,#132,#133));
#1277=EDGE_LOOP('',(#134,#135,#136,#137,#138,#139));
#1278=EDGE_LOOP('',(#140,#141,#142,#143));
#1279=EDGE_LOOP('',(#144,#145,#146,#147));
#1280=EDGE_LOOP('',(#148,#149,#150,#151));
#1281=EDGE_LOOP('',(#152,#153,#154,#155,#156,#157,#158,#159,#160,#161));
#1282=EDGE_LOOP('',(#162,#163,#164,#165,#166,#167,#168,#169));
#1283=EDGE_LOOP('',(#170));
#1284=EDGE_LOOP('',(#171,#172,#173,#174));
#1285=EDGE_LOOP('',(#175,#176,#177,#178,#179,#180,#181));
#1286=EDGE_LOOP('',(#182,#183,#184,#185,#186,#187));
#1287=EDGE_LOOP('',(#188,#189,#190,#191,#192,#193,#194));
#1288=EDGE_LOOP('',(#195));
#1289=EDGE_LOOP('',(#196,#197,#198,#199));
#1290=EDGE_LOOP('',(#200,#201,#202,#203,#204,#205));
#1291=EDGE_LOOP('',(#206));
#1292=EDGE_LOOP('',(#207,#208,#209,#210));
#1293=EDGE_LOOP('',(#211,#212,#213,#214,#215,#216,#217,#218,#219,#220,#221,
#222,#223,#224,#225,#226,#227));
#1294=EDGE_LOOP('',(#228,#229,#230,#231,#232,#233,#234,#235,#236,#237,#238,
#239,#240,#241,#242,#243,#244));
#1295=EDGE_LOOP('',(#245));
#1296=EDGE_LOOP('',(#246,#247,#248,#249));
#1297=EDGE_LOOP('',(#250,#251,#252,#253));
#1298=EDGE_LOOP('',(#254,#255,#256,#257));
#1299=EDGE_LOOP('',(#258,#259,#260,#261,#262,#263,#264,#265));
#1300=EDGE_LOOP('',(#266,#267,#268,#269));
#1301=EDGE_LOOP('',(#270,#271,#272,#273));
#1302=EDGE_LOOP('',(#274,#275,#276,#277,#278));
#1303=EDGE_LOOP('',(#279,#280,#281,#282,#283,#284,#285,#286,#287,#288));
#1304=EDGE_LOOP('',(#289,#290,#291,#292,#293,#294));
#1305=EDGE_LOOP('',(#295,#296,#297,#298,#299));
#1306=EDGE_LOOP('',(#300,#301,#302,#303));
#1307=EDGE_LOOP('',(#304,#305,#306,#307));
#1308=EDGE_LOOP('',(#308,#309,#310,#311));
#1309=EDGE_LOOP('',(#312,#313,#314,#315));
#1310=EDGE_LOOP('',(#316));
#1311=EDGE_LOOP('',(#317));
#1312=EDGE_LOOP('',(#318,#319,#320,#321));
#1313=EDGE_LOOP('',(#322));
#1314=EDGE_LOOP('',(#323));
#1315=EDGE_LOOP('',(#324,#325,#326,#327));
#1316=EDGE_LOOP('',(#328,#329,#330,#331));
#1317=EDGE_LOOP('',(#332,#333,#334,#335));
#1318=EDGE_LOOP('',(#336,#337,#338,#339));
#1319=EDGE_LOOP('',(#340,#341,#342,#343));
#1320=EDGE_LOOP('',(#344,#345,#346,#347));
#1321=EDGE_LOOP('',(#348,#349,#350,#351,#352,#353));
#1322=EDGE_LOOP('',(#354,#355,#356,#357));
#1323=EDGE_LOOP('',(#358,#359,#360,#361));
#1324=EDGE_LOOP('',(#362,#363,#364,#365,#366));
#1325=EDGE_LOOP('',(#367,#368,#369,#370,#371));
#1326=EDGE_LOOP('',(#372,#373,#374));
#1327=EDGE_LOOP('',(#375,#376,#377));
#1328=EDGE_LOOP('',(#378,#379,#380,#381));
#1329=EDGE_LOOP('',(#382,#383,#384,#385));
#1330=EDGE_LOOP('',(#386,#387,#388,#389));
#1331=EDGE_LOOP('',(#390,#391,#392,#393));
#1332=EDGE_LOOP('',(#394,#395,#396,#397,#398,#399));
#1333=EDGE_LOOP('',(#400,#401,#402,#403,#404,#405));
#1334=EDGE_LOOP('',(#406,#407,#408,#409,#410,#411));
#1335=EDGE_LOOP('',(#412,#413,#414,#415));
#1336=EDGE_LOOP('',(#416,#417,#418,#419));
#1337=EDGE_LOOP('',(#420,#421,#422,#423));
#1338=EDGE_LOOP('',(#424,#425,#426,#427));
#1339=EDGE_LOOP('',(#428,#429,#430,#431));
#1340=EDGE_LOOP('',(#432,#433,#434,#435));
#1341=EDGE_LOOP('',(#436,#437,#438,#439,#440,#441));
#1342=EDGE_LOOP('',(#442,#443,#444,#445,#446,#447));
#1343=EDGE_LOOP('',(#448,#449,#450,#451,#452,#453));
#1344=EDGE_LOOP('',(#454,#455,#456,#457));
#1345=EDGE_LOOP('',(#458,#459,#460,#461));
#1346=EDGE_LOOP('',(#462,#463,#464,#465,#466,#467,#468,#469,#470,#471,#472,
#473,#474,#475,#476,#477));
#1347=EDGE_LOOP('',(#478,#479,#480,#481));
#1348=EDGE_LOOP('',(#482,#483,#484,#485));
#1349=EDGE_LOOP('',(#486,#487,#488,#489,#490,#491,#492,#493,#494,#495,#496,
#497,#498,#499,#500,#501,#502,#503,#504,#505));
#1350=EDGE_LOOP('',(#506,#507,#508,#509));
#1351=EDGE_LOOP('',(#510,#511,#512,#513));
#1352=EDGE_LOOP('',(#514,#515,#516,#517,#518,#519));
#1353=EDGE_LOOP('',(#520,#521,#522,#523,#524,#525));
#1354=EDGE_LOOP('',(#526,#527,#528,#529));
#1355=EDGE_LOOP('',(#530,#531,#532,#533));
#1356=EDGE_LOOP('',(#534,#535,#536,#537));
#1357=EDGE_LOOP('',(#538,#539,#540,#541));
#1358=EDGE_LOOP('',(#542,#543,#544,#545));
#1359=EDGE_LOOP('',(#546,#547,#548,#549));
#1360=FACE_BOUND('',#1270,.T.);
#1361=FACE_BOUND('',#1271,.T.);
#1362=FACE_BOUND('',#1272,.T.);
#1363=FACE_BOUND('',#1273,.T.);
#1364=FACE_BOUND('',#1274,.T.);
#1365=FACE_BOUND('',#1275,.T.);
#1366=FACE_BOUND('',#1276,.T.);
#1367=FACE_BOUND('',#1277,.T.);
#1368=FACE_BOUND('',#1278,.T.);
#1369=FACE_BOUND('',#1279,.T.);
#1370=FACE_BOUND('',#1280,.T.);
#1371=FACE_BOUND('',#1281,.T.);
#1372=FACE_BOUND('',#1282,.T.);
#1373=FACE_BOUND('',#1283,.T.);
#1374=FACE_BOUND('',#1284,.T.);
#1375=FACE_BOUND('',#1285,.T.);
#1376=FACE_BOUND('',#1286,.T.);
#1377=FACE_BOUND('',#1287,.T.);
#1378=FACE_BOUND('',#1288,.T.);
#1379=FACE_BOUND('',#1289,.T.);
#1380=FACE_BOUND('',#1290,.T.);
#1381=FACE_BOUND('',#1291,.T.);
#1382=FACE_BOUND('',#1292,.T.);
#1383=FACE_BOUND('',#1293,.T.);
#1384=FACE_BOUND('',#1294,.T.);
#1385=FACE_BOUND('',#1295,.T.);
#1386=FACE_BOUND('',#1296,.T.);
#1387=FACE_BOUND('',#1297,.T.);
#1388=FACE_BOUND('',#1298,.T.);
#1389=FACE_BOUND('',#1299,.T.);
#1390=FACE_BOUND('',#1300,.T.);
#1391=FACE_BOUND('',#1301,.T.);
#1392=FACE_BOUND('',#1302,.T.);
#1393=FACE_BOUND('',#1303,.T.);
#1394=FACE_BOUND('',#1304,.T.);
#1395=FACE_BOUND('',#1305,.T.);
#1396=FACE_BOUND('',#1306,.T.);
#1397=FACE_BOUND('',#1307,.T.);
#1398=FACE_BOUND('',#1308,.T.);
#1399=FACE_BOUND('',#1309,.T.);
#1400=FACE_BOUND('',#1310,.T.);
#1401=FACE_BOUND('',#1311,.T.);
#1402=FACE_BOUND('',#1312,.T.);
#1403=FACE_BOUND('',#1313,.T.);
#1404=FACE_BOUND('',#1314,.T.);
#1405=FACE_BOUND('',#1315,.T.);
#1406=FACE_BOUND('',#1316,.T.);
#1407=FACE_BOUND('',#1317,.T.);
#1408=FACE_BOUND('',#1318,.T.);
#1409=FACE_BOUND('',#1319,.T.);
#1410=FACE_BOUND('',#1320,.T.);
#1411=FACE_BOUND('',#1321,.T.);
#1412=FACE_BOUND('',#1322,.T.);
#1413=FACE_BOUND('',#1323,.T.);
#1414=FACE_BOUND('',#1324,.T.);
#1415=FACE_BOUND('',#1325,.T.);
#1416=FACE_BOUND('',#1326,.T.);
#1417=FACE_BOUND('',#1327,.T.);
#1418=FACE_BOUND('',#1328,.T.);
#1419=FACE_BOUND('',#1329,.T.);
#1420=FACE_BOUND('',#1330,.T.);
#1421=FACE_BOUND('',#1331,.T.);
#1422=FACE_BOUND('',#1332,.T.);
#1423=FACE_BOUND('',#1333,.T.);
#1424=FACE_BOUND('',#1334,.T.);
#1425=FACE_BOUND('',#1335,.T.);
#1426=FACE_BOUND('',#1336,.T.);
#1427=FACE_BOUND('',#1337,.T.);
#1428=FACE_BOUND('',#1338,.T.);
#1429=FACE_BOUND('',#1339,.T.);
#1430=FACE_BOUND('',#1340,.T.);
#1431=FACE_BOUND('',#1341,.T.);
#1432=FACE_BOUND('',#1342,.T.);
#1433=FACE_BOUND('',#1343,.T.);
#1434=FACE_BOUND('',#1344,.T.);
#1435=FACE_BOUND('',#1345,.T.);
#1436=FACE_BOUND('',#1346,.T.);
#1437=FACE_BOUND('',#1347,.T.);
#1438=FACE_BOUND('',#1348,.T.);
#1439=FACE_BOUND('',#1349,.T.);
#1440=FACE_BOUND('',#1350,.T.);
#1441=FACE_BOUND('',#1351,.T.);
#1442=FACE_BOUND('',#1352,.T.);
#1443=FACE_BOUND('',#1353,.T.);
#1444=FACE_BOUND('',#1354,.T.);
#1445=FACE_BOUND('',#1355,.T.);
#1446=FACE_BOUND('',#1356,.T.);
#1447=FACE_BOUND('',#1357,.T.);
#1448=FACE_BOUND('',#1358,.T.);
#1449=FACE_BOUND('',#1359,.T.);
#1450=PLANE('',#1595);
#1451=PLANE('',#1596);
#1452=PLANE('',#1597);
#1453=PLANE('',#1606);
#1454=PLANE('',#1607);
#1455=PLANE('',#1608);
#1456=PLANE('',#1609);
#1457=PLANE('',#1610);
#1458=PLANE('',#1611);
#1459=PLANE('',#1612);
#1460=PLANE('',#1615);
#1461=PLANE('',#1616);
#1462=PLANE('',#1624);
#1463=PLANE('',#1632);
#1464=PLANE('',#1640);
#1465=PLANE('',#1648);
#1466=PLANE('',#1649);
#1467=PLANE('',#1650);
#1468=PLANE('',#1651);
#1469=PLANE('',#1652);
#1470=PLANE('',#1655);
#1471=PLANE('',#1663);
#1472=PLANE('',#1664);
#1473=PLANE('',#1665);
#1474=PLANE('',#1679);
#1475=PLANE('',#1680);
#1476=PLANE('',#1681);
#1477=PLANE('',#1682);
#1478=PLANE('',#1683);
#1479=PLANE('',#1684);
#1480=PLANE('',#1687);
#1481=PLANE('',#1689);
#1482=PLANE('',#1693);
#1483=PLANE('',#1694);
#1484=PLANE('',#1695);
#1485=PLANE('',#1696);
#1486=PLANE('',#1697);
#1487=PLANE('',#1698);
#1488=PLANE('',#1699);
#1489=PLANE('',#1700);
#1490=PLANE('',#1701);
#1491=PLANE('',#1702);
#1492=PLANE('',#1703);
#1493=PLANE('',#1704);
#1494=PLANE('',#1705);
#1495=PLANE('',#1712);
#1496=PLANE('',#1713);
#1497=PLANE('',#1714);
#1498=PLANE('',#1719);
#1499=PLANE('',#1720);
#1500=PLANE('',#1725);
#1501=PLANE('',#1726);
#1502=PLANE('',#1727);
#1503=PLANE('',#1728);
#1504=ADVANCED_FACE('',(#1360),#1450,.T.);
#1505=ADVANCED_FACE('',(#1361),#1451,.T.);
#1506=ADVANCED_FACE('',(#1362),#1452,.T.);
#1507=ADVANCED_FACE('',(#1363),#70,.T.);
#1508=ADVANCED_FACE('',(#1364),#71,.F.);
#1509=ADVANCED_FACE('',(#1365),#1453,.F.);
#1510=ADVANCED_FACE('',(#1366),#1454,.F.);
#1511=ADVANCED_FACE('',(#1367),#1455,.F.);
#1512=ADVANCED_FACE('',(#1368),#1456,.T.);
#1513=ADVANCED_FACE('',(#1369),#1457,.T.);
#1514=ADVANCED_FACE('',(#1370),#1458,.T.);
#1515=ADVANCED_FACE('',(#1371),#1459,.F.);
#1516=ADVANCED_FACE('',(#1372),#1460,.T.);
#1517=ADVANCED_FACE('',(#1373,#1374,#1375,#1376),#1461,.T.);
#1518=ADVANCED_FACE('',(#1377,#1378,#1379,#1380),#1462,.F.);
#1519=ADVANCED_FACE('',(#1381,#1382,#1383),#1463,.T.);
#1520=ADVANCED_FACE('',(#1384,#1385,#1386),#1464,.F.);
#1521=ADVANCED_FACE('',(#1387),#1465,.T.);
#1522=ADVANCED_FACE('',(#1388),#1466,.T.);
#1523=ADVANCED_FACE('',(#1389),#1467,.T.);
#1524=ADVANCED_FACE('',(#1390),#1468,.T.);
#1525=ADVANCED_FACE('',(#1391),#1469,.T.);
#1526=ADVANCED_FACE('',(#1392),#72,.T.);
#1527=ADVANCED_FACE('',(#1393),#1470,.F.);
#1528=ADVANCED_FACE('',(#1394),#73,.F.);
#1529=ADVANCED_FACE('',(#1395),#74,.T.);
#1530=ADVANCED_FACE('',(#1396),#1471,.T.);
#1531=ADVANCED_FACE('',(#1397),#1472,.T.);
#1532=ADVANCED_FACE('',(#1398),#1473,.T.);
#1533=ADVANCED_FACE('',(#1399),#75,.F.);
#1534=ADVANCED_FACE('',(#1400,#1401),#76,.F.);
#1535=ADVANCED_FACE('',(#1402),#77,.F.);
#1536=ADVANCED_FACE('',(#1403,#1404),#78,.F.);
#1537=ADVANCED_FACE('',(#1405),#79,.F.);
#1538=ADVANCED_FACE('',(#1406),#80,.F.);
#1539=ADVANCED_FACE('',(#1407),#81,.T.);
#1540=ADVANCED_FACE('',(#1408),#82,.T.);
#1541=ADVANCED_FACE('',(#1409),#83,.F.);
#1542=ADVANCED_FACE('',(#1410),#84,.F.);
#1543=ADVANCED_FACE('',(#1411),#85,.T.);
#1544=ADVANCED_FACE('',(#1412),#1474,.T.);
#1545=ADVANCED_FACE('',(#1413),#1475,.T.);
#1546=ADVANCED_FACE('',(#1414),#1476,.T.);
#1547=ADVANCED_FACE('',(#1415),#1477,.T.);
#1548=ADVANCED_FACE('',(#1416),#1478,.F.);
#1549=ADVANCED_FACE('',(#1417),#1479,.F.);
#1550=ADVANCED_FACE('',(#1418),#86,.T.);
#1551=ADVANCED_FACE('',(#1419),#87,.T.);
#1552=ADVANCED_FACE('',(#1420),#1480,.T.);
#1553=ADVANCED_FACE('',(#1421),#1481,.T.);
#1554=ADVANCED_FACE('',(#1422),#88,.T.);
#1555=ADVANCED_FACE('',(#1423),#89,.T.);
#1556=ADVANCED_FACE('',(#1424),#1482,.T.);
#1557=ADVANCED_FACE('',(#1425),#1483,.T.);
#1558=ADVANCED_FACE('',(#1426),#1484,.T.);
#1559=ADVANCED_FACE('',(#1427),#1485,.T.);
#1560=ADVANCED_FACE('',(#1428),#1486,.T.);
#1561=ADVANCED_FACE('',(#1429),#1487,.T.);
#1562=ADVANCED_FACE('',(#1430),#1488,.T.);
#1563=ADVANCED_FACE('',(#1431),#1489,.T.);
#1564=ADVANCED_FACE('',(#1432),#1490,.T.);
#1565=ADVANCED_FACE('',(#1433),#1491,.T.);
#1566=ADVANCED_FACE('',(#1434),#1492,.T.);
#1567=ADVANCED_FACE('',(#1435),#1493,.T.);
#1568=ADVANCED_FACE('',(#1436),#1494,.T.);
#1569=ADVANCED_FACE('',(#1437),#1495,.F.);
#1570=ADVANCED_FACE('',(#1438),#1496,.T.);
#1571=ADVANCED_FACE('',(#1439),#1497,.T.);
#1572=ADVANCED_FACE('',(#1440),#1498,.T.);
#1573=ADVANCED_FACE('',(#1441),#1499,.T.);
#1574=ADVANCED_FACE('',(#1442),#90,.T.);
#1575=ADVANCED_FACE('',(#1443),#91,.T.);
#1576=ADVANCED_FACE('',(#1444),#92,.T.);
#1577=ADVANCED_FACE('',(#1445),#93,.T.);
#1578=ADVANCED_FACE('',(#1446),#1500,.F.);
#1579=ADVANCED_FACE('',(#1447),#1501,.T.);
#1580=ADVANCED_FACE('',(#1448),#1502,.F.);
#1581=ADVANCED_FACE('',(#1449),#1503,.T.);
#1582=CLOSED_SHELL('',(#1504,#1505,#1506,#1507,#1508,#1509,#1510,#1511,
#1512,#1513,#1514,#1515,#1516,#1517,#1518,#1519,#1520,#1521,#1522,#1523,
#1524,#1525,#1526,#1527,#1528,#1529,#1530,#1531,#1532,#1533,#1534,#1535,
#1536,#1537,#1538,#1539,#1540,#1541,#1542,#1543,#1544,#1545,#1546,#1547,
#1548,#1549,#1550,#1551,#1552,#1553,#1554,#1555,#1556,#1557,#1558,#1559,
#1560,#1561,#1562,#1563,#1564,#1565,#1566,#1567,#1568,#1569,#1570,#1571,
#1572,#1573,#1574,#1575,#1576,#1577,#1578,#1579,#1580,#1581));
#1583=STYLED_ITEM('',(#1584),#1591);
#1584=PRESENTATION_STYLE_ASSIGNMENT((#1585));
#1585=SURFACE_STYLE_USAGE(.BOTH.,#1586);
#1586=SURFACE_SIDE_STYLE('',(#1587));
#1587=SURFACE_STYLE_FILL_AREA(#1588);
#1588=FILL_AREA_STYLE('',(#1589));
#1589=FILL_AREA_STYLE_COLOUR('',#1590);
#1590=COLOUR_RGB('',0.615686274509804,0.811764705882353,0.929411764705882);
#1591=MANIFOLD_SOLID_BREP('Part 1',#1582);
#1592=SHAPE_DEFINITION_REPRESENTATION(#2640,#1593);
#1593=SHAPE_REPRESENTATION('Part 1',(#1594),#2635);
#1594=AXIS2_PLACEMENT_3D('',#2169,#1729,#1730);
#1595=AXIS2_PLACEMENT_3D('',#2170,#1731,#1732);
#1596=AXIS2_PLACEMENT_3D('',#2183,#1739,#1740);
#1597=AXIS2_PLACEMENT_3D('',#2196,#1747,#1748);
#1598=AXIS2_PLACEMENT_3D('',#2205,#1753,#1754);
#1599=AXIS2_PLACEMENT_3D('',#2206,#1755,#1756);
#1600=AXIS2_PLACEMENT_3D('',#2211,#1758,#1759);
#1601=AXIS2_PLACEMENT_3D('',#2215,#1761,#1762);
#1602=AXIS2_PLACEMENT_3D('',#2218,#1764,#1765);
#1603=AXIS2_PLACEMENT_3D('',#2222,#1767,#1768);
#1604=AXIS2_PLACEMENT_3D('',#2226,#1770,#1771);
#1605=AXIS2_PLACEMENT_3D('',#2230,#1773,#1774);
#1606=AXIS2_PLACEMENT_3D('',#2231,#1775,#1776);
#1607=AXIS2_PLACEMENT_3D('',#2241,#1782,#1783);
#1608=AXIS2_PLACEMENT_3D('',#2251,#1789,#1790);
#1609=AXIS2_PLACEMENT_3D('',#2264,#1797,#1798);
#1610=AXIS2_PLACEMENT_3D('',#2273,#1803,#1804);
#1611=AXIS2_PLACEMENT_3D('',#2279,#1808,#1809);
#1612=AXIS2_PLACEMENT_3D('',#2288,#1814,#1815);
#1613=AXIS2_PLACEMENT_3D('',#2291,#1817,#1818);
#1614=AXIS2_PLACEMENT_3D('',#2297,#1822,#1823);
#1615=AXIS2_PLACEMENT_3D('',#2298,#1824,#1825);
#1616=AXIS2_PLACEMENT_3D('',#2310,#1832,#1833);
#1617=AXIS2_PLACEMENT_3D('',#2311,#1834,#1835);
#1618=AXIS2_PLACEMENT_3D('',#2313,#1836,#1837);
#1619=AXIS2_PLACEMENT_3D('',#2316,#1838,#1839);
#1620=AXIS2_PLACEMENT_3D('',#2318,#1840,#1841);
#1621=AXIS2_PLACEMENT_3D('',#2320,#1842,#1843);
#1622=AXIS2_PLACEMENT_3D('',#2324,#1845,#1846);
#1623=AXIS2_PLACEMENT_3D('',#2329,#1849,#1850);
#1624=AXIS2_PLACEMENT_3D('',#2342,#1857,#1858);
#1625=AXIS2_PLACEMENT_3D('',#2346,#1860,#1861);
#1626=AXIS2_PLACEMENT_3D('',#2350,#1863,#1864);
#1627=AXIS2_PLACEMENT_3D('',#2357,#1868,#1869);
#1628=AXIS2_PLACEMENT_3D('',#2359,#1870,#1871);
#1629=AXIS2_PLACEMENT_3D('',#2362,#1872,#1873);
#1630=AXIS2_PLACEMENT_3D('',#2364,#1874,#1875);
#1631=AXIS2_PLACEMENT_3D('',#2366,#1876,#1877);
#1632=AXIS2_PLACEMENT_3D('',#2379,#1884,#1885);
#1633=AXIS2_PLACEMENT_3D('',#2380,#1886,#1887);
#1634=AXIS2_PLACEMENT_3D('',#2382,#1888,#1889);
#1635=AXIS2_PLACEMENT_3D('',#2385,#1890,#1891);
#1636=AXIS2_PLACEMENT_3D('',#2387,#1892,#1893);
#1637=AXIS2_PLACEMENT_3D('',#2389,#1894,#1895);
#1638=AXIS2_PLACEMENT_3D('',#2412,#1907,#1908);
#1639=AXIS2_PLACEMENT_3D('',#2416,#1910,#1911);
#1640=AXIS2_PLACEMENT_3D('',#2421,#1914,#1915);
#1641=AXIS2_PLACEMENT_3D('',#2426,#1918,#1919);
#1642=AXIS2_PLACEMENT_3D('',#2430,#1921,#1922);
#1643=AXIS2_PLACEMENT_3D('',#2448,#1932,#1933);
#1644=AXIS2_PLACEMENT_3D('',#2450,#1934,#1935);
#1645=AXIS2_PLACEMENT_3D('',#2453,#1936,#1937);
#1646=AXIS2_PLACEMENT_3D('',#2455,#1938,#1939);
#1647=AXIS2_PLACEMENT_3D('',#2457,#1940,#1941);
#1648=AXIS2_PLACEMENT_3D('',#2458,#1942,#1943);
#1649=AXIS2_PLACEMENT_3D('',#2462,#1946,#1947);
#1650=AXIS2_PLACEMENT_3D('',#2468,#1951,#1952);
#1651=AXIS2_PLACEMENT_3D('',#2477,#1958,#1959);
#1652=AXIS2_PLACEMENT_3D('',#2479,#1961,#1962);
#1653=AXIS2_PLACEMENT_3D('',#2482,#1965,#1966);
#1654=AXIS2_PLACEMENT_3D('',#2489,#1968,#1969);
#1655=AXIS2_PLACEMENT_3D('',#2490,#1970,#1971);
#1656=AXIS2_PLACEMENT_3D('',#2491,#1972,#1973);
#1657=AXIS2_PLACEMENT_3D('',#2492,#1974,#1975);
#1658=AXIS2_PLACEMENT_3D('',#2493,#1976,#1977);
#1659=AXIS2_PLACEMENT_3D('',#2495,#1979,#1980);
#1660=AXIS2_PLACEMENT_3D('',#2496,#1981,#1982);
#1661=AXIS2_PLACEMENT_3D('',#2500,#1984,#1985);
#1662=AXIS2_PLACEMENT_3D('',#2501,#1986,#1987);
#1663=AXIS2_PLACEMENT_3D('',#2508,#1989,#1990);
#1664=AXIS2_PLACEMENT_3D('',#2509,#1991,#1992);
#1665=AXIS2_PLACEMENT_3D('',#2512,#1995,#1996);
#1666=AXIS2_PLACEMENT_3D('',#2515,#1999,#2000);
#1667=AXIS2_PLACEMENT_3D('',#2518,#2003,#2004);
#1668=AXIS2_PLACEMENT_3D('',#2519,#2005,#2006);
#1669=AXIS2_PLACEMENT_3D('',#2522,#2009,#2010);
#1670=AXIS2_PLACEMENT_3D('',#2523,#2011,#2012);
#1671=AXIS2_PLACEMENT_3D('',#2525,#2014,#2015);
#1672=AXIS2_PLACEMENT_3D('',#2527,#2017,#2018);
#1673=AXIS2_PLACEMENT_3D('',#2528,#2019,#2020);
#1674=AXIS2_PLACEMENT_3D('',#2530,#2022,#2023);
#1675=AXIS2_PLACEMENT_3D('',#2532,#2025,#2026);
#1676=AXIS2_PLACEMENT_3D('',#2533,#2027,#2028);
#1677=AXIS2_PLACEMENT_3D('',#2537,#2030,#2031);
#1678=AXIS2_PLACEMENT_3D('',#2538,#2032,#2033);
#1679=AXIS2_PLACEMENT_3D('',#2539,#2034,#2035);
#1680=AXIS2_PLACEMENT_3D('',#2545,#2039,#2040);
#1681=AXIS2_PLACEMENT_3D('',#2546,#2041,#2042);
#1682=AXIS2_PLACEMENT_3D('',#2549,#2045,#2046);
#1683=AXIS2_PLACEMENT_3D('',#2552,#2049,#2050);
#1684=AXIS2_PLACEMENT_3D('',#2554,#2052,#2053);
#1685=AXIS2_PLACEMENT_3D('',#2556,#2055,#2056);
#1686=AXIS2_PLACEMENT_3D('',#2557,#2057,#2058);
#1687=AXIS2_PLACEMENT_3D('',#2558,#2059,#2060);
#1688=AXIS2_PLACEMENT_3D('',#2559,#2061,#2062);
#1689=AXIS2_PLACEMENT_3D('',#2564,#2065,#2066);
#1690=AXIS2_PLACEMENT_3D('',#2569,#2069,#2070);
#1691=AXIS2_PLACEMENT_3D('',#2570,#2071,#2072);
#1692=AXIS2_PLACEMENT_3D('',#2572,#2074,#2075);
#1693=AXIS2_PLACEMENT_3D('',#2574,#2077,#2078);
#1694=AXIS2_PLACEMENT_3D('',#2577,#2081,#2082);
#1695=AXIS2_PLACEMENT_3D('',#2580,#2085,#2086);
#1696=AXIS2_PLACEMENT_3D('',#2582,#2088,#2089);
#1697=AXIS2_PLACEMENT_3D('',#2584,#2091,#2092);
#1698=AXIS2_PLACEMENT_3D('',#2587,#2095,#2096);
#1699=AXIS2_PLACEMENT_3D('',#2590,#2099,#2100);
#1700=AXIS2_PLACEMENT_3D('',#2592,#2102,#2103);
#1701=AXIS2_PLACEMENT_3D('',#2594,#2105,#2106);
#1702=AXIS2_PLACEMENT_3D('',#2595,#2107,#2108);
#1703=AXIS2_PLACEMENT_3D('',#2596,#2109,#2110);
#1704=AXIS2_PLACEMENT_3D('',#2597,#2111,#2112);
#1705=AXIS2_PLACEMENT_3D('',#2598,#2113,#2114);
#1706=AXIS2_PLACEMENT_3D('',#2599,#2115,#2116);
#1707=AXIS2_PLACEMENT_3D('',#2601,#2117,#2118);
#1708=AXIS2_PLACEMENT_3D('',#2602,#2119,#2120);
#1709=AXIS2_PLACEMENT_3D('',#2603,#2121,#2122);
#1710=AXIS2_PLACEMENT_3D('',#2604,#2123,#2124);
#1711=AXIS2_PLACEMENT_3D('',#2606,#2125,#2126);
#1712=AXIS2_PLACEMENT_3D('',#2609,#2129,#2130);
#1713=AXIS2_PLACEMENT_3D('',#2611,#2132,#2133);
#1714=AXIS2_PLACEMENT_3D('',#2613,#2135,#2136);
#1715=AXIS2_PLACEMENT_3D('',#2614,#2137,#2138);
#1716=AXIS2_PLACEMENT_3D('',#2616,#2139,#2140);
#1717=AXIS2_PLACEMENT_3D('',#2619,#2143,#2144);
#1718=AXIS2_PLACEMENT_3D('',#2621,#2145,#2146);
#1719=AXIS2_PLACEMENT_3D('',#2622,#2147,#2148);
#1720=AXIS2_PLACEMENT_3D('',#2623,#2149,#2150);
#1721=AXIS2_PLACEMENT_3D('',#2624,#2151,#2152);
#1722=AXIS2_PLACEMENT_3D('',#2625,#2153,#2154);
#1723=AXIS2_PLACEMENT_3D('',#2626,#2155,#2156);
#1724=AXIS2_PLACEMENT_3D('',#2627,#2157,#2158);
#1725=AXIS2_PLACEMENT_3D('',#2628,#2159,#2160);
#1726=AXIS2_PLACEMENT_3D('',#2630,#2162,#2163);
#1727=AXIS2_PLACEMENT_3D('',#2631,#2164,#2165);
#1728=AXIS2_PLACEMENT_3D('',#2633,#2167,#2168);
#1729=DIRECTION('',(0.,0.,1.));
#1730=DIRECTION('',(1.,0.,0.));
#1731=DIRECTION('',(0.,0.,-1.));
#1732=DIRECTION('',(-1.,0.,0.));
#1733=DIRECTION('',(0.,1.,0.));
#1734=DIRECTION('',(-1.,0.,0.));
#1735=DIRECTION('',(0.,1.,0.));
#1736=DIRECTION('',(1.,0.,0.));
#1737=DIRECTION('',(0.,-1.,0.));
#1738=DIRECTION('',(1.,0.,0.));
#1739=DIRECTION('',(0.,0.,-1.));
#1740=DIRECTION('',(-1.,0.,0.));
#1741=DIRECTION('',(0.,-1.,0.));
#1742=DIRECTION('',(-1.,0.,0.));
#1743=DIRECTION('',(0.,1.,0.));
#1744=DIRECTION('',(-1.,0.,0.));
#1745=DIRECTION('',(0.,-1.,0.));
#1746=DIRECTION('',(-1.,0.,0.));
#1747=DIRECTION('',(1.,0.,0.));
#1748=DIRECTION('',(0.,1.,0.));
#1749=DIRECTION('',(0.,0.,-1.));
#1750=DIRECTION('',(0.,-1.,0.));
#1751=DIRECTION('',(0.,0.,-1.));
#1752=DIRECTION('',(0.,-1.,0.));
#1753=DIRECTION('',(0.,1.,0.));
#1754=DIRECTION('',(0.,0.,1.));
#1755=DIRECTION('',(0.,-1.,0.));
#1756=DIRECTION('',(0.,0.,-1.));
#1757=DIRECTION('',(0.,-1.,0.));
#1758=DIRECTION('',(0.,1.,0.));
#1759=DIRECTION('',(0.,0.,1.));
#1760=DIRECTION('',(0.,1.,0.));
#1761=DIRECTION('',(0.,-1.,0.));
#1762=DIRECTION('',(0.,0.,-1.));
#1763=DIRECTION('',(0.,1.,0.));
#1764=DIRECTION('',(0.,-1.,0.));
#1765=DIRECTION('',(0.,0.,-1.));
#1766=DIRECTION('',(0.,-1.,0.));
#1767=DIRECTION('',(0.,1.,0.));
#1768=DIRECTION('',(0.,0.,1.));
#1769=DIRECTION('',(0.,1.,0.));
#1770=DIRECTION('',(0.,-1.,0.));
#1771=DIRECTION('',(0.,0.,-1.));
#1772=DIRECTION('',(0.,1.,0.));
#1773=DIRECTION('',(1.46271540501015E-16,-0.537603101166038,0.843198022777959));
#1774=DIRECTION('',(-9.3259272035066E-17,-0.843198022777959,-0.537603101166038));
#1775=DIRECTION('',(0.,0.,1.));
#1776=DIRECTION('',(1.,0.,0.));
#1777=DIRECTION('',(1.,0.,0.));
#1778=DIRECTION('',(0.,-1.,0.));
#1779=DIRECTION('',(-1.,0.,0.));
#1780=DIRECTION('',(0.,1.,0.));
#1781=DIRECTION('',(0.,-1.,0.));
#1782=DIRECTION('',(-1.,0.,0.));
#1783=DIRECTION('',(0.,0.,1.));
#1784=DIRECTION('',(0.,0.,-1.));
#1785=DIRECTION('',(0.,-1.,0.));
#1786=DIRECTION('',(0.,0.,-1.));
#1787=DIRECTION('',(0.,1.,0.));
#1788=DIRECTION('',(0.,0.,-1.));
#1789=DIRECTION('',(1.,0.,0.));
#1790=DIRECTION('',(0.,0.,-1.));
#1791=DIRECTION('',(0.,0.,-1.));
#1792=DIRECTION('',(0.,-1.,0.));
#1793=DIRECTION('',(0.,0.,-1.));
#1794=DIRECTION('',(0.,1.,0.));
#1795=DIRECTION('',(0.,0.,-1.));
#1796=DIRECTION('',(0.,-1.,0.));
#1797=DIRECTION('',(0.,0.,1.));
#1798=DIRECTION('',(1.,0.,0.));
#1799=DIRECTION('',(0.,1.,0.));
#1800=DIRECTION('',(-1.,0.,0.));
#1801=DIRECTION('',(0.,1.,0.));
#1802=DIRECTION('',(1.,0.,0.));
#1803=DIRECTION('',(0.,0.,-1.));
#1804=DIRECTION('',(-1.,0.,0.));
#1805=DIRECTION('',(0.,-1.,0.));
#1806=DIRECTION('',(-1.,0.,0.));
#1807=DIRECTION('',(-1.,0.,0.));
#1808=DIRECTION('',(0.,0.,-1.));
#1809=DIRECTION('',(-1.,0.,0.));
#1810=DIRECTION('',(0.,1.,0.));
#1811=DIRECTION('',(1.,0.,0.));
#1812=DIRECTION('',(0.,1.,0.));
#1813=DIRECTION('',(1.,0.,0.));
#1814=DIRECTION('',(0.,-1.,0.));
#1815=DIRECTION('',(1.,0.,0.));
#1816=DIRECTION('',(-1.7347234759768E-16,0.,-1.));
#1817=DIRECTION('',(0.,-1.,0.));
#1818=DIRECTION('',(0.,0.,-1.));
#1819=DIRECTION('',(0.,0.,-1.));
#1820=DIRECTION('',(1.,0.,1.19636101791504E-16));
#1821=DIRECTION('',(-1.7347234759768E-16,0.,-1.));
#1822=DIRECTION('',(0.,-1.,0.));
#1823=DIRECTION('',(0.,0.,-1.));
#1824=DIRECTION('',(-1.,0.,0.));
#1825=DIRECTION('',(0.,0.,1.));
#1826=DIRECTION('',(0.,0.,-1.));
#1827=DIRECTION('',(0.,-0.707106781186548,-0.707106781186548));
#1828=DIRECTION('',(0.,0.,1.));
#1829=DIRECTION('',(0.,-1.,0.));
#1830=DIRECTION('',(0.,0.,-1.));
#1831=DIRECTION('',(0.,-1.,0.));
#1832=DIRECTION('',(1.,0.,-1.7347234759768E-16));
#1833=DIRECTION('',(-1.7347234759768E-16,0.,-1.));
#1834=DIRECTION('',(1.,0.,-1.7347234759768E-16));
#1835=DIRECTION('',(-1.7347234759768E-16,0.,-1.));
#1836=DIRECTION('',(1.,0.,-1.7347234759768E-16));
#1837=DIRECTION('',(-1.7347234759768E-16,0.,-1.));
#1838=DIRECTION('',(1.,0.,-1.7347234759768E-16));
#1839=DIRECTION('',(-1.7347234759768E-16,0.,-1.));
#1840=DIRECTION('',(1.,0.,-1.7347234759768E-16));
#1841=DIRECTION('',(-1.7347234759768E-16,0.,-1.));
#1842=DIRECTION('',(1.,0.,-1.7347234759768E-16));
#1843=DIRECTION('',(-1.7347234759768E-16,0.,-1.));
#1844=DIRECTION('',(-1.7347234759768E-16,0.,-1.));
#1845=DIRECTION('',(1.,0.,-1.7347234759768E-16));
#1846=DIRECTION('',(-1.7347234759768E-16,0.,-1.));
#1847=DIRECTION('',(0.,1.,0.));
#1848=DIRECTION('',(-9.3259272035066E-17,-0.843198022777959,-0.537603101166038));
#1849=DIRECTION('',(1.,0.,-1.7347234759768E-16));
#1850=DIRECTION('',(-1.7347234759768E-16,0.,-1.));
#1851=DIRECTION('',(-1.7347234759768E-16,0.,-1.));
#1852=DIRECTION('',(1.2266347333467E-16,0.707106781186548,0.707106781186548));
#1853=DIRECTION('',(0.,-1.,0.));
#1854=DIRECTION('',(1.7347234759768E-16,0.,1.));
#1855=DIRECTION('',(-1.2266347333467E-16,-0.707106781186548,-0.707106781186548));
#1856=DIRECTION('',(0.,1.,0.));
#1857=DIRECTION('',(1.,0.,-1.7347234759768E-16));
#1858=DIRECTION('',(-1.7347234759768E-16,0.,-1.));
#1859=DIRECTION('',(0.,1.,0.));
#1860=DIRECTION('',(1.,0.,-1.7347234759768E-16));
#1861=DIRECTION('',(-1.7347234759768E-16,0.,-1.));
#1862=DIRECTION('',(-1.7347234759768E-16,0.,-1.));
#1863=DIRECTION('',(1.,0.,-1.7347234759768E-16));
#1864=DIRECTION('',(-1.7347234759768E-16,0.,-1.));
#1865=DIRECTION('',(-9.3259272035066E-17,-0.843198022777959,-0.537603101166038));
#1866=DIRECTION('',(0.,1.,0.));
#1867=DIRECTION('',(-1.7347234759768E-16,0.,-1.));
#1868=DIRECTION('',(1.,0.,-1.7347234759768E-16));
#1869=DIRECTION('',(-1.7347234759768E-16,0.,-1.));
#1870=DIRECTION('',(1.,0.,-1.7347234759768E-16));
#1871=DIRECTION('',(-1.7347234759768E-16,0.,-1.));
#1872=DIRECTION('',(1.,0.,-1.7347234759768E-16));
#1873=DIRECTION('',(-1.7347234759768E-16,0.,-1.));
#1874=DIRECTION('',(1.,0.,-1.7347234759768E-16));
#1875=DIRECTION('',(-1.7347234759768E-16,0.,-1.));
#1876=DIRECTION('',(1.,0.,-1.7347234759768E-16));
#1877=DIRECTION('',(-1.7347234759768E-16,0.,-1.));
#1878=DIRECTION('',(0.,-1.,0.));
#1879=DIRECTION('',(-1.2266347333467E-16,-0.707106781186548,-0.707106781186548));
#1880=DIRECTION('',(-1.7347234759768E-16,0.,-1.));
#1881=DIRECTION('',(0.,1.,0.));
#1882=DIRECTION('',(1.2266347333467E-16,0.707106781186548,0.707106781186548));
#1883=DIRECTION('',(1.7347234759768E-16,0.,1.));
#1884=DIRECTION('',(1.,0.,-1.7347234759768E-16));
#1885=DIRECTION('',(-1.7347234759768E-16,0.,-1.));
#1886=DIRECTION('',(1.,0.,-1.7347234759768E-16));
#1887=DIRECTION('',(-1.7347234759768E-16,0.,-1.));
#1888=DIRECTION('',(1.,0.,-1.7347234759768E-16));
#1889=DIRECTION('',(-1.7347234759768E-16,0.,-1.));
#1890=DIRECTION('',(1.,0.,-1.7347234759768E-16));
#1891=DIRECTION('',(-1.7347234759768E-16,0.,-1.));
#1892=DIRECTION('',(1.,0.,-1.7347234759768E-16));
#1893=DIRECTION('',(-1.7347234759768E-16,0.,-1.));
#1894=DIRECTION('',(1.,0.,-1.7347234759768E-16));
#1895=DIRECTION('',(-1.7347234759768E-16,0.,-1.));
#1896=DIRECTION('',(-1.7347234759768E-16,0.,-1.));
#1897=DIRECTION('',(1.2266347333467E-16,0.707106781186548,0.707106781186548));
#1898=DIRECTION('',(0.,-1.,0.));
#1899=DIRECTION('',(1.7347234759768E-16,0.,1.));
#1900=DIRECTION('',(-1.2266347333467E-16,-0.707106781186548,-0.707106781186548));
#1901=DIRECTION('',(0.,1.,0.));
#1902=DIRECTION('',(-1.7347234759768E-16,0.,-1.));
#1903=DIRECTION('',(0.,-1.,0.));
#1904=DIRECTION('',(-1.7347234759768E-16,0.,-1.));
#1905=DIRECTION('',(0.,1.,0.));
#1906=DIRECTION('',(-9.3259272035066E-17,-0.843198022777959,-0.537603101166038));
#1907=DIRECTION('',(1.,0.,-1.7347234759768E-16));
#1908=DIRECTION('',(-1.7347234759768E-16,0.,-1.));
#1909=DIRECTION('',(-1.7347234759768E-16,0.,-1.));
#1910=DIRECTION('',(1.,0.,-1.7347234759768E-16));
#1911=DIRECTION('',(-1.7347234759768E-16,0.,-1.));
#1912=DIRECTION('',(0.,-1.,0.));
#1913=DIRECTION('',(0.,0.,1.));
#1914=DIRECTION('',(1.,0.,-1.7347234759768E-16));
#1915=DIRECTION('',(-1.7347234759768E-16,0.,-1.));
#1916=DIRECTION('',(0.,0.,1.));
#1917=DIRECTION('',(0.,-1.,0.));
#1918=DIRECTION('',(1.,0.,-1.7347234759768E-16));
#1919=DIRECTION('',(-1.7347234759768E-16,0.,-1.));
#1920=DIRECTION('',(-1.7347234759768E-16,0.,-1.));
#1921=DIRECTION('',(1.,0.,-1.7347234759768E-16));
#1922=DIRECTION('',(-1.7347234759768E-16,0.,-1.));
#1923=DIRECTION('',(-9.3259272035066E-17,-0.843198022777959,-0.537603101166038));
#1924=DIRECTION('',(0.,-1.,0.));
#1925=DIRECTION('',(-1.7347234759768E-16,0.,-1.));
#1926=DIRECTION('',(0.,1.,0.));
#1927=DIRECTION('',(1.2266347333467E-16,0.707106781186548,0.707106781186548));
#1928=DIRECTION('',(1.7347234759768E-16,0.,1.));
#1929=DIRECTION('',(0.,-1.,0.));
#1930=DIRECTION('',(-1.2266347333467E-16,-0.707106781186548,-0.707106781186548));
#1931=DIRECTION('',(-1.7347234759768E-16,0.,-1.));
#1932=DIRECTION('',(1.,0.,-1.7347234759768E-16));
#1933=DIRECTION('',(-1.7347234759768E-16,0.,-1.));
#1934=DIRECTION('',(1.,0.,-1.7347234759768E-16));
#1935=DIRECTION('',(-1.7347234759768E-16,0.,-1.));
#1936=DIRECTION('',(1.,0.,-1.7347234759768E-16));
#1937=DIRECTION('',(-1.7347234759768E-16,0.,-1.));
#1938=DIRECTION('',(1.,0.,-1.7347234759768E-16));
#1939=DIRECTION('',(-1.7347234759768E-16,0.,-1.));
#1940=DIRECTION('',(1.,0.,-1.7347234759768E-16));
#1941=DIRECTION('',(-1.7347234759768E-16,0.,-1.));
#1942=DIRECTION('',(0.,1.,0.));
#1943=DIRECTION('',(0.,0.,1.));
#1944=DIRECTION('',(0.,0.,1.));
#1945=DIRECTION('',(-1.,0.,1.7347234759768E-16));
#1946=DIRECTION('',(0.,1.,0.));
#1947=DIRECTION('',(0.,0.,1.));
#1948=DIRECTION('',(-1.,0.,1.7347234759768E-16));
#1949=DIRECTION('',(0.,0.,1.));
#1950=DIRECTION('',(1.,0.,0.));
#1951=DIRECTION('',(1.,0.,0.));
#1952=DIRECTION('',(0.,0.,-1.));
#1953=DIRECTION('',(0.,0.,-1.));
#1954=DIRECTION('',(0.,0.707106781186548,0.707106781186548));
#1955=DIRECTION('',(0.,0.,1.));
#1956=DIRECTION('',(0.,-1.,0.));
#1957=DIRECTION('',(0.,1.,0.));
#1958=DIRECTION('',(0.,1.,0.));
#1959=DIRECTION('',(0.,0.,1.));
#1960=DIRECTION('',(-1.,0.,1.7347234759768E-16));
#1961=DIRECTION('',(0.,1.,0.));
#1962=DIRECTION('',(0.,0.,1.));
#1963=DIRECTION('',(-1.,0.,1.7347234759768E-16));
#1964=DIRECTION('',(-1.,0.,0.));
#1965=DIRECTION('',(0.,1.,0.));
#1966=DIRECTION('',(0.,0.,1.));
#1967=DIRECTION('',(0.,1.,0.));
#1968=DIRECTION('',(0.,-1.,0.));
#1969=DIRECTION('',(0.,0.,-1.));
#1970=DIRECTION('',(0.,-1.,0.));
#1971=DIRECTION('',(1.,0.,0.));
#1972=DIRECTION('',(0.,-1.,0.));
#1973=DIRECTION('',(0.,0.,-1.));
#1974=DIRECTION('',(0.,-1.,0.));
#1975=DIRECTION('',(0.,0.,-1.));
#1976=DIRECTION('',(0.,-1.,0.));
#1977=DIRECTION('',(0.,0.,-1.));
#1978=DIRECTION('',(1.,0.,1.19636101791504E-16));
#1979=DIRECTION('',(0.,1.,0.));
#1980=DIRECTION('',(0.,0.,1.));
#1981=DIRECTION('',(0.,1.,0.));
#1982=DIRECTION('',(0.,0.,1.));
#1983=DIRECTION('',(0.,-1.,0.));
#1984=DIRECTION('',(1.46271540501015E-16,-0.537603101166038,0.843198022777959));
#1985=DIRECTION('',(9.3259272035066E-17,0.843198022777959,0.537603101166038));
#1986=DIRECTION('',(0.,-1.,0.));
#1987=DIRECTION('',(0.,0.,-1.));
#1988=DIRECTION('',(0.,-1.,0.));
#1989=DIRECTION('',(1.19636101791504E-16,0.,-1.));
#1990=DIRECTION('',(-1.,0.,-1.19636101791504E-16));
#1991=DIRECTION('',(0.,-1.,0.));
#1992=DIRECTION('',(1.,0.,0.));
#1993=DIRECTION('',(1.,0.,0.));
#1994=DIRECTION('',(1.,0.,-1.7347234759768E-16));
#1995=DIRECTION('',(0.,-1.,0.));
#1996=DIRECTION('',(1.,0.,0.));
#1997=DIRECTION('',(-1.,0.,0.));
#1998=DIRECTION('',(1.,0.,-1.7347234759768E-16));
#1999=DIRECTION('',(1.,0.,-1.7347234759768E-16));
#2000=DIRECTION('',(-1.7347234759768E-16,0.,-1.));
#2001=DIRECTION('',(1.,0.,-1.7347234759768E-16));
#2002=DIRECTION('',(1.,0.,-1.7347234759768E-16));
#2003=DIRECTION('',(1.,0.,-1.7347234759768E-16));
#2004=DIRECTION('',(-1.7347234759768E-16,0.,-1.));
#2005=DIRECTION('',(1.,0.,-1.7347234759768E-16));
#2006=DIRECTION('',(-1.7347234759768E-16,0.,-1.));
#2007=DIRECTION('',(1.,0.,-1.7347234759768E-16));
#2008=DIRECTION('',(1.,0.,-1.7347234759768E-16));
#2009=DIRECTION('',(1.,0.,-1.7347234759768E-16));
#2010=DIRECTION('',(-1.7347234759768E-16,0.,-1.));
#2011=DIRECTION('',(1.,0.,-1.7347234759768E-16));
#2012=DIRECTION('',(-1.7347234759768E-16,0.,-1.));
#2013=DIRECTION('',(1.,0.,-1.7347234759768E-16));
#2014=DIRECTION('',(1.,0.,-1.7347234759768E-16));
#2015=DIRECTION('',(-1.7347234759768E-16,0.,-1.));
#2016=DIRECTION('',(1.,0.,-1.7347234759768E-16));
#2017=DIRECTION('',(1.,0.,-1.7347234759768E-16));
#2018=DIRECTION('',(-1.7347234759768E-16,0.,-1.));
#2019=DIRECTION('',(1.,0.,-1.7347234759768E-16));
#2020=DIRECTION('',(-1.7347234759768E-16,0.,-1.));
#2021=DIRECTION('',(1.,0.,-1.7347234759768E-16));
#2022=DIRECTION('',(1.,0.,-1.7347234759768E-16));
#2023=DIRECTION('',(-1.7347234759768E-16,0.,-1.));
#2024=DIRECTION('',(1.,0.,-1.7347234759768E-16));
#2025=DIRECTION('',(1.,0.,-1.7347234759768E-16));
#2026=DIRECTION('',(-1.7347234759768E-16,0.,-1.));
#2027=DIRECTION('',(0.,-1.,0.));
#2028=DIRECTION('',(0.,0.,-1.));
#2029=DIRECTION('',(0.,-1.,0.));
#2030=DIRECTION('',(0.,1.,0.));
#2031=DIRECTION('',(0.,0.,1.));
#2032=DIRECTION('',(0.,1.,0.));
#2033=DIRECTION('',(0.,0.,1.));
#2034=DIRECTION('',(-1.,0.,0.));
#2035=DIRECTION('',(0.,-1.,0.));
#2036=DIRECTION('',(0.,0.,-1.));
#2037=DIRECTION('',(0.,1.,0.));
#2038=DIRECTION('',(0.,0.,-1.));
#2039=DIRECTION('',(1.19636101791504E-16,0.,-1.));
#2040=DIRECTION('',(-1.,0.,-1.19636101791504E-16));
#2041=DIRECTION('',(1.46271540501015E-16,-0.537603101166038,0.843198022777959));
#2042=DIRECTION('',(0.,-0.843198022777959,-0.537603101166038));
#2043=DIRECTION('',(1.,-1.23259516440783E-32,-1.7347234759768E-16));
#2044=DIRECTION('',(1.,0.,-1.7347234759768E-16));
#2045=DIRECTION('',(1.46271540501015E-16,-0.537603101166038,0.843198022777959));
#2046=DIRECTION('',(0.,-0.843198022777959,-0.537603101166038));
#2047=DIRECTION('',(1.,-1.23259516440783E-32,-1.7347234759768E-16));
#2048=DIRECTION('',(1.,0.,-1.7347234759768E-16));
#2049=DIRECTION('',(0.,1.,0.));
#2050=DIRECTION('',(0.,0.,1.));
#2051=DIRECTION('',(-1.7347234759768E-16,0.,-1.));
#2052=DIRECTION('',(0.,1.,0.));
#2053=DIRECTION('',(0.,0.,1.));
#2054=DIRECTION('',(-1.7347234759768E-16,0.,-1.));
#2055=DIRECTION('',(1.,0.,-1.7347234759768E-16));
#2056=DIRECTION('',(-1.7347234759768E-16,0.,-1.));
#2057=DIRECTION('',(1.,0.,-1.7347234759768E-16));
#2058=DIRECTION('',(-1.7347234759768E-16,0.,-1.));
#2059=DIRECTION('',(1.,0.,0.));
#2060=DIRECTION('',(0.,0.,-1.));
#2061=DIRECTION('',(1.,0.,0.));
#2062=DIRECTION('',(0.,0.,-1.));
#2063=DIRECTION('',(0.,-1.,0.));
#2064=DIRECTION('',(0.,0.,1.));
#2065=DIRECTION('',(-1.,0.,0.));
#2066=DIRECTION('',(0.,0.,1.));
#2067=DIRECTION('',(0.,0.,1.));
#2068=DIRECTION('',(0.,-1.,0.));
#2069=DIRECTION('',(-1.,0.,0.));
#2070=DIRECTION('',(0.,0.,1.));
#2071=DIRECTION('',(1.,0.,0.));
#2072=DIRECTION('',(0.,0.,-1.));
#2073=DIRECTION('',(1.,0.,0.));
#2074=DIRECTION('',(-1.,0.,0.));
#2075=DIRECTION('',(0.,0.,1.));
#2076=DIRECTION('',(-1.,0.,0.));
#2077=DIRECTION('',(-1.7347234759768E-16,0.,-1.));
#2078=DIRECTION('',(-1.,0.,1.7347234759768E-16));
#2079=DIRECTION('',(-1.,0.,1.7347234759768E-16));
#2080=DIRECTION('',(1.,0.,-1.7347234759768E-16));
#2081=DIRECTION('',(1.7347234759768E-16,0.,1.));
#2082=DIRECTION('',(1.,0.,-1.7347234759768E-16));
#2083=DIRECTION('',(-1.,0.,1.7347234759768E-16));
#2084=DIRECTION('',(1.,0.,-1.7347234759768E-16));
#2085=DIRECTION('',(0.,1.,0.));
#2086=DIRECTION('',(0.,0.,1.));
#2087=DIRECTION('',(1.,0.,-1.7347234759768E-16));
#2088=DIRECTION('',(0.,-1.,0.));
#2089=DIRECTION('',(0.,0.,-1.));
#2090=DIRECTION('',(1.,0.,-1.7347234759768E-16));
#2091=DIRECTION('',(0.,1.,0.));
#2092=DIRECTION('',(0.,0.,1.));
#2093=DIRECTION('',(1.,0.,-1.7347234759768E-16));
#2094=DIRECTION('',(1.,0.,-1.7347234759768E-16));
#2095=DIRECTION('',(0.,-1.,0.));
#2096=DIRECTION('',(0.,0.,-1.));
#2097=DIRECTION('',(1.,0.,-1.7347234759768E-16));
#2098=DIRECTION('',(1.,0.,-1.7347234759768E-16));
#2099=DIRECTION('',(1.7347234759768E-16,0.,1.));
#2100=DIRECTION('',(1.,0.,-1.7347234759768E-16));
#2101=DIRECTION('',(-1.,0.,1.7347234759768E-16));
#2102=DIRECTION('',(-1.7347234759768E-16,0.,-1.));
#2103=DIRECTION('',(-1.,0.,1.7347234759768E-16));
#2104=DIRECTION('',(-1.,0.,1.7347234759768E-16));
#2105=DIRECTION('',(1.2266347333467E-16,-0.707106781186547,0.707106781186548));
#2106=DIRECTION('',(-1.,0.,1.7347234759768E-16));
#2107=DIRECTION('',(1.2266347333467E-16,-0.707106781186547,0.707106781186548));
#2108=DIRECTION('',(-1.,0.,1.7347234759768E-16));
#2109=DIRECTION('',(-1.2266347333467E-16,0.707106781186548,-0.707106781186548));
#2110=DIRECTION('',(-1.,0.,1.7347234759768E-16));
#2111=DIRECTION('',(-1.2266347333467E-16,0.707106781186548,-0.707106781186548));
#2112=DIRECTION('',(-1.,0.,1.7347234759768E-16));
#2113=DIRECTION('',(0.,1.,0.));
#2114=DIRECTION('',(-1.,0.,0.));
#2115=DIRECTION('',(0.,1.,0.));
#2116=DIRECTION('',(0.,0.,1.));
#2117=DIRECTION('',(0.,1.,0.));
#2118=DIRECTION('',(0.,0.,1.));
#2119=DIRECTION('',(0.,1.,0.));
#2120=DIRECTION('',(0.,0.,1.));
#2121=DIRECTION('',(0.,1.,0.));
#2122=DIRECTION('',(0.,0.,1.));
#2123=DIRECTION('',(0.,1.,0.));
#2124=DIRECTION('',(0.,0.,1.));
#2125=DIRECTION('',(0.,1.,0.));
#2126=DIRECTION('',(0.,0.,1.));
#2127=DIRECTION('',(0.,0.,-1.));
#2128=DIRECTION('',(0.,0.,-1.));
#2129=DIRECTION('',(-1.,0.,1.7347234759768E-16));
#2130=DIRECTION('',(1.7347234759768E-16,0.,1.));
#2131=DIRECTION('',(-1.7347234759768E-16,0.,-1.));
#2132=DIRECTION('',(-1.,0.,1.7347234759768E-16));
#2133=DIRECTION('',(1.7347234759768E-16,0.,1.));
#2134=DIRECTION('',(-1.7347234759768E-16,0.,-1.));
#2135=DIRECTION('',(0.,-1.,0.));
#2136=DIRECTION('',(0.,0.,-1.));
#2137=DIRECTION('',(0.,-1.,0.));
#2138=DIRECTION('',(0.,0.,-1.));
#2139=DIRECTION('',(0.,-1.,0.));
#2140=DIRECTION('',(0.,0.,-1.));
#2141=DIRECTION('',(0.,0.,-1.));
#2142=DIRECTION('',(0.,0.,-1.));
#2143=DIRECTION('',(0.,-1.,0.));
#2144=DIRECTION('',(0.,0.,-1.));
#2145=DIRECTION('',(0.,-1.,0.));
#2146=DIRECTION('',(0.,0.,-1.));
#2147=DIRECTION('',(-1.,0.,0.));
#2148=DIRECTION('',(0.,0.,1.));
#2149=DIRECTION('',(1.,0.,0.));
#2150=DIRECTION('',(0.,0.,-1.));
#2151=DIRECTION('',(0.,-1.,0.));
#2152=DIRECTION('',(0.,0.,-1.));
#2153=DIRECTION('',(0.,1.,0.));
#2154=DIRECTION('',(0.,0.,1.));
#2155=DIRECTION('',(0.,-1.,0.));
#2156=DIRECTION('',(0.,0.,-1.));
#2157=DIRECTION('',(0.,-1.,0.));
#2158=DIRECTION('',(0.,0.,-1.));
#2159=DIRECTION('',(0.,0.,1.));
#2160=DIRECTION('',(1.,0.,0.));
#2161=DIRECTION('',(-1.,0.,0.));
#2162=DIRECTION('',(0.,1.,0.));
#2163=DIRECTION('',(0.,0.,1.));
#2164=DIRECTION('',(0.,0.,1.));
#2165=DIRECTION('',(1.,0.,0.));
#2166=DIRECTION('',(1.,0.,0.));
#2167=DIRECTION('',(0.,1.,0.));
#2168=DIRECTION('',(0.,0.,1.));
#2169=CARTESIAN_POINT('',(0.,0.,0.));
#2170=CARTESIAN_POINT('',(-0.01225,-0.027,-0.0135));
#2171=CARTESIAN_POINT('',(-0.01025,-0.027,-0.0135));
#2172=CARTESIAN_POINT('',(-0.01025,-0.015,-0.0135));
#2173=CARTESIAN_POINT('',(-0.01025,-0.0015,-0.0135));
#2174=CARTESIAN_POINT('',(-0.0109682458365518,-0.015,-0.0135));
#2175=CARTESIAN_POINT('',(-0.0116864916731037,-0.015,-0.0135));
#2176=CARTESIAN_POINT('',(-0.0116864916731037,-0.027,-0.0135));
#2177=CARTESIAN_POINT('',(-0.0116864916731037,0.,-0.0135));
#2178=CARTESIAN_POINT('',(0.,0.,-0.0135));
#2179=CARTESIAN_POINT('',(-0.01075,0.,-0.0135));
#2180=CARTESIAN_POINT('',(-0.01075,0.0235,-0.0135));
#2181=CARTESIAN_POINT('',(-0.01075,-0.0015,-0.0135));
#2182=CARTESIAN_POINT('',(-0.01225,-0.0015,-0.0135));
#2183=CARTESIAN_POINT('',(0.01225,-0.027,-0.0135));
#2184=CARTESIAN_POINT('',(0.0116864916731037,-0.027,-0.0135));
#2185=CARTESIAN_POINT('',(0.0116864916731037,-0.015,-0.0135));
#2186=CARTESIAN_POINT('',(0.0116864916731037,0.,-0.0135));
#2187=CARTESIAN_POINT('',(0.0109682458365518,-0.015,-0.0135));
#2188=CARTESIAN_POINT('',(0.01025,-0.015,-0.0135));
#2189=CARTESIAN_POINT('',(0.01025,-0.027,-0.0135));
#2190=CARTESIAN_POINT('',(0.01025,-0.0015,-0.0135));
#2191=CARTESIAN_POINT('',(0.01225,-0.0015,-0.0135));
#2192=CARTESIAN_POINT('',(0.01075,-0.0015,-0.0135));
#2193=CARTESIAN_POINT('',(0.01075,0.0235,-0.0135));
#2194=CARTESIAN_POINT('',(0.01075,0.,-0.0135));
#2195=CARTESIAN_POINT('',(0.,0.,-0.0135));
#2196=CARTESIAN_POINT('',(-0.00575,-0.00825,0.01825));
#2197=CARTESIAN_POINT('',(-0.00575,0.005,0.));
#2198=CARTESIAN_POINT('',(-0.00575,0.005,0.02));
#2199=CARTESIAN_POINT('',(-0.00575,0.005,0.0198));
#2200=CARTESIAN_POINT('',(-0.00575,-0.00825,0.02));
#2201=CARTESIAN_POINT('',(-0.00575,-0.0105,0.02));
#2202=CARTESIAN_POINT('',(-0.00575,-0.0105,0.022));
#2203=CARTESIAN_POINT('',(-0.00575,-0.0105,0.0198));
#2204=CARTESIAN_POINT('',(-0.00575,-0.00825,0.0198));
#2205=CARTESIAN_POINT('',(0.00975,-0.027,0.013));
#2206=CARTESIAN_POINT('',(0.00975,-0.0105,0.013));
#2207=CARTESIAN_POINT('',(0.00975,-0.0105,0.015));
#2208=CARTESIAN_POINT('',(0.0098680339887499,-0.0105,0.0149965139562497));
#2209=CARTESIAN_POINT('',(0.0098680339887499,-0.0105,0.0149965139562497));
#2210=CARTESIAN_POINT('',(0.0098680339887499,-0.0173071660101413,0.0149965139562497));
#2211=CARTESIAN_POINT('',(0.00975,-0.0173071660101413,0.013));
#2212=CARTESIAN_POINT('',(0.01175,-0.0173071660101413,0.013));
#2213=CARTESIAN_POINT('',(0.01175,-0.027,0.013));
#2214=CARTESIAN_POINT('',(0.01175,0.,0.013));
#2215=CARTESIAN_POINT('',(0.00975,0.,0.013));
#2216=CARTESIAN_POINT('',(0.00975,0.,0.015));
#2217=CARTESIAN_POINT('',(0.00975,-0.027,0.015));
#2218=CARTESIAN_POINT('',(0.00875,-0.027,0.012));
#2219=CARTESIAN_POINT('',(0.0098680339887499,-0.0105,0.013));
#2220=CARTESIAN_POINT('',(0.0098680339887499,-0.0105,0.013));
#2221=CARTESIAN_POINT('',(0.0098680339887499,-0.0173071660101413,0.013));
#2222=CARTESIAN_POINT('',(0.00875,-0.0105,0.012));
#2223=CARTESIAN_POINT('',(0.00875,-0.0105,0.0135));
#2224=CARTESIAN_POINT('',(0.00875,-0.027,0.0135));
#2225=CARTESIAN_POINT('',(0.00875,0.,0.0135));
#2226=CARTESIAN_POINT('',(0.00875,0.,0.012));
#2227=CARTESIAN_POINT('',(0.01025,0.,0.012));
#2228=CARTESIAN_POINT('',(0.01025,-0.0015,0.012));
#2229=CARTESIAN_POINT('',(0.01025,-0.0188756056656216,0.012));
#2230=CARTESIAN_POINT('',(0.00875,-0.0188756056656216,0.012));
#2231=CARTESIAN_POINT('',(1.7347234759768E-18,-0.027,0.0135));
#2232=CARTESIAN_POINT('',(0.00925,0.005,0.0135));
#2233=CARTESIAN_POINT('',(-0.00875,0.005,0.0135));
#2234=CARTESIAN_POINT('',(0.00875,0.005,0.0135));
#2235=CARTESIAN_POINT('',(0.00875,-0.027,0.0135));
#2236=CARTESIAN_POINT('',(1.7347234759768E-18,-0.0105,0.0135));
#2237=CARTESIAN_POINT('',(-0.00875,-0.0105,0.0135));
#2238=CARTESIAN_POINT('',(-0.00875,-0.027,0.0135));
#2239=CARTESIAN_POINT('',(-0.00875,0.,0.0135));
#2240=CARTESIAN_POINT('',(-0.00875,-0.027,0.0135));
#2241=CARTESIAN_POINT('',(0.00975,-0.027,0.022));
#2242=CARTESIAN_POINT('',(0.00975,0.,0.022));
#2243=CARTESIAN_POINT('',(0.00975,0.,0.0145));
#2244=CARTESIAN_POINT('',(0.00975,-0.027,0.0145));
#2245=CARTESIAN_POINT('',(0.00975,0.005,0.0145));
#2246=CARTESIAN_POINT('',(0.00975,0.005,0.022));
#2247=CARTESIAN_POINT('',(0.00975,0.005,0.02));
#2248=CARTESIAN_POINT('',(0.00975,-0.0105,0.02));
#2249=CARTESIAN_POINT('',(0.00975,-0.0105,0.02));
#2250=CARTESIAN_POINT('',(0.00975,-0.0105,0.022));
#2251=CARTESIAN_POINT('',(-0.00975,-0.027,0.022));
#2252=CARTESIAN_POINT('',(-0.00975,0.005,0.01425));
#2253=CARTESIAN_POINT('',(-0.00975,0.005,0.02));
#2254=CARTESIAN_POINT('',(-0.00975,0.005,0.0145));
#2255=CARTESIAN_POINT('',(-0.00975,-0.027,0.0145));
#2256=CARTESIAN_POINT('',(-0.00975,0.,0.0145));
#2257=CARTESIAN_POINT('',(-0.00975,0.,0.01425));
#2258=CARTESIAN_POINT('',(-0.00975,0.,0.015));
#2259=CARTESIAN_POINT('',(-0.00975,-0.027,0.015));
#2260=CARTESIAN_POINT('',(-0.00975,-0.0105,0.015));
#2261=CARTESIAN_POINT('',(-0.00975,-0.0105,0.022));
#2262=CARTESIAN_POINT('',(-0.00975,-0.0105,0.02));
#2263=CARTESIAN_POINT('',(-0.00975,0.005,0.02));
#2264=CARTESIAN_POINT('',(1.7347234759768E-18,-0.027,0.0145));
#2265=CARTESIAN_POINT('',(-0.00775,-0.027,0.0145));
#2266=CARTESIAN_POINT('',(-0.00775,-0.0105,0.0145));
#2267=CARTESIAN_POINT('',(-0.00775,0.005,0.0145));
#2268=CARTESIAN_POINT('',(5.20417042793042E-18,-0.0105,0.0145));
#2269=CARTESIAN_POINT('',(0.00775,-0.0105,0.0145));
#2270=CARTESIAN_POINT('',(0.00775,-0.027,0.0145));
#2271=CARTESIAN_POINT('',(0.00775,0.005,0.0145));
#2272=CARTESIAN_POINT('',(0.,0.005,0.0145));
#2273=CARTESIAN_POINT('',(-0.00575,-0.00825,0.0198));
#2274=CARTESIAN_POINT('',(-0.00775,-0.00825,0.0198));
#2275=CARTESIAN_POINT('',(-0.00775,0.005,0.0198));
#2276=CARTESIAN_POINT('',(-0.00775,-0.0105,0.0198));
#2277=CARTESIAN_POINT('',(-0.00575,0.005,0.0198));
#2278=CARTESIAN_POINT('',(-0.00575,-0.0105,0.0198));
#2279=CARTESIAN_POINT('',(0.00575,-0.00825,0.0198));
#2280=CARTESIAN_POINT('',(0.00775,-0.00825,0.0198));
#2281=CARTESIAN_POINT('',(0.00775,-0.0105,0.0198));
#2282=CARTESIAN_POINT('',(0.00775,0.005,0.0198));
#2283=CARTESIAN_POINT('',(0.00575,-0.0105,0.0198));
#2284=CARTESIAN_POINT('',(0.00575,-0.0105,0.0198));
#2285=CARTESIAN_POINT('',(0.00575,-0.00825,0.0198));
#2286=CARTESIAN_POINT('',(0.00575,0.005,0.0198));
#2287=CARTESIAN_POINT('',(0.00575,0.005,0.0198));
#2288=CARTESIAN_POINT('',(0.,0.,0.));
#2289=CARTESIAN_POINT('',(0.01175,0.,0.));
#2290=CARTESIAN_POINT('',(0.01175,0.,-0.013));
#2291=CARTESIAN_POINT('',(0.00975,0.,-0.013));
#2292=CARTESIAN_POINT('',(0.01075,0.,0.));
#2293=CARTESIAN_POINT('',(0.01075,0.,-0.00725));
#2294=CARTESIAN_POINT('',(8.67361737988404E-19,0.,-0.00725));
#2295=CARTESIAN_POINT('',(0.01025,0.,-0.00725));
#2296=CARTESIAN_POINT('',(0.01025,0.,-1.77809156287623E-18));
#2297=CARTESIAN_POINT('',(0.00875,0.,0.0145));
#2298=CARTESIAN_POINT('',(0.01075,0.0235,-0.00975));
#2299=CARTESIAN_POINT('',(0.01075,-0.0015,-0.00975));
#2300=CARTESIAN_POINT('',(0.01075,-0.0015,-0.00921112112700939));
#2301=CARTESIAN_POINT('',(0.01075,-0.0014367364346981,-0.00914785756170749));
#2302=CARTESIAN_POINT('',(0.01075,-0.0014367364346981,-0.0091478575617075));
#2303=CARTESIAN_POINT('',(0.01075,-0.0014367364346981,-0.00975));
#2304=CARTESIAN_POINT('',(0.01075,-0.0014367364346981,-0.00814785756170749));
#2305=CARTESIAN_POINT('',(0.01075,0.0235,-0.00814785756170749));
#2306=CARTESIAN_POINT('',(0.01075,-0.0015,-0.00814785756170749));
#2307=CARTESIAN_POINT('',(0.01075,-0.0015,-0.00975));
#2308=CARTESIAN_POINT('',(0.01075,-0.0015,-0.00725));
#2309=CARTESIAN_POINT('',(0.01075,0.0235,-0.00725));
#2310=CARTESIAN_POINT('',(0.01175,-0.027,0.));
#2311=CARTESIAN_POINT('',(0.01175,-0.015,0.0025));
#2312=CARTESIAN_POINT('',(0.01175,-0.015,0.00145));
#2313=CARTESIAN_POINT('',(0.01175,-0.0198775858788849,-0.0009941602702369));
#2314=CARTESIAN_POINT('',(0.01175,-0.0190240083500801,-0.000382682222945447));
#2315=CARTESIAN_POINT('',(0.01175,-0.0207311634076898,-0.00160563831752836));
#2316=CARTESIAN_POINT('',(0.01175,-0.015,0.0025));
#2317=CARTESIAN_POINT('',(0.01175,-0.015,-0.00245));
#2318=CARTESIAN_POINT('',(0.01175,-0.015,-0.0035));
#2319=CARTESIAN_POINT('',(0.01175,-0.015,-0.00455));
#2320=CARTESIAN_POINT('',(0.01175,-0.015,0.0025));
#2321=CARTESIAN_POINT('',(0.01175,-0.027,0.));
#2322=CARTESIAN_POINT('',(0.01175,-0.027,-0.0014056920989053));
#2323=CARTESIAN_POINT('',(0.01175,-0.027,-0.0035));
#2324=CARTESIAN_POINT('',(0.01175,-0.012,-0.0035));
#2325=CARTESIAN_POINT('',(0.01175,-0.0236081867662439,-0.013));
#2326=CARTESIAN_POINT('',(0.01175,0.,-0.013));
#2327=CARTESIAN_POINT('',(0.01175,-0.0221535830050707,0.00991003923676908));
#2328=CARTESIAN_POINT('',(0.01175,-0.0200640465174905,0.0112422782427641));
#2329=CARTESIAN_POINT('',(0.01175,-0.012,-0.0014056920989053));
#2330=CARTESIAN_POINT('',(0.01175,-0.0014367364346981,-0.0093978575617075));
#2331=CARTESIAN_POINT('',(0.01175,-0.0014367364346981,-0.0081478575617075));
#2332=CARTESIAN_POINT('',(0.01175,-0.0014367364346981,-0.0091478575617075));
#2333=CARTESIAN_POINT('',(0.01175,-0.0014367364346981,-0.0091478575617075));
#2334=CARTESIAN_POINT('',(0.01175,-0.00293673643469811,-0.0106478575617075));
#2335=CARTESIAN_POINT('',(0.01175,-0.0039367364346981,-0.0106478575617075));
#2336=CARTESIAN_POINT('',(0.01175,-0.00643673643469811,-0.0106478575617075));
#2337=CARTESIAN_POINT('',(0.01175,-0.00643673643469811,-0.0093978575617075));
#2338=CARTESIAN_POINT('',(0.01175,-0.00643673643469811,-0.0096478575617075));
#2339=CARTESIAN_POINT('',(0.01175,-0.00643673643469811,-0.0096478575617075));
#2340=CARTESIAN_POINT('',(0.01175,-0.00493673643469811,-0.0081478575617075));
#2341=CARTESIAN_POINT('',(0.01175,-0.0039367364346981,-0.0081478575617075));
#2342=CARTESIAN_POINT('',(-0.01175,-0.027,1.7347234759768E-18));
#2343=CARTESIAN_POINT('',(-0.01175,-0.027,-0.013));
#2344=CARTESIAN_POINT('',(-0.01175,0.,-0.013));
#2345=CARTESIAN_POINT('',(-0.01175,-0.0236081867662439,-0.013));
#2346=CARTESIAN_POINT('',(-0.01175,-0.012,-0.0035));
#2347=CARTESIAN_POINT('',(-0.01175,-0.027,-0.0035));
#2348=CARTESIAN_POINT('',(-0.01175,-0.027,1.7347234759768E-18));
#2349=CARTESIAN_POINT('',(-0.01175,-0.027,-0.00140569209890529));
#2350=CARTESIAN_POINT('',(-0.01175,-0.012,-0.00140569209890529));
#2351=CARTESIAN_POINT('',(-0.01175,-0.0200640465174905,0.0112422782427641));
#2352=CARTESIAN_POINT('',(-0.01175,-0.0300915816191635,0.00484895920964979));
#2353=CARTESIAN_POINT('',(-0.01175,-0.0173071660101413,0.013));
#2354=CARTESIAN_POINT('',(-0.01175,0.,0.013));
#2355=CARTESIAN_POINT('',(-0.01175,0.,0.013));
#2356=CARTESIAN_POINT('',(-0.01175,0.,1.7347234759768E-18));
#2357=CARTESIAN_POINT('',(-0.01175,-0.015,0.0025));
#2358=CARTESIAN_POINT('',(-0.01175,-0.015,0.00145));
#2359=CARTESIAN_POINT('',(-0.01175,-0.015,0.0025));
#2360=CARTESIAN_POINT('',(-0.01175,-0.0190240083500801,-0.000382682222945443));
#2361=CARTESIAN_POINT('',(-0.01175,-0.015,-0.00245));
#2362=CARTESIAN_POINT('',(-0.01175,-0.0198775858788849,-0.000994160270236896));
#2363=CARTESIAN_POINT('',(-0.01175,-0.0207311634076898,-0.00160563831752836));
#2364=CARTESIAN_POINT('',(-0.01175,-0.015,0.0025));
#2365=CARTESIAN_POINT('',(-0.01175,-0.015,-0.00455));
#2366=CARTESIAN_POINT('',(-0.01175,-0.015,-0.0035));
#2367=CARTESIAN_POINT('',(-0.01175,-0.027,-0.0106478575617075));
#2368=CARTESIAN_POINT('',(-0.01175,-0.00293673643469811,-0.0106478575617075));
#2369=CARTESIAN_POINT('',(-0.01175,-0.00643673643469811,-0.0106478575617075));
#2370=CARTESIAN_POINT('',(-0.01175,-0.00964443943649531,-0.0173555605635047));
#2371=CARTESIAN_POINT('',(-0.01175,-0.0014367364346981,-0.00914785756170749));
#2372=CARTESIAN_POINT('',(-0.01175,-0.0014367364346981,1.7347234759768E-18));
#2373=CARTESIAN_POINT('',(-0.01175,-0.0014367364346981,-0.00814785756170749));
#2374=CARTESIAN_POINT('',(-0.01175,-0.027,-0.00814785756170749));
#2375=CARTESIAN_POINT('',(-0.01175,-0.0049367364346981,-0.00814785756170749));
#2376=CARTESIAN_POINT('',(-0.01175,-0.0118944394364953,-0.0151055605635047));
#2377=CARTESIAN_POINT('',(-0.01175,-0.00643673643469811,-0.00964785756170749));
#2378=CARTESIAN_POINT('',(-0.01175,-0.00643673643469811,1.7347234759768E-18));
#2379=CARTESIAN_POINT('',(-0.01025,-0.027,1.47451495458029E-18));
#2380=CARTESIAN_POINT('',(-0.01025,-0.015,0.0025));
#2381=CARTESIAN_POINT('',(-0.01025,-0.015,0.00145));
#2382=CARTESIAN_POINT('',(-0.01025,-0.0198775858788849,-0.000994160270236896));
#2383=CARTESIAN_POINT('',(-0.01025,-0.0190240083500801,-0.000382682222945443));
#2384=CARTESIAN_POINT('',(-0.01025,-0.0207311634076898,-0.00160563831752836));
#2385=CARTESIAN_POINT('',(-0.01025,-0.015,0.0025));
#2386=CARTESIAN_POINT('',(-0.01025,-0.015,-0.00245));
#2387=CARTESIAN_POINT('',(-0.01025,-0.015,-0.0035));
#2388=CARTESIAN_POINT('',(-0.01025,-0.015,-0.00455));
#2389=CARTESIAN_POINT('',(-0.01025,-0.015,0.0025));
#2390=CARTESIAN_POINT('',(-0.01025,-0.0015,1.47451495458029E-18));
#2391=CARTESIAN_POINT('',(-0.01025,-0.0015,-0.00921112112700939));
#2392=CARTESIAN_POINT('',(-0.01025,-0.0014367364346981,-0.00914785756170749));
#2393=CARTESIAN_POINT('',(-0.01025,-0.00293673643469811,-0.0106478575617075));
#2394=CARTESIAN_POINT('',(-0.01025,-0.027,-0.0106478575617075));
#2395=CARTESIAN_POINT('',(-0.01025,-0.00643673643469811,-0.0106478575617075));
#2396=CARTESIAN_POINT('',(-0.01025,-0.00643673643469811,1.47451495458029E-18));
#2397=CARTESIAN_POINT('',(-0.01025,-0.00643673643469811,-0.00964785756170749));
#2398=CARTESIAN_POINT('',(-0.01025,-0.00643673643469811,-0.00964785756170749));
#2399=CARTESIAN_POINT('',(-0.01025,-0.0049367364346981,-0.00814785756170749));
#2400=CARTESIAN_POINT('',(-0.01025,-0.027,-0.00814785756170749));
#2401=CARTESIAN_POINT('',(-0.01025,-0.0015,-0.00814785756170749));
#2402=CARTESIAN_POINT('',(-0.01025,-0.0015,1.47451495458029E-18));
#2403=CARTESIAN_POINT('',(-0.01025,-0.0015,-0.00725));
#2404=CARTESIAN_POINT('',(-0.01025,0.0235,-0.00725));
#2405=CARTESIAN_POINT('',(-0.01025,0.,-0.00725));
#2406=CARTESIAN_POINT('',(-0.01025,0.,1.77809156287623E-18));
#2407=CARTESIAN_POINT('',(-0.01025,0.,0.012));
#2408=CARTESIAN_POINT('',(-0.01025,-0.027,0.012));
#2409=CARTESIAN_POINT('',(-0.01025,-0.0188756056656216,0.012));
#2410=CARTESIAN_POINT('',(-0.01025,-0.0300915816191635,0.00484895920964979));
#2411=CARTESIAN_POINT('',(-0.01025,-0.0200640465174905,0.0112422782427641));
#2412=CARTESIAN_POINT('',(-0.01025,-0.012,-0.00140569209890529));
#2413=CARTESIAN_POINT('',(-0.01025,-0.027,-0.00140569209890529));
#2414=CARTESIAN_POINT('',(-0.01025,-0.027,1.47451495458029E-18));
#2415=CARTESIAN_POINT('',(-0.01025,-0.027,-0.0035));
#2416=CARTESIAN_POINT('',(-0.01025,-0.012,-0.0035));
#2417=CARTESIAN_POINT('',(-0.01025,-0.02,-0.0161885775404495));
#2418=CARTESIAN_POINT('',(-0.01025,-0.015,-0.0161885775404495));
#2419=CARTESIAN_POINT('',(-0.01025,-0.015,-0.0161885775404495));
#2420=CARTESIAN_POINT('',(-0.01025,-0.015,-0.0185));
#2421=CARTESIAN_POINT('',(0.01025,-0.027,2.60208521396521E-19));
#2422=CARTESIAN_POINT('',(0.01025,-0.015,-0.0185));
#2423=CARTESIAN_POINT('',(0.01025,-0.015,-0.0161885775404495));
#2424=CARTESIAN_POINT('',(0.01025,-0.015,-0.0161885775404495));
#2425=CARTESIAN_POINT('',(0.01025,-0.02,-0.0161885775404495));
#2426=CARTESIAN_POINT('',(0.01025,-0.012,-0.0035));
#2427=CARTESIAN_POINT('',(0.01025,-0.027,-0.0035));
#2428=CARTESIAN_POINT('',(0.01025,-0.027,2.60208521396521E-19));
#2429=CARTESIAN_POINT('',(0.01025,-0.027,-0.0014056920989053));
#2430=CARTESIAN_POINT('',(0.01025,-0.012,-0.0014056920989053));
#2431=CARTESIAN_POINT('',(0.01025,-0.0200640465174905,0.0112422782427641));
#2432=CARTESIAN_POINT('',(0.01025,-0.0300915816191635,0.00484895920964979));
#2433=CARTESIAN_POINT('',(0.01025,0.0235,-0.00725));
#2434=CARTESIAN_POINT('',(0.01025,-0.0015,-0.00725));
#2435=CARTESIAN_POINT('',(0.01025,-0.0015,2.60208521396521E-19));
#2436=CARTESIAN_POINT('',(0.01025,-0.0015,-0.00814785756170749));
#2437=CARTESIAN_POINT('',(0.01025,-0.027,-0.00814785756170749));
#2438=CARTESIAN_POINT('',(0.01025,-0.0049367364346981,-0.00814785756170749));
#2439=CARTESIAN_POINT('',(0.01025,-0.0118944394364953,-0.0151055605635047));
#2440=CARTESIAN_POINT('',(0.01025,-0.00643673643469811,-0.0096478575617075));
#2441=CARTESIAN_POINT('',(0.01025,-0.00643673643469811,2.60208521396521E-19));
#2442=CARTESIAN_POINT('',(0.01025,-0.00643673643469811,-0.0106478575617075));
#2443=CARTESIAN_POINT('',(0.01025,-0.027,-0.0106478575617075));
#2444=CARTESIAN_POINT('',(0.01025,-0.00293673643469811,-0.0106478575617075));
#2445=CARTESIAN_POINT('',(0.01025,-0.00964443943649531,-0.0173555605635047));
#2446=CARTESIAN_POINT('',(0.01025,-0.0015,-0.00921112112700939));
#2447=CARTESIAN_POINT('',(0.01025,-0.0015,2.60208521396521E-19));
#2448=CARTESIAN_POINT('',(0.01025,-0.015,0.0025));
#2449=CARTESIAN_POINT('',(0.01025,-0.015,0.00145));
#2450=CARTESIAN_POINT('',(0.01025,-0.015,0.0025));
#2451=CARTESIAN_POINT('',(0.01025,-0.0190240083500801,-0.000382682222945447));
#2452=CARTESIAN_POINT('',(0.01025,-0.015,-0.00245));
#2453=CARTESIAN_POINT('',(0.01025,-0.0198775858788849,-0.0009941602702369));
#2454=CARTESIAN_POINT('',(0.01025,-0.0207311634076898,-0.00160563831752836));
#2455=CARTESIAN_POINT('',(0.01025,-0.015,0.0025));
#2456=CARTESIAN_POINT('',(0.01025,-0.015,-0.00455));
#2457=CARTESIAN_POINT('',(0.01025,-0.015,-0.0035));
#2458=CARTESIAN_POINT('',(-0.01075,-0.0015,-0.00975));
#2459=CARTESIAN_POINT('',(-0.01075,-0.0015,-0.00975));
#2460=CARTESIAN_POINT('',(-0.01075,-0.0015,-0.00921112112700939));
#2461=CARTESIAN_POINT('',(-0.01325,-0.0015,-0.00921112112700939));
#2462=CARTESIAN_POINT('',(-0.01075,-0.0015,-0.00975));
#2463=CARTESIAN_POINT('',(-0.01075,-0.0015,-0.00814785756170749));
#2464=CARTESIAN_POINT('',(-0.01075,-0.0015,-0.00814785756170749));
#2465=CARTESIAN_POINT('',(-0.01075,-0.0015,-0.00975));
#2466=CARTESIAN_POINT('',(-0.01075,-0.0015,-0.00725));
#2467=CARTESIAN_POINT('',(-0.01075,-0.0015,-0.00725));
#2468=CARTESIAN_POINT('',(-0.01075,0.0235,-0.00975));
#2469=CARTESIAN_POINT('',(-0.01075,-0.0014367364346981,-0.00975));
#2470=CARTESIAN_POINT('',(-0.01075,-0.0014367364346981,-0.00814785756170749));
#2471=CARTESIAN_POINT('',(-0.01075,-0.0014367364346981,-0.00914785756170749));
#2472=CARTESIAN_POINT('',(-0.01075,-0.0014367364346981,-0.00914785756170749));
#2473=CARTESIAN_POINT('',(-0.01075,0.,0.));
#2474=CARTESIAN_POINT('',(-0.01075,0.,-0.00725));
#2475=CARTESIAN_POINT('',(-0.01075,0.0235,-0.00725));
#2476=CARTESIAN_POINT('',(-0.01075,0.0235,-0.00814785756170749));
#2477=CARTESIAN_POINT('',(0.01075,-0.0015,-0.00975));
#2478=CARTESIAN_POINT('',(-0.01325,-0.0015,-0.00921112112700939));
#2479=CARTESIAN_POINT('',(0.01075,-0.0015,-0.00975));
#2480=CARTESIAN_POINT('',(0.01075,-0.0015,-0.00814785756170749));
#2481=CARTESIAN_POINT('',(0.01075,-0.0015,-0.00725));
#2482=CARTESIAN_POINT('',(-0.00975,-0.027,-0.013));
#2483=CARTESIAN_POINT('',(-0.0116864916731037,-0.027,-0.0135));
#2484=CARTESIAN_POINT('',(-0.0116864916731037,-0.023180339887499,-0.0135));
#2485=CARTESIAN_POINT('',(-0.0116864916731037,-0.023180339887499,-0.0135));
#2486=CARTESIAN_POINT('',(-0.0117283328631542,-0.0233252820215321,-0.013337949767749));
#2487=CARTESIAN_POINT('',(-0.01175,-0.0234679337358834,-0.0131713771969428));
#2488=CARTESIAN_POINT('',(-0.01175,-0.0236081867662439,-0.013));
#2489=CARTESIAN_POINT('',(-0.00975,0.,-0.013));
#2490=CARTESIAN_POINT('',(0.,0.,0.));
#2491=CARTESIAN_POINT('',(-0.00975,0.,0.013));
#2492=CARTESIAN_POINT('',(-0.00875,0.,0.0145));
#2493=CARTESIAN_POINT('',(-0.00875,0.,0.012));
#2494=CARTESIAN_POINT('',(8.67361737988404E-19,0.,-0.00725));
#2495=CARTESIAN_POINT('',(-0.00875,-0.027,0.012));
#2496=CARTESIAN_POINT('',(-0.00875,-0.0105,0.012));
#2497=CARTESIAN_POINT('',(-0.00986803398874989,-0.0105,0.013));
#2498=CARTESIAN_POINT('',(-0.00986803398874989,-0.0105,0.013));
#2499=CARTESIAN_POINT('',(-0.00986803398874989,-0.0173071660101413,0.013));
#2500=CARTESIAN_POINT('',(-0.00875,-0.0188756056656216,0.012));
#2501=CARTESIAN_POINT('',(0.00975,-0.027,-0.013));
#2502=CARTESIAN_POINT('',(0.01175,-0.0236081867662439,-0.013));
#2503=CARTESIAN_POINT('',(0.01175,-0.0234679337358834,-0.0131713771969428));
#2504=CARTESIAN_POINT('',(0.0117283328631542,-0.0233252820215321,-0.013337949767749));
#2505=CARTESIAN_POINT('',(0.0116864916731037,-0.023180339887499,-0.0135));
#2506=CARTESIAN_POINT('',(0.0116864916731037,-0.023180339887499,-0.0135));
#2507=CARTESIAN_POINT('',(0.0116864916731037,-0.027,-0.0135));
#2508=CARTESIAN_POINT('',(-4.33680868994202E-18,0.0235,-0.00725));
#2509=CARTESIAN_POINT('',(0.,-0.027,0.));
#2510=CARTESIAN_POINT('',(0.,-0.027,-0.0035));
#2511=CARTESIAN_POINT('',(-2.43848708396613E-19,-0.027,-0.00140569209890529));
#2512=CARTESIAN_POINT('',(0.,-0.027,0.));
#2513=CARTESIAN_POINT('',(0.,-0.027,-0.0035));
#2514=CARTESIAN_POINT('',(-2.43848708396613E-19,-0.027,-0.0014056920989053));
#2515=CARTESIAN_POINT('',(-0.03825,-0.015,-0.0035));
#2516=CARTESIAN_POINT('',(-0.01325,-0.015,-0.00455));
#2517=CARTESIAN_POINT('',(-0.01325,-0.015,-0.00245));
#2518=CARTESIAN_POINT('',(-0.03825,-0.015,0.0025));
#2519=CARTESIAN_POINT('',(-0.03825,-0.015,-0.0035));
#2520=CARTESIAN_POINT('',(-0.01325,-0.015,-0.00455));
#2521=CARTESIAN_POINT('',(-0.01325,-0.015,-0.00245));
#2522=CARTESIAN_POINT('',(-0.03825,-0.015,0.0025));
#2523=CARTESIAN_POINT('',(-0.01325,-0.015,0.0025));
#2524=CARTESIAN_POINT('',(-0.01325,-0.0207311634076898,-0.00160563831752836));
#2525=CARTESIAN_POINT('',(-0.01325,-0.0198775858788849,-0.000994160270236896));
#2526=CARTESIAN_POINT('',(-0.01325,-0.0190240083500801,-0.000382682222945443));
#2527=CARTESIAN_POINT('',(-0.01325,-0.015,0.0025));
#2528=CARTESIAN_POINT('',(-0.01325,-0.015,0.0025));
#2529=CARTESIAN_POINT('',(-0.01325,-0.0190240083500801,-0.000382682222945443));
#2530=CARTESIAN_POINT('',(-0.01325,-0.0198775858788849,-0.000994160270236896));
#2531=CARTESIAN_POINT('',(-0.01325,-0.0207311634076898,-0.00160563831752836));
#2532=CARTESIAN_POINT('',(-0.01325,-0.015,0.0025));
#2533=CARTESIAN_POINT('',(-0.00975,-0.027,0.013));
#2534=CARTESIAN_POINT('',(-0.00986803398874989,-0.0105,0.0149965139562497));
#2535=CARTESIAN_POINT('',(-0.00986803398874989,-0.0105,0.0149965139562497));
#2536=CARTESIAN_POINT('',(-0.00986803398874989,-0.0173071660101413,0.0149965139562497));
#2537=CARTESIAN_POINT('',(-0.00975,-0.0105,0.013));
#2538=CARTESIAN_POINT('',(-0.00975,-0.0173071660101413,0.013));
#2539=CARTESIAN_POINT('',(0.00575,-0.00825,0.01825));
#2540=CARTESIAN_POINT('',(0.00575,-0.0105,0.022));
#2541=CARTESIAN_POINT('',(0.00575,-0.0105,0.02));
#2542=CARTESIAN_POINT('',(0.00575,-0.00825,0.02));
#2543=CARTESIAN_POINT('',(0.00575,0.005,0.02));
#2544=CARTESIAN_POINT('',(0.00575,0.005,0.));
#2545=CARTESIAN_POINT('',(-4.33680868994202E-18,0.0235,-0.00725));
#2546=CARTESIAN_POINT('',(-0.01325,-0.0221535830050707,0.00991003923676908));
#2547=CARTESIAN_POINT('',(-0.01325,-0.0200640465174905,0.0112422782427641));
#2548=CARTESIAN_POINT('',(-0.01325,-0.0173071660101413,0.013));
#2549=CARTESIAN_POINT('',(-0.01325,-0.0221535830050707,0.00991003923676908));
#2550=CARTESIAN_POINT('',(-0.01325,-0.0200640465174905,0.0112422782427641));
#2551=CARTESIAN_POINT('',(-0.01325,-0.0173071660101413,0.013));
#2552=CARTESIAN_POINT('',(-0.01325,-0.0173071660101413,0.038));
#2553=CARTESIAN_POINT('',(0.0098680339887499,-0.0173071660101413,0.038));
#2554=CARTESIAN_POINT('',(-0.01325,-0.0173071660101413,0.038));
#2555=CARTESIAN_POINT('',(-0.00986803398874988,-0.0173071660101413,0.038));
#2556=CARTESIAN_POINT('',(-0.01325,-0.012,-0.00140569209890529));
#2557=CARTESIAN_POINT('',(-0.01325,-0.012,-0.00140569209890529));
#2558=CARTESIAN_POINT('',(0.0116864916731037,-0.027,-0.0185));
#2559=CARTESIAN_POINT('',(0.0116864916731037,-0.012,-0.0035));
#2560=CARTESIAN_POINT('',(0.0116864916731037,-0.02,-0.0161885775404495));
#2561=CARTESIAN_POINT('',(0.0116864916731037,-0.015,-0.0161885775404495));
#2562=CARTESIAN_POINT('',(0.0116864916731037,-0.015,-0.0161885775404495));
#2563=CARTESIAN_POINT('',(0.0116864916731037,-0.015,-0.0185));
#2564=CARTESIAN_POINT('',(-0.0116864916731037,-0.027,-0.0185));
#2565=CARTESIAN_POINT('',(-0.0116864916731037,-0.015,-0.0185));
#2566=CARTESIAN_POINT('',(-0.0116864916731037,-0.015,-0.0161885775404495));
#2567=CARTESIAN_POINT('',(-0.0116864916731037,-0.015,-0.0161885775404495));
#2568=CARTESIAN_POINT('',(-0.0116864916731037,-0.02,-0.0161885775404495));
#2569=CARTESIAN_POINT('',(-0.0116864916731037,-0.012,-0.0035));
#2570=CARTESIAN_POINT('',(0.,-0.012,-0.0035));
#2571=CARTESIAN_POINT('',(-0.0109682458365519,-0.02,-0.0161885775404495));
#2572=CARTESIAN_POINT('',(0.0109682458365518,-0.012,-0.0035));
#2573=CARTESIAN_POINT('',(0.0109682458365518,-0.02,-0.0161885775404495));
#2574=CARTESIAN_POINT('',(-0.01325,-0.0039367364346981,-0.00814785756170749));
#2575=CARTESIAN_POINT('',(0.01025,-0.00493673643469811,-0.00814785756170749));
#2576=CARTESIAN_POINT('',(-0.01325,-0.0014367364346981,-0.00814785756170749));
#2577=CARTESIAN_POINT('',(-0.01325,-0.0039367364346981,-0.0106478575617075));
#2578=CARTESIAN_POINT('',(0.01075,-0.00293673643469811,-0.0106478575617075));
#2579=CARTESIAN_POINT('',(-0.01325,-0.00643673643469811,-0.0106478575617075));
#2580=CARTESIAN_POINT('',(-0.01325,-0.00643673643469811,-0.00939785756170749));
#2581=CARTESIAN_POINT('',(0.01175,-0.00643673643469811,-0.0096478575617075));
#2582=CARTESIAN_POINT('',(-0.01325,-0.0014367364346981,-0.00939785756170749));
#2583=CARTESIAN_POINT('',(0.01175,-0.0014367364346981,-0.0091478575617075));
#2584=CARTESIAN_POINT('',(-0.01325,-0.00643673643469811,-0.00939785756170749));
#2585=CARTESIAN_POINT('',(-0.01025,-0.00643673643469811,-0.00964785756170749));
#2586=CARTESIAN_POINT('',(-0.01325,-0.00643673643469811,-0.0106478575617075));
#2587=CARTESIAN_POINT('',(-0.01325,-0.0014367364346981,-0.00939785756170749));
#2588=CARTESIAN_POINT('',(-0.01075,-0.0014367364346981,-0.00914785756170749));
#2589=CARTESIAN_POINT('',(-0.01325,-0.0014367364346981,-0.00814785756170749));
#2590=CARTESIAN_POINT('',(-0.01325,-0.0039367364346981,-0.0106478575617075));
#2591=CARTESIAN_POINT('',(-0.01175,-0.00293673643469811,-0.0106478575617075));
#2592=CARTESIAN_POINT('',(-0.01325,-0.0039367364346981,-0.00814785756170749));
#2593=CARTESIAN_POINT('',(-0.01175,-0.00493673643469811,-0.00814785756170749));
#2594=CARTESIAN_POINT('',(-0.01325,-0.0014367364346981,-0.00914785756170749));
#2595=CARTESIAN_POINT('',(-0.01325,-0.0014367364346981,-0.00914785756170749));
#2596=CARTESIAN_POINT('',(-0.01325,-0.00643673643469811,-0.00964785756170749));
#2597=CARTESIAN_POINT('',(-0.01325,-0.00643673643469811,-0.00964785756170749));
#2598=CARTESIAN_POINT('',(0.,0.005,0.00425));
#2599=CARTESIAN_POINT('',(0.00775,0.005,0.02));
#2600=CARTESIAN_POINT('',(0.00775,0.005,0.022));
#2601=CARTESIAN_POINT('',(0.00775,0.005,0.02));
#2602=CARTESIAN_POINT('',(0.00875,0.005,0.0145));
#2603=CARTESIAN_POINT('',(-0.00875,0.005,0.0145));
#2604=CARTESIAN_POINT('',(-0.00775,0.005,0.02));
#2605=CARTESIAN_POINT('',(-0.00775,0.005,0.022));
#2606=CARTESIAN_POINT('',(-0.00775,0.005,0.02));
#2607=CARTESIAN_POINT('',(-0.00775,0.005,0.));
#2608=CARTESIAN_POINT('',(0.00775,0.005,0.));
#2609=CARTESIAN_POINT('',(-0.00986803398874988,-0.0105,0.038));
#2610=CARTESIAN_POINT('',(-0.00986803398874988,-0.0105,0.038));
#2611=CARTESIAN_POINT('',(0.0098680339887499,-0.0105,0.038));
#2612=CARTESIAN_POINT('',(0.0098680339887499,-0.0105,0.038));
#2613=CARTESIAN_POINT('',(5.20417042793042E-18,-0.0105,0.022));
#2614=CARTESIAN_POINT('',(0.00775,-0.0105,0.02));
#2615=CARTESIAN_POINT('',(0.00775,-0.0105,0.022));
#2616=CARTESIAN_POINT('',(0.00775,-0.0105,0.02));
#2617=CARTESIAN_POINT('',(0.00775,-0.0105,0.022));
#2618=CARTESIAN_POINT('',(-0.00775,-0.0105,0.022));
#2619=CARTESIAN_POINT('',(-0.00775,-0.0105,0.02));
#2620=CARTESIAN_POINT('',(-0.00775,-0.0105,0.022));
#2621=CARTESIAN_POINT('',(-0.00775,-0.0105,0.02));
#2622=CARTESIAN_POINT('',(0.00775,-0.027,0.022));
#2623=CARTESIAN_POINT('',(-0.00775,-0.027,0.022));
#2624=CARTESIAN_POINT('',(0.00775,-0.0135,0.02));
#2625=CARTESIAN_POINT('',(-0.00775,-0.0135,0.02));
#2626=CARTESIAN_POINT('',(0.00875,-0.027,0.0145));
#2627=CARTESIAN_POINT('',(-0.00875,-0.027,0.0145));
#2628=CARTESIAN_POINT('',(0.0109682458365518,-0.015,-0.0161885775404495));
#2629=CARTESIAN_POINT('',(0.0109682458365518,-0.015,-0.0161885775404495));
#2630=CARTESIAN_POINT('',(0.0109682458365518,-0.015,-0.0185));
#2631=CARTESIAN_POINT('',(-0.0109682458365519,-0.015,-0.0161885775404495));
#2632=CARTESIAN_POINT('',(-0.0109682458365519,-0.015,-0.0161885775404495));
#2633=CARTESIAN_POINT('',(-0.0109682458365518,-0.015,-0.0185));
#2634=MECHANICAL_DESIGN_GEOMETRIC_PRESENTATION_REPRESENTATION('',(#1583),
#2635);
#2635=(
GEOMETRIC_REPRESENTATION_CONTEXT(3)
GLOBAL_UNCERTAINTY_ASSIGNED_CONTEXT((#2636))
GLOBAL_UNIT_ASSIGNED_CONTEXT((#2639,#2638,#2637))
REPRESENTATION_CONTEXT('Part 1','TOP_LEVEL_ASSEMBLY_PART')
);
#2636=UNCERTAINTY_MEASURE_WITH_UNIT(LENGTH_MEASURE(2.E-5),#2639,
'DISTANCE_ACCURACY_VALUE','Maximum Tolerance applied to model');
#2637=(
NAMED_UNIT(*)
SI_UNIT($,.STERADIAN.)
SOLID_ANGLE_UNIT()
);
#2638=(
NAMED_UNIT(*)
PLANE_ANGLE_UNIT()
SI_UNIT($,.RADIAN.)
);
#2639=(
LENGTH_UNIT()
NAMED_UNIT(*)
SI_UNIT($,.METRE.)
);
#2640=PRODUCT_DEFINITION_SHAPE('','',#2641);
#2641=PRODUCT_DEFINITION('','',#2643,#2642);
#2642=PRODUCT_DEFINITION_CONTEXT('',#2649,'design');
#2643=PRODUCT_DEFINITION_FORMATION_WITH_SPECIFIED_SOURCE('','',#2645,
 .NOT_KNOWN.);
#2644=PRODUCT_RELATED_PRODUCT_CATEGORY('','',(#2645));
#2645=PRODUCT('Part 1','Part 1','Part 1',(#2647));
#2646=PRODUCT_CATEGORY('','');
#2647=PRODUCT_CONTEXT('',#2649,'mechanical');
#2648=APPLICATION_PROTOCOL_DEFINITION('international standard',
'ap242_managed_model_based_3d_engineering',2020,#2649);
#2649=APPLICATION_CONTEXT('managed model based 3d engineering');
ENDSEC;
END-ISO-10303-21;
