ISO-10303-21;
HEADER;
/* Generated by software containing ST-Developer
 * from STEP Tools, Inc. (www.steptools.com) 
 */
/* OPTION: using custom renumber hook */

FILE_DESCRIPTION(
/* description */ ('STEP AP242 Edition 2',
'CAx-IF Rec.Pracs.---Representation and Presentation of Product Manufa
cturing Information (PMI)---4.0---2014-10-13',
'CAx-IF Rec.Pracs.---3D Tessellated Geometry---0.4---2014-09-14','2;1',
'CAx-IF Rec.Pracs.---User Defined Attributes---1.5---2016-08-15'),
/* implementation_level */ '2;1');

FILE_NAME(
/* name */ 'Part Studio 1',
/* time_stamp */ '2026-09-07T17:31:11Z',
/* author */ (''),
/* organization */ (''),
/* preprocessor_version */ 'ST-DEVELOPER v20',
/* originating_system */ 'ONSHAPE BY PTC INC, 1.220',
/* authorisation */ '  ');

FILE_SCHEMA (('AP242_MANAGED_MODEL_BASED_3D_ENGINEERING_MIM_LF { 1 0 10303 442 3 1 4 }'));
ENDSEC;

DATA;
#10=SHAPE_REPRESENTATION_RELATIONSHIP('','',#3501,#11);
#11=ADVANCED_BREP_SHAPE_REPRESENTATION('',(#3499),#5943);
#12=CYLINDRICAL_SURFACE('',#3713,0.00105);
#13=CYLINDRICAL_SURFACE('',#3721,0.007);
#14=CYLINDRICAL_SURFACE('',#3722,0.001);
#15=CYLINDRICAL_SURFACE('',#3723,0.001);
#16=CYLINDRICAL_SURFACE('',#3724,0.001);
#17=CYLINDRICAL_SURFACE('',#3725,0.001);
#18=CYLINDRICAL_SURFACE('',#3726,0.00250060928707946);
#19=CYLINDRICAL_SURFACE('',#3728,0.001);
#20=CYLINDRICAL_SURFACE('',#3729,0.001);
#21=CYLINDRICAL_SURFACE('',#3730,0.001);
#22=CYLINDRICAL_SURFACE('',#3731,0.001);
#23=CYLINDRICAL_SURFACE('',#3732,0.00250060928707946);
#24=CYLINDRICAL_SURFACE('',#3733,0.007);
#25=CYLINDRICAL_SURFACE('',#3736,0.001);
#26=CYLINDRICAL_SURFACE('',#3737,0.001);
#27=CYLINDRICAL_SURFACE('',#3738,0.001);
#28=CYLINDRICAL_SURFACE('',#3739,0.001);
#29=CYLINDRICAL_SURFACE('',#3740,0.0025);
#30=CYLINDRICAL_SURFACE('',#3741,0.007);
#31=CYLINDRICAL_SURFACE('',#3745,0.001);
#32=CYLINDRICAL_SURFACE('',#3746,0.001);
#33=CYLINDRICAL_SURFACE('',#3747,0.007);
#34=CYLINDRICAL_SURFACE('',#3748,0.0025);
#35=CYLINDRICAL_SURFACE('',#3749,0.001);
#36=CYLINDRICAL_SURFACE('',#3750,0.001);
#37=CYLINDRICAL_SURFACE('',#3756,0.001442115995405);
#38=CYLINDRICAL_SURFACE('',#3757,0.00193137084989848);
#39=CYLINDRICAL_SURFACE('',#3759,0.00362132034355965);
#40=CYLINDRICAL_SURFACE('',#3761,0.00362132034355965);
#41=CYLINDRICAL_SURFACE('',#3763,0.00193137084989848);
#42=CYLINDRICAL_SURFACE('',#3764,0.001442115995405);
#43=CYLINDRICAL_SURFACE('',#3768,0.00275);
#44=CYLINDRICAL_SURFACE('',#3769,0.00105);
#45=CYLINDRICAL_SURFACE('',#3770,0.00105);
#46=CYLINDRICAL_SURFACE('',#3771,0.00275);
#47=CYLINDRICAL_SURFACE('',#3772,0.00105);
#48=CYLINDRICAL_SURFACE('',#3773,0.00105);
#49=CYLINDRICAL_SURFACE('',#3774,0.00451458);
#50=CYLINDRICAL_SURFACE('',#3775,0.00451458);
#51=CYLINDRICAL_SURFACE('',#3776,0.00451458);
#52=CYLINDRICAL_SURFACE('',#3777,0.00451458);
#53=CYLINDRICAL_SURFACE('',#3804,0.00105);
#54=CYLINDRICAL_SURFACE('',#3819,0.00408358305604661);
#55=CYLINDRICAL_SURFACE('',#3820,0.00408358305604661);
#56=CYLINDRICAL_SURFACE('',#3821,0.0015);
#57=CYLINDRICAL_SURFACE('',#3822,0.0015);
#58=CYLINDRICAL_SURFACE('',#3823,0.0015);
#59=CYLINDRICAL_SURFACE('',#3824,0.0015);
#60=CYLINDRICAL_SURFACE('',#3825,0.0015);
#61=CYLINDRICAL_SURFACE('',#3826,0.0015);
#62=CYLINDRICAL_SURFACE('',#3827,0.0015);
#63=CYLINDRICAL_SURFACE('',#3828,0.0015);
#64=CYLINDRICAL_SURFACE('',#3829,0.00337989898732234);
#65=CYLINDRICAL_SURFACE('',#3830,0.00337989898732234);
#66=CYLINDRICAL_SURFACE('',#3831,0.00337989898732234);
#67=CYLINDRICAL_SURFACE('',#3832,0.00337989898732234);
#68=CYLINDRICAL_SURFACE('',#3833,0.00270391918985787);
#69=CYLINDRICAL_SURFACE('',#3834,0.00270391918985787);
#70=CYLINDRICAL_SURFACE('',#3835,0.00270392);
#71=CYLINDRICAL_SURFACE('',#3836,0.00270392);
#72=CYLINDRICAL_SURFACE('',#3837,0.000596921495529309);
#73=CYLINDRICAL_SURFACE('',#3838,0.000596921495529309);
#74=CYLINDRICAL_SURFACE('',#3839,0.00175649619864994);
#75=CYLINDRICAL_SURFACE('',#3840,0.00175649619864994);
#76=CYLINDRICAL_SURFACE('',#3841,0.0024142135623731);
#77=CYLINDRICAL_SURFACE('',#3842,0.0024142135623731);
#78=CYLINDRICAL_SURFACE('',#3843,0.014);
#79=CYLINDRICAL_SURFACE('',#3844,0.014);
#80=CYLINDRICAL_SURFACE('',#3845,0.005);
#81=CYLINDRICAL_SURFACE('',#3846,0.005);
#82=CYLINDRICAL_SURFACE('',#3847,0.005);
#83=CYLINDRICAL_SURFACE('',#3848,0.005);
#84=CYLINDRICAL_SURFACE('',#3849,0.005);
#85=CYLINDRICAL_SURFACE('',#3850,0.005);
#86=CYLINDRICAL_SURFACE('',#3851,0.005);
#87=CYLINDRICAL_SURFACE('',#3852,0.005);
#88=CYLINDRICAL_SURFACE('',#3853,0.005);
#89=CYLINDRICAL_SURFACE('',#3854,0.005);
#90=CYLINDRICAL_SURFACE('',#3855,0.005);
#91=CYLINDRICAL_SURFACE('',#3856,0.005);
#92=CYLINDRICAL_SURFACE('',#3857,0.005);
#93=CYLINDRICAL_SURFACE('',#3858,0.005);
#94=CYLINDRICAL_SURFACE('',#3859,0.005);
#95=CYLINDRICAL_SURFACE('',#3860,0.005);
#96=CYLINDRICAL_SURFACE('',#3861,0.005);
#97=CYLINDRICAL_SURFACE('',#3862,0.005);
#98=CYLINDRICAL_SURFACE('',#3863,0.008);
#99=CYLINDRICAL_SURFACE('',#3864,0.008);
#100=CYLINDRICAL_SURFACE('',#3865,0.008);
#101=CYLINDRICAL_SURFACE('',#3866,0.008);
#102=CYLINDRICAL_SURFACE('',#3867,0.004);
#103=CYLINDRICAL_SURFACE('',#3868,0.004);
#104=CYLINDRICAL_SURFACE('',#3869,0.004);
#105=CYLINDRICAL_SURFACE('',#3870,0.004);
#106=CYLINDRICAL_SURFACE('',#3871,0.015);
#107=CYLINDRICAL_SURFACE('',#3872,0.015);
#108=CYLINDRICAL_SURFACE('',#3873,0.008);
#109=CYLINDRICAL_SURFACE('',#3874,0.008);
#110=CYLINDRICAL_SURFACE('',#3875,0.008);
#111=CYLINDRICAL_SURFACE('',#3876,0.008);
#112=CYLINDRICAL_SURFACE('',#3877,0.00105);
#113=CYLINDRICAL_SURFACE('',#3880,0.00105);
#114=CYLINDRICAL_SURFACE('',#3883,0.00105);
#115=CYLINDRICAL_SURFACE('',#3884,0.00105);
#116=LINE('',#4939,#398);
#117=LINE('',#4944,#399);
#118=LINE('',#4952,#400);
#119=LINE('',#4954,#401);
#120=LINE('',#4958,#402);
#121=LINE('',#4962,#403);
#122=LINE('',#4964,#404);
#123=LINE('',#4972,#405);
#124=LINE('',#4976,#406);
#125=LINE('',#4980,#407);
#126=LINE('',#4988,#408);
#127=LINE('',#4992,#409);
#128=LINE('',#4994,#410);
#129=LINE('',#5002,#411);
#130=LINE('',#5006,#412);
#131=LINE('',#5010,#413);
#132=LINE('',#5018,#414);
#133=LINE('',#5020,#415);
#134=LINE('',#5024,#416);
#135=LINE('',#5032,#417);
#136=LINE('',#5036,#418);
#137=LINE('',#5040,#419);
#138=LINE('',#5048,#420);
#139=LINE('',#5052,#421);
#140=LINE('',#5056,#422);
#141=LINE('',#5057,#423);
#142=LINE('',#5064,#424);
#143=LINE('',#5068,#425);
#144=LINE('',#5071,#426);
#145=LINE('',#5076,#427);
#146=LINE('',#5080,#428);
#147=LINE('',#5084,#429);
#148=LINE('',#5085,#430);
#149=LINE('',#5092,#431);
#150=LINE('',#5096,#432);
#151=LINE('',#5100,#433);
#152=LINE('',#5104,#434);
#153=LINE('',#5108,#435);
#154=LINE('',#5161,#436);
#155=LINE('',#5166,#437);
#156=LINE('',#5170,#438);
#157=LINE('',#5174,#439);
#158=LINE('',#5178,#440);
#159=LINE('',#5182,#441);
#160=LINE('',#5186,#442);
#161=LINE('',#5190,#443);
#162=LINE('',#5193,#444);
#163=LINE('',#5198,#445);
#164=LINE('',#5202,#446);
#165=LINE('',#5208,#447);
#166=LINE('',#5214,#448);
#167=LINE('',#5218,#449);
#168=LINE('',#5221,#450);
#169=LINE('',#5224,#451);
#170=LINE('',#5228,#452);
#171=LINE('',#5232,#453);
#172=LINE('',#5236,#454);
#173=LINE('',#5240,#455);
#174=LINE('',#5244,#456);
#175=LINE('',#5248,#457);
#176=LINE('',#5252,#458);
#177=LINE('',#5256,#459);
#178=LINE('',#5257,#460);
#179=LINE('',#5262,#461);
#180=LINE('',#5264,#462);
#181=LINE('',#5268,#463);
#182=LINE('',#5274,#464);
#183=LINE('',#5278,#465);
#184=LINE('',#5284,#466);
#185=LINE('',#5287,#467);
#186=LINE('',#5291,#468);
#187=LINE('',#5295,#469);
#188=LINE('',#5298,#470);
#189=LINE('',#5305,#471);
#190=LINE('',#5311,#472);
#191=LINE('',#5315,#473);
#192=LINE('',#5319,#474);
#193=LINE('',#5323,#475);
#194=LINE('',#5326,#476);
#195=LINE('',#5331,#477);
#196=LINE('',#5335,#478);
#197=LINE('',#5339,#479);
#198=LINE('',#5343,#480);
#199=LINE('',#5347,#481);
#200=LINE('',#5351,#482);
#201=LINE('',#5355,#483);
#202=LINE('',#5406,#484);
#203=LINE('',#5411,#485);
#204=LINE('',#5415,#486);
#205=LINE('',#5419,#487);
#206=LINE('',#5425,#488);
#207=LINE('',#5431,#489);
#208=LINE('',#5437,#490);
#209=LINE('',#5441,#491);
#210=LINE('',#5442,#492);
#211=LINE('',#5445,#493);
#212=LINE('',#5447,#494);
#213=LINE('',#5451,#495);
#214=LINE('',#5455,#496);
#215=LINE('',#5459,#497);
#216=LINE('',#5463,#498);
#217=LINE('',#5467,#499);
#218=LINE('',#5471,#500);
#219=LINE('',#5475,#501);
#220=LINE('',#5478,#502);
#221=LINE('',#5483,#503);
#222=LINE('',#5487,#504);
#223=LINE('',#5489,#505);
#224=LINE('',#5492,#506);
#225=LINE('',#5501,#507);
#226=LINE('',#5505,#508);
#227=LINE('',#5509,#509);
#228=LINE('',#5517,#510);
#229=LINE('',#5521,#511);
#230=LINE('',#5523,#512);
#231=LINE('',#5531,#513);
#232=LINE('',#5535,#514);
#233=LINE('',#5539,#515);
#234=LINE('',#5547,#516);
#235=LINE('',#5549,#517);
#236=LINE('',#5553,#518);
#237=LINE('',#5561,#519);
#238=LINE('',#5565,#520);
#239=LINE('',#5569,#521);
#240=LINE('',#5577,#522);
#241=LINE('',#5579,#523);
#242=LINE('',#5583,#524);
#243=LINE('',#5587,#525);
#244=LINE('',#5588,#526);
#245=LINE('',#5593,#527);
#246=LINE('',#5599,#528);
#247=LINE('',#5607,#529);
#248=LINE('',#5611,#530);
#249=LINE('',#5615,#531);
#250=LINE('',#5616,#532);
#251=LINE('',#5621,#533);
#252=LINE('',#5625,#534);
#253=LINE('',#5626,#535);
#254=LINE('',#5628,#536);
#255=LINE('',#5629,#537);
#256=LINE('',#5631,#538);
#257=LINE('',#5632,#539);
#258=LINE('',#5634,#540);
#259=LINE('',#5635,#541);
#260=LINE('',#5637,#542);
#261=LINE('',#5638,#543);
#262=LINE('',#5640,#544);
#263=LINE('',#5641,#545);
#264=LINE('',#5643,#546);
#265=LINE('',#5644,#547);
#266=LINE('',#5646,#548);
#267=LINE('',#5647,#549);
#268=LINE('',#5649,#550);
#269=LINE('',#5650,#551);
#270=LINE('',#5657,#552);
#271=LINE('',#5658,#553);
#272=LINE('',#5665,#554);
#273=LINE('',#5666,#555);
#274=LINE('',#5668,#556);
#275=LINE('',#5669,#557);
#276=LINE('',#5671,#558);
#277=LINE('',#5672,#559);
#278=LINE('',#5679,#560);
#279=LINE('',#5680,#561);
#280=LINE('',#5682,#562);
#281=LINE('',#5683,#563);
#282=LINE('',#5685,#564);
#283=LINE('',#5686,#565);
#284=LINE('',#5688,#566);
#285=LINE('',#5689,#567);
#286=LINE('',#5693,#568);
#287=LINE('',#5694,#569);
#288=LINE('',#5699,#570);
#289=LINE('',#5700,#571);
#290=LINE('',#5702,#572);
#291=LINE('',#5703,#573);
#292=LINE('',#5705,#574);
#293=LINE('',#5706,#575);
#294=LINE('',#5708,#576);
#295=LINE('',#5709,#577);
#296=LINE('',#5711,#578);
#297=LINE('',#5714,#579);
#298=LINE('',#5715,#580);
#299=LINE('',#5717,#581);
#300=LINE('',#5719,#582);
#301=LINE('',#5721,#583);
#302=LINE('',#5723,#584);
#303=LINE('',#5726,#585);
#304=LINE('',#5728,#586);
#305=LINE('',#5731,#587);
#306=LINE('',#5733,#588);
#307=LINE('',#5734,#589);
#308=LINE('',#5736,#590);
#309=LINE('',#5737,#591);
#310=LINE('',#5741,#592);
#311=LINE('',#5742,#593);
#312=LINE('',#5750,#594);
#313=LINE('',#5751,#595);
#314=LINE('',#5753,#596);
#315=LINE('',#5754,#597);
#316=LINE('',#5756,#598);
#317=LINE('',#5757,#599);
#318=LINE('',#5759,#600);
#319=LINE('',#5760,#601);
#320=LINE('',#5762,#602);
#321=LINE('',#5763,#603);
#322=LINE('',#5765,#604);
#323=LINE('',#5766,#605);
#324=LINE('',#5768,#606);
#325=LINE('',#5769,#607);
#326=LINE('',#5771,#608);
#327=LINE('',#5772,#609);
#328=LINE('',#5774,#610);
#329=LINE('',#5775,#611);
#330=LINE('',#5777,#612);
#331=LINE('',#5778,#613);
#332=LINE('',#5780,#614);
#333=LINE('',#5781,#615);
#334=LINE('',#5783,#616);
#335=LINE('',#5784,#617);
#336=LINE('',#5786,#618);
#337=LINE('',#5787,#619);
#338=LINE('',#5789,#620);
#339=LINE('',#5790,#621);
#340=LINE('',#5792,#622);
#341=LINE('',#5793,#623);
#342=LINE('',#5795,#624);
#343=LINE('',#5796,#625);
#344=LINE('',#5798,#626);
#345=LINE('',#5799,#627);
#346=LINE('',#5801,#628);
#347=LINE('',#5802,#629);
#348=LINE('',#5804,#630);
#349=LINE('',#5805,#631);
#350=LINE('',#5807,#632);
#351=LINE('',#5808,#633);
#352=LINE('',#5810,#634);
#353=LINE('',#5811,#635);
#354=LINE('',#5813,#636);
#355=LINE('',#5814,#637);
#356=LINE('',#5816,#638);
#357=LINE('',#5817,#639);
#358=LINE('',#5819,#640);
#359=LINE('',#5820,#641);
#360=LINE('',#5822,#642);
#361=LINE('',#5823,#643);
#362=LINE('',#5825,#644);
#363=LINE('',#5826,#645);
#364=LINE('',#5828,#646);
#365=LINE('',#5829,#647);
#366=LINE('',#5831,#648);
#367=LINE('',#5833,#649);
#368=LINE('',#5835,#650);
#369=LINE('',#5836,#651);
#370=LINE('',#5838,#652);
#371=LINE('',#5840,#653);
#372=LINE('',#5841,#654);
#373=LINE('',#5843,#655);
#374=LINE('',#5844,#656);
#375=LINE('',#5846,#657);
#376=LINE('',#5847,#658);
#377=LINE('',#5849,#659);
#378=LINE('',#5851,#660);
#379=LINE('',#5852,#661);
#380=LINE('',#5854,#662);
#381=LINE('',#5855,#663);
#382=LINE('',#5857,#664);
#383=LINE('',#5858,#665);
#384=LINE('',#5860,#666);
#385=LINE('',#5861,#667);
#386=LINE('',#5863,#668);
#387=LINE('',#5864,#669);
#388=LINE('',#5866,#670);
#389=LINE('',#5867,#671);
#390=LINE('',#5883,#672);
#391=LINE('',#5885,#673);
#392=LINE('',#5903,#674);
#393=LINE('',#5906,#675);
#394=LINE('',#5931,#676);
#395=LINE('',#5932,#677);
#396=LINE('',#5936,#678);
#397=LINE('',#5937,#679);
#398=VECTOR('',#3893,1.);
#399=VECTOR('',#3896,1.);
#400=VECTOR('',#3903,1.);
#401=VECTOR('',#3904,1.);
#402=VECTOR('',#3907,1.);
#403=VECTOR('',#3910,1.);
#404=VECTOR('',#3911,1.);
#405=VECTOR('',#3918,1.);
#406=VECTOR('',#3921,1.);
#407=VECTOR('',#3924,1.);
#408=VECTOR('',#3931,1.);
#409=VECTOR('',#3934,1.);
#410=VECTOR('',#3935,1.);
#411=VECTOR('',#3942,1.);
#412=VECTOR('',#3945,1.);
#413=VECTOR('',#3948,1.);
#414=VECTOR('',#3955,1.);
#415=VECTOR('',#3956,1.);
#416=VECTOR('',#3959,1.);
#417=VECTOR('',#3966,1.);
#418=VECTOR('',#3969,1.);
#419=VECTOR('',#3972,1.);
#420=VECTOR('',#3979,1.);
#421=VECTOR('',#3982,1.);
#422=VECTOR('',#3985,1.);
#423=VECTOR('',#3986,1.);
#424=VECTOR('',#3991,1.);
#425=VECTOR('',#3994,1.);
#426=VECTOR('',#3997,1.);
#427=VECTOR('',#4000,1.);
#428=VECTOR('',#4003,1.);
#429=VECTOR('',#4006,1.);
#430=VECTOR('',#4007,1.);
#431=VECTOR('',#4012,1.);
#432=VECTOR('',#4015,1.);
#433=VECTOR('',#4018,1.);
#434=VECTOR('',#4021,1.);
#435=VECTOR('',#4024,1.);
#436=VECTOR('',#4077,1.);
#437=VECTOR('',#4080,1.);
#438=VECTOR('',#4083,1.);
#439=VECTOR('',#4086,1.);
#440=VECTOR('',#4089,1.);
#441=VECTOR('',#4092,1.);
#442=VECTOR('',#4095,1.);
#443=VECTOR('',#4098,1.);
#444=VECTOR('',#4101,1.);
#445=VECTOR('',#4104,1.);
#446=VECTOR('',#4107,1.);
#447=VECTOR('',#4112,1.);
#448=VECTOR('',#4117,1.);
#449=VECTOR('',#4120,1.);
#450=VECTOR('',#4123,1.);
#451=VECTOR('',#4124,1.);
#452=VECTOR('',#4127,1.);
#453=VECTOR('',#4130,1.);
#454=VECTOR('',#4133,1.);
#455=VECTOR('',#4136,1.);
#456=VECTOR('',#4139,1.);
#457=VECTOR('',#4142,1.);
#458=VECTOR('',#4145,1.);
#459=VECTOR('',#4148,1.);
#460=VECTOR('',#4149,1.);
#461=VECTOR('',#4152,1.);
#462=VECTOR('',#4153,1.);
#463=VECTOR('',#4156,1.);
#464=VECTOR('',#4161,1.);
#465=VECTOR('',#4164,1.);
#466=VECTOR('',#4171,1.);
#467=VECTOR('',#4172,1.);
#468=VECTOR('',#4175,1.);
#469=VECTOR('',#4178,1.);
#470=VECTOR('',#4181,1.);
#471=VECTOR('',#4186,1.);
#472=VECTOR('',#4191,1.);
#473=VECTOR('',#4194,1.);
#474=VECTOR('',#4197,1.);
#475=VECTOR('',#4200,1.);
#476=VECTOR('',#4203,1.);
#477=VECTOR('',#4206,1.);
#478=VECTOR('',#4209,1.);
#479=VECTOR('',#4212,1.);
#480=VECTOR('',#4215,1.);
#481=VECTOR('',#4218,1.);
#482=VECTOR('',#4221,1.);
#483=VECTOR('',#4224,1.);
#484=VECTOR('',#4275,1.);
#485=VECTOR('',#4278,1.);
#486=VECTOR('',#4281,1.);
#487=VECTOR('',#4284,1.);
#488=VECTOR('',#4289,1.);
#489=VECTOR('',#4294,1.);
#490=VECTOR('',#4299,1.);
#491=VECTOR('',#4302,1.);
#492=VECTOR('',#4303,1.);
#493=VECTOR('',#4304,1.);
#494=VECTOR('',#4305,1.);
#495=VECTOR('',#4308,1.);
#496=VECTOR('',#4311,1.);
#497=VECTOR('',#4314,1.);
#498=VECTOR('',#4317,1.);
#499=VECTOR('',#4320,1.);
#500=VECTOR('',#4323,1.);
#501=VECTOR('',#4326,1.);
#502=VECTOR('',#4329,1.);
#503=VECTOR('',#4332,1.);
#504=VECTOR('',#4335,1.);
#505=VECTOR('',#4336,1.);
#506=VECTOR('',#4339,1.);
#507=VECTOR('',#4346,1.);
#508=VECTOR('',#4349,1.);
#509=VECTOR('',#4352,1.);
#510=VECTOR('',#4359,1.);
#511=VECTOR('',#4362,1.);
#512=VECTOR('',#4363,1.);
#513=VECTOR('',#4370,1.);
#514=VECTOR('',#4373,1.);
#515=VECTOR('',#4376,1.);
#516=VECTOR('',#4383,1.);
#517=VECTOR('',#4384,1.);
#518=VECTOR('',#4387,1.);
#519=VECTOR('',#4394,1.);
#520=VECTOR('',#4397,1.);
#521=VECTOR('',#4400,1.);
#522=VECTOR('',#4407,1.);
#523=VECTOR('',#4408,1.);
#524=VECTOR('',#4411,1.);
#525=VECTOR('',#4414,1.);
#526=VECTOR('',#4415,1.);
#527=VECTOR('',#4418,1.);
#528=VECTOR('',#4423,1.);
#529=VECTOR('',#4430,1.);
#530=VECTOR('',#4433,1.);
#531=VECTOR('',#4436,1.);
#532=VECTOR('',#4437,1.);
#533=VECTOR('',#4440,1.);
#534=VECTOR('',#4445,1.);
#535=VECTOR('',#4446,1.);
#536=VECTOR('',#4449,1.);
#537=VECTOR('',#4450,1.);
#538=VECTOR('',#4453,1.);
#539=VECTOR('',#4454,1.);
#540=VECTOR('',#4457,1.);
#541=VECTOR('',#4458,1.);
#542=VECTOR('',#4461,1.);
#543=VECTOR('',#4462,1.);
#544=VECTOR('',#4465,1.);
#545=VECTOR('',#4466,1.);
#546=VECTOR('',#4469,1.);
#547=VECTOR('',#4470,1.);
#548=VECTOR('',#4473,1.);
#549=VECTOR('',#4474,1.);
#550=VECTOR('',#4477,1.);
#551=VECTOR('',#4478,1.);
#552=VECTOR('',#4491,1.);
#553=VECTOR('',#4492,1.);
#554=VECTOR('',#4505,1.);
#555=VECTOR('',#4506,1.);
#556=VECTOR('',#4509,1.);
#557=VECTOR('',#4510,1.);
#558=VECTOR('',#4513,1.);
#559=VECTOR('',#4514,1.);
#560=VECTOR('',#4527,1.);
#561=VECTOR('',#4528,1.);
#562=VECTOR('',#4531,1.);
#563=VECTOR('',#4532,1.);
#564=VECTOR('',#4535,1.);
#565=VECTOR('',#4536,1.);
#566=VECTOR('',#4539,1.);
#567=VECTOR('',#4540,1.);
#568=VECTOR('',#4547,1.);
#569=VECTOR('',#4548,1.);
#570=VECTOR('',#4557,1.);
#571=VECTOR('',#4558,1.);
#572=VECTOR('',#4561,1.);
#573=VECTOR('',#4562,1.);
#574=VECTOR('',#4565,1.);
#575=VECTOR('',#4566,1.);
#576=VECTOR('',#4569,1.);
#577=VECTOR('',#4570,1.);
#578=VECTOR('',#4573,1.);
#579=VECTOR('',#4578,1.);
#580=VECTOR('',#4579,1.);
#581=VECTOR('',#4582,1.);
#582=VECTOR('',#4585,1.);
#583=VECTOR('',#4588,1.);
#584=VECTOR('',#4591,1.);
#585=VECTOR('',#4596,1.);
#586=VECTOR('',#4599,1.);
#587=VECTOR('',#4604,1.);
#588=VECTOR('',#4607,1.);
#589=VECTOR('',#4608,1.);
#590=VECTOR('',#4611,1.);
#591=VECTOR('',#4612,1.);
#592=VECTOR('',#4619,1.);
#593=VECTOR('',#4620,1.);
#594=VECTOR('',#4635,1.);
#595=VECTOR('',#4636,1.);
#596=VECTOR('',#4639,1.);
#597=VECTOR('',#4640,1.);
#598=VECTOR('',#4643,1.);
#599=VECTOR('',#4644,1.);
#600=VECTOR('',#4647,1.);
#601=VECTOR('',#4648,1.);
#602=VECTOR('',#4651,1.);
#603=VECTOR('',#4652,1.);
#604=VECTOR('',#4655,1.);
#605=VECTOR('',#4656,1.);
#606=VECTOR('',#4659,1.);
#607=VECTOR('',#4660,1.);
#608=VECTOR('',#4663,1.);
#609=VECTOR('',#4664,1.);
#610=VECTOR('',#4667,1.);
#611=VECTOR('',#4668,1.);
#612=VECTOR('',#4671,1.);
#613=VECTOR('',#4672,1.);
#614=VECTOR('',#4675,1.);
#615=VECTOR('',#4676,1.);
#616=VECTOR('',#4679,1.);
#617=VECTOR('',#4680,1.);
#618=VECTOR('',#4683,1.);
#619=VECTOR('',#4684,1.);
#620=VECTOR('',#4687,1.);
#621=VECTOR('',#4688,1.);
#622=VECTOR('',#4691,1.);
#623=VECTOR('',#4692,1.);
#624=VECTOR('',#4695,1.);
#625=VECTOR('',#4696,1.);
#626=VECTOR('',#4699,1.);
#627=VECTOR('',#4700,1.);
#628=VECTOR('',#4703,1.);
#629=VECTOR('',#4704,1.);
#630=VECTOR('',#4707,1.);
#631=VECTOR('',#4708,1.);
#632=VECTOR('',#4711,1.);
#633=VECTOR('',#4712,1.);
#634=VECTOR('',#4715,1.);
#635=VECTOR('',#4716,1.);
#636=VECTOR('',#4719,1.);
#637=VECTOR('',#4720,1.);
#638=VECTOR('',#4723,1.);
#639=VECTOR('',#4724,1.);
#640=VECTOR('',#4727,1.);
#641=VECTOR('',#4728,1.);
#642=VECTOR('',#4731,1.);
#643=VECTOR('',#4732,1.);
#644=VECTOR('',#4735,1.);
#645=VECTOR('',#4736,1.);
#646=VECTOR('',#4739,1.);
#647=VECTOR('',#4740,1.);
#648=VECTOR('',#4743,1.);
#649=VECTOR('',#4746,1.);
#650=VECTOR('',#4749,1.);
#651=VECTOR('',#4750,1.);
#652=VECTOR('',#4753,1.);
#653=VECTOR('',#4756,1.);
#654=VECTOR('',#4757,1.);
#655=VECTOR('',#4760,1.);
#656=VECTOR('',#4761,1.);
#657=VECTOR('',#4764,1.);
#658=VECTOR('',#4765,1.);
#659=VECTOR('',#4768,1.);
#660=VECTOR('',#4771,1.);
#661=VECTOR('',#4772,1.);
#662=VECTOR('',#4775,1.);
#663=VECTOR('',#4776,1.);
#664=VECTOR('',#4779,1.);
#665=VECTOR('',#4780,1.);
#666=VECTOR('',#4783,1.);
#667=VECTOR('',#4784,1.);
#668=VECTOR('',#4787,1.);
#669=VECTOR('',#4788,1.);
#670=VECTOR('',#4791,1.);
#671=VECTOR('',#4792,1.);
#672=VECTOR('',#4823,1.);
#673=VECTOR('',#4826,1.);
#674=VECTOR('',#4861,1.);
#675=VECTOR('',#4866,1.);
#676=VECTOR('',#4915,1.);
#677=VECTOR('',#4916,1.);
#678=VECTOR('',#4923,1.);
#679=VECTOR('',#4924,1.);
#680=ORIENTED_EDGE('',*,*,#1660,.F.);
#681=ORIENTED_EDGE('',*,*,#1661,.F.);
#682=ORIENTED_EDGE('',*,*,#1662,.F.);
#683=ORIENTED_EDGE('',*,*,#1663,.F.);
#684=ORIENTED_EDGE('',*,*,#1664,.F.);
#685=ORIENTED_EDGE('',*,*,#1665,.F.);
#686=ORIENTED_EDGE('',*,*,#1666,.T.);
#687=ORIENTED_EDGE('',*,*,#1667,.T.);
#688=ORIENTED_EDGE('',*,*,#1668,.F.);
#689=ORIENTED_EDGE('',*,*,#1669,.F.);
#690=ORIENTED_EDGE('',*,*,#1670,.T.);
#691=ORIENTED_EDGE('',*,*,#1671,.F.);
#692=ORIENTED_EDGE('',*,*,#1672,.F.);
#693=ORIENTED_EDGE('',*,*,#1673,.T.);
#694=ORIENTED_EDGE('',*,*,#1674,.F.);
#695=ORIENTED_EDGE('',*,*,#1675,.T.);
#696=ORIENTED_EDGE('',*,*,#1676,.F.);
#697=ORIENTED_EDGE('',*,*,#1677,.T.);
#698=ORIENTED_EDGE('',*,*,#1678,.T.);
#699=ORIENTED_EDGE('',*,*,#1679,.T.);
#700=ORIENTED_EDGE('',*,*,#1680,.F.);
#701=ORIENTED_EDGE('',*,*,#1681,.T.);
#702=ORIENTED_EDGE('',*,*,#1682,.T.);
#703=ORIENTED_EDGE('',*,*,#1683,.T.);
#704=ORIENTED_EDGE('',*,*,#1684,.T.);
#705=ORIENTED_EDGE('',*,*,#1685,.T.);
#706=ORIENTED_EDGE('',*,*,#1686,.T.);
#707=ORIENTED_EDGE('',*,*,#1687,.T.);
#708=ORIENTED_EDGE('',*,*,#1688,.T.);
#709=ORIENTED_EDGE('',*,*,#1689,.F.);
#710=ORIENTED_EDGE('',*,*,#1690,.T.);
#711=ORIENTED_EDGE('',*,*,#1691,.F.);
#712=ORIENTED_EDGE('',*,*,#1692,.T.);
#713=ORIENTED_EDGE('',*,*,#1693,.F.);
#714=ORIENTED_EDGE('',*,*,#1694,.T.);
#715=ORIENTED_EDGE('',*,*,#1695,.F.);
#716=ORIENTED_EDGE('',*,*,#1696,.T.);
#717=ORIENTED_EDGE('',*,*,#1697,.F.);
#718=ORIENTED_EDGE('',*,*,#1698,.T.);
#719=ORIENTED_EDGE('',*,*,#1699,.T.);
#720=ORIENTED_EDGE('',*,*,#1700,.T.);
#721=ORIENTED_EDGE('',*,*,#1701,.F.);
#722=ORIENTED_EDGE('',*,*,#1702,.F.);
#723=ORIENTED_EDGE('',*,*,#1703,.F.);
#724=ORIENTED_EDGE('',*,*,#1704,.F.);
#725=ORIENTED_EDGE('',*,*,#1705,.T.);
#726=ORIENTED_EDGE('',*,*,#1706,.T.);
#727=ORIENTED_EDGE('',*,*,#1707,.T.);
#728=ORIENTED_EDGE('',*,*,#1708,.F.);
#729=ORIENTED_EDGE('',*,*,#1709,.T.);
#730=ORIENTED_EDGE('',*,*,#1710,.T.);
#731=ORIENTED_EDGE('',*,*,#1711,.T.);
#732=ORIENTED_EDGE('',*,*,#1712,.T.);
#733=ORIENTED_EDGE('',*,*,#1713,.T.);
#734=ORIENTED_EDGE('',*,*,#1714,.T.);
#735=ORIENTED_EDGE('',*,*,#1715,.T.);
#736=ORIENTED_EDGE('',*,*,#1716,.T.);
#737=ORIENTED_EDGE('',*,*,#1717,.T.);
#738=ORIENTED_EDGE('',*,*,#1718,.T.);
#739=ORIENTED_EDGE('',*,*,#1719,.T.);
#740=ORIENTED_EDGE('',*,*,#1720,.T.);
#741=ORIENTED_EDGE('',*,*,#1721,.F.);
#742=ORIENTED_EDGE('',*,*,#1722,.T.);
#743=ORIENTED_EDGE('',*,*,#1723,.F.);
#744=ORIENTED_EDGE('',*,*,#1724,.F.);
#745=ORIENTED_EDGE('',*,*,#1725,.T.);
#746=ORIENTED_EDGE('',*,*,#1726,.T.);
#747=ORIENTED_EDGE('',*,*,#1727,.T.);
#748=ORIENTED_EDGE('',*,*,#1728,.F.);
#749=ORIENTED_EDGE('',*,*,#1729,.T.);
#750=ORIENTED_EDGE('',*,*,#1730,.F.);
#751=ORIENTED_EDGE('',*,*,#1731,.T.);
#752=ORIENTED_EDGE('',*,*,#1732,.F.);
#753=ORIENTED_EDGE('',*,*,#1733,.T.);
#754=ORIENTED_EDGE('',*,*,#1734,.F.);
#755=ORIENTED_EDGE('',*,*,#1735,.F.);
#756=ORIENTED_EDGE('',*,*,#1736,.T.);
#757=ORIENTED_EDGE('',*,*,#1737,.T.);
#758=ORIENTED_EDGE('',*,*,#1738,.F.);
#759=ORIENTED_EDGE('',*,*,#1739,.T.);
#760=ORIENTED_EDGE('',*,*,#1740,.F.);
#761=ORIENTED_EDGE('',*,*,#1741,.T.);
#762=ORIENTED_EDGE('',*,*,#1742,.T.);
#763=ORIENTED_EDGE('',*,*,#1743,.T.);
#764=ORIENTED_EDGE('',*,*,#1744,.T.);
#765=ORIENTED_EDGE('',*,*,#1745,.T.);
#766=ORIENTED_EDGE('',*,*,#1746,.T.);
#767=ORIENTED_EDGE('',*,*,#1747,.T.);
#768=ORIENTED_EDGE('',*,*,#1748,.T.);
#769=ORIENTED_EDGE('',*,*,#1749,.F.);
#770=ORIENTED_EDGE('',*,*,#1750,.T.);
#771=ORIENTED_EDGE('',*,*,#1751,.T.);
#772=ORIENTED_EDGE('',*,*,#1752,.T.);
#773=ORIENTED_EDGE('',*,*,#1753,.T.);
#774=ORIENTED_EDGE('',*,*,#1754,.T.);
#775=ORIENTED_EDGE('',*,*,#1755,.F.);
#776=ORIENTED_EDGE('',*,*,#1756,.F.);
#777=ORIENTED_EDGE('',*,*,#1757,.F.);
#778=ORIENTED_EDGE('',*,*,#1758,.F.);
#779=ORIENTED_EDGE('',*,*,#1759,.F.);
#780=ORIENTED_EDGE('',*,*,#1760,.F.);
#781=ORIENTED_EDGE('',*,*,#1761,.F.);
#782=ORIENTED_EDGE('',*,*,#1762,.F.);
#783=ORIENTED_EDGE('',*,*,#1763,.F.);
#784=ORIENTED_EDGE('',*,*,#1764,.F.);
#785=ORIENTED_EDGE('',*,*,#1765,.T.);
#786=ORIENTED_EDGE('',*,*,#1766,.T.);
#787=ORIENTED_EDGE('',*,*,#1767,.T.);
#788=ORIENTED_EDGE('',*,*,#1768,.T.);
#789=ORIENTED_EDGE('',*,*,#1769,.T.);
#790=ORIENTED_EDGE('',*,*,#1770,.F.);
#791=ORIENTED_EDGE('',*,*,#1771,.F.);
#792=ORIENTED_EDGE('',*,*,#1772,.F.);
#793=ORIENTED_EDGE('',*,*,#1773,.F.);
#794=ORIENTED_EDGE('',*,*,#1774,.T.);
#795=ORIENTED_EDGE('',*,*,#1775,.T.);
#796=ORIENTED_EDGE('',*,*,#1776,.T.);
#797=ORIENTED_EDGE('',*,*,#1777,.T.);
#798=ORIENTED_EDGE('',*,*,#1778,.T.);
#799=ORIENTED_EDGE('',*,*,#1779,.T.);
#800=ORIENTED_EDGE('',*,*,#1780,.T.);
#801=ORIENTED_EDGE('',*,*,#1781,.T.);
#802=ORIENTED_EDGE('',*,*,#1782,.T.);
#803=ORIENTED_EDGE('',*,*,#1783,.T.);
#804=ORIENTED_EDGE('',*,*,#1784,.T.);
#805=ORIENTED_EDGE('',*,*,#1785,.F.);
#806=ORIENTED_EDGE('',*,*,#1786,.T.);
#807=ORIENTED_EDGE('',*,*,#1787,.T.);
#808=ORIENTED_EDGE('',*,*,#1788,.T.);
#809=ORIENTED_EDGE('',*,*,#1789,.F.);
#810=ORIENTED_EDGE('',*,*,#1790,.T.);
#811=ORIENTED_EDGE('',*,*,#1791,.T.);
#812=ORIENTED_EDGE('',*,*,#1792,.T.);
#813=ORIENTED_EDGE('',*,*,#1793,.T.);
#814=ORIENTED_EDGE('',*,*,#1794,.T.);
#815=ORIENTED_EDGE('',*,*,#1795,.T.);
#816=ORIENTED_EDGE('',*,*,#1796,.T.);
#817=ORIENTED_EDGE('',*,*,#1797,.T.);
#818=ORIENTED_EDGE('',*,*,#1798,.T.);
#819=ORIENTED_EDGE('',*,*,#1799,.F.);
#820=ORIENTED_EDGE('',*,*,#1800,.T.);
#821=ORIENTED_EDGE('',*,*,#1801,.T.);
#822=ORIENTED_EDGE('',*,*,#1802,.T.);
#823=ORIENTED_EDGE('',*,*,#1803,.T.);
#824=ORIENTED_EDGE('',*,*,#1804,.T.);
#825=ORIENTED_EDGE('',*,*,#1805,.T.);
#826=ORIENTED_EDGE('',*,*,#1806,.F.);
#827=ORIENTED_EDGE('',*,*,#1807,.T.);
#828=ORIENTED_EDGE('',*,*,#1808,.F.);
#829=ORIENTED_EDGE('',*,*,#1809,.T.);
#830=ORIENTED_EDGE('',*,*,#1810,.F.);
#831=ORIENTED_EDGE('',*,*,#1811,.T.);
#832=ORIENTED_EDGE('',*,*,#1812,.F.);
#833=ORIENTED_EDGE('',*,*,#1813,.T.);
#834=ORIENTED_EDGE('',*,*,#1814,.F.);
#835=ORIENTED_EDGE('',*,*,#1815,.T.);
#836=ORIENTED_EDGE('',*,*,#1816,.T.);
#837=ORIENTED_EDGE('',*,*,#1817,.T.);
#838=ORIENTED_EDGE('',*,*,#1818,.T.);
#839=ORIENTED_EDGE('',*,*,#1819,.T.);
#840=ORIENTED_EDGE('',*,*,#1820,.F.);
#841=ORIENTED_EDGE('',*,*,#1821,.T.);
#842=ORIENTED_EDGE('',*,*,#1822,.T.);
#843=ORIENTED_EDGE('',*,*,#1823,.T.);
#844=ORIENTED_EDGE('',*,*,#1824,.T.);
#845=ORIENTED_EDGE('',*,*,#1825,.T.);
#846=ORIENTED_EDGE('',*,*,#1826,.T.);
#847=ORIENTED_EDGE('',*,*,#1827,.T.);
#848=ORIENTED_EDGE('',*,*,#1828,.F.);
#849=ORIENTED_EDGE('',*,*,#1829,.T.);
#850=ORIENTED_EDGE('',*,*,#1830,.F.);
#851=ORIENTED_EDGE('',*,*,#1831,.F.);
#852=ORIENTED_EDGE('',*,*,#1832,.T.);
#853=ORIENTED_EDGE('',*,*,#1833,.T.);
#854=ORIENTED_EDGE('',*,*,#1834,.F.);
#855=ORIENTED_EDGE('',*,*,#1835,.F.);
#856=ORIENTED_EDGE('',*,*,#1836,.T.);
#857=ORIENTED_EDGE('',*,*,#1837,.F.);
#858=ORIENTED_EDGE('',*,*,#1838,.T.);
#859=ORIENTED_EDGE('',*,*,#1839,.F.);
#860=ORIENTED_EDGE('',*,*,#1840,.T.);
#861=ORIENTED_EDGE('',*,*,#1841,.T.);
#862=ORIENTED_EDGE('',*,*,#1842,.T.);
#863=ORIENTED_EDGE('',*,*,#1843,.T.);
#864=ORIENTED_EDGE('',*,*,#1844,.T.);
#865=ORIENTED_EDGE('',*,*,#1845,.T.);
#866=ORIENTED_EDGE('',*,*,#1846,.T.);
#867=ORIENTED_EDGE('',*,*,#1847,.F.);
#868=ORIENTED_EDGE('',*,*,#1848,.T.);
#869=ORIENTED_EDGE('',*,*,#1849,.F.);
#870=ORIENTED_EDGE('',*,*,#1850,.T.);
#871=ORIENTED_EDGE('',*,*,#1851,.F.);
#872=ORIENTED_EDGE('',*,*,#1852,.T.);
#873=ORIENTED_EDGE('',*,*,#1853,.T.);
#874=ORIENTED_EDGE('',*,*,#1854,.T.);
#875=ORIENTED_EDGE('',*,*,#1855,.F.);
#876=ORIENTED_EDGE('',*,*,#1856,.T.);
#877=ORIENTED_EDGE('',*,*,#1857,.T.);
#878=ORIENTED_EDGE('',*,*,#1858,.T.);
#879=ORIENTED_EDGE('',*,*,#1859,.F.);
#880=ORIENTED_EDGE('',*,*,#1860,.T.);
#881=ORIENTED_EDGE('',*,*,#1861,.T.);
#882=ORIENTED_EDGE('',*,*,#1862,.T.);
#883=ORIENTED_EDGE('',*,*,#1863,.F.);
#884=ORIENTED_EDGE('',*,*,#1864,.T.);
#885=ORIENTED_EDGE('',*,*,#1865,.F.);
#886=ORIENTED_EDGE('',*,*,#1866,.T.);
#887=ORIENTED_EDGE('',*,*,#1867,.F.);
#888=ORIENTED_EDGE('',*,*,#1868,.T.);
#889=ORIENTED_EDGE('',*,*,#1869,.F.);
#890=ORIENTED_EDGE('',*,*,#1870,.T.);
#891=ORIENTED_EDGE('',*,*,#1871,.F.);
#892=ORIENTED_EDGE('',*,*,#1872,.F.);
#893=ORIENTED_EDGE('',*,*,#1873,.F.);
#894=ORIENTED_EDGE('',*,*,#1874,.F.);
#895=ORIENTED_EDGE('',*,*,#1875,.F.);
#896=ORIENTED_EDGE('',*,*,#1876,.F.);
#897=ORIENTED_EDGE('',*,*,#1877,.T.);
#898=ORIENTED_EDGE('',*,*,#1878,.T.);
#899=ORIENTED_EDGE('',*,*,#1879,.T.);
#900=ORIENTED_EDGE('',*,*,#1880,.T.);
#901=ORIENTED_EDGE('',*,*,#1881,.T.);
#902=ORIENTED_EDGE('',*,*,#1882,.T.);
#903=ORIENTED_EDGE('',*,*,#1883,.T.);
#904=ORIENTED_EDGE('',*,*,#1884,.T.);
#905=ORIENTED_EDGE('',*,*,#1885,.T.);
#906=ORIENTED_EDGE('',*,*,#1886,.T.);
#907=ORIENTED_EDGE('',*,*,#1887,.F.);
#908=ORIENTED_EDGE('',*,*,#1888,.F.);
#909=ORIENTED_EDGE('',*,*,#1889,.F.);
#910=ORIENTED_EDGE('',*,*,#1890,.F.);
#911=ORIENTED_EDGE('',*,*,#1891,.F.);
#912=ORIENTED_EDGE('',*,*,#1892,.T.);
#913=ORIENTED_EDGE('',*,*,#1893,.T.);
#914=ORIENTED_EDGE('',*,*,#1894,.T.);
#915=ORIENTED_EDGE('',*,*,#1895,.F.);
#916=ORIENTED_EDGE('',*,*,#1896,.T.);
#917=ORIENTED_EDGE('',*,*,#1897,.T.);
#918=ORIENTED_EDGE('',*,*,#1898,.T.);
#919=ORIENTED_EDGE('',*,*,#1899,.F.);
#920=ORIENTED_EDGE('',*,*,#1900,.T.);
#921=ORIENTED_EDGE('',*,*,#1901,.T.);
#922=ORIENTED_EDGE('',*,*,#1902,.T.);
#923=ORIENTED_EDGE('',*,*,#1903,.T.);
#924=ORIENTED_EDGE('',*,*,#1904,.F.);
#925=ORIENTED_EDGE('',*,*,#1905,.T.);
#926=ORIENTED_EDGE('',*,*,#1906,.T.);
#927=ORIENTED_EDGE('',*,*,#1907,.F.);
#928=ORIENTED_EDGE('',*,*,#1908,.T.);
#929=ORIENTED_EDGE('',*,*,#1909,.T.);
#930=ORIENTED_EDGE('',*,*,#1910,.T.);
#931=ORIENTED_EDGE('',*,*,#1911,.T.);
#932=ORIENTED_EDGE('',*,*,#1912,.T.);
#933=ORIENTED_EDGE('',*,*,#1913,.F.);
#934=ORIENTED_EDGE('',*,*,#1914,.F.);
#935=ORIENTED_EDGE('',*,*,#1915,.T.);
#936=ORIENTED_EDGE('',*,*,#1916,.T.);
#937=ORIENTED_EDGE('',*,*,#1917,.F.);
#938=ORIENTED_EDGE('',*,*,#1918,.T.);
#939=ORIENTED_EDGE('',*,*,#1919,.F.);
#940=ORIENTED_EDGE('',*,*,#1920,.T.);
#941=ORIENTED_EDGE('',*,*,#1921,.T.);
#942=ORIENTED_EDGE('',*,*,#1922,.T.);
#943=ORIENTED_EDGE('',*,*,#1923,.T.);
#944=ORIENTED_EDGE('',*,*,#1924,.T.);
#945=ORIENTED_EDGE('',*,*,#1925,.T.);
#946=ORIENTED_EDGE('',*,*,#1926,.T.);
#947=ORIENTED_EDGE('',*,*,#1927,.T.);
#948=ORIENTED_EDGE('',*,*,#1928,.T.);
#949=ORIENTED_EDGE('',*,*,#1929,.T.);
#950=ORIENTED_EDGE('',*,*,#1930,.T.);
#951=ORIENTED_EDGE('',*,*,#1931,.T.);
#952=ORIENTED_EDGE('',*,*,#1932,.T.);
#953=ORIENTED_EDGE('',*,*,#1933,.T.);
#954=ORIENTED_EDGE('',*,*,#1934,.T.);
#955=ORIENTED_EDGE('',*,*,#1935,.T.);
#956=ORIENTED_EDGE('',*,*,#1936,.T.);
#957=ORIENTED_EDGE('',*,*,#1937,.T.);
#958=ORIENTED_EDGE('',*,*,#1938,.T.);
#959=ORIENTED_EDGE('',*,*,#1939,.T.);
#960=ORIENTED_EDGE('',*,*,#1940,.F.);
#961=ORIENTED_EDGE('',*,*,#1941,.T.);
#962=ORIENTED_EDGE('',*,*,#1942,.F.);
#963=ORIENTED_EDGE('',*,*,#1943,.T.);
#964=ORIENTED_EDGE('',*,*,#1944,.F.);
#965=ORIENTED_EDGE('',*,*,#1945,.T.);
#966=ORIENTED_EDGE('',*,*,#1946,.T.);
#967=ORIENTED_EDGE('',*,*,#1947,.T.);
#968=ORIENTED_EDGE('',*,*,#1948,.F.);
#969=ORIENTED_EDGE('',*,*,#1949,.T.);
#970=ORIENTED_EDGE('',*,*,#1950,.T.);
#971=ORIENTED_EDGE('',*,*,#1951,.T.);
#972=ORIENTED_EDGE('',*,*,#1952,.T.);
#973=ORIENTED_EDGE('',*,*,#1953,.T.);
#974=ORIENTED_EDGE('',*,*,#1954,.T.);
#975=ORIENTED_EDGE('',*,*,#1955,.F.);
#976=ORIENTED_EDGE('',*,*,#1956,.T.);
#977=ORIENTED_EDGE('',*,*,#1957,.T.);
#978=ORIENTED_EDGE('',*,*,#1958,.T.);
#979=ORIENTED_EDGE('',*,*,#1959,.T.);
#980=ORIENTED_EDGE('',*,*,#1960,.T.);
#981=ORIENTED_EDGE('',*,*,#1961,.T.);
#982=ORIENTED_EDGE('',*,*,#1962,.T.);
#983=ORIENTED_EDGE('',*,*,#1963,.T.);
#984=ORIENTED_EDGE('',*,*,#1964,.T.);
#985=ORIENTED_EDGE('',*,*,#1965,.T.);
#986=ORIENTED_EDGE('',*,*,#1966,.F.);
#987=ORIENTED_EDGE('',*,*,#1967,.F.);
#988=ORIENTED_EDGE('',*,*,#1968,.F.);
#989=ORIENTED_EDGE('',*,*,#1969,.T.);
#990=ORIENTED_EDGE('',*,*,#1970,.F.);
#991=ORIENTED_EDGE('',*,*,#1971,.T.);
#992=ORIENTED_EDGE('',*,*,#1972,.F.);
#993=ORIENTED_EDGE('',*,*,#1973,.T.);
#994=ORIENTED_EDGE('',*,*,#1974,.T.);
#995=ORIENTED_EDGE('',*,*,#1975,.T.);
#996=ORIENTED_EDGE('',*,*,#1976,.F.);
#997=ORIENTED_EDGE('',*,*,#1977,.T.);
#998=ORIENTED_EDGE('',*,*,#1978,.T.);
#999=ORIENTED_EDGE('',*,*,#1979,.T.);
#1000=ORIENTED_EDGE('',*,*,#1980,.T.);
#1001=ORIENTED_EDGE('',*,*,#1981,.F.);
#1002=ORIENTED_EDGE('',*,*,#1982,.T.);
#1003=ORIENTED_EDGE('',*,*,#1983,.T.);
#1004=ORIENTED_EDGE('',*,*,#1984,.F.);
#1005=ORIENTED_EDGE('',*,*,#1985,.T.);
#1006=ORIENTED_EDGE('',*,*,#1986,.F.);
#1007=ORIENTED_EDGE('',*,*,#1987,.T.);
#1008=ORIENTED_EDGE('',*,*,#1988,.F.);
#1009=ORIENTED_EDGE('',*,*,#1989,.T.);
#1010=ORIENTED_EDGE('',*,*,#1990,.F.);
#1011=ORIENTED_EDGE('',*,*,#1991,.F.);
#1012=ORIENTED_EDGE('',*,*,#1992,.T.);
#1013=ORIENTED_EDGE('',*,*,#1993,.T.);
#1014=ORIENTED_EDGE('',*,*,#1994,.T.);
#1015=ORIENTED_EDGE('',*,*,#1995,.T.);
#1016=ORIENTED_EDGE('',*,*,#1996,.T.);
#1017=ORIENTED_EDGE('',*,*,#1997,.F.);
#1018=ORIENTED_EDGE('',*,*,#1998,.T.);
#1019=ORIENTED_EDGE('',*,*,#1999,.T.);
#1020=ORIENTED_EDGE('',*,*,#2000,.F.);
#1021=ORIENTED_EDGE('',*,*,#2001,.T.);
#1022=ORIENTED_EDGE('',*,*,#2002,.T.);
#1023=ORIENTED_EDGE('',*,*,#2003,.T.);
#1024=ORIENTED_EDGE('',*,*,#2004,.F.);
#1025=ORIENTED_EDGE('',*,*,#2003,.F.);
#1026=ORIENTED_EDGE('',*,*,#2005,.T.);
#1027=ORIENTED_EDGE('',*,*,#1830,.T.);
#1028=ORIENTED_EDGE('',*,*,#1678,.F.);
#1029=ORIENTED_EDGE('',*,*,#2006,.T.);
#1030=ORIENTED_EDGE('',*,*,#1976,.T.);
#1031=ORIENTED_EDGE('',*,*,#2007,.T.);
#1032=ORIENTED_EDGE('',*,*,#1682,.F.);
#1033=ORIENTED_EDGE('',*,*,#2008,.T.);
#1034=ORIENTED_EDGE('',*,*,#1972,.T.);
#1035=ORIENTED_EDGE('',*,*,#2009,.T.);
#1036=ORIENTED_EDGE('',*,*,#1726,.F.);
#1037=ORIENTED_EDGE('',*,*,#2010,.T.);
#1038=ORIENTED_EDGE('',*,*,#1997,.T.);
#1039=ORIENTED_EDGE('',*,*,#2011,.T.);
#1040=ORIENTED_EDGE('',*,*,#1914,.T.);
#1041=ORIENTED_EDGE('',*,*,#2012,.T.);
#1042=ORIENTED_EDGE('',*,*,#1803,.F.);
#1043=ORIENTED_EDGE('',*,*,#2013,.F.);
#1044=ORIENTED_EDGE('',*,*,#1844,.F.);
#1045=ORIENTED_EDGE('',*,*,#2014,.T.);
#1046=ORIENTED_EDGE('',*,*,#1735,.T.);
#1047=ORIENTED_EDGE('',*,*,#2015,.T.);
#1048=ORIENTED_EDGE('',*,*,#1980,.F.);
#1049=ORIENTED_EDGE('',*,*,#2016,.T.);
#1050=ORIENTED_EDGE('',*,*,#1674,.T.);
#1051=ORIENTED_EDGE('',*,*,#2017,.T.);
#1052=ORIENTED_EDGE('',*,*,#1986,.T.);
#1053=ORIENTED_EDGE('',*,*,#2018,.T.);
#1054=ORIENTED_EDGE('',*,*,#1718,.F.);
#1055=ORIENTED_EDGE('',*,*,#2019,.T.);
#1056=ORIENTED_EDGE('',*,*,#1676,.T.);
#1057=ORIENTED_EDGE('',*,*,#2020,.T.);
#1058=ORIENTED_EDGE('',*,*,#1978,.F.);
#1059=ORIENTED_EDGE('',*,*,#2021,.T.);
#1060=ORIENTED_EDGE('',*,*,#1751,.F.);
#1061=ORIENTED_EDGE('',*,*,#1875,.T.);
#1062=ORIENTED_EDGE('',*,*,#1752,.F.);
#1063=ORIENTED_EDGE('',*,*,#1874,.T.);
#1064=ORIENTED_EDGE('',*,*,#1753,.F.);
#1065=ORIENTED_EDGE('',*,*,#1873,.T.);
#1066=ORIENTED_EDGE('',*,*,#1754,.F.);
#1067=ORIENTED_EDGE('',*,*,#1872,.T.);
#1068=ORIENTED_EDGE('',*,*,#1750,.F.);
#1069=ORIENTED_EDGE('',*,*,#1876,.T.);
#1070=ORIENTED_EDGE('',*,*,#1720,.F.);
#1071=ORIENTED_EDGE('',*,*,#2022,.T.);
#1072=ORIENTED_EDGE('',*,*,#1991,.T.);
#1073=ORIENTED_EDGE('',*,*,#2023,.F.);
#1074=ORIENTED_EDGE('',*,*,#1759,.T.);
#1075=ORIENTED_EDGE('',*,*,#1877,.F.);
#1076=ORIENTED_EDGE('',*,*,#1758,.T.);
#1077=ORIENTED_EDGE('',*,*,#1878,.F.);
#1078=ORIENTED_EDGE('',*,*,#1757,.T.);
#1079=ORIENTED_EDGE('',*,*,#1879,.F.);
#1080=ORIENTED_EDGE('',*,*,#1756,.T.);
#1081=ORIENTED_EDGE('',*,*,#1880,.F.);
#1082=ORIENTED_EDGE('',*,*,#1755,.T.);
#1083=ORIENTED_EDGE('',*,*,#1881,.F.);
#1084=ORIENTED_EDGE('',*,*,#1940,.T.);
#1085=ORIENTED_EDGE('',*,*,#2024,.T.);
#1086=ORIENTED_EDGE('',*,*,#1666,.F.);
#1087=ORIENTED_EDGE('',*,*,#2025,.T.);
#1088=ORIENTED_EDGE('',*,*,#1957,.F.);
#1089=ORIENTED_EDGE('',*,*,#2026,.T.);
#1090=ORIENTED_EDGE('',*,*,#1697,.T.);
#1091=ORIENTED_EDGE('',*,*,#2027,.T.);
#1092=ORIENTED_EDGE('',*,*,#1701,.T.);
#1093=ORIENTED_EDGE('',*,*,#2028,.T.);
#1094=ORIENTED_EDGE('',*,*,#1953,.F.);
#1095=ORIENTED_EDGE('',*,*,#2029,.F.);
#1096=ORIENTED_EDGE('',*,*,#1764,.T.);
#1097=ORIENTED_EDGE('',*,*,#1886,.F.);
#1098=ORIENTED_EDGE('',*,*,#1763,.T.);
#1099=ORIENTED_EDGE('',*,*,#1885,.F.);
#1100=ORIENTED_EDGE('',*,*,#1762,.T.);
#1101=ORIENTED_EDGE('',*,*,#1884,.F.);
#1102=ORIENTED_EDGE('',*,*,#1761,.T.);
#1103=ORIENTED_EDGE('',*,*,#1883,.F.);
#1104=ORIENTED_EDGE('',*,*,#1760,.T.);
#1105=ORIENTED_EDGE('',*,*,#1882,.F.);
#1106=ORIENTED_EDGE('',*,*,#1955,.T.);
#1107=ORIENTED_EDGE('',*,*,#2030,.T.);
#1108=ORIENTED_EDGE('',*,*,#1699,.F.);
#1109=ORIENTED_EDGE('',*,*,#2031,.T.);
#1110=ORIENTED_EDGE('',*,*,#1695,.T.);
#1111=ORIENTED_EDGE('',*,*,#2032,.T.);
#1112=ORIENTED_EDGE('',*,*,#1959,.F.);
#1113=ORIENTED_EDGE('',*,*,#2033,.T.);
#1114=ORIENTED_EDGE('',*,*,#1965,.F.);
#1115=ORIENTED_EDGE('',*,*,#2034,.T.);
#1116=ORIENTED_EDGE('',*,*,#1689,.T.);
#1117=ORIENTED_EDGE('',*,*,#2035,.T.);
#1118=ORIENTED_EDGE('',*,*,#1693,.T.);
#1119=ORIENTED_EDGE('',*,*,#2036,.T.);
#1120=ORIENTED_EDGE('',*,*,#1961,.F.);
#1121=ORIENTED_EDGE('',*,*,#2037,.T.);
#1122=ORIENTED_EDGE('',*,*,#1768,.F.);
#1123=ORIENTED_EDGE('',*,*,#1890,.T.);
#1124=ORIENTED_EDGE('',*,*,#1767,.F.);
#1125=ORIENTED_EDGE('',*,*,#1889,.T.);
#1126=ORIENTED_EDGE('',*,*,#1691,.T.);
#1127=ORIENTED_EDGE('',*,*,#2038,.T.);
#1128=ORIENTED_EDGE('',*,*,#1963,.F.);
#1129=ORIENTED_EDGE('',*,*,#2039,.T.);
#1130=ORIENTED_EDGE('',*,*,#1766,.F.);
#1131=ORIENTED_EDGE('',*,*,#1888,.T.);
#1132=ORIENTED_EDGE('',*,*,#1765,.F.);
#1133=ORIENTED_EDGE('',*,*,#1887,.T.);
#1134=ORIENTED_EDGE('',*,*,#1769,.F.);
#1135=ORIENTED_EDGE('',*,*,#1891,.T.);
#1136=ORIENTED_EDGE('',*,*,#1950,.F.);
#1137=ORIENTED_EDGE('',*,*,#2040,.T.);
#1138=ORIENTED_EDGE('',*,*,#1704,.T.);
#1139=ORIENTED_EDGE('',*,*,#2041,.T.);
#1140=ORIENTED_EDGE('',*,*,#1946,.F.);
#1141=ORIENTED_EDGE('',*,*,#2042,.T.);
#1142=ORIENTED_EDGE('',*,*,#1708,.T.);
#1143=ORIENTED_EDGE('',*,*,#2043,.T.);
#1144=ORIENTED_EDGE('',*,*,#1686,.F.);
#1145=ORIENTED_EDGE('',*,*,#2044,.T.);
#1146=ORIENTED_EDGE('',*,*,#1968,.T.);
#1147=ORIENTED_EDGE('',*,*,#2045,.F.);
#1148=ORIENTED_EDGE('',*,*,#1669,.T.);
#1149=ORIENTED_EDGE('',*,*,#2046,.T.);
#1150=ORIENTED_EDGE('',*,*,#1985,.F.);
#1151=ORIENTED_EDGE('',*,*,#2047,.F.);
#1152=ORIENTED_EDGE('',*,*,#1952,.F.);
#1153=ORIENTED_EDGE('',*,*,#2048,.F.);
#1154=ORIENTED_EDGE('',*,*,#1702,.T.);
#1155=ORIENTED_EDGE('',*,*,#2029,.T.);
#1156=ORIENTED_EDGE('',*,*,#1951,.F.);
#1157=ORIENTED_EDGE('',*,*,#2041,.F.);
#1158=ORIENTED_EDGE('',*,*,#1703,.T.);
#1159=ORIENTED_EDGE('',*,*,#2048,.T.);
#1160=ORIENTED_EDGE('',*,*,#1723,.T.);
#1161=ORIENTED_EDGE('',*,*,#2049,.T.);
#1162=ORIENTED_EDGE('',*,*,#1993,.F.);
#1163=ORIENTED_EDGE('',*,*,#2050,.F.);
#1164=ORIENTED_EDGE('',*,*,#1999,.F.);
#1165=ORIENTED_EDGE('',*,*,#2051,.T.);
#1166=ORIENTED_EDGE('',*,*,#1724,.T.);
#1167=ORIENTED_EDGE('',*,*,#2050,.T.);
#1168=ORIENTED_EDGE('',*,*,#1984,.T.);
#1169=ORIENTED_EDGE('',*,*,#2052,.F.);
#1170=ORIENTED_EDGE('',*,*,#1670,.F.);
#1171=ORIENTED_EDGE('',*,*,#2047,.T.);
#1172=ORIENTED_EDGE('',*,*,#1983,.F.);
#1173=ORIENTED_EDGE('',*,*,#2053,.F.);
#1174=ORIENTED_EDGE('',*,*,#1671,.T.);
#1175=ORIENTED_EDGE('',*,*,#2052,.T.);
#1176=ORIENTED_EDGE('',*,*,#1982,.F.);
#1177=ORIENTED_EDGE('',*,*,#2054,.F.);
#1178=ORIENTED_EDGE('',*,*,#1672,.T.);
#1179=ORIENTED_EDGE('',*,*,#2053,.T.);
#1180=ORIENTED_EDGE('',*,*,#2017,.F.);
#1181=ORIENTED_EDGE('',*,*,#1673,.F.);
#1182=ORIENTED_EDGE('',*,*,#2054,.T.);
#1183=ORIENTED_EDGE('',*,*,#1981,.T.);
#1184=ORIENTED_EDGE('',*,*,#1990,.T.);
#1185=ORIENTED_EDGE('',*,*,#2055,.T.);
#1186=ORIENTED_EDGE('',*,*,#1714,.F.);
#1187=ORIENTED_EDGE('',*,*,#2023,.T.);
#1188=ORIENTED_EDGE('',*,*,#1967,.T.);
#1189=ORIENTED_EDGE('',*,*,#2056,.F.);
#1190=ORIENTED_EDGE('',*,*,#1687,.F.);
#1191=ORIENTED_EDGE('',*,*,#2045,.T.);
#1192=ORIENTED_EDGE('',*,*,#1966,.T.);
#1193=ORIENTED_EDGE('',*,*,#2035,.F.);
#1194=ORIENTED_EDGE('',*,*,#1688,.F.);
#1195=ORIENTED_EDGE('',*,*,#2056,.T.);
#1196=ORIENTED_EDGE('',*,*,#1668,.T.);
#1197=ORIENTED_EDGE('',*,*,#2057,.T.);
#1198=ORIENTED_EDGE('',*,*,#1938,.F.);
#1199=ORIENTED_EDGE('',*,*,#2046,.F.);
#1200=ORIENTED_EDGE('',*,*,#1942,.T.);
#1201=ORIENTED_EDGE('',*,*,#2058,.T.);
#1202=ORIENTED_EDGE('',*,*,#1712,.F.);
#1203=ORIENTED_EDGE('',*,*,#2059,.T.);
#1204=ORIENTED_EDGE('',*,*,#1684,.F.);
#1205=ORIENTED_EDGE('',*,*,#2060,.T.);
#1206=ORIENTED_EDGE('',*,*,#1970,.T.);
#1207=ORIENTED_EDGE('',*,*,#2061,.T.);
#1208=ORIENTED_EDGE('',*,*,#1770,.T.);
#1209=ORIENTED_EDGE('',*,*,#1892,.F.);
#1210=ORIENTED_EDGE('',*,*,#1771,.T.);
#1211=ORIENTED_EDGE('',*,*,#1893,.F.);
#1212=ORIENTED_EDGE('',*,*,#1706,.F.);
#1213=ORIENTED_EDGE('',*,*,#2062,.T.);
#1214=ORIENTED_EDGE('',*,*,#1948,.T.);
#1215=ORIENTED_EDGE('',*,*,#2063,.T.);
#1216=ORIENTED_EDGE('',*,*,#1772,.T.);
#1217=ORIENTED_EDGE('',*,*,#1894,.F.);
#1218=ORIENTED_EDGE('',*,*,#1749,.T.);
#1219=ORIENTED_EDGE('',*,*,#1871,.T.);
#1220=ORIENTED_EDGE('',*,*,#1949,.F.);
#1221=ORIENTED_EDGE('',*,*,#2062,.F.);
#1222=ORIENTED_EDGE('',*,*,#1705,.F.);
#1223=ORIENTED_EDGE('',*,*,#2040,.F.);
#1224=ORIENTED_EDGE('',*,*,#1707,.F.);
#1225=ORIENTED_EDGE('',*,*,#2063,.F.);
#1226=ORIENTED_EDGE('',*,*,#1947,.F.);
#1227=ORIENTED_EDGE('',*,*,#2043,.F.);
#1228=ORIENTED_EDGE('',*,*,#1683,.F.);
#1229=ORIENTED_EDGE('',*,*,#2009,.F.);
#1230=ORIENTED_EDGE('',*,*,#1971,.F.);
#1231=ORIENTED_EDGE('',*,*,#2060,.F.);
#1232=ORIENTED_EDGE('',*,*,#1969,.F.);
#1233=ORIENTED_EDGE('',*,*,#2044,.F.);
#1234=ORIENTED_EDGE('',*,*,#1685,.F.);
#1235=ORIENTED_EDGE('',*,*,#2061,.F.);
#1236=ORIENTED_EDGE('',*,*,#1773,.T.);
#1237=ORIENTED_EDGE('',*,*,#2064,.T.);
#1238=ORIENTED_EDGE('',*,*,#1857,.F.);
#1239=ORIENTED_EDGE('',*,*,#2065,.T.);
#1240=ORIENTED_EDGE('',*,*,#1861,.F.);
#1241=ORIENTED_EDGE('',*,*,#2066,.T.);
#1242=ORIENTED_EDGE('',*,*,#1785,.T.);
#1243=ORIENTED_EDGE('',*,*,#2067,.T.);
#1244=ORIENTED_EDGE('',*,*,#1865,.T.);
#1245=ORIENTED_EDGE('',*,*,#2068,.T.);
#1246=ORIENTED_EDGE('',*,*,#1781,.F.);
#1247=ORIENTED_EDGE('',*,*,#2069,.T.);
#1248=ORIENTED_EDGE('',*,*,#1777,.F.);
#1249=ORIENTED_EDGE('',*,*,#2070,.T.);
#1250=ORIENTED_EDGE('',*,*,#1869,.T.);
#1251=ORIENTED_EDGE('',*,*,#2071,.T.);
#1252=ORIENTED_EDGE('',*,*,#1867,.T.);
#1253=ORIENTED_EDGE('',*,*,#2072,.T.);
#1254=ORIENTED_EDGE('',*,*,#1779,.F.);
#1255=ORIENTED_EDGE('',*,*,#2073,.T.);
#1256=ORIENTED_EDGE('',*,*,#1863,.T.);
#1257=ORIENTED_EDGE('',*,*,#2074,.T.);
#1258=ORIENTED_EDGE('',*,*,#1783,.F.);
#1259=ORIENTED_EDGE('',*,*,#2075,.T.);
#1260=ORIENTED_EDGE('',*,*,#1859,.T.);
#1261=ORIENTED_EDGE('',*,*,#2076,.T.);
#1262=ORIENTED_EDGE('',*,*,#1787,.F.);
#1263=ORIENTED_EDGE('',*,*,#2077,.T.);
#1264=ORIENTED_EDGE('',*,*,#1775,.F.);
#1265=ORIENTED_EDGE('',*,*,#2078,.T.);
#1266=ORIENTED_EDGE('',*,*,#1855,.T.);
#1267=ORIENTED_EDGE('',*,*,#2079,.T.);
#1268=ORIENTED_EDGE('',*,*,#1742,.F.);
#1269=ORIENTED_EDGE('',*,*,#2080,.T.);
#1270=ORIENTED_EDGE('',*,*,#1851,.T.);
#1271=ORIENTED_EDGE('',*,*,#2081,.T.);
#1272=ORIENTED_EDGE('',*,*,#1740,.T.);
#1273=ORIENTED_EDGE('',*,*,#2082,.T.);
#1274=ORIENTED_EDGE('',*,*,#1853,.F.);
#1275=ORIENTED_EDGE('',*,*,#2083,.T.);
#1276=ORIENTED_EDGE('',*,*,#1849,.T.);
#1277=ORIENTED_EDGE('',*,*,#2084,.T.);
#1278=ORIENTED_EDGE('',*,*,#1744,.F.);
#1279=ORIENTED_EDGE('',*,*,#2085,.T.);
#1280=ORIENTED_EDGE('',*,*,#1847,.T.);
#1281=ORIENTED_EDGE('',*,*,#2086,.T.);
#1282=ORIENTED_EDGE('',*,*,#1746,.F.);
#1283=ORIENTED_EDGE('',*,*,#2087,.T.);
#1284=ORIENTED_EDGE('',*,*,#1738,.T.);
#1285=ORIENTED_EDGE('',*,*,#2088,.T.);
#1286=ORIENTED_EDGE('',*,*,#1841,.F.);
#1287=ORIENTED_EDGE('',*,*,#2089,.T.);
#1288=ORIENTED_EDGE('',*,*,#1895,.T.);
#1289=ORIENTED_EDGE('',*,*,#2090,.T.);
#1290=ORIENTED_EDGE('',*,*,#1791,.F.);
#1291=ORIENTED_EDGE('',*,*,#2091,.T.);
#1292=ORIENTED_EDGE('',*,*,#1789,.T.);
#1293=ORIENTED_EDGE('',*,*,#2092,.T.);
#1294=ORIENTED_EDGE('',*,*,#1897,.F.);
#1295=ORIENTED_EDGE('',*,*,#2093,.T.);
#1296=ORIENTED_EDGE('',*,*,#1801,.F.);
#1297=ORIENTED_EDGE('',*,*,#2094,.T.);
#1298=ORIENTED_EDGE('',*,*,#1899,.T.);
#1299=ORIENTED_EDGE('',*,*,#2095,.T.);
#1300=ORIENTED_EDGE('',*,*,#1799,.T.);
#1301=ORIENTED_EDGE('',*,*,#2096,.T.);
#1302=ORIENTED_EDGE('',*,*,#1901,.F.);
#1303=ORIENTED_EDGE('',*,*,#2097,.T.);
#1304=ORIENTED_EDGE('',*,*,#1796,.F.);
#1305=ORIENTED_EDGE('',*,*,#2098,.T.);
#1306=ORIENTED_EDGE('',*,*,#1904,.T.);
#1307=ORIENTED_EDGE('',*,*,#2099,.T.);
#1308=ORIENTED_EDGE('',*,*,#1907,.T.);
#1309=ORIENTED_EDGE('',*,*,#2100,.T.);
#1310=ORIENTED_EDGE('',*,*,#1793,.F.);
#1311=ORIENTED_EDGE('',*,*,#2101,.T.);
#1312=ORIENTED_EDGE('',*,*,#1818,.F.);
#1313=ORIENTED_EDGE('',*,*,#2102,.T.);
#1314=ORIENTED_EDGE('',*,*,#1917,.T.);
#1315=ORIENTED_EDGE('',*,*,#2103,.T.);
#1316=ORIENTED_EDGE('',*,*,#1816,.F.);
#1317=ORIENTED_EDGE('',*,*,#2104,.T.);
#1318=ORIENTED_EDGE('',*,*,#1919,.T.);
#1319=ORIENTED_EDGE('',*,*,#2105,.T.);
#1320=ORIENTED_EDGE('',*,*,#1921,.F.);
#1321=ORIENTED_EDGE('',*,*,#2106,.T.);
#1322=ORIENTED_EDGE('',*,*,#1814,.T.);
#1323=ORIENTED_EDGE('',*,*,#2107,.T.);
#1324=ORIENTED_EDGE('',*,*,#1923,.F.);
#1325=ORIENTED_EDGE('',*,*,#2108,.T.);
#1326=ORIENTED_EDGE('',*,*,#1812,.T.);
#1327=ORIENTED_EDGE('',*,*,#2109,.T.);
#1328=ORIENTED_EDGE('',*,*,#1810,.T.);
#1329=ORIENTED_EDGE('',*,*,#2110,.T.);
#1330=ORIENTED_EDGE('',*,*,#1925,.F.);
#1331=ORIENTED_EDGE('',*,*,#2111,.T.);
#1332=ORIENTED_EDGE('',*,*,#1927,.F.);
#1333=ORIENTED_EDGE('',*,*,#2112,.T.);
#1334=ORIENTED_EDGE('',*,*,#1808,.T.);
#1335=ORIENTED_EDGE('',*,*,#2113,.T.);
#1336=ORIENTED_EDGE('',*,*,#1929,.F.);
#1337=ORIENTED_EDGE('',*,*,#2114,.T.);
#1338=ORIENTED_EDGE('',*,*,#1806,.T.);
#1339=ORIENTED_EDGE('',*,*,#2115,.T.);
#1340=ORIENTED_EDGE('',*,*,#1663,.T.);
#1341=ORIENTED_EDGE('',*,*,#2116,.F.);
#1342=ORIENTED_EDGE('',*,*,#1909,.F.);
#1343=ORIENTED_EDGE('',*,*,#2117,.T.);
#1344=ORIENTED_EDGE('',*,*,#1820,.T.);
#1345=ORIENTED_EDGE('',*,*,#2118,.T.);
#1346=ORIENTED_EDGE('',*,*,#1915,.F.);
#1347=ORIENTED_EDGE('',*,*,#2013,.T.);
#1348=ORIENTED_EDGE('',*,*,#1913,.T.);
#1349=ORIENTED_EDGE('',*,*,#2119,.T.);
#1350=ORIENTED_EDGE('',*,*,#1804,.F.);
#1351=ORIENTED_EDGE('',*,*,#2012,.F.);
#1352=ORIENTED_EDGE('',*,*,#1834,.T.);
#1353=ORIENTED_EDGE('',*,*,#2120,.T.);
#1354=ORIENTED_EDGE('',*,*,#1824,.F.);
#1355=ORIENTED_EDGE('',*,*,#2121,.F.);
#1356=ORIENTED_EDGE('',*,*,#1823,.F.);
#1357=ORIENTED_EDGE('',*,*,#2122,.T.);
#1358=ORIENTED_EDGE('',*,*,#1835,.T.);
#1359=ORIENTED_EDGE('',*,*,#2121,.T.);
#1360=ORIENTED_EDGE('',*,*,#1821,.F.);
#1361=ORIENTED_EDGE('',*,*,#2123,.T.);
#1362=ORIENTED_EDGE('',*,*,#1837,.T.);
#1363=ORIENTED_EDGE('',*,*,#2124,.T.);
#1364=ORIENTED_EDGE('',*,*,#1839,.T.);
#1365=ORIENTED_EDGE('',*,*,#2125,.T.);
#1366=ORIENTED_EDGE('',*,*,#1826,.F.);
#1367=ORIENTED_EDGE('',*,*,#2126,.T.);
#1368=ORIENTED_EDGE('',*,*,#1935,.F.);
#1369=ORIENTED_EDGE('',*,*,#2127,.T.);
#1370=ORIENTED_EDGE('',*,*,#1728,.T.);
#1371=ORIENTED_EDGE('',*,*,#2128,.F.);
#1372=ORIENTED_EDGE('',*,*,#1734,.T.);
#1373=ORIENTED_EDGE('',*,*,#2129,.T.);
#1374=ORIENTED_EDGE('',*,*,#1936,.F.);
#1375=ORIENTED_EDGE('',*,*,#2128,.T.);
#1376=ORIENTED_EDGE('',*,*,#1732,.T.);
#1377=ORIENTED_EDGE('',*,*,#2130,.T.);
#1378=ORIENTED_EDGE('',*,*,#1931,.F.);
#1379=ORIENTED_EDGE('',*,*,#2131,.T.);
#1380=ORIENTED_EDGE('',*,*,#1933,.F.);
#1381=ORIENTED_EDGE('',*,*,#2132,.T.);
#1382=ORIENTED_EDGE('',*,*,#1730,.T.);
#1383=ORIENTED_EDGE('',*,*,#2133,.T.);
#1384=ORIENTED_EDGE('',*,*,#1974,.F.);
#1385=ORIENTED_EDGE('',*,*,#2134,.T.);
#1386=ORIENTED_EDGE('',*,*,#1680,.T.);
#1387=ORIENTED_EDGE('',*,*,#2135,.T.);
#1388=ORIENTED_EDGE('',*,*,#1988,.T.);
#1389=ORIENTED_EDGE('',*,*,#2136,.T.);
#1390=ORIENTED_EDGE('',*,*,#1716,.F.);
#1391=ORIENTED_EDGE('',*,*,#2137,.T.);
#1392=ORIENTED_EDGE('',*,*,#1721,.T.);
#1393=ORIENTED_EDGE('',*,*,#2138,.T.);
#1394=ORIENTED_EDGE('',*,*,#1995,.F.);
#1395=ORIENTED_EDGE('',*,*,#2139,.T.);
#1396=ORIENTED_EDGE('',*,*,#1710,.F.);
#1397=ORIENTED_EDGE('',*,*,#2140,.T.);
#1398=ORIENTED_EDGE('',*,*,#1944,.T.);
#1399=ORIENTED_EDGE('',*,*,#2141,.T.);
#1400=ORIENTED_EDGE('',*,*,#1916,.F.);
#1401=ORIENTED_EDGE('',*,*,#2118,.F.);
#1402=ORIENTED_EDGE('',*,*,#1819,.F.);
#1403=ORIENTED_EDGE('',*,*,#2103,.F.);
#1404=ORIENTED_EDGE('',*,*,#1930,.F.);
#1405=ORIENTED_EDGE('',*,*,#2115,.F.);
#1406=ORIENTED_EDGE('',*,*,#1805,.F.);
#1407=ORIENTED_EDGE('',*,*,#2119,.F.);
#1408=ORIENTED_EDGE('',*,*,#1928,.F.);
#1409=ORIENTED_EDGE('',*,*,#2113,.F.);
#1410=ORIENTED_EDGE('',*,*,#1807,.F.);
#1411=ORIENTED_EDGE('',*,*,#2114,.F.);
#1412=ORIENTED_EDGE('',*,*,#1918,.F.);
#1413=ORIENTED_EDGE('',*,*,#2102,.F.);
#1414=ORIENTED_EDGE('',*,*,#1817,.F.);
#1415=ORIENTED_EDGE('',*,*,#2105,.F.);
#1416=ORIENTED_EDGE('',*,*,#1838,.F.);
#1417=ORIENTED_EDGE('',*,*,#2123,.F.);
#1418=ORIENTED_EDGE('',*,*,#1827,.F.);
#1419=ORIENTED_EDGE('',*,*,#2125,.F.);
#1420=ORIENTED_EDGE('',*,*,#1932,.F.);
#1421=ORIENTED_EDGE('',*,*,#2130,.F.);
#1422=ORIENTED_EDGE('',*,*,#1731,.F.);
#1423=ORIENTED_EDGE('',*,*,#2132,.F.);
#1424=ORIENTED_EDGE('',*,*,#1937,.F.);
#1425=ORIENTED_EDGE('',*,*,#2129,.F.);
#1426=ORIENTED_EDGE('',*,*,#1733,.F.);
#1427=ORIENTED_EDGE('',*,*,#2131,.F.);
#1428=ORIENTED_EDGE('',*,*,#1934,.F.);
#1429=ORIENTED_EDGE('',*,*,#2133,.F.);
#1430=ORIENTED_EDGE('',*,*,#1729,.F.);
#1431=ORIENTED_EDGE('',*,*,#2127,.F.);
#1432=ORIENTED_EDGE('',*,*,#1840,.F.);
#1433=ORIENTED_EDGE('',*,*,#2126,.F.);
#1434=ORIENTED_EDGE('',*,*,#1825,.F.);
#1435=ORIENTED_EDGE('',*,*,#2120,.F.);
#1436=ORIENTED_EDGE('',*,*,#1836,.F.);
#1437=ORIENTED_EDGE('',*,*,#2122,.F.);
#1438=ORIENTED_EDGE('',*,*,#1822,.F.);
#1439=ORIENTED_EDGE('',*,*,#2124,.F.);
#1440=ORIENTED_EDGE('',*,*,#1848,.F.);
#1441=ORIENTED_EDGE('',*,*,#2087,.F.);
#1442=ORIENTED_EDGE('',*,*,#1745,.F.);
#1443=ORIENTED_EDGE('',*,*,#2084,.F.);
#1444=ORIENTED_EDGE('',*,*,#1854,.F.);
#1445=ORIENTED_EDGE('',*,*,#2082,.F.);
#1446=ORIENTED_EDGE('',*,*,#1739,.F.);
#1447=ORIENTED_EDGE('',*,*,#2089,.F.);
#1448=ORIENTED_EDGE('',*,*,#1852,.F.);
#1449=ORIENTED_EDGE('',*,*,#2080,.F.);
#1450=ORIENTED_EDGE('',*,*,#1741,.F.);
#1451=ORIENTED_EDGE('',*,*,#2083,.F.);
#1452=ORIENTED_EDGE('',*,*,#1850,.F.);
#1453=ORIENTED_EDGE('',*,*,#2085,.F.);
#1454=ORIENTED_EDGE('',*,*,#1743,.F.);
#1455=ORIENTED_EDGE('',*,*,#2081,.F.);
#1456=ORIENTED_EDGE('',*,*,#1843,.F.);
#1457=ORIENTED_EDGE('',*,*,#2142,.T.);
#1458=ORIENTED_EDGE('',*,*,#1736,.F.);
#1459=ORIENTED_EDGE('',*,*,#2014,.F.);
#1460=ORIENTED_EDGE('',*,*,#1748,.F.);
#1461=ORIENTED_EDGE('',*,*,#2143,.T.);
#1462=ORIENTED_EDGE('',*,*,#1845,.F.);
#1463=ORIENTED_EDGE('',*,*,#2015,.F.);
#1464=ORIENTED_EDGE('',*,*,#1842,.F.);
#1465=ORIENTED_EDGE('',*,*,#2088,.F.);
#1466=ORIENTED_EDGE('',*,*,#1737,.F.);
#1467=ORIENTED_EDGE('',*,*,#2142,.F.);
#1468=ORIENTED_EDGE('',*,*,#1846,.F.);
#1469=ORIENTED_EDGE('',*,*,#2143,.F.);
#1470=ORIENTED_EDGE('',*,*,#1747,.F.);
#1471=ORIENTED_EDGE('',*,*,#2086,.F.);
#1472=ORIENTED_EDGE('',*,*,#1722,.F.);
#1473=ORIENTED_EDGE('',*,*,#2139,.F.);
#1474=ORIENTED_EDGE('',*,*,#1994,.F.);
#1475=ORIENTED_EDGE('',*,*,#2049,.F.);
#1476=ORIENTED_EDGE('',*,*,#1715,.F.);
#1477=ORIENTED_EDGE('',*,*,#2055,.F.);
#1478=ORIENTED_EDGE('',*,*,#1989,.F.);
#1479=ORIENTED_EDGE('',*,*,#2137,.F.);
#1480=ORIENTED_EDGE('',*,*,#1727,.F.);
#1481=ORIENTED_EDGE('',*,*,#2011,.F.);
#1482=ORIENTED_EDGE('',*,*,#1996,.F.);
#1483=ORIENTED_EDGE('',*,*,#2138,.F.);
#1484=ORIENTED_EDGE('',*,*,#1717,.F.);
#1485=ORIENTED_EDGE('',*,*,#2136,.F.);
#1486=ORIENTED_EDGE('',*,*,#1987,.F.);
#1487=ORIENTED_EDGE('',*,*,#2019,.F.);
#1488=ORIENTED_EDGE('',*,*,#1725,.F.);
#1489=ORIENTED_EDGE('',*,*,#2051,.F.);
#1490=ORIENTED_EDGE('',*,*,#1998,.F.);
#1491=ORIENTED_EDGE('',*,*,#2010,.F.);
#1492=ORIENTED_EDGE('',*,*,#1719,.F.);
#1493=ORIENTED_EDGE('',*,*,#2018,.F.);
#1494=ORIENTED_EDGE('',*,*,#1992,.F.);
#1495=ORIENTED_EDGE('',*,*,#2022,.F.);
#1496=ORIENTED_EDGE('',*,*,#1711,.F.);
#1497=ORIENTED_EDGE('',*,*,#2141,.F.);
#1498=ORIENTED_EDGE('',*,*,#1943,.F.);
#1499=ORIENTED_EDGE('',*,*,#2059,.F.);
#1500=ORIENTED_EDGE('',*,*,#1679,.F.);
#1501=ORIENTED_EDGE('',*,*,#2007,.F.);
#1502=ORIENTED_EDGE('',*,*,#1975,.F.);
#1503=ORIENTED_EDGE('',*,*,#2135,.F.);
#1504=ORIENTED_EDGE('',*,*,#1681,.F.);
#1505=ORIENTED_EDGE('',*,*,#2134,.F.);
#1506=ORIENTED_EDGE('',*,*,#1973,.F.);
#1507=ORIENTED_EDGE('',*,*,#2008,.F.);
#1508=ORIENTED_EDGE('',*,*,#1709,.F.);
#1509=ORIENTED_EDGE('',*,*,#2042,.F.);
#1510=ORIENTED_EDGE('',*,*,#1945,.F.);
#1511=ORIENTED_EDGE('',*,*,#2140,.F.);
#1512=ORIENTED_EDGE('',*,*,#1908,.F.);
#1513=ORIENTED_EDGE('',*,*,#2101,.F.);
#1514=ORIENTED_EDGE('',*,*,#1792,.F.);
#1515=ORIENTED_EDGE('',*,*,#2090,.F.);
#1516=ORIENTED_EDGE('',*,*,#1900,.F.);
#1517=ORIENTED_EDGE('',*,*,#2094,.F.);
#1518=ORIENTED_EDGE('',*,*,#1800,.F.);
#1519=ORIENTED_EDGE('',*,*,#2097,.F.);
#1520=ORIENTED_EDGE('',*,*,#1898,.F.);
#1521=ORIENTED_EDGE('',*,*,#2092,.F.);
#1522=ORIENTED_EDGE('',*,*,#1802,.F.);
#1523=ORIENTED_EDGE('',*,*,#2095,.F.);
#1524=ORIENTED_EDGE('',*,*,#1896,.F.);
#1525=ORIENTED_EDGE('',*,*,#2091,.F.);
#1526=ORIENTED_EDGE('',*,*,#1790,.F.);
#1527=ORIENTED_EDGE('',*,*,#2093,.F.);
#1528=ORIENTED_EDGE('',*,*,#2099,.F.);
#1529=ORIENTED_EDGE('',*,*,#1903,.F.);
#1530=ORIENTED_EDGE('',*,*,#2144,.F.);
#1531=ORIENTED_EDGE('',*,*,#1797,.F.);
#1532=ORIENTED_EDGE('',*,*,#1902,.F.);
#1533=ORIENTED_EDGE('',*,*,#2096,.F.);
#1534=ORIENTED_EDGE('',*,*,#1798,.F.);
#1535=ORIENTED_EDGE('',*,*,#2144,.T.);
#1536=ORIENTED_EDGE('',*,*,#2145,.F.);
#1537=ORIENTED_EDGE('',*,*,#1905,.F.);
#1538=ORIENTED_EDGE('',*,*,#2098,.F.);
#1539=ORIENTED_EDGE('',*,*,#1795,.F.);
#1540=ORIENTED_EDGE('',*,*,#1906,.F.);
#1541=ORIENTED_EDGE('',*,*,#2145,.T.);
#1542=ORIENTED_EDGE('',*,*,#1794,.F.);
#1543=ORIENTED_EDGE('',*,*,#2100,.F.);
#1544=ORIENTED_EDGE('',*,*,#1858,.F.);
#1545=ORIENTED_EDGE('',*,*,#2064,.F.);
#1546=ORIENTED_EDGE('',*,*,#1788,.F.);
#1547=ORIENTED_EDGE('',*,*,#2076,.F.);
#1548=ORIENTED_EDGE('',*,*,#1860,.F.);
#1549=ORIENTED_EDGE('',*,*,#2077,.F.);
#1550=ORIENTED_EDGE('',*,*,#1786,.F.);
#1551=ORIENTED_EDGE('',*,*,#2066,.F.);
#1552=ORIENTED_EDGE('',*,*,#1862,.F.);
#1553=ORIENTED_EDGE('',*,*,#2067,.F.);
#1554=ORIENTED_EDGE('',*,*,#1784,.F.);
#1555=ORIENTED_EDGE('',*,*,#2074,.F.);
#1556=ORIENTED_EDGE('',*,*,#1864,.F.);
#1557=ORIENTED_EDGE('',*,*,#2075,.F.);
#1558=ORIENTED_EDGE('',*,*,#1782,.F.);
#1559=ORIENTED_EDGE('',*,*,#2068,.F.);
#1560=ORIENTED_EDGE('',*,*,#1866,.F.);
#1561=ORIENTED_EDGE('',*,*,#2069,.F.);
#1562=ORIENTED_EDGE('',*,*,#1780,.F.);
#1563=ORIENTED_EDGE('',*,*,#2072,.F.);
#1564=ORIENTED_EDGE('',*,*,#1856,.F.);
#1565=ORIENTED_EDGE('',*,*,#2078,.F.);
#1566=ORIENTED_EDGE('',*,*,#1774,.F.);
#1567=ORIENTED_EDGE('',*,*,#2065,.F.);
#1568=ORIENTED_EDGE('',*,*,#1870,.F.);
#1569=ORIENTED_EDGE('',*,*,#2070,.F.);
#1570=ORIENTED_EDGE('',*,*,#1776,.F.);
#1571=ORIENTED_EDGE('',*,*,#2079,.F.);
#1572=ORIENTED_EDGE('',*,*,#1868,.F.);
#1573=ORIENTED_EDGE('',*,*,#2073,.F.);
#1574=ORIENTED_EDGE('',*,*,#1778,.F.);
#1575=ORIENTED_EDGE('',*,*,#2071,.F.);
#1576=ORIENTED_EDGE('',*,*,#1677,.F.);
#1577=ORIENTED_EDGE('',*,*,#2021,.F.);
#1578=ORIENTED_EDGE('',*,*,#1977,.F.);
#1579=ORIENTED_EDGE('',*,*,#2006,.F.);
#1580=ORIENTED_EDGE('',*,*,#1713,.F.);
#1581=ORIENTED_EDGE('',*,*,#2058,.F.);
#1582=ORIENTED_EDGE('',*,*,#1941,.F.);
#1583=ORIENTED_EDGE('',*,*,#2025,.F.);
#1584=ORIENTED_EDGE('',*,*,#1939,.F.);
#1585=ORIENTED_EDGE('',*,*,#2057,.F.);
#1586=ORIENTED_EDGE('',*,*,#1667,.F.);
#1587=ORIENTED_EDGE('',*,*,#2024,.F.);
#1588=ORIENTED_EDGE('',*,*,#1675,.F.);
#1589=ORIENTED_EDGE('',*,*,#2016,.F.);
#1590=ORIENTED_EDGE('',*,*,#1979,.F.);
#1591=ORIENTED_EDGE('',*,*,#2020,.F.);
#1592=ORIENTED_EDGE('',*,*,#1920,.F.);
#1593=ORIENTED_EDGE('',*,*,#2104,.F.);
#1594=ORIENTED_EDGE('',*,*,#1815,.F.);
#1595=ORIENTED_EDGE('',*,*,#2106,.F.);
#1596=ORIENTED_EDGE('',*,*,#1926,.F.);
#1597=ORIENTED_EDGE('',*,*,#2110,.F.);
#1598=ORIENTED_EDGE('',*,*,#1809,.F.);
#1599=ORIENTED_EDGE('',*,*,#2112,.F.);
#1600=ORIENTED_EDGE('',*,*,#1922,.F.);
#1601=ORIENTED_EDGE('',*,*,#2107,.F.);
#1602=ORIENTED_EDGE('',*,*,#1813,.F.);
#1603=ORIENTED_EDGE('',*,*,#2108,.F.);
#1604=ORIENTED_EDGE('',*,*,#1924,.F.);
#1605=ORIENTED_EDGE('',*,*,#2109,.F.);
#1606=ORIENTED_EDGE('',*,*,#1811,.F.);
#1607=ORIENTED_EDGE('',*,*,#2111,.F.);
#1608=ORIENTED_EDGE('',*,*,#1694,.F.);
#1609=ORIENTED_EDGE('',*,*,#2037,.F.);
#1610=ORIENTED_EDGE('',*,*,#1960,.F.);
#1611=ORIENTED_EDGE('',*,*,#2032,.F.);
#1612=ORIENTED_EDGE('',*,*,#1696,.F.);
#1613=ORIENTED_EDGE('',*,*,#2033,.F.);
#1614=ORIENTED_EDGE('',*,*,#1958,.F.);
#1615=ORIENTED_EDGE('',*,*,#2027,.F.);
#1616=ORIENTED_EDGE('',*,*,#1692,.F.);
#1617=ORIENTED_EDGE('',*,*,#2039,.F.);
#1618=ORIENTED_EDGE('',*,*,#1962,.F.);
#1619=ORIENTED_EDGE('',*,*,#2036,.F.);
#1620=ORIENTED_EDGE('',*,*,#1698,.F.);
#1621=ORIENTED_EDGE('',*,*,#2026,.F.);
#1622=ORIENTED_EDGE('',*,*,#1956,.F.);
#1623=ORIENTED_EDGE('',*,*,#2031,.F.);
#1624=ORIENTED_EDGE('',*,*,#1690,.F.);
#1625=ORIENTED_EDGE('',*,*,#2034,.F.);
#1626=ORIENTED_EDGE('',*,*,#1964,.F.);
#1627=ORIENTED_EDGE('',*,*,#2038,.F.);
#1628=ORIENTED_EDGE('',*,*,#1700,.F.);
#1629=ORIENTED_EDGE('',*,*,#2030,.F.);
#1630=ORIENTED_EDGE('',*,*,#1954,.F.);
#1631=ORIENTED_EDGE('',*,*,#2028,.F.);
#1632=ORIENTED_EDGE('',*,*,#2146,.T.);
#1633=ORIENTED_EDGE('',*,*,#1828,.T.);
#1634=ORIENTED_EDGE('',*,*,#2147,.F.);
#1635=ORIENTED_EDGE('',*,*,#2001,.F.);
#1636=ORIENTED_EDGE('',*,*,#2000,.T.);
#1637=ORIENTED_EDGE('',*,*,#2004,.T.);
#1638=ORIENTED_EDGE('',*,*,#1829,.F.);
#1639=ORIENTED_EDGE('',*,*,#2146,.F.);
#1640=ORIENTED_EDGE('',*,*,#2147,.T.);
#1641=ORIENTED_EDGE('',*,*,#1831,.T.);
#1642=ORIENTED_EDGE('',*,*,#2005,.F.);
#1643=ORIENTED_EDGE('',*,*,#2002,.F.);
#1644=ORIENTED_EDGE('',*,*,#2148,.T.);
#1645=ORIENTED_EDGE('',*,*,#1665,.T.);
#1646=ORIENTED_EDGE('',*,*,#2149,.F.);
#1647=ORIENTED_EDGE('',*,*,#1911,.F.);
#1648=ORIENTED_EDGE('',*,*,#2116,.T.);
#1649=ORIENTED_EDGE('',*,*,#1662,.T.);
#1650=ORIENTED_EDGE('',*,*,#2148,.F.);
#1651=ORIENTED_EDGE('',*,*,#1910,.F.);
#1652=ORIENTED_EDGE('',*,*,#2149,.T.);
#1653=ORIENTED_EDGE('',*,*,#1664,.T.);
#1654=ORIENTED_EDGE('',*,*,#2117,.F.);
#1655=ORIENTED_EDGE('',*,*,#1912,.F.);
#1656=ORIENTED_EDGE('',*,*,#1661,.T.);
#1657=ORIENTED_EDGE('',*,*,#1833,.F.);
#1658=ORIENTED_EDGE('',*,*,#1660,.T.);
#1659=ORIENTED_EDGE('',*,*,#1832,.F.);
#1660=EDGE_CURVE('',#2150,#2150,#2494,.T.);
#1661=EDGE_CURVE('',#2151,#2151,#2495,.T.);
#1662=EDGE_CURVE('',#2152,#2153,#116,.T.);
#1663=EDGE_CURVE('',#2154,#2152,#2496,.T.);
#1664=EDGE_CURVE('',#2155,#2154,#117,.T.);
#1665=EDGE_CURVE('',#2153,#2155,#2497,.T.);
#1666=EDGE_CURVE('',#2156,#2157,#2498,.T.);
#1667=EDGE_CURVE('',#2157,#2158,#2499,.F.);
#1668=EDGE_CURVE('',#2159,#2158,#118,.T.);
#1669=EDGE_CURVE('',#2160,#2159,#119,.T.);
#1670=EDGE_CURVE('',#2160,#2161,#2500,.T.);
#1671=EDGE_CURVE('',#2162,#2161,#120,.T.);
#1672=EDGE_CURVE('',#2163,#2162,#2501,.T.);
#1673=EDGE_CURVE('',#2163,#2164,#121,.T.);
#1674=EDGE_CURVE('',#2165,#2164,#122,.T.);
#1675=EDGE_CURVE('',#2165,#2166,#2502,.F.);
#1676=EDGE_CURVE('',#2167,#2166,#2503,.T.);
#1677=EDGE_CURVE('',#2167,#2168,#2504,.F.);
#1678=EDGE_CURVE('',#2168,#2169,#123,.T.);
#1679=EDGE_CURVE('',#2169,#2170,#2505,.F.);
#1680=EDGE_CURVE('',#2171,#2170,#124,.T.);
#1681=EDGE_CURVE('',#2171,#2172,#2506,.F.);
#1682=EDGE_CURVE('',#2172,#2173,#125,.T.);
#1683=EDGE_CURVE('',#2173,#2174,#2507,.F.);
#1684=EDGE_CURVE('',#2174,#2175,#2508,.T.);
#1685=EDGE_CURVE('',#2175,#2176,#2509,.F.);
#1686=EDGE_CURVE('',#2176,#2177,#126,.T.);
#1687=EDGE_CURVE('',#2177,#2178,#2510,.T.);
#1688=EDGE_CURVE('',#2178,#2179,#127,.T.);
#1689=EDGE_CURVE('',#2180,#2179,#128,.T.);
#1690=EDGE_CURVE('',#2180,#2181,#2511,.F.);
#1691=EDGE_CURVE('',#2182,#2181,#2512,.T.);
#1692=EDGE_CURVE('',#2182,#2183,#2513,.F.);
#1693=EDGE_CURVE('',#2184,#2183,#129,.T.);
#1694=EDGE_CURVE('',#2184,#2185,#2514,.F.);
#1695=EDGE_CURVE('',#2186,#2185,#130,.T.);
#1696=EDGE_CURVE('',#2186,#2187,#2515,.F.);
#1697=EDGE_CURVE('',#2188,#2187,#131,.T.);
#1698=EDGE_CURVE('',#2188,#2189,#2516,.F.);
#1699=EDGE_CURVE('',#2189,#2190,#2517,.T.);
#1700=EDGE_CURVE('',#2190,#2191,#2518,.F.);
#1701=EDGE_CURVE('',#2192,#2191,#132,.T.);
#1702=EDGE_CURVE('',#2193,#2192,#133,.T.);
#1703=EDGE_CURVE('',#2194,#2193,#2519,.T.);
#1704=EDGE_CURVE('',#2195,#2194,#134,.T.);
#1705=EDGE_CURVE('',#2195,#2196,#2520,.F.);
#1706=EDGE_CURVE('',#2196,#2197,#2521,.T.);
#1707=EDGE_CURVE('',#2197,#2198,#2522,.F.);
#1708=EDGE_CURVE('',#2199,#2198,#135,.T.);
#1709=EDGE_CURVE('',#2199,#2200,#2523,.F.);
#1710=EDGE_CURVE('',#2200,#2201,#136,.T.);
#1711=EDGE_CURVE('',#2201,#2202,#2524,.F.);
#1712=EDGE_CURVE('',#2202,#2203,#137,.T.);
#1713=EDGE_CURVE('',#2203,#2156,#2525,.F.);
#1714=EDGE_CURVE('',#2204,#2205,#2526,.T.);
#1715=EDGE_CURVE('',#2205,#2206,#2527,.F.);
#1716=EDGE_CURVE('',#2206,#2207,#138,.T.);
#1717=EDGE_CURVE('',#2207,#2208,#2528,.F.);
#1718=EDGE_CURVE('',#2208,#2209,#139,.T.);
#1719=EDGE_CURVE('',#2209,#2210,#2529,.F.);
#1720=EDGE_CURVE('',#2210,#2204,#140,.T.);
#1721=EDGE_CURVE('',#2211,#2212,#141,.T.);
#1722=EDGE_CURVE('',#2211,#2213,#2530,.F.);
#1723=EDGE_CURVE('',#2214,#2213,#2531,.T.);
#1724=EDGE_CURVE('',#2215,#2214,#142,.T.);
#1725=EDGE_CURVE('',#2215,#2216,#2532,.F.);
#1726=EDGE_CURVE('',#2216,#2217,#143,.T.);
#1727=EDGE_CURVE('',#2217,#2212,#2533,.F.);
#1728=EDGE_CURVE('',#2218,#2219,#144,.T.);
#1729=EDGE_CURVE('',#2218,#2220,#2534,.F.);
#1730=EDGE_CURVE('',#2221,#2220,#145,.T.);
#1731=EDGE_CURVE('',#2221,#2222,#2535,.F.);
#1732=EDGE_CURVE('',#2223,#2222,#146,.T.);
#1733=EDGE_CURVE('',#2223,#2224,#2536,.F.);
#1734=EDGE_CURVE('',#2219,#2224,#147,.T.);
#1735=EDGE_CURVE('',#2225,#2226,#148,.T.);
#1736=EDGE_CURVE('',#2225,#2227,#2537,.T.);
#1737=EDGE_CURVE('',#2227,#2228,#2538,.F.);
#1738=EDGE_CURVE('',#2229,#2228,#149,.T.);
#1739=EDGE_CURVE('',#2229,#2230,#2539,.F.);
#1740=EDGE_CURVE('',#2231,#2230,#150,.T.);
#1741=EDGE_CURVE('',#2231,#2232,#2540,.F.);
#1742=EDGE_CURVE('',#2232,#2233,#151,.T.);
#1743=EDGE_CURVE('',#2233,#2234,#2541,.F.);
#1744=EDGE_CURVE('',#2234,#2235,#152,.T.);
#1745=EDGE_CURVE('',#2235,#2236,#2542,.F.);
#1746=EDGE_CURVE('',#2236,#2237,#153,.T.);
#1747=EDGE_CURVE('',#2237,#2238,#2543,.F.);
#1748=EDGE_CURVE('',#2238,#2226,#2544,.T.);
#1749=EDGE_CURVE('',#2239,#2239,#2545,.T.);
#1750=EDGE_CURVE('',#2240,#2240,#2546,.T.);
#1751=EDGE_CURVE('',#2241,#2241,#2547,.T.);
#1752=EDGE_CURVE('',#2242,#2242,#2548,.T.);
#1753=EDGE_CURVE('',#2243,#2243,#2549,.T.);
#1754=EDGE_CURVE('',#2244,#2244,#2550,.T.);
#1755=EDGE_CURVE('',#2245,#2245,#2551,.T.);
#1756=EDGE_CURVE('',#2246,#2246,#2552,.T.);
#1757=EDGE_CURVE('',#2247,#2247,#2553,.T.);
#1758=EDGE_CURVE('',#2248,#2248,#2554,.T.);
#1759=EDGE_CURVE('',#2249,#2249,#2555,.T.);
#1760=EDGE_CURVE('',#2250,#2250,#2556,.T.);
#1761=EDGE_CURVE('',#2251,#2251,#2557,.T.);
#1762=EDGE_CURVE('',#2252,#2252,#2558,.T.);
#1763=EDGE_CURVE('',#2253,#2253,#2559,.T.);
#1764=EDGE_CURVE('',#2254,#2254,#2560,.T.);
#1765=EDGE_CURVE('',#2255,#2255,#2561,.T.);
#1766=EDGE_CURVE('',#2256,#2256,#2562,.T.);
#1767=EDGE_CURVE('',#2257,#2257,#2563,.T.);
#1768=EDGE_CURVE('',#2258,#2258,#2564,.T.);
#1769=EDGE_CURVE('',#2259,#2259,#2565,.T.);
#1770=EDGE_CURVE('',#2260,#2260,#2566,.T.);
#1771=EDGE_CURVE('',#2261,#2261,#2567,.T.);
#1772=EDGE_CURVE('',#2262,#2262,#2568,.T.);
#1773=EDGE_CURVE('',#2263,#2264,#154,.T.);
#1774=EDGE_CURVE('',#2263,#2265,#2569,.F.);
#1775=EDGE_CURVE('',#2265,#2266,#155,.T.);
#1776=EDGE_CURVE('',#2266,#2267,#2570,.F.);
#1777=EDGE_CURVE('',#2267,#2268,#156,.T.);
#1778=EDGE_CURVE('',#2268,#2269,#2571,.F.);
#1779=EDGE_CURVE('',#2269,#2270,#157,.T.);
#1780=EDGE_CURVE('',#2270,#2271,#2572,.F.);
#1781=EDGE_CURVE('',#2271,#2272,#158,.T.);
#1782=EDGE_CURVE('',#2272,#2273,#2573,.F.);
#1783=EDGE_CURVE('',#2273,#2274,#159,.T.);
#1784=EDGE_CURVE('',#2274,#2275,#2574,.F.);
#1785=EDGE_CURVE('',#2276,#2275,#160,.T.);
#1786=EDGE_CURVE('',#2276,#2277,#2575,.F.);
#1787=EDGE_CURVE('',#2277,#2278,#161,.T.);
#1788=EDGE_CURVE('',#2278,#2264,#2576,.F.);
#1789=EDGE_CURVE('',#2279,#2280,#162,.T.);
#1790=EDGE_CURVE('',#2279,#2281,#2577,.F.);
#1791=EDGE_CURVE('',#2281,#2282,#163,.T.);
#1792=EDGE_CURVE('',#2282,#2283,#2578,.F.);
#1793=EDGE_CURVE('',#2283,#2284,#164,.T.);
#1794=EDGE_CURVE('',#2284,#2285,#2579,.F.);
#1795=EDGE_CURVE('',#2285,#2286,#2580,.F.);
#1796=EDGE_CURVE('',#2286,#2287,#165,.T.);
#1797=EDGE_CURVE('',#2287,#2288,#2581,.F.);
#1798=EDGE_CURVE('',#2288,#2289,#2582,.F.);
#1799=EDGE_CURVE('',#2290,#2289,#166,.T.);
#1800=EDGE_CURVE('',#2290,#2291,#2583,.F.);
#1801=EDGE_CURVE('',#2291,#2292,#167,.T.);
#1802=EDGE_CURVE('',#2292,#2280,#2584,.F.);
#1803=EDGE_CURVE('',#2293,#2294,#168,.T.);
#1804=EDGE_CURVE('',#2294,#2295,#169,.T.);
#1805=EDGE_CURVE('',#2295,#2296,#2585,.F.);
#1806=EDGE_CURVE('',#2297,#2296,#170,.T.);
#1807=EDGE_CURVE('',#2297,#2298,#2586,.F.);
#1808=EDGE_CURVE('',#2299,#2298,#171,.T.);
#1809=EDGE_CURVE('',#2299,#2300,#2587,.F.);
#1810=EDGE_CURVE('',#2301,#2300,#172,.T.);
#1811=EDGE_CURVE('',#2301,#2302,#2588,.F.);
#1812=EDGE_CURVE('',#2303,#2302,#173,.T.);
#1813=EDGE_CURVE('',#2303,#2304,#2589,.F.);
#1814=EDGE_CURVE('',#2305,#2304,#174,.T.);
#1815=EDGE_CURVE('',#2305,#2306,#2590,.F.);
#1816=EDGE_CURVE('',#2306,#2307,#175,.T.);
#1817=EDGE_CURVE('',#2307,#2308,#2591,.F.);
#1818=EDGE_CURVE('',#2308,#2309,#176,.T.);
#1819=EDGE_CURVE('',#2309,#2310,#2592,.F.);
#1820=EDGE_CURVE('',#2293,#2310,#177,.T.);
#1821=EDGE_CURVE('',#2311,#2312,#178,.T.);
#1822=EDGE_CURVE('',#2312,#2313,#2593,.F.);
#1823=EDGE_CURVE('',#2313,#2314,#179,.T.);
#1824=EDGE_CURVE('',#2314,#2315,#180,.T.);
#1825=EDGE_CURVE('',#2315,#2316,#2594,.F.);
#1826=EDGE_CURVE('',#2316,#2317,#181,.T.);
#1827=EDGE_CURVE('',#2317,#2311,#2595,.F.);
#1828=EDGE_CURVE('',#2318,#2319,#2596,.T.);
#1829=EDGE_CURVE('',#2318,#2320,#182,.T.);
#1830=EDGE_CURVE('',#2321,#2320,#2597,.T.);
#1831=EDGE_CURVE('',#2319,#2321,#183,.T.);
#1832=EDGE_CURVE('',#2322,#2322,#2598,.T.);
#1833=EDGE_CURVE('',#2323,#2323,#2599,.T.);
#1834=EDGE_CURVE('',#2324,#2325,#184,.T.);
#1835=EDGE_CURVE('',#2326,#2324,#185,.T.);
#1836=EDGE_CURVE('',#2326,#2327,#2600,.T.);
#1837=EDGE_CURVE('',#2328,#2327,#186,.T.);
#1838=EDGE_CURVE('',#2328,#2329,#2601,.T.);
#1839=EDGE_CURVE('',#2330,#2329,#187,.T.);
#1840=EDGE_CURVE('',#2330,#2325,#2602,.T.);
#1841=EDGE_CURVE('',#2331,#2332,#188,.T.);
#1842=EDGE_CURVE('',#2332,#2333,#2603,.T.);
#1843=EDGE_CURVE('',#2333,#2334,#2604,.F.);
#1844=EDGE_CURVE('',#2334,#2335,#189,.T.);
#1845=EDGE_CURVE('',#2335,#2336,#2605,.F.);
#1846=EDGE_CURVE('',#2336,#2337,#2606,.T.);
#1847=EDGE_CURVE('',#2338,#2337,#190,.T.);
#1848=EDGE_CURVE('',#2338,#2339,#2607,.T.);
#1849=EDGE_CURVE('',#2340,#2339,#191,.T.);
#1850=EDGE_CURVE('',#2340,#2341,#2608,.T.);
#1851=EDGE_CURVE('',#2342,#2341,#192,.T.);
#1852=EDGE_CURVE('',#2342,#2343,#2609,.T.);
#1853=EDGE_CURVE('',#2343,#2344,#193,.T.);
#1854=EDGE_CURVE('',#2344,#2331,#2610,.T.);
#1855=EDGE_CURVE('',#2345,#2346,#194,.T.);
#1856=EDGE_CURVE('',#2345,#2347,#2611,.T.);
#1857=EDGE_CURVE('',#2347,#2348,#195,.T.);
#1858=EDGE_CURVE('',#2348,#2349,#2612,.T.);
#1859=EDGE_CURVE('',#2350,#2349,#196,.T.);
#1860=EDGE_CURVE('',#2350,#2351,#2613,.T.);
#1861=EDGE_CURVE('',#2351,#2352,#197,.T.);
#1862=EDGE_CURVE('',#2352,#2353,#2614,.T.);
#1863=EDGE_CURVE('',#2354,#2353,#198,.T.);
#1864=EDGE_CURVE('',#2354,#2355,#2615,.T.);
#1865=EDGE_CURVE('',#2356,#2355,#199,.T.);
#1866=EDGE_CURVE('',#2356,#2357,#2616,.T.);
#1867=EDGE_CURVE('',#2358,#2357,#200,.T.);
#1868=EDGE_CURVE('',#2358,#2359,#2617,.T.);
#1869=EDGE_CURVE('',#2360,#2359,#201,.T.);
#1870=EDGE_CURVE('',#2360,#2346,#2618,.T.);
#1871=EDGE_CURVE('',#2361,#2361,#2619,.T.);
#1872=EDGE_CURVE('',#2362,#2362,#2620,.T.);
#1873=EDGE_CURVE('',#2363,#2363,#2621,.T.);
#1874=EDGE_CURVE('',#2364,#2364,#2622,.T.);
#1875=EDGE_CURVE('',#2365,#2365,#2623,.T.);
#1876=EDGE_CURVE('',#2366,#2366,#2624,.T.);
#1877=EDGE_CURVE('',#2367,#2367,#2625,.T.);
#1878=EDGE_CURVE('',#2368,#2368,#2626,.T.);
#1879=EDGE_CURVE('',#2369,#2369,#2627,.T.);
#1880=EDGE_CURVE('',#2370,#2370,#2628,.T.);
#1881=EDGE_CURVE('',#2371,#2371,#2629,.T.);
#1882=EDGE_CURVE('',#2372,#2372,#2630,.T.);
#1883=EDGE_CURVE('',#2373,#2373,#2631,.T.);
#1884=EDGE_CURVE('',#2374,#2374,#2632,.T.);
#1885=EDGE_CURVE('',#2375,#2375,#2633,.T.);
#1886=EDGE_CURVE('',#2376,#2376,#2634,.T.);
#1887=EDGE_CURVE('',#2377,#2377,#2635,.T.);
#1888=EDGE_CURVE('',#2378,#2378,#2636,.T.);
#1889=EDGE_CURVE('',#2379,#2379,#2637,.T.);
#1890=EDGE_CURVE('',#2380,#2380,#2638,.T.);
#1891=EDGE_CURVE('',#2381,#2381,#2639,.T.);
#1892=EDGE_CURVE('',#2382,#2382,#2640,.T.);
#1893=EDGE_CURVE('',#2383,#2383,#2641,.T.);
#1894=EDGE_CURVE('',#2384,#2384,#2642,.T.);
#1895=EDGE_CURVE('',#2385,#2386,#202,.T.);
#1896=EDGE_CURVE('',#2385,#2387,#2643,.T.);
#1897=EDGE_CURVE('',#2387,#2388,#203,.T.);
#1898=EDGE_CURVE('',#2388,#2389,#2644,.T.);
#1899=EDGE_CURVE('',#2390,#2389,#204,.T.);
#1900=EDGE_CURVE('',#2390,#2391,#2645,.T.);
#1901=EDGE_CURVE('',#2391,#2392,#205,.T.);
#1902=EDGE_CURVE('',#2392,#2393,#2646,.T.);
#1903=EDGE_CURVE('',#2393,#2394,#2647,.T.);
#1904=EDGE_CURVE('',#2395,#2394,#206,.T.);
#1905=EDGE_CURVE('',#2395,#2396,#2648,.T.);
#1906=EDGE_CURVE('',#2396,#2397,#2649,.T.);
#1907=EDGE_CURVE('',#2398,#2397,#207,.T.);
#1908=EDGE_CURVE('',#2398,#2386,#2650,.T.);
#1909=EDGE_CURVE('',#2399,#2400,#2651,.T.);
#1910=EDGE_CURVE('',#2400,#2401,#208,.T.);
#1911=EDGE_CURVE('',#2401,#2402,#2652,.T.);
#1912=EDGE_CURVE('',#2402,#2399,#209,.T.);
#1913=EDGE_CURVE('',#2403,#2404,#210,.T.);
#1914=EDGE_CURVE('',#2405,#2403,#211,.T.);
#1915=EDGE_CURVE('',#2405,#2406,#212,.T.);
#1916=EDGE_CURVE('',#2406,#2407,#2653,.T.);
#1917=EDGE_CURVE('',#2408,#2407,#213,.T.);
#1918=EDGE_CURVE('',#2408,#2409,#2654,.T.);
#1919=EDGE_CURVE('',#2410,#2409,#214,.T.);
#1920=EDGE_CURVE('',#2410,#2411,#2655,.T.);
#1921=EDGE_CURVE('',#2411,#2412,#215,.T.);
#1922=EDGE_CURVE('',#2412,#2413,#2656,.T.);
#1923=EDGE_CURVE('',#2413,#2414,#216,.T.);
#1924=EDGE_CURVE('',#2414,#2415,#2657,.T.);
#1925=EDGE_CURVE('',#2415,#2416,#217,.T.);
#1926=EDGE_CURVE('',#2416,#2417,#2658,.T.);
#1927=EDGE_CURVE('',#2417,#2418,#218,.T.);
#1928=EDGE_CURVE('',#2418,#2419,#2659,.T.);
#1929=EDGE_CURVE('',#2419,#2420,#219,.T.);
#1930=EDGE_CURVE('',#2420,#2404,#2660,.T.);
#1931=EDGE_CURVE('',#2421,#2422,#220,.T.);
#1932=EDGE_CURVE('',#2422,#2423,#2661,.T.);
#1933=EDGE_CURVE('',#2423,#2424,#221,.T.);
#1934=EDGE_CURVE('',#2424,#2425,#2662,.T.);
#1935=EDGE_CURVE('',#2425,#2426,#222,.T.);
#1936=EDGE_CURVE('',#2426,#2427,#223,.T.);
#1937=EDGE_CURVE('',#2427,#2421,#2663,.T.);
#1938=EDGE_CURVE('',#2428,#2429,#224,.T.);
#1939=EDGE_CURVE('',#2429,#2430,#2664,.T.);
#1940=EDGE_CURVE('',#2431,#2430,#2665,.T.);
#1941=EDGE_CURVE('',#2431,#2432,#2666,.T.);
#1942=EDGE_CURVE('',#2433,#2432,#225,.T.);
#1943=EDGE_CURVE('',#2433,#2434,#2667,.T.);
#1944=EDGE_CURVE('',#2435,#2434,#226,.T.);
#1945=EDGE_CURVE('',#2435,#2436,#2668,.T.);
#1946=EDGE_CURVE('',#2436,#2437,#227,.T.);
#1947=EDGE_CURVE('',#2437,#2438,#2669,.T.);
#1948=EDGE_CURVE('',#2439,#2438,#2670,.T.);
#1949=EDGE_CURVE('',#2439,#2440,#2671,.T.);
#1950=EDGE_CURVE('',#2440,#2441,#228,.T.);
#1951=EDGE_CURVE('',#2441,#2442,#2672,.T.);
#1952=EDGE_CURVE('',#2442,#2443,#229,.T.);
#1953=EDGE_CURVE('',#2443,#2444,#230,.T.);
#1954=EDGE_CURVE('',#2444,#2445,#2673,.T.);
#1955=EDGE_CURVE('',#2446,#2445,#2674,.T.);
#1956=EDGE_CURVE('',#2446,#2447,#2675,.T.);
#1957=EDGE_CURVE('',#2447,#2448,#231,.T.);
#1958=EDGE_CURVE('',#2448,#2449,#2676,.T.);
#1959=EDGE_CURVE('',#2449,#2450,#232,.T.);
#1960=EDGE_CURVE('',#2450,#2451,#2677,.T.);
#1961=EDGE_CURVE('',#2451,#2452,#233,.T.);
#1962=EDGE_CURVE('',#2452,#2453,#2678,.T.);
#1963=EDGE_CURVE('',#2453,#2454,#2679,.T.);
#1964=EDGE_CURVE('',#2454,#2455,#2680,.T.);
#1965=EDGE_CURVE('',#2455,#2456,#234,.T.);
#1966=EDGE_CURVE('',#2457,#2456,#235,.T.);
#1967=EDGE_CURVE('',#2458,#2457,#2681,.T.);
#1968=EDGE_CURVE('',#2459,#2458,#236,.T.);
#1969=EDGE_CURVE('',#2459,#2460,#2682,.T.);
#1970=EDGE_CURVE('',#2461,#2460,#2683,.T.);
#1971=EDGE_CURVE('',#2461,#2462,#2684,.T.);
#1972=EDGE_CURVE('',#2463,#2462,#237,.T.);
#1973=EDGE_CURVE('',#2463,#2464,#2685,.T.);
#1974=EDGE_CURVE('',#2464,#2465,#238,.T.);
#1975=EDGE_CURVE('',#2465,#2466,#2686,.T.);
#1976=EDGE_CURVE('',#2467,#2466,#239,.T.);
#1977=EDGE_CURVE('',#2467,#2468,#2687,.T.);
#1978=EDGE_CURVE('',#2468,#2469,#2688,.T.);
#1979=EDGE_CURVE('',#2469,#2470,#2689,.T.);
#1980=EDGE_CURVE('',#2470,#2471,#240,.T.);
#1981=EDGE_CURVE('',#2472,#2471,#241,.T.);
#1982=EDGE_CURVE('',#2472,#2473,#2690,.T.);
#1983=EDGE_CURVE('',#2473,#2474,#242,.T.);
#1984=EDGE_CURVE('',#2475,#2474,#2691,.T.);
#1985=EDGE_CURVE('',#2475,#2428,#243,.T.);
#1986=EDGE_CURVE('',#2476,#2477,#244,.T.);
#1987=EDGE_CURVE('',#2476,#2478,#2692,.T.);
#1988=EDGE_CURVE('',#2479,#2478,#245,.T.);
#1989=EDGE_CURVE('',#2479,#2480,#2693,.T.);
#1990=EDGE_CURVE('',#2481,#2480,#2694,.T.);
#1991=EDGE_CURVE('',#2482,#2481,#246,.T.);
#1992=EDGE_CURVE('',#2482,#2477,#2695,.T.);
#1993=EDGE_CURVE('',#2483,#2484,#2696,.T.);
#1994=EDGE_CURVE('',#2484,#2485,#2697,.T.);
#1995=EDGE_CURVE('',#2485,#2486,#247,.T.);
#1996=EDGE_CURVE('',#2486,#2487,#2698,.T.);
#1997=EDGE_CURVE('',#2488,#2487,#248,.T.);
#1998=EDGE_CURVE('',#2488,#2489,#2699,.T.);
#1999=EDGE_CURVE('',#2489,#2483,#249,.T.);
#2000=EDGE_CURVE('',#2490,#2491,#250,.T.);
#2001=EDGE_CURVE('',#2490,#2492,#2700,.T.);
#2002=EDGE_CURVE('',#2492,#2493,#251,.T.);
#2003=EDGE_CURVE('',#2493,#2491,#2701,.T.);
#2004=EDGE_CURVE('',#2491,#2320,#252,.T.);
#2005=EDGE_CURVE('',#2493,#2321,#253,.T.);
#2006=EDGE_CURVE('',#2168,#2467,#254,.T.);
#2007=EDGE_CURVE('',#2466,#2169,#255,.F.);
#2008=EDGE_CURVE('',#2172,#2463,#256,.T.);
#2009=EDGE_CURVE('',#2462,#2173,#257,.T.);
#2010=EDGE_CURVE('',#2216,#2488,#258,.T.);
#2011=EDGE_CURVE('',#2487,#2217,#259,.F.);
#2012=EDGE_CURVE('',#2403,#2294,#260,.T.);
#2013=EDGE_CURVE('',#2405,#2293,#261,.T.);
#2014=EDGE_CURVE('',#2334,#2225,#262,.T.);
#2015=EDGE_CURVE('',#2226,#2335,#263,.F.);
#2016=EDGE_CURVE('',#2470,#2165,#264,.T.);
#2017=EDGE_CURVE('',#2164,#2471,#265,.T.);
#2018=EDGE_CURVE('',#2477,#2209,#266,.F.);
#2019=EDGE_CURVE('',#2208,#2476,#267,.T.);
#2020=EDGE_CURVE('',#2166,#2469,#268,.T.);
#2021=EDGE_CURVE('',#2468,#2167,#269,.F.);
#2022=EDGE_CURVE('',#2210,#2482,#270,.T.);
#2023=EDGE_CURVE('',#2204,#2481,#271,.T.);
#2024=EDGE_CURVE('',#2430,#2157,#272,.F.);
#2025=EDGE_CURVE('',#2156,#2431,#273,.T.);
#2026=EDGE_CURVE('',#2447,#2188,#274,.F.);
#2027=EDGE_CURVE('',#2187,#2448,#275,.T.);
#2028=EDGE_CURVE('',#2191,#2444,#276,.T.);
#2029=EDGE_CURVE('',#2192,#2443,#277,.T.);
#2030=EDGE_CURVE('',#2445,#2190,#278,.F.);
#2031=EDGE_CURVE('',#2189,#2446,#279,.T.);
#2032=EDGE_CURVE('',#2185,#2450,#280,.T.);
#2033=EDGE_CURVE('',#2449,#2186,#281,.F.);
#2034=EDGE_CURVE('',#2455,#2180,#282,.T.);
#2035=EDGE_CURVE('',#2179,#2456,#283,.T.);
#2036=EDGE_CURVE('',#2183,#2452,#284,.F.);
#2037=EDGE_CURVE('',#2451,#2184,#285,.F.);
#2038=EDGE_CURVE('',#2181,#2454,#286,.T.);
#2039=EDGE_CURVE('',#2453,#2182,#287,.F.);
#2040=EDGE_CURVE('',#2440,#2195,#288,.F.);
#2041=EDGE_CURVE('',#2194,#2441,#289,.T.);
#2042=EDGE_CURVE('',#2436,#2199,#290,.F.);
#2043=EDGE_CURVE('',#2198,#2437,#291,.T.);
#2044=EDGE_CURVE('',#2176,#2459,#292,.F.);
#2045=EDGE_CURVE('',#2177,#2458,#293,.T.);
#2046=EDGE_CURVE('',#2159,#2428,#294,.T.);
#2047=EDGE_CURVE('',#2160,#2475,#295,.T.);
#2048=EDGE_CURVE('',#2193,#2442,#296,.T.);
#2049=EDGE_CURVE('',#2213,#2484,#297,.T.);
#2050=EDGE_CURVE('',#2214,#2483,#298,.T.);
#2051=EDGE_CURVE('',#2489,#2215,#299,.F.);
#2052=EDGE_CURVE('',#2161,#2474,#300,.T.);
#2053=EDGE_CURVE('',#2162,#2473,#301,.T.);
#2054=EDGE_CURVE('',#2163,#2472,#302,.T.);
#2055=EDGE_CURVE('',#2480,#2205,#303,.F.);
#2056=EDGE_CURVE('',#2178,#2457,#304,.T.);
#2057=EDGE_CURVE('',#2158,#2429,#305,.T.);
#2058=EDGE_CURVE('',#2432,#2203,#306,.T.);
#2059=EDGE_CURVE('',#2202,#2433,#307,.T.);
#2060=EDGE_CURVE('',#2174,#2461,#308,.T.);
#2061=EDGE_CURVE('',#2460,#2175,#309,.F.);
#2062=EDGE_CURVE('',#2196,#2439,#310,.T.);
#2063=EDGE_CURVE('',#2438,#2197,#311,.F.);
#2064=EDGE_CURVE('',#2264,#2348,#312,.F.);
#2065=EDGE_CURVE('',#2347,#2263,#313,.T.);
#2066=EDGE_CURVE('',#2351,#2276,#314,.T.);
#2067=EDGE_CURVE('',#2275,#2352,#315,.F.);
#2068=EDGE_CURVE('',#2355,#2272,#316,.T.);
#2069=EDGE_CURVE('',#2271,#2356,#317,.F.);
#2070=EDGE_CURVE('',#2267,#2360,#318,.F.);
#2071=EDGE_CURVE('',#2359,#2268,#319,.T.);
#2072=EDGE_CURVE('',#2357,#2270,#320,.T.);
#2073=EDGE_CURVE('',#2269,#2358,#321,.F.);
#2074=EDGE_CURVE('',#2353,#2274,#322,.T.);
#2075=EDGE_CURVE('',#2273,#2354,#323,.F.);
#2076=EDGE_CURVE('',#2349,#2278,#324,.T.);
#2077=EDGE_CURVE('',#2277,#2350,#325,.F.);
#2078=EDGE_CURVE('',#2265,#2345,#326,.F.);
#2079=EDGE_CURVE('',#2346,#2266,#327,.T.);
#2080=EDGE_CURVE('',#2232,#2342,#328,.F.);
#2081=EDGE_CURVE('',#2341,#2233,#329,.T.);
#2082=EDGE_CURVE('',#2230,#2344,#330,.F.);
#2083=EDGE_CURVE('',#2343,#2231,#331,.T.);
#2084=EDGE_CURVE('',#2339,#2235,#332,.T.);
#2085=EDGE_CURVE('',#2234,#2340,#333,.F.);
#2086=EDGE_CURVE('',#2337,#2237,#334,.F.);
#2087=EDGE_CURVE('',#2236,#2338,#335,.F.);
#2088=EDGE_CURVE('',#2228,#2332,#336,.T.);
#2089=EDGE_CURVE('',#2331,#2229,#337,.T.);
#2090=EDGE_CURVE('',#2386,#2282,#338,.T.);
#2091=EDGE_CURVE('',#2281,#2385,#339,.F.);
#2092=EDGE_CURVE('',#2280,#2388,#340,.F.);
#2093=EDGE_CURVE('',#2387,#2279,#341,.T.);
#2094=EDGE_CURVE('',#2291,#2390,#342,.F.);
#2095=EDGE_CURVE('',#2389,#2292,#343,.T.);
#2096=EDGE_CURVE('',#2289,#2392,#344,.F.);
#2097=EDGE_CURVE('',#2391,#2290,#345,.T.);
#2098=EDGE_CURVE('',#2286,#2395,#346,.F.);
#2099=EDGE_CURVE('',#2394,#2287,#347,.T.);
#2100=EDGE_CURVE('',#2397,#2284,#348,.T.);
#2101=EDGE_CURVE('',#2283,#2398,#349,.F.);
#2102=EDGE_CURVE('',#2308,#2408,#350,.F.);
#2103=EDGE_CURVE('',#2407,#2309,#351,.T.);
#2104=EDGE_CURVE('',#2306,#2410,#352,.F.);
#2105=EDGE_CURVE('',#2409,#2307,#353,.T.);
#2106=EDGE_CURVE('',#2411,#2305,#354,.T.);
#2107=EDGE_CURVE('',#2304,#2412,#355,.F.);
#2108=EDGE_CURVE('',#2413,#2303,#356,.T.);
#2109=EDGE_CURVE('',#2302,#2414,#357,.F.);
#2110=EDGE_CURVE('',#2300,#2416,#358,.F.);
#2111=EDGE_CURVE('',#2415,#2301,#359,.T.);
#2112=EDGE_CURVE('',#2417,#2299,#360,.T.);
#2113=EDGE_CURVE('',#2298,#2418,#361,.F.);
#2114=EDGE_CURVE('',#2419,#2297,#362,.T.);
#2115=EDGE_CURVE('',#2296,#2420,#363,.F.);
#2116=EDGE_CURVE('',#2400,#2152,#364,.T.);
#2117=EDGE_CURVE('',#2399,#2154,#365,.T.);
#2118=EDGE_CURVE('',#2310,#2406,#366,.F.);
#2119=EDGE_CURVE('',#2404,#2295,#367,.T.);
#2120=EDGE_CURVE('',#2325,#2315,#368,.T.);
#2121=EDGE_CURVE('',#2324,#2314,#369,.T.);
#2122=EDGE_CURVE('',#2313,#2326,#370,.F.);
#2123=EDGE_CURVE('',#2311,#2328,#371,.F.);
#2124=EDGE_CURVE('',#2327,#2312,#372,.T.);
#2125=EDGE_CURVE('',#2329,#2317,#373,.T.);
#2126=EDGE_CURVE('',#2316,#2330,#374,.F.);
#2127=EDGE_CURVE('',#2425,#2218,#375,.T.);
#2128=EDGE_CURVE('',#2426,#2219,#376,.T.);
#2129=EDGE_CURVE('',#2224,#2427,#377,.F.);
#2130=EDGE_CURVE('',#2222,#2422,#378,.F.);
#2131=EDGE_CURVE('',#2421,#2223,#379,.T.);
#2132=EDGE_CURVE('',#2423,#2221,#380,.T.);
#2133=EDGE_CURVE('',#2220,#2424,#381,.F.);
#2134=EDGE_CURVE('',#2464,#2171,#382,.F.);
#2135=EDGE_CURVE('',#2170,#2465,#383,.T.);
#2136=EDGE_CURVE('',#2478,#2207,#384,.F.);
#2137=EDGE_CURVE('',#2206,#2479,#385,.F.);
#2138=EDGE_CURVE('',#2212,#2486,#386,.T.);
#2139=EDGE_CURVE('',#2485,#2211,#387,.T.);
#2140=EDGE_CURVE('',#2200,#2435,#388,.T.);
#2141=EDGE_CURVE('',#2434,#2201,#389,.F.);
#2142=EDGE_CURVE('',#2333,#2227,#390,.F.);
#2143=EDGE_CURVE('',#2238,#2336,#391,.F.);
#2144=EDGE_CURVE('',#2288,#2393,#392,.T.);
#2145=EDGE_CURVE('',#2396,#2285,#393,.T.);
#2146=EDGE_CURVE('',#2490,#2318,#394,.T.);
#2147=EDGE_CURVE('',#2492,#2319,#395,.T.);
#2148=EDGE_CURVE('',#2401,#2153,#396,.T.);
#2149=EDGE_CURVE('',#2402,#2155,#397,.T.);
#2150=VERTEX_POINT('',#4936);
#2151=VERTEX_POINT('',#4938);
#2152=VERTEX_POINT('',#4940);
#2153=VERTEX_POINT('',#4941);
#2154=VERTEX_POINT('',#4943);
#2155=VERTEX_POINT('',#4945);
#2156=VERTEX_POINT('',#4948);
#2157=VERTEX_POINT('',#4949);
#2158=VERTEX_POINT('',#4951);
#2159=VERTEX_POINT('',#4953);
#2160=VERTEX_POINT('',#4955);
#2161=VERTEX_POINT('',#4957);
#2162=VERTEX_POINT('',#4959);
#2163=VERTEX_POINT('',#4961);
#2164=VERTEX_POINT('',#4963);
#2165=VERTEX_POINT('',#4965);
#2166=VERTEX_POINT('',#4967);
#2167=VERTEX_POINT('',#4969);
#2168=VERTEX_POINT('',#4971);
#2169=VERTEX_POINT('',#4973);
#2170=VERTEX_POINT('',#4975);
#2171=VERTEX_POINT('',#4977);
#2172=VERTEX_POINT('',#4979);
#2173=VERTEX_POINT('',#4981);
#2174=VERTEX_POINT('',#4983);
#2175=VERTEX_POINT('',#4985);
#2176=VERTEX_POINT('',#4987);
#2177=VERTEX_POINT('',#4989);
#2178=VERTEX_POINT('',#4991);
#2179=VERTEX_POINT('',#4993);
#2180=VERTEX_POINT('',#4995);
#2181=VERTEX_POINT('',#4997);
#2182=VERTEX_POINT('',#4999);
#2183=VERTEX_POINT('',#5001);
#2184=VERTEX_POINT('',#5003);
#2185=VERTEX_POINT('',#5005);
#2186=VERTEX_POINT('',#5007);
#2187=VERTEX_POINT('',#5009);
#2188=VERTEX_POINT('',#5011);
#2189=VERTEX_POINT('',#5013);
#2190=VERTEX_POINT('',#5015);
#2191=VERTEX_POINT('',#5017);
#2192=VERTEX_POINT('',#5019);
#2193=VERTEX_POINT('',#5021);
#2194=VERTEX_POINT('',#5023);
#2195=VERTEX_POINT('',#5025);
#2196=VERTEX_POINT('',#5027);
#2197=VERTEX_POINT('',#5029);
#2198=VERTEX_POINT('',#5031);
#2199=VERTEX_POINT('',#5033);
#2200=VERTEX_POINT('',#5035);
#2201=VERTEX_POINT('',#5037);
#2202=VERTEX_POINT('',#5039);
#2203=VERTEX_POINT('',#5041);
#2204=VERTEX_POINT('',#5044);
#2205=VERTEX_POINT('',#5045);
#2206=VERTEX_POINT('',#5047);
#2207=VERTEX_POINT('',#5049);
#2208=VERTEX_POINT('',#5051);
#2209=VERTEX_POINT('',#5053);
#2210=VERTEX_POINT('',#5055);
#2211=VERTEX_POINT('',#5058);
#2212=VERTEX_POINT('',#5059);
#2213=VERTEX_POINT('',#5061);
#2214=VERTEX_POINT('',#5063);
#2215=VERTEX_POINT('',#5065);
#2216=VERTEX_POINT('',#5067);
#2217=VERTEX_POINT('',#5069);
#2218=VERTEX_POINT('',#5072);
#2219=VERTEX_POINT('',#5073);
#2220=VERTEX_POINT('',#5075);
#2221=VERTEX_POINT('',#5077);
#2222=VERTEX_POINT('',#5079);
#2223=VERTEX_POINT('',#5081);
#2224=VERTEX_POINT('',#5083);
#2225=VERTEX_POINT('',#5086);
#2226=VERTEX_POINT('',#5087);
#2227=VERTEX_POINT('',#5089);
#2228=VERTEX_POINT('',#5091);
#2229=VERTEX_POINT('',#5093);
#2230=VERTEX_POINT('',#5095);
#2231=VERTEX_POINT('',#5097);
#2232=VERTEX_POINT('',#5099);
#2233=VERTEX_POINT('',#5101);
#2234=VERTEX_POINT('',#5103);
#2235=VERTEX_POINT('',#5105);
#2236=VERTEX_POINT('',#5107);
#2237=VERTEX_POINT('',#5109);
#2238=VERTEX_POINT('',#5111);
#2239=VERTEX_POINT('',#5114);
#2240=VERTEX_POINT('',#5116);
#2241=VERTEX_POINT('',#5118);
#2242=VERTEX_POINT('',#5120);
#2243=VERTEX_POINT('',#5122);
#2244=VERTEX_POINT('',#5124);
#2245=VERTEX_POINT('',#5126);
#2246=VERTEX_POINT('',#5128);
#2247=VERTEX_POINT('',#5130);
#2248=VERTEX_POINT('',#5132);
#2249=VERTEX_POINT('',#5134);
#2250=VERTEX_POINT('',#5136);
#2251=VERTEX_POINT('',#5138);
#2252=VERTEX_POINT('',#5140);
#2253=VERTEX_POINT('',#5142);
#2254=VERTEX_POINT('',#5144);
#2255=VERTEX_POINT('',#5146);
#2256=VERTEX_POINT('',#5148);
#2257=VERTEX_POINT('',#5150);
#2258=VERTEX_POINT('',#5152);
#2259=VERTEX_POINT('',#5154);
#2260=VERTEX_POINT('',#5156);
#2261=VERTEX_POINT('',#5158);
#2262=VERTEX_POINT('',#5160);
#2263=VERTEX_POINT('',#5162);
#2264=VERTEX_POINT('',#5163);
#2265=VERTEX_POINT('',#5165);
#2266=VERTEX_POINT('',#5167);
#2267=VERTEX_POINT('',#5169);
#2268=VERTEX_POINT('',#5171);
#2269=VERTEX_POINT('',#5173);
#2270=VERTEX_POINT('',#5175);
#2271=VERTEX_POINT('',#5177);
#2272=VERTEX_POINT('',#5179);
#2273=VERTEX_POINT('',#5181);
#2274=VERTEX_POINT('',#5183);
#2275=VERTEX_POINT('',#5185);
#2276=VERTEX_POINT('',#5187);
#2277=VERTEX_POINT('',#5189);
#2278=VERTEX_POINT('',#5191);
#2279=VERTEX_POINT('',#5194);
#2280=VERTEX_POINT('',#5195);
#2281=VERTEX_POINT('',#5197);
#2282=VERTEX_POINT('',#5199);
#2283=VERTEX_POINT('',#5201);
#2284=VERTEX_POINT('',#5203);
#2285=VERTEX_POINT('',#5205);
#2286=VERTEX_POINT('',#5207);
#2287=VERTEX_POINT('',#5209);
#2288=VERTEX_POINT('',#5211);
#2289=VERTEX_POINT('',#5213);
#2290=VERTEX_POINT('',#5215);
#2291=VERTEX_POINT('',#5217);
#2292=VERTEX_POINT('',#5219);
#2293=VERTEX_POINT('',#5222);
#2294=VERTEX_POINT('',#5223);
#2295=VERTEX_POINT('',#5225);
#2296=VERTEX_POINT('',#5227);
#2297=VERTEX_POINT('',#5229);
#2298=VERTEX_POINT('',#5231);
#2299=VERTEX_POINT('',#5233);
#2300=VERTEX_POINT('',#5235);
#2301=VERTEX_POINT('',#5237);
#2302=VERTEX_POINT('',#5239);
#2303=VERTEX_POINT('',#5241);
#2304=VERTEX_POINT('',#5243);
#2305=VERTEX_POINT('',#5245);
#2306=VERTEX_POINT('',#5247);
#2307=VERTEX_POINT('',#5249);
#2308=VERTEX_POINT('',#5251);
#2309=VERTEX_POINT('',#5253);
#2310=VERTEX_POINT('',#5255);
#2311=VERTEX_POINT('',#5258);
#2312=VERTEX_POINT('',#5259);
#2313=VERTEX_POINT('',#5261);
#2314=VERTEX_POINT('',#5263);
#2315=VERTEX_POINT('',#5265);
#2316=VERTEX_POINT('',#5267);
#2317=VERTEX_POINT('',#5269);
#2318=VERTEX_POINT('',#5272);
#2319=VERTEX_POINT('',#5273);
#2320=VERTEX_POINT('',#5275);
#2321=VERTEX_POINT('',#5277);
#2322=VERTEX_POINT('',#5281);
#2323=VERTEX_POINT('',#5283);
#2324=VERTEX_POINT('',#5285);
#2325=VERTEX_POINT('',#5286);
#2326=VERTEX_POINT('',#5288);
#2327=VERTEX_POINT('',#5290);
#2328=VERTEX_POINT('',#5292);
#2329=VERTEX_POINT('',#5294);
#2330=VERTEX_POINT('',#5296);
#2331=VERTEX_POINT('',#5299);
#2332=VERTEX_POINT('',#5300);
#2333=VERTEX_POINT('',#5302);
#2334=VERTEX_POINT('',#5304);
#2335=VERTEX_POINT('',#5306);
#2336=VERTEX_POINT('',#5308);
#2337=VERTEX_POINT('',#5310);
#2338=VERTEX_POINT('',#5312);
#2339=VERTEX_POINT('',#5314);
#2340=VERTEX_POINT('',#5316);
#2341=VERTEX_POINT('',#5318);
#2342=VERTEX_POINT('',#5320);
#2343=VERTEX_POINT('',#5322);
#2344=VERTEX_POINT('',#5324);
#2345=VERTEX_POINT('',#5327);
#2346=VERTEX_POINT('',#5328);
#2347=VERTEX_POINT('',#5330);
#2348=VERTEX_POINT('',#5332);
#2349=VERTEX_POINT('',#5334);
#2350=VERTEX_POINT('',#5336);
#2351=VERTEX_POINT('',#5338);
#2352=VERTEX_POINT('',#5340);
#2353=VERTEX_POINT('',#5342);
#2354=VERTEX_POINT('',#5344);
#2355=VERTEX_POINT('',#5346);
#2356=VERTEX_POINT('',#5348);
#2357=VERTEX_POINT('',#5350);
#2358=VERTEX_POINT('',#5352);
#2359=VERTEX_POINT('',#5354);
#2360=VERTEX_POINT('',#5356);
#2361=VERTEX_POINT('',#5359);
#2362=VERTEX_POINT('',#5361);
#2363=VERTEX_POINT('',#5363);
#2364=VERTEX_POINT('',#5365);
#2365=VERTEX_POINT('',#5367);
#2366=VERTEX_POINT('',#5369);
#2367=VERTEX_POINT('',#5371);
#2368=VERTEX_POINT('',#5373);
#2369=VERTEX_POINT('',#5375);
#2370=VERTEX_POINT('',#5377);
#2371=VERTEX_POINT('',#5379);
#2372=VERTEX_POINT('',#5381);
#2373=VERTEX_POINT('',#5383);
#2374=VERTEX_POINT('',#5385);
#2375=VERTEX_POINT('',#5387);
#2376=VERTEX_POINT('',#5389);
#2377=VERTEX_POINT('',#5391);
#2378=VERTEX_POINT('',#5393);
#2379=VERTEX_POINT('',#5395);
#2380=VERTEX_POINT('',#5397);
#2381=VERTEX_POINT('',#5399);
#2382=VERTEX_POINT('',#5401);
#2383=VERTEX_POINT('',#5403);
#2384=VERTEX_POINT('',#5405);
#2385=VERTEX_POINT('',#5407);
#2386=VERTEX_POINT('',#5408);
#2387=VERTEX_POINT('',#5410);
#2388=VERTEX_POINT('',#5412);
#2389=VERTEX_POINT('',#5414);
#2390=VERTEX_POINT('',#5416);
#2391=VERTEX_POINT('',#5418);
#2392=VERTEX_POINT('',#5420);
#2393=VERTEX_POINT('',#5422);
#2394=VERTEX_POINT('',#5424);
#2395=VERTEX_POINT('',#5426);
#2396=VERTEX_POINT('',#5428);
#2397=VERTEX_POINT('',#5430);
#2398=VERTEX_POINT('',#5432);
#2399=VERTEX_POINT('',#5435);
#2400=VERTEX_POINT('',#5436);
#2401=VERTEX_POINT('',#5438);
#2402=VERTEX_POINT('',#5440);
#2403=VERTEX_POINT('',#5443);
#2404=VERTEX_POINT('',#5444);
#2405=VERTEX_POINT('',#5446);
#2406=VERTEX_POINT('',#5448);
#2407=VERTEX_POINT('',#5450);
#2408=VERTEX_POINT('',#5452);
#2409=VERTEX_POINT('',#5454);
#2410=VERTEX_POINT('',#5456);
#2411=VERTEX_POINT('',#5458);
#2412=VERTEX_POINT('',#5460);
#2413=VERTEX_POINT('',#5462);
#2414=VERTEX_POINT('',#5464);
#2415=VERTEX_POINT('',#5466);
#2416=VERTEX_POINT('',#5468);
#2417=VERTEX_POINT('',#5470);
#2418=VERTEX_POINT('',#5472);
#2419=VERTEX_POINT('',#5474);
#2420=VERTEX_POINT('',#5476);
#2421=VERTEX_POINT('',#5479);
#2422=VERTEX_POINT('',#5480);
#2423=VERTEX_POINT('',#5482);
#2424=VERTEX_POINT('',#5484);
#2425=VERTEX_POINT('',#5486);
#2426=VERTEX_POINT('',#5488);
#2427=VERTEX_POINT('',#5490);
#2428=VERTEX_POINT('',#5493);
#2429=VERTEX_POINT('',#5494);
#2430=VERTEX_POINT('',#5496);
#2431=VERTEX_POINT('',#5498);
#2432=VERTEX_POINT('',#5500);
#2433=VERTEX_POINT('',#5502);
#2434=VERTEX_POINT('',#5504);
#2435=VERTEX_POINT('',#5506);
#2436=VERTEX_POINT('',#5508);
#2437=VERTEX_POINT('',#5510);
#2438=VERTEX_POINT('',#5512);
#2439=VERTEX_POINT('',#5514);
#2440=VERTEX_POINT('',#5516);
#2441=VERTEX_POINT('',#5518);
#2442=VERTEX_POINT('',#5520);
#2443=VERTEX_POINT('',#5522);
#2444=VERTEX_POINT('',#5524);
#2445=VERTEX_POINT('',#5526);
#2446=VERTEX_POINT('',#5528);
#2447=VERTEX_POINT('',#5530);
#2448=VERTEX_POINT('',#5532);
#2449=VERTEX_POINT('',#5534);
#2450=VERTEX_POINT('',#5536);
#2451=VERTEX_POINT('',#5538);
#2452=VERTEX_POINT('',#5540);
#2453=VERTEX_POINT('',#5542);
#2454=VERTEX_POINT('',#5544);
#2455=VERTEX_POINT('',#5546);
#2456=VERTEX_POINT('',#5548);
#2457=VERTEX_POINT('',#5550);
#2458=VERTEX_POINT('',#5552);
#2459=VERTEX_POINT('',#5554);
#2460=VERTEX_POINT('',#5556);
#2461=VERTEX_POINT('',#5558);
#2462=VERTEX_POINT('',#5560);
#2463=VERTEX_POINT('',#5562);
#2464=VERTEX_POINT('',#5564);
#2465=VERTEX_POINT('',#5566);
#2466=VERTEX_POINT('',#5568);
#2467=VERTEX_POINT('',#5570);
#2468=VERTEX_POINT('',#5572);
#2469=VERTEX_POINT('',#5574);
#2470=VERTEX_POINT('',#5576);
#2471=VERTEX_POINT('',#5578);
#2472=VERTEX_POINT('',#5580);
#2473=VERTEX_POINT('',#5582);
#2474=VERTEX_POINT('',#5584);
#2475=VERTEX_POINT('',#5586);
#2476=VERTEX_POINT('',#5589);
#2477=VERTEX_POINT('',#5590);
#2478=VERTEX_POINT('',#5592);
#2479=VERTEX_POINT('',#5594);
#2480=VERTEX_POINT('',#5596);
#2481=VERTEX_POINT('',#5598);
#2482=VERTEX_POINT('',#5600);
#2483=VERTEX_POINT('',#5603);
#2484=VERTEX_POINT('',#5604);
#2485=VERTEX_POINT('',#5606);
#2486=VERTEX_POINT('',#5608);
#2487=VERTEX_POINT('',#5610);
#2488=VERTEX_POINT('',#5612);
#2489=VERTEX_POINT('',#5614);
#2490=VERTEX_POINT('',#5617);
#2491=VERTEX_POINT('',#5618);
#2492=VERTEX_POINT('',#5620);
#2493=VERTEX_POINT('',#5622);
#2494=CIRCLE('',#3504,0.00105);
#2495=CIRCLE('',#3505,0.00105);
#2496=CIRCLE('',#3506,0.00105);
#2497=CIRCLE('',#3507,0.00105);
#2498=CIRCLE('',#3508,0.007);
#2499=CIRCLE('',#3509,0.008);
#2500=CIRCLE('',#3510,0.00362132034355965);
#2501=CIRCLE('',#3511,0.00362132034355965);
#2502=CIRCLE('',#3512,0.008);
#2503=CIRCLE('',#3513,0.007);
#2504=CIRCLE('',#3514,0.008);
#2505=CIRCLE('',#3515,0.014);
#2506=CIRCLE('',#3516,0.005);
#2507=CIRCLE('',#3517,0.00451458);
#2508=CIRCLE('',#3518,0.00275);
#2509=CIRCLE('',#3519,0.00451458);
#2510=CIRCLE('',#3520,0.001442115995405);
#2511=CIRCLE('',#3521,0.008);
#2512=CIRCLE('',#3522,0.007);
#2513=CIRCLE('',#3523,0.008);
#2514=CIRCLE('',#3524,0.015);
#2515=CIRCLE('',#3525,0.015);
#2516=CIRCLE('',#3526,0.008);
#2517=CIRCLE('',#3527,0.007);
#2518=CIRCLE('',#3528,0.008);
#2519=CIRCLE('',#3529,0.001442115995405);
#2520=CIRCLE('',#3530,0.00451458);
#2521=CIRCLE('',#3531,0.00275);
#2522=CIRCLE('',#3532,0.00451458);
#2523=CIRCLE('',#3533,0.005);
#2524=CIRCLE('',#3534,0.014);
#2525=CIRCLE('',#3535,0.008);
#2526=CIRCLE('',#3536,0.00193137084989848);
#2527=CIRCLE('',#3537,0.000596921495529309);
#2528=CIRCLE('',#3538,0.00175649619864994);
#2529=CIRCLE('',#3539,0.0024142135623731);
#2530=CIRCLE('',#3540,0.000596921495529309);
#2531=CIRCLE('',#3541,0.00193137084989848);
#2532=CIRCLE('',#3542,0.0024142135623731);
#2533=CIRCLE('',#3543,0.00175649619864994);
#2534=CIRCLE('',#3544,0.0015);
#2535=CIRCLE('',#3545,0.0015);
#2536=CIRCLE('',#3546,0.0015);
#2537=CIRCLE('',#3547,0.00270391918985787);
#2538=CIRCLE('',#3548,0.00270392);
#2539=CIRCLE('',#3549,0.00337989898732234);
#2540=CIRCLE('',#3550,0.00337989898732234);
#2541=CIRCLE('',#3551,0.00337989898732234);
#2542=CIRCLE('',#3552,0.00337989898732234);
#2543=CIRCLE('',#3553,0.00270392);
#2544=CIRCLE('',#3554,0.00270391918985787);
#2545=CIRCLE('',#3555,0.00105);
#2546=CIRCLE('',#3556,0.00250060928707946);
#2547=CIRCLE('',#3557,0.001);
#2548=CIRCLE('',#3558,0.001);
#2549=CIRCLE('',#3559,0.001);
#2550=CIRCLE('',#3560,0.001);
#2551=CIRCLE('',#3561,0.00250060928707946);
#2552=CIRCLE('',#3562,0.001);
#2553=CIRCLE('',#3563,0.001);
#2554=CIRCLE('',#3564,0.001);
#2555=CIRCLE('',#3565,0.001);
#2556=CIRCLE('',#3566,0.0025);
#2557=CIRCLE('',#3567,0.001);
#2558=CIRCLE('',#3568,0.001);
#2559=CIRCLE('',#3569,0.001);
#2560=CIRCLE('',#3570,0.001);
#2561=CIRCLE('',#3571,0.001);
#2562=CIRCLE('',#3572,0.0025);
#2563=CIRCLE('',#3573,0.001);
#2564=CIRCLE('',#3574,0.001);
#2565=CIRCLE('',#3575,0.001);
#2566=CIRCLE('',#3576,0.00105);
#2567=CIRCLE('',#3577,0.00105);
#2568=CIRCLE('',#3578,0.00105);
#2569=CIRCLE('',#3579,0.005);
#2570=CIRCLE('',#3580,0.005);
#2571=CIRCLE('',#3581,0.005);
#2572=CIRCLE('',#3582,0.005);
#2573=CIRCLE('',#3583,0.005);
#2574=CIRCLE('',#3584,0.005);
#2575=CIRCLE('',#3585,0.005);
#2576=CIRCLE('',#3586,0.005);
#2577=CIRCLE('',#3587,0.005);
#2578=CIRCLE('',#3588,0.005);
#2579=CIRCLE('',#3589,0.005);
#2580=CIRCLE('',#3590,0.005);
#2581=CIRCLE('',#3591,0.005);
#2582=CIRCLE('',#3592,0.005);
#2583=CIRCLE('',#3593,0.005);
#2584=CIRCLE('',#3594,0.005);
#2585=CIRCLE('',#3595,0.00408358305604661);
#2586=CIRCLE('',#3596,0.0015);
#2587=CIRCLE('',#3597,0.004);
#2588=CIRCLE('',#3598,0.004);
#2589=CIRCLE('',#3599,0.004);
#2590=CIRCLE('',#3600,0.004);
#2591=CIRCLE('',#3601,0.0015);
#2592=CIRCLE('',#3602,0.00408358305604661);
#2593=CIRCLE('',#3603,0.0015);
#2594=CIRCLE('',#3604,0.0015);
#2595=CIRCLE('',#3605,0.0015);
#2596=CIRCLE('',#3606,0.00105);
#2597=CIRCLE('',#3607,0.00105);
#2598=CIRCLE('',#3609,0.00105);
#2599=CIRCLE('',#3610,0.00105);
#2600=CIRCLE('',#3611,0.0015);
#2601=CIRCLE('',#3612,0.0015);
#2602=CIRCLE('',#3613,0.0015);
#2603=CIRCLE('',#3614,0.00270392);
#2604=CIRCLE('',#3615,0.00270391918985787);
#2605=CIRCLE('',#3616,0.00270391918985787);
#2606=CIRCLE('',#3617,0.00270392);
#2607=CIRCLE('',#3618,0.00337989898732234);
#2608=CIRCLE('',#3619,0.00337989898732234);
#2609=CIRCLE('',#3620,0.00337989898732234);
#2610=CIRCLE('',#3621,0.00337989898732234);
#2611=CIRCLE('',#3622,0.005);
#2612=CIRCLE('',#3623,0.005);
#2613=CIRCLE('',#3624,0.005);
#2614=CIRCLE('',#3625,0.005);
#2615=CIRCLE('',#3626,0.005);
#2616=CIRCLE('',#3627,0.005);
#2617=CIRCLE('',#3628,0.005);
#2618=CIRCLE('',#3629,0.005);
#2619=CIRCLE('',#3630,0.00105);
#2620=CIRCLE('',#3631,0.001);
#2621=CIRCLE('',#3632,0.001);
#2622=CIRCLE('',#3633,0.001);
#2623=CIRCLE('',#3634,0.001);
#2624=CIRCLE('',#3635,0.00250060928707946);
#2625=CIRCLE('',#3636,0.001);
#2626=CIRCLE('',#3637,0.001);
#2627=CIRCLE('',#3638,0.001);
#2628=CIRCLE('',#3639,0.001);
#2629=CIRCLE('',#3640,0.00250060928707946);
#2630=CIRCLE('',#3641,0.0025);
#2631=CIRCLE('',#3642,0.001);
#2632=CIRCLE('',#3643,0.001);
#2633=CIRCLE('',#3644,0.001);
#2634=CIRCLE('',#3645,0.001);
#2635=CIRCLE('',#3646,0.001);
#2636=CIRCLE('',#3647,0.0025);
#2637=CIRCLE('',#3648,0.001);
#2638=CIRCLE('',#3649,0.001);
#2639=CIRCLE('',#3650,0.001);
#2640=CIRCLE('',#3651,0.00105);
#2641=CIRCLE('',#3652,0.00105);
#2642=CIRCLE('',#3653,0.00105);
#2643=CIRCLE('',#3654,0.005);
#2644=CIRCLE('',#3655,0.005);
#2645=CIRCLE('',#3656,0.005);
#2646=CIRCLE('',#3657,0.005);
#2647=CIRCLE('',#3658,0.005);
#2648=CIRCLE('',#3659,0.005);
#2649=CIRCLE('',#3660,0.005);
#2650=CIRCLE('',#3661,0.005);
#2651=CIRCLE('',#3662,0.00105);
#2652=CIRCLE('',#3663,0.00105);
#2653=CIRCLE('',#3664,0.00408358305604661);
#2654=CIRCLE('',#3665,0.0015);
#2655=CIRCLE('',#3666,0.004);
#2656=CIRCLE('',#3667,0.004);
#2657=CIRCLE('',#3668,0.004);
#2658=CIRCLE('',#3669,0.004);
#2659=CIRCLE('',#3670,0.0015);
#2660=CIRCLE('',#3671,0.00408358305604661);
#2661=CIRCLE('',#3672,0.0015);
#2662=CIRCLE('',#3673,0.0015);
#2663=CIRCLE('',#3674,0.0015);
#2664=CIRCLE('',#3675,0.008);
#2665=CIRCLE('',#3676,0.007);
#2666=CIRCLE('',#3677,0.008);
#2667=CIRCLE('',#3678,0.014);
#2668=CIRCLE('',#3679,0.005);
#2669=CIRCLE('',#3680,0.00451458);
#2670=CIRCLE('',#3681,0.00275);
#2671=CIRCLE('',#3682,0.00451458);
#2672=CIRCLE('',#3683,0.001442115995405);
#2673=CIRCLE('',#3684,0.008);
#2674=CIRCLE('',#3685,0.007);
#2675=CIRCLE('',#3686,0.008);
#2676=CIRCLE('',#3687,0.015);
#2677=CIRCLE('',#3688,0.015);
#2678=CIRCLE('',#3689,0.008);
#2679=CIRCLE('',#3690,0.007);
#2680=CIRCLE('',#3691,0.008);
#2681=CIRCLE('',#3692,0.001442115995405);
#2682=CIRCLE('',#3693,0.00451458);
#2683=CIRCLE('',#3694,0.00275);
#2684=CIRCLE('',#3695,0.00451458);
#2685=CIRCLE('',#3696,0.005);
#2686=CIRCLE('',#3697,0.014);
#2687=CIRCLE('',#3698,0.008);
#2688=CIRCLE('',#3699,0.007);
#2689=CIRCLE('',#3700,0.008);
#2690=CIRCLE('',#3701,0.00362132034355965);
#2691=CIRCLE('',#3702,0.00362132034355965);
#2692=CIRCLE('',#3703,0.00175649619864994);
#2693=CIRCLE('',#3704,0.000596921495529309);
#2694=CIRCLE('',#3705,0.00193137084989848);
#2695=CIRCLE('',#3706,0.0024142135623731);
#2696=CIRCLE('',#3707,0.00193137084989848);
#2697=CIRCLE('',#3708,0.000596921495529309);
#2698=CIRCLE('',#3709,0.00175649619864994);
#2699=CIRCLE('',#3710,0.0024142135623731);
#2700=CIRCLE('',#3711,0.00105);
#2701=CIRCLE('',#3712,0.00105);
#2702=EDGE_LOOP('',(#680));
#2703=EDGE_LOOP('',(#681));
#2704=EDGE_LOOP('',(#682,#683,#684,#685));
#2705=EDGE_LOOP('',(#686,#687,#688,#689,#690,#691,#692,#693,#694,#695,#696,
#697,#698,#699,#700,#701,#702,#703,#704,#705,#706,#707,#708,#709,#710,#711,
#712,#713,#714,#715,#716,#717,#718,#719,#720,#721,#722,#723,#724,#725,#726,
#727,#728,#729,#730,#731,#732,#733));
#2706=EDGE_LOOP('',(#734,#735,#736,#737,#738,#739,#740));
#2707=EDGE_LOOP('',(#741,#742,#743,#744,#745,#746,#747));
#2708=EDGE_LOOP('',(#748,#749,#750,#751,#752,#753,#754));
#2709=EDGE_LOOP('',(#755,#756,#757,#758,#759,#760,#761,#762,#763,#764,#765,
#766,#767,#768));
#2710=EDGE_LOOP('',(#769));
#2711=EDGE_LOOP('',(#770));
#2712=EDGE_LOOP('',(#771));
#2713=EDGE_LOOP('',(#772));
#2714=EDGE_LOOP('',(#773));
#2715=EDGE_LOOP('',(#774));
#2716=EDGE_LOOP('',(#775));
#2717=EDGE_LOOP('',(#776));
#2718=EDGE_LOOP('',(#777));
#2719=EDGE_LOOP('',(#778));
#2720=EDGE_LOOP('',(#779));
#2721=EDGE_LOOP('',(#780));
#2722=EDGE_LOOP('',(#781));
#2723=EDGE_LOOP('',(#782));
#2724=EDGE_LOOP('',(#783));
#2725=EDGE_LOOP('',(#784));
#2726=EDGE_LOOP('',(#785));
#2727=EDGE_LOOP('',(#786));
#2728=EDGE_LOOP('',(#787));
#2729=EDGE_LOOP('',(#788));
#2730=EDGE_LOOP('',(#789));
#2731=EDGE_LOOP('',(#790));
#2732=EDGE_LOOP('',(#791));
#2733=EDGE_LOOP('',(#792));
#2734=EDGE_LOOP('',(#793,#794,#795,#796,#797,#798,#799,#800,#801,#802,#803,
#804,#805,#806,#807,#808));
#2735=EDGE_LOOP('',(#809,#810,#811,#812,#813,#814,#815,#816,#817,#818,#819,
#820,#821,#822));
#2736=EDGE_LOOP('',(#823,#824,#825,#826,#827,#828,#829,#830,#831,#832,#833,
#834,#835,#836,#837,#838,#839,#840));
#2737=EDGE_LOOP('',(#841,#842,#843,#844,#845,#846,#847));
#2738=EDGE_LOOP('',(#848,#849,#850,#851));
#2739=EDGE_LOOP('',(#852));
#2740=EDGE_LOOP('',(#853));
#2741=EDGE_LOOP('',(#854,#855,#856,#857,#858,#859,#860));
#2742=EDGE_LOOP('',(#861,#862,#863,#864,#865,#866,#867,#868,#869,#870,#871,
#872,#873,#874));
#2743=EDGE_LOOP('',(#875,#876,#877,#878,#879,#880,#881,#882,#883,#884,#885,
#886,#887,#888,#889,#890));
#2744=EDGE_LOOP('',(#891));
#2745=EDGE_LOOP('',(#892));
#2746=EDGE_LOOP('',(#893));
#2747=EDGE_LOOP('',(#894));
#2748=EDGE_LOOP('',(#895));
#2749=EDGE_LOOP('',(#896));
#2750=EDGE_LOOP('',(#897));
#2751=EDGE_LOOP('',(#898));
#2752=EDGE_LOOP('',(#899));
#2753=EDGE_LOOP('',(#900));
#2754=EDGE_LOOP('',(#901));
#2755=EDGE_LOOP('',(#902));
#2756=EDGE_LOOP('',(#903));
#2757=EDGE_LOOP('',(#904));
#2758=EDGE_LOOP('',(#905));
#2759=EDGE_LOOP('',(#906));
#2760=EDGE_LOOP('',(#907));
#2761=EDGE_LOOP('',(#908));
#2762=EDGE_LOOP('',(#909));
#2763=EDGE_LOOP('',(#910));
#2764=EDGE_LOOP('',(#911));
#2765=EDGE_LOOP('',(#912));
#2766=EDGE_LOOP('',(#913));
#2767=EDGE_LOOP('',(#914));
#2768=EDGE_LOOP('',(#915,#916,#917,#918,#919,#920,#921,#922,#923,#924,#925,
#926,#927,#928));
#2769=EDGE_LOOP('',(#929,#930,#931,#932));
#2770=EDGE_LOOP('',(#933,#934,#935,#936,#937,#938,#939,#940,#941,#942,#943,
#944,#945,#946,#947,#948,#949,#950));
#2771=EDGE_LOOP('',(#951,#952,#953,#954,#955,#956,#957));
#2772=EDGE_LOOP('',(#958,#959,#960,#961,#962,#963,#964,#965,#966,#967,#968,
#969,#970,#971,#972,#973,#974,#975,#976,#977,#978,#979,#980,#981,#982,#983,
#984,#985,#986,#987,#988,#989,#990,#991,#992,#993,#994,#995,#996,#997,#998,
#999,#1000,#1001,#1002,#1003,#1004,#1005));
#2773=EDGE_LOOP('',(#1006,#1007,#1008,#1009,#1010,#1011,#1012));
#2774=EDGE_LOOP('',(#1013,#1014,#1015,#1016,#1017,#1018,#1019));
#2775=EDGE_LOOP('',(#1020,#1021,#1022,#1023));
#2776=EDGE_LOOP('',(#1024,#1025,#1026,#1027));
#2777=EDGE_LOOP('',(#1028,#1029,#1030,#1031));
#2778=EDGE_LOOP('',(#1032,#1033,#1034,#1035));
#2779=EDGE_LOOP('',(#1036,#1037,#1038,#1039));
#2780=EDGE_LOOP('',(#1040,#1041,#1042,#1043));
#2781=EDGE_LOOP('',(#1044,#1045,#1046,#1047));
#2782=EDGE_LOOP('',(#1048,#1049,#1050,#1051));
#2783=EDGE_LOOP('',(#1052,#1053,#1054,#1055));
#2784=EDGE_LOOP('',(#1056,#1057,#1058,#1059));
#2785=EDGE_LOOP('',(#1060));
#2786=EDGE_LOOP('',(#1061));
#2787=EDGE_LOOP('',(#1062));
#2788=EDGE_LOOP('',(#1063));
#2789=EDGE_LOOP('',(#1064));
#2790=EDGE_LOOP('',(#1065));
#2791=EDGE_LOOP('',(#1066));
#2792=EDGE_LOOP('',(#1067));
#2793=EDGE_LOOP('',(#1068));
#2794=EDGE_LOOP('',(#1069));
#2795=EDGE_LOOP('',(#1070,#1071,#1072,#1073));
#2796=EDGE_LOOP('',(#1074));
#2797=EDGE_LOOP('',(#1075));
#2798=EDGE_LOOP('',(#1076));
#2799=EDGE_LOOP('',(#1077));
#2800=EDGE_LOOP('',(#1078));
#2801=EDGE_LOOP('',(#1079));
#2802=EDGE_LOOP('',(#1080));
#2803=EDGE_LOOP('',(#1081));
#2804=EDGE_LOOP('',(#1082));
#2805=EDGE_LOOP('',(#1083));
#2806=EDGE_LOOP('',(#1084,#1085,#1086,#1087));
#2807=EDGE_LOOP('',(#1088,#1089,#1090,#1091));
#2808=EDGE_LOOP('',(#1092,#1093,#1094,#1095));
#2809=EDGE_LOOP('',(#1096));
#2810=EDGE_LOOP('',(#1097));
#2811=EDGE_LOOP('',(#1098));
#2812=EDGE_LOOP('',(#1099));
#2813=EDGE_LOOP('',(#1100));
#2814=EDGE_LOOP('',(#1101));
#2815=EDGE_LOOP('',(#1102));
#2816=EDGE_LOOP('',(#1103));
#2817=EDGE_LOOP('',(#1104));
#2818=EDGE_LOOP('',(#1105));
#2819=EDGE_LOOP('',(#1106,#1107,#1108,#1109));
#2820=EDGE_LOOP('',(#1110,#1111,#1112,#1113));
#2821=EDGE_LOOP('',(#1114,#1115,#1116,#1117));
#2822=EDGE_LOOP('',(#1118,#1119,#1120,#1121));
#2823=EDGE_LOOP('',(#1122));
#2824=EDGE_LOOP('',(#1123));
#2825=EDGE_LOOP('',(#1124));
#2826=EDGE_LOOP('',(#1125));
#2827=EDGE_LOOP('',(#1126,#1127,#1128,#1129));
#2828=EDGE_LOOP('',(#1130));
#2829=EDGE_LOOP('',(#1131));
#2830=EDGE_LOOP('',(#1132));
#2831=EDGE_LOOP('',(#1133));
#2832=EDGE_LOOP('',(#1134));
#2833=EDGE_LOOP('',(#1135));
#2834=EDGE_LOOP('',(#1136,#1137,#1138,#1139));
#2835=EDGE_LOOP('',(#1140,#1141,#1142,#1143));
#2836=EDGE_LOOP('',(#1144,#1145,#1146,#1147));
#2837=EDGE_LOOP('',(#1148,#1149,#1150,#1151));
#2838=EDGE_LOOP('',(#1152,#1153,#1154,#1155));
#2839=EDGE_LOOP('',(#1156,#1157,#1158,#1159));
#2840=EDGE_LOOP('',(#1160,#1161,#1162,#1163));
#2841=EDGE_LOOP('',(#1164,#1165,#1166,#1167));
#2842=EDGE_LOOP('',(#1168,#1169,#1170,#1171));
#2843=EDGE_LOOP('',(#1172,#1173,#1174,#1175));
#2844=EDGE_LOOP('',(#1176,#1177,#1178,#1179));
#2845=EDGE_LOOP('',(#1180,#1181,#1182,#1183));
#2846=EDGE_LOOP('',(#1184,#1185,#1186,#1187));
#2847=EDGE_LOOP('',(#1188,#1189,#1190,#1191));
#2848=EDGE_LOOP('',(#1192,#1193,#1194,#1195));
#2849=EDGE_LOOP('',(#1196,#1197,#1198,#1199));
#2850=EDGE_LOOP('',(#1200,#1201,#1202,#1203));
#2851=EDGE_LOOP('',(#1204,#1205,#1206,#1207));
#2852=EDGE_LOOP('',(#1208));
#2853=EDGE_LOOP('',(#1209));
#2854=EDGE_LOOP('',(#1210));
#2855=EDGE_LOOP('',(#1211));
#2856=EDGE_LOOP('',(#1212,#1213,#1214,#1215));
#2857=EDGE_LOOP('',(#1216));
#2858=EDGE_LOOP('',(#1217));
#2859=EDGE_LOOP('',(#1218));
#2860=EDGE_LOOP('',(#1219));
#2861=EDGE_LOOP('',(#1220,#1221,#1222,#1223));
#2862=EDGE_LOOP('',(#1224,#1225,#1226,#1227));
#2863=EDGE_LOOP('',(#1228,#1229,#1230,#1231));
#2864=EDGE_LOOP('',(#1232,#1233,#1234,#1235));
#2865=EDGE_LOOP('',(#1236,#1237,#1238,#1239));
#2866=EDGE_LOOP('',(#1240,#1241,#1242,#1243));
#2867=EDGE_LOOP('',(#1244,#1245,#1246,#1247));
#2868=EDGE_LOOP('',(#1248,#1249,#1250,#1251));
#2869=EDGE_LOOP('',(#1252,#1253,#1254,#1255));
#2870=EDGE_LOOP('',(#1256,#1257,#1258,#1259));
#2871=EDGE_LOOP('',(#1260,#1261,#1262,#1263));
#2872=EDGE_LOOP('',(#1264,#1265,#1266,#1267));
#2873=EDGE_LOOP('',(#1268,#1269,#1270,#1271));
#2874=EDGE_LOOP('',(#1272,#1273,#1274,#1275));
#2875=EDGE_LOOP('',(#1276,#1277,#1278,#1279));
#2876=EDGE_LOOP('',(#1280,#1281,#1282,#1283));
#2877=EDGE_LOOP('',(#1284,#1285,#1286,#1287));
#2878=EDGE_LOOP('',(#1288,#1289,#1290,#1291));
#2879=EDGE_LOOP('',(#1292,#1293,#1294,#1295));
#2880=EDGE_LOOP('',(#1296,#1297,#1298,#1299));
#2881=EDGE_LOOP('',(#1300,#1301,#1302,#1303));
#2882=EDGE_LOOP('',(#1304,#1305,#1306,#1307));
#2883=EDGE_LOOP('',(#1308,#1309,#1310,#1311));
#2884=EDGE_LOOP('',(#1312,#1313,#1314,#1315));
#2885=EDGE_LOOP('',(#1316,#1317,#1318,#1319));
#2886=EDGE_LOOP('',(#1320,#1321,#1322,#1323));
#2887=EDGE_LOOP('',(#1324,#1325,#1326,#1327));
#2888=EDGE_LOOP('',(#1328,#1329,#1330,#1331));
#2889=EDGE_LOOP('',(#1332,#1333,#1334,#1335));
#2890=EDGE_LOOP('',(#1336,#1337,#1338,#1339));
#2891=EDGE_LOOP('',(#1340,#1341,#1342,#1343));
#2892=EDGE_LOOP('',(#1344,#1345,#1346,#1347));
#2893=EDGE_LOOP('',(#1348,#1349,#1350,#1351));
#2894=EDGE_LOOP('',(#1352,#1353,#1354,#1355));
#2895=EDGE_LOOP('',(#1356,#1357,#1358,#1359));
#2896=EDGE_LOOP('',(#1360,#1361,#1362,#1363));
#2897=EDGE_LOOP('',(#1364,#1365,#1366,#1367));
#2898=EDGE_LOOP('',(#1368,#1369,#1370,#1371));
#2899=EDGE_LOOP('',(#1372,#1373,#1374,#1375));
#2900=EDGE_LOOP('',(#1376,#1377,#1378,#1379));
#2901=EDGE_LOOP('',(#1380,#1381,#1382,#1383));
#2902=EDGE_LOOP('',(#1384,#1385,#1386,#1387));
#2903=EDGE_LOOP('',(#1388,#1389,#1390,#1391));
#2904=EDGE_LOOP('',(#1392,#1393,#1394,#1395));
#2905=EDGE_LOOP('',(#1396,#1397,#1398,#1399));
#2906=EDGE_LOOP('',(#1400,#1401,#1402,#1403));
#2907=EDGE_LOOP('',(#1404,#1405,#1406,#1407));
#2908=EDGE_LOOP('',(#1408,#1409,#1410,#1411));
#2909=EDGE_LOOP('',(#1412,#1413,#1414,#1415));
#2910=EDGE_LOOP('',(#1416,#1417,#1418,#1419));
#2911=EDGE_LOOP('',(#1420,#1421,#1422,#1423));
#2912=EDGE_LOOP('',(#1424,#1425,#1426,#1427));
#2913=EDGE_LOOP('',(#1428,#1429,#1430,#1431));
#2914=EDGE_LOOP('',(#1432,#1433,#1434,#1435));
#2915=EDGE_LOOP('',(#1436,#1437,#1438,#1439));
#2916=EDGE_LOOP('',(#1440,#1441,#1442,#1443));
#2917=EDGE_LOOP('',(#1444,#1445,#1446,#1447));
#2918=EDGE_LOOP('',(#1448,#1449,#1450,#1451));
#2919=EDGE_LOOP('',(#1452,#1453,#1454,#1455));
#2920=EDGE_LOOP('',(#1456,#1457,#1458,#1459));
#2921=EDGE_LOOP('',(#1460,#1461,#1462,#1463));
#2922=EDGE_LOOP('',(#1464,#1465,#1466,#1467));
#2923=EDGE_LOOP('',(#1468,#1469,#1470,#1471));
#2924=EDGE_LOOP('',(#1472,#1473,#1474,#1475));
#2925=EDGE_LOOP('',(#1476,#1477,#1478,#1479));
#2926=EDGE_LOOP('',(#1480,#1481,#1482,#1483));
#2927=EDGE_LOOP('',(#1484,#1485,#1486,#1487));
#2928=EDGE_LOOP('',(#1488,#1489,#1490,#1491));
#2929=EDGE_LOOP('',(#1492,#1493,#1494,#1495));
#2930=EDGE_LOOP('',(#1496,#1497,#1498,#1499));
#2931=EDGE_LOOP('',(#1500,#1501,#1502,#1503));
#2932=EDGE_LOOP('',(#1504,#1505,#1506,#1507));
#2933=EDGE_LOOP('',(#1508,#1509,#1510,#1511));
#2934=EDGE_LOOP('',(#1512,#1513,#1514,#1515));
#2935=EDGE_LOOP('',(#1516,#1517,#1518,#1519));
#2936=EDGE_LOOP('',(#1520,#1521,#1522,#1523));
#2937=EDGE_LOOP('',(#1524,#1525,#1526,#1527));
#2938=EDGE_LOOP('',(#1528,#1529,#1530,#1531));
#2939=EDGE_LOOP('',(#1532,#1533,#1534,#1535));
#2940=EDGE_LOOP('',(#1536,#1537,#1538,#1539));
#2941=EDGE_LOOP('',(#1540,#1541,#1542,#1543));
#2942=EDGE_LOOP('',(#1544,#1545,#1546,#1547));
#2943=EDGE_LOOP('',(#1548,#1549,#1550,#1551));
#2944=EDGE_LOOP('',(#1552,#1553,#1554,#1555));
#2945=EDGE_LOOP('',(#1556,#1557,#1558,#1559));
#2946=EDGE_LOOP('',(#1560,#1561,#1562,#1563));
#2947=EDGE_LOOP('',(#1564,#1565,#1566,#1567));
#2948=EDGE_LOOP('',(#1568,#1569,#1570,#1571));
#2949=EDGE_LOOP('',(#1572,#1573,#1574,#1575));
#2950=EDGE_LOOP('',(#1576,#1577,#1578,#1579));
#2951=EDGE_LOOP('',(#1580,#1581,#1582,#1583));
#2952=EDGE_LOOP('',(#1584,#1585,#1586,#1587));
#2953=EDGE_LOOP('',(#1588,#1589,#1590,#1591));
#2954=EDGE_LOOP('',(#1592,#1593,#1594,#1595));
#2955=EDGE_LOOP('',(#1596,#1597,#1598,#1599));
#2956=EDGE_LOOP('',(#1600,#1601,#1602,#1603));
#2957=EDGE_LOOP('',(#1604,#1605,#1606,#1607));
#2958=EDGE_LOOP('',(#1608,#1609,#1610,#1611));
#2959=EDGE_LOOP('',(#1612,#1613,#1614,#1615));
#2960=EDGE_LOOP('',(#1616,#1617,#1618,#1619));
#2961=EDGE_LOOP('',(#1620,#1621,#1622,#1623));
#2962=EDGE_LOOP('',(#1624,#1625,#1626,#1627));
#2963=EDGE_LOOP('',(#1628,#1629,#1630,#1631));
#2964=EDGE_LOOP('',(#1632,#1633,#1634,#1635));
#2965=EDGE_LOOP('',(#1636,#1637,#1638,#1639));
#2966=EDGE_LOOP('',(#1640,#1641,#1642,#1643));
#2967=EDGE_LOOP('',(#1644,#1645,#1646,#1647));
#2968=EDGE_LOOP('',(#1648,#1649,#1650,#1651));
#2969=EDGE_LOOP('',(#1652,#1653,#1654,#1655));
#2970=EDGE_LOOP('',(#1656));
#2971=EDGE_LOOP('',(#1657));
#2972=EDGE_LOOP('',(#1658));
#2973=EDGE_LOOP('',(#1659));
#2974=FACE_BOUND('',#2702,.T.);
#2975=FACE_BOUND('',#2703,.T.);
#2976=FACE_BOUND('',#2704,.T.);
#2977=FACE_BOUND('',#2705,.T.);
#2978=FACE_BOUND('',#2706,.T.);
#2979=FACE_BOUND('',#2707,.T.);
#2980=FACE_BOUND('',#2708,.T.);
#2981=FACE_BOUND('',#2709,.T.);
#2982=FACE_BOUND('',#2710,.T.);
#2983=FACE_BOUND('',#2711,.T.);
#2984=FACE_BOUND('',#2712,.T.);
#2985=FACE_BOUND('',#2713,.T.);
#2986=FACE_BOUND('',#2714,.T.);
#2987=FACE_BOUND('',#2715,.T.);
#2988=FACE_BOUND('',#2716,.T.);
#2989=FACE_BOUND('',#2717,.T.);
#2990=FACE_BOUND('',#2718,.T.);
#2991=FACE_BOUND('',#2719,.T.);
#2992=FACE_BOUND('',#2720,.T.);
#2993=FACE_BOUND('',#2721,.T.);
#2994=FACE_BOUND('',#2722,.T.);
#2995=FACE_BOUND('',#2723,.T.);
#2996=FACE_BOUND('',#2724,.T.);
#2997=FACE_BOUND('',#2725,.T.);
#2998=FACE_BOUND('',#2726,.T.);
#2999=FACE_BOUND('',#2727,.T.);
#3000=FACE_BOUND('',#2728,.T.);
#3001=FACE_BOUND('',#2729,.T.);
#3002=FACE_BOUND('',#2730,.T.);
#3003=FACE_BOUND('',#2731,.T.);
#3004=FACE_BOUND('',#2732,.T.);
#3005=FACE_BOUND('',#2733,.T.);
#3006=FACE_BOUND('',#2734,.T.);
#3007=FACE_BOUND('',#2735,.T.);
#3008=FACE_BOUND('',#2736,.T.);
#3009=FACE_BOUND('',#2737,.T.);
#3010=FACE_BOUND('',#2738,.T.);
#3011=FACE_BOUND('',#2739,.T.);
#3012=FACE_BOUND('',#2740,.T.);
#3013=FACE_BOUND('',#2741,.T.);
#3014=FACE_BOUND('',#2742,.T.);
#3015=FACE_BOUND('',#2743,.T.);
#3016=FACE_BOUND('',#2744,.T.);
#3017=FACE_BOUND('',#2745,.T.);
#3018=FACE_BOUND('',#2746,.T.);
#3019=FACE_BOUND('',#2747,.T.);
#3020=FACE_BOUND('',#2748,.T.);
#3021=FACE_BOUND('',#2749,.T.);
#3022=FACE_BOUND('',#2750,.T.);
#3023=FACE_BOUND('',#2751,.T.);
#3024=FACE_BOUND('',#2752,.T.);
#3025=FACE_BOUND('',#2753,.T.);
#3026=FACE_BOUND('',#2754,.T.);
#3027=FACE_BOUND('',#2755,.T.);
#3028=FACE_BOUND('',#2756,.T.);
#3029=FACE_BOUND('',#2757,.T.);
#3030=FACE_BOUND('',#2758,.T.);
#3031=FACE_BOUND('',#2759,.T.);
#3032=FACE_BOUND('',#2760,.T.);
#3033=FACE_BOUND('',#2761,.T.);
#3034=FACE_BOUND('',#2762,.T.);
#3035=FACE_BOUND('',#2763,.T.);
#3036=FACE_BOUND('',#2764,.T.);
#3037=FACE_BOUND('',#2765,.T.);
#3038=FACE_BOUND('',#2766,.T.);
#3039=FACE_BOUND('',#2767,.T.);
#3040=FACE_BOUND('',#2768,.T.);
#3041=FACE_BOUND('',#2769,.T.);
#3042=FACE_BOUND('',#2770,.T.);
#3043=FACE_BOUND('',#2771,.T.);
#3044=FACE_BOUND('',#2772,.T.);
#3045=FACE_BOUND('',#2773,.T.);
#3046=FACE_BOUND('',#2774,.T.);
#3047=FACE_BOUND('',#2775,.T.);
#3048=FACE_BOUND('',#2776,.T.);
#3049=FACE_BOUND('',#2777,.T.);
#3050=FACE_BOUND('',#2778,.T.);
#3051=FACE_BOUND('',#2779,.T.);
#3052=FACE_BOUND('',#2780,.T.);
#3053=FACE_BOUND('',#2781,.T.);
#3054=FACE_BOUND('',#2782,.T.);
#3055=FACE_BOUND('',#2783,.T.);
#3056=FACE_BOUND('',#2784,.T.);
#3057=FACE_BOUND('',#2785,.T.);
#3058=FACE_BOUND('',#2786,.T.);
#3059=FACE_BOUND('',#2787,.T.);
#3060=FACE_BOUND('',#2788,.T.);
#3061=FACE_BOUND('',#2789,.T.);
#3062=FACE_BOUND('',#2790,.T.);
#3063=FACE_BOUND('',#2791,.T.);
#3064=FACE_BOUND('',#2792,.T.);
#3065=FACE_BOUND('',#2793,.T.);
#3066=FACE_BOUND('',#2794,.T.);
#3067=FACE_BOUND('',#2795,.T.);
#3068=FACE_BOUND('',#2796,.T.);
#3069=FACE_BOUND('',#2797,.T.);
#3070=FACE_BOUND('',#2798,.T.);
#3071=FACE_BOUND('',#2799,.T.);
#3072=FACE_BOUND('',#2800,.T.);
#3073=FACE_BOUND('',#2801,.T.);
#3074=FACE_BOUND('',#2802,.T.);
#3075=FACE_BOUND('',#2803,.T.);
#3076=FACE_BOUND('',#2804,.T.);
#3077=FACE_BOUND('',#2805,.T.);
#3078=FACE_BOUND('',#2806,.T.);
#3079=FACE_BOUND('',#2807,.T.);
#3080=FACE_BOUND('',#2808,.T.);
#3081=FACE_BOUND('',#2809,.T.);
#3082=FACE_BOUND('',#2810,.T.);
#3083=FACE_BOUND('',#2811,.T.);
#3084=FACE_BOUND('',#2812,.T.);
#3085=FACE_BOUND('',#2813,.T.);
#3086=FACE_BOUND('',#2814,.T.);
#3087=FACE_BOUND('',#2815,.T.);
#3088=FACE_BOUND('',#2816,.T.);
#3089=FACE_BOUND('',#2817,.T.);
#3090=FACE_BOUND('',#2818,.T.);
#3091=FACE_BOUND('',#2819,.T.);
#3092=FACE_BOUND('',#2820,.T.);
#3093=FACE_BOUND('',#2821,.T.);
#3094=FACE_BOUND('',#2822,.T.);
#3095=FACE_BOUND('',#2823,.T.);
#3096=FACE_BOUND('',#2824,.T.);
#3097=FACE_BOUND('',#2825,.T.);
#3098=FACE_BOUND('',#2826,.T.);
#3099=FACE_BOUND('',#2827,.T.);
#3100=FACE_BOUND('',#2828,.T.);
#3101=FACE_BOUND('',#2829,.T.);
#3102=FACE_BOUND('',#2830,.T.);
#3103=FACE_BOUND('',#2831,.T.);
#3104=FACE_BOUND('',#2832,.T.);
#3105=FACE_BOUND('',#2833,.T.);
#3106=FACE_BOUND('',#2834,.T.);
#3107=FACE_BOUND('',#2835,.T.);
#3108=FACE_BOUND('',#2836,.T.);
#3109=FACE_BOUND('',#2837,.T.);
#3110=FACE_BOUND('',#2838,.T.);
#3111=FACE_BOUND('',#2839,.T.);
#3112=FACE_BOUND('',#2840,.T.);
#3113=FACE_BOUND('',#2841,.T.);
#3114=FACE_BOUND('',#2842,.T.);
#3115=FACE_BOUND('',#2843,.T.);
#3116=FACE_BOUND('',#2844,.T.);
#3117=FACE_BOUND('',#2845,.T.);
#3118=FACE_BOUND('',#2846,.T.);
#3119=FACE_BOUND('',#2847,.T.);
#3120=FACE_BOUND('',#2848,.T.);
#3121=FACE_BOUND('',#2849,.T.);
#3122=FACE_BOUND('',#2850,.T.);
#3123=FACE_BOUND('',#2851,.T.);
#3124=FACE_BOUND('',#2852,.T.);
#3125=FACE_BOUND('',#2853,.T.);
#3126=FACE_BOUND('',#2854,.T.);
#3127=FACE_BOUND('',#2855,.T.);
#3128=FACE_BOUND('',#2856,.T.);
#3129=FACE_BOUND('',#2857,.T.);
#3130=FACE_BOUND('',#2858,.T.);
#3131=FACE_BOUND('',#2859,.T.);
#3132=FACE_BOUND('',#2860,.T.);
#3133=FACE_BOUND('',#2861,.T.);
#3134=FACE_BOUND('',#2862,.T.);
#3135=FACE_BOUND('',#2863,.T.);
#3136=FACE_BOUND('',#2864,.T.);
#3137=FACE_BOUND('',#2865,.T.);
#3138=FACE_BOUND('',#2866,.T.);
#3139=FACE_BOUND('',#2867,.T.);
#3140=FACE_BOUND('',#2868,.T.);
#3141=FACE_BOUND('',#2869,.T.);
#3142=FACE_BOUND('',#2870,.T.);
#3143=FACE_BOUND('',#2871,.T.);
#3144=FACE_BOUND('',#2872,.T.);
#3145=FACE_BOUND('',#2873,.T.);
#3146=FACE_BOUND('',#2874,.T.);
#3147=FACE_BOUND('',#2875,.T.);
#3148=FACE_BOUND('',#2876,.T.);
#3149=FACE_BOUND('',#2877,.T.);
#3150=FACE_BOUND('',#2878,.T.);
#3151=FACE_BOUND('',#2879,.T.);
#3152=FACE_BOUND('',#2880,.T.);
#3153=FACE_BOUND('',#2881,.T.);
#3154=FACE_BOUND('',#2882,.T.);
#3155=FACE_BOUND('',#2883,.T.);
#3156=FACE_BOUND('',#2884,.T.);
#3157=FACE_BOUND('',#2885,.T.);
#3158=FACE_BOUND('',#2886,.T.);
#3159=FACE_BOUND('',#2887,.T.);
#3160=FACE_BOUND('',#2888,.T.);
#3161=FACE_BOUND('',#2889,.T.);
#3162=FACE_BOUND('',#2890,.T.);
#3163=FACE_BOUND('',#2891,.T.);
#3164=FACE_BOUND('',#2892,.T.);
#3165=FACE_BOUND('',#2893,.T.);
#3166=FACE_BOUND('',#2894,.T.);
#3167=FACE_BOUND('',#2895,.T.);
#3168=FACE_BOUND('',#2896,.T.);
#3169=FACE_BOUND('',#2897,.T.);
#3170=FACE_BOUND('',#2898,.T.);
#3171=FACE_BOUND('',#2899,.T.);
#3172=FACE_BOUND('',#2900,.T.);
#3173=FACE_BOUND('',#2901,.T.);
#3174=FACE_BOUND('',#2902,.T.);
#3175=FACE_BOUND('',#2903,.T.);
#3176=FACE_BOUND('',#2904,.T.);
#3177=FACE_BOUND('',#2905,.T.);
#3178=FACE_BOUND('',#2906,.T.);
#3179=FACE_BOUND('',#2907,.T.);
#3180=FACE_BOUND('',#2908,.T.);
#3181=FACE_BOUND('',#2909,.T.);
#3182=FACE_BOUND('',#2910,.T.);
#3183=FACE_BOUND('',#2911,.T.);
#3184=FACE_BOUND('',#2912,.T.);
#3185=FACE_BOUND('',#2913,.T.);
#3186=FACE_BOUND('',#2914,.T.);
#3187=FACE_BOUND('',#2915,.T.);
#3188=FACE_BOUND('',#2916,.T.);
#3189=FACE_BOUND('',#2917,.T.);
#3190=FACE_BOUND('',#2918,.T.);
#3191=FACE_BOUND('',#2919,.T.);
#3192=FACE_BOUND('',#2920,.T.);
#3193=FACE_BOUND('',#2921,.T.);
#3194=FACE_BOUND('',#2922,.T.);
#3195=FACE_BOUND('',#2923,.T.);
#3196=FACE_BOUND('',#2924,.T.);
#3197=FACE_BOUND('',#2925,.T.);
#3198=FACE_BOUND('',#2926,.T.);
#3199=FACE_BOUND('',#2927,.T.);
#3200=FACE_BOUND('',#2928,.T.);
#3201=FACE_BOUND('',#2929,.T.);
#3202=FACE_BOUND('',#2930,.T.);
#3203=FACE_BOUND('',#2931,.T.);
#3204=FACE_BOUND('',#2932,.T.);
#3205=FACE_BOUND('',#2933,.T.);
#3206=FACE_BOUND('',#2934,.T.);
#3207=FACE_BOUND('',#2935,.T.);
#3208=FACE_BOUND('',#2936,.T.);
#3209=FACE_BOUND('',#2937,.T.);
#3210=FACE_BOUND('',#2938,.T.);
#3211=FACE_BOUND('',#2939,.T.);
#3212=FACE_BOUND('',#2940,.T.);
#3213=FACE_BOUND('',#2941,.T.);
#3214=FACE_BOUND('',#2942,.T.);
#3215=FACE_BOUND('',#2943,.T.);
#3216=FACE_BOUND('',#2944,.T.);
#3217=FACE_BOUND('',#2945,.T.);
#3218=FACE_BOUND('',#2946,.T.);
#3219=FACE_BOUND('',#2947,.T.);
#3220=FACE_BOUND('',#2948,.T.);
#3221=FACE_BOUND('',#2949,.T.);
#3222=FACE_BOUND('',#2950,.T.);
#3223=FACE_BOUND('',#2951,.T.);
#3224=FACE_BOUND('',#2952,.T.);
#3225=FACE_BOUND('',#2953,.T.);
#3226=FACE_BOUND('',#2954,.T.);
#3227=FACE_BOUND('',#2955,.T.);
#3228=FACE_BOUND('',#2956,.T.);
#3229=FACE_BOUND('',#2957,.T.);
#3230=FACE_BOUND('',#2958,.T.);
#3231=FACE_BOUND('',#2959,.T.);
#3232=FACE_BOUND('',#2960,.T.);
#3233=FACE_BOUND('',#2961,.T.);
#3234=FACE_BOUND('',#2962,.T.);
#3235=FACE_BOUND('',#2963,.T.);
#3236=FACE_BOUND('',#2964,.T.);
#3237=FACE_BOUND('',#2965,.T.);
#3238=FACE_BOUND('',#2966,.T.);
#3239=FACE_BOUND('',#2967,.T.);
#3240=FACE_BOUND('',#2968,.T.);
#3241=FACE_BOUND('',#2969,.T.);
#3242=FACE_BOUND('',#2970,.T.);
#3243=FACE_BOUND('',#2971,.T.);
#3244=FACE_BOUND('',#2972,.T.);
#3245=FACE_BOUND('',#2973,.T.);
#3246=PLANE('',#3503);
#3247=PLANE('',#3608);
#3248=PLANE('',#3714);
#3249=PLANE('',#3715);
#3250=PLANE('',#3716);
#3251=PLANE('',#3717);
#3252=PLANE('',#3718);
#3253=PLANE('',#3719);
#3254=PLANE('',#3720);
#3255=PLANE('',#3727);
#3256=PLANE('',#3734);
#3257=PLANE('',#3735);
#3258=PLANE('',#3742);
#3259=PLANE('',#3743);
#3260=PLANE('',#3744);
#3261=PLANE('',#3751);
#3262=PLANE('',#3752);
#3263=PLANE('',#3753);
#3264=PLANE('',#3754);
#3265=PLANE('',#3755);
#3266=PLANE('',#3758);
#3267=PLANE('',#3760);
#3268=PLANE('',#3762);
#3269=PLANE('',#3765);
#3270=PLANE('',#3766);
#3271=PLANE('',#3767);
#3272=PLANE('',#3778);
#3273=PLANE('',#3779);
#3274=PLANE('',#3780);
#3275=PLANE('',#3781);
#3276=PLANE('',#3782);
#3277=PLANE('',#3783);
#3278=PLANE('',#3784);
#3279=PLANE('',#3785);
#3280=PLANE('',#3786);
#3281=PLANE('',#3787);
#3282=PLANE('',#3788);
#3283=PLANE('',#3789);
#3284=PLANE('',#3790);
#3285=PLANE('',#3791);
#3286=PLANE('',#3792);
#3287=PLANE('',#3793);
#3288=PLANE('',#3794);
#3289=PLANE('',#3795);
#3290=PLANE('',#3796);
#3291=PLANE('',#3797);
#3292=PLANE('',#3798);
#3293=PLANE('',#3799);
#3294=PLANE('',#3800);
#3295=PLANE('',#3801);
#3296=PLANE('',#3802);
#3297=PLANE('',#3803);
#3298=PLANE('',#3805);
#3299=PLANE('',#3806);
#3300=PLANE('',#3807);
#3301=PLANE('',#3808);
#3302=PLANE('',#3809);
#3303=PLANE('',#3810);
#3304=PLANE('',#3811);
#3305=PLANE('',#3812);
#3306=PLANE('',#3813);
#3307=PLANE('',#3814);
#3308=PLANE('',#3815);
#3309=PLANE('',#3816);
#3310=PLANE('',#3817);
#3311=PLANE('',#3818);
#3312=PLANE('',#3878);
#3313=PLANE('',#3879);
#3314=PLANE('',#3881);
#3315=PLANE('',#3882);
#3316=ADVANCED_FACE('',(#2974,#2975,#2976,#2977,#2978,#2979,#2980,#2981,
#2982,#2983,#2984,#2985,#2986,#2987,#2988,#2989,#2990,#2991,#2992,#2993,
#2994,#2995,#2996,#2997,#2998,#2999,#3000,#3001,#3002,#3003,#3004,#3005,
#3006,#3007,#3008,#3009,#3010),#3246,.T.);
#3317=ADVANCED_FACE('',(#3011,#3012,#3013,#3014,#3015,#3016,#3017,#3018,
#3019,#3020,#3021,#3022,#3023,#3024,#3025,#3026,#3027,#3028,#3029,#3030,
#3031,#3032,#3033,#3034,#3035,#3036,#3037,#3038,#3039,#3040,#3041,#3042,
#3043,#3044,#3045,#3046,#3047),#3247,.F.);
#3318=ADVANCED_FACE('',(#3048),#12,.F.);
#3319=ADVANCED_FACE('',(#3049),#3248,.F.);
#3320=ADVANCED_FACE('',(#3050),#3249,.F.);
#3321=ADVANCED_FACE('',(#3051),#3250,.F.);
#3322=ADVANCED_FACE('',(#3052),#3251,.T.);
#3323=ADVANCED_FACE('',(#3053),#3252,.F.);
#3324=ADVANCED_FACE('',(#3054),#3253,.T.);
#3325=ADVANCED_FACE('',(#3055),#3254,.F.);
#3326=ADVANCED_FACE('',(#3056),#13,.T.);
#3327=ADVANCED_FACE('',(#3057,#3058),#14,.F.);
#3328=ADVANCED_FACE('',(#3059,#3060),#15,.F.);
#3329=ADVANCED_FACE('',(#3061,#3062),#16,.F.);
#3330=ADVANCED_FACE('',(#3063,#3064),#17,.F.);
#3331=ADVANCED_FACE('',(#3065,#3066),#18,.F.);
#3332=ADVANCED_FACE('',(#3067),#3255,.F.);
#3333=ADVANCED_FACE('',(#3068,#3069),#19,.F.);
#3334=ADVANCED_FACE('',(#3070,#3071),#20,.F.);
#3335=ADVANCED_FACE('',(#3072,#3073),#21,.F.);
#3336=ADVANCED_FACE('',(#3074,#3075),#22,.F.);
#3337=ADVANCED_FACE('',(#3076,#3077),#23,.F.);
#3338=ADVANCED_FACE('',(#3078),#24,.T.);
#3339=ADVANCED_FACE('',(#3079),#3256,.T.);
#3340=ADVANCED_FACE('',(#3080),#3257,.T.);
#3341=ADVANCED_FACE('',(#3081,#3082),#25,.F.);
#3342=ADVANCED_FACE('',(#3083,#3084),#26,.F.);
#3343=ADVANCED_FACE('',(#3085,#3086),#27,.F.);
#3344=ADVANCED_FACE('',(#3087,#3088),#28,.F.);
#3345=ADVANCED_FACE('',(#3089,#3090),#29,.F.);
#3346=ADVANCED_FACE('',(#3091),#30,.T.);
#3347=ADVANCED_FACE('',(#3092),#3258,.T.);
#3348=ADVANCED_FACE('',(#3093),#3259,.T.);
#3349=ADVANCED_FACE('',(#3094),#3260,.T.);
#3350=ADVANCED_FACE('',(#3095,#3096),#31,.F.);
#3351=ADVANCED_FACE('',(#3097,#3098),#32,.F.);
#3352=ADVANCED_FACE('',(#3099),#33,.T.);
#3353=ADVANCED_FACE('',(#3100,#3101),#34,.F.);
#3354=ADVANCED_FACE('',(#3102,#3103),#35,.F.);
#3355=ADVANCED_FACE('',(#3104,#3105),#36,.F.);
#3356=ADVANCED_FACE('',(#3106),#3261,.T.);
#3357=ADVANCED_FACE('',(#3107),#3262,.T.);
#3358=ADVANCED_FACE('',(#3108),#3263,.F.);
#3359=ADVANCED_FACE('',(#3109),#3264,.T.);
#3360=ADVANCED_FACE('',(#3110),#3265,.T.);
#3361=ADVANCED_FACE('',(#3111),#37,.F.);
#3362=ADVANCED_FACE('',(#3112),#38,.F.);
#3363=ADVANCED_FACE('',(#3113),#3266,.T.);
#3364=ADVANCED_FACE('',(#3114),#39,.T.);
#3365=ADVANCED_FACE('',(#3115),#3267,.T.);
#3366=ADVANCED_FACE('',(#3116),#40,.T.);
#3367=ADVANCED_FACE('',(#3117),#3268,.F.);
#3368=ADVANCED_FACE('',(#3118),#41,.F.);
#3369=ADVANCED_FACE('',(#3119),#42,.F.);
#3370=ADVANCED_FACE('',(#3120),#3269,.F.);
#3371=ADVANCED_FACE('',(#3121),#3270,.T.);
#3372=ADVANCED_FACE('',(#3122),#3271,.F.);
#3373=ADVANCED_FACE('',(#3123),#43,.T.);
#3374=ADVANCED_FACE('',(#3124,#3125),#44,.F.);
#3375=ADVANCED_FACE('',(#3126,#3127),#45,.F.);
#3376=ADVANCED_FACE('',(#3128),#46,.T.);
#3377=ADVANCED_FACE('',(#3129,#3130),#47,.F.);
#3378=ADVANCED_FACE('',(#3131,#3132),#48,.F.);
#3379=ADVANCED_FACE('',(#3133),#49,.F.);
#3380=ADVANCED_FACE('',(#3134),#50,.F.);
#3381=ADVANCED_FACE('',(#3135),#51,.F.);
#3382=ADVANCED_FACE('',(#3136),#52,.F.);
#3383=ADVANCED_FACE('',(#3137),#3272,.F.);
#3384=ADVANCED_FACE('',(#3138),#3273,.F.);
#3385=ADVANCED_FACE('',(#3139),#3274,.T.);
#3386=ADVANCED_FACE('',(#3140),#3275,.T.);
#3387=ADVANCED_FACE('',(#3141),#3276,.T.);
#3388=ADVANCED_FACE('',(#3142),#3277,.T.);
#3389=ADVANCED_FACE('',(#3143),#3278,.T.);
#3390=ADVANCED_FACE('',(#3144),#3279,.T.);
#3391=ADVANCED_FACE('',(#3145),#3280,.T.);
#3392=ADVANCED_FACE('',(#3146),#3281,.F.);
#3393=ADVANCED_FACE('',(#3147),#3282,.T.);
#3394=ADVANCED_FACE('',(#3148),#3283,.T.);
#3395=ADVANCED_FACE('',(#3149),#3284,.F.);
#3396=ADVANCED_FACE('',(#3150),#3285,.T.);
#3397=ADVANCED_FACE('',(#3151),#3286,.F.);
#3398=ADVANCED_FACE('',(#3152),#3287,.T.);
#3399=ADVANCED_FACE('',(#3153),#3288,.F.);
#3400=ADVANCED_FACE('',(#3154),#3289,.T.);
#3401=ADVANCED_FACE('',(#3155),#3290,.T.);
#3402=ADVANCED_FACE('',(#3156),#3291,.T.);
#3403=ADVANCED_FACE('',(#3157),#3292,.T.);
#3404=ADVANCED_FACE('',(#3158),#3293,.F.);
#3405=ADVANCED_FACE('',(#3159),#3294,.F.);
#3406=ADVANCED_FACE('',(#3160),#3295,.F.);
#3407=ADVANCED_FACE('',(#3161),#3296,.F.);
#3408=ADVANCED_FACE('',(#3162),#3297,.F.);
#3409=ADVANCED_FACE('',(#3163),#53,.F.);
#3410=ADVANCED_FACE('',(#3164),#3298,.F.);
#3411=ADVANCED_FACE('',(#3165),#3299,.T.);
#3412=ADVANCED_FACE('',(#3166),#3300,.T.);
#3413=ADVANCED_FACE('',(#3167),#3301,.T.);
#3414=ADVANCED_FACE('',(#3168),#3302,.T.);
#3415=ADVANCED_FACE('',(#3169),#3303,.T.);
#3416=ADVANCED_FACE('',(#3170),#3304,.F.);
#3417=ADVANCED_FACE('',(#3171),#3305,.F.);
#3418=ADVANCED_FACE('',(#3172),#3306,.F.);
#3419=ADVANCED_FACE('',(#3173),#3307,.F.);
#3420=ADVANCED_FACE('',(#3174),#3308,.T.);
#3421=ADVANCED_FACE('',(#3175),#3309,.F.);
#3422=ADVANCED_FACE('',(#3176),#3310,.T.);
#3423=ADVANCED_FACE('',(#3177),#3311,.F.);
#3424=ADVANCED_FACE('',(#3178),#54,.F.);
#3425=ADVANCED_FACE('',(#3179),#55,.F.);
#3426=ADVANCED_FACE('',(#3180),#56,.F.);
#3427=ADVANCED_FACE('',(#3181),#57,.F.);
#3428=ADVANCED_FACE('',(#3182),#58,.F.);
#3429=ADVANCED_FACE('',(#3183),#59,.F.);
#3430=ADVANCED_FACE('',(#3184),#60,.F.);
#3431=ADVANCED_FACE('',(#3185),#61,.F.);
#3432=ADVANCED_FACE('',(#3186),#62,.F.);
#3433=ADVANCED_FACE('',(#3187),#63,.F.);
#3434=ADVANCED_FACE('',(#3188),#64,.F.);
#3435=ADVANCED_FACE('',(#3189),#65,.F.);
#3436=ADVANCED_FACE('',(#3190),#66,.F.);
#3437=ADVANCED_FACE('',(#3191),#67,.F.);
#3438=ADVANCED_FACE('',(#3192),#68,.T.);
#3439=ADVANCED_FACE('',(#3193),#69,.T.);
#3440=ADVANCED_FACE('',(#3194),#70,.F.);
#3441=ADVANCED_FACE('',(#3195),#71,.F.);
#3442=ADVANCED_FACE('',(#3196),#72,.F.);
#3443=ADVANCED_FACE('',(#3197),#73,.F.);
#3444=ADVANCED_FACE('',(#3198),#74,.F.);
#3445=ADVANCED_FACE('',(#3199),#75,.F.);
#3446=ADVANCED_FACE('',(#3200),#76,.F.);
#3447=ADVANCED_FACE('',(#3201),#77,.F.);
#3448=ADVANCED_FACE('',(#3202),#78,.F.);
#3449=ADVANCED_FACE('',(#3203),#79,.F.);
#3450=ADVANCED_FACE('',(#3204),#80,.F.);
#3451=ADVANCED_FACE('',(#3205),#81,.F.);
#3452=ADVANCED_FACE('',(#3206),#82,.F.);
#3453=ADVANCED_FACE('',(#3207),#83,.F.);
#3454=ADVANCED_FACE('',(#3208),#84,.F.);
#3455=ADVANCED_FACE('',(#3209),#85,.F.);
#3456=ADVANCED_FACE('',(#3210),#86,.F.);
#3457=ADVANCED_FACE('',(#3211),#87,.F.);
#3458=ADVANCED_FACE('',(#3212),#88,.F.);
#3459=ADVANCED_FACE('',(#3213),#89,.F.);
#3460=ADVANCED_FACE('',(#3214),#90,.F.);
#3461=ADVANCED_FACE('',(#3215),#91,.F.);
#3462=ADVANCED_FACE('',(#3216),#92,.F.);
#3463=ADVANCED_FACE('',(#3217),#93,.F.);
#3464=ADVANCED_FACE('',(#3218),#94,.F.);
#3465=ADVANCED_FACE('',(#3219),#95,.F.);
#3466=ADVANCED_FACE('',(#3220),#96,.F.);
#3467=ADVANCED_FACE('',(#3221),#97,.F.);
#3468=ADVANCED_FACE('',(#3222),#98,.F.);
#3469=ADVANCED_FACE('',(#3223),#99,.F.);
#3470=ADVANCED_FACE('',(#3224),#100,.F.);
#3471=ADVANCED_FACE('',(#3225),#101,.F.);
#3472=ADVANCED_FACE('',(#3226),#102,.F.);
#3473=ADVANCED_FACE('',(#3227),#103,.F.);
#3474=ADVANCED_FACE('',(#3228),#104,.F.);
#3475=ADVANCED_FACE('',(#3229),#105,.F.);
#3476=ADVANCED_FACE('',(#3230),#106,.F.);
#3477=ADVANCED_FACE('',(#3231),#107,.F.);
#3478=ADVANCED_FACE('',(#3232),#108,.F.);
#3479=ADVANCED_FACE('',(#3233),#109,.F.);
#3480=ADVANCED_FACE('',(#3234),#110,.F.);
#3481=ADVANCED_FACE('',(#3235),#111,.F.);
#3482=ADVANCED_FACE('',(#3236),#112,.F.);
#3483=ADVANCED_FACE('',(#3237),#3312,.T.);
#3484=ADVANCED_FACE('',(#3238),#3313,.F.);
#3485=ADVANCED_FACE('',(#3239),#113,.F.);
#3486=ADVANCED_FACE('',(#3240),#3314,.F.);
#3487=ADVANCED_FACE('',(#3241),#3315,.F.);
#3488=ADVANCED_FACE('',(#3242,#3243),#114,.F.);
#3489=ADVANCED_FACE('',(#3244,#3245),#115,.F.);
#3490=CLOSED_SHELL('',(#3316,#3317,#3318,#3319,#3320,#3321,#3322,#3323,
#3324,#3325,#3326,#3327,#3328,#3329,#3330,#3331,#3332,#3333,#3334,#3335,
#3336,#3337,#3338,#3339,#3340,#3341,#3342,#3343,#3344,#3345,#3346,#3347,
#3348,#3349,#3350,#3351,#3352,#3353,#3354,#3355,#3356,#3357,#3358,#3359,
#3360,#3361,#3362,#3363,#3364,#3365,#3366,#3367,#3368,#3369,#3370,#3371,
#3372,#3373,#3374,#3375,#3376,#3377,#3378,#3379,#3380,#3381,#3382,#3383,
#3384,#3385,#3386,#3387,#3388,#3389,#3390,#3391,#3392,#3393,#3394,#3395,
#3396,#3397,#3398,#3399,#3400,#3401,#3402,#3403,#3404,#3405,#3406,#3407,
#3408,#3409,#3410,#3411,#3412,#3413,#3414,#3415,#3416,#3417,#3418,#3419,
#3420,#3421,#3422,#3423,#3424,#3425,#3426,#3427,#3428,#3429,#3430,#3431,
#3432,#3433,#3434,#3435,#3436,#3437,#3438,#3439,#3440,#3441,#3442,#3443,
#3444,#3445,#3446,#3447,#3448,#3449,#3450,#3451,#3452,#3453,#3454,#3455,
#3456,#3457,#3458,#3459,#3460,#3461,#3462,#3463,#3464,#3465,#3466,#3467,
#3468,#3469,#3470,#3471,#3472,#3473,#3474,#3475,#3476,#3477,#3478,#3479,
#3480,#3481,#3482,#3483,#3484,#3485,#3486,#3487,#3488,#3489));
#3491=STYLED_ITEM('',(#3492),#3499);
#3492=PRESENTATION_STYLE_ASSIGNMENT((#3493));
#3493=SURFACE_STYLE_USAGE(.BOTH.,#3494);
#3494=SURFACE_SIDE_STYLE('',(#3495));
#3495=SURFACE_STYLE_FILL_AREA(#3496);
#3496=FILL_AREA_STYLE('',(#3497));
#3497=FILL_AREA_STYLE_COLOUR('',#3498);
#3498=COLOUR_RGB('',0.972549019607843,0.529411764705882,0.00392156862745098);
#3499=MANIFOLD_SOLID_BREP('Part 1',#3490);
#3500=SHAPE_DEFINITION_REPRESENTATION(#5948,#3501);
#3501=SHAPE_REPRESENTATION('Part 1',(#3502),#5943);
#3502=AXIS2_PLACEMENT_3D('',#4933,#3885,#3886);
#3503=AXIS2_PLACEMENT_3D('',#4934,#3887,#3888);
#3504=AXIS2_PLACEMENT_3D('',#4935,#3889,#3890);
#3505=AXIS2_PLACEMENT_3D('',#4937,#3891,#3892);
#3506=AXIS2_PLACEMENT_3D('',#4942,#3894,#3895);
#3507=AXIS2_PLACEMENT_3D('',#4946,#3897,#3898);
#3508=AXIS2_PLACEMENT_3D('',#4947,#3899,#3900);
#3509=AXIS2_PLACEMENT_3D('',#4950,#3901,#3902);
#3510=AXIS2_PLACEMENT_3D('',#4956,#3905,#3906);
#3511=AXIS2_PLACEMENT_3D('',#4960,#3908,#3909);
#3512=AXIS2_PLACEMENT_3D('',#4966,#3912,#3913);
#3513=AXIS2_PLACEMENT_3D('',#4968,#3914,#3915);
#3514=AXIS2_PLACEMENT_3D('',#4970,#3916,#3917);
#3515=AXIS2_PLACEMENT_3D('',#4974,#3919,#3920);
#3516=AXIS2_PLACEMENT_3D('',#4978,#3922,#3923);
#3517=AXIS2_PLACEMENT_3D('',#4982,#3925,#3926);
#3518=AXIS2_PLACEMENT_3D('',#4984,#3927,#3928);
#3519=AXIS2_PLACEMENT_3D('',#4986,#3929,#3930);
#3520=AXIS2_PLACEMENT_3D('',#4990,#3932,#3933);
#3521=AXIS2_PLACEMENT_3D('',#4996,#3936,#3937);
#3522=AXIS2_PLACEMENT_3D('',#4998,#3938,#3939);
#3523=AXIS2_PLACEMENT_3D('',#5000,#3940,#3941);
#3524=AXIS2_PLACEMENT_3D('',#5004,#3943,#3944);
#3525=AXIS2_PLACEMENT_3D('',#5008,#3946,#3947);
#3526=AXIS2_PLACEMENT_3D('',#5012,#3949,#3950);
#3527=AXIS2_PLACEMENT_3D('',#5014,#3951,#3952);
#3528=AXIS2_PLACEMENT_3D('',#5016,#3953,#3954);
#3529=AXIS2_PLACEMENT_3D('',#5022,#3957,#3958);
#3530=AXIS2_PLACEMENT_3D('',#5026,#3960,#3961);
#3531=AXIS2_PLACEMENT_3D('',#5028,#3962,#3963);
#3532=AXIS2_PLACEMENT_3D('',#5030,#3964,#3965);
#3533=AXIS2_PLACEMENT_3D('',#5034,#3967,#3968);
#3534=AXIS2_PLACEMENT_3D('',#5038,#3970,#3971);
#3535=AXIS2_PLACEMENT_3D('',#5042,#3973,#3974);
#3536=AXIS2_PLACEMENT_3D('',#5043,#3975,#3976);
#3537=AXIS2_PLACEMENT_3D('',#5046,#3977,#3978);
#3538=AXIS2_PLACEMENT_3D('',#5050,#3980,#3981);
#3539=AXIS2_PLACEMENT_3D('',#5054,#3983,#3984);
#3540=AXIS2_PLACEMENT_3D('',#5060,#3987,#3988);
#3541=AXIS2_PLACEMENT_3D('',#5062,#3989,#3990);
#3542=AXIS2_PLACEMENT_3D('',#5066,#3992,#3993);
#3543=AXIS2_PLACEMENT_3D('',#5070,#3995,#3996);
#3544=AXIS2_PLACEMENT_3D('',#5074,#3998,#3999);
#3545=AXIS2_PLACEMENT_3D('',#5078,#4001,#4002);
#3546=AXIS2_PLACEMENT_3D('',#5082,#4004,#4005);
#3547=AXIS2_PLACEMENT_3D('',#5088,#4008,#4009);
#3548=AXIS2_PLACEMENT_3D('',#5090,#4010,#4011);
#3549=AXIS2_PLACEMENT_3D('',#5094,#4013,#4014);
#3550=AXIS2_PLACEMENT_3D('',#5098,#4016,#4017);
#3551=AXIS2_PLACEMENT_3D('',#5102,#4019,#4020);
#3552=AXIS2_PLACEMENT_3D('',#5106,#4022,#4023);
#3553=AXIS2_PLACEMENT_3D('',#5110,#4025,#4026);
#3554=AXIS2_PLACEMENT_3D('',#5112,#4027,#4028);
#3555=AXIS2_PLACEMENT_3D('',#5113,#4029,#4030);
#3556=AXIS2_PLACEMENT_3D('',#5115,#4031,#4032);
#3557=AXIS2_PLACEMENT_3D('',#5117,#4033,#4034);
#3558=AXIS2_PLACEMENT_3D('',#5119,#4035,#4036);
#3559=AXIS2_PLACEMENT_3D('',#5121,#4037,#4038);
#3560=AXIS2_PLACEMENT_3D('',#5123,#4039,#4040);
#3561=AXIS2_PLACEMENT_3D('',#5125,#4041,#4042);
#3562=AXIS2_PLACEMENT_3D('',#5127,#4043,#4044);
#3563=AXIS2_PLACEMENT_3D('',#5129,#4045,#4046);
#3564=AXIS2_PLACEMENT_3D('',#5131,#4047,#4048);
#3565=AXIS2_PLACEMENT_3D('',#5133,#4049,#4050);
#3566=AXIS2_PLACEMENT_3D('',#5135,#4051,#4052);
#3567=AXIS2_PLACEMENT_3D('',#5137,#4053,#4054);
#3568=AXIS2_PLACEMENT_3D('',#5139,#4055,#4056);
#3569=AXIS2_PLACEMENT_3D('',#5141,#4057,#4058);
#3570=AXIS2_PLACEMENT_3D('',#5143,#4059,#4060);
#3571=AXIS2_PLACEMENT_3D('',#5145,#4061,#4062);
#3572=AXIS2_PLACEMENT_3D('',#5147,#4063,#4064);
#3573=AXIS2_PLACEMENT_3D('',#5149,#4065,#4066);
#3574=AXIS2_PLACEMENT_3D('',#5151,#4067,#4068);
#3575=AXIS2_PLACEMENT_3D('',#5153,#4069,#4070);
#3576=AXIS2_PLACEMENT_3D('',#5155,#4071,#4072);
#3577=AXIS2_PLACEMENT_3D('',#5157,#4073,#4074);
#3578=AXIS2_PLACEMENT_3D('',#5159,#4075,#4076);
#3579=AXIS2_PLACEMENT_3D('',#5164,#4078,#4079);
#3580=AXIS2_PLACEMENT_3D('',#5168,#4081,#4082);
#3581=AXIS2_PLACEMENT_3D('',#5172,#4084,#4085);
#3582=AXIS2_PLACEMENT_3D('',#5176,#4087,#4088);
#3583=AXIS2_PLACEMENT_3D('',#5180,#4090,#4091);
#3584=AXIS2_PLACEMENT_3D('',#5184,#4093,#4094);
#3585=AXIS2_PLACEMENT_3D('',#5188,#4096,#4097);
#3586=AXIS2_PLACEMENT_3D('',#5192,#4099,#4100);
#3587=AXIS2_PLACEMENT_3D('',#5196,#4102,#4103);
#3588=AXIS2_PLACEMENT_3D('',#5200,#4105,#4106);
#3589=AXIS2_PLACEMENT_3D('',#5204,#4108,#4109);
#3590=AXIS2_PLACEMENT_3D('',#5206,#4110,#4111);
#3591=AXIS2_PLACEMENT_3D('',#5210,#4113,#4114);
#3592=AXIS2_PLACEMENT_3D('',#5212,#4115,#4116);
#3593=AXIS2_PLACEMENT_3D('',#5216,#4118,#4119);
#3594=AXIS2_PLACEMENT_3D('',#5220,#4121,#4122);
#3595=AXIS2_PLACEMENT_3D('',#5226,#4125,#4126);
#3596=AXIS2_PLACEMENT_3D('',#5230,#4128,#4129);
#3597=AXIS2_PLACEMENT_3D('',#5234,#4131,#4132);
#3598=AXIS2_PLACEMENT_3D('',#5238,#4134,#4135);
#3599=AXIS2_PLACEMENT_3D('',#5242,#4137,#4138);
#3600=AXIS2_PLACEMENT_3D('',#5246,#4140,#4141);
#3601=AXIS2_PLACEMENT_3D('',#5250,#4143,#4144);
#3602=AXIS2_PLACEMENT_3D('',#5254,#4146,#4147);
#3603=AXIS2_PLACEMENT_3D('',#5260,#4150,#4151);
#3604=AXIS2_PLACEMENT_3D('',#5266,#4154,#4155);
#3605=AXIS2_PLACEMENT_3D('',#5270,#4157,#4158);
#3606=AXIS2_PLACEMENT_3D('',#5271,#4159,#4160);
#3607=AXIS2_PLACEMENT_3D('',#5276,#4162,#4163);
#3608=AXIS2_PLACEMENT_3D('',#5279,#4165,#4166);
#3609=AXIS2_PLACEMENT_3D('',#5280,#4167,#4168);
#3610=AXIS2_PLACEMENT_3D('',#5282,#4169,#4170);
#3611=AXIS2_PLACEMENT_3D('',#5289,#4173,#4174);
#3612=AXIS2_PLACEMENT_3D('',#5293,#4176,#4177);
#3613=AXIS2_PLACEMENT_3D('',#5297,#4179,#4180);
#3614=AXIS2_PLACEMENT_3D('',#5301,#4182,#4183);
#3615=AXIS2_PLACEMENT_3D('',#5303,#4184,#4185);
#3616=AXIS2_PLACEMENT_3D('',#5307,#4187,#4188);
#3617=AXIS2_PLACEMENT_3D('',#5309,#4189,#4190);
#3618=AXIS2_PLACEMENT_3D('',#5313,#4192,#4193);
#3619=AXIS2_PLACEMENT_3D('',#5317,#4195,#4196);
#3620=AXIS2_PLACEMENT_3D('',#5321,#4198,#4199);
#3621=AXIS2_PLACEMENT_3D('',#5325,#4201,#4202);
#3622=AXIS2_PLACEMENT_3D('',#5329,#4204,#4205);
#3623=AXIS2_PLACEMENT_3D('',#5333,#4207,#4208);
#3624=AXIS2_PLACEMENT_3D('',#5337,#4210,#4211);
#3625=AXIS2_PLACEMENT_3D('',#5341,#4213,#4214);
#3626=AXIS2_PLACEMENT_3D('',#5345,#4216,#4217);
#3627=AXIS2_PLACEMENT_3D('',#5349,#4219,#4220);
#3628=AXIS2_PLACEMENT_3D('',#5353,#4222,#4223);
#3629=AXIS2_PLACEMENT_3D('',#5357,#4225,#4226);
#3630=AXIS2_PLACEMENT_3D('',#5358,#4227,#4228);
#3631=AXIS2_PLACEMENT_3D('',#5360,#4229,#4230);
#3632=AXIS2_PLACEMENT_3D('',#5362,#4231,#4232);
#3633=AXIS2_PLACEMENT_3D('',#5364,#4233,#4234);
#3634=AXIS2_PLACEMENT_3D('',#5366,#4235,#4236);
#3635=AXIS2_PLACEMENT_3D('',#5368,#4237,#4238);
#3636=AXIS2_PLACEMENT_3D('',#5370,#4239,#4240);
#3637=AXIS2_PLACEMENT_3D('',#5372,#4241,#4242);
#3638=AXIS2_PLACEMENT_3D('',#5374,#4243,#4244);
#3639=AXIS2_PLACEMENT_3D('',#5376,#4245,#4246);
#3640=AXIS2_PLACEMENT_3D('',#5378,#4247,#4248);
#3641=AXIS2_PLACEMENT_3D('',#5380,#4249,#4250);
#3642=AXIS2_PLACEMENT_3D('',#5382,#4251,#4252);
#3643=AXIS2_PLACEMENT_3D('',#5384,#4253,#4254);
#3644=AXIS2_PLACEMENT_3D('',#5386,#4255,#4256);
#3645=AXIS2_PLACEMENT_3D('',#5388,#4257,#4258);
#3646=AXIS2_PLACEMENT_3D('',#5390,#4259,#4260);
#3647=AXIS2_PLACEMENT_3D('',#5392,#4261,#4262);
#3648=AXIS2_PLACEMENT_3D('',#5394,#4263,#4264);
#3649=AXIS2_PLACEMENT_3D('',#5396,#4265,#4266);
#3650=AXIS2_PLACEMENT_3D('',#5398,#4267,#4268);
#3651=AXIS2_PLACEMENT_3D('',#5400,#4269,#4270);
#3652=AXIS2_PLACEMENT_3D('',#5402,#4271,#4272);
#3653=AXIS2_PLACEMENT_3D('',#5404,#4273,#4274);
#3654=AXIS2_PLACEMENT_3D('',#5409,#4276,#4277);
#3655=AXIS2_PLACEMENT_3D('',#5413,#4279,#4280);
#3656=AXIS2_PLACEMENT_3D('',#5417,#4282,#4283);
#3657=AXIS2_PLACEMENT_3D('',#5421,#4285,#4286);
#3658=AXIS2_PLACEMENT_3D('',#5423,#4287,#4288);
#3659=AXIS2_PLACEMENT_3D('',#5427,#4290,#4291);
#3660=AXIS2_PLACEMENT_3D('',#5429,#4292,#4293);
#3661=AXIS2_PLACEMENT_3D('',#5433,#4295,#4296);
#3662=AXIS2_PLACEMENT_3D('',#5434,#4297,#4298);
#3663=AXIS2_PLACEMENT_3D('',#5439,#4300,#4301);
#3664=AXIS2_PLACEMENT_3D('',#5449,#4306,#4307);
#3665=AXIS2_PLACEMENT_3D('',#5453,#4309,#4310);
#3666=AXIS2_PLACEMENT_3D('',#5457,#4312,#4313);
#3667=AXIS2_PLACEMENT_3D('',#5461,#4315,#4316);
#3668=AXIS2_PLACEMENT_3D('',#5465,#4318,#4319);
#3669=AXIS2_PLACEMENT_3D('',#5469,#4321,#4322);
#3670=AXIS2_PLACEMENT_3D('',#5473,#4324,#4325);
#3671=AXIS2_PLACEMENT_3D('',#5477,#4327,#4328);
#3672=AXIS2_PLACEMENT_3D('',#5481,#4330,#4331);
#3673=AXIS2_PLACEMENT_3D('',#5485,#4333,#4334);
#3674=AXIS2_PLACEMENT_3D('',#5491,#4337,#4338);
#3675=AXIS2_PLACEMENT_3D('',#5495,#4340,#4341);
#3676=AXIS2_PLACEMENT_3D('',#5497,#4342,#4343);
#3677=AXIS2_PLACEMENT_3D('',#5499,#4344,#4345);
#3678=AXIS2_PLACEMENT_3D('',#5503,#4347,#4348);
#3679=AXIS2_PLACEMENT_3D('',#5507,#4350,#4351);
#3680=AXIS2_PLACEMENT_3D('',#5511,#4353,#4354);
#3681=AXIS2_PLACEMENT_3D('',#5513,#4355,#4356);
#3682=AXIS2_PLACEMENT_3D('',#5515,#4357,#4358);
#3683=AXIS2_PLACEMENT_3D('',#5519,#4360,#4361);
#3684=AXIS2_PLACEMENT_3D('',#5525,#4364,#4365);
#3685=AXIS2_PLACEMENT_3D('',#5527,#4366,#4367);
#3686=AXIS2_PLACEMENT_3D('',#5529,#4368,#4369);
#3687=AXIS2_PLACEMENT_3D('',#5533,#4371,#4372);
#3688=AXIS2_PLACEMENT_3D('',#5537,#4374,#4375);
#3689=AXIS2_PLACEMENT_3D('',#5541,#4377,#4378);
#3690=AXIS2_PLACEMENT_3D('',#5543,#4379,#4380);
#3691=AXIS2_PLACEMENT_3D('',#5545,#4381,#4382);
#3692=AXIS2_PLACEMENT_3D('',#5551,#4385,#4386);
#3693=AXIS2_PLACEMENT_3D('',#5555,#4388,#4389);
#3694=AXIS2_PLACEMENT_3D('',#5557,#4390,#4391);
#3695=AXIS2_PLACEMENT_3D('',#5559,#4392,#4393);
#3696=AXIS2_PLACEMENT_3D('',#5563,#4395,#4396);
#3697=AXIS2_PLACEMENT_3D('',#5567,#4398,#4399);
#3698=AXIS2_PLACEMENT_3D('',#5571,#4401,#4402);
#3699=AXIS2_PLACEMENT_3D('',#5573,#4403,#4404);
#3700=AXIS2_PLACEMENT_3D('',#5575,#4405,#4406);
#3701=AXIS2_PLACEMENT_3D('',#5581,#4409,#4410);
#3702=AXIS2_PLACEMENT_3D('',#5585,#4412,#4413);
#3703=AXIS2_PLACEMENT_3D('',#5591,#4416,#4417);
#3704=AXIS2_PLACEMENT_3D('',#5595,#4419,#4420);
#3705=AXIS2_PLACEMENT_3D('',#5597,#4421,#4422);
#3706=AXIS2_PLACEMENT_3D('',#5601,#4424,#4425);
#3707=AXIS2_PLACEMENT_3D('',#5602,#4426,#4427);
#3708=AXIS2_PLACEMENT_3D('',#5605,#4428,#4429);
#3709=AXIS2_PLACEMENT_3D('',#5609,#4431,#4432);
#3710=AXIS2_PLACEMENT_3D('',#5613,#4434,#4435);
#3711=AXIS2_PLACEMENT_3D('',#5619,#4438,#4439);
#3712=AXIS2_PLACEMENT_3D('',#5623,#4441,#4442);
#3713=AXIS2_PLACEMENT_3D('',#5624,#4443,#4444);
#3714=AXIS2_PLACEMENT_3D('',#5627,#4447,#4448);
#3715=AXIS2_PLACEMENT_3D('',#5630,#4451,#4452);
#3716=AXIS2_PLACEMENT_3D('',#5633,#4455,#4456);
#3717=AXIS2_PLACEMENT_3D('',#5636,#4459,#4460);
#3718=AXIS2_PLACEMENT_3D('',#5639,#4463,#4464);
#3719=AXIS2_PLACEMENT_3D('',#5642,#4467,#4468);
#3720=AXIS2_PLACEMENT_3D('',#5645,#4471,#4472);
#3721=AXIS2_PLACEMENT_3D('',#5648,#4475,#4476);
#3722=AXIS2_PLACEMENT_3D('',#5651,#4479,#4480);
#3723=AXIS2_PLACEMENT_3D('',#5652,#4481,#4482);
#3724=AXIS2_PLACEMENT_3D('',#5653,#4483,#4484);
#3725=AXIS2_PLACEMENT_3D('',#5654,#4485,#4486);
#3726=AXIS2_PLACEMENT_3D('',#5655,#4487,#4488);
#3727=AXIS2_PLACEMENT_3D('',#5656,#4489,#4490);
#3728=AXIS2_PLACEMENT_3D('',#5659,#4493,#4494);
#3729=AXIS2_PLACEMENT_3D('',#5660,#4495,#4496);
#3730=AXIS2_PLACEMENT_3D('',#5661,#4497,#4498);
#3731=AXIS2_PLACEMENT_3D('',#5662,#4499,#4500);
#3732=AXIS2_PLACEMENT_3D('',#5663,#4501,#4502);
#3733=AXIS2_PLACEMENT_3D('',#5664,#4503,#4504);
#3734=AXIS2_PLACEMENT_3D('',#5667,#4507,#4508);
#3735=AXIS2_PLACEMENT_3D('',#5670,#4511,#4512);
#3736=AXIS2_PLACEMENT_3D('',#5673,#4515,#4516);
#3737=AXIS2_PLACEMENT_3D('',#5674,#4517,#4518);
#3738=AXIS2_PLACEMENT_3D('',#5675,#4519,#4520);
#3739=AXIS2_PLACEMENT_3D('',#5676,#4521,#4522);
#3740=AXIS2_PLACEMENT_3D('',#5677,#4523,#4524);
#3741=AXIS2_PLACEMENT_3D('',#5678,#4525,#4526);
#3742=AXIS2_PLACEMENT_3D('',#5681,#4529,#4530);
#3743=AXIS2_PLACEMENT_3D('',#5684,#4533,#4534);
#3744=AXIS2_PLACEMENT_3D('',#5687,#4537,#4538);
#3745=AXIS2_PLACEMENT_3D('',#5690,#4541,#4542);
#3746=AXIS2_PLACEMENT_3D('',#5691,#4543,#4544);
#3747=AXIS2_PLACEMENT_3D('',#5692,#4545,#4546);
#3748=AXIS2_PLACEMENT_3D('',#5695,#4549,#4550);
#3749=AXIS2_PLACEMENT_3D('',#5696,#4551,#4552);
#3750=AXIS2_PLACEMENT_3D('',#5697,#4553,#4554);
#3751=AXIS2_PLACEMENT_3D('',#5698,#4555,#4556);
#3752=AXIS2_PLACEMENT_3D('',#5701,#4559,#4560);
#3753=AXIS2_PLACEMENT_3D('',#5704,#4563,#4564);
#3754=AXIS2_PLACEMENT_3D('',#5707,#4567,#4568);
#3755=AXIS2_PLACEMENT_3D('',#5710,#4571,#4572);
#3756=AXIS2_PLACEMENT_3D('',#5712,#4574,#4575);
#3757=AXIS2_PLACEMENT_3D('',#5713,#4576,#4577);
#3758=AXIS2_PLACEMENT_3D('',#5716,#4580,#4581);
#3759=AXIS2_PLACEMENT_3D('',#5718,#4583,#4584);
#3760=AXIS2_PLACEMENT_3D('',#5720,#4586,#4587);
#3761=AXIS2_PLACEMENT_3D('',#5722,#4589,#4590);
#3762=AXIS2_PLACEMENT_3D('',#5724,#4592,#4593);
#3763=AXIS2_PLACEMENT_3D('',#5725,#4594,#4595);
#3764=AXIS2_PLACEMENT_3D('',#5727,#4597,#4598);
#3765=AXIS2_PLACEMENT_3D('',#5729,#4600,#4601);
#3766=AXIS2_PLACEMENT_3D('',#5730,#4602,#4603);
#3767=AXIS2_PLACEMENT_3D('',#5732,#4605,#4606);
#3768=AXIS2_PLACEMENT_3D('',#5735,#4609,#4610);
#3769=AXIS2_PLACEMENT_3D('',#5738,#4613,#4614);
#3770=AXIS2_PLACEMENT_3D('',#5739,#4615,#4616);
#3771=AXIS2_PLACEMENT_3D('',#5740,#4617,#4618);
#3772=AXIS2_PLACEMENT_3D('',#5743,#4621,#4622);
#3773=AXIS2_PLACEMENT_3D('',#5744,#4623,#4624);
#3774=AXIS2_PLACEMENT_3D('',#5745,#4625,#4626);
#3775=AXIS2_PLACEMENT_3D('',#5746,#4627,#4628);
#3776=AXIS2_PLACEMENT_3D('',#5747,#4629,#4630);
#3777=AXIS2_PLACEMENT_3D('',#5748,#4631,#4632);
#3778=AXIS2_PLACEMENT_3D('',#5749,#4633,#4634);
#3779=AXIS2_PLACEMENT_3D('',#5752,#4637,#4638);
#3780=AXIS2_PLACEMENT_3D('',#5755,#4641,#4642);
#3781=AXIS2_PLACEMENT_3D('',#5758,#4645,#4646);
#3782=AXIS2_PLACEMENT_3D('',#5761,#4649,#4650);
#3783=AXIS2_PLACEMENT_3D('',#5764,#4653,#4654);
#3784=AXIS2_PLACEMENT_3D('',#5767,#4657,#4658);
#3785=AXIS2_PLACEMENT_3D('',#5770,#4661,#4662);
#3786=AXIS2_PLACEMENT_3D('',#5773,#4665,#4666);
#3787=AXIS2_PLACEMENT_3D('',#5776,#4669,#4670);
#3788=AXIS2_PLACEMENT_3D('',#5779,#4673,#4674);
#3789=AXIS2_PLACEMENT_3D('',#5782,#4677,#4678);
#3790=AXIS2_PLACEMENT_3D('',#5785,#4681,#4682);
#3791=AXIS2_PLACEMENT_3D('',#5788,#4685,#4686);
#3792=AXIS2_PLACEMENT_3D('',#5791,#4689,#4690);
#3793=AXIS2_PLACEMENT_3D('',#5794,#4693,#4694);
#3794=AXIS2_PLACEMENT_3D('',#5797,#4697,#4698);
#3795=AXIS2_PLACEMENT_3D('',#5800,#4701,#4702);
#3796=AXIS2_PLACEMENT_3D('',#5803,#4705,#4706);
#3797=AXIS2_PLACEMENT_3D('',#5806,#4709,#4710);
#3798=AXIS2_PLACEMENT_3D('',#5809,#4713,#4714);
#3799=AXIS2_PLACEMENT_3D('',#5812,#4717,#4718);
#3800=AXIS2_PLACEMENT_3D('',#5815,#4721,#4722);
#3801=AXIS2_PLACEMENT_3D('',#5818,#4725,#4726);
#3802=AXIS2_PLACEMENT_3D('',#5821,#4729,#4730);
#3803=AXIS2_PLACEMENT_3D('',#5824,#4733,#4734);
#3804=AXIS2_PLACEMENT_3D('',#5827,#4737,#4738);
#3805=AXIS2_PLACEMENT_3D('',#5830,#4741,#4742);
#3806=AXIS2_PLACEMENT_3D('',#5832,#4744,#4745);
#3807=AXIS2_PLACEMENT_3D('',#5834,#4747,#4748);
#3808=AXIS2_PLACEMENT_3D('',#5837,#4751,#4752);
#3809=AXIS2_PLACEMENT_3D('',#5839,#4754,#4755);
#3810=AXIS2_PLACEMENT_3D('',#5842,#4758,#4759);
#3811=AXIS2_PLACEMENT_3D('',#5845,#4762,#4763);
#3812=AXIS2_PLACEMENT_3D('',#5848,#4766,#4767);
#3813=AXIS2_PLACEMENT_3D('',#5850,#4769,#4770);
#3814=AXIS2_PLACEMENT_3D('',#5853,#4773,#4774);
#3815=AXIS2_PLACEMENT_3D('',#5856,#4777,#4778);
#3816=AXIS2_PLACEMENT_3D('',#5859,#4781,#4782);
#3817=AXIS2_PLACEMENT_3D('',#5862,#4785,#4786);
#3818=AXIS2_PLACEMENT_3D('',#5865,#4789,#4790);
#3819=AXIS2_PLACEMENT_3D('',#5868,#4793,#4794);
#3820=AXIS2_PLACEMENT_3D('',#5869,#4795,#4796);
#3821=AXIS2_PLACEMENT_3D('',#5870,#4797,#4798);
#3822=AXIS2_PLACEMENT_3D('',#5871,#4799,#4800);
#3823=AXIS2_PLACEMENT_3D('',#5872,#4801,#4802);
#3824=AXIS2_PLACEMENT_3D('',#5873,#4803,#4804);
#3825=AXIS2_PLACEMENT_3D('',#5874,#4805,#4806);
#3826=AXIS2_PLACEMENT_3D('',#5875,#4807,#4808);
#3827=AXIS2_PLACEMENT_3D('',#5876,#4809,#4810);
#3828=AXIS2_PLACEMENT_3D('',#5877,#4811,#4812);
#3829=AXIS2_PLACEMENT_3D('',#5878,#4813,#4814);
#3830=AXIS2_PLACEMENT_3D('',#5879,#4815,#4816);
#3831=AXIS2_PLACEMENT_3D('',#5880,#4817,#4818);
#3832=AXIS2_PLACEMENT_3D('',#5881,#4819,#4820);
#3833=AXIS2_PLACEMENT_3D('',#5882,#4821,#4822);
#3834=AXIS2_PLACEMENT_3D('',#5884,#4824,#4825);
#3835=AXIS2_PLACEMENT_3D('',#5886,#4827,#4828);
#3836=AXIS2_PLACEMENT_3D('',#5887,#4829,#4830);
#3837=AXIS2_PLACEMENT_3D('',#5888,#4831,#4832);
#3838=AXIS2_PLACEMENT_3D('',#5889,#4833,#4834);
#3839=AXIS2_PLACEMENT_3D('',#5890,#4835,#4836);
#3840=AXIS2_PLACEMENT_3D('',#5891,#4837,#4838);
#3841=AXIS2_PLACEMENT_3D('',#5892,#4839,#4840);
#3842=AXIS2_PLACEMENT_3D('',#5893,#4841,#4842);
#3843=AXIS2_PLACEMENT_3D('',#5894,#4843,#4844);
#3844=AXIS2_PLACEMENT_3D('',#5895,#4845,#4846);
#3845=AXIS2_PLACEMENT_3D('',#5896,#4847,#4848);
#3846=AXIS2_PLACEMENT_3D('',#5897,#4849,#4850);
#3847=AXIS2_PLACEMENT_3D('',#5898,#4851,#4852);
#3848=AXIS2_PLACEMENT_3D('',#5899,#4853,#4854);
#3849=AXIS2_PLACEMENT_3D('',#5900,#4855,#4856);
#3850=AXIS2_PLACEMENT_3D('',#5901,#4857,#4858);
#3851=AXIS2_PLACEMENT_3D('',#5902,#4859,#4860);
#3852=AXIS2_PLACEMENT_3D('',#5904,#4862,#4863);
#3853=AXIS2_PLACEMENT_3D('',#5905,#4864,#4865);
#3854=AXIS2_PLACEMENT_3D('',#5907,#4867,#4868);
#3855=AXIS2_PLACEMENT_3D('',#5908,#4869,#4870);
#3856=AXIS2_PLACEMENT_3D('',#5909,#4871,#4872);
#3857=AXIS2_PLACEMENT_3D('',#5910,#4873,#4874);
#3858=AXIS2_PLACEMENT_3D('',#5911,#4875,#4876);
#3859=AXIS2_PLACEMENT_3D('',#5912,#4877,#4878);
#3860=AXIS2_PLACEMENT_3D('',#5913,#4879,#4880);
#3861=AXIS2_PLACEMENT_3D('',#5914,#4881,#4882);
#3862=AXIS2_PLACEMENT_3D('',#5915,#4883,#4884);
#3863=AXIS2_PLACEMENT_3D('',#5916,#4885,#4886);
#3864=AXIS2_PLACEMENT_3D('',#5917,#4887,#4888);
#3865=AXIS2_PLACEMENT_3D('',#5918,#4889,#4890);
#3866=AXIS2_PLACEMENT_3D('',#5919,#4891,#4892);
#3867=AXIS2_PLACEMENT_3D('',#5920,#4893,#4894);
#3868=AXIS2_PLACEMENT_3D('',#5921,#4895,#4896);
#3869=AXIS2_PLACEMENT_3D('',#5922,#4897,#4898);
#3870=AXIS2_PLACEMENT_3D('',#5923,#4899,#4900);
#3871=AXIS2_PLACEMENT_3D('',#5924,#4901,#4902);
#3872=AXIS2_PLACEMENT_3D('',#5925,#4903,#4904);
#3873=AXIS2_PLACEMENT_3D('',#5926,#4905,#4906);
#3874=AXIS2_PLACEMENT_3D('',#5927,#4907,#4908);
#3875=AXIS2_PLACEMENT_3D('',#5928,#4909,#4910);
#3876=AXIS2_PLACEMENT_3D('',#5929,#4911,#4912);
#3877=AXIS2_PLACEMENT_3D('',#5930,#4913,#4914);
#3878=AXIS2_PLACEMENT_3D('',#5933,#4917,#4918);
#3879=AXIS2_PLACEMENT_3D('',#5934,#4919,#4920);
#3880=AXIS2_PLACEMENT_3D('',#5935,#4921,#4922);
#3881=AXIS2_PLACEMENT_3D('',#5938,#4925,#4926);
#3882=AXIS2_PLACEMENT_3D('',#5939,#4927,#4928);
#3883=AXIS2_PLACEMENT_3D('',#5940,#4929,#4930);
#3884=AXIS2_PLACEMENT_3D('',#5941,#4931,#4932);
#3885=DIRECTION('',(0.,0.,1.));
#3886=DIRECTION('',(1.,0.,0.));
#3887=DIRECTION('',(0.,-1.,0.));
#3888=DIRECTION('',(1.,0.,0.));
#3889=DIRECTION('',(0.,-1.,0.));
#3890=DIRECTION('',(0.,0.,-1.));
#3891=DIRECTION('',(0.,-1.,0.));
#3892=DIRECTION('',(0.,0.,-1.));
#3893=DIRECTION('',(-1.,0.,0.));
#3894=DIRECTION('',(0.,-1.,0.));
#3895=DIRECTION('',(0.,0.,-1.));
#3896=DIRECTION('',(1.,0.,0.));
#3897=DIRECTION('',(0.,-1.,0.));
#3898=DIRECTION('',(0.,0.,-1.));
#3899=DIRECTION('',(0.,-1.,0.));
#3900=DIRECTION('',(0.,0.,-1.));
#3901=DIRECTION('',(0.,-1.,0.));
#3902=DIRECTION('',(0.,0.,-1.));
#3903=DIRECTION('',(1.,0.,0.));
#3904=DIRECTION('',(1.06925568855008E-16,0.,-1.));
#3905=DIRECTION('',(0.,-1.,0.));
#3906=DIRECTION('',(0.,0.,-1.));
#3907=DIRECTION('',(1.,0.,0.));
#3908=DIRECTION('',(0.,1.,0.));
#3909=DIRECTION('',(0.,0.,-1.));
#3910=DIRECTION('',(-1.06925568855008E-16,0.,-1.));
#3911=DIRECTION('',(1.,0.,0.));
#3912=DIRECTION('',(0.,-1.,0.));
#3913=DIRECTION('',(0.,0.,-1.));
#3914=DIRECTION('',(0.,1.,0.));
#3915=DIRECTION('',(0.,0.,-1.));
#3916=DIRECTION('',(0.,-1.,0.));
#3917=DIRECTION('',(0.,0.,-1.));
#3918=DIRECTION('',(1.,0.,0.));
#3919=DIRECTION('',(0.,-1.,0.));
#3920=DIRECTION('',(0.,0.,-1.));
#3921=DIRECTION('',(-0.651462553446123,0.,0.758680790225677));
#3922=DIRECTION('',(0.,-1.,0.));
#3923=DIRECTION('',(0.,0.,-1.));
#3924=DIRECTION('',(-2.36020195654301E-16,0.,-1.));
#3925=DIRECTION('',(0.,-1.,0.));
#3926=DIRECTION('',(0.,0.,-1.));
#3927=DIRECTION('',(0.,-1.,0.));
#3928=DIRECTION('',(0.,0.,-1.));
#3929=DIRECTION('',(0.,-1.,0.));
#3930=DIRECTION('',(0.,0.,-1.));
#3931=DIRECTION('',(-2.36020195654301E-16,0.,-1.));
#3932=DIRECTION('',(0.,1.,0.));
#3933=DIRECTION('',(0.,0.,-1.));
#3934=DIRECTION('',(-0.709677419354839,0.,-0.70452676347876));
#3935=DIRECTION('',(0.70072253044845,0.,0.713433903961623));
#3936=DIRECTION('',(0.,-1.,0.));
#3937=DIRECTION('',(0.,0.,-1.));
#3938=DIRECTION('',(0.,1.,0.));
#3939=DIRECTION('',(0.,0.,-1.));
#3940=DIRECTION('',(0.,-1.,0.));
#3941=DIRECTION('',(0.,0.,-1.));
#3942=DIRECTION('',(-0.730925313449419,0.,-0.682457461061764));
#3943=DIRECTION('',(0.,-1.,0.));
#3944=DIRECTION('',(0.,0.,-1.));
#3945=DIRECTION('',(-1.,0.,-3.65204942310907E-16));
#3946=DIRECTION('',(0.,-1.,0.));
#3947=DIRECTION('',(0.,0.,-1.));
#3948=DIRECTION('',(-0.730925313449419,0.,0.682457461061764));
#3949=DIRECTION('',(0.,-1.,0.));
#3950=DIRECTION('',(0.,0.,-1.));
#3951=DIRECTION('',(0.,-1.,0.));
#3952=DIRECTION('',(0.,0.,-1.));
#3953=DIRECTION('',(0.,-1.,0.));
#3954=DIRECTION('',(0.,0.,-1.));
#3955=DIRECTION('',(0.700722530448449,0.,-0.713433903961623));
#3956=DIRECTION('',(0.709677419354839,0.,-0.70452676347876));
#3957=DIRECTION('',(0.,-1.,0.));
#3958=DIRECTION('',(0.,0.,-1.));
#3959=DIRECTION('',(2.36020195654301E-16,0.,-1.));
#3960=DIRECTION('',(0.,-1.,0.));
#3961=DIRECTION('',(0.,0.,-1.));
#3962=DIRECTION('',(0.,-1.,0.));
#3963=DIRECTION('',(0.,0.,-1.));
#3964=DIRECTION('',(0.,-1.,0.));
#3965=DIRECTION('',(0.,0.,-1.));
#3966=DIRECTION('',(2.36020195654301E-16,0.,-1.));
#3967=DIRECTION('',(0.,-1.,0.));
#3968=DIRECTION('',(0.,0.,-1.));
#3969=DIRECTION('',(0.758680790225677,0.,0.651462553446123));
#3970=DIRECTION('',(0.,-1.,0.));
#3971=DIRECTION('',(0.,0.,-1.));
#3972=DIRECTION('',(1.,0.,0.));
#3973=DIRECTION('',(0.,-1.,0.));
#3974=DIRECTION('',(0.,0.,-1.));
#3975=DIRECTION('',(0.,1.,0.));
#3976=DIRECTION('',(0.,0.,-1.));
#3977=DIRECTION('',(0.,-1.,0.));
#3978=DIRECTION('',(0.,0.,-1.));
#3979=DIRECTION('',(-0.651462553446123,0.,0.758680790225677));
#3980=DIRECTION('',(0.,-1.,0.));
#3981=DIRECTION('',(0.,0.,-1.));
#3982=DIRECTION('',(1.,0.,0.));
#3983=DIRECTION('',(0.,-1.,0.));
#3984=DIRECTION('',(0.,0.,-1.));
#3985=DIRECTION('',(-1.06925568855008E-16,0.,-1.));
#3986=DIRECTION('',(0.758680790225677,0.,0.651462553446123));
#3987=DIRECTION('',(0.,-1.,0.));
#3988=DIRECTION('',(0.,0.,-1.));
#3989=DIRECTION('',(0.,-1.,0.));
#3990=DIRECTION('',(0.,0.,-1.));
#3991=DIRECTION('',(1.06925568855008E-16,0.,-1.));
#3992=DIRECTION('',(0.,-1.,0.));
#3993=DIRECTION('',(0.,0.,-1.));
#3994=DIRECTION('',(1.,0.,0.));
#3995=DIRECTION('',(0.,-1.,0.));
#3996=DIRECTION('',(0.,0.,-1.));
#3997=DIRECTION('',(-0.0246838446757776,0.,-0.999695307487247));
#3998=DIRECTION('',(0.,-1.,0.));
#3999=DIRECTION('',(0.,0.,-1.));
#4000=DIRECTION('',(-0.717983431856908,0.,0.696060192497012));
#4001=DIRECTION('',(0.,-1.,0.));
#4002=DIRECTION('',(0.,0.,-1.));
#4003=DIRECTION('',(1.,0.,0.));
#4004=DIRECTION('',(0.,-1.,0.));
#4005=DIRECTION('',(0.,0.,-1.));
#4006=DIRECTION('',(0.,0.,-1.));
#4007=DIRECTION('',(1.,0.,0.));
#4008=DIRECTION('',(0.,-1.,0.));
#4009=DIRECTION('',(0.,0.,-1.));
#4010=DIRECTION('',(0.,-1.,0.));
#4011=DIRECTION('',(0.,0.,-1.));
#4012=DIRECTION('',(1.,0.,0.));
#4013=DIRECTION('',(0.,-1.,0.));
#4014=DIRECTION('',(0.,0.,-1.));
#4015=DIRECTION('',(0.,0.,-1.));
#4016=DIRECTION('',(0.,-1.,0.));
#4017=DIRECTION('',(0.,0.,-1.));
#4018=DIRECTION('',(1.,0.,0.));
#4019=DIRECTION('',(0.,-1.,0.));
#4020=DIRECTION('',(0.,0.,-1.));
#4021=DIRECTION('',(0.,0.,-1.));
#4022=DIRECTION('',(0.,-1.,0.));
#4023=DIRECTION('',(0.,0.,-1.));
#4024=DIRECTION('',(-1.,0.,0.));
#4025=DIRECTION('',(0.,-1.,0.));
#4026=DIRECTION('',(0.,0.,-1.));
#4027=DIRECTION('',(0.,-1.,0.));
#4028=DIRECTION('',(0.,0.,-1.));
#4029=DIRECTION('',(0.,-1.,0.));
#4030=DIRECTION('',(0.,0.,-1.));
#4031=DIRECTION('',(0.,1.,0.));
#4032=DIRECTION('',(0.,0.,-1.));
#4033=DIRECTION('',(0.,1.,0.));
#4034=DIRECTION('',(0.,0.,-1.));
#4035=DIRECTION('',(0.,1.,0.));
#4036=DIRECTION('',(0.,0.,-1.));
#4037=DIRECTION('',(0.,1.,0.));
#4038=DIRECTION('',(0.,0.,-1.));
#4039=DIRECTION('',(0.,1.,0.));
#4040=DIRECTION('',(0.,0.,-1.));
#4041=DIRECTION('',(0.,-1.,0.));
#4042=DIRECTION('',(0.,0.,-1.));
#4043=DIRECTION('',(0.,-1.,0.));
#4044=DIRECTION('',(0.,0.,-1.));
#4045=DIRECTION('',(0.,-1.,0.));
#4046=DIRECTION('',(0.,0.,-1.));
#4047=DIRECTION('',(0.,-1.,0.));
#4048=DIRECTION('',(0.,0.,-1.));
#4049=DIRECTION('',(0.,-1.,0.));
#4050=DIRECTION('',(0.,0.,-1.));
#4051=DIRECTION('',(0.,-1.,0.));
#4052=DIRECTION('',(0.,0.,-1.));
#4053=DIRECTION('',(0.,-1.,0.));
#4054=DIRECTION('',(0.,0.,-1.));
#4055=DIRECTION('',(0.,-1.,0.));
#4056=DIRECTION('',(0.,0.,-1.));
#4057=DIRECTION('',(0.,-1.,0.));
#4058=DIRECTION('',(0.,0.,-1.));
#4059=DIRECTION('',(0.,-1.,0.));
#4060=DIRECTION('',(0.,0.,-1.));
#4061=DIRECTION('',(0.,1.,0.));
#4062=DIRECTION('',(0.,0.,-1.));
#4063=DIRECTION('',(0.,1.,0.));
#4064=DIRECTION('',(0.,0.,-1.));
#4065=DIRECTION('',(0.,1.,0.));
#4066=DIRECTION('',(0.,0.,-1.));
#4067=DIRECTION('',(0.,1.,0.));
#4068=DIRECTION('',(0.,0.,-1.));
#4069=DIRECTION('',(0.,1.,0.));
#4070=DIRECTION('',(0.,0.,-1.));
#4071=DIRECTION('',(0.,-1.,0.));
#4072=DIRECTION('',(0.,0.,-1.));
#4073=DIRECTION('',(0.,-1.,0.));
#4074=DIRECTION('',(0.,0.,-1.));
#4075=DIRECTION('',(0.,-1.,0.));
#4076=DIRECTION('',(0.,0.,-1.));
#4077=DIRECTION('',(0.,0.,-1.));
#4078=DIRECTION('',(0.,-1.,0.));
#4079=DIRECTION('',(0.,0.,-1.));
#4080=DIRECTION('',(0.757156836340243,0.,0.653233132337326));
#4081=DIRECTION('',(0.,-1.,0.));
#4082=DIRECTION('',(0.,0.,-1.));
#4083=DIRECTION('',(1.,0.,0.));
#4084=DIRECTION('',(0.,-1.,0.));
#4085=DIRECTION('',(0.,0.,-1.));
#4086=DIRECTION('',(0.757156836340243,0.,-0.653233132337326));
#4087=DIRECTION('',(0.,-1.,0.));
#4088=DIRECTION('',(0.,0.,-1.));
#4089=DIRECTION('',(0.,0.,-1.));
#4090=DIRECTION('',(0.,-1.,0.));
#4091=DIRECTION('',(0.,0.,-1.));
#4092=DIRECTION('',(-0.757156836340243,0.,-0.653233132337326));
#4093=DIRECTION('',(0.,-1.,0.));
#4094=DIRECTION('',(0.,0.,-1.));
#4095=DIRECTION('',(1.,0.,0.));
#4096=DIRECTION('',(0.,-1.,0.));
#4097=DIRECTION('',(0.,0.,-1.));
#4098=DIRECTION('',(-0.757156836340243,0.,0.653233132337326));
#4099=DIRECTION('',(0.,-1.,0.));
#4100=DIRECTION('',(0.,0.,-1.));
#4101=DIRECTION('',(-1.,0.,0.));
#4102=DIRECTION('',(0.,-1.,0.));
#4103=DIRECTION('',(0.,0.,-1.));
#4104=DIRECTION('',(0.711229657913689,0.,-0.702959724098029));
#4105=DIRECTION('',(0.,-1.,0.));
#4106=DIRECTION('',(0.,0.,-1.));
#4107=DIRECTION('',(0.,0.,-1.));
#4108=DIRECTION('',(0.,-1.,0.));
#4109=DIRECTION('',(0.,0.,-1.));
#4110=DIRECTION('',(0.,-1.,0.));
#4111=DIRECTION('',(0.,0.,-1.));
#4112=DIRECTION('',(-1.,0.,0.));
#4113=DIRECTION('',(0.,-1.,0.));
#4114=DIRECTION('',(0.,0.,-1.));
#4115=DIRECTION('',(0.,-1.,0.));
#4116=DIRECTION('',(0.,0.,-1.));
#4117=DIRECTION('',(0.,0.,-1.));
#4118=DIRECTION('',(0.,-1.,0.));
#4119=DIRECTION('',(0.,0.,-1.));
#4120=DIRECTION('',(0.689867765490721,0.,0.723935401908789));
#4121=DIRECTION('',(0.,-1.,0.));
#4122=DIRECTION('',(0.,0.,-1.));
#4123=DIRECTION('',(1.,0.,0.));
#4124=DIRECTION('',(0.714562276363119,0.,0.699571835624304));
#4125=DIRECTION('',(0.,-1.,0.));
#4126=DIRECTION('',(0.,0.,-1.));
#4127=DIRECTION('',(-1.,0.,0.));
#4128=DIRECTION('',(0.,-1.,0.));
#4129=DIRECTION('',(0.,0.,-1.));
#4130=DIRECTION('',(0.,0.,1.));
#4131=DIRECTION('',(0.,-1.,0.));
#4132=DIRECTION('',(0.,0.,-1.));
#4133=DIRECTION('',(0.71557427575839,0.,0.698536653206441));
#4134=DIRECTION('',(0.,-1.,0.));
#4135=DIRECTION('',(0.,0.,-1.));
#4136=DIRECTION('',(1.,0.,0.));
#4137=DIRECTION('',(0.,-1.,0.));
#4138=DIRECTION('',(0.,0.,-1.));
#4139=DIRECTION('',(0.757409988189209,0.,-0.652939591226649));
#4140=DIRECTION('',(0.,-1.,0.));
#4141=DIRECTION('',(0.,0.,-1.));
#4142=DIRECTION('',(0.,0.,1.));
#4143=DIRECTION('',(0.,-1.,0.));
#4144=DIRECTION('',(0.,0.,-1.));
#4145=DIRECTION('',(1.,0.,0.));
#4146=DIRECTION('',(0.,-1.,0.));
#4147=DIRECTION('',(0.,0.,-1.));
#4148=DIRECTION('',(-0.712104128784875,0.,0.702073863469887));
#4149=DIRECTION('',(0.735267853755019,0.,0.677776647011749));
#4150=DIRECTION('',(0.,-1.,0.));
#4151=DIRECTION('',(0.,0.,-1.));
#4152=DIRECTION('',(-0.00928181360953104,0.,-0.999956923040247));
#4153=DIRECTION('',(0.,0.,-1.));
#4154=DIRECTION('',(0.,-1.,0.));
#4155=DIRECTION('',(0.,0.,-1.));
#4156=DIRECTION('',(-1.,0.,0.));
#4157=DIRECTION('',(0.,-1.,0.));
#4158=DIRECTION('',(0.,0.,-1.));
#4159=DIRECTION('',(0.,-1.,0.));
#4160=DIRECTION('',(0.,0.,-1.));
#4161=DIRECTION('',(-1.,0.,0.));
#4162=DIRECTION('',(0.,-1.,0.));
#4163=DIRECTION('',(0.,0.,-1.));
#4164=DIRECTION('',(-1.,0.,0.));
#4165=DIRECTION('',(0.,-1.,0.));
#4166=DIRECTION('',(1.,0.,0.));
#4167=DIRECTION('',(0.,-1.,0.));
#4168=DIRECTION('',(0.,0.,-1.));
#4169=DIRECTION('',(0.,-1.,0.));
#4170=DIRECTION('',(0.,0.,-1.));
#4171=DIRECTION('',(0.,0.,-1.));
#4172=DIRECTION('',(-0.00928181360953104,0.,-0.999956923040247));
#4173=DIRECTION('',(0.,-1.,0.));
#4174=DIRECTION('',(0.,0.,-1.));
#4175=DIRECTION('',(0.735267853755019,0.,0.677776647011749));
#4176=DIRECTION('',(0.,-1.,0.));
#4177=DIRECTION('',(0.,0.,-1.));
#4178=DIRECTION('',(-1.,0.,0.));
#4179=DIRECTION('',(0.,-1.,0.));
#4180=DIRECTION('',(0.,0.,-1.));
#4181=DIRECTION('',(1.,0.,0.));
#4182=DIRECTION('',(0.,-1.,0.));
#4183=DIRECTION('',(0.,0.,-1.));
#4184=DIRECTION('',(0.,-1.,0.));
#4185=DIRECTION('',(0.,0.,-1.));
#4186=DIRECTION('',(1.,0.,0.));
#4187=DIRECTION('',(0.,-1.,0.));
#4188=DIRECTION('',(0.,0.,-1.));
#4189=DIRECTION('',(0.,-1.,0.));
#4190=DIRECTION('',(0.,0.,-1.));
#4191=DIRECTION('',(-1.,0.,0.));
#4192=DIRECTION('',(0.,-1.,0.));
#4193=DIRECTION('',(0.,0.,-1.));
#4194=DIRECTION('',(0.,0.,-1.));
#4195=DIRECTION('',(0.,-1.,0.));
#4196=DIRECTION('',(0.,0.,-1.));
#4197=DIRECTION('',(1.,0.,0.));
#4198=DIRECTION('',(0.,-1.,0.));
#4199=DIRECTION('',(0.,0.,-1.));
#4200=DIRECTION('',(0.,0.,-1.));
#4201=DIRECTION('',(0.,-1.,0.));
#4202=DIRECTION('',(0.,0.,-1.));
#4203=DIRECTION('',(0.757156836340243,0.,0.653233132337326));
#4204=DIRECTION('',(0.,-1.,0.));
#4205=DIRECTION('',(0.,0.,-1.));
#4206=DIRECTION('',(0.,0.,-1.));
#4207=DIRECTION('',(0.,-1.,0.));
#4208=DIRECTION('',(0.,0.,-1.));
#4209=DIRECTION('',(-0.757156836340243,0.,0.653233132337326));
#4210=DIRECTION('',(0.,-1.,0.));
#4211=DIRECTION('',(0.,0.,-1.));
#4212=DIRECTION('',(1.,0.,0.));
#4213=DIRECTION('',(0.,-1.,0.));
#4214=DIRECTION('',(0.,0.,-1.));
#4215=DIRECTION('',(-0.757156836340243,0.,-0.653233132337326));
#4216=DIRECTION('',(0.,-1.,0.));
#4217=DIRECTION('',(0.,0.,-1.));
#4218=DIRECTION('',(0.,0.,-1.));
#4219=DIRECTION('',(0.,-1.,0.));
#4220=DIRECTION('',(0.,0.,-1.));
#4221=DIRECTION('',(0.757156836340243,0.,-0.653233132337326));
#4222=DIRECTION('',(0.,-1.,0.));
#4223=DIRECTION('',(0.,0.,-1.));
#4224=DIRECTION('',(1.,0.,0.));
#4225=DIRECTION('',(0.,-1.,0.));
#4226=DIRECTION('',(0.,0.,-1.));
#4227=DIRECTION('',(0.,1.,0.));
#4228=DIRECTION('',(0.,0.,1.));
#4229=DIRECTION('',(0.,1.,0.));
#4230=DIRECTION('',(0.,0.,-1.));
#4231=DIRECTION('',(0.,1.,0.));
#4232=DIRECTION('',(0.,0.,-1.));
#4233=DIRECTION('',(0.,1.,0.));
#4234=DIRECTION('',(0.,0.,-1.));
#4235=DIRECTION('',(0.,1.,0.));
#4236=DIRECTION('',(0.,0.,-1.));
#4237=DIRECTION('',(0.,1.,0.));
#4238=DIRECTION('',(0.,0.,-1.));
#4239=DIRECTION('',(0.,-1.,0.));
#4240=DIRECTION('',(0.,0.,-1.));
#4241=DIRECTION('',(0.,-1.,0.));
#4242=DIRECTION('',(0.,0.,-1.));
#4243=DIRECTION('',(0.,-1.,0.));
#4244=DIRECTION('',(0.,0.,-1.));
#4245=DIRECTION('',(0.,-1.,0.));
#4246=DIRECTION('',(0.,0.,-1.));
#4247=DIRECTION('',(0.,-1.,0.));
#4248=DIRECTION('',(0.,0.,-1.));
#4249=DIRECTION('',(0.,-1.,0.));
#4250=DIRECTION('',(0.,0.,-1.));
#4251=DIRECTION('',(0.,-1.,0.));
#4252=DIRECTION('',(0.,0.,-1.));
#4253=DIRECTION('',(0.,-1.,0.));
#4254=DIRECTION('',(0.,0.,-1.));
#4255=DIRECTION('',(0.,-1.,0.));
#4256=DIRECTION('',(0.,0.,-1.));
#4257=DIRECTION('',(0.,-1.,0.));
#4258=DIRECTION('',(0.,0.,-1.));
#4259=DIRECTION('',(0.,1.,0.));
#4260=DIRECTION('',(0.,0.,-1.));
#4261=DIRECTION('',(0.,1.,0.));
#4262=DIRECTION('',(0.,0.,-1.));
#4263=DIRECTION('',(0.,1.,0.));
#4264=DIRECTION('',(0.,0.,-1.));
#4265=DIRECTION('',(0.,1.,0.));
#4266=DIRECTION('',(0.,0.,-1.));
#4267=DIRECTION('',(0.,1.,0.));
#4268=DIRECTION('',(0.,0.,-1.));
#4269=DIRECTION('',(0.,-1.,0.));
#4270=DIRECTION('',(0.,0.,-1.));
#4271=DIRECTION('',(0.,-1.,0.));
#4272=DIRECTION('',(0.,0.,-1.));
#4273=DIRECTION('',(0.,-1.,0.));
#4274=DIRECTION('',(0.,0.,-1.));
#4275=DIRECTION('',(0.711229657913689,0.,-0.702959724098029));
#4276=DIRECTION('',(0.,-1.,0.));
#4277=DIRECTION('',(0.,0.,-1.));
#4278=DIRECTION('',(-1.,0.,0.));
#4279=DIRECTION('',(0.,-1.,0.));
#4280=DIRECTION('',(0.,0.,-1.));
#4281=DIRECTION('',(0.689867765490721,0.,0.723935401908789));
#4282=DIRECTION('',(0.,-1.,0.));
#4283=DIRECTION('',(0.,0.,-1.));
#4284=DIRECTION('',(0.,0.,-1.));
#4285=DIRECTION('',(0.,-1.,0.));
#4286=DIRECTION('',(0.,0.,-1.));
#4287=DIRECTION('',(0.,-1.,0.));
#4288=DIRECTION('',(0.,0.,-1.));
#4289=DIRECTION('',(-1.,0.,0.));
#4290=DIRECTION('',(0.,-1.,0.));
#4291=DIRECTION('',(0.,0.,-1.));
#4292=DIRECTION('',(0.,-1.,0.));
#4293=DIRECTION('',(0.,0.,-1.));
#4294=DIRECTION('',(0.,0.,-1.));
#4295=DIRECTION('',(0.,-1.,0.));
#4296=DIRECTION('',(0.,0.,-1.));
#4297=DIRECTION('',(0.,-1.,0.));
#4298=DIRECTION('',(0.,0.,-1.));
#4299=DIRECTION('',(-1.,0.,0.));
#4300=DIRECTION('',(0.,-1.,0.));
#4301=DIRECTION('',(0.,0.,-1.));
#4302=DIRECTION('',(1.,0.,0.));
#4303=DIRECTION('',(0.714562276363119,0.,0.699571835624304));
#4304=DIRECTION('',(1.,0.,0.));
#4305=DIRECTION('',(-0.712104128784875,0.,0.702073863469887));
#4306=DIRECTION('',(0.,-1.,0.));
#4307=DIRECTION('',(0.,0.,-1.));
#4308=DIRECTION('',(1.,0.,0.));
#4309=DIRECTION('',(0.,-1.,0.));
#4310=DIRECTION('',(0.,0.,-1.));
#4311=DIRECTION('',(0.,0.,1.));
#4312=DIRECTION('',(0.,-1.,0.));
#4313=DIRECTION('',(0.,0.,-1.));
#4314=DIRECTION('',(0.757409988189209,0.,-0.652939591226649));
#4315=DIRECTION('',(0.,-1.,0.));
#4316=DIRECTION('',(0.,0.,-1.));
#4317=DIRECTION('',(1.,0.,0.));
#4318=DIRECTION('',(0.,-1.,0.));
#4319=DIRECTION('',(0.,0.,-1.));
#4320=DIRECTION('',(0.71557427575839,0.,0.698536653206441));
#4321=DIRECTION('',(0.,-1.,0.));
#4322=DIRECTION('',(0.,0.,-1.));
#4323=DIRECTION('',(0.,0.,1.));
#4324=DIRECTION('',(0.,-1.,0.));
#4325=DIRECTION('',(0.,0.,-1.));
#4326=DIRECTION('',(-1.,0.,0.));
#4327=DIRECTION('',(0.,-1.,0.));
#4328=DIRECTION('',(0.,0.,-1.));
#4329=DIRECTION('',(1.,0.,0.));
#4330=DIRECTION('',(0.,-1.,0.));
#4331=DIRECTION('',(0.,0.,-1.));
#4332=DIRECTION('',(-0.717983431856908,0.,0.696060192497012));
#4333=DIRECTION('',(0.,-1.,0.));
#4334=DIRECTION('',(0.,0.,-1.));
#4335=DIRECTION('',(-0.0246838446757776,0.,-0.999695307487247));
#4336=DIRECTION('',(0.,0.,-1.));
#4337=DIRECTION('',(0.,-1.,0.));
#4338=DIRECTION('',(0.,0.,-1.));
#4339=DIRECTION('',(1.,0.,0.));
#4340=DIRECTION('',(0.,-1.,0.));
#4341=DIRECTION('',(0.,0.,-1.));
#4342=DIRECTION('',(0.,-1.,0.));
#4343=DIRECTION('',(0.,0.,-1.));
#4344=DIRECTION('',(0.,-1.,0.));
#4345=DIRECTION('',(0.,0.,-1.));
#4346=DIRECTION('',(1.,0.,0.));
#4347=DIRECTION('',(0.,-1.,0.));
#4348=DIRECTION('',(0.,0.,-1.));
#4349=DIRECTION('',(0.758680790225677,0.,0.651462553446123));
#4350=DIRECTION('',(0.,-1.,0.));
#4351=DIRECTION('',(0.,0.,-1.));
#4352=DIRECTION('',(2.36020195654301E-16,0.,-1.));
#4353=DIRECTION('',(0.,-1.,0.));
#4354=DIRECTION('',(0.,0.,-1.));
#4355=DIRECTION('',(0.,-1.,0.));
#4356=DIRECTION('',(0.,0.,-1.));
#4357=DIRECTION('',(0.,-1.,0.));
#4358=DIRECTION('',(0.,0.,-1.));
#4359=DIRECTION('',(2.36020195654301E-16,0.,-1.));
#4360=DIRECTION('',(0.,-1.,0.));
#4361=DIRECTION('',(0.,0.,-1.));
#4362=DIRECTION('',(0.709677419354839,0.,-0.70452676347876));
#4363=DIRECTION('',(0.700722530448449,0.,-0.713433903961623));
#4364=DIRECTION('',(0.,-1.,0.));
#4365=DIRECTION('',(0.,0.,-1.));
#4366=DIRECTION('',(0.,-1.,0.));
#4367=DIRECTION('',(0.,0.,-1.));
#4368=DIRECTION('',(0.,-1.,0.));
#4369=DIRECTION('',(0.,0.,-1.));
#4370=DIRECTION('',(-0.730925313449419,0.,0.682457461061764));
#4371=DIRECTION('',(0.,-1.,0.));
#4372=DIRECTION('',(0.,0.,-1.));
#4373=DIRECTION('',(-1.,0.,-3.65204942310907E-16));
#4374=DIRECTION('',(0.,-1.,0.));
#4375=DIRECTION('',(0.,0.,-1.));
#4376=DIRECTION('',(-0.730925313449419,0.,-0.682457461061764));
#4377=DIRECTION('',(0.,-1.,0.));
#4378=DIRECTION('',(0.,0.,-1.));
#4379=DIRECTION('',(0.,1.,0.));
#4380=DIRECTION('',(0.,0.,-1.));
#4381=DIRECTION('',(0.,-1.,0.));
#4382=DIRECTION('',(0.,0.,-1.));
#4383=DIRECTION('',(0.70072253044845,0.,0.713433903961623));
#4384=DIRECTION('',(-0.709677419354839,0.,-0.70452676347876));
#4385=DIRECTION('',(0.,1.,0.));
#4386=DIRECTION('',(0.,0.,-1.));
#4387=DIRECTION('',(-2.36020195654301E-16,0.,-1.));
#4388=DIRECTION('',(0.,-1.,0.));
#4389=DIRECTION('',(0.,0.,-1.));
#4390=DIRECTION('',(0.,-1.,0.));
#4391=DIRECTION('',(0.,0.,-1.));
#4392=DIRECTION('',(0.,-1.,0.));
#4393=DIRECTION('',(0.,0.,-1.));
#4394=DIRECTION('',(-2.36020195654301E-16,0.,-1.));
#4395=DIRECTION('',(0.,-1.,0.));
#4396=DIRECTION('',(0.,0.,-1.));
#4397=DIRECTION('',(-0.651462553446123,0.,0.758680790225677));
#4398=DIRECTION('',(0.,-1.,0.));
#4399=DIRECTION('',(0.,0.,-1.));
#4400=DIRECTION('',(1.,0.,0.));
#4401=DIRECTION('',(0.,-1.,0.));
#4402=DIRECTION('',(0.,0.,-1.));
#4403=DIRECTION('',(0.,1.,0.));
#4404=DIRECTION('',(0.,0.,-1.));
#4405=DIRECTION('',(0.,-1.,0.));
#4406=DIRECTION('',(0.,0.,-1.));
#4407=DIRECTION('',(1.,0.,0.));
#4408=DIRECTION('',(-1.06925568855008E-16,0.,-1.));
#4409=DIRECTION('',(0.,1.,0.));
#4410=DIRECTION('',(0.,0.,-1.));
#4411=DIRECTION('',(1.,0.,0.));
#4412=DIRECTION('',(0.,-1.,0.));
#4413=DIRECTION('',(0.,0.,-1.));
#4414=DIRECTION('',(1.06925568855008E-16,0.,-1.));
#4415=DIRECTION('',(1.,0.,0.));
#4416=DIRECTION('',(0.,-1.,0.));
#4417=DIRECTION('',(0.,0.,-1.));
#4418=DIRECTION('',(-0.651462553446123,0.,0.758680790225677));
#4419=DIRECTION('',(0.,-1.,0.));
#4420=DIRECTION('',(0.,0.,-1.));
#4421=DIRECTION('',(0.,1.,0.));
#4422=DIRECTION('',(0.,0.,-1.));
#4423=DIRECTION('',(-1.06925568855008E-16,0.,-1.));
#4424=DIRECTION('',(0.,-1.,0.));
#4425=DIRECTION('',(0.,0.,-1.));
#4426=DIRECTION('',(0.,-1.,0.));
#4427=DIRECTION('',(0.,0.,-1.));
#4428=DIRECTION('',(0.,-1.,0.));
#4429=DIRECTION('',(0.,0.,-1.));
#4430=DIRECTION('',(0.758680790225677,0.,0.651462553446123));
#4431=DIRECTION('',(0.,-1.,0.));
#4432=DIRECTION('',(0.,0.,-1.));
#4433=DIRECTION('',(1.,0.,0.));
#4434=DIRECTION('',(0.,-1.,0.));
#4435=DIRECTION('',(0.,0.,-1.));
#4436=DIRECTION('',(1.06925568855008E-16,0.,-1.));
#4437=DIRECTION('',(-1.,0.,0.));
#4438=DIRECTION('',(0.,-1.,0.));
#4439=DIRECTION('',(0.,0.,-1.));
#4440=DIRECTION('',(-1.,0.,0.));
#4441=DIRECTION('',(0.,-1.,0.));
#4442=DIRECTION('',(0.,0.,-1.));
#4443=DIRECTION('',(0.,-1.,0.));
#4444=DIRECTION('',(0.,0.,-1.));
#4445=DIRECTION('',(0.,-1.,0.));
#4446=DIRECTION('',(0.,-1.,0.));
#4447=DIRECTION('',(0.,0.,1.));
#4448=DIRECTION('',(1.,0.,0.));
#4449=DIRECTION('',(0.,1.,0.));
#4450=DIRECTION('',(0.,1.,0.));
#4451=DIRECTION('',(1.,0.,-2.36020195654301E-16));
#4452=DIRECTION('',(-2.36020195654301E-16,0.,-1.));
#4453=DIRECTION('',(0.,1.,0.));
#4454=DIRECTION('',(0.,-1.,0.));
#4455=DIRECTION('',(0.,0.,1.));
#4456=DIRECTION('',(1.,0.,0.));
#4457=DIRECTION('',(0.,1.,0.));
#4458=DIRECTION('',(0.,1.,0.));
#4459=DIRECTION('',(0.,0.,-1.));
#4460=DIRECTION('',(-1.,0.,0.));
#4461=DIRECTION('',(0.,-1.,0.));
#4462=DIRECTION('',(0.,-1.,0.));
#4463=DIRECTION('',(0.,0.,-1.));
#4464=DIRECTION('',(-1.,0.,0.));
#4465=DIRECTION('',(0.,-1.,0.));
#4466=DIRECTION('',(0.,-1.,0.));
#4467=DIRECTION('',(0.,0.,1.));
#4468=DIRECTION('',(1.,0.,0.));
#4469=DIRECTION('',(0.,-1.,0.));
#4470=DIRECTION('',(0.,1.,0.));
#4471=DIRECTION('',(0.,0.,1.));
#4472=DIRECTION('',(1.,0.,0.));
#4473=DIRECTION('',(0.,1.,0.));
#4474=DIRECTION('',(0.,1.,0.));
#4475=DIRECTION('',(0.,1.,0.));
#4476=DIRECTION('',(0.,0.,1.));
#4477=DIRECTION('',(0.,1.,0.));
#4478=DIRECTION('',(0.,1.,0.));
#4479=DIRECTION('',(0.,1.,0.));
#4480=DIRECTION('',(0.,0.,1.));
#4481=DIRECTION('',(0.,1.,0.));
#4482=DIRECTION('',(0.,0.,1.));
#4483=DIRECTION('',(0.,1.,0.));
#4484=DIRECTION('',(0.,0.,1.));
#4485=DIRECTION('',(0.,1.,0.));
#4486=DIRECTION('',(0.,0.,1.));
#4487=DIRECTION('',(0.,1.,0.));
#4488=DIRECTION('',(0.,0.,1.));
#4489=DIRECTION('',(1.,0.,-1.06925568855008E-16));
#4490=DIRECTION('',(-1.06925568855008E-16,0.,-1.));
#4491=DIRECTION('',(0.,1.,0.));
#4492=DIRECTION('',(0.,1.,0.));
#4493=DIRECTION('',(0.,1.,0.));
#4494=DIRECTION('',(0.,0.,1.));
#4495=DIRECTION('',(0.,1.,0.));
#4496=DIRECTION('',(0.,0.,1.));
#4497=DIRECTION('',(0.,1.,0.));
#4498=DIRECTION('',(0.,0.,1.));
#4499=DIRECTION('',(0.,1.,0.));
#4500=DIRECTION('',(0.,0.,1.));
#4501=DIRECTION('',(0.,1.,0.));
#4502=DIRECTION('',(0.,0.,1.));
#4503=DIRECTION('',(0.,1.,0.));
#4504=DIRECTION('',(0.,0.,1.));
#4505=DIRECTION('',(0.,1.,0.));
#4506=DIRECTION('',(0.,1.,0.));
#4507=DIRECTION('',(-0.682457461061764,0.,-0.730925313449419));
#4508=DIRECTION('',(-0.730925313449419,0.,0.682457461061764));
#4509=DIRECTION('',(0.,1.,0.));
#4510=DIRECTION('',(0.,1.,0.));
#4511=DIRECTION('',(0.713433903961623,0.,0.700722530448449));
#4512=DIRECTION('',(0.700722530448449,0.,-0.713433903961623));
#4513=DIRECTION('',(0.,1.,0.));
#4514=DIRECTION('',(0.,1.,0.));
#4515=DIRECTION('',(0.,1.,0.));
#4516=DIRECTION('',(0.,0.,1.));
#4517=DIRECTION('',(0.,1.,0.));
#4518=DIRECTION('',(0.,0.,1.));
#4519=DIRECTION('',(0.,1.,0.));
#4520=DIRECTION('',(0.,0.,1.));
#4521=DIRECTION('',(0.,1.,0.));
#4522=DIRECTION('',(0.,0.,1.));
#4523=DIRECTION('',(0.,1.,0.));
#4524=DIRECTION('',(0.,0.,1.));
#4525=DIRECTION('',(0.,1.,0.));
#4526=DIRECTION('',(0.,0.,1.));
#4527=DIRECTION('',(0.,1.,0.));
#4528=DIRECTION('',(0.,1.,0.));
#4529=DIRECTION('',(3.65204942310907E-16,0.,-1.));
#4530=DIRECTION('',(-1.,0.,-3.65204942310907E-16));
#4531=DIRECTION('',(0.,1.,0.));
#4532=DIRECTION('',(0.,1.,0.));
#4533=DIRECTION('',(-0.713433903961622,0.,0.70072253044845));
#4534=DIRECTION('',(0.70072253044845,0.,0.713433903961623));
#4535=DIRECTION('',(0.,-1.,0.));
#4536=DIRECTION('',(0.,1.,0.));
#4537=DIRECTION('',(0.682457461061763,0.,-0.730925313449419));
#4538=DIRECTION('',(-0.730925313449419,0.,-0.682457461061764));
#4539=DIRECTION('',(0.,-1.,0.));
#4540=DIRECTION('',(0.,1.,0.));
#4541=DIRECTION('',(0.,1.,0.));
#4542=DIRECTION('',(0.,0.,1.));
#4543=DIRECTION('',(0.,1.,0.));
#4544=DIRECTION('',(0.,0.,1.));
#4545=DIRECTION('',(0.,1.,0.));
#4546=DIRECTION('',(0.,0.,1.));
#4547=DIRECTION('',(0.,1.,0.));
#4548=DIRECTION('',(0.,1.,0.));
#4549=DIRECTION('',(0.,1.,0.));
#4550=DIRECTION('',(0.,0.,1.));
#4551=DIRECTION('',(0.,1.,0.));
#4552=DIRECTION('',(0.,0.,1.));
#4553=DIRECTION('',(0.,1.,0.));
#4554=DIRECTION('',(0.,0.,1.));
#4555=DIRECTION('',(1.,0.,2.36020195654301E-16));
#4556=DIRECTION('',(2.36020195654301E-16,0.,-1.));
#4557=DIRECTION('',(0.,1.,0.));
#4558=DIRECTION('',(0.,1.,0.));
#4559=DIRECTION('',(1.,0.,2.36020195654301E-16));
#4560=DIRECTION('',(2.36020195654301E-16,0.,-1.));
#4561=DIRECTION('',(0.,1.,0.));
#4562=DIRECTION('',(0.,1.,0.));
#4563=DIRECTION('',(1.,0.,-2.36020195654301E-16));
#4564=DIRECTION('',(-2.36020195654301E-16,0.,-1.));
#4565=DIRECTION('',(0.,-1.,0.));
#4566=DIRECTION('',(0.,1.,0.));
#4567=DIRECTION('',(1.,0.,1.06925568855008E-16));
#4568=DIRECTION('',(1.06925568855008E-16,0.,-1.));
#4569=DIRECTION('',(0.,1.,0.));
#4570=DIRECTION('',(0.,1.,0.));
#4571=DIRECTION('',(0.70452676347876,0.,0.709677419354838));
#4572=DIRECTION('',(0.709677419354839,0.,-0.70452676347876));
#4573=DIRECTION('',(0.,1.,0.));
#4574=DIRECTION('',(0.,1.,0.));
#4575=DIRECTION('',(0.,0.,1.));
#4576=DIRECTION('',(0.,1.,0.));
#4577=DIRECTION('',(0.,0.,1.));
#4578=DIRECTION('',(0.,1.,0.));
#4579=DIRECTION('',(0.,1.,0.));
#4580=DIRECTION('',(1.,0.,1.06925568855008E-16));
#4581=DIRECTION('',(1.06925568855008E-16,0.,-1.));
#4582=DIRECTION('',(0.,1.,0.));
#4583=DIRECTION('',(0.,1.,0.));
#4584=DIRECTION('',(0.,0.,1.));
#4585=DIRECTION('',(0.,1.,0.));
#4586=DIRECTION('',(0.,0.,1.));
#4587=DIRECTION('',(1.,0.,0.));
#4588=DIRECTION('',(0.,1.,0.));
#4589=DIRECTION('',(0.,1.,0.));
#4590=DIRECTION('',(0.,0.,1.));
#4591=DIRECTION('',(0.,1.,0.));
#4592=DIRECTION('',(1.,0.,-1.06925568855008E-16));
#4593=DIRECTION('',(-1.06925568855008E-16,0.,-1.));
#4594=DIRECTION('',(0.,1.,0.));
#4595=DIRECTION('',(0.,0.,1.));
#4596=DIRECTION('',(0.,1.,0.));
#4597=DIRECTION('',(0.,1.,0.));
#4598=DIRECTION('',(0.,0.,1.));
#4599=DIRECTION('',(0.,1.,0.));
#4600=DIRECTION('',(0.70452676347876,0.,-0.709677419354838));
#4601=DIRECTION('',(-0.709677419354839,0.,-0.70452676347876));
#4602=DIRECTION('',(0.,0.,1.));
#4603=DIRECTION('',(1.,0.,0.));
#4604=DIRECTION('',(0.,1.,0.));
#4605=DIRECTION('',(0.,0.,1.));
#4606=DIRECTION('',(1.,0.,0.));
#4607=DIRECTION('',(0.,-1.,0.));
#4608=DIRECTION('',(0.,1.,0.));
#4609=DIRECTION('',(0.,1.,0.));
#4610=DIRECTION('',(0.,0.,1.));
#4611=DIRECTION('',(0.,1.,0.));
#4612=DIRECTION('',(0.,1.,0.));
#4613=DIRECTION('',(0.,1.,0.));
#4614=DIRECTION('',(0.,0.,1.));
#4615=DIRECTION('',(0.,1.,0.));
#4616=DIRECTION('',(0.,0.,1.));
#4617=DIRECTION('',(0.,1.,0.));
#4618=DIRECTION('',(0.,0.,1.));
#4619=DIRECTION('',(0.,1.,0.));
#4620=DIRECTION('',(0.,1.,0.));
#4621=DIRECTION('',(0.,-1.,0.));
#4622=DIRECTION('',(0.,0.,-1.));
#4623=DIRECTION('',(0.,1.,0.));
#4624=DIRECTION('',(0.,0.,1.));
#4625=DIRECTION('',(0.,1.,0.));
#4626=DIRECTION('',(0.,0.,1.));
#4627=DIRECTION('',(0.,1.,0.));
#4628=DIRECTION('',(0.,0.,1.));
#4629=DIRECTION('',(0.,1.,0.));
#4630=DIRECTION('',(0.,0.,1.));
#4631=DIRECTION('',(0.,1.,0.));
#4632=DIRECTION('',(0.,0.,1.));
#4633=DIRECTION('',(-1.,0.,0.));
#4634=DIRECTION('',(0.,0.,1.));
#4635=DIRECTION('',(0.,-1.,0.));
#4636=DIRECTION('',(0.,-1.,0.));
#4637=DIRECTION('',(0.,0.,-1.));
#4638=DIRECTION('',(-1.,0.,0.));
#4639=DIRECTION('',(0.,-1.,0.));
#4640=DIRECTION('',(0.,-1.,0.));
#4641=DIRECTION('',(-1.,0.,0.));
#4642=DIRECTION('',(0.,0.,1.));
#4643=DIRECTION('',(0.,-1.,0.));
#4644=DIRECTION('',(0.,-1.,0.));
#4645=DIRECTION('',(0.,0.,-1.));
#4646=DIRECTION('',(-1.,0.,0.));
#4647=DIRECTION('',(0.,-1.,0.));
#4648=DIRECTION('',(0.,-1.,0.));
#4649=DIRECTION('',(-0.653233132337326,0.,-0.757156836340243));
#4650=DIRECTION('',(-0.757156836340243,0.,0.653233132337326));
#4651=DIRECTION('',(0.,-1.,0.));
#4652=DIRECTION('',(0.,-1.,0.));
#4653=DIRECTION('',(-0.653233132337326,0.,0.757156836340243));
#4654=DIRECTION('',(0.757156836340243,0.,0.653233132337326));
#4655=DIRECTION('',(0.,-1.,0.));
#4656=DIRECTION('',(0.,-1.,0.));
#4657=DIRECTION('',(0.653233132337326,0.,0.757156836340243));
#4658=DIRECTION('',(0.757156836340243,0.,-0.653233132337326));
#4659=DIRECTION('',(0.,-1.,0.));
#4660=DIRECTION('',(0.,-1.,0.));
#4661=DIRECTION('',(0.653233132337326,0.,-0.757156836340243));
#4662=DIRECTION('',(-0.757156836340243,0.,-0.653233132337326));
#4663=DIRECTION('',(0.,-1.,0.));
#4664=DIRECTION('',(0.,-1.,0.));
#4665=DIRECTION('',(0.,0.,-1.));
#4666=DIRECTION('',(-1.,0.,0.));
#4667=DIRECTION('',(0.,-1.,0.));
#4668=DIRECTION('',(0.,-1.,0.));
#4669=DIRECTION('',(-1.,0.,0.));
#4670=DIRECTION('',(0.,0.,1.));
#4671=DIRECTION('',(0.,-1.,0.));
#4672=DIRECTION('',(0.,-1.,0.));
#4673=DIRECTION('',(-1.,0.,0.));
#4674=DIRECTION('',(0.,0.,1.));
#4675=DIRECTION('',(0.,-1.,0.));
#4676=DIRECTION('',(0.,-1.,0.));
#4677=DIRECTION('',(0.,0.,1.));
#4678=DIRECTION('',(1.,0.,0.));
#4679=DIRECTION('',(0.,1.,0.));
#4680=DIRECTION('',(0.,-1.,0.));
#4681=DIRECTION('',(0.,0.,-1.));
#4682=DIRECTION('',(-1.,0.,0.));
#4683=DIRECTION('',(0.,1.,0.));
#4684=DIRECTION('',(0.,-1.,0.));
#4685=DIRECTION('',(-0.702959724098029,0.,-0.711229657913689));
#4686=DIRECTION('',(-0.711229657913689,0.,0.702959724098029));
#4687=DIRECTION('',(0.,-1.,0.));
#4688=DIRECTION('',(0.,-1.,0.));
#4689=DIRECTION('',(0.,0.,1.));
#4690=DIRECTION('',(1.,0.,0.));
#4691=DIRECTION('',(0.,-1.,0.));
#4692=DIRECTION('',(0.,-1.,0.));
#4693=DIRECTION('',(0.723935401908789,0.,-0.689867765490721));
#4694=DIRECTION('',(-0.689867765490721,0.,-0.723935401908789));
#4695=DIRECTION('',(0.,-1.,0.));
#4696=DIRECTION('',(0.,-1.,0.));
#4697=DIRECTION('',(-1.,0.,0.));
#4698=DIRECTION('',(0.,0.,1.));
#4699=DIRECTION('',(0.,-1.,0.));
#4700=DIRECTION('',(0.,-1.,0.));
#4701=DIRECTION('',(0.,0.,1.));
#4702=DIRECTION('',(1.,0.,0.));
#4703=DIRECTION('',(0.,-1.,0.));
#4704=DIRECTION('',(0.,-1.,0.));
#4705=DIRECTION('',(-1.,0.,0.));
#4706=DIRECTION('',(0.,0.,1.));
#4707=DIRECTION('',(0.,-1.,0.));
#4708=DIRECTION('',(0.,-1.,0.));
#4709=DIRECTION('',(0.,0.,-1.));
#4710=DIRECTION('',(-1.,0.,0.));
#4711=DIRECTION('',(0.,-1.,0.));
#4712=DIRECTION('',(0.,-1.,0.));
#4713=DIRECTION('',(1.,0.,0.));
#4714=DIRECTION('',(0.,0.,-1.));
#4715=DIRECTION('',(0.,-1.,0.));
#4716=DIRECTION('',(0.,-1.,0.));
#4717=DIRECTION('',(-0.652939591226649,0.,-0.757409988189209));
#4718=DIRECTION('',(-0.757409988189209,0.,0.652939591226649));
#4719=DIRECTION('',(0.,-1.,0.));
#4720=DIRECTION('',(0.,-1.,0.));
#4721=DIRECTION('',(0.,0.,-1.));
#4722=DIRECTION('',(-1.,0.,0.));
#4723=DIRECTION('',(0.,-1.,0.));
#4724=DIRECTION('',(0.,-1.,0.));
#4725=DIRECTION('',(0.698536653206441,0.,-0.71557427575839));
#4726=DIRECTION('',(-0.71557427575839,0.,-0.698536653206441));
#4727=DIRECTION('',(0.,-1.,0.));
#4728=DIRECTION('',(0.,-1.,0.));
#4729=DIRECTION('',(1.,0.,0.));
#4730=DIRECTION('',(0.,0.,-1.));
#4731=DIRECTION('',(0.,-1.,0.));
#4732=DIRECTION('',(0.,-1.,0.));
#4733=DIRECTION('',(0.,0.,1.));
#4734=DIRECTION('',(1.,0.,0.));
#4735=DIRECTION('',(0.,-1.,0.));
#4736=DIRECTION('',(0.,-1.,0.));
#4737=DIRECTION('',(0.,-1.,0.));
#4738=DIRECTION('',(0.,0.,-1.));
#4739=DIRECTION('',(0.,-1.,0.));
#4740=DIRECTION('',(0.,-1.,0.));
#4741=DIRECTION('',(0.702073863469887,0.,0.712104128784875));
#4742=DIRECTION('',(0.712104128784875,0.,-0.702073863469887));
#4743=DIRECTION('',(0.,-1.,0.));
#4744=DIRECTION('',(0.699571835624304,0.,-0.714562276363119));
#4745=DIRECTION('',(-0.714562276363119,0.,-0.699571835624304));
#4746=DIRECTION('',(0.,-1.,0.));
#4747=DIRECTION('',(-1.,0.,0.));
#4748=DIRECTION('',(0.,0.,1.));
#4749=DIRECTION('',(0.,-1.,0.));
#4750=DIRECTION('',(0.,-1.,0.));
#4751=DIRECTION('',(-0.999956923040247,0.,0.00928181360953104));
#4752=DIRECTION('',(0.00928181360953104,0.,0.999956923040247));
#4753=DIRECTION('',(0.,-1.,0.));
#4754=DIRECTION('',(0.677776647011749,0.,-0.735267853755019));
#4755=DIRECTION('',(-0.735267853755019,0.,-0.677776647011749));
#4756=DIRECTION('',(0.,-1.,0.));
#4757=DIRECTION('',(0.,-1.,0.));
#4758=DIRECTION('',(0.,0.,1.));
#4759=DIRECTION('',(1.,0.,0.));
#4760=DIRECTION('',(0.,-1.,0.));
#4761=DIRECTION('',(0.,-1.,0.));
#4762=DIRECTION('',(-0.999695307487247,0.,0.0246838446757776));
#4763=DIRECTION('',(0.0246838446757776,0.,0.999695307487247));
#4764=DIRECTION('',(0.,-1.,0.));
#4765=DIRECTION('',(0.,-1.,0.));
#4766=DIRECTION('',(-1.,0.,0.));
#4767=DIRECTION('',(0.,0.,1.));
#4768=DIRECTION('',(0.,-1.,0.));
#4769=DIRECTION('',(0.,0.,-1.));
#4770=DIRECTION('',(-1.,0.,0.));
#4771=DIRECTION('',(0.,-1.,0.));
#4772=DIRECTION('',(0.,-1.,0.));
#4773=DIRECTION('',(0.696060192497012,0.,0.717983431856908));
#4774=DIRECTION('',(0.717983431856908,0.,-0.696060192497012));
#4775=DIRECTION('',(0.,-1.,0.));
#4776=DIRECTION('',(0.,-1.,0.));
#4777=DIRECTION('',(-0.758680790225677,0.,-0.651462553446123));
#4778=DIRECTION('',(-0.651462553446123,0.,0.758680790225677));
#4779=DIRECTION('',(0.,1.,0.));
#4780=DIRECTION('',(0.,1.,0.));
#4781=DIRECTION('',(-0.758680790225677,0.,-0.651462553446123));
#4782=DIRECTION('',(-0.651462553446123,0.,0.758680790225677));
#4783=DIRECTION('',(0.,1.,0.));
#4784=DIRECTION('',(0.,-1.,0.));
#4785=DIRECTION('',(-0.651462553446123,0.,0.758680790225677));
#4786=DIRECTION('',(0.758680790225677,0.,0.651462553446123));
#4787=DIRECTION('',(0.,1.,0.));
#4788=DIRECTION('',(0.,-1.,0.));
#4789=DIRECTION('',(-0.651462553446123,0.,0.758680790225677));
#4790=DIRECTION('',(0.758680790225677,0.,0.651462553446123));
#4791=DIRECTION('',(0.,1.,0.));
#4792=DIRECTION('',(0.,1.,0.));
#4793=DIRECTION('',(0.,-1.,0.));
#4794=DIRECTION('',(0.,0.,-1.));
#4795=DIRECTION('',(0.,-1.,0.));
#4796=DIRECTION('',(0.,0.,-1.));
#4797=DIRECTION('',(0.,1.,0.));
#4798=DIRECTION('',(0.,0.,1.));
#4799=DIRECTION('',(0.,1.,0.));
#4800=DIRECTION('',(0.,0.,1.));
#4801=DIRECTION('',(0.,1.,0.));
#4802=DIRECTION('',(0.,0.,1.));
#4803=DIRECTION('',(0.,1.,0.));
#4804=DIRECTION('',(0.,0.,1.));
#4805=DIRECTION('',(0.,1.,0.));
#4806=DIRECTION('',(0.,0.,1.));
#4807=DIRECTION('',(0.,1.,0.));
#4808=DIRECTION('',(0.,0.,1.));
#4809=DIRECTION('',(0.,1.,0.));
#4810=DIRECTION('',(0.,0.,1.));
#4811=DIRECTION('',(0.,1.,0.));
#4812=DIRECTION('',(0.,0.,1.));
#4813=DIRECTION('',(0.,1.,0.));
#4814=DIRECTION('',(0.,0.,1.));
#4815=DIRECTION('',(0.,1.,0.));
#4816=DIRECTION('',(0.,0.,1.));
#4817=DIRECTION('',(0.,-1.,0.));
#4818=DIRECTION('',(0.,0.,-1.));
#4819=DIRECTION('',(0.,1.,0.));
#4820=DIRECTION('',(0.,0.,1.));
#4821=DIRECTION('',(0.,1.,0.));
#4822=DIRECTION('',(0.,0.,1.));
#4823=DIRECTION('',(0.,1.,0.));
#4824=DIRECTION('',(0.,-1.,0.));
#4825=DIRECTION('',(0.,0.,-1.));
#4826=DIRECTION('',(0.,-1.,0.));
#4827=DIRECTION('',(0.,1.,0.));
#4828=DIRECTION('',(0.,0.,1.));
#4829=DIRECTION('',(0.,-1.,0.));
#4830=DIRECTION('',(0.,0.,-1.));
#4831=DIRECTION('',(0.,1.,0.));
#4832=DIRECTION('',(0.,0.,1.));
#4833=DIRECTION('',(0.,1.,0.));
#4834=DIRECTION('',(0.,0.,1.));
#4835=DIRECTION('',(0.,1.,0.));
#4836=DIRECTION('',(0.,0.,1.));
#4837=DIRECTION('',(0.,-1.,0.));
#4838=DIRECTION('',(0.,0.,-1.));
#4839=DIRECTION('',(0.,1.,0.));
#4840=DIRECTION('',(0.,0.,1.));
#4841=DIRECTION('',(0.,-1.,0.));
#4842=DIRECTION('',(0.,0.,-1.));
#4843=DIRECTION('',(0.,-1.,0.));
#4844=DIRECTION('',(0.,0.,-1.));
#4845=DIRECTION('',(0.,1.,0.));
#4846=DIRECTION('',(0.,0.,1.));
#4847=DIRECTION('',(0.,1.,0.));
#4848=DIRECTION('',(0.,0.,1.));
#4849=DIRECTION('',(0.,1.,0.));
#4850=DIRECTION('',(0.,0.,1.));
#4851=DIRECTION('',(0.,1.,0.));
#4852=DIRECTION('',(0.,0.,1.));
#4853=DIRECTION('',(0.,-1.,0.));
#4854=DIRECTION('',(0.,0.,-1.));
#4855=DIRECTION('',(0.,-1.,0.));
#4856=DIRECTION('',(0.,0.,-1.));
#4857=DIRECTION('',(0.,-1.,0.));
#4858=DIRECTION('',(0.,0.,-1.));
#4859=DIRECTION('',(0.,1.,0.));
#4860=DIRECTION('',(0.,0.,1.));
#4861=DIRECTION('',(0.,1.,0.));
#4862=DIRECTION('',(0.,-1.,0.));
#4863=DIRECTION('',(0.,0.,-1.));
#4864=DIRECTION('',(0.,-1.,0.));
#4865=DIRECTION('',(0.,0.,-1.));
#4866=DIRECTION('',(0.,-1.,0.));
#4867=DIRECTION('',(0.,-1.,0.));
#4868=DIRECTION('',(0.,0.,-1.));
#4869=DIRECTION('',(0.,-1.,0.));
#4870=DIRECTION('',(0.,0.,-1.));
#4871=DIRECTION('',(0.,-1.,0.));
#4872=DIRECTION('',(0.,0.,-1.));
#4873=DIRECTION('',(0.,-1.,0.));
#4874=DIRECTION('',(0.,0.,-1.));
#4875=DIRECTION('',(0.,1.,0.));
#4876=DIRECTION('',(0.,0.,1.));
#4877=DIRECTION('',(0.,1.,0.));
#4878=DIRECTION('',(0.,0.,1.));
#4879=DIRECTION('',(0.,-1.,0.));
#4880=DIRECTION('',(0.,0.,-1.));
#4881=DIRECTION('',(0.,1.,0.));
#4882=DIRECTION('',(0.,0.,1.));
#4883=DIRECTION('',(0.,1.,0.));
#4884=DIRECTION('',(0.,0.,1.));
#4885=DIRECTION('',(0.,1.,0.));
#4886=DIRECTION('',(0.,0.,1.));
#4887=DIRECTION('',(0.,1.,0.));
#4888=DIRECTION('',(0.,0.,1.));
#4889=DIRECTION('',(0.,1.,0.));
#4890=DIRECTION('',(0.,0.,1.));
#4891=DIRECTION('',(0.,1.,0.));
#4892=DIRECTION('',(0.,0.,1.));
#4893=DIRECTION('',(0.,-1.,0.));
#4894=DIRECTION('',(0.,0.,-1.));
#4895=DIRECTION('',(0.,1.,0.));
#4896=DIRECTION('',(0.,0.,1.));
#4897=DIRECTION('',(0.,1.,0.));
#4898=DIRECTION('',(0.,0.,1.));
#4899=DIRECTION('',(0.,1.,0.));
#4900=DIRECTION('',(0.,0.,1.));
#4901=DIRECTION('',(0.,-1.,0.));
#4902=DIRECTION('',(0.,0.,-1.));
#4903=DIRECTION('',(0.,-1.,0.));
#4904=DIRECTION('',(0.,0.,-1.));
#4905=DIRECTION('',(0.,1.,0.));
#4906=DIRECTION('',(0.,0.,1.));
#4907=DIRECTION('',(0.,1.,0.));
#4908=DIRECTION('',(0.,0.,1.));
#4909=DIRECTION('',(0.,1.,0.));
#4910=DIRECTION('',(0.,0.,1.));
#4911=DIRECTION('',(0.,1.,0.));
#4912=DIRECTION('',(0.,0.,1.));
#4913=DIRECTION('',(0.,-1.,0.));
#4914=DIRECTION('',(0.,0.,-1.));
#4915=DIRECTION('',(0.,-1.,0.));
#4916=DIRECTION('',(0.,-1.,0.));
#4917=DIRECTION('',(0.,0.,1.));
#4918=DIRECTION('',(1.,0.,0.));
#4919=DIRECTION('',(0.,0.,1.));
#4920=DIRECTION('',(1.,0.,0.));
#4921=DIRECTION('',(0.,-1.,0.));
#4922=DIRECTION('',(0.,0.,-1.));
#4923=DIRECTION('',(0.,-1.,0.));
#4924=DIRECTION('',(0.,-1.,0.));
#4925=DIRECTION('',(0.,0.,1.));
#4926=DIRECTION('',(1.,0.,0.));
#4927=DIRECTION('',(0.,0.,-1.));
#4928=DIRECTION('',(-1.,0.,0.));
#4929=DIRECTION('',(0.,-1.,0.));
#4930=DIRECTION('',(0.,0.,-1.));
#4931=DIRECTION('',(0.,-1.,0.));
#4932=DIRECTION('',(0.,0.,-1.));
#4933=CARTESIAN_POINT('',(0.,0.,0.));
#4934=CARTESIAN_POINT('',(-0.000134212023395405,-0.003,-0.0054999080805495));
#4935=CARTESIAN_POINT('',(-0.00644417206845085,-0.003,0.0330159103472406));
#4936=CARTESIAN_POINT('',(-0.00644417206845085,-0.003,0.0319659103472406));
#4937=CARTESIAN_POINT('',(0.00705555059117926,-0.003,0.0329293764632987));
#4938=CARTESIAN_POINT('',(0.00705555059117926,-0.003,0.0318793764632987));
#4939=CARTESIAN_POINT('',(-0.00779646534025669,-0.003,-0.0309334873080254));
#4940=CARTESIAN_POINT('',(-0.00674646534025669,-0.003,-0.0309334873080254));
#4941=CARTESIAN_POINT('',(-0.00884646534025669,-0.003,-0.0309334873080254));
#4942=CARTESIAN_POINT('',(-0.00674646534025669,-0.003,-0.0319834873080254));
#4943=CARTESIAN_POINT('',(-0.00674646534025669,-0.003,-0.0330334873080253));
#4944=CARTESIAN_POINT('',(-0.00779646534025669,-0.003,-0.0330334873080253));
#4945=CARTESIAN_POINT('',(-0.00884646534025669,-0.003,-0.0330334873080253));
#4946=CARTESIAN_POINT('',(-0.00884646534025669,-0.003,-0.0319834873080254));
#4947=CARTESIAN_POINT('',(0.0532939343548639,-0.003,0.0320800300687551));
#4948=CARTESIAN_POINT('',(0.0482659590106923,-0.003,0.0272097668378402));
#4949=CARTESIAN_POINT('',(0.0485671270690192,-0.003,0.0372431001711735));
#4950=CARTESIAN_POINT('',(0.0431650615994825,-0.003,0.0431437517167945));
#4951=CARTESIAN_POINT('',(0.0431650615994825,-0.003,0.0351437517167945));
#4952=CARTESIAN_POINT('',(0.0303657879766046,-0.003,0.0351437517167945));
#4953=CARTESIAN_POINT('',(0.014,-0.003,0.0351437517167945));
#4954=CARTESIAN_POINT('',(0.014,-0.003,0.0356727639679836));
#4955=CARTESIAN_POINT('',(0.014,-0.003,0.0518964183712545));
#4956=CARTESIAN_POINT('',(0.0103786796564404,-0.003,0.0518964183712545));
#4957=CARTESIAN_POINT('',(0.0103786796564404,-0.003,0.0555177387148142));
#4958=CARTESIAN_POINT('',(0.00518933982822017,-0.003,0.0555177387148142));
#4959=CARTESIAN_POINT('',(-0.0103786796564404,-0.003,0.0555177387148142));
#4960=CARTESIAN_POINT('',(-0.0103786796564404,-0.003,0.0518964183712545));
#4961=CARTESIAN_POINT('',(-0.014,-0.003,0.0518964183712545));
#4962=CARTESIAN_POINT('',(-0.014,-0.003,0.0356727639679836));
#4963=CARTESIAN_POINT('',(-0.014,-0.003,0.0351437517167944));
#4964=CARTESIAN_POINT('',(-0.0305,-0.003,0.0351437517167944));
#4965=CARTESIAN_POINT('',(-0.0431650615994824,-0.003,0.0351437517167944));
#4966=CARTESIAN_POINT('',(-0.0431650615994824,-0.003,0.0431437517167944));
#4967=CARTESIAN_POINT('',(-0.0485671270690192,-0.003,0.0372431001711735));
#4968=CARTESIAN_POINT('',(-0.0532939343548639,-0.003,0.0320800300687551));
#4969=CARTESIAN_POINT('',(-0.0482659590106923,-0.003,0.0272097668378402));
#4970=CARTESIAN_POINT('',(-0.0425197014744962,-0.003,0.0216437517167945));
#4971=CARTESIAN_POINT('',(-0.0425197014744962,-0.003,0.0296437517167944));
#4972=CARTESIAN_POINT('',(-0.0305,-0.003,0.0296437517167944));
#4973=CARTESIAN_POINT('',(-0.0380476124383458,-0.003,0.0296437517167944));
#4974=CARTESIAN_POINT('',(-0.0380476124383458,-0.003,0.0156437517167945));
#4975=CARTESIAN_POINT('',(-0.0274260813751863,-0.003,0.0247642274650402));
#4976=CARTESIAN_POINT('',(-0.0238080109106461,-0.003,0.0205506920214307));
#4977=CARTESIAN_POINT('',(-0.0172065960488717,-0.003,0.0128628109337991));
#4978=CARTESIAN_POINT('',(-0.021,-0.003,0.00960549816656851));
#4979=CARTESIAN_POINT('',(-0.016,-0.003,0.00960549816656851));
#4980=CARTESIAN_POINT('',(-0.016,-0.003,0.00281795023978333));
#4981=CARTESIAN_POINT('',(-0.016,-0.003,0.00682649139748963));
#4982=CARTESIAN_POINT('',(-0.02051458,-0.003,0.00682649139748963));
#4983=CARTESIAN_POINT('',(-0.0189705354473349,-0.003,0.00258416196711943));
#4984=CARTESIAN_POINT('',(-0.01803,-0.003,2.37642711374544E-18));
#4985=CARTESIAN_POINT('',(-0.0189705354473349,-0.003,-0.00258416196711943));
#4986=CARTESIAN_POINT('',(-0.02051458,-0.003,-0.00682649139748963));
#4987=CARTESIAN_POINT('',(-0.016,-0.003,-0.00682649139748963));
#4988=CARTESIAN_POINT('',(-0.016,-0.003,0.00281795023978333));
#4989=CARTESIAN_POINT('',(-0.016,-0.003,-0.0118818382352475));
#4990=CARTESIAN_POINT('',(-0.017442115995405,-0.003,-0.0118818382352475));
#4991=CARTESIAN_POINT('',(-0.0164261066806014,-0.003,-0.0129052753932769));
#4992=CARTESIAN_POINT('',(-0.0272130533403007,-0.003,-0.0236139331731522));
#4993=CARTESIAN_POINT('',(-0.038,-0.003,-0.0343225909530274));
#4994=CARTESIAN_POINT('',(-0.0420209554761162,-0.003,-0.0384164880925207));
#4995=CARTESIAN_POINT('',(-0.0431341746303381,-0.003,-0.0395499014660754));
#4996=CARTESIAN_POINT('',(-0.0488416458620311,-0.003,-0.0339441212224879));
#4997=CARTESIAN_POINT('',(-0.0488195048520766,-0.003,-0.0419440905834091));
#4998=CARTESIAN_POINT('',(-0.0488001314683665,-0.003,-0.0489440637742152));
#4999=CARTESIAN_POINT('',(-0.0418003931327467,-0.003,-0.0490045884208781));
#5000=CARTESIAN_POINT('',(-0.0338006921777525,-0.003,-0.0490737594456357));
#5001=CARTESIAN_POINT('',(-0.0392603518662466,-0.003,-0.0432263569380403));
#5002=CARTESIAN_POINT('',(-0.0360544929867364,-0.003,-0.0402330794154604));
#5003=CARTESIAN_POINT('',(-0.0340470079549409,-0.003,-0.0383587112512861));
#5004=CARTESIAN_POINT('',(-0.0238101460390144,-0.003,-0.0493225909530274));
#5005=CARTESIAN_POINT('',(-0.0238101460390144,-0.003,-0.0343225909530274));
#5006=CARTESIAN_POINT('',(0.019,-0.003,-0.0343225909530274));
#5007=CARTESIAN_POINT('',(0.0238101460390144,-0.003,-0.0343225909530274));
#5008=CARTESIAN_POINT('',(0.0238101460390144,-0.003,-0.0493225909530274));
#5009=CARTESIAN_POINT('',(0.0340470079549409,-0.003,-0.0383587112512861));
#5010=CARTESIAN_POINT('',(0.0360544929867364,-0.003,-0.0402330794154604));
#5011=CARTESIAN_POINT('',(0.0392603518662466,-0.003,-0.0432263569380403));
#5012=CARTESIAN_POINT('',(0.0338006921777525,-0.003,-0.0490737594456357));
#5013=CARTESIAN_POINT('',(0.0418003931327467,-0.003,-0.0490045884208781));
#5014=CARTESIAN_POINT('',(0.0488001314683665,-0.003,-0.0489440637742152));
#5015=CARTESIAN_POINT('',(0.0488195048520767,-0.003,-0.0419440905834091));
#5016=CARTESIAN_POINT('',(0.0488416458620311,-0.003,-0.0339441212224879));
#5017=CARTESIAN_POINT('',(0.0431341746303381,-0.003,-0.0395499014660755));
#5018=CARTESIAN_POINT('',(0.0420209554761162,-0.003,-0.0384164880925207));
#5019=CARTESIAN_POINT('',(0.038,-0.003,-0.0343225909530274));
#5020=CARTESIAN_POINT('',(0.0272130533403007,-0.003,-0.0236139331731522));
#5021=CARTESIAN_POINT('',(0.0164261066806014,-0.003,-0.0129052753932769));
#5022=CARTESIAN_POINT('',(0.017442115995405,-0.003,-0.0118818382352475));
#5023=CARTESIAN_POINT('',(0.016,-0.003,-0.0118818382352475));
#5024=CARTESIAN_POINT('',(0.016,-0.003,0.00281795023978333));
#5025=CARTESIAN_POINT('',(0.016,-0.003,-0.00682649139748963));
#5026=CARTESIAN_POINT('',(0.02051458,-0.003,-0.00682649139748963));
#5027=CARTESIAN_POINT('',(0.0189705354473349,-0.003,-0.00258416196711943));
#5028=CARTESIAN_POINT('',(0.01803,-0.003,1.68388934882761E-19));
#5029=CARTESIAN_POINT('',(0.0189705354473349,-0.003,0.00258416196711943));
#5030=CARTESIAN_POINT('',(0.02051458,-0.003,0.00682649139748963));
#5031=CARTESIAN_POINT('',(0.016,-0.003,0.00682649139748963));
#5032=CARTESIAN_POINT('',(0.016,-0.003,0.00281795023978333));
#5033=CARTESIAN_POINT('',(0.016,-0.003,0.00994843248384824));
#5034=CARTESIAN_POINT('',(0.021,-0.003,0.00994843248384824));
#5035=CARTESIAN_POINT('',(0.0177426872327694,-0.003,0.0137418364349766));
#5036=CARTESIAN_POINT('',(0.0261308763311143,-0.003,0.0209445904247952));
#5037=CARTESIAN_POINT('',(0.0323272525605784,-0.003,0.0262652827799539));
#5038=CARTESIAN_POINT('',(0.0414477283088241,-0.003,0.0156437517167945));
#5039=CARTESIAN_POINT('',(0.0414477283088241,-0.003,0.0296437517167944));
#5040=CARTESIAN_POINT('',(0.0303657879766046,-0.003,0.0296437517167944));
#5041=CARTESIAN_POINT('',(0.0425197014744962,-0.003,0.0296437517167944));
#5042=CARTESIAN_POINT('',(0.0425197014744962,-0.003,0.0216437517167945));
#5043=CARTESIAN_POINT('',(-0.0159313708498985,-0.003,0.0194491095647127));
#5044=CARTESIAN_POINT('',(-0.014,-0.003,0.0194491095647127));
#5045=CARTESIAN_POINT('',(-0.0155646498887548,-0.003,0.0175528740581114));
#5046=CARTESIAN_POINT('',(-0.0156779909514406,-0.003,0.0181389364057624));
#5047=CARTESIAN_POINT('',(-0.0161308638233714,-0.003,0.017750064404078));
#5048=CARTESIAN_POINT('',(-0.0211375415445863,-0.003,0.0235807452158043));
#5049=CARTESIAN_POINT('',(-0.0238528694702714,-0.003,0.0267429640194536));
#5050=CARTESIAN_POINT('',(-0.0225202495462513,-0.003,0.0278872555181445));
#5051=CARTESIAN_POINT('',(-0.0225202495462513,-0.003,0.0296437517167944));
#5052=CARTESIAN_POINT('',(-0.0305,-0.003,0.0296437517167944));
#5053=CARTESIAN_POINT('',(-0.0164142135623731,-0.003,0.0296437517167944));
#5054=CARTESIAN_POINT('',(-0.0164142135623731,-0.003,0.0272295381544213));
#5055=CARTESIAN_POINT('',(-0.014,-0.003,0.0272295381544213));
#5056=CARTESIAN_POINT('',(-0.014,-0.003,0.0356727639679836));
#5057=CARTESIAN_POINT('',(0.0230608610410253,-0.003,0.0235807452158043));
#5058=CARTESIAN_POINT('',(0.0161767650733269,-0.003,0.0176695230060645));
#5059=CARTESIAN_POINT('',(0.0265241967160128,-0.003,0.0265546355941244));
#5060=CARTESIAN_POINT('',(0.0157878930716425,-0.003,0.0181223958779953));
#5061=CARTESIAN_POINT('',(0.0157237130638427,-0.003,0.0175289346758736));
#5062=CARTESIAN_POINT('',(0.0159313708498985,-0.003,0.0194491095647127));
#5063=CARTESIAN_POINT('',(0.014,-0.003,0.0194491095647127));
#5064=CARTESIAN_POINT('',(0.014,-0.003,0.0356727639679836));
#5065=CARTESIAN_POINT('',(0.014,-0.003,0.0272295381544213));
#5066=CARTESIAN_POINT('',(0.0164142135623731,-0.003,0.0272295381544213));
#5067=CARTESIAN_POINT('',(0.0164142135623731,-0.003,0.0296437517167944));
#5068=CARTESIAN_POINT('',(0.0303657879766046,-0.003,0.0296437517167944));
#5069=CARTESIAN_POINT('',(0.0253799052173219,-0.003,0.0296437517167944));
#5070=CARTESIAN_POINT('',(0.0253799052173219,-0.003,0.0278872555181445));
#5071=CARTESIAN_POINT('',(0.0105858747847378,-0.003,-0.017804428935051));
#5072=CARTESIAN_POINT('',(0.0105442345289794,-0.003,-0.0194908586153164));
#5073=CARTESIAN_POINT('',(0.0105429729446769,-0.003,-0.0195419527590275));
#5074=CARTESIAN_POINT('',(0.0120437774902102,-0.003,-0.0195278843823301));
#5075=CARTESIAN_POINT('',(0.0130878677789558,-0.003,-0.0184509092345447));
#5076=CARTESIAN_POINT('',(0.0190589874982834,-0.003,-0.0242397040128708));
#5077=CARTESIAN_POINT('',(0.0248310583425566,-0.003,-0.0298355277668817));
#5078=CARTESIAN_POINT('',(0.0237869680538111,-0.003,-0.0309125029146671));
#5079=CARTESIAN_POINT('',(0.0237869680538111,-0.003,-0.0324125029146672));
#5080=CARTESIAN_POINT('',(0.0190160856582225,-0.003,-0.0324125029146672));
#5081=CARTESIAN_POINT('',(0.0120429729446769,-0.003,-0.0324125029146672));
#5082=CARTESIAN_POINT('',(0.0120429729446769,-0.003,-0.0309125029146671));
#5083=CARTESIAN_POINT('',(0.0105429729446769,-0.003,-0.0309125029146671));
#5084=CARTESIAN_POINT('',(0.0105429729446769,-0.003,-0.0259772278368473));
#5085=CARTESIAN_POINT('',(-3.13487728097021E-6,-0.003,0.0206736082805932));
#5086=CARTESIAN_POINT('',(8.37723016896318E-5,-0.003,0.0206736082805932));
#5087=CARTESIAN_POINT('',(0.000124466678391888,-0.003,0.0206736082805932));
#5088=CARTESIAN_POINT('',(8.37723016896318E-5,-0.003,0.0179696890907353));
#5089=CARTESIAN_POINT('',(-0.00229358442393771,-0.003,0.0192578482363365));
#5090=CARTESIAN_POINT('',(-0.00467094186186327,-0.003,0.0205460077678931));
#5091=CARTESIAN_POINT('',(-0.00467094186186327,-0.003,0.0178420877678931));
#5092=CARTESIAN_POINT('',(-0.00682452663206466,-0.003,0.0178420877678931));
#5093=CARTESIAN_POINT('',(-0.00764900738863875,-0.003,0.0178420877678931));
#5094=CARTESIAN_POINT('',(-0.00764900738863875,-0.003,0.0212219867552155));
#5095=CARTESIAN_POINT('',(-0.0110289063759611,-0.003,0.0212219867552155));
#5096=CARTESIAN_POINT('',(-0.0110289063759611,-0.003,0.0251586799986938));
#5097=CARTESIAN_POINT('',(-0.0110289063759611,-0.003,0.0262638527294721));
#5098=CARTESIAN_POINT('',(-0.00764900738863875,-0.003,0.0262638527294721));
#5099=CARTESIAN_POINT('',(-0.00764900738863875,-0.003,0.0296437517167944));
#5100=CARTESIAN_POINT('',(-3.13487728097021E-6,-0.003,0.0296437517167944));
#5101=CARTESIAN_POINT('',(0.00764273763407681,-0.003,0.0296437517167944));
#5102=CARTESIAN_POINT('',(0.00764273763407681,-0.003,0.0262638527294721));
#5103=CARTESIAN_POINT('',(0.0110226366213991,-0.003,0.0262638527294721));
#5104=CARTESIAN_POINT('',(0.0110226366213991,-0.003,0.0251586799986938));
#5105=CARTESIAN_POINT('',(0.0110226366213991,-0.003,0.0211361821437709));
#5106=CARTESIAN_POINT('',(0.00764273763407681,-0.003,0.0211361821437709));
#5107=CARTESIAN_POINT('',(0.00764273763407681,-0.003,0.0177562831564487));
#5108=CARTESIAN_POINT('',(0.00692551124482445,-0.003,0.0177562831564487));
#5109=CARTESIAN_POINT('',(0.00492468171439254,-0.003,0.0177562831564487));
#5110=CARTESIAN_POINT('',(0.00492468171439254,-0.003,0.0204602031564487));
#5111=CARTESIAN_POINT('',(0.00252457383683489,-0.003,0.0192149459370415));
#5112=CARTESIAN_POINT('',(0.000124466678391888,-0.003,0.0179696890907353));
#5113=CARTESIAN_POINT('',(-2.16840434497101E-19,-0.003,-0.01803));
#5114=CARTESIAN_POINT('',(-2.16840434497101E-19,-0.003,-0.01908));
#5115=CARTESIAN_POINT('',(-0.0532939343548639,-0.003,0.0320800300687551));
#5116=CARTESIAN_POINT('',(-0.0532939343548639,-0.003,0.0295794207816757));
#5117=CARTESIAN_POINT('',(-0.0564450570079019,-0.003,0.0352925720568871));
#5118=CARTESIAN_POINT('',(-0.0564450570079019,-0.003,0.0342925720568871));
#5119=CARTESIAN_POINT('',(-0.0501428117018258,-0.003,0.0288674880806233));
#5120=CARTESIAN_POINT('',(-0.0501428117018258,-0.003,0.0278674880806233));
#5121=CARTESIAN_POINT('',(-0.0565064763429958,-0.003,0.0289289074157171));
#5122=CARTESIAN_POINT('',(-0.0565064763429958,-0.003,0.0279289074157171));
#5123=CARTESIAN_POINT('',(-0.050081392366732,-0.003,0.0352311527217932));
#5124=CARTESIAN_POINT('',(-0.050081392366732,-0.003,0.0342311527217932));
#5125=CARTESIAN_POINT('',(0.0532939343548639,-0.003,0.0320800300687551));
#5126=CARTESIAN_POINT('',(0.0532939343548639,-0.003,0.0295794207816757));
#5127=CARTESIAN_POINT('',(0.050081392366732,-0.003,0.0352311527217932));
#5128=CARTESIAN_POINT('',(0.050081392366732,-0.003,0.0342311527217932));
#5129=CARTESIAN_POINT('',(0.0501428117018258,-0.003,0.0288674880806233));
#5130=CARTESIAN_POINT('',(0.0501428117018258,-0.003,0.0278674880806233));
#5131=CARTESIAN_POINT('',(0.0565064763429958,-0.003,0.0289289074157171));
#5132=CARTESIAN_POINT('',(0.0565064763429958,-0.003,0.0279289074157171));
#5133=CARTESIAN_POINT('',(0.0564450570079019,-0.003,0.0352925720568871));
#5134=CARTESIAN_POINT('',(0.0564450570079019,-0.003,0.0342925720568871));
#5135=CARTESIAN_POINT('',(0.0488001314683665,-0.003,-0.0489440637742152));
#5136=CARTESIAN_POINT('',(0.0488001314683665,-0.003,-0.0514440637742152));
#5137=CARTESIAN_POINT('',(0.0518625109663339,-0.003,-0.0522413098691296));
#5138=CARTESIAN_POINT('',(0.0518625109663339,-0.003,-0.0532413098691296));
#5139=CARTESIAN_POINT('',(0.0455028853734521,-0.003,-0.0520064432721826));
#5140=CARTESIAN_POINT('',(0.0455028853734521,-0.003,-0.0530064432721826));
#5141=CARTESIAN_POINT('',(0.045737751970399,-0.003,-0.0456468176793007));
#5142=CARTESIAN_POINT('',(0.045737751970399,-0.003,-0.0466468176793007));
#5143=CARTESIAN_POINT('',(0.052097377563281,-0.003,-0.0458816842762477));
#5144=CARTESIAN_POINT('',(0.052097377563281,-0.003,-0.0468816842762477));
#5145=CARTESIAN_POINT('',(-0.0518625109663339,-0.003,-0.0522413098691296));
#5146=CARTESIAN_POINT('',(-0.0518625109663339,-0.003,-0.0532413098691296));
#5147=CARTESIAN_POINT('',(-0.0488001314683665,-0.003,-0.0489440637742152));
#5148=CARTESIAN_POINT('',(-0.0488001314683665,-0.003,-0.0514440637742152));
#5149=CARTESIAN_POINT('',(-0.045737751970399,-0.003,-0.0456468176793007));
#5150=CARTESIAN_POINT('',(-0.045737751970399,-0.003,-0.0466468176793007));
#5151=CARTESIAN_POINT('',(-0.0455028853734521,-0.003,-0.0520064432721826));
#5152=CARTESIAN_POINT('',(-0.0455028853734521,-0.003,-0.0530064432721826));
#5153=CARTESIAN_POINT('',(-0.052097377563281,-0.003,-0.0458816842762477));
#5154=CARTESIAN_POINT('',(-0.052097377563281,-0.003,-0.0468816842762477));
#5155=CARTESIAN_POINT('',(-0.01803,-0.003,2.27233213581791E-18));
#5156=CARTESIAN_POINT('',(-0.01803,-0.003,-0.00105));
#5157=CARTESIAN_POINT('',(0.01803,-0.003,6.42939569552361E-20));
#5158=CARTESIAN_POINT('',(0.01803,-0.003,-0.00105));
#5159=CARTESIAN_POINT('',(-2.16840434497101E-19,-0.003,0.01803));
#5160=CARTESIAN_POINT('',(-2.16840434497101E-19,-0.003,0.01698));
#5161=CARTESIAN_POINT('',(-0.0124898292124271,-0.003,0.));
#5162=CARTESIAN_POINT('',(-0.0124898292124271,-0.003,0.0067942430825686));
#5163=CARTESIAN_POINT('',(-0.0124898292124271,-0.003,-0.0067942430825686));
#5164=CARTESIAN_POINT('',(-0.00748982921242714,-0.003,0.0067942430825686));
#5165=CARTESIAN_POINT('',(-0.0107559948741138,-0.003,0.0105800272642698));
#5166=CARTESIAN_POINT('',(-0.00866084033623338,-0.003,0.0123876109719276));
#5167=CARTESIAN_POINT('',(-0.00623923844350119,-0.003,0.0144768354413381));
#5168=CARTESIAN_POINT('',(-0.00297307278181457,-0.003,0.0106910512596369));
#5169=CARTESIAN_POINT('',(-0.00297307278181457,-0.003,0.0156910512596369));
#5170=CARTESIAN_POINT('',(0.,-0.003,0.0156910512596369));
#5171=CARTESIAN_POINT('',(0.00297307278181457,-0.003,0.0156910512596369));
#5172=CARTESIAN_POINT('',(0.00297307278181457,-0.003,0.0106910512596369));
#5173=CARTESIAN_POINT('',(0.00623923844350119,-0.003,0.0144768354413381));
#5174=CARTESIAN_POINT('',(0.00866084033623338,-0.003,0.0123876109719276));
#5175=CARTESIAN_POINT('',(0.0107559948741138,-0.003,0.0105800272642698));
#5176=CARTESIAN_POINT('',(0.00748982921242714,-0.003,0.0067942430825686));
#5177=CARTESIAN_POINT('',(0.0124898292124271,-0.003,0.0067942430825686));
#5178=CARTESIAN_POINT('',(0.0124898292124271,-0.003,0.));
#5179=CARTESIAN_POINT('',(0.0124898292124271,-0.003,-0.0067942430825686));
#5180=CARTESIAN_POINT('',(0.00748982921242714,-0.003,-0.0067942430825686));
#5181=CARTESIAN_POINT('',(0.0107559948741138,-0.003,-0.0105800272642698));
#5182=CARTESIAN_POINT('',(0.00866084033623338,-0.003,-0.0123876109719276));
#5183=CARTESIAN_POINT('',(0.00623923844350119,-0.003,-0.0144768354413381));
#5184=CARTESIAN_POINT('',(0.00297307278181457,-0.003,-0.0106910512596369));
#5185=CARTESIAN_POINT('',(0.00297307278181457,-0.003,-0.0156910512596369));
#5186=CARTESIAN_POINT('',(0.,-0.003,-0.0156910512596369));
#5187=CARTESIAN_POINT('',(-0.00297307278181457,-0.003,-0.0156910512596369));
#5188=CARTESIAN_POINT('',(-0.00297307278181457,-0.003,-0.0106910512596369));
#5189=CARTESIAN_POINT('',(-0.00623923844350119,-0.003,-0.0144768354413381));
#5190=CARTESIAN_POINT('',(-0.00866084033623338,-0.003,-0.0123876109719276));
#5191=CARTESIAN_POINT('',(-0.0107559948741138,-0.003,-0.0105800272642698));
#5192=CARTESIAN_POINT('',(-0.00748982921242714,-0.003,-0.0067942430825686));
#5193=CARTESIAN_POINT('',(-0.000107415486127138,-0.003,0.0520397573709488));
#5194=CARTESIAN_POINT('',(0.0051104844497874,-0.003,0.0520397573709488));
#5195=CARTESIAN_POINT('',(-0.00523728789614044,-0.003,0.0520397573709488));
#5196=CARTESIAN_POINT('',(0.0051104844497874,-0.003,0.0470397573709488));
#5197=CARTESIAN_POINT('',(0.00862528307027755,-0.003,0.0505959056605172));
#5198=CARTESIAN_POINT('',(0.00900922412984073,-0.003,0.0502164289355278));
#5199=CARTESIAN_POINT('',(0.00936880164012106,-0.003,0.0498610324688507));
#5200=CARTESIAN_POINT('',(0.00585400301963091,-0.003,0.0463048841792822));
#5201=CARTESIAN_POINT('',(0.0108540030196309,-0.003,0.0463048841792822));
#5202=CARTESIAN_POINT('',(0.0108540030196309,-0.003,0.04260135255754));
#5203=CARTESIAN_POINT('',(0.0108540030196309,-0.003,0.040209433838294));
#5204=CARTESIAN_POINT('',(0.00585400301963091,-0.003,0.040209433838294));
#5205=CARTESIAN_POINT('',(0.00786990255930699,-0.003,0.0356338301572554));
#5206=CARTESIAN_POINT('',(0.00621194326998882,-0.003,0.0403509448468685));
#5207=CARTESIAN_POINT('',(0.00621194326998882,-0.003,0.0353509448468685));
#5208=CARTESIAN_POINT('',(-0.000107415486127138,-0.003,0.0353509448468685));
#5209=CARTESIAN_POINT('',(-0.00648309677153051,-0.003,0.0353509448468685));
#5210=CARTESIAN_POINT('',(-0.00648309677153051,-0.003,0.0403509448468685));
#5211=CARTESIAN_POINT('',(-0.00790137360289566,-0.003,0.035556313387662));
#5212=CARTESIAN_POINT('',(-0.00585432525724173,-0.003,0.0401180666767555));
#5213=CARTESIAN_POINT('',(-0.0108543252572417,-0.003,0.0401180666767555));
#5214=CARTESIAN_POINT('',(-0.0108543252572417,-0.003,0.0425155498087406));
#5215=CARTESIAN_POINT('',(-0.0108543252572417,-0.003,0.0463922489463685));
#5216=CARTESIAN_POINT('',(-0.00585432525724173,-0.003,0.0463922489463685));
#5217=CARTESIAN_POINT('',(-0.00947400226678567,-0.003,0.0498415877738222));
#5218=CARTESIAN_POINT('',(-0.00911680073477328,-0.003,0.0502164289355278));
#5219=CARTESIAN_POINT('',(-0.00885696490568438,-0.003,0.0504890961984024));
#5220=CARTESIAN_POINT('',(-0.00523728789614044,-0.003,0.0470397573709488));
#5221=CARTESIAN_POINT('',(-3.23292333632708E-5,-0.003,-0.0207003057003022));
#5222=CARTESIAN_POINT('',(-5.37757782531004E-5,-0.003,-0.0207003057003022));
#5223=CARTESIAN_POINT('',(-3.23292333632708E-5,-0.003,-0.0207003057003022));
#5224=CARTESIAN_POINT('',(0.0015014111995697,-0.003,-0.0191987408325076));
#5225=CARTESIAN_POINT('',(0.00184456629277766,-0.003,-0.0188627846165132));
#5226=CARTESIAN_POINT('',(0.0047013259872205,-0.003,-0.0217807590207597));
#5227=CARTESIAN_POINT('',(0.0047013259872205,-0.003,-0.0176971759647131));
#5228=CARTESIAN_POINT('',(0.00483702879864723,-0.003,-0.0176971759647131));
#5229=CARTESIAN_POINT('',(0.00513890596479178,-0.003,-0.0176971759647131));
#5230=CARTESIAN_POINT('',(0.00513890596479178,-0.003,-0.0191971759647131));
#5231=CARTESIAN_POINT('',(0.00663890596479178,-0.003,-0.0191971759647131));
#5232=CARTESIAN_POINT('',(0.00663890596479178,-0.003,-0.0191987408325076));
#5233=CARTESIAN_POINT('',(0.00663890596479178,-0.003,-0.0267803826079805));
#5234=CARTESIAN_POINT('',(0.00263890596479178,-0.003,-0.0267803826079805));
#5235=CARTESIAN_POINT('',(0.00543305257761754,-0.003,-0.0296426797110141));
#5236=CARTESIAN_POINT('',(0.00483702879864723,-0.003,-0.0302245123311877));
#5237=CARTESIAN_POINT('',(0.00420060361385259,-0.003,-0.0308457844110589));
#5238=CARTESIAN_POINT('',(0.00140645700102682,-0.003,-0.0279834873080253));
#5239=CARTESIAN_POINT('',(0.00140645700102682,-0.003,-0.0319834873080254));
#5240=CARTESIAN_POINT('',(-3.23292333632708E-5,-0.003,-0.0319834873080254));
#5241=CARTESIAN_POINT('',(-0.00161366948180978,-0.003,-0.0319834873080254));
#5242=CARTESIAN_POINT('',(-0.00161366948180978,-0.003,-0.0279834873080253));
#5243=CARTESIAN_POINT('',(-0.00422542784671637,-0.003,-0.0310131272607822));
#5244=CARTESIAN_POINT('',(-0.00496604002546519,-0.003,-0.0303746685385704));
#5245=CARTESIAN_POINT('',(-0.00544402831660776,-0.003,-0.0299626097008254));
#5246=CARTESIAN_POINT('',(-0.00283226995170117,-0.003,-0.0269329697480685));
#5247=CARTESIAN_POINT('',(-0.00683226995170116,-0.003,-0.0269329697480685));
#5248=CARTESIAN_POINT('',(-0.00683226995170116,-0.003,-0.0191987408325076));
#5249=CARTESIAN_POINT('',(-0.00683226995170116,-0.003,-0.0191971759647131));
#5250=CARTESIAN_POINT('',(-0.00533226995170117,-0.003,-0.0191971759647131));
#5251=CARTESIAN_POINT('',(-0.00533226995170117,-0.003,-0.0176971759647131));
#5252=CARTESIAN_POINT('',(-0.00496604002546519,-0.003,-0.0176971759647131));
#5253=CARTESIAN_POINT('',(-0.00477434430819324,-0.003,-0.0176971759647131));
#5254=CARTESIAN_POINT('',(-0.00477434430819324,-0.003,-0.0217807590207597));
#5255=CARTESIAN_POINT('',(-0.00190736737523442,-0.003,-0.018872822666313));
#5256=CARTESIAN_POINT('',(-0.00157679482799722,-0.003,-0.0191987389698625));
#5257=CARTESIAN_POINT('',(-0.0200015887164403,-0.003,-0.0237602847628287));
#5258=CARTESIAN_POINT('',(-0.0266571104983267,-0.003,-0.0298954057454791));
#5259=CARTESIAN_POINT('',(-0.0130711539837521,-0.003,-0.0173717465022941));
#5260=CARTESIAN_POINT('',(-0.0120544890132345,-0.003,-0.0184746482829266));
#5261=CARTESIAN_POINT('',(-0.0105545536286741,-0.003,-0.0184885710033409));
#5262=CARTESIAN_POINT('',(-0.0105435540899648,-0.003,-0.017303558532147));
#5263=CARTESIAN_POINT('',(-0.0105647295713439,-0.003,-0.0195848550647482));
#5264=CARTESIAN_POINT('',(-0.0105647295713439,-0.003,-0.0260415812954299));
#5265=CARTESIAN_POINT('',(-0.0105647295713439,-0.003,-0.0309983075261116));
#5266=CARTESIAN_POINT('',(-0.0120647295713439,-0.003,-0.0309983075261116));
#5267=CARTESIAN_POINT('',(-0.0120647295713439,-0.003,-0.0324983075261116));
#5268=CARTESIAN_POINT('',(-0.0200227641978193,-0.003,-0.0324983075261116));
#5269=CARTESIAN_POINT('',(-0.0256404455278091,-0.003,-0.0324983075261116));
#5270=CARTESIAN_POINT('',(-0.0256404455278091,-0.003,-0.0309983075261116));
#5271=CARTESIAN_POINT('',(0.00873890596479177,-0.003,-0.0320692881941796));
#5272=CARTESIAN_POINT('',(0.00832318963259045,-0.003,-0.0330334873080253));
#5273=CARTESIAN_POINT('',(0.00873890596479178,-0.003,-0.0310192881941795));
#5274=CARTESIAN_POINT('',(0.00748104779869111,-0.003,-0.0330334873080253));
#5275=CARTESIAN_POINT('',(0.0070546222969931,-0.003,-0.0330334873080253));
#5276=CARTESIAN_POINT('',(0.00663890596479178,-0.003,-0.0320692881941796));
#5277=CARTESIAN_POINT('',(0.00663890596479178,-0.003,-0.0310192881941795));
#5278=CARTESIAN_POINT('',(0.00768890596479178,-0.003,-0.0310192881941795));
#5279=CARTESIAN_POINT('',(-0.000134212023395405,0.,-0.0054999080805495));
#5280=CARTESIAN_POINT('',(-0.00644417206845085,0.,0.0330159103472406));
#5281=CARTESIAN_POINT('',(-0.00644417206845085,0.,0.0319659103472406));
#5282=CARTESIAN_POINT('',(0.00705555059117926,0.,0.0329293764632987));
#5283=CARTESIAN_POINT('',(0.00705555059117926,0.,0.0318793764632987));
#5284=CARTESIAN_POINT('',(-0.0105647295713439,0.,-0.0054999080805495));
#5285=CARTESIAN_POINT('',(-0.0105647295713439,0.,-0.0195848550647482));
#5286=CARTESIAN_POINT('',(-0.0105647295713439,0.,-0.0309983075261116));
#5287=CARTESIAN_POINT('',(-0.0104331027397392,0.,-0.0054043115785288));
#5288=CARTESIAN_POINT('',(-0.0105545536286741,0.,-0.0184885710033409));
#5289=CARTESIAN_POINT('',(-0.0120544890132345,0.,-0.0184746482829266));
#5290=CARTESIAN_POINT('',(-0.0130711539837521,0.,-0.0173717465022941));
#5291=CARTESIAN_POINT('',(-0.000160900148510505,0.,-0.00547095618236794));
#5292=CARTESIAN_POINT('',(-0.0266571104983267,0.,-0.0298954057454791));
#5293=CARTESIAN_POINT('',(-0.0256404455278091,0.,-0.0309983075261116));
#5294=CARTESIAN_POINT('',(-0.0256404455278091,0.,-0.0324983075261116));
#5295=CARTESIAN_POINT('',(-0.000134212023395405,0.,-0.0324983075261116));
#5296=CARTESIAN_POINT('',(-0.0120647295713439,0.,-0.0324983075261116));
#5297=CARTESIAN_POINT('',(-0.0120647295713439,0.,-0.0309983075261116));
#5298=CARTESIAN_POINT('',(-0.000134212023395405,0.,0.0178420877678931));
#5299=CARTESIAN_POINT('',(-0.00764900738863875,0.,0.0178420877678931));
#5300=CARTESIAN_POINT('',(-0.00467094186186327,0.,0.0178420877678931));
#5301=CARTESIAN_POINT('',(-0.00467094186186327,0.,0.0205460077678931));
#5302=CARTESIAN_POINT('',(-0.00229358442393771,0.,0.0192578482363365));
#5303=CARTESIAN_POINT('',(8.37723016896318E-5,0.,0.0179696890907353));
#5304=CARTESIAN_POINT('',(8.37723016896318E-5,0.,0.0206736082805932));
#5305=CARTESIAN_POINT('',(-0.000134212023395405,0.,0.0206736082805932));
#5306=CARTESIAN_POINT('',(0.000124466678391888,0.,0.0206736082805932));
#5307=CARTESIAN_POINT('',(0.000124466678391888,0.,0.0179696890907353));
#5308=CARTESIAN_POINT('',(0.00252457383683489,0.,0.0192149459370415));
#5309=CARTESIAN_POINT('',(0.00492468171439254,0.,0.0204602031564487));
#5310=CARTESIAN_POINT('',(0.00492468171439254,0.,0.0177562831564487));
#5311=CARTESIAN_POINT('',(-0.000134212023395405,0.,0.0177562831564487));
#5312=CARTESIAN_POINT('',(0.00764273763407681,0.,0.0177562831564487));
#5313=CARTESIAN_POINT('',(0.00764273763407681,0.,0.0211361821437709));
#5314=CARTESIAN_POINT('',(0.0110226366213991,0.,0.0211361821437709));
#5315=CARTESIAN_POINT('',(0.0110226366213991,0.,-0.0054999080805495));
#5316=CARTESIAN_POINT('',(0.0110226366213991,0.,0.0262638527294721));
#5317=CARTESIAN_POINT('',(0.00764273763407681,0.,0.0262638527294721));
#5318=CARTESIAN_POINT('',(0.00764273763407681,0.,0.0296437517167944));
#5319=CARTESIAN_POINT('',(-0.000134212023395405,0.,0.0296437517167944));
#5320=CARTESIAN_POINT('',(-0.00764900738863875,0.,0.0296437517167944));
#5321=CARTESIAN_POINT('',(-0.00764900738863875,0.,0.0262638527294721));
#5322=CARTESIAN_POINT('',(-0.0110289063759611,0.,0.0262638527294721));
#5323=CARTESIAN_POINT('',(-0.0110289063759611,0.,-0.0054999080805495));
#5324=CARTESIAN_POINT('',(-0.0110289063759611,0.,0.0212219867552155));
#5325=CARTESIAN_POINT('',(-0.00764900738863875,0.,0.0212219867552155));
#5326=CARTESIAN_POINT('',(-0.0126198053534287,0.,0.00897203444290025));
#5327=CARTESIAN_POINT('',(-0.0107559948741138,0.,0.0105800272642698));
#5328=CARTESIAN_POINT('',(-0.00623923844350119,0.,0.0144768354413381));
#5329=CARTESIAN_POINT('',(-0.00748982921242714,0.,0.0067942430825686));
#5330=CARTESIAN_POINT('',(-0.0124898292124271,0.,0.0067942430825686));
#5331=CARTESIAN_POINT('',(-0.0124898292124271,0.,-0.0054999080805495));
#5332=CARTESIAN_POINT('',(-0.0124898292124271,0.,-0.0067942430825686));
#5333=CARTESIAN_POINT('',(-0.00748982921242714,0.,-0.0067942430825686));
#5334=CARTESIAN_POINT('',(-0.0107559948741138,0.,-0.0105800272642698));
#5335=CARTESIAN_POINT('',(-0.00717929702953185,0.,-0.0136658047733703));
#5336=CARTESIAN_POINT('',(-0.0062392384435012,0.,-0.0144768354413381));
#5337=CARTESIAN_POINT('',(-0.00297307278181457,0.,-0.0106910512596369));
#5338=CARTESIAN_POINT('',(-0.00297307278181457,0.,-0.0156910512596369));
#5339=CARTESIAN_POINT('',(-0.000134212023395405,0.,-0.0156910512596369));
#5340=CARTESIAN_POINT('',(0.00297307278181457,0.,-0.0156910512596369));
#5341=CARTESIAN_POINT('',(0.00297307278181457,0.,-0.0106910512596369));
#5342=CARTESIAN_POINT('',(0.0062392384435012,0.,-0.0144768354413381));
#5343=CARTESIAN_POINT('',(0.00702541315399109,0.,-0.0137985672886262));
#5344=CARTESIAN_POINT('',(0.0107559948741138,0.,-0.0105800272642698));
#5345=CARTESIAN_POINT('',(0.00748982921242714,0.,-0.0067942430825686));
#5346=CARTESIAN_POINT('',(0.0124898292124271,0.,-0.0067942430825686));
#5347=CARTESIAN_POINT('',(0.0124898292124271,0.,-0.0054999080805495));
#5348=CARTESIAN_POINT('',(0.0124898292124271,0.,0.0067942430825686));
#5349=CARTESIAN_POINT('',(0.00748982921242714,0.,0.0067942430825686));
#5350=CARTESIAN_POINT('',(0.0107559948741138,0.,0.0105800272642698));
#5351=CARTESIAN_POINT('',(0.0124659214778879,0.,0.0091047969581561));
#5352=CARTESIAN_POINT('',(0.00623923844350119,0.,0.0144768354413381));
#5353=CARTESIAN_POINT('',(0.00297307278181457,0.,0.0106910512596369));
#5354=CARTESIAN_POINT('',(0.00297307278181457,0.,0.0156910512596369));
#5355=CARTESIAN_POINT('',(-0.000134212023395405,0.,0.0156910512596369));
#5356=CARTESIAN_POINT('',(-0.00297307278181457,0.,0.0156910512596369));
#5357=CARTESIAN_POINT('',(-0.00297307278181457,0.,0.0106910512596369));
#5358=CARTESIAN_POINT('',(-2.16840434497101E-19,0.,-0.01803));
#5359=CARTESIAN_POINT('',(-2.16840434497101E-19,0.,-0.01698));
#5360=CARTESIAN_POINT('',(-0.050081392366732,0.,0.0352311527217932));
#5361=CARTESIAN_POINT('',(-0.050081392366732,0.,0.0342311527217932));
#5362=CARTESIAN_POINT('',(-0.0565064763429958,0.,0.0289289074157171));
#5363=CARTESIAN_POINT('',(-0.0565064763429958,0.,0.0279289074157171));
#5364=CARTESIAN_POINT('',(-0.0501428117018258,0.,0.0288674880806233));
#5365=CARTESIAN_POINT('',(-0.0501428117018258,0.,0.0278674880806233));
#5366=CARTESIAN_POINT('',(-0.0564450570079019,0.,0.0352925720568871));
#5367=CARTESIAN_POINT('',(-0.0564450570079019,0.,0.0342925720568871));
#5368=CARTESIAN_POINT('',(-0.0532939343548639,0.,0.0320800300687551));
#5369=CARTESIAN_POINT('',(-0.0532939343548639,0.,0.0295794207816757));
#5370=CARTESIAN_POINT('',(0.0564450570079019,0.,0.0352925720568871));
#5371=CARTESIAN_POINT('',(0.0564450570079019,0.,0.0342925720568871));
#5372=CARTESIAN_POINT('',(0.0565064763429958,0.,0.0289289074157171));
#5373=CARTESIAN_POINT('',(0.0565064763429958,0.,0.0279289074157171));
#5374=CARTESIAN_POINT('',(0.0501428117018258,0.,0.0288674880806233));
#5375=CARTESIAN_POINT('',(0.0501428117018258,0.,0.0278674880806233));
#5376=CARTESIAN_POINT('',(0.050081392366732,0.,0.0352311527217932));
#5377=CARTESIAN_POINT('',(0.050081392366732,0.,0.0342311527217932));
#5378=CARTESIAN_POINT('',(0.0532939343548639,0.,0.0320800300687551));
#5379=CARTESIAN_POINT('',(0.0532939343548639,0.,0.0295794207816757));
#5380=CARTESIAN_POINT('',(0.0488001314683665,0.,-0.0489440637742152));
#5381=CARTESIAN_POINT('',(0.0488001314683665,0.,-0.0514440637742152));
#5382=CARTESIAN_POINT('',(0.0518625109663339,0.,-0.0522413098691296));
#5383=CARTESIAN_POINT('',(0.0518625109663339,0.,-0.0532413098691296));
#5384=CARTESIAN_POINT('',(0.0455028853734521,0.,-0.0520064432721826));
#5385=CARTESIAN_POINT('',(0.0455028853734521,0.,-0.0530064432721826));
#5386=CARTESIAN_POINT('',(0.045737751970399,0.,-0.0456468176793007));
#5387=CARTESIAN_POINT('',(0.045737751970399,0.,-0.0466468176793007));
#5388=CARTESIAN_POINT('',(0.052097377563281,0.,-0.0458816842762477));
#5389=CARTESIAN_POINT('',(0.052097377563281,0.,-0.0468816842762477));
#5390=CARTESIAN_POINT('',(-0.0518625109663339,0.,-0.0522413098691296));
#5391=CARTESIAN_POINT('',(-0.0518625109663339,0.,-0.0532413098691296));
#5392=CARTESIAN_POINT('',(-0.0488001314683665,0.,-0.0489440637742152));
#5393=CARTESIAN_POINT('',(-0.0488001314683665,0.,-0.0514440637742152));
#5394=CARTESIAN_POINT('',(-0.045737751970399,0.,-0.0456468176793007));
#5395=CARTESIAN_POINT('',(-0.045737751970399,0.,-0.0466468176793007));
#5396=CARTESIAN_POINT('',(-0.0455028853734521,0.,-0.0520064432721826));
#5397=CARTESIAN_POINT('',(-0.0455028853734521,0.,-0.0530064432721826));
#5398=CARTESIAN_POINT('',(-0.052097377563281,0.,-0.0458816842762477));
#5399=CARTESIAN_POINT('',(-0.052097377563281,0.,-0.0468816842762477));
#5400=CARTESIAN_POINT('',(-0.01803,0.,2.27233213581791E-18));
#5401=CARTESIAN_POINT('',(-0.01803,0.,-0.00105));
#5402=CARTESIAN_POINT('',(0.01803,0.,6.42939569552361E-20));
#5403=CARTESIAN_POINT('',(0.01803,0.,-0.00105));
#5404=CARTESIAN_POINT('',(-2.16840434497101E-19,0.,0.01803));
#5405=CARTESIAN_POINT('',(-2.16840434497101E-19,0.,0.01698));
#5406=CARTESIAN_POINT('',(0.0322403018931386,0.,0.0272554741535079));
#5407=CARTESIAN_POINT('',(0.00862528307027754,0.,0.0505959056605172));
#5408=CARTESIAN_POINT('',(0.00936880164012106,0.,0.0498610324688507));
#5409=CARTESIAN_POINT('',(0.0051104844497874,0.,0.0470397573709488));
#5410=CARTESIAN_POINT('',(0.0051104844497874,0.,0.0520397573709488));
#5411=CARTESIAN_POINT('',(-0.000134212023395405,0.,0.0520397573709488));
#5412=CARTESIAN_POINT('',(-0.00523728789614044,0.,0.0520397573709488));
#5413=CARTESIAN_POINT('',(-0.00523728789614044,0.,0.0470397573709488));
#5414=CARTESIAN_POINT('',(-0.00885696490568439,0.,0.0504890961984024));
#5415=CARTESIAN_POINT('',(-0.0326676654779305,0.,0.025502555370194));
#5416=CARTESIAN_POINT('',(-0.00947400226678567,0.,0.0498415877738222));
#5417=CARTESIAN_POINT('',(-0.00585432525724173,0.,0.0463922489463685));
#5418=CARTESIAN_POINT('',(-0.0108543252572417,0.,0.0463922489463685));
#5419=CARTESIAN_POINT('',(-0.0108543252572417,0.,-0.0054999080805495));
#5420=CARTESIAN_POINT('',(-0.0108543252572417,0.,0.0401180666767555));
#5421=CARTESIAN_POINT('',(-0.00585432525724173,0.,0.0401180666767555));
#5422=CARTESIAN_POINT('',(-0.00790137360289566,0.,0.035556313387662));
#5423=CARTESIAN_POINT('',(-0.00648309677153051,0.,0.0403509448468685));
#5424=CARTESIAN_POINT('',(-0.00648309677153051,0.,0.0353509448468685));
#5425=CARTESIAN_POINT('',(-0.000134212023395405,0.,0.0353509448468685));
#5426=CARTESIAN_POINT('',(0.00621194326998882,0.,0.0353509448468685));
#5427=CARTESIAN_POINT('',(0.00621194326998882,0.,0.0403509448468685));
#5428=CARTESIAN_POINT('',(0.00786990255930699,0.,0.0356338301572554));
#5429=CARTESIAN_POINT('',(0.00585400301963091,0.,0.040209433838294));
#5430=CARTESIAN_POINT('',(0.0108540030196309,0.,0.040209433838294));
#5431=CARTESIAN_POINT('',(0.0108540030196309,0.,-0.0054999080805495));
#5432=CARTESIAN_POINT('',(0.0108540030196309,0.,0.0463048841792822));
#5433=CARTESIAN_POINT('',(0.00585400301963091,0.,0.0463048841792822));
#5434=CARTESIAN_POINT('',(-0.00674646534025669,0.,-0.0319834873080254));
#5435=CARTESIAN_POINT('',(-0.00674646534025669,0.,-0.0330334873080253));
#5436=CARTESIAN_POINT('',(-0.00674646534025669,0.,-0.0309334873080254));
#5437=CARTESIAN_POINT('',(-0.000134212023395405,0.,-0.0309334873080254));
#5438=CARTESIAN_POINT('',(-0.00884646534025669,0.,-0.0309334873080254));
#5439=CARTESIAN_POINT('',(-0.00884646534025669,0.,-0.0319834873080254));
#5440=CARTESIAN_POINT('',(-0.00884646534025669,0.,-0.0330334873080253));
#5441=CARTESIAN_POINT('',(-0.000134212023395405,0.,-0.0330334873080253));
#5442=CARTESIAN_POINT('',(0.00751414043480246,0.,-0.013312149604081));
#5443=CARTESIAN_POINT('',(-3.23292333632734E-5,0.,-0.0207003057003022));
#5444=CARTESIAN_POINT('',(0.00184456629277766,0.,-0.0188627846165132));
#5445=CARTESIAN_POINT('',(-0.000134212023395405,0.,-0.0207003057003022));
#5446=CARTESIAN_POINT('',(-5.37757782531004E-5,0.,-0.0207003057003022));
#5447=CARTESIAN_POINT('',(-0.00769399856060542,0.,-0.0131676984456162));
#5448=CARTESIAN_POINT('',(-0.00190736737523442,0.,-0.018872822666313));
#5449=CARTESIAN_POINT('',(-0.00477434430819324,0.,-0.0217807590207597));
#5450=CARTESIAN_POINT('',(-0.00477434430819324,0.,-0.0176971759647131));
#5451=CARTESIAN_POINT('',(-0.000134212023395405,0.,-0.0176971759647131));
#5452=CARTESIAN_POINT('',(-0.00533226995170117,0.,-0.0176971759647131));
#5453=CARTESIAN_POINT('',(-0.00533226995170117,0.,-0.0191971759647131));
#5454=CARTESIAN_POINT('',(-0.00683226995170116,0.,-0.0191971759647131));
#5455=CARTESIAN_POINT('',(-0.00683226995170116,0.,-0.0054999080805495));
#5456=CARTESIAN_POINT('',(-0.00683226995170116,0.,-0.0269329697480685));
#5457=CARTESIAN_POINT('',(-0.00283226995170117,0.,-0.0269329697480685));
#5458=CARTESIAN_POINT('',(-0.00544402831660776,0.,-0.0299626097008254));
#5459=CARTESIAN_POINT('',(-0.01449580365318,0.,-0.0221593557428639));
#5460=CARTESIAN_POINT('',(-0.00422542784671637,0.,-0.0310131272607822));
#5461=CARTESIAN_POINT('',(-0.00161366948180978,0.,-0.0279834873080253));
#5462=CARTESIAN_POINT('',(-0.00161366948180978,0.,-0.0319834873080254));
#5463=CARTESIAN_POINT('',(-0.000134212023395405,0.,-0.0319834873080254));
#5464=CARTESIAN_POINT('',(0.00140645700102682,0.,-0.0319834873080254));
#5465=CARTESIAN_POINT('',(0.00140645700102682,0.,-0.0279834873080253));
#5466=CARTESIAN_POINT('',(0.00420060361385259,0.,-0.0308457844110589));
#5467=CARTESIAN_POINT('',(0.0146502357047571,0.,-0.0206449551256813));
#5468=CARTESIAN_POINT('',(0.00543305257761754,0.,-0.0296426797110141));
#5469=CARTESIAN_POINT('',(0.00263890596479178,0.,-0.0267803826079805));
#5470=CARTESIAN_POINT('',(0.00663890596479178,0.,-0.0267803826079805));
#5471=CARTESIAN_POINT('',(0.00663890596479178,0.,-0.0054999080805495));
#5472=CARTESIAN_POINT('',(0.00663890596479178,0.,-0.0191971759647131));
#5473=CARTESIAN_POINT('',(0.00513890596479178,0.,-0.0191971759647131));
#5474=CARTESIAN_POINT('',(0.00513890596479178,0.,-0.0176971759647131));
#5475=CARTESIAN_POINT('',(-0.000134212023395405,0.,-0.0176971759647131));
#5476=CARTESIAN_POINT('',(0.0047013259872205,0.,-0.0176971759647131));
#5477=CARTESIAN_POINT('',(0.0047013259872205,0.,-0.0217807590207597));
#5478=CARTESIAN_POINT('',(-0.000134212023395405,0.,-0.0324125029146672));
#5479=CARTESIAN_POINT('',(0.0120429729446769,0.,-0.0324125029146672));
#5480=CARTESIAN_POINT('',(0.0237869680538111,0.,-0.0324125029146672));
#5481=CARTESIAN_POINT('',(0.0237869680538111,0.,-0.0309125029146671));
#5482=CARTESIAN_POINT('',(0.0248310583425566,0.,-0.0298355277668817));
#5483=CARTESIAN_POINT('',(-0.000200505382276135,0.,-0.00556828942720827));
#5484=CARTESIAN_POINT('',(0.0130878677789558,0.,-0.0184509092345447));
#5485=CARTESIAN_POINT('',(0.0120437774902102,0.,-0.0195278843823301));
#5486=CARTESIAN_POINT('',(0.0105442345289794,0.,-0.0194908586153164));
#5487=CARTESIAN_POINT('',(0.0108829734590856,0.,-0.00577193746107879));
#5488=CARTESIAN_POINT('',(0.0105429729446769,0.,-0.0195419527590275));
#5489=CARTESIAN_POINT('',(0.0105429729446769,0.,-0.0054999080805495));
#5490=CARTESIAN_POINT('',(0.0105429729446769,0.,-0.0309125029146671));
#5491=CARTESIAN_POINT('',(0.0120429729446769,0.,-0.0309125029146671));
#5492=CARTESIAN_POINT('',(0.0303657879766046,0.,0.0351437517167945));
#5493=CARTESIAN_POINT('',(0.014,0.,0.0351437517167945));
#5494=CARTESIAN_POINT('',(0.0431650615994825,0.,0.0351437517167945));
#5495=CARTESIAN_POINT('',(0.0431650615994825,0.,0.0431437517167945));
#5496=CARTESIAN_POINT('',(0.0485671270690192,0.,0.0372431001711735));
#5497=CARTESIAN_POINT('',(0.0532939343548639,0.,0.0320800300687551));
#5498=CARTESIAN_POINT('',(0.0482659590106923,0.,0.0272097668378402));
#5499=CARTESIAN_POINT('',(0.0425197014744962,0.,0.0216437517167945));
#5500=CARTESIAN_POINT('',(0.0425197014744962,0.,0.0296437517167944));
#5501=CARTESIAN_POINT('',(0.0303657879766046,0.,0.0296437517167944));
#5502=CARTESIAN_POINT('',(0.0414477283088241,0.,0.0296437517167944));
#5503=CARTESIAN_POINT('',(0.0414477283088241,0.,0.0156437517167945));
#5504=CARTESIAN_POINT('',(0.0323272525605784,0.,0.0262652827799539));
#5505=CARTESIAN_POINT('',(0.0261308763311143,0.,0.0209445904247952));
#5506=CARTESIAN_POINT('',(0.0177426872327694,0.,0.0137418364349766));
#5507=CARTESIAN_POINT('',(0.021,0.,0.00994843248384824));
#5508=CARTESIAN_POINT('',(0.016,0.,0.00994843248384824));
#5509=CARTESIAN_POINT('',(0.016,0.,0.00281795023978333));
#5510=CARTESIAN_POINT('',(0.016,0.,0.00682649139748963));
#5511=CARTESIAN_POINT('',(0.02051458,0.,0.00682649139748963));
#5512=CARTESIAN_POINT('',(0.0189705354473349,0.,0.00258416196711943));
#5513=CARTESIAN_POINT('',(0.01803,0.,1.68388934882761E-19));
#5514=CARTESIAN_POINT('',(0.0189705354473349,0.,-0.00258416196711943));
#5515=CARTESIAN_POINT('',(0.02051458,0.,-0.00682649139748963));
#5516=CARTESIAN_POINT('',(0.016,0.,-0.00682649139748963));
#5517=CARTESIAN_POINT('',(0.016,0.,0.00281795023978333));
#5518=CARTESIAN_POINT('',(0.016,0.,-0.0118818382352475));
#5519=CARTESIAN_POINT('',(0.017442115995405,0.,-0.0118818382352475));
#5520=CARTESIAN_POINT('',(0.0164261066806014,0.,-0.0129052753932769));
#5521=CARTESIAN_POINT('',(0.0272130533403007,0.,-0.0236139331731522));
#5522=CARTESIAN_POINT('',(0.038,0.,-0.0343225909530274));
#5523=CARTESIAN_POINT('',(0.0420209554761162,0.,-0.0384164880925207));
#5524=CARTESIAN_POINT('',(0.0431341746303381,0.,-0.0395499014660755));
#5525=CARTESIAN_POINT('',(0.0488416458620311,0.,-0.0339441212224879));
#5526=CARTESIAN_POINT('',(0.0488195048520767,0.,-0.0419440905834091));
#5527=CARTESIAN_POINT('',(0.0488001314683665,0.,-0.0489440637742152));
#5528=CARTESIAN_POINT('',(0.0418003931327467,0.,-0.0490045884208781));
#5529=CARTESIAN_POINT('',(0.0338006921777525,0.,-0.0490737594456357));
#5530=CARTESIAN_POINT('',(0.0392603518662466,0.,-0.0432263569380403));
#5531=CARTESIAN_POINT('',(0.0360544929867364,0.,-0.0402330794154604));
#5532=CARTESIAN_POINT('',(0.0340470079549409,0.,-0.0383587112512861));
#5533=CARTESIAN_POINT('',(0.0238101460390144,0.,-0.0493225909530274));
#5534=CARTESIAN_POINT('',(0.0238101460390144,0.,-0.0343225909530274));
#5535=CARTESIAN_POINT('',(0.019,0.,-0.0343225909530274));
#5536=CARTESIAN_POINT('',(-0.0238101460390144,0.,-0.0343225909530274));
#5537=CARTESIAN_POINT('',(-0.0238101460390144,0.,-0.0493225909530274));
#5538=CARTESIAN_POINT('',(-0.0340470079549409,0.,-0.0383587112512861));
#5539=CARTESIAN_POINT('',(-0.0360544929867364,0.,-0.0402330794154604));
#5540=CARTESIAN_POINT('',(-0.0392603518662466,0.,-0.0432263569380403));
#5541=CARTESIAN_POINT('',(-0.0338006921777525,0.,-0.0490737594456357));
#5542=CARTESIAN_POINT('',(-0.0418003931327467,0.,-0.0490045884208781));
#5543=CARTESIAN_POINT('',(-0.0488001314683665,0.,-0.0489440637742152));
#5544=CARTESIAN_POINT('',(-0.0488195048520766,0.,-0.0419440905834091));
#5545=CARTESIAN_POINT('',(-0.0488416458620311,0.,-0.0339441212224879));
#5546=CARTESIAN_POINT('',(-0.0431341746303381,0.,-0.0395499014660754));
#5547=CARTESIAN_POINT('',(-0.0420209554761162,0.,-0.0384164880925207));
#5548=CARTESIAN_POINT('',(-0.038,0.,-0.0343225909530274));
#5549=CARTESIAN_POINT('',(-0.0272130533403007,0.,-0.0236139331731522));
#5550=CARTESIAN_POINT('',(-0.0164261066806014,0.,-0.0129052753932769));
#5551=CARTESIAN_POINT('',(-0.017442115995405,0.,-0.0118818382352475));
#5552=CARTESIAN_POINT('',(-0.016,0.,-0.0118818382352475));
#5553=CARTESIAN_POINT('',(-0.016,0.,0.00281795023978333));
#5554=CARTESIAN_POINT('',(-0.016,0.,-0.00682649139748963));
#5555=CARTESIAN_POINT('',(-0.02051458,0.,-0.00682649139748963));
#5556=CARTESIAN_POINT('',(-0.0189705354473349,0.,-0.00258416196711943));
#5557=CARTESIAN_POINT('',(-0.01803,0.,2.37642711374544E-18));
#5558=CARTESIAN_POINT('',(-0.0189705354473349,0.,0.00258416196711943));
#5559=CARTESIAN_POINT('',(-0.02051458,0.,0.00682649139748963));
#5560=CARTESIAN_POINT('',(-0.016,0.,0.00682649139748963));
#5561=CARTESIAN_POINT('',(-0.016,0.,0.00281795023978333));
#5562=CARTESIAN_POINT('',(-0.016,0.,0.00960549816656851));
#5563=CARTESIAN_POINT('',(-0.021,0.,0.00960549816656851));
#5564=CARTESIAN_POINT('',(-0.0172065960488717,0.,0.0128628109337991));
#5565=CARTESIAN_POINT('',(-0.0238080109106461,0.,0.0205506920214307));
#5566=CARTESIAN_POINT('',(-0.0274260813751863,0.,0.0247642274650402));
#5567=CARTESIAN_POINT('',(-0.0380476124383458,0.,0.0156437517167945));
#5568=CARTESIAN_POINT('',(-0.0380476124383458,0.,0.0296437517167944));
#5569=CARTESIAN_POINT('',(-0.0305,0.,0.0296437517167944));
#5570=CARTESIAN_POINT('',(-0.0425197014744962,0.,0.0296437517167944));
#5571=CARTESIAN_POINT('',(-0.0425197014744962,0.,0.0216437517167945));
#5572=CARTESIAN_POINT('',(-0.0482659590106923,0.,0.0272097668378402));
#5573=CARTESIAN_POINT('',(-0.0532939343548639,0.,0.0320800300687551));
#5574=CARTESIAN_POINT('',(-0.0485671270690192,0.,0.0372431001711735));
#5575=CARTESIAN_POINT('',(-0.0431650615994824,0.,0.0431437517167944));
#5576=CARTESIAN_POINT('',(-0.0431650615994824,0.,0.0351437517167944));
#5577=CARTESIAN_POINT('',(-0.0305,0.,0.0351437517167944));
#5578=CARTESIAN_POINT('',(-0.014,0.,0.0351437517167944));
#5579=CARTESIAN_POINT('',(-0.014,0.,0.0356727639679836));
#5580=CARTESIAN_POINT('',(-0.014,0.,0.0518964183712545));
#5581=CARTESIAN_POINT('',(-0.0103786796564404,0.,0.0518964183712545));
#5582=CARTESIAN_POINT('',(-0.0103786796564404,0.,0.0555177387148142));
#5583=CARTESIAN_POINT('',(0.00518933982822017,0.,0.0555177387148142));
#5584=CARTESIAN_POINT('',(0.0103786796564404,0.,0.0555177387148142));
#5585=CARTESIAN_POINT('',(0.0103786796564404,0.,0.0518964183712545));
#5586=CARTESIAN_POINT('',(0.014,0.,0.0518964183712545));
#5587=CARTESIAN_POINT('',(0.014,0.,0.0356727639679836));
#5588=CARTESIAN_POINT('',(-0.0305,0.,0.0296437517167944));
#5589=CARTESIAN_POINT('',(-0.0225202495462513,0.,0.0296437517167944));
#5590=CARTESIAN_POINT('',(-0.0164142135623731,0.,0.0296437517167944));
#5591=CARTESIAN_POINT('',(-0.0225202495462513,0.,0.0278872555181445));
#5592=CARTESIAN_POINT('',(-0.0238528694702714,0.,0.0267429640194536));
#5593=CARTESIAN_POINT('',(-0.0211375415445863,0.,0.0235807452158043));
#5594=CARTESIAN_POINT('',(-0.0161308638233714,0.,0.017750064404078));
#5595=CARTESIAN_POINT('',(-0.0156779909514406,0.,0.0181389364057624));
#5596=CARTESIAN_POINT('',(-0.0155646498887548,0.,0.0175528740581114));
#5597=CARTESIAN_POINT('',(-0.0159313708498985,0.,0.0194491095647127));
#5598=CARTESIAN_POINT('',(-0.014,0.,0.0194491095647127));
#5599=CARTESIAN_POINT('',(-0.014,0.,0.0356727639679836));
#5600=CARTESIAN_POINT('',(-0.014,0.,0.0272295381544213));
#5601=CARTESIAN_POINT('',(-0.0164142135623731,0.,0.0272295381544213));
#5602=CARTESIAN_POINT('',(0.0159313708498985,0.,0.0194491095647127));
#5603=CARTESIAN_POINT('',(0.014,0.,0.0194491095647127));
#5604=CARTESIAN_POINT('',(0.0157237130638427,0.,0.0175289346758736));
#5605=CARTESIAN_POINT('',(0.0157878930716425,0.,0.0181223958779953));
#5606=CARTESIAN_POINT('',(0.0161767650733269,0.,0.0176695230060645));
#5607=CARTESIAN_POINT('',(0.0230608610410253,0.,0.0235807452158043));
#5608=CARTESIAN_POINT('',(0.0265241967160128,0.,0.0265546355941244));
#5609=CARTESIAN_POINT('',(0.0253799052173219,0.,0.0278872555181445));
#5610=CARTESIAN_POINT('',(0.0253799052173219,0.,0.0296437517167944));
#5611=CARTESIAN_POINT('',(0.0303657879766046,0.,0.0296437517167944));
#5612=CARTESIAN_POINT('',(0.0164142135623731,0.,0.0296437517167944));
#5613=CARTESIAN_POINT('',(0.0164142135623731,0.,0.0272295381544213));
#5614=CARTESIAN_POINT('',(0.014,0.,0.0272295381544213));
#5615=CARTESIAN_POINT('',(0.014,0.,0.0356727639679836));
#5616=CARTESIAN_POINT('',(-0.000134212023395405,0.,-0.0330334873080253));
#5617=CARTESIAN_POINT('',(0.00832318963259045,0.,-0.0330334873080253));
#5618=CARTESIAN_POINT('',(0.0070546222969931,0.,-0.0330334873080253));
#5619=CARTESIAN_POINT('',(0.00873890596479177,0.,-0.0320692881941796));
#5620=CARTESIAN_POINT('',(0.00873890596479178,0.,-0.0310192881941795));
#5621=CARTESIAN_POINT('',(-0.000134212023395405,0.,-0.0310192881941795));
#5622=CARTESIAN_POINT('',(0.00663890596479178,0.,-0.0310192881941795));
#5623=CARTESIAN_POINT('',(0.00663890596479178,0.,-0.0320692881941796));
#5624=CARTESIAN_POINT('',(0.00663890596479178,0.022,-0.0320692881941796));
#5625=CARTESIAN_POINT('',(0.0070546222969931,0.022,-0.0330334873080253));
#5626=CARTESIAN_POINT('',(0.00663890596479178,0.022,-0.0310192881941795));
#5627=CARTESIAN_POINT('',(-0.0305,-0.003,0.0296437517167944));
#5628=CARTESIAN_POINT('',(-0.0425197014744962,-0.003,0.0296437517167944));
#5629=CARTESIAN_POINT('',(-0.0380476124383458,-0.003,0.0296437517167944));
#5630=CARTESIAN_POINT('',(-0.016,-0.003,0.00281795023978333));
#5631=CARTESIAN_POINT('',(-0.016,-0.003,0.00960549816656851));
#5632=CARTESIAN_POINT('',(-0.016,-0.003,0.00682649139748963));
#5633=CARTESIAN_POINT('',(0.0303657879766046,-0.003,0.0296437517167944));
#5634=CARTESIAN_POINT('',(0.0164142135623731,-0.003,0.0296437517167944));
#5635=CARTESIAN_POINT('',(0.0253799052173219,-0.003,0.0296437517167944));
#5636=CARTESIAN_POINT('',(-3.23292333632708E-5,0.022,-0.0207003057003022));
#5637=CARTESIAN_POINT('',(-3.23292333632708E-5,0.022,-0.0207003057003022));
#5638=CARTESIAN_POINT('',(-5.37757782531004E-5,0.022,-0.0207003057003022));
#5639=CARTESIAN_POINT('',(-3.13487728097021E-6,0.022,0.0206736082805932));
#5640=CARTESIAN_POINT('',(8.37723016896318E-5,-0.003,0.0206736082805932));
#5641=CARTESIAN_POINT('',(0.000124466678391888,0.022,0.0206736082805932));
#5642=CARTESIAN_POINT('',(-0.0305,-0.003,0.0351437517167944));
#5643=CARTESIAN_POINT('',(-0.0431650615994824,-0.003,0.0351437517167944));
#5644=CARTESIAN_POINT('',(-0.014,-0.003,0.0351437517167944));
#5645=CARTESIAN_POINT('',(-0.0305,-0.003,0.0296437517167944));
#5646=CARTESIAN_POINT('',(-0.0164142135623731,-0.003,0.0296437517167944));
#5647=CARTESIAN_POINT('',(-0.0225202495462513,0.,0.0296437517167944));
#5648=CARTESIAN_POINT('',(-0.0532939343548639,-0.003,0.0320800300687551));
#5649=CARTESIAN_POINT('',(-0.0485671270690192,-0.003,0.0372431001711735));
#5650=CARTESIAN_POINT('',(-0.0482659590106923,-0.003,0.0272097668378402));
#5651=CARTESIAN_POINT('',(-0.0564450570079019,-0.003,0.0352925720568871));
#5652=CARTESIAN_POINT('',(-0.0501428117018258,-0.003,0.0288674880806233));
#5653=CARTESIAN_POINT('',(-0.0565064763429958,-0.003,0.0289289074157171));
#5654=CARTESIAN_POINT('',(-0.050081392366732,-0.003,0.0352311527217932));
#5655=CARTESIAN_POINT('',(-0.0532939343548639,-0.003,0.0320800300687551));
#5656=CARTESIAN_POINT('',(-0.014,-0.003,0.0356727639679836));
#5657=CARTESIAN_POINT('',(-0.014,0.,0.0272295381544213));
#5658=CARTESIAN_POINT('',(-0.014,-0.003,0.0194491095647127));
#5659=CARTESIAN_POINT('',(0.0564450570079019,-0.003,0.0352925720568871));
#5660=CARTESIAN_POINT('',(0.0565064763429958,-0.003,0.0289289074157171));
#5661=CARTESIAN_POINT('',(0.0501428117018258,-0.003,0.0288674880806233));
#5662=CARTESIAN_POINT('',(0.050081392366732,-0.003,0.0352311527217932));
#5663=CARTESIAN_POINT('',(0.0532939343548639,-0.003,0.0320800300687551));
#5664=CARTESIAN_POINT('',(0.0532939343548639,-0.003,0.0320800300687551));
#5665=CARTESIAN_POINT('',(0.0485671270690192,-0.003,0.0372431001711735));
#5666=CARTESIAN_POINT('',(0.0482659590106923,-0.003,0.0272097668378402));
#5667=CARTESIAN_POINT('',(0.0360544929867364,-0.003,-0.0402330794154604));
#5668=CARTESIAN_POINT('',(0.0392603518662466,-0.003,-0.0432263569380403));
#5669=CARTESIAN_POINT('',(0.0340470079549409,0.,-0.0383587112512861));
#5670=CARTESIAN_POINT('',(0.0420209554761162,-0.003,-0.0384164880925207));
#5671=CARTESIAN_POINT('',(0.0431341746303381,-0.003,-0.0395499014660755));
#5672=CARTESIAN_POINT('',(0.038,-0.003,-0.0343225909530274));
#5673=CARTESIAN_POINT('',(0.052097377563281,-0.003,-0.0458816842762477));
#5674=CARTESIAN_POINT('',(0.045737751970399,-0.003,-0.0456468176793007));
#5675=CARTESIAN_POINT('',(0.0455028853734521,-0.003,-0.0520064432721826));
#5676=CARTESIAN_POINT('',(0.0518625109663339,-0.003,-0.0522413098691296));
#5677=CARTESIAN_POINT('',(0.0488001314683665,-0.003,-0.0489440637742152));
#5678=CARTESIAN_POINT('',(0.0488001314683665,-0.003,-0.0489440637742152));
#5679=CARTESIAN_POINT('',(0.0488195048520767,-0.003,-0.0419440905834091));
#5680=CARTESIAN_POINT('',(0.0418003931327467,-0.003,-0.0490045884208781));
#5681=CARTESIAN_POINT('',(0.019,-0.003,-0.0343225909530274));
#5682=CARTESIAN_POINT('',(-0.0238101460390144,0.,-0.0343225909530274));
#5683=CARTESIAN_POINT('',(0.0238101460390144,-0.003,-0.0343225909530274));
#5684=CARTESIAN_POINT('',(-0.0420209554761162,-0.003,-0.0384164880925207));
#5685=CARTESIAN_POINT('',(-0.0431341746303381,-0.003,-0.0395499014660754));
#5686=CARTESIAN_POINT('',(-0.038,-0.003,-0.0343225909530274));
#5687=CARTESIAN_POINT('',(-0.0360544929867364,-0.003,-0.0402330794154604));
#5688=CARTESIAN_POINT('',(-0.0392603518662466,0.,-0.0432263569380403));
#5689=CARTESIAN_POINT('',(-0.0340470079549409,-0.003,-0.0383587112512861));
#5690=CARTESIAN_POINT('',(-0.0455028853734521,-0.003,-0.0520064432721826));
#5691=CARTESIAN_POINT('',(-0.045737751970399,-0.003,-0.0456468176793007));
#5692=CARTESIAN_POINT('',(-0.0488001314683665,-0.003,-0.0489440637742152));
#5693=CARTESIAN_POINT('',(-0.0488195048520766,-0.003,-0.0419440905834091));
#5694=CARTESIAN_POINT('',(-0.0418003931327467,-0.003,-0.0490045884208781));
#5695=CARTESIAN_POINT('',(-0.0488001314683665,-0.003,-0.0489440637742152));
#5696=CARTESIAN_POINT('',(-0.0518625109663339,-0.003,-0.0522413098691296));
#5697=CARTESIAN_POINT('',(-0.052097377563281,-0.003,-0.0458816842762477));
#5698=CARTESIAN_POINT('',(0.016,-0.003,0.00281795023978333));
#5699=CARTESIAN_POINT('',(0.016,-0.003,-0.00682649139748963));
#5700=CARTESIAN_POINT('',(0.016,-0.003,-0.0118818382352475));
#5701=CARTESIAN_POINT('',(0.016,-0.003,0.00281795023978333));
#5702=CARTESIAN_POINT('',(0.016,-0.003,0.00994843248384824));
#5703=CARTESIAN_POINT('',(0.016,-0.003,0.00682649139748963));
#5704=CARTESIAN_POINT('',(-0.016,-0.003,0.00281795023978333));
#5705=CARTESIAN_POINT('',(-0.016,0.,-0.00682649139748963));
#5706=CARTESIAN_POINT('',(-0.016,-0.003,-0.0118818382352475));
#5707=CARTESIAN_POINT('',(0.014,-0.003,0.0356727639679836));
#5708=CARTESIAN_POINT('',(0.014,-0.003,0.0351437517167945));
#5709=CARTESIAN_POINT('',(0.014,-0.003,0.0518964183712545));
#5710=CARTESIAN_POINT('',(0.0272130533403007,-0.003,-0.0236139331731522));
#5711=CARTESIAN_POINT('',(0.0164261066806014,-0.003,-0.0129052753932769));
#5712=CARTESIAN_POINT('',(0.017442115995405,-0.003,-0.0118818382352475));
#5713=CARTESIAN_POINT('',(0.0159313708498985,-0.003,0.0194491095647127));
#5714=CARTESIAN_POINT('',(0.0157237130638427,-0.003,0.0175289346758736));
#5715=CARTESIAN_POINT('',(0.014,-0.003,0.0194491095647127));
#5716=CARTESIAN_POINT('',(0.014,-0.003,0.0356727639679836));
#5717=CARTESIAN_POINT('',(0.014,-0.003,0.0272295381544213));
#5718=CARTESIAN_POINT('',(0.0103786796564404,-0.003,0.0518964183712545));
#5719=CARTESIAN_POINT('',(0.0103786796564404,-0.003,0.0555177387148142));
#5720=CARTESIAN_POINT('',(0.00518933982822017,-0.003,0.0555177387148142));
#5721=CARTESIAN_POINT('',(-0.0103786796564404,-0.003,0.0555177387148142));
#5722=CARTESIAN_POINT('',(-0.0103786796564404,-0.003,0.0518964183712545));
#5723=CARTESIAN_POINT('',(-0.014,-0.003,0.0518964183712545));
#5724=CARTESIAN_POINT('',(-0.014,-0.003,0.0356727639679836));
#5725=CARTESIAN_POINT('',(-0.0159313708498985,-0.003,0.0194491095647127));
#5726=CARTESIAN_POINT('',(-0.0155646498887548,-0.003,0.0175528740581114));
#5727=CARTESIAN_POINT('',(-0.017442115995405,-0.003,-0.0118818382352475));
#5728=CARTESIAN_POINT('',(-0.0164261066806014,-0.003,-0.0129052753932769));
#5729=CARTESIAN_POINT('',(-0.0272130533403007,-0.003,-0.0236139331731522));
#5730=CARTESIAN_POINT('',(0.0303657879766046,-0.003,0.0351437517167945));
#5731=CARTESIAN_POINT('',(0.0431650615994825,-0.003,0.0351437517167945));
#5732=CARTESIAN_POINT('',(0.0303657879766046,-0.003,0.0296437517167944));
#5733=CARTESIAN_POINT('',(0.0425197014744962,-0.003,0.0296437517167944));
#5734=CARTESIAN_POINT('',(0.0414477283088241,0.,0.0296437517167944));
#5735=CARTESIAN_POINT('',(-0.01803,-0.003,2.37642711374544E-18));
#5736=CARTESIAN_POINT('',(-0.0189705354473349,-0.003,0.00258416196711943));
#5737=CARTESIAN_POINT('',(-0.0189705354473349,-0.003,-0.00258416196711943));
#5738=CARTESIAN_POINT('',(-0.01803,-0.003,2.27233213581791E-18));
#5739=CARTESIAN_POINT('',(0.01803,-0.003,6.42939569552361E-20));
#5740=CARTESIAN_POINT('',(0.01803,-0.003,1.68388934882761E-19));
#5741=CARTESIAN_POINT('',(0.0189705354473349,-0.003,-0.00258416196711943));
#5742=CARTESIAN_POINT('',(0.0189705354473349,-0.003,0.00258416196711943));
#5743=CARTESIAN_POINT('',(-2.16840434497101E-19,0.022,0.01803));
#5744=CARTESIAN_POINT('',(-2.16840434497101E-19,-0.025,-0.01803));
#5745=CARTESIAN_POINT('',(0.02051458,-0.003,-0.00682649139748963));
#5746=CARTESIAN_POINT('',(0.02051458,-0.003,0.00682649139748963));
#5747=CARTESIAN_POINT('',(-0.02051458,-0.003,0.00682649139748963));
#5748=CARTESIAN_POINT('',(-0.02051458,-0.003,-0.00682649139748963));
#5749=CARTESIAN_POINT('',(-0.0124898292124271,0.022,0.));
#5750=CARTESIAN_POINT('',(-0.0124898292124271,0.022,-0.0067942430825686));
#5751=CARTESIAN_POINT('',(-0.0124898292124271,0.022,0.0067942430825686));
#5752=CARTESIAN_POINT('',(0.,0.022,-0.0156910512596369));
#5753=CARTESIAN_POINT('',(-0.00297307278181457,0.022,-0.0156910512596369));
#5754=CARTESIAN_POINT('',(0.00297307278181457,0.022,-0.0156910512596369));
#5755=CARTESIAN_POINT('',(0.0124898292124271,0.022,0.));
#5756=CARTESIAN_POINT('',(0.0124898292124271,-0.003,-0.0067942430825686));
#5757=CARTESIAN_POINT('',(0.0124898292124271,0.,0.0067942430825686));
#5758=CARTESIAN_POINT('',(0.,0.022,0.0156910512596369));
#5759=CARTESIAN_POINT('',(-0.00297307278181457,0.,0.0156910512596369));
#5760=CARTESIAN_POINT('',(0.00297307278181457,-0.003,0.0156910512596369));
#5761=CARTESIAN_POINT('',(0.00866084033623338,0.022,0.0123876109719276));
#5762=CARTESIAN_POINT('',(0.0107559948741138,-0.003,0.0105800272642698));
#5763=CARTESIAN_POINT('',(0.00623923844350119,0.,0.0144768354413381));
#5764=CARTESIAN_POINT('',(0.00866084033623338,0.022,-0.0123876109719276));
#5765=CARTESIAN_POINT('',(0.00623923844350119,0.022,-0.0144768354413381));
#5766=CARTESIAN_POINT('',(0.0107559948741138,0.,-0.0105800272642698));
#5767=CARTESIAN_POINT('',(-0.00866084033623338,0.022,-0.0123876109719276));
#5768=CARTESIAN_POINT('',(-0.0107559948741138,0.022,-0.0105800272642698));
#5769=CARTESIAN_POINT('',(-0.00623923844350119,0.022,-0.0144768354413381));
#5770=CARTESIAN_POINT('',(-0.00866084033623338,0.022,0.0123876109719276));
#5771=CARTESIAN_POINT('',(-0.0107559948741138,0.022,0.0105800272642698));
#5772=CARTESIAN_POINT('',(-0.00623923844350119,-0.003,0.0144768354413381));
#5773=CARTESIAN_POINT('',(-3.13487728097021E-6,0.022,0.0296437517167944));
#5774=CARTESIAN_POINT('',(-0.00764900738863875,0.022,0.0296437517167944));
#5775=CARTESIAN_POINT('',(0.00764273763407681,-0.003,0.0296437517167944));
#5776=CARTESIAN_POINT('',(-0.0110289063759611,0.022,0.0251586799986938));
#5777=CARTESIAN_POINT('',(-0.0110289063759611,0.,0.0212219867552155));
#5778=CARTESIAN_POINT('',(-0.0110289063759611,0.022,0.0262638527294721));
#5779=CARTESIAN_POINT('',(0.0110226366213991,0.022,0.0251586799986938));
#5780=CARTESIAN_POINT('',(0.0110226366213991,-0.003,0.0211361821437709));
#5781=CARTESIAN_POINT('',(0.0110226366213991,0.,0.0262638527294721));
#5782=CARTESIAN_POINT('',(0.00692551124482445,0.022,0.0177562831564487));
#5783=CARTESIAN_POINT('',(0.00492468171439254,-0.003,0.0177562831564487));
#5784=CARTESIAN_POINT('',(0.00764273763407681,0.,0.0177562831564487));
#5785=CARTESIAN_POINT('',(-0.00682452663206466,0.022,0.0178420877678931));
#5786=CARTESIAN_POINT('',(-0.00467094186186327,0.022,0.0178420877678931));
#5787=CARTESIAN_POINT('',(-0.00764900738863875,-0.003,0.0178420877678931));
#5788=CARTESIAN_POINT('',(0.00900922412984073,0.022,0.0502164289355278));
#5789=CARTESIAN_POINT('',(0.00936880164012106,-0.003,0.0498610324688507));
#5790=CARTESIAN_POINT('',(0.00862528307027755,0.022,0.0505959056605172));
#5791=CARTESIAN_POINT('',(-0.000107415486127138,0.022,0.0520397573709488));
#5792=CARTESIAN_POINT('',(-0.00523728789614044,0.022,0.0520397573709488));
#5793=CARTESIAN_POINT('',(0.0051104844497874,0.022,0.0520397573709488));
#5794=CARTESIAN_POINT('',(-0.00911680073477328,0.022,0.0502164289355278));
#5795=CARTESIAN_POINT('',(-0.00947400226678567,0.022,0.0498415877738222));
#5796=CARTESIAN_POINT('',(-0.00885696490568438,0.022,0.0504890961984024));
#5797=CARTESIAN_POINT('',(-0.0108543252572417,0.022,0.0425155498087406));
#5798=CARTESIAN_POINT('',(-0.0108543252572417,0.022,0.0401180666767555));
#5799=CARTESIAN_POINT('',(-0.0108543252572417,0.022,0.0463922489463685));
#5800=CARTESIAN_POINT('',(-0.000107415486127138,0.022,0.0353509448468685));
#5801=CARTESIAN_POINT('',(0.00621194326998882,0.022,0.0353509448468685));
#5802=CARTESIAN_POINT('',(-0.00648309677153051,-0.003,0.0353509448468685));
#5803=CARTESIAN_POINT('',(0.0108540030196309,0.022,0.04260135255754));
#5804=CARTESIAN_POINT('',(0.0108540030196309,0.022,0.040209433838294));
#5805=CARTESIAN_POINT('',(0.0108540030196309,0.,0.0463048841792822));
#5806=CARTESIAN_POINT('',(-0.00496604002546519,0.022,-0.0176971759647131));
#5807=CARTESIAN_POINT('',(-0.00533226995170117,0.,-0.0176971759647131));
#5808=CARTESIAN_POINT('',(-0.00477434430819324,0.022,-0.0176971759647131));
#5809=CARTESIAN_POINT('',(-0.00683226995170116,0.022,-0.0191987408325076));
#5810=CARTESIAN_POINT('',(-0.00683226995170116,0.022,-0.0269329697480685));
#5811=CARTESIAN_POINT('',(-0.00683226995170116,-0.003,-0.0191971759647131));
#5812=CARTESIAN_POINT('',(-0.00496604002546519,0.022,-0.0303746685385704));
#5813=CARTESIAN_POINT('',(-0.00544402831660776,0.022,-0.0299626097008254));
#5814=CARTESIAN_POINT('',(-0.00422542784671637,6.93889390390723E-18,-0.0310131272607822));
#5815=CARTESIAN_POINT('',(-3.23292333632708E-5,0.022,-0.0319834873080254));
#5816=CARTESIAN_POINT('',(-0.00161366948180978,-0.003,-0.0319834873080254));
#5817=CARTESIAN_POINT('',(0.00140645700102682,6.93889390390723E-18,-0.0319834873080254));
#5818=CARTESIAN_POINT('',(0.00483702879864723,0.022,-0.0302245123311877));
#5819=CARTESIAN_POINT('',(0.00543305257761754,0.,-0.0296426797110141));
#5820=CARTESIAN_POINT('',(0.00420060361385259,-0.003,-0.0308457844110589));
#5821=CARTESIAN_POINT('',(0.00663890596479178,0.022,-0.0191987408325076));
#5822=CARTESIAN_POINT('',(0.00663890596479178,-0.003,-0.0267803826079805));
#5823=CARTESIAN_POINT('',(0.00663890596479178,0.,-0.0191971759647131));
#5824=CARTESIAN_POINT('',(0.00483702879864723,0.022,-0.0176971759647131));
#5825=CARTESIAN_POINT('',(0.00513890596479178,-0.003,-0.0176971759647131));
#5826=CARTESIAN_POINT('',(0.0047013259872205,0.022,-0.0176971759647131));
#5827=CARTESIAN_POINT('',(-0.00674646534025669,0.022,-0.0319834873080254));
#5828=CARTESIAN_POINT('',(-0.00674646534025669,0.022,-0.0309334873080254));
#5829=CARTESIAN_POINT('',(-0.00674646534025669,0.022,-0.0330334873080253));
#5830=CARTESIAN_POINT('',(-0.00157679482799722,0.022,-0.0191987389698625));
#5831=CARTESIAN_POINT('',(-0.00190736737523442,0.022,-0.018872822666313));
#5832=CARTESIAN_POINT('',(0.0015014111995697,0.022,-0.0191987408325076));
#5833=CARTESIAN_POINT('',(0.00184456629277766,0.022,-0.0188627846165132));
#5834=CARTESIAN_POINT('',(-0.0105647295713439,0.022,-0.0260415812954299));
#5835=CARTESIAN_POINT('',(-0.0105647295713439,-0.003,-0.0309983075261116));
#5836=CARTESIAN_POINT('',(-0.0105647295713439,0.022,-0.0195848550647482));
#5837=CARTESIAN_POINT('',(-0.0105435540899648,0.022,-0.017303558532147));
#5838=CARTESIAN_POINT('',(-0.0105545536286741,0.,-0.0184885710033409));
#5839=CARTESIAN_POINT('',(-0.0200015887164403,0.022,-0.0237602847628287));
#5840=CARTESIAN_POINT('',(-0.0266571104983267,0.,-0.0298954057454791));
#5841=CARTESIAN_POINT('',(-0.0130711539837521,-0.003,-0.0173717465022941));
#5842=CARTESIAN_POINT('',(-0.0200227641978193,0.022,-0.0324983075261116));
#5843=CARTESIAN_POINT('',(-0.0256404455278091,-0.003,-0.0324983075261116));
#5844=CARTESIAN_POINT('',(-0.0120647295713439,0.,-0.0324983075261116));
#5845=CARTESIAN_POINT('',(0.0105858747847378,0.022,-0.017804428935051));
#5846=CARTESIAN_POINT('',(0.0105442345289794,-0.003,-0.0194908586153164));
#5847=CARTESIAN_POINT('',(0.0105429729446769,0.022,-0.0195419527590275));
#5848=CARTESIAN_POINT('',(0.0105429729446769,0.022,-0.0259772278368473));
#5849=CARTESIAN_POINT('',(0.0105429729446769,0.,-0.0309125029146671));
#5850=CARTESIAN_POINT('',(0.0190160856582225,0.022,-0.0324125029146672));
#5851=CARTESIAN_POINT('',(0.0237869680538111,6.93889390390723E-18,-0.0324125029146672));
#5852=CARTESIAN_POINT('',(0.0120429729446769,-0.003,-0.0324125029146672));
#5853=CARTESIAN_POINT('',(0.0190589874982834,0.022,-0.0242397040128708));
#5854=CARTESIAN_POINT('',(0.0248310583425566,-0.003,-0.0298355277668817));
#5855=CARTESIAN_POINT('',(0.0130878677789558,6.93889390390723E-18,-0.0184509092345447));
#5856=CARTESIAN_POINT('',(-0.0238080109106461,-0.003,0.0205506920214307));
#5857=CARTESIAN_POINT('',(-0.0172065960488717,-0.003,0.0128628109337991));
#5858=CARTESIAN_POINT('',(-0.0274260813751863,-0.003,0.0247642274650402));
#5859=CARTESIAN_POINT('',(-0.0211375415445863,-0.003,0.0235807452158043));
#5860=CARTESIAN_POINT('',(-0.0238528694702714,-0.003,0.0267429640194536));
#5861=CARTESIAN_POINT('',(-0.0161308638233714,0.,0.017750064404078));
#5862=CARTESIAN_POINT('',(0.0230608610410253,-0.003,0.0235807452158043));
#5863=CARTESIAN_POINT('',(0.0265241967160128,-0.003,0.0265546355941244));
#5864=CARTESIAN_POINT('',(0.0161767650733269,-0.003,0.0176695230060645));
#5865=CARTESIAN_POINT('',(0.0261308763311143,-0.003,0.0209445904247952));
#5866=CARTESIAN_POINT('',(0.0177426872327694,-0.003,0.0137418364349766));
#5867=CARTESIAN_POINT('',(0.0323272525605784,-0.003,0.0262652827799539));
#5868=CARTESIAN_POINT('',(-0.00477434430819324,0.022,-0.0217807590207597));
#5869=CARTESIAN_POINT('',(0.0047013259872205,0.022,-0.0217807590207597));
#5870=CARTESIAN_POINT('',(0.00513890596479178,0.022,-0.0191971759647131));
#5871=CARTESIAN_POINT('',(-0.00533226995170117,0.022,-0.0191971759647131));
#5872=CARTESIAN_POINT('',(-0.0256404455278091,0.022,-0.0309983075261116));
#5873=CARTESIAN_POINT('',(0.0237869680538111,0.022,-0.0309125029146671));
#5874=CARTESIAN_POINT('',(0.0120429729446769,0.022,-0.0309125029146671));
#5875=CARTESIAN_POINT('',(0.0120437774902102,0.022,-0.0195278843823301));
#5876=CARTESIAN_POINT('',(-0.0120647295713439,0.022,-0.0309983075261116));
#5877=CARTESIAN_POINT('',(-0.0120544890132345,0.022,-0.0184746482829266));
#5878=CARTESIAN_POINT('',(0.00764273763407681,0.022,0.0211361821437709));
#5879=CARTESIAN_POINT('',(-0.00764900738863875,0.022,0.0212219867552155));
#5880=CARTESIAN_POINT('',(-0.00764900738863875,0.022,0.0262638527294721));
#5881=CARTESIAN_POINT('',(0.00764273763407681,0.022,0.0262638527294721));
#5882=CARTESIAN_POINT('',(8.37723016896318E-5,0.022,0.0179696890907353));
#5883=CARTESIAN_POINT('',(-0.00229358442393771,0.022,0.0192578482363365));
#5884=CARTESIAN_POINT('',(0.000124466678391888,0.022,0.0179696890907353));
#5885=CARTESIAN_POINT('',(0.00252457383683489,0.022,0.0192149459370415));
#5886=CARTESIAN_POINT('',(-0.00467094186186327,0.022,0.0205460077678931));
#5887=CARTESIAN_POINT('',(0.00492468171439254,0.022,0.0204602031564487));
#5888=CARTESIAN_POINT('',(0.0157878930716425,-0.003,0.0181223958779953));
#5889=CARTESIAN_POINT('',(-0.0156779909514406,-0.003,0.0181389364057624));
#5890=CARTESIAN_POINT('',(0.0253799052173219,-0.003,0.0278872555181445));
#5891=CARTESIAN_POINT('',(-0.0225202495462513,-0.003,0.0278872555181445));
#5892=CARTESIAN_POINT('',(0.0164142135623731,-0.003,0.0272295381544213));
#5893=CARTESIAN_POINT('',(-0.0164142135623731,-0.003,0.0272295381544213));
#5894=CARTESIAN_POINT('',(0.0414477283088241,-0.003,0.0156437517167945));
#5895=CARTESIAN_POINT('',(-0.0380476124383458,-0.003,0.0156437517167945));
#5896=CARTESIAN_POINT('',(-0.021,-0.003,0.00960549816656851));
#5897=CARTESIAN_POINT('',(0.021,-0.003,0.00994843248384824));
#5898=CARTESIAN_POINT('',(0.00585400301963091,0.022,0.0463048841792822));
#5899=CARTESIAN_POINT('',(-0.00585432525724173,0.022,0.0463922489463685));
#5900=CARTESIAN_POINT('',(-0.00523728789614044,0.022,0.0470397573709488));
#5901=CARTESIAN_POINT('',(0.0051104844497874,0.022,0.0470397573709488));
#5902=CARTESIAN_POINT('',(-0.00648309677153051,0.022,0.0403509448468685));
#5903=CARTESIAN_POINT('',(-0.00790137360289566,-0.0015,0.035556313387662));
#5904=CARTESIAN_POINT('',(-0.00585432525724173,0.022,0.0401180666767555));
#5905=CARTESIAN_POINT('',(0.00621194326998882,0.022,0.0403509448468685));
#5906=CARTESIAN_POINT('',(0.00786990255930699,-0.0015,0.0356338301572554));
#5907=CARTESIAN_POINT('',(0.00585400301963091,0.022,0.040209433838294));
#5908=CARTESIAN_POINT('',(-0.00748982921242714,0.022,-0.0067942430825686));
#5909=CARTESIAN_POINT('',(-0.00297307278181457,0.022,-0.0106910512596369));
#5910=CARTESIAN_POINT('',(0.00297307278181457,0.022,-0.0106910512596369));
#5911=CARTESIAN_POINT('',(0.00748982921242714,0.022,-0.0067942430825686));
#5912=CARTESIAN_POINT('',(0.00748982921242714,0.022,0.0067942430825686));
#5913=CARTESIAN_POINT('',(-0.00748982921242714,0.022,0.0067942430825686));
#5914=CARTESIAN_POINT('',(-0.00297307278181457,0.022,0.0106910512596369));
#5915=CARTESIAN_POINT('',(0.00297307278181457,0.022,0.0106910512596369));
#5916=CARTESIAN_POINT('',(-0.0425197014744962,-0.003,0.0216437517167945));
#5917=CARTESIAN_POINT('',(0.0425197014744962,-0.003,0.0216437517167945));
#5918=CARTESIAN_POINT('',(0.0431650615994825,-0.003,0.0431437517167945));
#5919=CARTESIAN_POINT('',(-0.0431650615994824,-0.003,0.0431437517167944));
#5920=CARTESIAN_POINT('',(-0.00283226995170117,0.022,-0.0269329697480685));
#5921=CARTESIAN_POINT('',(0.00263890596479178,0.022,-0.0267803826079805));
#5922=CARTESIAN_POINT('',(-0.00161366948180978,0.022,-0.0279834873080253));
#5923=CARTESIAN_POINT('',(0.00140645700102682,0.022,-0.0279834873080253));
#5924=CARTESIAN_POINT('',(-0.0238101460390144,-0.003,-0.0493225909530274));
#5925=CARTESIAN_POINT('',(0.0238101460390144,-0.003,-0.0493225909530274));
#5926=CARTESIAN_POINT('',(-0.0338006921777525,-0.003,-0.0490737594456357));
#5927=CARTESIAN_POINT('',(0.0338006921777525,-0.003,-0.0490737594456357));
#5928=CARTESIAN_POINT('',(-0.0488416458620311,-0.003,-0.0339441212224879));
#5929=CARTESIAN_POINT('',(0.0488416458620311,-0.003,-0.0339441212224879));
#5930=CARTESIAN_POINT('',(0.00873890596479177,0.022,-0.0320692881941796));
#5931=CARTESIAN_POINT('',(0.00832318963259045,0.022,-0.0330334873080253));
#5932=CARTESIAN_POINT('',(0.00873890596479178,0.022,-0.0310192881941795));
#5933=CARTESIAN_POINT('',(0.00748104779869111,0.022,-0.0330334873080253));
#5934=CARTESIAN_POINT('',(0.00768890596479178,0.022,-0.0310192881941795));
#5935=CARTESIAN_POINT('',(-0.00884646534025669,0.022,-0.0319834873080254));
#5936=CARTESIAN_POINT('',(-0.00884646534025669,0.022,-0.0309334873080254));
#5937=CARTESIAN_POINT('',(-0.00884646534025669,0.022,-0.0330334873080253));
#5938=CARTESIAN_POINT('',(-0.00779646534025669,0.022,-0.0309334873080254));
#5939=CARTESIAN_POINT('',(-0.00779646534025669,0.022,-0.0330334873080253));
#5940=CARTESIAN_POINT('',(0.00705555059117926,0.022,0.0329293764632987));
#5941=CARTESIAN_POINT('',(-0.00644417206845085,0.022,0.0330159103472406));
#5942=MECHANICAL_DESIGN_GEOMETRIC_PRESENTATION_REPRESENTATION('',(#3491),
#5943);
#5943=(
GEOMETRIC_REPRESENTATION_CONTEXT(3)
GLOBAL_UNCERTAINTY_ASSIGNED_CONTEXT((#5944))
GLOBAL_UNIT_ASSIGNED_CONTEXT((#5947,#5946,#5945))
REPRESENTATION_CONTEXT('Part 1','TOP_LEVEL_ASSEMBLY_PART')
);
#5944=UNCERTAINTY_MEASURE_WITH_UNIT(LENGTH_MEASURE(1.E-8),#5947,
'DISTANCE_ACCURACY_VALUE','Maximum Tolerance applied to model');
#5945=(
NAMED_UNIT(*)
SI_UNIT($,.STERADIAN.)
SOLID_ANGLE_UNIT()
);
#5946=(
NAMED_UNIT(*)
PLANE_ANGLE_UNIT()
SI_UNIT($,.RADIAN.)
);
#5947=(
LENGTH_UNIT()
NAMED_UNIT(*)
SI_UNIT($,.METRE.)
);
#5948=PRODUCT_DEFINITION_SHAPE('','',#5949);
#5949=PRODUCT_DEFINITION('','',#5951,#5950);
#5950=PRODUCT_DEFINITION_CONTEXT('',#5957,'design');
#5951=PRODUCT_DEFINITION_FORMATION_WITH_SPECIFIED_SOURCE('','',#5953,
 .NOT_KNOWN.);
#5952=PRODUCT_RELATED_PRODUCT_CATEGORY('','',(#5953));
#5953=PRODUCT('Part 1','Part 1','Part 1',(#5955));
#5954=PRODUCT_CATEGORY('','');
#5955=PRODUCT_CONTEXT('',#5957,'mechanical');
#5956=APPLICATION_PROTOCOL_DEFINITION('international standard',
'ap242_managed_model_based_3d_engineering',2020,#5957);
#5957=APPLICATION_CONTEXT('managed model based 3d engineering');
ENDSEC;
END-ISO-10303-21;
